{
"type": "FeatureCollection",
"name": "SOUTH_13_NACH",
"crs": { "type": "name", "properties": { "name": "urn:ogc:def:crs:OGC:1.3:CRS84" } },
"features": [
{ "type": "Feature", "properties": { "id": 92, "nach": 0.55348544461765747 }, "geometry": { "type": "LineString", "coordinates": [ [ 0.6783616, 51.5536947 ], [ 0.6781824, 51.55370880000001 ] ] } },
{ "type": "Feature", "properties": { "id": 27161, "nach": 0.55088716680310634 }, "geometry": { "type": "LineString", "coordinates": [ [ 0.678389, 51.5538069 ], [ 0.6783616, 51.5536947 ] ] } },
{ "type": "Feature", "properties": { "id": 13929, "nach": 0.55439609665311551 }, "geometry": { "type": "LineString", "coordinates": [ [ 0.6785122, 51.553679899999985 ], [ 0.6783616, 51.5536947 ] ] } },
{ "type": "Feature", "properties": { "id": 24969, "nach": 0.58235175474325085 }, "geometry": { "type": "LineString", "coordinates": [ [ 0.6783384, 51.55346930000001 ], [ 0.6783271, 51.5535492 ], [ 0.6783331, 51.553583 ], [ 0.6783402, 51.5536233 ], [ 0.6783616, 51.5536947 ] ] } },
{ "type": "Feature", "properties": { "id": 13924, "nach": 0.54690038772728 }, "geometry": { "type": "LineString", "coordinates": [ [ 0.6781824, 51.55370880000001 ], [ 0.6782578, 51.5538388 ] ] } },
{ "type": "Feature", "properties": { "id": 13925, "nach": 0.59541285740069627 }, "geometry": { "type": "LineString", "coordinates": [ [ 0.6781824, 51.55370880000001 ], [ 0.6775489, 51.5537602 ], [ 0.6773959, 51.5537816 ] ] } },
{ "type": "Feature", "properties": { "id": 27162, "nach": 0.60230618440227024 }, "geometry": { "type": "LineString", "coordinates": [ [ 0.678389, 51.5538069 ], [ 0.6783949, 51.553831 ] ] } },
{ "type": "Feature", "properties": { "id": 27160, "nach": 0.54709977561491163 }, "geometry": { "type": "LineString", "coordinates": [ [ 0.678516, 51.5537178 ], [ 0.6784515, 51.5537334 ], [ 0.6784126, 51.5537549 ], [ 0.6783949, 51.55377630000001 ], [ 0.678389, 51.5538069 ] ] } },
{ "type": "Feature", "properties": { "id": 94, "nach": 0.59826481629310346 }, "geometry": { "type": "LineString", "coordinates": [ [ 0.6804996, 51.5534676 ], [ 0.6803294, 51.553485 ], [ 0.6794749, 51.5535705 ], [ 0.6792539, 51.5535956 ] ] } },
{ "type": "Feature", "properties": { "id": 95, "nach": 0.57309171448216933 }, "geometry": { "type": "LineString", "coordinates": [ [ 0.6804996, 51.5534676 ], [ 0.6804817, 51.5533753 ], [ 0.680113, 51.5514773 ], [ 0.6801083, 51.551453 ], [ 0.680102, 51.5514159 ] ] } },
{ "type": "Feature", "properties": { "id": 24961, "nach": 0.60874090478727694 }, "geometry": { "type": "LineString", "coordinates": [ [ 0.6806576, 51.5534529 ], [ 0.6804996, 51.5534676 ] ] } },
{ "type": "Feature", "properties": { "id": 27165, "nach": 0.5019856991981837 }, "geometry": { "type": "LineString", "coordinates": [ [ 0.680507, 51.5535177 ], [ 0.6804996, 51.5534676 ] ] } },
{ "type": "Feature", "properties": { "id": 27156, "nach": 0.54085742527052316 }, "geometry": { "type": "LineString", "coordinates": [ [ 0.6792539, 51.5535956 ], [ 0.6790391, 51.553625 ], [ 0.6788709, 51.5536531 ], [ 0.6786524, 51.5536916 ], [ 0.6785774, 51.553706 ], [ 0.678516, 51.5537178 ] ] } },
{ "type": "Feature", "properties": { "id": 27157, "nach": 0.54807697341123673 }, "geometry": { "type": "LineString", "coordinates": [ [ 0.6792539, 51.5535956 ], [ 0.678568, 51.5536736 ], [ 0.6785122, 51.553679899999985 ] ] } },
{ "type": "Feature", "properties": { "id": 13057, "nach": 0.41940863652955235 }, "geometry": { "type": "LineString", "coordinates": [ [ 0.680102, 51.5514159 ], [ 0.6801843, 51.551412100000015 ], [ 0.6802014, 51.551468 ], [ 0.6802351, 51.5514695 ], [ 0.6807907, 51.5514721 ], [ 0.6817801, 51.551514 ], [ 0.6822386, 51.5514806 ], [ 0.6833276, 51.5513089 ], [ 0.6838587, 51.5512846 ], [ 0.6840451, 51.5512771 ] ] } },
{ "type": "Feature", "properties": { "id": 13058, "nach": 0.50257217022081113 }, "geometry": { "type": "LineString", "coordinates": [ [ 0.680102, 51.5514159 ], [ 0.68003, 51.5514193 ], [ 0.6800287, 51.551448500000014 ], [ 0.6795129, 51.5514007 ], [ 0.6789075, 51.5513419 ], [ 0.6779695, 51.5513675 ] ] } },
{ "type": "Feature", "properties": { "id": 13059, "nach": 0.57865222595040755 }, "geometry": { "type": "LineString", "coordinates": [ [ 0.680102, 51.5514159 ], [ 0.680093, 51.5513626 ], [ 0.6800628, 51.5511799 ], [ 0.6800567, 51.5511427 ], [ 0.680044, 51.5510659 ] ] } },
{ "type": "Feature", "properties": { "id": 96, "nach": 0.39142888587927516 }, "geometry": { "type": "LineString", "coordinates": [ [ 0.680044, 51.5510659 ], [ 0.6800351, 51.5509846 ], [ 0.679671, 51.547643399999984 ] ] } },
{ "type": "Feature", "properties": { "id": 2264, "nach": 0.57205610226933856 }, "geometry": { "type": "LineString", "coordinates": [ [ 0.681068, 51.5510249 ], [ 0.6802355, 51.5510696 ], [ 0.6801758, 51.551068399999984 ], [ 0.680044, 51.5510659 ] ] } },
{ "type": "Feature", "properties": { "id": 7599, "nach": 0.53770660784995161 }, "geometry": { "type": "LineString", "coordinates": [ [ 0.6789986, 51.55089790000001 ], [ 0.6798485, 51.5510349 ], [ 0.679912, 51.551045 ], [ 0.680044, 51.5510659 ] ] } },
{ "type": "Feature", "properties": { "id": 225, "nach": 0.45628258840095137 }, "geometry": { "type": "LineString", "coordinates": [ [ 0.679671, 51.547643399999984 ], [ 0.6794722, 51.5457723 ], [ 0.6794664, 51.5457288 ] ] } },
{ "type": "Feature", "properties": { "id": 2262, "nach": 0.51185031518588253 }, "geometry": { "type": "LineString", "coordinates": [ [ 0.6806171, 51.5475804 ], [ 0.6802559, 51.547603299999984 ], [ 0.6800611, 51.5476157 ], [ 0.6798592, 51.54763 ], [ 0.6797244, 51.5476396 ], [ 0.679671, 51.547643399999984 ] ] } },
{ "type": "Feature", "properties": { "id": 7595, "nach": 0.50624848132189004 }, "geometry": { "type": "LineString", "coordinates": [ [ 0.6787253, 51.547701 ], [ 0.6793911, 51.5476604 ], [ 0.6796223, 51.5476464 ], [ 0.679671, 51.547643399999984 ] ] } },
{ "type": "Feature", "properties": { "id": 2263, "nach": 0.38919362428882115 }, "geometry": { "type": "LineString", "coordinates": [ [ 0.681068, 51.5510249 ], [ 0.6806207, 51.5476159 ], [ 0.6806171, 51.5475804 ] ] } },
{ "type": "Feature", "properties": { "id": 22491, "nach": 0.57071321974553613 }, "geometry": { "type": "LineString", "coordinates": [ [ 0.6817811, 51.5509983 ], [ 0.6817169, 51.5510008 ], [ 0.681068, 51.5510249 ] ] } },
{ "type": "Feature", "properties": { "id": 22494, "nach": 0.0 }, "geometry": { "type": "LineString", "coordinates": [ [ 0.681818, 51.5512344 ], [ 0.6817869, 51.5512668 ], [ 0.6817467, 51.5512847 ], [ 0.6816526, 51.5513032 ], [ 0.6814335, 51.5513142 ], [ 0.6812125, 51.5513227 ], [ 0.6811646, 51.5513185 ], [ 0.6811305, 51.5513013 ], [ 0.681116, 51.5512713 ], [ 0.6810745, 51.5511518 ], [ 0.681068, 51.5510249 ] ] } },
{ "type": "Feature", "properties": { "id": 7598, "nach": 0.5369585734410034 }, "geometry": { "type": "LineString", "coordinates": [ [ 0.6789986, 51.55089790000001 ], [ 0.6781882, 51.5507647 ], [ 0.6780716, 51.550745 ], [ 0.6779368, 51.55072280000001 ] ] } },
{ "type": "Feature", "properties": { "id": 7597, "nach": 0.37864990576331076 }, "geometry": { "type": "LineString", "coordinates": [ [ 0.6789986, 51.55089790000001 ], [ 0.6789955, 51.550862699999989 ], [ 0.6787282, 51.547734700000014 ], [ 0.6787253, 51.547701 ] ] } },
{ "type": "Feature", "properties": { "id": 13097, "nach": 0.60408108291363749 }, "geometry": { "type": "LineString", "coordinates": [ [ 0.6601026, 51.5476818 ], [ 0.6600077, 51.5476847 ] ] } },
{ "type": "Feature", "properties": { "id": 8005, "nach": 0.59902615471214526 }, "geometry": { "type": "LineString", "coordinates": [ [ 0.6591236, 51.5477102 ], [ 0.6600077, 51.5476847 ] ] } },
{ "type": "Feature", "properties": { "id": 24997, "nach": 0.44028559049959931 }, "geometry": { "type": "LineString", "coordinates": [ [ 0.6600207, 51.5480388 ], [ 0.660009, 51.5477194 ], [ 0.6600077, 51.5476847 ] ] } },
{ "type": "Feature", "properties": { "id": 24989, "nach": 0.60245779923614884 }, "geometry": { "type": "LineString", "coordinates": [ [ 0.6610523, 51.5476634 ], [ 0.6601026, 51.5476818 ] ] } },
{ "type": "Feature", "properties": { "id": 20999, "nach": 0.53495827623365555 }, "geometry": { "type": "LineString", "coordinates": [ [ 0.6601326, 51.5472522 ], [ 0.6601052, 51.5476452 ], [ 0.6601026, 51.5476818 ] ] } },
{ "type": "Feature", "properties": { "id": 25001, "nach": 0.48300793597852454 }, "geometry": { "type": "LineString", "coordinates": [ [ 0.661067, 51.5480198 ], [ 0.6600207, 51.5480388 ] ] } },
{ "type": "Feature", "properties": { "id": 24988, "nach": 0.61111708430387313 }, "geometry": { "type": "LineString", "coordinates": [ [ 0.6610523, 51.5476634 ], [ 0.6610859, 51.5476628 ] ] } },
{ "type": "Feature", "properties": { "id": 2662, "nach": 0.46101251794803083 }, "geometry": { "type": "LineString", "coordinates": [ [ 0.6613496, 51.5437338 ], [ 0.6613477, 51.5437629 ], [ 0.6610884, 51.5476202 ], [ 0.6610859, 51.5476628 ] ] } },
{ "type": "Feature", "properties": { "id": 3105, "nach": 0.60799062234559853 }, "geometry": { "type": "LineString", "coordinates": [ [ 0.6620923, 51.5476358 ], [ 0.6614252, 51.5476537 ], [ 0.6613705, 51.547655200000023 ], [ 0.6613325, 51.547656200000013 ], [ 0.6610859, 51.5476628 ] ] } },
{ "type": "Feature", "properties": { "id": 25002, "nach": 0.49950529084888523 }, "geometry": { "type": "LineString", "coordinates": [ [ 0.661067, 51.5480198 ], [ 0.6610542, 51.5477099 ], [ 0.6610523, 51.5476634 ] ] } },
{ "type": "Feature", "properties": { "id": 2666, "nach": 0.58964586147508746 }, "geometry": { "type": "LineString", "coordinates": [ [ 0.6603726, 51.5437184 ], [ 0.6613496, 51.5437338 ] ] } },
{ "type": "Feature", "properties": { "id": 20664, "nach": 0.59576714300900635 }, "geometry": { "type": "LineString", "coordinates": [ [ 0.6620608, 51.5437465 ], [ 0.6619482, 51.543744499999988 ], [ 0.6613496, 51.5437338 ] ] } },
{ "type": "Feature", "properties": { "id": 2664, "nach": 0.56712091864153702 }, "geometry": { "type": "LineString", "coordinates": [ [ 0.6613496, 51.5437338 ], [ 0.6613373, 51.543621 ], [ 0.6611926, 51.5430647 ], [ 0.6612029, 51.543021 ], [ 0.6612424, 51.542972099999986 ], [ 0.6612799, 51.5429341 ] ] } },
{ "type": "Feature", "properties": { "id": 21261, "nach": 0.61688452477580658 }, "geometry": { "type": "LineString", "coordinates": [ [ 0.6622326, 51.5476205 ], [ 0.6620923, 51.5476358 ] ] } },
{ "type": "Feature", "properties": { "id": 22507, "nach": 0.52015065498429192 }, "geometry": { "type": "LineString", "coordinates": [ [ 0.6621096, 51.5480053 ], [ 0.6620942, 51.5476767 ], [ 0.6620923, 51.5476358 ] ] } },
{ "type": "Feature", "properties": { "id": 7842, "nach": 0.60632182337996066 }, "geometry": { "type": "LineString", "coordinates": [ [ 0.6641581, 51.5474196 ], [ 0.6641137, 51.547424899999989 ] ] } },
{ "type": "Feature", "properties": { "id": 3108, "nach": 0.5710924669179388 }, "geometry": { "type": "LineString", "coordinates": [ [ 0.6631982, 51.5475137 ], [ 0.6641137, 51.547424899999989 ] ] } },
{ "type": "Feature", "properties": { "id": 5652, "nach": 0.53548395845674646 }, "geometry": { "type": "LineString", "coordinates": [ [ 0.6642692, 51.5494193 ], [ 0.6642682, 51.5493926 ], [ 0.6642643, 51.5492849 ], [ 0.6641137, 51.547424899999989 ] ] } },
{ "type": "Feature", "properties": { "id": 7844, "nach": 0.59880034625130518 }, "geometry": { "type": "LineString", "coordinates": [ [ 0.6641581, 51.5474196 ], [ 0.664316, 51.5474039 ], [ 0.6651034, 51.547325500000014 ] ] } },
{ "type": "Feature", "properties": { "id": 7843, "nach": 0.4323253011000831 }, "geometry": { "type": "LineString", "coordinates": [ [ 0.6641581, 51.5474196 ], [ 0.6642835, 51.545619 ] ] } },
{ "type": "Feature", "properties": { "id": 5654, "nach": 0.58497092504018389 }, "geometry": { "type": "LineString", "coordinates": [ [ 0.6627401, 51.5475708 ], [ 0.6631982, 51.5475137 ] ] } },
{ "type": "Feature", "properties": { "id": 26407, "nach": 0.44690588020627964 }, "geometry": { "type": "LineString", "coordinates": [ [ 0.6633277, 51.5455988 ], [ 0.6631982, 51.5475137 ] ] } },
{ "type": "Feature", "properties": { "id": 5651, "nach": 0.50800275039666209 }, "geometry": { "type": "LineString", "coordinates": [ [ 0.6642692, 51.5494193 ], [ 0.6651742, 51.54941980000001 ] ] } },
{ "type": "Feature", "properties": { "id": 5659, "nach": 0.57548862330958384 }, "geometry": { "type": "LineString", "coordinates": [ [ 0.6641179, 51.5494199 ], [ 0.6641671, 51.5494197 ], [ 0.6642692, 51.5494193 ] ] } },
{ "type": "Feature", "properties": { "id": 25511, "nach": 0.51415276605083582 }, "geometry": { "type": "LineString", "coordinates": [ [ 0.6661257, 51.5468876 ], [ 0.6661044, 51.5472267 ] ] } },
{ "type": "Feature", "properties": { "id": 5645, "nach": 0.41064945143074527 }, "geometry": { "type": "LineString", "coordinates": [ [ 0.6660985, 51.5494188 ], [ 0.6661044, 51.5472267 ] ] } },
{ "type": "Feature", "properties": { "id": 3100, "nach": 0.5948528440538049 }, "geometry": { "type": "LineString", "coordinates": [ [ 0.667048, 51.547126 ], [ 0.6661044, 51.5472267 ] ] } },
{ "type": "Feature", "properties": { "id": 3115, "nach": 0.59922223427943799 }, "geometry": { "type": "LineString", "coordinates": [ [ 0.6651034, 51.547325500000014 ], [ 0.6661044, 51.5472267 ] ] } },
{ "type": "Feature", "properties": { "id": 25513, "nach": 0.45218523589419857 }, "geometry": { "type": "LineString", "coordinates": [ [ 0.6661257, 51.5468876 ], [ 0.6663311, 51.5468934 ], [ 0.6663881, 51.5469251 ], [ 0.6665289, 51.5469293 ] ] } },
{ "type": "Feature", "properties": { "id": 26376, "nach": 0.48176532387108995 }, "geometry": { "type": "LineString", "coordinates": [ [ 0.6662233, 51.5453354 ], [ 0.6661257, 51.5468876 ] ] } },
{ "type": "Feature", "properties": { "id": 5646, "nach": 0.50372312163735522 }, "geometry": { "type": "LineString", "coordinates": [ [ 0.6660985, 51.5494188 ], [ 0.6670813, 51.5494148 ] ] } },
{ "type": "Feature", "properties": { "id": 5649, "nach": 0.49645834394430827 }, "geometry": { "type": "LineString", "coordinates": [ [ 0.6651742, 51.54941980000001 ], [ 0.6660985, 51.5494188 ] ] } },
{ "type": "Feature", "properties": { "id": 3099, "nach": 0.60269842875262769 }, "geometry": { "type": "LineString", "coordinates": [ [ 0.667048, 51.547126 ], [ 0.6680146, 51.5469916 ] ] } },
{ "type": "Feature", "properties": { "id": 26379, "nach": 0.48926925842138264 }, "geometry": { "type": "LineString", "coordinates": [ [ 0.6671643, 51.5453574 ], [ 0.667048, 51.547126 ] ] } },
{ "type": "Feature", "properties": { "id": 5642, "nach": 0.41003262225638087 }, "geometry": { "type": "LineString", "coordinates": [ [ 0.6670813, 51.5494148 ], [ 0.667048, 51.547126 ] ] } },
{ "type": "Feature", "properties": { "id": 26412, "nach": 0.48521342063487738 }, "geometry": { "type": "LineString", "coordinates": [ [ 0.6652104, 51.54563610000001 ], [ 0.6651034, 51.547325500000014 ] ] } },
{ "type": "Feature", "properties": { "id": 5648, "nach": 0.38145529963777358 }, "geometry": { "type": "LineString", "coordinates": [ [ 0.6651742, 51.54941980000001 ], [ 0.6651034, 51.547325500000014 ] ] } },
{ "type": "Feature", "properties": { "id": 5531, "nach": 0.60743086497374232 }, "geometry": { "type": "LineString", "coordinates": [ [ 0.6693903, 51.546864600000013 ], [ 0.6692455, 51.5468769 ] ] } },
{ "type": "Feature", "properties": { "id": 3059, "nach": 0.61815928413498322 }, "geometry": { "type": "LineString", "coordinates": [ [ 0.668923, 51.5468999 ], [ 0.6692455, 51.5468769 ] ] } },
{ "type": "Feature", "properties": { "id": 171, "nach": 0.46463702601479834 }, "geometry": { "type": "LineString", "coordinates": [ [ 0.6692455, 51.5468769 ], [ 0.6692323, 51.5470731 ], [ 0.6692487, 51.5471243 ], [ 0.6692825, 51.5471996 ] ] } },
{ "type": "Feature", "properties": { "id": 5535, "nach": 0.61593756076651129 }, "geometry": { "type": "LineString", "coordinates": [ [ 0.6702634, 51.5467911 ], [ 0.670058, 51.5468135 ], [ 0.6693903, 51.546864600000013 ] ] } },
{ "type": "Feature", "properties": { "id": 5619, "nach": 0.45016529583586856 }, "geometry": { "type": "LineString", "coordinates": [ [ 0.6692825, 51.5471996 ], [ 0.6693544, 51.547104 ], [ 0.6693743, 51.5470684 ], [ 0.6693903, 51.546864600000013 ] ] } },
{ "type": "Feature", "properties": { "id": 7994, "nach": 0.57558554090126002 }, "geometry": { "type": "LineString", "coordinates": [ [ 0.6689728, 51.546263 ], [ 0.668923, 51.5468999 ] ] } },
{ "type": "Feature", "properties": { "id": 3092, "nach": 0.61990373294283596 }, "geometry": { "type": "LineString", "coordinates": [ [ 0.6680146, 51.5469916 ], [ 0.668167, 51.546974 ], [ 0.6682331, 51.5469664 ], [ 0.6682992, 51.5469588 ], [ 0.6684542, 51.54694090000001 ], [ 0.668923, 51.5468999 ] ] } },
{ "type": "Feature", "properties": { "id": 5633, "nach": 0.46017679011866075 }, "geometry": { "type": "LineString", "coordinates": [ [ 0.6691187, 51.5488193 ], [ 0.6692825, 51.5471996 ] ] } },
{ "type": "Feature", "properties": { "id": 25366, "nach": 0.61328682909689247 }, "geometry": { "type": "LineString", "coordinates": [ [ 0.6735224, 51.5457382 ], [ 0.6732842, 51.5457544 ] ] } },
{ "type": "Feature", "properties": { "id": 16166, "nach": 0.68767815511411512 }, "geometry": { "type": "LineString", "coordinates": [ [ 0.6731281, 51.5457932 ], [ 0.6732842, 51.5457544 ] ] } },
{ "type": "Feature", "properties": { "id": 25370, "nach": 0.65626025505158236 }, "geometry": { "type": "LineString", "coordinates": [ [ 0.6732597, 51.5456451 ], [ 0.6732842, 51.5457544 ] ] } },
{ "type": "Feature", "properties": { "id": 25369, "nach": 0.0 }, "geometry": { "type": "LineString", "coordinates": [ [ 0.6735224, 51.5457382 ], [ 0.6735289, 51.5458274 ], [ 0.6733307, 51.5458315 ], [ 0.673168, 51.545856 ], [ 0.6731281, 51.5457932 ] ] } },
{ "type": "Feature", "properties": { "id": 26907, "nach": 0.63967004254204285 }, "geometry": { "type": "LineString", "coordinates": [ [ 0.6744008, 51.5457885 ], [ 0.6741794, 51.5457738 ], [ 0.6736291, 51.5457403 ], [ 0.673568, 51.545739 ], [ 0.6735224, 51.5457382 ] ] } },
{ "type": "Feature", "properties": { "id": 25376, "nach": 0.56577028725698675 }, "geometry": { "type": "LineString", "coordinates": [ [ 0.6734686, 51.5456285 ], [ 0.6735155, 51.545643199999986 ], [ 0.6735224, 51.5457382 ] ] } },
{ "type": "Feature", "properties": { "id": 16167, "nach": 0.68629154150925753 }, "geometry": { "type": "LineString", "coordinates": [ [ 0.6731281, 51.5457932 ], [ 0.6730829, 51.5458041 ], [ 0.6730257, 51.545818 ], [ 0.6727051, 51.5458956 ] ] } },
{ "type": "Feature", "properties": { "id": 25373, "nach": 0.0 }, "geometry": { "type": "LineString", "coordinates": [ [ 0.6732597, 51.5456451 ], [ 0.6731533, 51.5456536 ], [ 0.6731433, 51.5456926 ], [ 0.6731313, 51.545715 ], [ 0.6730961, 51.5457417 ], [ 0.6731281, 51.5457932 ] ] } },
{ "type": "Feature", "properties": { "id": 25372, "nach": 0.62102681119199632 }, "geometry": { "type": "LineString", "coordinates": [ [ 0.6732597, 51.5456451 ], [ 0.6732508, 51.5456046 ], [ 0.6732421, 51.5455651 ], [ 0.6732123, 51.545356500000011 ] ] } },
{ "type": "Feature", "properties": { "id": 25374, "nach": 0.6512759376645626 }, "geometry": { "type": "LineString", "coordinates": [ [ 0.6734686, 51.5456285 ], [ 0.6732597, 51.5456451 ] ] } },
{ "type": "Feature", "properties": { "id": 175, "nach": 0.5276520663688038 }, "geometry": { "type": "LineString", "coordinates": [ [ 0.6776517, 51.5457292 ], [ 0.6776453, 51.5458524 ] ] } },
{ "type": "Feature", "properties": { "id": 24933, "nach": 0.59724892608925606 }, "geometry": { "type": "LineString", "coordinates": [ [ 0.6774312, 51.5457343 ], [ 0.6776517, 51.5457292 ] ] } },
{ "type": "Feature", "properties": { "id": 25425, "nach": 0.59000554327346022 }, "geometry": { "type": "LineString", "coordinates": [ [ 0.6776585, 51.5456346 ], [ 0.6776517, 51.5457292 ] ] } },
{ "type": "Feature", "properties": { "id": 178, "nach": 0.40023264983353818 }, "geometry": { "type": "LineString", "coordinates": [ [ 0.6776517, 51.5457292 ], [ 0.6778089, 51.5457641 ], [ 0.678634, 51.5457201 ] ] } },
{ "type": "Feature", "properties": { "id": 2122, "nach": 0.62151610066362173 }, "geometry": { "type": "LineString", "coordinates": [ [ 0.6794539, 51.5456349 ], [ 0.6792484, 51.5456128 ], [ 0.6778046, 51.5456931 ], [ 0.6776517, 51.5457292 ] ] } },
{ "type": "Feature", "properties": { "id": 24927, "nach": 0.62033729167773077 }, "geometry": { "type": "LineString", "coordinates": [ [ 0.6776453, 51.5458524 ], [ 0.6776315, 51.5461175 ] ] } },
{ "type": "Feature", "properties": { "id": 24939, "nach": 0.53366544160197105 }, "geometry": { "type": "LineString", "coordinates": [ [ 0.6785715, 51.5457848 ], [ 0.6785252, 51.5457875 ], [ 0.6778199, 51.5458293 ], [ 0.6777128, 51.5458534 ], [ 0.6776453, 51.5458524 ] ] } },
{ "type": "Feature", "properties": { "id": 24936, "nach": 0.58080601173154645 }, "geometry": { "type": "LineString", "coordinates": [ [ 0.6774312, 51.5457343 ], [ 0.6774332, 51.5458312 ], [ 0.6775691, 51.5458513 ], [ 0.6776453, 51.5458524 ] ] } },
{ "type": "Feature", "properties": { "id": 24934, "nach": 0.65727858388200056 }, "geometry": { "type": "LineString", "coordinates": [ [ 0.6774312, 51.5457343 ], [ 0.6773677, 51.5457358 ], [ 0.6765209, 51.5457424 ] ] } },
{ "type": "Feature", "properties": { "id": 25427, "nach": 0.5426390738443011 }, "geometry": { "type": "LineString", "coordinates": [ [ 0.6776585, 51.5456346 ], [ 0.6775053, 51.545645200000017 ], [ 0.6775061, 51.5457218 ], [ 0.6774309, 51.5457237 ], [ 0.6774312, 51.5457343 ] ] } },
{ "type": "Feature", "properties": { "id": 25426, "nach": 0.57684471196923126 }, "geometry": { "type": "LineString", "coordinates": [ [ 0.6776585, 51.5456346 ], [ 0.6776613, 51.5455785 ], [ 0.6776609, 51.5455171 ] ] } },
{ "type": "Feature", "properties": { "id": 25428, "nach": 0.58881547788157795 }, "geometry": { "type": "LineString", "coordinates": [ [ 0.6776585, 51.5456346 ], [ 0.6792358, 51.5455534 ], [ 0.6794578, 51.5455061 ] ] } },
{ "type": "Feature", "properties": { "id": 7592, "nach": 0.58973747205708937 }, "geometry": { "type": "LineString", "coordinates": [ [ 0.678634, 51.5457201 ], [ 0.679252, 51.5456848 ], [ 0.6794539, 51.5456349 ] ] } },
{ "type": "Feature", "properties": { "id": 24937, "nach": 0.5818430849313635 }, "geometry": { "type": "LineString", "coordinates": [ [ 0.6785715, 51.5457848 ], [ 0.6785989, 51.5457543 ], [ 0.678634, 51.5457201 ] ] } },
{ "type": "Feature", "properties": { "id": 221, "nach": 0.58029441548324823 }, "geometry": { "type": "LineString", "coordinates": [ [ 0.6779793, 51.551432 ], [ 0.6779911, 51.5514996 ] ] } },
{ "type": "Feature", "properties": { "id": 4665, "nach": 0.52024448687742786 }, "geometry": { "type": "LineString", "coordinates": [ [ 0.6763538, 51.5517087 ], [ 0.6768707, 51.55152180000001 ], [ 0.6779361, 51.5514355 ], [ 0.6779793, 51.551432 ] ] } },
{ "type": "Feature", "properties": { "id": 13054, "nach": 0.59652064306589903 }, "geometry": { "type": "LineString", "coordinates": [ [ 0.6779695, 51.5513675 ], [ 0.6779793, 51.551432 ] ] } },
{ "type": "Feature", "properties": { "id": 18015, "nach": 0.51894291747492249 }, "geometry": { "type": "LineString", "coordinates": [ [ 0.6779911, 51.5514996 ], [ 0.6781621, 51.5514894 ] ] } },
{ "type": "Feature", "properties": { "id": 18016, "nach": 0.5653798859817708 }, "geometry": { "type": "LineString", "coordinates": [ [ 0.6779911, 51.5514996 ], [ 0.6780726, 51.5518752 ], [ 0.6781369, 51.5522584 ], [ 0.6782187, 51.5527646 ], [ 0.6783384, 51.55346930000001 ] ] } },
{ "type": "Feature", "properties": { "id": 10827, "nach": 0.52408231951712414 }, "geometry": { "type": "LineString", "coordinates": [ [ 0.6762712, 51.553080200000011 ], [ 0.6762918, 51.5530511 ], [ 0.6763279, 51.5529716 ], [ 0.6763294, 51.552913 ], [ 0.6763308, 51.5527813 ], [ 0.6763395, 51.55238640000001 ], [ 0.6763538, 51.5517087 ] ] } },
{ "type": "Feature", "properties": { "id": 4667, "nach": 0.48236486066751449 }, "geometry": { "type": "LineString", "coordinates": [ [ 0.6734905, 51.5512114 ], [ 0.6737147, 51.5513133 ], [ 0.6739506, 51.5514044 ], [ 0.6758837, 51.5517513 ], [ 0.6761583, 51.5517406 ], [ 0.6763538, 51.5517087 ] ] } },
{ "type": "Feature", "properties": { "id": 223, "nach": 0.58003073730775045 }, "geometry": { "type": "LineString", "coordinates": [ [ 0.6777297, 51.5473122 ], [ 0.6778078, 51.547757 ] ] } },
{ "type": "Feature", "properties": { "id": 10830, "nach": 0.54306504176595538 }, "geometry": { "type": "LineString", "coordinates": [ [ 0.6774722, 51.5473373 ], [ 0.6776515, 51.5473199 ], [ 0.6777297, 51.5473122 ] ] } },
{ "type": "Feature", "properties": { "id": 3769, "nach": 0.60224331204088988 }, "geometry": { "type": "LineString", "coordinates": [ [ 0.6776097, 51.5465359 ], [ 0.6775976, 51.5467979 ], [ 0.677628, 51.54693910000001 ], [ 0.6777297, 51.5473122 ] ] } },
{ "type": "Feature", "properties": { "id": 7171, "nach": 0.59591436065258507 }, "geometry": { "type": "LineString", "coordinates": [ [ 0.6778078, 51.547757 ], [ 0.6778696, 51.5481014 ] ] } },
{ "type": "Feature", "properties": { "id": 7596, "nach": 0.55210403370910888 }, "geometry": { "type": "LineString", "coordinates": [ [ 0.6787253, 51.547701 ], [ 0.6784504, 51.5477178 ], [ 0.6778701, 51.54775320000001 ], [ 0.6778078, 51.547757 ] ] } },
{ "type": "Feature", "properties": { "id": 10829, "nach": 0.45278276646683691 }, "geometry": { "type": "LineString", "coordinates": [ [ 0.6774722, 51.5473373 ], [ 0.6773482, 51.5474123 ], [ 0.6756945, 51.547877 ], [ 0.6744505, 51.5482283 ], [ 0.6741472, 51.548313 ], [ 0.6740593, 51.5483267 ], [ 0.6739648, 51.5483253 ], [ 0.6735464, 51.5482977 ] ] } },
{ "type": "Feature", "properties": { "id": 10831, "nach": 0.47691149416360101 }, "geometry": { "type": "LineString", "coordinates": [ [ 0.6774722, 51.5473373 ], [ 0.6772803, 51.5473086 ], [ 0.6756907, 51.5472867 ], [ 0.6736879, 51.5472533 ] ] } },
{ "type": "Feature", "properties": { "id": 24952, "nach": 0.41016212640039684 }, "geometry": { "type": "LineString", "coordinates": [ [ 0.6794664, 51.5457288 ], [ 0.6793516, 51.5457356 ], [ 0.679336, 51.5457321 ], [ 0.6786828, 51.545772 ], [ 0.6786231, 51.5457817 ], [ 0.6785715, 51.5457848 ] ] } },
{ "type": "Feature", "properties": { "id": 24951, "nach": 0.4686716361449092 }, "geometry": { "type": "LineString", "coordinates": [ [ 0.6794664, 51.5457288 ], [ 0.6795891, 51.5457216 ], [ 0.6798233, 51.5456973 ] ] } },
{ "type": "Feature", "properties": { "id": 24950, "nach": 0.50764181695745381 }, "geometry": { "type": "LineString", "coordinates": [ [ 0.6794664, 51.5457288 ], [ 0.6794539, 51.5456349 ] ] } },
{ "type": "Feature", "properties": { "id": 2261, "nach": 0.51345733116526637 }, "geometry": { "type": "LineString", "coordinates": [ [ 0.6806171, 51.5475804 ], [ 0.681239, 51.5475414 ], [ 0.6815819, 51.547519800000018 ] ] } },
{ "type": "Feature", "properties": { "id": 2260, "nach": 0.46113417538324342 }, "geometry": { "type": "LineString", "coordinates": [ [ 0.6806171, 51.5475804 ], [ 0.6803865, 51.5456737 ] ] } },
{ "type": "Feature", "properties": { "id": 7593, "nach": 0.51446817357834873 }, "geometry": { "type": "LineString", "coordinates": [ [ 0.6787253, 51.547701 ], [ 0.6785753, 51.5460644 ] ] } },
{ "type": "Feature", "properties": { "id": 2107, "nach": 0.61863766590908176 }, "geometry": { "type": "LineString", "coordinates": [ [ 0.6805246, 51.553637100000017 ], [ 0.6806495, 51.5536221 ] ] } },
{ "type": "Feature", "properties": { "id": 2108, "nach": 0.48719264953622349 }, "geometry": { "type": "LineString", "coordinates": [ [ 0.6805246, 51.553637100000017 ], [ 0.680507, 51.5535177 ] ] } },
{ "type": "Feature", "properties": { "id": 16718, "nach": 0.2712251325581963 }, "geometry": { "type": "LineString", "coordinates": [ [ 0.6696721, 51.538919799999988 ], [ 0.6692536, 51.5389232 ], [ 0.6687433, 51.538955 ], [ 0.6659216, 51.5391819 ], [ 0.6647414, 51.539258699999984 ], [ 0.6631911, 51.5392987 ], [ 0.6626367, 51.5393125 ], [ 0.6622614, 51.5394085 ], [ 0.6619913, 51.539586 ], [ 0.6618822, 51.5397091 ], [ 0.6618172, 51.5398627 ] ] } },
{ "type": "Feature", "properties": { "id": 5404, "nach": 0.61330962083215779 }, "geometry": { "type": "LineString", "coordinates": [ [ 0.6629159, 51.539885100000021 ], [ 0.6642575, 51.5399079 ] ] } },
{ "type": "Feature", "properties": { "id": 5405, "nach": 0.53065631581669581 }, "geometry": { "type": "LineString", "coordinates": [ [ 0.6629159, 51.539885100000021 ], [ 0.6629199, 51.5399365 ], [ 0.662999, 51.5409563 ], [ 0.6630488, 51.541696 ] ] } },
{ "type": "Feature", "properties": { "id": 16716, "nach": 0.36560155288532875 }, "geometry": { "type": "LineString", "coordinates": [ [ 0.6696721, 51.538919799999988 ], [ 0.6701176, 51.5389173 ], [ 0.6703872, 51.5389249 ], [ 0.6705323, 51.5389915 ] ] } },
{ "type": "Feature", "properties": { "id": 16721, "nach": 0.3576872677304912 }, "geometry": { "type": "LineString", "coordinates": [ [ 0.6703192, 51.5390648 ], [ 0.6701123, 51.5390041 ], [ 0.6699688, 51.5389899 ], [ 0.6697985, 51.5389649 ], [ 0.669718, 51.5389424 ], [ 0.6696721, 51.538919799999988 ] ] } },
{ "type": "Feature", "properties": { "id": 12546, "nach": 0.58711257015220919 }, "geometry": { "type": "LineString", "coordinates": [ [ 0.6710336, 51.5388691 ], [ 0.6712204, 51.5388383 ] ] } },
{ "type": "Feature", "properties": { "id": 5581, "nach": 0.42633210868103788 }, "geometry": { "type": "LineString", "coordinates": [ [ 0.6713051, 51.5402072 ], [ 0.6712229, 51.5388788 ], [ 0.6712204, 51.5388383 ] ] } },
{ "type": "Feature", "properties": { "id": 5617, "nach": 0.5840210448967259 }, "geometry": { "type": "LineString", "coordinates": [ [ 0.6722751, 51.53881770000001 ], [ 0.6718442, 51.5388161 ], [ 0.6715374, 51.5388186 ], [ 0.6713469, 51.5388279 ], [ 0.6712204, 51.5388383 ] ] } },
{ "type": "Feature", "properties": { "id": 12547, "nach": 0.55019361777200826 }, "geometry": { "type": "LineString", "coordinates": [ [ 0.6710336, 51.5388691 ], [ 0.6710113, 51.5388155 ], [ 0.6709578, 51.5388262 ], [ 0.6709542, 51.538798300000018 ], [ 0.6709675, 51.538489 ], [ 0.6716446, 51.53848820000001 ], [ 0.6716468, 51.5384643 ], [ 0.6709622, 51.5384639 ], [ 0.6709575, 51.5384639 ] ] } },
{ "type": "Feature", "properties": { "id": 25489, "nach": 0.59679200815083577 }, "geometry": { "type": "LineString", "coordinates": [ [ 0.670855, 51.5389005 ], [ 0.6710336, 51.5388691 ] ] } },
{ "type": "Feature", "properties": { "id": 5582, "nach": 0.42343258677284273 }, "geometry": { "type": "LineString", "coordinates": [ [ 0.6713051, 51.5402072 ], [ 0.6707562, 51.5402183 ], [ 0.6707035, 51.5402275 ], [ 0.6706688, 51.540256599999985 ], [ 0.6703609, 51.5408496 ] ] } },
{ "type": "Feature", "properties": { "id": 5584, "nach": 0.40875538327753119 }, "geometry": { "type": "LineString", "coordinates": [ [ 0.6722792, 51.5401816 ], [ 0.671358, 51.5402058 ], [ 0.6713051, 51.5402072 ] ] } },
{ "type": "Feature", "properties": { "id": 5616, "nach": 0.57240115718449924 }, "geometry": { "type": "LineString", "coordinates": [ [ 0.6722751, 51.53881770000001 ], [ 0.6728887, 51.5388343 ], [ 0.6730633, 51.5388432 ], [ 0.6731854, 51.538856500000016 ], [ 0.6733431, 51.538886900000016 ], [ 0.6735451, 51.5389471 ] ] } },
{ "type": "Feature", "properties": { "id": 12488, "nach": 0.4415780818143249 }, "geometry": { "type": "LineString", "coordinates": [ [ 0.6729443, 51.5398129 ], [ 0.6727507, 51.5397835 ], [ 0.6724182, 51.5397457 ], [ 0.672369, 51.539731 ], [ 0.6723379, 51.5396923 ], [ 0.6722757, 51.5388553 ], [ 0.6722751, 51.53881770000001 ] ] } },
{ "type": "Feature", "properties": { "id": 427, "nach": 0.5588934173399327 }, "geometry": { "type": "LineString", "coordinates": [ [ 0.6740058, 51.5391814 ], [ 0.6740655, 51.5392331 ], [ 0.6741729, 51.5392784 ] ] } },
{ "type": "Feature", "properties": { "id": 1754, "nach": 0.57969779902514595 }, "geometry": { "type": "LineString", "coordinates": [ [ 0.6735451, 51.5389471 ], [ 0.6736821, 51.5390013 ], [ 0.6738748, 51.5391057 ], [ 0.6740058, 51.5391814 ] ] } },
{ "type": "Feature", "properties": { "id": 10640, "nach": 0.47713990267732598 }, "geometry": { "type": "LineString", "coordinates": [ [ 0.6742073, 51.539232 ], [ 0.6741007, 51.5391891 ], [ 0.6740058, 51.5391814 ] ] } },
{ "type": "Feature", "properties": { "id": 10641, "nach": 0.40069396816751851 }, "geometry": { "type": "LineString", "coordinates": [ [ 0.6741729, 51.5392784 ], [ 0.6742073, 51.539232 ] ] } },
{ "type": "Feature", "properties": { "id": 10642, "nach": 0.50928271932763503 }, "geometry": { "type": "LineString", "coordinates": [ [ 0.6741729, 51.5392784 ], [ 0.6745267, 51.5394126 ], [ 0.6747227, 51.5394836 ] ] } },
{ "type": "Feature", "properties": { "id": 25452, "nach": 0.53547307319502868 }, "geometry": { "type": "LineString", "coordinates": [ [ 0.6740911, 51.5395081 ], [ 0.6741656, 51.5392988 ], [ 0.6741729, 51.5392784 ] ] } },
{ "type": "Feature", "properties": { "id": 6584, "nach": 0.4896380044786251 }, "geometry": { "type": "LineString", "coordinates": [ [ 0.6778818, 51.5392628 ], [ 0.6777812, 51.539259299999983 ], [ 0.6777792, 51.5393021 ], [ 0.6765632, 51.5391805 ], [ 0.6753234, 51.539026600000014 ], [ 0.6748594, 51.5389645 ], [ 0.6741438, 51.5389236 ], [ 0.6738088, 51.5388972 ], [ 0.6735451, 51.5389471 ] ] } },
{ "type": "Feature", "properties": { "id": 429, "nach": 0.47120118432063995 }, "geometry": { "type": "LineString", "coordinates": [ [ 0.6753327, 51.539687 ], [ 0.6752149, 51.539602599999988 ] ] } },
{ "type": "Feature", "properties": { "id": 433, "nach": 0.56805994248083813 }, "geometry": { "type": "LineString", "coordinates": [ [ 0.6771515, 51.5403776 ], [ 0.6769402, 51.5403167 ], [ 0.6768082, 51.5402679 ], [ 0.6766327, 51.5401865 ], [ 0.6762848, 51.5400291 ], [ 0.6759853, 51.5399104 ], [ 0.6756909, 51.5398202 ], [ 0.6753327, 51.539687 ] ] } },
{ "type": "Feature", "properties": { "id": 5359, "nach": 0.55027822755004074 }, "geometry": { "type": "LineString", "coordinates": [ [ 0.6751718, 51.5396465 ], [ 0.6753327, 51.539687 ] ] } },
{ "type": "Feature", "properties": { "id": 5606, "nach": 0.48850906863280402 }, "geometry": { "type": "LineString", "coordinates": [ [ 0.6752149, 51.539602599999988 ], [ 0.6751718, 51.5396465 ] ] } },
{ "type": "Feature", "properties": { "id": 5607, "nach": 0.48969762866470384 }, "geometry": { "type": "LineString", "coordinates": [ [ 0.6752149, 51.539602599999988 ], [ 0.6750977, 51.5395168 ], [ 0.6749759, 51.5394226 ], [ 0.6748978, 51.5393813 ], [ 0.6748036, 51.539349 ], [ 0.674729, 51.5393368 ] ] } },
{ "type": "Feature", "properties": { "id": 25461, "nach": 0.44367589140159941 }, "geometry": { "type": "LineString", "coordinates": [ [ 0.6757614, 51.53946 ], [ 0.6755276, 51.539362900000015 ], [ 0.6752149, 51.539602599999988 ] ] } },
{ "type": "Feature", "properties": { "id": 10666, "nach": 0.57148227777331262 }, "geometry": { "type": "LineString", "coordinates": [ [ 0.6773711, 51.5404147 ], [ 0.6771515, 51.5403776 ] ] } },
{ "type": "Feature", "properties": { "id": 5598, "nach": 0.49740060641265654 }, "geometry": { "type": "LineString", "coordinates": [ [ 0.6780357, 51.542803600000013 ], [ 0.6780166, 51.5427584 ], [ 0.6775711, 51.541601 ], [ 0.6771719, 51.5405262 ], [ 0.6771462, 51.5404467 ], [ 0.6771481, 51.5404215 ], [ 0.6771515, 51.5403776 ] ] } },
{ "type": "Feature", "properties": { "id": 25467, "nach": 0.5846555064304122 }, "geometry": { "type": "LineString", "coordinates": [ [ 0.678299, 51.5403401 ], [ 0.6782422, 51.5403534 ], [ 0.6780504, 51.5403879 ], [ 0.6779167, 51.5404071 ], [ 0.6777135, 51.5404248 ], [ 0.6775279, 51.5404252 ], [ 0.6773711, 51.5404147 ] ] } },
{ "type": "Feature", "properties": { "id": 25444, "nach": 0.45415902315209955 }, "geometry": { "type": "LineString", "coordinates": [ [ 0.6770273, 51.5397307 ], [ 0.6770424, 51.5398328 ], [ 0.6773183, 51.5398799 ], [ 0.6773711, 51.5404147 ] ] } },
{ "type": "Feature", "properties": { "id": 5597, "nach": 0.5678079408329828 }, "geometry": { "type": "LineString", "coordinates": [ [ 0.6780357, 51.542803600000013 ], [ 0.6767492, 51.5429049 ] ] } },
{ "type": "Feature", "properties": { "id": 20168, "nach": 0.57410950510903236 }, "geometry": { "type": "LineString", "coordinates": [ [ 0.679355, 51.5426985 ], [ 0.6792983, 51.5427023 ], [ 0.6789426, 51.54272610000001 ], [ 0.6780357, 51.542803600000013 ] ] } },
{ "type": "Feature", "properties": { "id": 25466, "nach": 0.47719446129942406 }, "geometry": { "type": "LineString", "coordinates": [ [ 0.678299, 51.5403401 ], [ 0.6784401, 51.540288 ] ] } },
{ "type": "Feature", "properties": { "id": 25470, "nach": 0.55356094505901565 }, "geometry": { "type": "LineString", "coordinates": [ [ 0.6783666, 51.5401946 ], [ 0.6784401, 51.540288 ] ] } },
{ "type": "Feature", "properties": { "id": 25474, "nach": 0.55982888091770122 }, "geometry": { "type": "LineString", "coordinates": [ [ 0.6785205, 51.5403676 ], [ 0.6784401, 51.540288 ] ] } },
{ "type": "Feature", "properties": { "id": 25462, "nach": 0.47181576024565447 }, "geometry": { "type": "LineString", "coordinates": [ [ 0.6785808, 51.5402363 ], [ 0.6784401, 51.540288 ] ] } },
{ "type": "Feature", "properties": { "id": 25473, "nach": 0.51107604108881999 }, "geometry": { "type": "LineString", "coordinates": [ [ 0.6783666, 51.5401946 ], [ 0.6782775, 51.5402274 ], [ 0.6782894, 51.540269 ], [ 0.678249, 51.540290400000011 ], [ 0.678299, 51.5403401 ] ] } },
{ "type": "Feature", "properties": { "id": 25476, "nach": 0.53646967512047816 }, "geometry": { "type": "LineString", "coordinates": [ [ 0.6785205, 51.5403676 ], [ 0.6784368, 51.5403969 ], [ 0.6783886, 51.540389500000011 ], [ 0.6783482, 51.5403891 ], [ 0.678299, 51.5403401 ] ] } },
{ "type": "Feature", "properties": { "id": 25471, "nach": 0.58663212464064929 }, "geometry": { "type": "LineString", "coordinates": [ [ 0.6783666, 51.5401946 ], [ 0.6783257, 51.5401427 ], [ 0.6782435, 51.5400381 ], [ 0.678113, 51.5398715 ], [ 0.678014, 51.53971760000001 ], [ 0.6779525, 51.5395755 ], [ 0.6779103, 51.539441700000012 ], [ 0.6778818, 51.5392628 ] ] } },
{ "type": "Feature", "properties": { "id": 25472, "nach": 0.42026430121213965 }, "geometry": { "type": "LineString", "coordinates": [ [ 0.6783666, 51.5401946 ], [ 0.6784573, 51.5401612 ], [ 0.6784977, 51.5401789 ], [ 0.6785307, 51.540181 ], [ 0.6785808, 51.5402363 ] ] } },
{ "type": "Feature", "properties": { "id": 25475, "nach": 0.60881207102249735 }, "geometry": { "type": "LineString", "coordinates": [ [ 0.6785205, 51.5403676 ], [ 0.6785694, 51.540416 ], [ 0.678892, 51.540751299999989 ], [ 0.679079, 51.5410699 ], [ 0.6791859, 51.541462 ] ] } },
{ "type": "Feature", "properties": { "id": 25477, "nach": 0.43268064524723804 }, "geometry": { "type": "LineString", "coordinates": [ [ 0.6785205, 51.5403676 ], [ 0.678615, 51.5403346 ], [ 0.6786002, 51.5403101 ], [ 0.678624, 51.5402842 ], [ 0.6785808, 51.5402363 ] ] } },
{ "type": "Feature", "properties": { "id": 25463, "nach": 0.49258521348909751 }, "geometry": { "type": "LineString", "coordinates": [ [ 0.6785808, 51.5402363 ], [ 0.6786333, 51.5402259 ], [ 0.678958, 51.5401891 ], [ 0.6807029, 51.5400838 ], [ 0.6818115, 51.5400037 ] ] } },
{ "type": "Feature", "properties": { "id": 10826, "nach": 0.54851459654852674 }, "geometry": { "type": "LineString", "coordinates": [ [ 0.6762712, 51.553080200000011 ], [ 0.6762235, 51.5531474 ], [ 0.6761568, 51.5532223 ], [ 0.6760555, 51.5533459 ], [ 0.6758999, 51.5535273 ], [ 0.6757825, 51.5538218 ], [ 0.6757728, 51.5538869 ], [ 0.6757773, 51.553952700000011 ], [ 0.6757835, 51.5539875 ] ] } },
{ "type": "Feature", "properties": { "id": 10828, "nach": 0.50816392092510554 }, "geometry": { "type": "LineString", "coordinates": [ [ 0.6762712, 51.553080200000011 ], [ 0.6759146, 51.5530236 ], [ 0.675498, 51.55293180000001 ] ] } },
{ "type": "Feature", "properties": { "id": 23499, "nach": 0.57714347439321634 }, "geometry": { "type": "LineString", "coordinates": [ [ 0.6719882, 51.5509734 ], [ 0.6719676, 51.551018 ], [ 0.6717655, 51.5514594 ], [ 0.671691, 51.5516195 ], [ 0.6716312, 51.5517481 ], [ 0.6714219, 51.5521981 ], [ 0.6712126, 51.5526481 ], [ 0.6711405, 51.5528265 ] ] } },
{ "type": "Feature", "properties": { "id": 16915, "nach": 0.38497071519360149 }, "geometry": { "type": "LineString", "coordinates": [ [ 0.6691608, 51.5511316 ], [ 0.6690277, 51.5513724 ], [ 0.6690051, 51.551687 ], [ 0.6688789, 51.5518346 ], [ 0.6688802, 51.5520947 ], [ 0.6698518, 51.5524966 ], [ 0.6704251, 51.5527191 ], [ 0.6708357, 51.5527747 ], [ 0.6711405, 51.5528265 ] ] } },
{ "type": "Feature", "properties": { "id": 27013, "nach": 0.68365669281666419 }, "geometry": { "type": "LineString", "coordinates": [ [ 0.6794883, 51.5449658 ], [ 0.6795964, 51.5449639 ] ] } },
{ "type": "Feature", "properties": { "id": 15117, "nach": 0.64518730239323796 }, "geometry": { "type": "LineString", "coordinates": [ [ 0.6796001, 51.5441804 ], [ 0.6796042, 51.5442897 ], [ 0.6796076, 51.5444555 ], [ 0.6796236, 51.5446553 ], [ 0.6796248, 51.5448089 ], [ 0.6795964, 51.5449639 ] ] } },
{ "type": "Feature", "properties": { "id": 24955, "nach": 0.70307798229237006 }, "geometry": { "type": "LineString", "coordinates": [ [ 0.6796181, 51.545499 ], [ 0.6796157, 51.5454566 ], [ 0.6795964, 51.5449639 ] ] } },
{ "type": "Feature", "properties": { "id": 27014, "nach": 0.58737633669997835 }, "geometry": { "type": "LineString", "coordinates": [ [ 0.6794883, 51.5449658 ], [ 0.6794939, 51.5453865 ], [ 0.6794664, 51.5454358 ], [ 0.6794578, 51.5455061 ] ] } },
{ "type": "Feature", "properties": { "id": 27012, "nach": 0.48000117472129095 }, "geometry": { "type": "LineString", "coordinates": [ [ 0.6794883, 51.5449658 ], [ 0.6794627, 51.5449662 ] ] } },
{ "type": "Feature", "properties": { "id": 27032, "nach": 0.68073560742824346 }, "geometry": { "type": "LineString", "coordinates": [ [ 0.6794785, 51.5441803 ], [ 0.6794779, 51.5442297 ], [ 0.6794825, 51.5445974 ], [ 0.6794883, 51.5449658 ] ] } },
{ "type": "Feature", "properties": { "id": 22914, "nach": 0.67211350565694705 }, "geometry": { "type": "LineString", "coordinates": [ [ 0.6795968, 51.5440274 ], [ 0.6796001, 51.5441804 ] ] } },
{ "type": "Feature", "properties": { "id": 27031, "nach": 0.59045677732680646 }, "geometry": { "type": "LineString", "coordinates": [ [ 0.6794785, 51.5441803 ], [ 0.6796001, 51.5441804 ] ] } },
{ "type": "Feature", "properties": { "id": 24956, "nach": 0.6874601343508282 }, "geometry": { "type": "LineString", "coordinates": [ [ 0.6796181, 51.545499 ], [ 0.679726, 51.5454942 ], [ 0.6797296, 51.54552120000001 ], [ 0.6798568, 51.5455148 ], [ 0.6798748, 51.5456084 ] ] } },
{ "type": "Feature", "properties": { "id": 24953, "nach": 0.58579723475851209 }, "geometry": { "type": "LineString", "coordinates": [ [ 0.6796181, 51.545499 ], [ 0.6796255, 51.5456241 ] ] } },
{ "type": "Feature", "properties": { "id": 25350, "nach": 0.42636955668535953 }, "geometry": { "type": "LineString", "coordinates": [ [ 0.6794578, 51.5455061 ], [ 0.6796181, 51.545499 ] ] } },
{ "type": "Feature", "properties": { "id": 10654, "nach": 0.35941105731149475 }, "geometry": { "type": "LineString", "coordinates": [ [ 0.6749677, 51.5374929 ], [ 0.6749387, 51.537443 ], [ 0.6749459, 51.5374132 ], [ 0.6749662, 51.5373872 ], [ 0.6750683, 51.5373441 ], [ 0.6752149, 51.5372956 ], [ 0.6752203, 51.53723750000001 ], [ 0.6751876, 51.5371601 ] ] } },
{ "type": "Feature", "properties": { "id": 25481, "nach": 0.45179047164055097 }, "geometry": { "type": "LineString", "coordinates": [ [ 0.6717312, 51.538081 ], [ 0.6721171, 51.5379711 ], [ 0.6739802, 51.5374512 ], [ 0.6751876, 51.5371601 ] ] } },
{ "type": "Feature", "properties": { "id": 23805, "nach": 0.46908931320297204 }, "geometry": { "type": "LineString", "coordinates": [ [ 0.6765743, 51.5368434 ], [ 0.6762928, 51.5369013 ], [ 0.6757236, 51.53703320000001 ], [ 0.6754625, 51.5370924 ], [ 0.6751876, 51.5371601 ] ] } },
{ "type": "Feature", "properties": { "id": 10656, "nach": 0.50091956540735028 }, "geometry": { "type": "LineString", "coordinates": [ [ 0.6746053, 51.5375757 ], [ 0.6749677, 51.5374929 ] ] } },
{ "type": "Feature", "properties": { "id": 23800, "nach": 0.48659157938517333 }, "geometry": { "type": "LineString", "coordinates": [ [ 0.6767187, 51.5370906 ], [ 0.6761223, 51.5372222 ], [ 0.6749677, 51.5374929 ] ] } },
{ "type": "Feature", "properties": { "id": 25482, "nach": 0.34524392784395652 }, "geometry": { "type": "LineString", "coordinates": [ [ 0.6717312, 51.538081 ], [ 0.67199, 51.538138 ], [ 0.6722109, 51.5381878 ], [ 0.6722535, 51.5382244 ] ] } },
{ "type": "Feature", "properties": { "id": 25486, "nach": 0.47370760210711826 }, "geometry": { "type": "LineString", "coordinates": [ [ 0.6717144, 51.5380858 ], [ 0.6717312, 51.538081 ] ] } },
{ "type": "Feature", "properties": { "id": 23803, "nach": 0.47411086411066877 }, "geometry": { "type": "LineString", "coordinates": [ [ 0.6765743, 51.5368434 ], [ 0.6774371, 51.5366375 ], [ 0.677862, 51.5365399 ] ] } },
{ "type": "Feature", "properties": { "id": 23804, "nach": 0.38061031906246079 }, "geometry": { "type": "LineString", "coordinates": [ [ 0.6765743, 51.5368434 ], [ 0.6766248, 51.5369306 ], [ 0.6766918, 51.5370424 ], [ 0.6767187, 51.5370906 ] ] } },
{ "type": "Feature", "properties": { "id": 1720, "nach": 0.54708636486393825 }, "geometry": { "type": "LineString", "coordinates": [ [ 0.6845928, 51.538569 ], [ 0.6858249, 51.5383435 ] ] } },
{ "type": "Feature", "properties": { "id": 21296, "nach": 0.53715927652736128 }, "geometry": { "type": "LineString", "coordinates": [ [ 0.6843344, 51.5383237 ], [ 0.6845928, 51.538569 ] ] } },
{ "type": "Feature", "properties": { "id": 1725, "nach": 0.56833614600109783 }, "geometry": { "type": "LineString", "coordinates": [ [ 0.6833652, 51.5387215 ], [ 0.6834349, 51.5387383 ], [ 0.6836, 51.538724899999984 ], [ 0.6845928, 51.538569 ] ] } },
{ "type": "Feature", "properties": { "id": 21298, "nach": 0.50198084751735561 }, "geometry": { "type": "LineString", "coordinates": [ [ 0.6843344, 51.5383237 ], [ 0.6834728, 51.5375058 ], [ 0.6834439, 51.53745090000001 ] ] } },
{ "type": "Feature", "properties": { "id": 21299, "nach": 0.44765623993170089 }, "geometry": { "type": "LineString", "coordinates": [ [ 0.6846931, 51.5382066 ], [ 0.6843344, 51.5383237 ] ] } },
{ "type": "Feature", "properties": { "id": 7983, "nach": 0.59292085340664447 }, "geometry": { "type": "LineString", "coordinates": [ [ 0.6833711, 51.5390032 ], [ 0.6833413, 51.5389585 ], [ 0.6831486, 51.5389762 ], [ 0.6831082, 51.5388645 ], [ 0.683329, 51.5388404 ], [ 0.6833652, 51.5387215 ] ] } },
{ "type": "Feature", "properties": { "id": 1727, "nach": 0.58151569710441686 }, "geometry": { "type": "LineString", "coordinates": [ [ 0.6826832, 51.5383435 ], [ 0.6827806, 51.5383594 ], [ 0.682864, 51.53840670000001 ], [ 0.6832998, 51.5386975 ], [ 0.6833652, 51.5387215 ] ] } },
{ "type": "Feature", "properties": { "id": 7981, "nach": 0.59523560567195799 }, "geometry": { "type": "LineString", "coordinates": [ [ 0.6833711, 51.5390032 ], [ 0.6836068, 51.539011 ] ] } },
{ "type": "Feature", "properties": { "id": 7982, "nach": 0.34654418694485739 }, "geometry": { "type": "LineString", "coordinates": [ [ 0.6833711, 51.5390032 ], [ 0.6833966, 51.5390299 ], [ 0.6828023, 51.5391154 ], [ 0.6825709, 51.5391442 ], [ 0.6808852, 51.539266800000014 ], [ 0.6799387, 51.5393388 ], [ 0.6792858, 51.5393163 ], [ 0.6791942, 51.5393132 ], [ 0.6778818, 51.5392628 ] ] } },
{ "type": "Feature", "properties": { "id": 24131, "nach": 0.53210105051966983 }, "geometry": { "type": "LineString", "coordinates": [ [ 0.6817803, 51.5383882 ], [ 0.6826832, 51.5383435 ] ] } },
{ "type": "Feature", "properties": { "id": 15707, "nach": 0.57402190875340331 }, "geometry": { "type": "LineString", "coordinates": [ [ 0.6815274, 51.537513400000016 ], [ 0.6824685, 51.538144700000011 ], [ 0.6826129, 51.538234599999988 ], [ 0.6826682, 51.5382833 ], [ 0.6826774, 51.53831370000001 ], [ 0.6826832, 51.5383435 ] ] } },
{ "type": "Feature", "properties": { "id": 24130, "nach": 0.48863099746590771 }, "geometry": { "type": "LineString", "coordinates": [ [ 0.6817803, 51.5383882 ], [ 0.6787192, 51.5385134 ] ] } },
{ "type": "Feature", "properties": { "id": 24132, "nach": 0.50465575042175592 }, "geometry": { "type": "LineString", "coordinates": [ [ 0.6817803, 51.5383882 ], [ 0.6818245, 51.538844 ] ] } },
{ "type": "Feature", "properties": { "id": 15706, "nach": 0.57471065735996218 }, "geometry": { "type": "LineString", "coordinates": [ [ 0.6815274, 51.537513400000016 ], [ 0.6814035, 51.5374035 ], [ 0.6811966, 51.5372009 ] ] } },
{ "type": "Feature", "properties": { "id": 15716, "nach": 0.52677806903909674 }, "geometry": { "type": "LineString", "coordinates": [ [ 0.6823062, 51.5370752 ], [ 0.6821641, 51.53709520000001 ], [ 0.6821855, 51.5372053 ], [ 0.6816625, 51.5374405 ], [ 0.6815274, 51.537513400000016 ] ] } },
{ "type": "Feature", "properties": { "id": 1738, "nach": 0.4612892915639773 }, "geometry": { "type": "LineString", "coordinates": [ [ 0.6777548, 51.537777 ], [ 0.6810398, 51.537233 ], [ 0.6811367, 51.53721310000001 ], [ 0.6811966, 51.5372009 ] ] } },
{ "type": "Feature", "properties": { "id": 21233, "nach": 0.5613446621158894 }, "geometry": { "type": "LineString", "coordinates": [ [ 0.6810443, 51.5369182 ], [ 0.6811051, 51.537050900000011 ], [ 0.6811966, 51.5372009 ] ] } },
{ "type": "Feature", "properties": { "id": 10651, "nach": 0.5694671648007591 }, "geometry": { "type": "LineString", "coordinates": [ [ 0.6776734, 51.536891799999985 ], [ 0.6776671, 51.5369172 ], [ 0.6776594, 51.5369408 ], [ 0.6776644, 51.536984200000013 ], [ 0.6776913, 51.5371464 ], [ 0.6777548, 51.537777 ] ] } },
{ "type": "Feature", "properties": { "id": 1749, "nach": 0.57502541519475903 }, "geometry": { "type": "LineString", "coordinates": [ [ 0.677887, 51.5385008 ], [ 0.6778541, 51.5383934 ], [ 0.6777922, 51.5381601 ], [ 0.6777548, 51.537777 ] ] } },
{ "type": "Feature", "properties": { "id": 1747, "nach": 0.59264369549804419 }, "geometry": { "type": "LineString", "coordinates": [ [ 0.677887, 51.5385008 ], [ 0.6778984, 51.5385475 ] ] } },
{ "type": "Feature", "properties": { "id": 20650, "nach": 0.51879136667469239 }, "geometry": { "type": "LineString", "coordinates": [ [ 0.6787192, 51.5385134 ], [ 0.677971, 51.5385443 ], [ 0.6778984, 51.5385475 ] ] } },
{ "type": "Feature", "properties": { "id": 6585, "nach": 0.59844767275533106 }, "geometry": { "type": "LineString", "coordinates": [ [ 0.6778818, 51.5392628 ], [ 0.6778919, 51.5391903 ], [ 0.6779272, 51.5389747 ], [ 0.6779299, 51.5387846 ], [ 0.6778984, 51.5385475 ] ] } },
{ "type": "Feature", "properties": { "id": 1750, "nach": 0.45699678109669989 }, "geometry": { "type": "LineString", "coordinates": [ [ 0.6746767, 51.5382406 ], [ 0.6778127, 51.538494399999983 ], [ 0.677887, 51.5385008 ] ] } },
{ "type": "Feature", "properties": { "id": 20649, "nach": 0.43509896532899284 }, "geometry": { "type": "LineString", "coordinates": [ [ 0.6787192, 51.5385134 ], [ 0.6787597, 51.5389683 ] ] } },
{ "type": "Feature", "properties": { "id": 23801, "nach": 0.5256788258473597 }, "geometry": { "type": "LineString", "coordinates": [ [ 0.6767187, 51.5370906 ], [ 0.6768298, 51.5370661 ], [ 0.677522, 51.5369131 ], [ 0.6775951, 51.5368969 ], [ 0.6776734, 51.536891799999985 ] ] } },
{ "type": "Feature", "properties": { "id": 25484, "nach": 0.49401536078242564 }, "geometry": { "type": "LineString", "coordinates": [ [ 0.6713793, 51.5383411 ], [ 0.6715002, 51.5383532 ], [ 0.6717083, 51.5384065 ], [ 0.6717755, 51.538351199999987 ] ] } },
{ "type": "Feature", "properties": { "id": 10660, "nach": 0.48858379638671867 }, "geometry": { "type": "LineString", "coordinates": [ [ 0.6722535, 51.5382244 ], [ 0.6718499, 51.538352199999984 ], [ 0.6718175, 51.5383555 ], [ 0.6717755, 51.538351199999987 ] ] } },
{ "type": "Feature", "properties": { "id": 25483, "nach": 0.54175405590218906 }, "geometry": { "type": "LineString", "coordinates": [ [ 0.6713793, 51.5383411 ], [ 0.6712018, 51.5383431 ], [ 0.6709629, 51.5383757 ] ] } },
{ "type": "Feature", "properties": { "id": 25488, "nach": 0.47883788087184648 }, "geometry": { "type": "LineString", "coordinates": [ [ 0.6717144, 51.5380858 ], [ 0.6714074, 51.5383067 ], [ 0.6713793, 51.5383411 ] ] } },
{ "type": "Feature", "properties": { "id": 10661, "nach": 0.49542597073889155 }, "geometry": { "type": "LineString", "coordinates": [ [ 0.6722535, 51.5382244 ], [ 0.6728804, 51.538048 ], [ 0.6734663, 51.5378832 ], [ 0.6736463, 51.5378341 ], [ 0.6744201, 51.5376227 ], [ 0.6746053, 51.5375757 ] ] } },
{ "type": "Feature", "properties": { "id": 25493, "nach": 0.38239851187662988 }, "geometry": { "type": "LineString", "coordinates": [ [ 0.6737334, 51.5384143 ], [ 0.6737334, 51.538518 ], [ 0.6737774, 51.5385859 ], [ 0.6745322, 51.5386993 ], [ 0.6746351, 51.5387041 ], [ 0.6746767, 51.5382406 ] ] } },
{ "type": "Feature", "properties": { "id": 10658, "nach": 0.46521138694619157 }, "geometry": { "type": "LineString", "coordinates": [ [ 0.6746053, 51.5375757 ], [ 0.6746139, 51.5376393 ], [ 0.6746749, 51.5380878 ], [ 0.6746767, 51.5382406 ] ] } },
{ "type": "Feature", "properties": { "id": 7848, "nach": 0.51957363533378764 }, "geometry": { "type": "LineString", "coordinates": [ [ 0.6903495, 51.5409028 ], [ 0.690894, 51.5407903 ], [ 0.6913503, 51.540715 ] ] } },
{ "type": "Feature", "properties": { "id": 25594, "nach": 0.60129743791294477 }, "geometry": { "type": "LineString", "coordinates": [ [ 0.6907396, 51.539652 ], [ 0.6909204, 51.539969 ] ] } },
{ "type": "Feature", "properties": { "id": 24124, "nach": 0.55080729678294571 }, "geometry": { "type": "LineString", "coordinates": [ [ 0.6842075, 51.5388997 ], [ 0.6837189, 51.5389775 ], [ 0.6836068, 51.539011 ] ] } },
{ "type": "Feature", "properties": { "id": 1964, "nach": 0.581687169334691 }, "geometry": { "type": "LineString", "coordinates": [ [ 0.6840565, 51.5396954 ], [ 0.6836513, 51.5391 ], [ 0.6836068, 51.539011 ] ] } },
{ "type": "Feature", "properties": { "id": 24123, "nach": 0.53845945519321181 }, "geometry": { "type": "LineString", "coordinates": [ [ 0.6842075, 51.5388997 ], [ 0.6847708, 51.5387972 ] ] } },
{ "type": "Feature", "properties": { "id": 24126, "nach": 0.44898586896685067 }, "geometry": { "type": "LineString", "coordinates": [ [ 0.6846102, 51.5392696 ], [ 0.6844897, 51.5391539 ], [ 0.6843946, 51.5390685 ], [ 0.6843384, 51.5390178 ], [ 0.6842075, 51.5388997 ] ] } },
{ "type": "Feature", "properties": { "id": 2044, "nach": 0.52500447851190446 }, "geometry": { "type": "LineString", "coordinates": [ [ 0.6818115, 51.5400037 ], [ 0.6840565, 51.5396954 ] ] } },
{ "type": "Feature", "properties": { "id": 1967, "nach": 0.55899921044393719 }, "geometry": { "type": "LineString", "coordinates": [ [ 0.6848205, 51.5404508 ], [ 0.6843194, 51.539993699999989 ], [ 0.6840565, 51.5396954 ] ] } },
{ "type": "Feature", "properties": { "id": 2064, "nach": 0.50597224794608642 }, "geometry": { "type": "LineString", "coordinates": [ [ 0.6821615, 51.5409466 ], [ 0.6818115, 51.5400037 ] ] } },
{ "type": "Feature", "properties": { "id": 20652, "nach": 0.56123163442860502 }, "geometry": { "type": "LineString", "coordinates": [ [ 0.6852624, 51.5408003 ], [ 0.6848205, 51.5404508 ] ] } },
{ "type": "Feature", "properties": { "id": 2066, "nach": 0.40714290744125342 }, "geometry": { "type": "LineString", "coordinates": [ [ 0.6821615, 51.5409466 ], [ 0.6848205, 51.5404508 ] ] } },
{ "type": "Feature", "properties": { "id": 20651, "nach": 0.57389215897301826 }, "geometry": { "type": "LineString", "coordinates": [ [ 0.6852624, 51.5408003 ], [ 0.6856859, 51.5411353 ] ] } },
{ "type": "Feature", "properties": { "id": 20654, "nach": 0.44419534508749836 }, "geometry": { "type": "LineString", "coordinates": [ [ 0.6845729, 51.541023 ], [ 0.6852624, 51.5408003 ] ] } },
{ "type": "Feature", "properties": { "id": 2063, "nach": 0.51905849629817102 }, "geometry": { "type": "LineString", "coordinates": [ [ 0.6821615, 51.5409466 ], [ 0.682566, 51.5420354 ] ] } },
{ "type": "Feature", "properties": { "id": 2068, "nach": 0.37543393409662668 }, "geometry": { "type": "LineString", "coordinates": [ [ 0.6791859, 51.541462 ], [ 0.6821615, 51.5409466 ] ] } },
{ "type": "Feature", "properties": { "id": 2072, "nach": 0.56456066106987401 }, "geometry": { "type": "LineString", "coordinates": [ [ 0.6870444, 51.542231899999983 ], [ 0.6868055, 51.5419701 ] ] } },
{ "type": "Feature", "properties": { "id": 7614, "nach": 0.42919378227991856 }, "geometry": { "type": "LineString", "coordinates": [ [ 0.6870339, 51.5418957 ], [ 0.6868055, 51.5419701 ] ] } },
{ "type": "Feature", "properties": { "id": 1994, "nach": 0.57499123718786327 }, "geometry": { "type": "LineString", "coordinates": [ [ 0.6856859, 51.5411353 ], [ 0.6860537, 51.5413821 ], [ 0.686422, 51.5416353 ], [ 0.6868055, 51.5419701 ] ] } },
{ "type": "Feature", "properties": { "id": 21106, "nach": 0.5794263478479954 }, "geometry": { "type": "LineString", "coordinates": [ [ 0.6870771, 51.5422841 ], [ 0.6870444, 51.542231899999983 ] ] } },
{ "type": "Feature", "properties": { "id": 7615, "nach": 0.43716332590252288 }, "geometry": { "type": "LineString", "coordinates": [ [ 0.6870339, 51.5418957 ], [ 0.687259, 51.5421452 ], [ 0.6870444, 51.542231899999983 ] ] } },
{ "type": "Feature", "properties": { "id": 25787, "nach": 0.41939837026353444 }, "geometry": { "type": "LineString", "coordinates": [ [ 0.6882628, 51.541860600000014 ], [ 0.6878568, 51.5419686 ], [ 0.6878247, 51.5419706 ], [ 0.6877998, 51.5419622 ], [ 0.6877831, 51.541944 ], [ 0.687615, 51.5417229 ], [ 0.6875825, 51.5417095 ], [ 0.6875435, 51.5417048 ], [ 0.6871292, 51.5418292 ], [ 0.6870638, 51.54186390000001 ], [ 0.6870339, 51.5418957 ] ] } },
{ "type": "Feature", "properties": { "id": 25810, "nach": 0.57693538924177878 }, "geometry": { "type": "LineString", "coordinates": [ [ 0.6850668, 51.5413432 ], [ 0.6856859, 51.5411353 ] ] } },
{ "type": "Feature", "properties": { "id": 22934, "nach": 0.57543246764546718 }, "geometry": { "type": "LineString", "coordinates": [ [ 0.6866606, 51.5407601 ], [ 0.68657, 51.5407954 ], [ 0.6856859, 51.5411353 ] ] } },
{ "type": "Feature", "properties": { "id": 21105, "nach": 0.58405973051419935 }, "geometry": { "type": "LineString", "coordinates": [ [ 0.6870771, 51.5422841 ], [ 0.6873478, 51.5427171 ] ] } },
{ "type": "Feature", "properties": { "id": 17000, "nach": 0.5137439295437698 }, "geometry": { "type": "LineString", "coordinates": [ [ 0.6881668, 51.542533400000011 ], [ 0.6880208, 51.5425522 ], [ 0.6873478, 51.5427171 ] ] } },
{ "type": "Feature", "properties": { "id": 1976, "nach": 0.59967930335959652 }, "geometry": { "type": "LineString", "coordinates": [ [ 0.6875107, 51.5430264 ], [ 0.6874387, 51.542874 ], [ 0.6873478, 51.5427171 ] ] } },
{ "type": "Feature", "properties": { "id": 21108, "nach": 0.43468601454122191 }, "geometry": { "type": "LineString", "coordinates": [ [ 0.6879539, 51.542040900000011 ], [ 0.6873809, 51.5421998 ], [ 0.6870771, 51.5422841 ] ] } },
{ "type": "Feature", "properties": { "id": 16999, "nach": 0.41862310467147157 }, "geometry": { "type": "LineString", "coordinates": [ [ 0.6881668, 51.542533400000011 ], [ 0.6882447, 51.5425877 ], [ 0.6883211, 51.5426327 ], [ 0.688466, 51.5428079 ], [ 0.6886564, 51.5431482 ] ] } },
{ "type": "Feature", "properties": { "id": 17001, "nach": 0.43736495437852974 }, "geometry": { "type": "LineString", "coordinates": [ [ 0.6881821, 51.5424553 ], [ 0.6881668, 51.542533400000011 ] ] } },
{ "type": "Feature", "properties": { "id": 2061, "nach": 0.57487703255281697 }, "geometry": { "type": "LineString", "coordinates": [ [ 0.685346, 51.5434792 ], [ 0.6875107, 51.5430264 ] ] } },
{ "type": "Feature", "properties": { "id": 1980, "nach": 0.606498686714807 }, "geometry": { "type": "LineString", "coordinates": [ [ 0.687896, 51.5440881 ], [ 0.6877403, 51.54380130000002 ], [ 0.6876713, 51.54355970000001 ], [ 0.6875107, 51.5430264 ] ] } },
{ "type": "Feature", "properties": { "id": 2059, "nach": 0.41871716942122683 }, "geometry": { "type": "LineString", "coordinates": [ [ 0.685346, 51.5434792 ], [ 0.6840784, 51.5416671 ] ] } },
{ "type": "Feature", "properties": { "id": 18325, "nach": 0.58676087101302898 }, "geometry": { "type": "LineString", "coordinates": [ [ 0.6848569, 51.5435831 ], [ 0.685346, 51.5434792 ] ] } },
{ "type": "Feature", "properties": { "id": 18327, "nach": 0.45633651740889891 }, "geometry": { "type": "LineString", "coordinates": [ [ 0.685682, 51.5441305 ], [ 0.685622, 51.5440072 ], [ 0.6855255, 51.543798 ], [ 0.6854238, 51.5435694 ], [ 0.685346, 51.5434792 ] ] } },
{ "type": "Feature", "properties": { "id": 26791, "nach": 0.42019672711653289 }, "geometry": { "type": "LineString", "coordinates": [ [ 0.6865658, 51.5445447 ], [ 0.6869402, 51.54446 ], [ 0.6869123, 51.5443892 ], [ 0.6871517, 51.544240399999985 ], [ 0.6872482, 51.544207 ], [ 0.687896, 51.5440881 ] ] } },
{ "type": "Feature", "properties": { "id": 2070, "nach": 0.43690100000920418 }, "geometry": { "type": "LineString", "coordinates": [ [ 0.6887244, 51.5438419 ], [ 0.6886458, 51.5439104 ], [ 0.687896, 51.5440881 ] ] } },
{ "type": "Feature", "properties": { "id": 2127, "nach": 0.61313263504283422 }, "geometry": { "type": "LineString", "coordinates": [ [ 0.6884046, 51.5448601 ], [ 0.6883721, 51.5448174 ], [ 0.6881234, 51.5444905 ], [ 0.6880368, 51.5443658 ], [ 0.6879747, 51.544260800000011 ], [ 0.687896, 51.5440881 ] ] } },
{ "type": "Feature", "properties": { "id": 3045, "nach": 0.63073539290702618 }, "geometry": { "type": "LineString", "coordinates": [ [ 0.6887304, 51.5447619 ], [ 0.6884046, 51.5448601 ] ] } },
{ "type": "Feature", "properties": { "id": 2203, "nach": 0.63623957617178317 }, "geometry": { "type": "LineString", "coordinates": [ [ 0.6877846, 51.5450751 ], [ 0.6880293, 51.5449901 ], [ 0.6880964, 51.5449667 ], [ 0.6881504, 51.5449481 ], [ 0.6884046, 51.5448601 ] ] } },
{ "type": "Feature", "properties": { "id": 21065, "nach": 0.58972587215277661 }, "geometry": { "type": "LineString", "coordinates": [ [ 0.6912156, 51.5404813 ], [ 0.6909204, 51.539969 ] ] } },
{ "type": "Feature", "properties": { "id": 7849, "nach": 0.33514530001880877 }, "geometry": { "type": "LineString", "coordinates": [ [ 0.6903495, 51.5409028 ], [ 0.6907699, 51.541651 ], [ 0.6917144, 51.5433018 ] ] } },
{ "type": "Feature", "properties": { "id": 7866, "nach": 0.5016941106135544 }, "geometry": { "type": "LineString", "coordinates": [ [ 0.6893759, 51.541068400000015 ], [ 0.6903495, 51.5409028 ] ] } },
{ "type": "Feature", "properties": { "id": 2001, "nach": 0.39962638958462215 }, "geometry": { "type": "LineString", "coordinates": [ [ 0.6885501, 51.5381956 ], [ 0.6896483, 51.5401651 ] ] } },
{ "type": "Feature", "properties": { "id": 7855, "nach": 0.46006491438314123 }, "geometry": { "type": "LineString", "coordinates": [ [ 0.6883476, 51.5403866 ], [ 0.6872891, 51.5384069 ] ] } },
{ "type": "Feature", "properties": { "id": 2006, "nach": 0.53083538317469714 }, "geometry": { "type": "LineString", "coordinates": [ [ 0.6860016, 51.5386098 ], [ 0.6872891, 51.5384069 ] ] } },
{ "type": "Feature", "properties": { "id": 7857, "nach": 0.53222557549599658 }, "geometry": { "type": "LineString", "coordinates": [ [ 0.6883476, 51.5403866 ], [ 0.6896483, 51.5401651 ] ] } },
{ "type": "Feature", "properties": { "id": 7856, "nach": 0.5697879447450841 }, "geometry": { "type": "LineString", "coordinates": [ [ 0.6883476, 51.5403866 ], [ 0.6871432, 51.540594300000016 ] ] } },
{ "type": "Feature", "properties": { "id": 7858, "nach": 0.50134964499251611 }, "geometry": { "type": "LineString", "coordinates": [ [ 0.6883476, 51.5403866 ], [ 0.6886476, 51.540924799999985 ], [ 0.6887813, 51.541169 ] ] } },
{ "type": "Feature", "properties": { "id": 2005, "nach": 0.37491807600681576 }, "geometry": { "type": "LineString", "coordinates": [ [ 0.6860016, 51.5386098 ], [ 0.6871432, 51.540594300000016 ] ] } },
{ "type": "Feature", "properties": { "id": 2008, "nach": 0.52943234853775367 }, "geometry": { "type": "LineString", "coordinates": [ [ 0.6847708, 51.5387972 ], [ 0.6860016, 51.5386098 ] ] } },
{ "type": "Feature", "properties": { "id": 1997, "nach": 0.54016687060804058 }, "geometry": { "type": "LineString", "coordinates": [ [ 0.6896483, 51.5401651 ], [ 0.6909204, 51.539969 ] ] } },
{ "type": "Feature", "properties": { "id": 25812, "nach": 0.57422137525477934 }, "geometry": { "type": "LineString", "coordinates": [ [ 0.6850668, 51.5413432 ], [ 0.6846285, 51.5414904 ], [ 0.6840784, 51.5416671 ] ] } },
{ "type": "Feature", "properties": { "id": 25811, "nach": 0.46398351949934202 }, "geometry": { "type": "LineString", "coordinates": [ [ 0.6850668, 51.5413432 ], [ 0.6853187, 51.541621199999987 ] ] } },
{ "type": "Feature", "properties": { "id": 22935, "nach": 0.57054027984566147 }, "geometry": { "type": "LineString", "coordinates": [ [ 0.6866606, 51.5407601 ], [ 0.6870192, 51.54062050000001 ], [ 0.6871432, 51.540594300000016 ] ] } },
{ "type": "Feature", "properties": { "id": 22936, "nach": 0.45188199412546981 }, "geometry": { "type": "LineString", "coordinates": [ [ 0.6870106, 51.5410917 ], [ 0.6866606, 51.5407601 ] ] } },
{ "type": "Feature", "properties": { "id": 2011, "nach": 0.42433930373105982 }, "geometry": { "type": "LineString", "coordinates": [ [ 0.6856032, 51.5398363 ], [ 0.6851904, 51.5394926 ], [ 0.6847708, 51.5387972 ] ] } },
{ "type": "Feature", "properties": { "id": 7854, "nach": 0.42933064518296438 }, "geometry": { "type": "LineString", "coordinates": [ [ 0.6907555, 51.5435187 ], [ 0.6911973, 51.543420500000011 ], [ 0.6917144, 51.5433018 ] ] } },
{ "type": "Feature", "properties": { "id": 7853, "nach": 0.49070106060495994 }, "geometry": { "type": "LineString", "coordinates": [ [ 0.6907555, 51.5435187 ], [ 0.6909687, 51.5438963 ], [ 0.6911131, 51.5440709 ], [ 0.6911461, 51.5441209 ] ] } },
{ "type": "Feature", "properties": { "id": 7868, "nach": 0.43068604133136629 }, "geometry": { "type": "LineString", "coordinates": [ [ 0.6893759, 51.541068400000015 ], [ 0.6907555, 51.5435187 ] ] } },
{ "type": "Feature", "properties": { "id": 18316, "nach": 0.64542105035972364 }, "geometry": { "type": "LineString", "coordinates": [ [ 0.6818456, 51.5440871 ], [ 0.6813955, 51.5440804 ] ] } },
{ "type": "Feature", "properties": { "id": 20775, "nach": 0.56653570467906134 }, "geometry": { "type": "LineString", "coordinates": [ [ 0.6811987, 51.5431311 ], [ 0.6813955, 51.5440804 ] ] } },
{ "type": "Feature", "properties": { "id": 22915, "nach": 0.66504818341803018 }, "geometry": { "type": "LineString", "coordinates": [ [ 0.6795968, 51.5440274 ], [ 0.6796608, 51.544029700000024 ], [ 0.679709, 51.5440313 ], [ 0.680837, 51.5440683 ], [ 0.6813955, 51.5440804 ] ] } },
{ "type": "Feature", "properties": { "id": 21290, "nach": 0.63725965974818577 }, "geometry": { "type": "LineString", "coordinates": [ [ 0.6824743, 51.5440511 ], [ 0.6822168, 51.5440703 ], [ 0.6818456, 51.5440871 ] ] } },
{ "type": "Feature", "properties": { "id": 18319, "nach": 0.45638986595807129 }, "geometry": { "type": "LineString", "coordinates": [ [ 0.6817377, 51.5448047 ], [ 0.6818115, 51.544735800000012 ], [ 0.6818485, 51.5445675 ], [ 0.6818423, 51.5442766 ], [ 0.6818456, 51.5440871 ] ] } },
{ "type": "Feature", "properties": { "id": 25431, "nach": 0.55165958967439022 }, "geometry": { "type": "LineString", "coordinates": [ [ 0.6811522, 51.5429164 ], [ 0.6811987, 51.5431311 ] ] } },
{ "type": "Feature", "properties": { "id": 20777, "nach": 0.45658474341172012 }, "geometry": { "type": "LineString", "coordinates": [ [ 0.6803006, 51.543184 ], [ 0.6805394, 51.5431816 ], [ 0.6811987, 51.5431311 ] ] } },
{ "type": "Feature", "properties": { "id": 22913, "nach": 0.64560849975167611 }, "geometry": { "type": "LineString", "coordinates": [ [ 0.6795968, 51.5440274 ], [ 0.6795977, 51.5440129 ] ] } },
{ "type": "Feature", "properties": { "id": 11143, "nach": 0.48693153749670764 }, "geometry": { "type": "LineString", "coordinates": [ [ 0.6797609, 51.5426662 ], [ 0.679537, 51.5426857 ] ] } },
{ "type": "Feature", "properties": { "id": 25433, "nach": 0.61436843207606973 }, "geometry": { "type": "LineString", "coordinates": [ [ 0.6795079, 51.542593800000013 ], [ 0.679537, 51.5426857 ] ] } },
{ "type": "Feature", "properties": { "id": 25437, "nach": 0.61921380759081812 }, "geometry": { "type": "LineString", "coordinates": [ [ 0.679568, 51.5428229 ], [ 0.679537, 51.5426857 ] ] } },
{ "type": "Feature", "properties": { "id": 20167, "nach": 0.48742656818185393 }, "geometry": { "type": "LineString", "coordinates": [ [ 0.679355, 51.5426985 ], [ 0.679537, 51.5426857 ] ] } },
{ "type": "Feature", "properties": { "id": 11144, "nach": 0.60509990741850705 }, "geometry": { "type": "LineString", "coordinates": [ [ 0.6797609, 51.5426662 ], [ 0.6798217, 51.5426521 ], [ 0.6802354, 51.5425556 ], [ 0.681037, 51.5423785 ] ] } },
{ "type": "Feature", "properties": { "id": 25440, "nach": 0.58228760867327367 }, "geometry": { "type": "LineString", "coordinates": [ [ 0.679568, 51.5428229 ], [ 0.6796572, 51.5428235 ], [ 0.679687, 51.5427785 ], [ 0.6797251, 51.5427409 ], [ 0.6797883, 51.542715 ], [ 0.6797609, 51.5426662 ] ] } },
{ "type": "Feature", "properties": { "id": 25435, "nach": 0.47249431329523056 }, "geometry": { "type": "LineString", "coordinates": [ [ 0.6795079, 51.542593800000013 ], [ 0.6796178, 51.5425805 ], [ 0.6796784, 51.54260630000001 ], [ 0.6797277, 51.5426068 ], [ 0.6797609, 51.5426662 ] ] } },
{ "type": "Feature", "properties": { "id": 25436, "nach": 0.42596243475392959 }, "geometry": { "type": "LineString", "coordinates": [ [ 0.6795079, 51.542593800000013 ], [ 0.679404, 51.54260630000001 ], [ 0.6793919, 51.5426214 ], [ 0.6793452, 51.5426321 ], [ 0.679355, 51.5426985 ] ] } },
{ "type": "Feature", "properties": { "id": 25834, "nach": 0.62307063247689898 }, "geometry": { "type": "LineString", "coordinates": [ [ 0.6793274, 51.5419613 ], [ 0.6794961, 51.5425568 ], [ 0.6795079, 51.542593800000013 ] ] } },
{ "type": "Feature", "properties": { "id": 25441, "nach": 0.50416803001126842 }, "geometry": { "type": "LineString", "coordinates": [ [ 0.6794607, 51.5428221 ], [ 0.679568, 51.5428229 ] ] } },
{ "type": "Feature", "properties": { "id": 27009, "nach": 0.66181617863102837 }, "geometry": { "type": "LineString", "coordinates": [ [ 0.6795793, 51.54312070000001 ], [ 0.6795786, 51.5428702 ], [ 0.679568, 51.5428229 ] ] } },
{ "type": "Feature", "properties": { "id": 25442, "nach": 0.54998481208666616 }, "geometry": { "type": "LineString", "coordinates": [ [ 0.6794607, 51.5428221 ], [ 0.6794412, 51.5427877 ], [ 0.6794092, 51.5427699 ], [ 0.6793634, 51.5427554 ], [ 0.679355, 51.5426985 ] ] } },
{ "type": "Feature", "properties": { "id": 2056, "nach": 0.59284834177539569 }, "geometry": { "type": "LineString", "coordinates": [ [ 0.681037, 51.5423785 ], [ 0.682566, 51.5420354 ] ] } },
{ "type": "Feature", "properties": { "id": 2050, "nach": 0.44692252653600684 }, "geometry": { "type": "LineString", "coordinates": [ [ 0.683289, 51.543923499999984 ], [ 0.682566, 51.5420354 ] ] } },
{ "type": "Feature", "properties": { "id": 2054, "nach": 0.57206246262240157 }, "geometry": { "type": "LineString", "coordinates": [ [ 0.6840784, 51.5416671 ], [ 0.6835203, 51.5418057 ], [ 0.682566, 51.5420354 ] ] } },
{ "type": "Feature", "properties": { "id": 20717, "nach": 0.52279015422150144 }, "geometry": { "type": "LineString", "coordinates": [ [ 0.681129, 51.5428095 ], [ 0.6810464, 51.5424226 ], [ 0.681037, 51.5423785 ] ] } },
{ "type": "Feature", "properties": { "id": 25761, "nach": 0.61405217738423845 }, "geometry": { "type": "LineString", "coordinates": [ [ 0.683065, 51.543963 ], [ 0.683289, 51.543923499999984 ] ] } },
{ "type": "Feature", "properties": { "id": 18320, "nach": 0.60444937325347137 }, "geometry": { "type": "LineString", "coordinates": [ [ 0.6836147, 51.5438453 ], [ 0.683289, 51.543923499999984 ] ] } },
{ "type": "Feature", "properties": { "id": 25760, "nach": 0.62190670552594352 }, "geometry": { "type": "LineString", "coordinates": [ [ 0.683065, 51.543963 ], [ 0.6827212, 51.5440237 ] ] } },
{ "type": "Feature", "properties": { "id": 25763, "nach": 0.46109201888173024 }, "geometry": { "type": "LineString", "coordinates": [ [ 0.6833451, 51.5440611 ], [ 0.6832128, 51.5440863 ], [ 0.6831669, 51.5440837 ], [ 0.6831264, 51.5440628 ], [ 0.683065, 51.543963 ] ] } },
{ "type": "Feature", "properties": { "id": 18324, "nach": 0.59362353929752076 }, "geometry": { "type": "LineString", "coordinates": [ [ 0.6848569, 51.5435831 ], [ 0.6836147, 51.5438453 ] ] } },
{ "type": "Feature", "properties": { "id": 18323, "nach": 0.44999228564036287 }, "geometry": { "type": "LineString", "coordinates": [ [ 0.6839152, 51.5445775 ], [ 0.6838286, 51.54445 ], [ 0.6837323, 51.5444166 ], [ 0.6836098, 51.544272 ], [ 0.6834723, 51.5440179 ], [ 0.6836745, 51.5439649 ], [ 0.6836607, 51.543905 ], [ 0.6836147, 51.5438453 ] ] } },
{ "type": "Feature", "properties": { "id": 25430, "nach": 0.53648783676060441 }, "geometry": { "type": "LineString", "coordinates": [ [ 0.6811522, 51.5429164 ], [ 0.681129, 51.5428095 ] ] } },
{ "type": "Feature", "properties": { "id": 20719, "nach": 0.4609465914832056 }, "geometry": { "type": "LineString", "coordinates": [ [ 0.6815881, 51.5427503 ], [ 0.6812531, 51.5427985 ], [ 0.681129, 51.5428095 ] ] } },
{ "type": "Feature", "properties": { "id": 18328, "nach": 0.44482470331738944 }, "geometry": { "type": "LineString", "coordinates": [ [ 0.6857602, 51.5443057 ], [ 0.6853378, 51.5444111 ], [ 0.6852752, 51.5443365 ], [ 0.685163, 51.5441127 ], [ 0.6850274, 51.5438743 ], [ 0.6849049, 51.5436537 ], [ 0.6848569, 51.5435831 ] ] } },
{ "type": "Feature", "properties": { "id": 25833, "nach": 0.61384304011070967 }, "geometry": { "type": "LineString", "coordinates": [ [ 0.6793274, 51.5419613 ], [ 0.6791859, 51.541462 ] ] } },
{ "type": "Feature", "properties": { "id": 25836, "nach": 0.46629179480147315 }, "geometry": { "type": "LineString", "coordinates": [ [ 0.6801733, 51.5419637 ], [ 0.680098, 51.5419695 ], [ 0.6800413, 51.5419645 ], [ 0.6799683, 51.5419587 ], [ 0.6796557, 51.541994900000013 ], [ 0.6796057, 51.5419939 ], [ 0.679541, 51.5419694 ], [ 0.6794796, 51.5419455 ], [ 0.6794264, 51.5419455 ], [ 0.6793274, 51.5419613 ] ] } },
{ "type": "Feature", "properties": { "id": 2099, "nach": 0.61366113560956026 }, "geometry": { "type": "LineString", "coordinates": [ [ 0.6826215, 51.5532756 ], [ 0.6807623, 51.5534432 ], [ 0.6806576, 51.5534529 ] ] } },
{ "type": "Feature", "properties": { "id": 24963, "nach": 0.60816987724615412 }, "geometry": { "type": "LineString", "coordinates": [ [ 0.6806495, 51.5536221 ], [ 0.6826672, 51.5534371 ] ] } },
{ "type": "Feature", "properties": { "id": 24966, "nach": 0.46730986140113301 }, "geometry": { "type": "LineString", "coordinates": [ [ 0.6806465, 51.5534034 ], [ 0.6806576, 51.5534529 ] ] } },
{ "type": "Feature", "properties": { "id": 24965, "nach": 0.44548721646780332 }, "geometry": { "type": "LineString", "coordinates": [ [ 0.6806495, 51.5536221 ], [ 0.6806375, 51.5535689 ], [ 0.6806641, 51.5534819 ], [ 0.6806576, 51.5534529 ] ] } },
{ "type": "Feature", "properties": { "id": 24967, "nach": 0.46751057201825591 }, "geometry": { "type": "LineString", "coordinates": [ [ 0.6806596, 51.5536569 ], [ 0.6806495, 51.5536221 ] ] } },
{ "type": "Feature", "properties": { "id": 27164, "nach": 0.41545702888764718 }, "geometry": { "type": "LineString", "coordinates": [ [ 0.6797939, 51.5537068 ], [ 0.6799916, 51.5536768 ], [ 0.6801606, 51.5536471 ], [ 0.680334, 51.5536223 ], [ 0.6803951, 51.5536135 ], [ 0.6804402, 51.5536036 ], [ 0.68048, 51.5535811 ], [ 0.6804977, 51.5535563 ], [ 0.680507, 51.5535177 ] ] } },
{ "type": "Feature", "properties": { "id": 2115, "nach": 0.50406479331042564 }, "geometry": { "type": "LineString", "coordinates": [ [ 0.6844718, 51.5473458 ], [ 0.6841999, 51.5459769 ] ] } },
{ "type": "Feature", "properties": { "id": 25758, "nach": 0.53231296384994153 }, "geometry": { "type": "LineString", "coordinates": [ [ 0.6848997, 51.5473061 ], [ 0.6848465, 51.547311 ], [ 0.6844718, 51.5473458 ] ] } },
{ "type": "Feature", "properties": { "id": 2238, "nach": 0.4876491192072509 }, "geometry": { "type": "LineString", "coordinates": [ [ 0.6835051, 51.5474036 ], [ 0.6838621, 51.5473825 ], [ 0.6844718, 51.5473458 ] ] } },
{ "type": "Feature", "properties": { "id": 18200, "nach": 0.46292721648969093 }, "geometry": { "type": "LineString", "coordinates": [ [ 0.6845258, 51.5476501 ], [ 0.6844774, 51.5473775 ], [ 0.6844718, 51.5473458 ] ] } },
{ "type": "Feature", "properties": { "id": 18019, "nach": 0.55227227670992018 }, "geometry": { "type": "LineString", "coordinates": [ [ 0.6841999, 51.5459769 ], [ 0.6832871, 51.5460422 ] ] } },
{ "type": "Feature", "properties": { "id": 18020, "nach": 0.51272992464373368 }, "geometry": { "type": "LineString", "coordinates": [ [ 0.6841999, 51.5459769 ], [ 0.6841675, 51.5456341 ], [ 0.6841585, 51.5455888 ] ] } },
{ "type": "Feature", "properties": { "id": 25756, "nach": 0.53016605875073097 }, "geometry": { "type": "LineString", "coordinates": [ [ 0.6848997, 51.5473061 ], [ 0.6854317, 51.5472567 ] ] } },
{ "type": "Feature", "properties": { "id": 25759, "nach": 0.43664357375570795 }, "geometry": { "type": "LineString", "coordinates": [ [ 0.6849346, 51.547500800000016 ], [ 0.6848997, 51.5473061 ] ] } },
{ "type": "Feature", "properties": { "id": 2237, "nach": 0.49660228007469764 }, "geometry": { "type": "LineString", "coordinates": [ [ 0.6835051, 51.5474036 ], [ 0.6835301, 51.547709099999985 ] ] } },
{ "type": "Feature", "properties": { "id": 2245, "nach": 0.52027843725555212 }, "geometry": { "type": "LineString", "coordinates": [ [ 0.6825455, 51.5474638 ], [ 0.682883, 51.5474426 ], [ 0.6835051, 51.5474036 ] ] } },
{ "type": "Feature", "properties": { "id": 18018, "nach": 0.5312682641026989 }, "geometry": { "type": "LineString", "coordinates": [ [ 0.6832871, 51.5460422 ], [ 0.683499, 51.5473733 ], [ 0.6835051, 51.5474036 ] ] } },
{ "type": "Feature", "properties": { "id": 2118, "nach": 0.32359643960516388 }, "geometry": { "type": "LineString", "coordinates": [ [ 0.6893502, 51.546642600000013 ], [ 0.6900634, 51.5504519 ] ] } },
{ "type": "Feature", "properties": { "id": 2195, "nach": 0.51254063061567512 }, "geometry": { "type": "LineString", "coordinates": [ [ 0.6903428, 51.5465508 ], [ 0.6900882, 51.546559600000016 ], [ 0.6898273, 51.5465686 ], [ 0.6893502, 51.546642600000013 ] ] } },
{ "type": "Feature", "properties": { "id": 2200, "nach": 0.50264606615096219 }, "geometry": { "type": "LineString", "coordinates": [ [ 0.6883858, 51.5467952 ], [ 0.6889989, 51.5466982 ], [ 0.6893502, 51.546642600000013 ] ] } },
{ "type": "Feature", "properties": { "id": 25807, "nach": 0.45101887845328692 }, "geometry": { "type": "LineString", "coordinates": [ [ 0.6888547, 51.5451045 ], [ 0.6893502, 51.546642600000013 ] ] } },
{ "type": "Feature", "properties": { "id": 2194, "nach": 0.51495383349972779 }, "geometry": { "type": "LineString", "coordinates": [ [ 0.6903428, 51.5465508 ], [ 0.6909345, 51.546535 ], [ 0.6913208, 51.5465247 ] ] } },
{ "type": "Feature", "properties": { "id": 2193, "nach": 0.41016607848547876 }, "geometry": { "type": "LineString", "coordinates": [ [ 0.6903428, 51.5465508 ], [ 0.6898496, 51.54487180000001 ] ] } },
{ "type": "Feature", "properties": { "id": 3038, "nach": 0.29175725336249719 }, "geometry": { "type": "LineString", "coordinates": [ [ 0.6909739, 51.550344 ], [ 0.6903428, 51.5465508 ] ] } },
{ "type": "Feature", "properties": { "id": 2198, "nach": 0.37476972585803081 }, "geometry": { "type": "LineString", "coordinates": [ [ 0.6890817, 51.550519799999989 ], [ 0.6890097, 51.5501198 ], [ 0.6888681, 51.5493335 ], [ 0.6887465, 51.548658 ], [ 0.6883926, 51.5468306 ], [ 0.6883858, 51.5467952 ] ] } },
{ "type": "Feature", "properties": { "id": 2199, "nach": 0.47793862813661347 }, "geometry": { "type": "LineString", "coordinates": [ [ 0.6883858, 51.5467952 ], [ 0.6879898, 51.5458112 ], [ 0.6878313, 51.5452119 ], [ 0.6878399, 51.5451714 ], [ 0.6878142, 51.5451177 ], [ 0.6877846, 51.5450751 ] ] } },
{ "type": "Feature", "properties": { "id": 2207, "nach": 0.46661646317603178 }, "geometry": { "type": "LineString", "coordinates": [ [ 0.6873012, 51.5469639 ], [ 0.6880908, 51.5468407 ], [ 0.6883858, 51.5467952 ] ] } },
{ "type": "Feature", "properties": { "id": 24948, "nach": 0.66372337150383132 }, "geometry": { "type": "LineString", "coordinates": [ [ 0.6796255, 51.5456241 ], [ 0.6794539, 51.5456349 ] ] } },
{ "type": "Feature", "properties": { "id": 24949, "nach": 0.63422734035488881 }, "geometry": { "type": "LineString", "coordinates": [ [ 0.6796255, 51.5456241 ], [ 0.6798748, 51.5456084 ] ] } },
{ "type": "Feature", "properties": { "id": 3046, "nach": 0.62561811581540794 }, "geometry": { "type": "LineString", "coordinates": [ [ 0.6887304, 51.5447619 ], [ 0.6889074, 51.5447142 ], [ 0.6891062, 51.544666400000011 ], [ 0.6895627, 51.5445652 ], [ 0.6897488, 51.5445259 ] ] } },
{ "type": "Feature", "properties": { "id": 3044, "nach": 0.51606345799920417 }, "geometry": { "type": "LineString", "coordinates": [ [ 0.6887304, 51.5447619 ], [ 0.6888547, 51.5451045 ] ] } },
{ "type": "Feature", "properties": { "id": 18022, "nach": 0.64037674735934103 }, "geometry": { "type": "LineString", "coordinates": [ [ 0.6874133, 51.545172800000017 ], [ 0.6877846, 51.5450751 ] ] } },
{ "type": "Feature", "properties": { "id": 7861, "nach": 0.62091901887551204 }, "geometry": { "type": "LineString", "coordinates": [ [ 0.6911461, 51.5441209 ], [ 0.6913562, 51.5440564 ], [ 0.6915193, 51.5440155 ], [ 0.6916715, 51.543982700000015 ], [ 0.6921463, 51.543921700000013 ] ] } },
{ "type": "Feature", "properties": { "id": 7862, "nach": 0.62512084787757838 }, "geometry": { "type": "LineString", "coordinates": [ [ 0.6911461, 51.5441209 ], [ 0.6910528, 51.5441545 ], [ 0.6909951, 51.5441753 ], [ 0.6909409, 51.5441943 ], [ 0.6907696, 51.544256500000017 ] ] } },
{ "type": "Feature", "properties": { "id": 2191, "nach": 0.44865952801096615 }, "geometry": { "type": "LineString", "coordinates": [ [ 0.6913208, 51.5465247 ], [ 0.6909814, 51.5450146 ] ] } },
{ "type": "Feature", "properties": { "id": 21898, "nach": 0.50315490039445931 }, "geometry": { "type": "LineString", "coordinates": [ [ 0.6909814, 51.5450146 ], [ 0.6908909, 51.5446118 ] ] } },
{ "type": "Feature", "properties": { "id": 21900, "nach": 0.44255948348147722 }, "geometry": { "type": "LineString", "coordinates": [ [ 0.6913327, 51.54498190000001 ], [ 0.6909814, 51.5450146 ] ] } },
{ "type": "Feature", "properties": { "id": 25806, "nach": 0.45089861958693617 }, "geometry": { "type": "LineString", "coordinates": [ [ 0.6901031, 51.5448313 ], [ 0.6898496, 51.54487180000001 ] ] } },
{ "type": "Feature", "properties": { "id": 25805, "nach": 0.50156502410934289 }, "geometry": { "type": "LineString", "coordinates": [ [ 0.6898496, 51.54487180000001 ], [ 0.6897622, 51.5445717 ], [ 0.6897488, 51.5445259 ] ] } },
{ "type": "Feature", "properties": { "id": 2206, "nach": 0.32127277630816847 }, "geometry": { "type": "LineString", "coordinates": [ [ 0.6873012, 51.5469639 ], [ 0.6878306, 51.5493839 ], [ 0.6880453, 51.550365600000013 ], [ 0.6880969, 51.5506014 ] ] } },
{ "type": "Feature", "properties": { "id": 2217, "nach": 0.51044473976536731 }, "geometry": { "type": "LineString", "coordinates": [ [ 0.6863665, 51.547109500000012 ], [ 0.6868031, 51.5470458 ], [ 0.6870128, 51.5470113 ], [ 0.6873012, 51.5469639 ] ] } },
{ "type": "Feature", "properties": { "id": 2209, "nach": 0.47600774291189235 }, "geometry": { "type": "LineString", "coordinates": [ [ 0.6869221, 51.5452676 ], [ 0.6872929, 51.5469322 ], [ 0.6873012, 51.5469639 ] ] } },
{ "type": "Feature", "properties": { "id": 18023, "nach": 0.63863181486513554 }, "geometry": { "type": "LineString", "coordinates": [ [ 0.6874133, 51.545172800000017 ], [ 0.6873141, 51.54519650000001 ] ] } },
{ "type": "Feature", "properties": { "id": 18024, "nach": 0.44737928069468502 }, "geometry": { "type": "LineString", "coordinates": [ [ 0.6874133, 51.545172800000017 ], [ 0.6873695, 51.5451087 ], [ 0.6873959, 51.5450027 ], [ 0.6873288, 51.5448909 ] ] } },
{ "type": "Feature", "properties": { "id": 2214, "nach": 0.41173100379553262 }, "geometry": { "type": "LineString", "coordinates": [ [ 0.6871365, 51.5506639 ], [ 0.6870784, 51.5503956 ], [ 0.6868751, 51.5494574 ], [ 0.6863741, 51.5471445 ], [ 0.6863665, 51.547109500000012 ] ] } },
{ "type": "Feature", "properties": { "id": 2215, "nach": 0.40132461536358593 }, "geometry": { "type": "LineString", "coordinates": [ [ 0.6863665, 51.547109500000012 ], [ 0.6860134, 51.5454325 ], [ 0.6860019, 51.5453848 ] ] } },
{ "type": "Feature", "properties": { "id": 2226, "nach": 0.5024716137185038 }, "geometry": { "type": "LineString", "coordinates": [ [ 0.6854317, 51.5472567 ], [ 0.6859244, 51.5471814 ], [ 0.6863665, 51.547109500000012 ] ] } },
{ "type": "Feature", "properties": { "id": 10591, "nach": 0.63634551719829258 }, "geometry": { "type": "LineString", "coordinates": [ [ 0.6873141, 51.54519650000001 ], [ 0.6871181, 51.5452356 ], [ 0.6869221, 51.5452676 ] ] } },
{ "type": "Feature", "properties": { "id": 2219, "nach": 0.63142933666687517 }, "geometry": { "type": "LineString", "coordinates": [ [ 0.6860019, 51.5453848 ], [ 0.6868142, 51.5452814 ], [ 0.6869221, 51.5452676 ] ] } },
{ "type": "Feature", "properties": { "id": 25765, "nach": 0.52366589336688607 }, "geometry": { "type": "LineString", "coordinates": [ [ 0.6870867, 51.54493870000001 ], [ 0.6872878, 51.5451301 ], [ 0.6873141, 51.54519650000001 ] ] } },
{ "type": "Feature", "properties": { "id": 25775, "nach": 0.63649099746661031 }, "geometry": { "type": "LineString", "coordinates": [ [ 0.6859245, 51.5453953 ], [ 0.6860019, 51.5453848 ] ] } },
{ "type": "Feature", "properties": { "id": 2225, "nach": 0.45065543468254105 }, "geometry": { "type": "LineString", "coordinates": [ [ 0.6854317, 51.5472567 ], [ 0.6858801, 51.5495274 ], [ 0.6859675, 51.5499703 ], [ 0.6860611, 51.5504442 ], [ 0.6861179, 51.5507319 ] ] } },
{ "type": "Feature", "properties": { "id": 9632, "nach": 0.4319110328769088 }, "geometry": { "type": "LineString", "coordinates": [ [ 0.685134, 51.545973 ], [ 0.6854239, 51.5472234 ], [ 0.6854317, 51.5472567 ] ] } },
{ "type": "Feature", "properties": { "id": 25777, "nach": 0.63911142192939907 }, "geometry": { "type": "LineString", "coordinates": [ [ 0.6859245, 51.5453953 ], [ 0.6858583, 51.545403 ], [ 0.685749, 51.5454157 ] ] } },
{ "type": "Feature", "properties": { "id": 25778, "nach": 0.45439185994700237 }, "geometry": { "type": "LineString", "coordinates": [ [ 0.6856946, 51.5449546 ], [ 0.6859245, 51.5453953 ] ] } },
{ "type": "Feature", "properties": { "id": 18331, "nach": 0.65450568235182782 }, "geometry": { "type": "LineString", "coordinates": [ [ 0.6852955, 51.5454612 ], [ 0.6850767, 51.5454881 ] ] } },
{ "type": "Feature", "properties": { "id": 2221, "nach": 0.51144847902635426 }, "geometry": { "type": "LineString", "coordinates": [ [ 0.6850767, 51.5454881 ], [ 0.6850866, 51.5455305 ], [ 0.685134, 51.545973 ] ] } },
{ "type": "Feature", "properties": { "id": 2222, "nach": 0.43198099169837945 }, "geometry": { "type": "LineString", "coordinates": [ [ 0.6850767, 51.5454881 ], [ 0.6850692, 51.5454234 ], [ 0.6849311, 51.5453623 ], [ 0.6844859, 51.54540810000001 ] ] } },
{ "type": "Feature", "properties": { "id": 13914, "nach": 0.655188379467747 }, "geometry": { "type": "LineString", "coordinates": [ [ 0.684515, 51.5455498 ], [ 0.6849111, 51.5455065 ], [ 0.6850767, 51.5454881 ] ] } },
{ "type": "Feature", "properties": { "id": 18339, "nach": 0.64340599000161414 }, "geometry": { "type": "LineString", "coordinates": [ [ 0.685749, 51.5454157 ], [ 0.6852955, 51.5454612 ] ] } },
{ "type": "Feature", "properties": { "id": 18344, "nach": 0.56230129418852581 }, "geometry": { "type": "LineString", "coordinates": [ [ 0.6852028, 51.54533390000001 ], [ 0.6852529, 51.5453698 ], [ 0.6852955, 51.5454612 ] ] } },
{ "type": "Feature", "properties": { "id": 9631, "nach": 0.46051796100191733 }, "geometry": { "type": "LineString", "coordinates": [ [ 0.685134, 51.545973 ], [ 0.6853036, 51.545958 ], [ 0.6855623, 51.5459352 ] ] } },
{ "type": "Feature", "properties": { "id": 13911, "nach": 0.49265534148436835 }, "geometry": { "type": "LineString", "coordinates": [ [ 0.6844859, 51.54540810000001 ], [ 0.684515, 51.5455498 ] ] } },
{ "type": "Feature", "properties": { "id": 18329, "nach": 0.46689340258065698 }, "geometry": { "type": "LineString", "coordinates": [ [ 0.6844518, 51.5452624 ], [ 0.6844859, 51.54540810000001 ] ] } },
{ "type": "Feature", "properties": { "id": 13913, "nach": 0.66458749483473201 }, "geometry": { "type": "LineString", "coordinates": [ [ 0.684515, 51.5455498 ], [ 0.6841585, 51.5455888 ] ] } },
{ "type": "Feature", "properties": { "id": 2231, "nach": 0.42691904630726452 }, "geometry": { "type": "LineString", "coordinates": [ [ 0.685115, 51.55080670000001 ], [ 0.6845258, 51.5476501 ] ] } },
{ "type": "Feature", "properties": { "id": 18053, "nach": 0.55185123838058248 }, "geometry": { "type": "LineString", "coordinates": [ [ 0.6842839, 51.5508418 ], [ 0.684376, 51.5508379 ], [ 0.685115, 51.55080670000001 ] ] } },
{ "type": "Feature", "properties": { "id": 2235, "nach": 0.65666025206460588 }, "geometry": { "type": "LineString", "coordinates": [ [ 0.683222, 51.5456661 ], [ 0.6832951, 51.5456624 ], [ 0.6833614, 51.5456587 ], [ 0.6834378, 51.5456549 ], [ 0.6840011, 51.5456047 ], [ 0.6841585, 51.5455888 ] ] } },
{ "type": "Feature", "properties": { "id": 2234, "nach": 0.56188277944393483 }, "geometry": { "type": "LineString", "coordinates": [ [ 0.683222, 51.5456661 ], [ 0.6832302, 51.5457094 ], [ 0.6832356, 51.5457534 ], [ 0.6832871, 51.5460422 ] ] } },
{ "type": "Feature", "properties": { "id": 2242, "nach": 0.67683701898155924 }, "geometry": { "type": "LineString", "coordinates": [ [ 0.6823004, 51.5456705 ], [ 0.6825653, 51.5456738 ], [ 0.6828335, 51.5456709 ], [ 0.6830328, 51.5456669 ], [ 0.683222, 51.5456661 ] ] } },
{ "type": "Feature", "properties": { "id": 18199, "nach": 0.29084003496792626 }, "geometry": { "type": "LineString", "coordinates": [ [ 0.6845258, 51.5476501 ], [ 0.6835301, 51.547709099999985 ] ] } },
{ "type": "Feature", "properties": { "id": 18052, "nach": 0.51340844289524479 }, "geometry": { "type": "LineString", "coordinates": [ [ 0.6842839, 51.5508418 ], [ 0.6842403, 51.5508436 ], [ 0.6840742, 51.5508507 ] ] } },
{ "type": "Feature", "properties": { "id": 18051, "nach": 0.51717434146331076 }, "geometry": { "type": "LineString", "coordinates": [ [ 0.6842839, 51.5508418 ], [ 0.6842925, 51.55089670000001 ] ] } },
{ "type": "Feature", "properties": { "id": 2251, "nach": 0.68158806537468009 }, "geometry": { "type": "LineString", "coordinates": [ [ 0.6813255, 51.5456083 ], [ 0.6819519, 51.5456464 ], [ 0.6823004, 51.5456705 ] ] } },
{ "type": "Feature", "properties": { "id": 2244, "nach": 0.43802223983709915 }, "geometry": { "type": "LineString", "coordinates": [ [ 0.6825455, 51.5474638 ], [ 0.6822902, 51.5457719 ], [ 0.6822949, 51.5457137 ], [ 0.6823004, 51.5456705 ] ] } },
{ "type": "Feature", "properties": { "id": 18198, "nach": 0.45824526436759 }, "geometry": { "type": "LineString", "coordinates": [ [ 0.6835301, 51.547709099999985 ], [ 0.683895, 51.5498162 ], [ 0.6839675, 51.5502347 ], [ 0.6840742, 51.5508507 ] ] } },
{ "type": "Feature", "properties": { "id": 2254, "nach": 0.52038564057870296 }, "geometry": { "type": "LineString", "coordinates": [ [ 0.6815819, 51.547519800000018 ], [ 0.6820073, 51.5474951 ], [ 0.6825455, 51.5474638 ] ] } },
{ "type": "Feature", "properties": { "id": 2249, "nach": 0.37211570783341485 }, "geometry": { "type": "LineString", "coordinates": [ [ 0.6830519, 51.5509187 ], [ 0.6825504, 51.5474975 ], [ 0.6825455, 51.5474638 ] ] } },
{ "type": "Feature", "properties": { "id": 13048, "nach": 0.54236517280766705 }, "geometry": { "type": "LineString", "coordinates": [ [ 0.683984, 51.5508567 ], [ 0.6840742, 51.5508507 ] ] } },
{ "type": "Feature", "properties": { "id": 13047, "nach": 0.56461830061921636 }, "geometry": { "type": "LineString", "coordinates": [ [ 0.683984, 51.5508567 ], [ 0.6830519, 51.5509187 ] ] } },
{ "type": "Feature", "properties": { "id": 18046, "nach": 0.54657278565997958 }, "geometry": { "type": "LineString", "coordinates": [ [ 0.6839929, 51.5509185 ], [ 0.6839895, 51.5508951 ], [ 0.683984, 51.5508567 ] ] } },
{ "type": "Feature", "properties": { "id": 2250, "nach": 0.5291647680639805 }, "geometry": { "type": "LineString", "coordinates": [ [ 0.6813255, 51.5456083 ], [ 0.6813336, 51.5456511 ], [ 0.6815408, 51.5472285 ] ] } },
{ "type": "Feature", "properties": { "id": 18305, "nach": 0.69039555402361541 }, "geometry": { "type": "LineString", "coordinates": [ [ 0.6807343, 51.5455835 ], [ 0.6811981, 51.545603 ], [ 0.6813255, 51.5456083 ] ] } },
{ "type": "Feature", "properties": { "id": 2253, "nach": 0.39705033256729144 }, "geometry": { "type": "LineString", "coordinates": [ [ 0.6815819, 51.547519800000018 ], [ 0.6820093, 51.5509895 ] ] } },
{ "type": "Feature", "properties": { "id": 25773, "nach": 0.48891749846847876 }, "geometry": { "type": "LineString", "coordinates": [ [ 0.6815408, 51.5472285 ], [ 0.6815777, 51.547489800000015 ], [ 0.6815819, 51.547519800000018 ] ] } },
{ "type": "Feature", "properties": { "id": 2256, "nach": 0.55943650213435336 }, "geometry": { "type": "LineString", "coordinates": [ [ 0.6820093, 51.5509895 ], [ 0.6830519, 51.5509187 ] ] } },
{ "type": "Feature", "properties": { "id": 22492, "nach": 0.56604253158674711 }, "geometry": { "type": "LineString", "coordinates": [ [ 0.6817811, 51.5509983 ], [ 0.6819382, 51.5509919 ], [ 0.6820093, 51.5509895 ] ] } },
{ "type": "Feature", "properties": { "id": 25774, "nach": 0.46825209000663759 }, "geometry": { "type": "LineString", "coordinates": [ [ 0.6811756, 51.5472511 ], [ 0.6815408, 51.5472285 ] ] } },
{ "type": "Feature", "properties": { "id": 18304, "nach": 0.70596052209539606 }, "geometry": { "type": "LineString", "coordinates": [ [ 0.6807343, 51.5455835 ], [ 0.6803755, 51.545585 ] ] } },
{ "type": "Feature", "properties": { "id": 22612, "nach": 0.61497359987407307 }, "geometry": { "type": "LineString", "coordinates": [ [ 0.6807427, 51.5454269 ], [ 0.6807343, 51.5455835 ] ] } },
{ "type": "Feature", "properties": { "id": 22493, "nach": 0.50583302690627707 }, "geometry": { "type": "LineString", "coordinates": [ [ 0.681818, 51.5512344 ], [ 0.6817811, 51.5509983 ] ] } },
{ "type": "Feature", "properties": { "id": 25355, "nach": 0.71241942601860941 }, "geometry": { "type": "LineString", "coordinates": [ [ 0.6803388, 51.5455858 ], [ 0.6803755, 51.545585 ] ] } },
{ "type": "Feature", "properties": { "id": 24958, "nach": 0.54521840614492423 }, "geometry": { "type": "LineString", "coordinates": [ [ 0.6803865, 51.5456737 ], [ 0.6803816, 51.5456332 ], [ 0.6803755, 51.545585 ] ] } },
{ "type": "Feature", "properties": { "id": 25356, "nach": 0.71555771308018001 }, "geometry": { "type": "LineString", "coordinates": [ [ 0.6803388, 51.5455858 ], [ 0.6799386, 51.5456054 ], [ 0.6798748, 51.5456084 ] ] } },
{ "type": "Feature", "properties": { "id": 25357, "nach": 0.47508660010986276 }, "geometry": { "type": "LineString", "coordinates": [ [ 0.6803388, 51.5455858 ], [ 0.6803278, 51.5453796 ], [ 0.680012, 51.545389700000015 ] ] } },
{ "type": "Feature", "properties": { "id": 24959, "nach": 0.37783317887681711 }, "geometry": { "type": "LineString", "coordinates": [ [ 0.6803865, 51.5456737 ], [ 0.6803069, 51.5456753 ], [ 0.6798233, 51.5456973 ] ] } },
{ "type": "Feature", "properties": { "id": 25353, "nach": 0.47847109850368297 }, "geometry": { "type": "LineString", "coordinates": [ [ 0.6804598, 51.5456722 ], [ 0.6803865, 51.5456737 ] ] } },
{ "type": "Feature", "properties": { "id": 22496, "nach": 0.45126243258920323 }, "geometry": { "type": "LineString", "coordinates": [ [ 0.6821611, 51.5512625 ], [ 0.6819588, 51.55127 ], [ 0.6819164, 51.5512666 ], [ 0.6818327, 51.55124940000001 ], [ 0.681818, 51.5512344 ] ] } },
{ "type": "Feature", "properties": { "id": 2655, "nach": 0.48908532794033044 }, "geometry": { "type": "LineString", "coordinates": [ [ 0.6634518, 51.5437639 ], [ 0.6633277, 51.5455988 ] ] } },
{ "type": "Feature", "properties": { "id": 25411, "nach": 0.55869811898043009 }, "geometry": { "type": "LineString", "coordinates": [ [ 0.6628588, 51.5437554 ], [ 0.6634518, 51.5437639 ] ] } },
{ "type": "Feature", "properties": { "id": 2657, "nach": 0.54683820264245941 }, "geometry": { "type": "LineString", "coordinates": [ [ 0.6634518, 51.5437639 ], [ 0.6635119, 51.542952500000013 ] ] } },
{ "type": "Feature", "properties": { "id": 26410, "nach": 0.45709752724003333 }, "geometry": { "type": "LineString", "coordinates": [ [ 0.6642835, 51.545619 ], [ 0.6633277, 51.5455988 ] ] } },
{ "type": "Feature", "properties": { "id": 25413, "nach": 0.56944679059708347 }, "geometry": { "type": "LineString", "coordinates": [ [ 0.6628588, 51.5437554 ], [ 0.6627936, 51.5437544 ], [ 0.6626189, 51.5437519 ] ] } },
{ "type": "Feature", "properties": { "id": 25414, "nach": 0.45647310201188884 }, "geometry": { "type": "LineString", "coordinates": [ [ 0.6628642, 51.5435516 ], [ 0.6628588, 51.5437554 ] ] } },
{ "type": "Feature", "properties": { "id": 5409, "nach": 0.61388320030395593 }, "geometry": { "type": "LineString", "coordinates": [ [ 0.6631413, 51.5429214 ], [ 0.6633671, 51.54293890000001 ], [ 0.6635119, 51.542952500000013 ] ] } },
{ "type": "Feature", "properties": { "id": 7840, "nach": 0.63359698663968311 }, "geometry": { "type": "LineString", "coordinates": [ [ 0.6642269, 51.5430672 ], [ 0.6638725, 51.5430032 ], [ 0.6635119, 51.542952500000013 ] ] } },
{ "type": "Feature", "properties": { "id": 20663, "nach": 0.58953172802845399 }, "geometry": { "type": "LineString", "coordinates": [ [ 0.6620608, 51.5437465 ], [ 0.662499, 51.5437502 ] ] } },
{ "type": "Feature", "properties": { "id": 14519, "nach": 0.5946409660411397 }, "geometry": { "type": "LineString", "coordinates": [ [ 0.6626189, 51.5437519 ], [ 0.662499, 51.5437502 ] ] } },
{ "type": "Feature", "properties": { "id": 21262, "nach": 0.47647533462655967 }, "geometry": { "type": "LineString", "coordinates": [ [ 0.6622326, 51.5476205 ], [ 0.6624966, 51.5437854 ], [ 0.662499, 51.5437502 ] ] } },
{ "type": "Feature", "properties": { "id": 20666, "nach": 0.45485766264437372 }, "geometry": { "type": "LineString", "coordinates": [ [ 0.662066, 51.5433455 ], [ 0.662063, 51.5435795 ], [ 0.6620608, 51.5437465 ] ] } },
{ "type": "Feature", "properties": { "id": 25409, "nach": 0.51830969098740987 }, "geometry": { "type": "LineString", "coordinates": [ [ 0.6626439, 51.5432566 ], [ 0.6626205, 51.5437175 ], [ 0.6626189, 51.5437519 ] ] } },
{ "type": "Feature", "properties": { "id": 21260, "nach": 0.61295756948868341 }, "geometry": { "type": "LineString", "coordinates": [ [ 0.6622326, 51.5476205 ], [ 0.6627401, 51.5475708 ] ] } },
{ "type": "Feature", "properties": { "id": 20997, "nach": 0.47888160895672693 }, "geometry": { "type": "LineString", "coordinates": [ [ 0.6601326, 51.5472522 ], [ 0.6603707, 51.5437468 ], [ 0.6603726, 51.5437184 ] ] } },
{ "type": "Feature", "properties": { "id": 2864, "nach": 0.55015673291376987 }, "geometry": { "type": "LineString", "coordinates": [ [ 0.6612799, 51.5429341 ], [ 0.6613521, 51.5429466 ], [ 0.661444, 51.54295 ], [ 0.662661, 51.542917100000011 ] ] } },
{ "type": "Feature", "properties": { "id": 5403, "nach": 0.60964480630597395 }, "geometry": { "type": "LineString", "coordinates": [ [ 0.6610313, 51.54237770000001 ], [ 0.6611436, 51.5428241 ], [ 0.6611804, 51.5428748 ], [ 0.6612216, 51.542906300000013 ], [ 0.6612799, 51.5429341 ] ] } },
{ "type": "Feature", "properties": { "id": 21005, "nach": 0.5203807382190091 }, "geometry": { "type": "LineString", "coordinates": [ [ 0.6602857, 51.5472549 ], [ 0.6601613, 51.5472525 ], [ 0.6601326, 51.5472522 ] ] } },
{ "type": "Feature", "properties": { "id": 3758, "nach": 0.56338512417212905 }, "geometry": { "type": "LineString", "coordinates": [ [ 0.6769859, 51.550565100000014 ], [ 0.6777077, 51.550681700000013 ], [ 0.6778263, 51.5507027 ], [ 0.6779368, 51.55072280000001 ] ] } },
{ "type": "Feature", "properties": { "id": 2820, "nach": 0.5613866573570323 }, "geometry": { "type": "LineString", "coordinates": [ [ 0.6779368, 51.55072280000001 ], [ 0.6779581, 51.550831400000014 ], [ 0.6779666, 51.5512253 ], [ 0.6779683, 51.5513232 ], [ 0.6779695, 51.5513675 ] ] } },
{ "type": "Feature", "properties": { "id": 3743, "nach": 0.51613094808117932 }, "geometry": { "type": "LineString", "coordinates": [ [ 0.6778696, 51.5481014 ], [ 0.6779015, 51.5491096 ], [ 0.6779224, 51.5505897 ], [ 0.6779239, 51.5506339 ], [ 0.6779368, 51.55072280000001 ] ] } },
{ "type": "Feature", "properties": { "id": 3757, "nach": 0.55456909516188579 }, "geometry": { "type": "LineString", "coordinates": [ [ 0.6769859, 51.550565100000014 ], [ 0.675991, 51.5504751 ] ] } },
{ "type": "Feature", "properties": { "id": 3759, "nach": 0.40437662687544856 }, "geometry": { "type": "LineString", "coordinates": [ [ 0.6769859, 51.550565100000014 ], [ 0.6769843, 51.5505294 ], [ 0.6769243, 51.5483174 ], [ 0.6769233, 51.5482823 ] ] } },
{ "type": "Feature", "properties": { "id": 13056, "nach": 0.46217610570884637 }, "geometry": { "type": "LineString", "coordinates": [ [ 0.6779695, 51.5513675 ], [ 0.6777442, 51.551368 ], [ 0.6773418, 51.5512446 ], [ 0.6767813, 51.5509494 ], [ 0.6766016, 51.5509093 ], [ 0.6758371, 51.5508626 ], [ 0.6756869, 51.550892599999983 ], [ 0.675526, 51.550876 ], [ 0.6749198, 51.5507142 ], [ 0.6746449, 51.55070580000001 ], [ 0.6743793, 51.5506975 ], [ 0.6737088, 51.55062 ], [ 0.6733862, 51.5505782 ], [ 0.6732592, 51.550591900000015 ], [ 0.6726909, 51.55051430000001 ], [ 0.6724823, 51.5503751 ] ] } },
{ "type": "Feature", "properties": { "id": 21245, "nach": 0.53661775068707451 }, "geometry": { "type": "LineString", "coordinates": [ [ 0.6757205, 51.5504467 ], [ 0.675991, 51.5504751 ] ] } },
{ "type": "Feature", "properties": { "id": 3745, "nach": 0.49679336545818931 }, "geometry": { "type": "LineString", "coordinates": [ [ 0.6759733, 51.5498072 ], [ 0.675991, 51.5504751 ] ] } },
{ "type": "Feature", "properties": { "id": 21244, "nach": 0.52906781430908534 }, "geometry": { "type": "LineString", "coordinates": [ [ 0.6757205, 51.5504467 ], [ 0.6739248, 51.5502578 ] ] } },
{ "type": "Feature", "properties": { "id": 21247, "nach": 0.44490995089992075 }, "geometry": { "type": "LineString", "coordinates": [ [ 0.6756716, 51.5506441 ], [ 0.6757205, 51.5504467 ] ] } },
{ "type": "Feature", "properties": { "id": 3746, "nach": 0.46092562593822844 }, "geometry": { "type": "LineString", "coordinates": [ [ 0.6759733, 51.5498072 ], [ 0.6759422, 51.548535500000014 ] ] } },
{ "type": "Feature", "properties": { "id": 3749, "nach": 0.45245743312013198 }, "geometry": { "type": "LineString", "coordinates": [ [ 0.674188, 51.549493 ], [ 0.6750594, 51.5496474 ], [ 0.6759733, 51.5498072 ] ] } },
{ "type": "Feature", "properties": { "id": 3752, "nach": 0.55054759110924278 }, "geometry": { "type": "LineString", "coordinates": [ [ 0.6739248, 51.5502578 ], [ 0.673407, 51.550179 ], [ 0.6732076, 51.5501505 ], [ 0.6731029, 51.5501187 ], [ 0.6730046, 51.55006 ] ] } },
{ "type": "Feature", "properties": { "id": 21024, "nach": 0.49977120696960037 }, "geometry": { "type": "LineString", "coordinates": [ [ 0.6724174, 51.5497441 ], [ 0.6724423, 51.549765 ], [ 0.6724972, 51.5498019 ], [ 0.6725437, 51.5498274 ], [ 0.67261, 51.5498578 ], [ 0.6726916, 51.54988310000001 ], [ 0.6728044, 51.5499256 ], [ 0.672883, 51.54996160000001 ], [ 0.6730046, 51.55006 ] ] } },
{ "type": "Feature", "properties": { "id": 3735, "nach": 0.53114372462981951 }, "geometry": { "type": "LineString", "coordinates": [ [ 0.6734669, 51.5489457 ], [ 0.6734484, 51.5490369 ], [ 0.6732355, 51.549594899999988 ], [ 0.6731596, 51.5498056 ], [ 0.6731011, 51.54993 ], [ 0.6730046, 51.55006 ] ] } },
{ "type": "Feature", "properties": { "id": 10833, "nach": 0.5742978600558496 }, "geometry": { "type": "LineString", "coordinates": [ [ 0.6724823, 51.5503751 ], [ 0.6726777, 51.5502575 ], [ 0.672841, 51.5501643 ], [ 0.6730046, 51.55006 ] ] } },
{ "type": "Feature", "properties": { "id": 3753, "nach": 0.42789665167966023 }, "geometry": { "type": "LineString", "coordinates": [ [ 0.6739248, 51.5502578 ], [ 0.6739607, 51.5501883 ], [ 0.674009, 51.5500447 ], [ 0.674188, 51.549493 ] ] } },
{ "type": "Feature", "properties": { "id": 21026, "nach": 0.57495078352028328 }, "geometry": { "type": "LineString", "coordinates": [ [ 0.6720225, 51.5500055 ], [ 0.6724174, 51.5497441 ] ] } },
{ "type": "Feature", "properties": { "id": 21566, "nach": 0.58047057642344102 }, "geometry": { "type": "LineString", "coordinates": [ [ 0.6723631, 51.5494935 ], [ 0.6723585, 51.5495292 ], [ 0.6723541, 51.5496003 ], [ 0.6723615, 51.5496519 ], [ 0.6723832, 51.5496987 ], [ 0.6724174, 51.5497441 ] ] } },
{ "type": "Feature", "properties": { "id": 3736, "nach": 0.52915275704260178 }, "geometry": { "type": "LineString", "coordinates": [ [ 0.6734669, 51.5489457 ], [ 0.6734908, 51.5487227 ], [ 0.6735464, 51.5482977 ] ] } },
{ "type": "Feature", "properties": { "id": 3739, "nach": 0.5085177161214931 }, "geometry": { "type": "LineString", "coordinates": [ [ 0.6743672, 51.548945100000012 ], [ 0.6742935, 51.548953 ], [ 0.6741926, 51.5489595 ], [ 0.6739567, 51.5489558 ], [ 0.6734669, 51.5489457 ] ] } },
{ "type": "Feature", "properties": { "id": 10832, "nach": 0.61129235755730904 }, "geometry": { "type": "LineString", "coordinates": [ [ 0.6724823, 51.5503751 ], [ 0.6723626, 51.5504625 ] ] } },
{ "type": "Feature", "properties": { "id": 25575, "nach": 0.54833494515204784 }, "geometry": { "type": "LineString", "coordinates": [ [ 0.6721893, 51.5501089 ], [ 0.6723492, 51.5502081 ], [ 0.6724024, 51.5502998 ], [ 0.6724823, 51.5503751 ] ] } },
{ "type": "Feature", "properties": { "id": 8094, "nach": 0.57228698453159221 }, "geometry": { "type": "LineString", "coordinates": [ [ 0.6666782, 51.5510956 ], [ 0.6665038, 51.5511093 ], [ 0.6663028, 51.5511154 ], [ 0.6660962, 51.5511134 ], [ 0.6658254, 51.5510938 ], [ 0.6655382, 51.551056 ], [ 0.6652611, 51.550997 ], [ 0.6650673, 51.55094110000001 ], [ 0.6647655, 51.5508284 ], [ 0.6646292, 51.5507827 ], [ 0.6644854, 51.5507479 ], [ 0.6643862, 51.5507343 ], [ 0.664312, 51.5507241 ], [ 0.6642585, 51.5507193 ], [ 0.6641643, 51.5507109 ] ] } },
{ "type": "Feature", "properties": { "id": 8093, "nach": 0.59076442287719899 }, "geometry": { "type": "LineString", "coordinates": [ [ 0.6666782, 51.5510956 ], [ 0.6669731, 51.55105 ], [ 0.6672266, 51.5509967 ], [ 0.6674814, 51.5509234 ], [ 0.6678411, 51.5507732 ], [ 0.6681425, 51.5506441 ], [ 0.6682957, 51.55058240000001 ] ] } },
{ "type": "Feature", "properties": { "id": 21324, "nach": 0.60954827095357667 }, "geometry": { "type": "LineString", "coordinates": [ [ 0.6666972, 51.551692 ], [ 0.6666826, 51.5511282 ], [ 0.6666782, 51.5510956 ] ] } },
{ "type": "Feature", "properties": { "id": 15105, "nach": 0.55704177003362054 }, "geometry": { "type": "LineString", "coordinates": [ [ 0.6760052, 51.542968099999989 ], [ 0.6767492, 51.5429049 ] ] } },
{ "type": "Feature", "properties": { "id": 5601, "nach": 0.45666588987294648 }, "geometry": { "type": "LineString", "coordinates": [ [ 0.6749466, 51.540297500000015 ], [ 0.6750091, 51.540329800000016 ], [ 0.6754796, 51.540576 ], [ 0.6756644, 51.5406992 ], [ 0.6757976, 51.540817 ], [ 0.6759167, 51.540944 ], [ 0.6760507, 51.5411153 ], [ 0.6761347, 51.541253 ], [ 0.676733, 51.5428598 ], [ 0.6767492, 51.5429049 ] ] } },
{ "type": "Feature", "properties": { "id": 15104, "nach": 0.61669783111825605 }, "geometry": { "type": "LineString", "coordinates": [ [ 0.6760052, 51.542968099999989 ], [ 0.6754947, 51.5430058 ] ] } },
{ "type": "Feature", "properties": { "id": 15137, "nach": 0.60596584402115594 }, "geometry": { "type": "LineString", "coordinates": [ [ 0.676483, 51.5441414 ], [ 0.6762452, 51.5436759 ], [ 0.676099, 51.5434924 ], [ 0.6760052, 51.542968099999989 ] ] } },
{ "type": "Feature", "properties": { "id": 5602, "nach": 0.60267035777370404 }, "geometry": { "type": "LineString", "coordinates": [ [ 0.6749466, 51.540297500000015 ], [ 0.674802, 51.5408462 ], [ 0.6747136, 51.5409947 ], [ 0.6745804, 51.541155 ], [ 0.6743779, 51.5413833 ] ] } },
{ "type": "Feature", "properties": { "id": 5603, "nach": 0.60939698027025824 }, "geometry": { "type": "LineString", "coordinates": [ [ 0.6749657, 51.540219300000011 ], [ 0.6749466, 51.540297500000015 ] ] } },
{ "type": "Feature", "properties": { "id": 10842, "nach": 0.59507812477186217 }, "geometry": { "type": "LineString", "coordinates": [ [ 0.673955, 51.543114 ], [ 0.6740344, 51.543109500000014 ] ] } },
{ "type": "Feature", "properties": { "id": 5589, "nach": 0.54581512701333279 }, "geometry": { "type": "LineString", "coordinates": [ [ 0.6738737, 51.5422687 ], [ 0.6740199, 51.543022499999985 ], [ 0.6740287, 51.543075 ], [ 0.6740344, 51.543109500000014 ] ] } },
{ "type": "Feature", "properties": { "id": 5596, "nach": 0.53823095501133666 }, "geometry": { "type": "LineString", "coordinates": [ [ 0.6754947, 51.5430058 ], [ 0.674471, 51.5430792 ], [ 0.6744044, 51.543084 ], [ 0.6743446, 51.5430881 ], [ 0.6740344, 51.543109500000014 ] ] } },
{ "type": "Feature", "properties": { "id": 10844, "nach": 0.59942946600838443 }, "geometry": { "type": "LineString", "coordinates": [ [ 0.673955, 51.543114 ], [ 0.6739573, 51.543145 ], [ 0.6739614, 51.5431998 ], [ 0.6739596, 51.5432521 ], [ 0.673944, 51.543377 ], [ 0.6739084, 51.5434906 ], [ 0.6738095, 51.5436283 ] ] } },
{ "type": "Feature", "properties": { "id": 25785, "nach": 0.53993475946436642 }, "geometry": { "type": "LineString", "coordinates": [ [ 0.6722145, 51.5432917 ], [ 0.6729992, 51.5431808 ], [ 0.6731983, 51.543154 ], [ 0.6734251, 51.543131 ], [ 0.6736468, 51.54312310000001 ], [ 0.673955, 51.543114 ] ] } },
{ "type": "Feature", "properties": { "id": 5613, "nach": 0.48256704393580069 }, "geometry": { "type": "LineString", "coordinates": [ [ 0.6723574, 51.5424897 ], [ 0.6738151, 51.5422773 ], [ 0.6738737, 51.5422687 ] ] } },
{ "type": "Feature", "properties": { "id": 5592, "nach": 0.52287143047553786 }, "geometry": { "type": "LineString", "coordinates": [ [ 0.6743779, 51.5413833 ], [ 0.6741417, 51.5416234 ], [ 0.6740192, 51.5417595 ], [ 0.673968, 51.5418448 ], [ 0.673923, 51.5419712 ], [ 0.6738696, 51.5421676 ], [ 0.6738737, 51.5422687 ] ] } },
{ "type": "Feature", "properties": { "id": 5595, "nach": 0.58066057665652704 }, "geometry": { "type": "LineString", "coordinates": [ [ 0.6754947, 51.5430058 ], [ 0.6754772, 51.5429604 ], [ 0.6749907, 51.5416738 ], [ 0.6749685, 51.5416407 ], [ 0.6749327, 51.5416146 ], [ 0.6743779, 51.5413833 ] ] } },
{ "type": "Feature", "properties": { "id": 3063, "nach": 0.6292107742363634 }, "geometry": { "type": "LineString", "coordinates": [ [ 0.6701447, 51.5435096 ], [ 0.6702763, 51.5435207 ], [ 0.6703817, 51.5435368 ] ] } },
{ "type": "Feature", "properties": { "id": 3069, "nach": 0.59657822977833364 }, "geometry": { "type": "LineString", "coordinates": [ [ 0.6731346, 51.5446027 ], [ 0.6730886, 51.5445426 ], [ 0.6730309, 51.544497 ], [ 0.6729745, 51.5444637 ], [ 0.6728679, 51.54442 ], [ 0.6727387, 51.544368400000018 ], [ 0.6724616, 51.5442703 ], [ 0.6718121, 51.5440432 ], [ 0.6707646, 51.5436729 ], [ 0.670565, 51.5435985 ], [ 0.670436, 51.5435533 ], [ 0.6703817, 51.5435368 ] ] } },
{ "type": "Feature", "properties": { "id": 10846, "nach": 0.59357976885240582 }, "geometry": { "type": "LineString", "coordinates": [ [ 0.6704286, 51.5435076 ], [ 0.6704192, 51.5435135 ], [ 0.6703817, 51.5435368 ] ] } },
{ "type": "Feature", "properties": { "id": 3061, "nach": 0.5547550952795941 }, "geometry": { "type": "LineString", "coordinates": [ [ 0.6701447, 51.5435096 ], [ 0.6701388, 51.544291800000011 ] ] } },
{ "type": "Feature", "properties": { "id": 3062, "nach": 0.63567630412933296 }, "geometry": { "type": "LineString", "coordinates": [ [ 0.6701447, 51.5435096 ], [ 0.6699884, 51.5435045 ], [ 0.6696747, 51.5434941 ], [ 0.6692052, 51.5434845 ] ] } },
{ "type": "Feature", "properties": { "id": 3068, "nach": 0.61935025776674801 }, "geometry": { "type": "LineString", "coordinates": [ [ 0.6731346, 51.5446027 ], [ 0.6731536, 51.544767 ], [ 0.6731649, 51.5449376 ], [ 0.6732123, 51.545356500000011 ] ] } },
{ "type": "Feature", "properties": { "id": 10848, "nach": 0.62828953218728512 }, "geometry": { "type": "LineString", "coordinates": [ [ 0.6731626, 51.544501600000011 ], [ 0.6731346, 51.5446027 ] ] } },
{ "type": "Feature", "properties": { "id": 10845, "nach": 0.54198145407203346 }, "geometry": { "type": "LineString", "coordinates": [ [ 0.6704286, 51.5435076 ], [ 0.6704333, 51.5434615 ], [ 0.6704486, 51.54331 ], [ 0.6705487, 51.5427496 ] ] } },
{ "type": "Feature", "properties": { "id": 25784, "nach": 0.52145479357840074 }, "geometry": { "type": "LineString", "coordinates": [ [ 0.6722145, 51.5432917 ], [ 0.6720857, 51.5433099 ], [ 0.6712307, 51.5434406 ], [ 0.6708414, 51.543479499999989 ], [ 0.6704286, 51.5435076 ] ] } },
{ "type": "Feature", "properties": { "id": 14531, "nach": 0.62582687549626104 }, "geometry": { "type": "LineString", "coordinates": [ [ 0.6653601, 51.5432738 ], [ 0.6661973, 51.5433982 ] ] } },
{ "type": "Feature", "properties": { "id": 14526, "nach": 0.62693754237877564 }, "geometry": { "type": "LineString", "coordinates": [ [ 0.666345, 51.5434202 ], [ 0.6661973, 51.5433982 ] ] } },
{ "type": "Feature", "properties": { "id": 25797, "nach": 0.52468654021613426 }, "geometry": { "type": "LineString", "coordinates": [ [ 0.6661965, 51.5431279 ], [ 0.6661952, 51.5433606 ], [ 0.6661973, 51.5433982 ] ] } },
{ "type": "Feature", "properties": { "id": 14530, "nach": 0.62899411107674119 }, "geometry": { "type": "LineString", "coordinates": [ [ 0.6653601, 51.5432738 ], [ 0.6651893, 51.5432414 ] ] } },
{ "type": "Feature", "properties": { "id": 26405, "nach": 0.4428768876787974 }, "geometry": { "type": "LineString", "coordinates": [ [ 0.665235, 51.5452484 ], [ 0.6653601, 51.5432738 ] ] } },
{ "type": "Feature", "properties": { "id": 14528, "nach": 0.62854335488445268 }, "geometry": { "type": "LineString", "coordinates": [ [ 0.666345, 51.5434202 ], [ 0.6666427, 51.5434446 ], [ 0.666946, 51.5434647 ], [ 0.6672614, 51.5434693 ] ] } },
{ "type": "Feature", "properties": { "id": 26403, "nach": 0.50785869295411756 }, "geometry": { "type": "LineString", "coordinates": [ [ 0.6662276, 51.5452665 ], [ 0.6663408, 51.5434657 ], [ 0.666345, 51.5434202 ] ] } },
{ "type": "Feature", "properties": { "id": 25798, "nach": 0.4964361298978705 }, "geometry": { "type": "LineString", "coordinates": [ [ 0.6661965, 51.5431279 ], [ 0.6662, 51.5425606 ], [ 0.6662159, 51.5425192 ], [ 0.6662474, 51.5424823 ] ] } },
{ "type": "Feature", "properties": { "id": 25799, "nach": 0.4519133279447346 }, "geometry": { "type": "LineString", "coordinates": [ [ 0.6666141, 51.5431337 ], [ 0.6661965, 51.5431279 ] ] } },
{ "type": "Feature", "properties": { "id": 2860, "nach": 0.53803756625670229 }, "geometry": { "type": "LineString", "coordinates": [ [ 0.662661, 51.542917100000011 ], [ 0.6626439, 51.5432566 ] ] } },
{ "type": "Feature", "properties": { "id": 5407, "nach": 0.57905457726111931 }, "geometry": { "type": "LineString", "coordinates": [ [ 0.6631413, 51.5429214 ], [ 0.662661, 51.542917100000011 ] ] } },
{ "type": "Feature", "properties": { "id": 25410, "nach": 0.46069896795962989 }, "geometry": { "type": "LineString", "coordinates": [ [ 0.6629202, 51.5432616 ], [ 0.6626439, 51.5432566 ] ] } },
{ "type": "Feature", "properties": { "id": 23084, "nach": 0.59062534084878737 }, "geometry": { "type": "LineString", "coordinates": [ [ 0.6631303, 51.5427517 ], [ 0.6631394, 51.5428924 ], [ 0.6631413, 51.5429214 ] ] } },
{ "type": "Feature", "properties": { "id": 5401, "nach": 0.60174729095689483 }, "geometry": { "type": "LineString", "coordinates": [ [ 0.6610313, 51.54237770000001 ], [ 0.6614182, 51.5423661 ] ] } },
{ "type": "Feature", "properties": { "id": 9617, "nach": 0.44133910316939462 }, "geometry": { "type": "LineString", "coordinates": [ [ 0.6888356, 51.54431240000001 ], [ 0.6894974, 51.5441748 ], [ 0.6897488, 51.5445259 ] ] } },
{ "type": "Feature", "properties": { "id": 7865, "nach": 0.62508412979460493 }, "geometry": { "type": "LineString", "coordinates": [ [ 0.6903275, 51.5444005 ], [ 0.6900166, 51.5444714 ], [ 0.6897488, 51.5445259 ] ] } },
{ "type": "Feature", "properties": { "id": 7864, "nach": 0.62137775206873436 }, "geometry": { "type": "LineString", "coordinates": [ [ 0.6903275, 51.5444005 ], [ 0.6905361, 51.5443371 ], [ 0.6907696, 51.544256500000017 ] ] } },
{ "type": "Feature", "properties": { "id": 7863, "nach": 0.42072579242475749 }, "geometry": { "type": "LineString", "coordinates": [ [ 0.6903275, 51.5444005 ], [ 0.6900771, 51.5439728 ], [ 0.6892197, 51.5426141 ], [ 0.6884365, 51.541222 ] ] } },
{ "type": "Feature", "properties": { "id": 25809, "nach": 0.45256640869851822 }, "geometry": { "type": "LineString", "coordinates": [ [ 0.6885984, 51.545142 ], [ 0.6888547, 51.5451045 ] ] } },
{ "type": "Feature", "properties": { "id": 26388, "nach": 0.5183402617721149 }, "geometry": { "type": "LineString", "coordinates": [ [ 0.6701687, 51.5453343 ], [ 0.6701388, 51.544291800000011 ] ] } },
{ "type": "Feature", "properties": { "id": 3065, "nach": 0.52918772128512703 }, "geometry": { "type": "LineString", "coordinates": [ [ 0.6711015, 51.5446259 ], [ 0.6701388, 51.544291800000011 ] ] } },
{ "type": "Feature", "properties": { "id": 26392, "nach": 0.49536700067047973 }, "geometry": { "type": "LineString", "coordinates": [ [ 0.6697796, 51.5453216 ], [ 0.6701687, 51.5453343 ] ] } },
{ "type": "Feature", "properties": { "id": 26400, "nach": 0.52001672786024633 }, "geometry": { "type": "LineString", "coordinates": [ [ 0.670229, 51.5461331 ], [ 0.6701941, 51.5458645 ], [ 0.670174, 51.5455202 ], [ 0.6701687, 51.5453343 ] ] } },
{ "type": "Feature", "properties": { "id": 21431, "nach": 0.51940824256399143 }, "geometry": { "type": "LineString", "coordinates": [ [ 0.6721635, 51.545008 ], [ 0.6711015, 51.5446259 ] ] } },
{ "type": "Feature", "properties": { "id": 26397, "nach": 0.4440166765070539 }, "geometry": { "type": "LineString", "coordinates": [ [ 0.6712069, 51.5460962 ], [ 0.6711818, 51.5456294 ], [ 0.6711015, 51.5446259 ] ] } },
{ "type": "Feature", "properties": { "id": 21433, "nach": 0.55538469364716014 }, "geometry": { "type": "LineString", "coordinates": [ [ 0.6721635, 51.545008 ], [ 0.6731295, 51.545329 ], [ 0.6732123, 51.545356500000011 ] ] } },
{ "type": "Feature", "properties": { "id": 21432, "nach": 0.47699544358931534 }, "geometry": { "type": "LineString", "coordinates": [ [ 0.6721635, 51.545008 ], [ 0.6721321, 51.545041400000017 ] ] } },
{ "type": "Feature", "properties": { "id": 25377, "nach": 0.63097403665186125 }, "geometry": { "type": "LineString", "coordinates": [ [ 0.6689082, 51.5434794 ], [ 0.6692052, 51.5434845 ] ] } },
{ "type": "Feature", "properties": { "id": 26385, "nach": 0.44054475740891125 }, "geometry": { "type": "LineString", "coordinates": [ [ 0.6690532, 51.5453018 ], [ 0.6692015, 51.5435289 ], [ 0.6692052, 51.5434845 ] ] } },
{ "type": "Feature", "properties": { "id": 25378, "nach": 0.62832808721149735 }, "geometry": { "type": "LineString", "coordinates": [ [ 0.6689082, 51.5434794 ], [ 0.6687903, 51.5434774 ], [ 0.6682402, 51.5434792 ] ] } },
{ "type": "Feature", "properties": { "id": 25380, "nach": 0.47069241063444123 }, "geometry": { "type": "LineString", "coordinates": [ [ 0.6690727, 51.543016 ], [ 0.6689027, 51.5433078 ], [ 0.6689082, 51.5434794 ] ] } },
{ "type": "Feature", "properties": { "id": 26382, "nach": 0.5370531018584388 }, "geometry": { "type": "LineString", "coordinates": [ [ 0.6690532, 51.5453018 ], [ 0.6689728, 51.546263 ] ] } },
{ "type": "Feature", "properties": { "id": 26386, "nach": 0.5195738612779891 }, "geometry": { "type": "LineString", "coordinates": [ [ 0.6681254, 51.5452716 ], [ 0.6690532, 51.5453018 ] ] } },
{ "type": "Feature", "properties": { "id": 26391, "nach": 0.49361178949556361 }, "geometry": { "type": "LineString", "coordinates": [ [ 0.6697796, 51.5453216 ], [ 0.6690532, 51.5453018 ] ] } },
{ "type": "Feature", "properties": { "id": 7998, "nach": 0.55916239893287978 }, "geometry": { "type": "LineString", "coordinates": [ [ 0.6694108, 51.546274299999979 ], [ 0.6689728, 51.546263 ] ] } },
{ "type": "Feature", "properties": { "id": 3090, "nach": 0.41878380936594045 }, "geometry": { "type": "LineString", "coordinates": [ [ 0.6680146, 51.5469916 ], [ 0.6681254, 51.5452716 ] ] } },
{ "type": "Feature", "properties": { "id": 5638, "nach": 0.52002509719803158 }, "geometry": { "type": "LineString", "coordinates": [ [ 0.6680533, 51.549398100000012 ], [ 0.6680551, 51.5470673 ], [ 0.6680146, 51.5469916 ] ] } },
{ "type": "Feature", "properties": { "id": 26396, "nach": 0.54023622618989642 }, "geometry": { "type": "LineString", "coordinates": [ [ 0.6712069, 51.5460962 ], [ 0.6712202, 51.5463432 ], [ 0.671244, 51.54657790000001 ] ] } },
{ "type": "Feature", "properties": { "id": 26398, "nach": 0.48685352791405129 }, "geometry": { "type": "LineString", "coordinates": [ [ 0.670229, 51.5461331 ], [ 0.6712069, 51.5460962 ] ] } },
{ "type": "Feature", "properties": { "id": 10850, "nach": 0.55620111005948036 }, "geometry": { "type": "LineString", "coordinates": [ [ 0.6731626, 51.544501600000011 ], [ 0.673188, 51.5443613 ], [ 0.6732204, 51.5442811 ], [ 0.6732617, 51.544200600000011 ], [ 0.673335, 51.5441023 ], [ 0.673554, 51.5438599 ], [ 0.6737528, 51.54368190000001 ], [ 0.6738095, 51.5436283 ] ] } },
{ "type": "Feature", "properties": { "id": 15118, "nach": 0.59914985605579474 }, "geometry": { "type": "LineString", "coordinates": [ [ 0.6732332, 51.5444733 ], [ 0.6731626, 51.544501600000011 ] ] } },
{ "type": "Feature", "properties": { "id": 5563, "nach": 0.64356873742404197 }, "geometry": { "type": "LineString", "coordinates": [ [ 0.6679328, 51.5434755 ], [ 0.6682402, 51.5434792 ] ] } },
{ "type": "Feature", "properties": { "id": 26387, "nach": 0.53392145927253576 }, "geometry": { "type": "LineString", "coordinates": [ [ 0.6681254, 51.5452716 ], [ 0.6682378, 51.5435256 ], [ 0.6682402, 51.5434792 ] ] } },
{ "type": "Feature", "properties": { "id": 5567, "nach": 0.51313244234310484 }, "geometry": { "type": "LineString", "coordinates": [ [ 0.6685206, 51.542289499999988 ], [ 0.6679375, 51.543411 ], [ 0.6679358, 51.5434279 ], [ 0.6679328, 51.5434755 ] ] } },
{ "type": "Feature", "properties": { "id": 12486, "nach": 0.64106234926015926 }, "geometry": { "type": "LineString", "coordinates": [ [ 0.6672884, 51.5434697 ], [ 0.6675278, 51.543472800000018 ], [ 0.6679328, 51.5434755 ] ] } },
{ "type": "Feature", "properties": { "id": 15075, "nach": 0.56752504139281956 }, "geometry": { "type": "LineString", "coordinates": [ [ 0.6681817, 51.5499934 ], [ 0.6680533, 51.549398100000012 ] ] } },
{ "type": "Feature", "properties": { "id": 5643, "nach": 0.51364503487168955 }, "geometry": { "type": "LineString", "coordinates": [ [ 0.6670813, 51.5494148 ], [ 0.6680533, 51.549398100000012 ] ] } },
{ "type": "Feature", "properties": { "id": 12484, "nach": 0.64174356477570271 }, "geometry": { "type": "LineString", "coordinates": [ [ 0.6672884, 51.5434697 ], [ 0.6672614, 51.5434693 ] ] } },
{ "type": "Feature", "properties": { "id": 5376, "nach": 0.60794080245690851 }, "geometry": { "type": "LineString", "coordinates": [ [ 0.6673098, 51.5427146 ], [ 0.6672623, 51.543424 ], [ 0.6672614, 51.5434693 ] ] } },
{ "type": "Feature", "properties": { "id": 26381, "nach": 0.46616385976912744 }, "geometry": { "type": "LineString", "coordinates": [ [ 0.6671643, 51.5453574 ], [ 0.6672852, 51.5435194 ], [ 0.6672884, 51.5434697 ] ] } },
{ "type": "Feature", "properties": { "id": 23564, "nach": 0.52917782720372253 }, "geometry": { "type": "LineString", "coordinates": [ [ 0.6667631, 51.5426071 ], [ 0.6672572, 51.5427043 ], [ 0.6673098, 51.5427146 ] ] } },
{ "type": "Feature", "properties": { "id": 5557, "nach": 0.60058854961205577 }, "geometry": { "type": "LineString", "coordinates": [ [ 0.6675227, 51.542083 ], [ 0.6673386, 51.5424499 ], [ 0.6673231, 51.5424962 ], [ 0.6673098, 51.5427146 ] ] } },
{ "type": "Feature", "properties": { "id": 26380, "nach": 0.45332997101042821 }, "geometry": { "type": "LineString", "coordinates": [ [ 0.6671643, 51.5453574 ], [ 0.6662233, 51.5453354 ] ] } },
{ "type": "Feature", "properties": { "id": 22506, "nach": 0.4818960752731038 }, "geometry": { "type": "LineString", "coordinates": [ [ 0.6621096, 51.5480053 ], [ 0.6621315, 51.5486196 ] ] } },
{ "type": "Feature", "properties": { "id": 22509, "nach": 0.43417247731914493 }, "geometry": { "type": "LineString", "coordinates": [ [ 0.6628044, 51.5484636 ], [ 0.6627073, 51.5482447 ], [ 0.6626474, 51.5481659 ], [ 0.6625921, 51.5481141 ], [ 0.6625095, 51.5480466 ], [ 0.6624467, 51.5480094 ], [ 0.662392, 51.5479961 ], [ 0.6623408, 51.5479905 ], [ 0.6621923, 51.5479991 ], [ 0.6621096, 51.5480053 ] ] } },
{ "type": "Feature", "properties": { "id": 7839, "nach": 0.44859831324709987 }, "geometry": { "type": "LineString", "coordinates": [ [ 0.6642269, 51.5430672 ], [ 0.6642274, 51.5430148 ], [ 0.6642492, 51.5407946 ] ] } },
{ "type": "Feature", "properties": { "id": 7841, "nach": 0.6289406898802562 }, "geometry": { "type": "LineString", "coordinates": [ [ 0.6642269, 51.5430672 ], [ 0.6643371, 51.5430871 ], [ 0.6644582, 51.5431089 ] ] } },
{ "type": "Feature", "properties": { "id": 5657, "nach": 0.55188488513645739 }, "geometry": { "type": "LineString", "coordinates": [ [ 0.6641179, 51.5494199 ], [ 0.6627401, 51.5475708 ] ] } },
{ "type": "Feature", "properties": { "id": 25792, "nach": 0.50781863323408072 }, "geometry": { "type": "LineString", "coordinates": [ [ 0.6652, 51.542937 ], [ 0.6651893, 51.5432414 ] ] } },
{ "type": "Feature", "properties": { "id": 7837, "nach": 0.62561750878889766 }, "geometry": { "type": "LineString", "coordinates": [ [ 0.6644582, 51.5431089 ], [ 0.6651893, 51.5432414 ] ] } },
{ "type": "Feature", "properties": { "id": 25793, "nach": 0.43739834970706071 }, "geometry": { "type": "LineString", "coordinates": [ [ 0.6652, 51.542937 ], [ 0.6652359, 51.541919400000012 ], [ 0.6652616, 51.5418731 ], [ 0.6652848, 51.5418618 ], [ 0.6653225, 51.5418434 ] ] } },
{ "type": "Feature", "properties": { "id": 25795, "nach": 0.45022657540740962 }, "geometry": { "type": "LineString", "coordinates": [ [ 0.665491, 51.5429993 ], [ 0.6654839, 51.5429777 ], [ 0.6654706, 51.5429637 ], [ 0.6654461, 51.5429567 ], [ 0.6654001, 51.5429504 ], [ 0.6652, 51.542937 ] ] } },
{ "type": "Feature", "properties": { "id": 26411, "nach": 0.40907549333843701 }, "geometry": { "type": "LineString", "coordinates": [ [ 0.6642835, 51.545619 ], [ 0.6644547, 51.5431592 ], [ 0.6644582, 51.5431089 ] ] } },
{ "type": "Feature", "properties": { "id": 26413, "nach": 0.48849077748776776 }, "geometry": { "type": "LineString", "coordinates": [ [ 0.6652104, 51.54563610000001 ], [ 0.665235, 51.5452484 ] ] } },
{ "type": "Feature", "properties": { "id": 26414, "nach": 0.46500872402180454 }, "geometry": { "type": "LineString", "coordinates": [ [ 0.6652104, 51.54563610000001 ], [ 0.6642835, 51.545619 ] ] } },
{ "type": "Feature", "properties": { "id": 8052, "nach": 0.50476928816524125 }, "geometry": { "type": "LineString", "coordinates": [ [ 0.6736398, 51.5475883 ], [ 0.6735464, 51.5482977 ] ] } },
{ "type": "Feature", "properties": { "id": 8053, "nach": 0.53229420900263924 }, "geometry": { "type": "LineString", "coordinates": [ [ 0.6736398, 51.5475883 ], [ 0.6736879, 51.5472533 ] ] } },
{ "type": "Feature", "properties": { "id": 8055, "nach": 0.43896133549494543 }, "geometry": { "type": "LineString", "coordinates": [ [ 0.6744954, 51.5476099 ], [ 0.6744953, 51.5477188 ], [ 0.6742857, 51.5477171 ], [ 0.6741889, 51.5477103 ], [ 0.6741204, 51.5476885 ], [ 0.6739362, 51.5476037 ], [ 0.6736398, 51.5475883 ] ] } },
{ "type": "Feature", "properties": { "id": 3748, "nach": 0.46384174203234235 }, "geometry": { "type": "LineString", "coordinates": [ [ 0.674188, 51.549493 ], [ 0.6743672, 51.548945100000012 ] ] } },
{ "type": "Feature", "properties": { "id": 3742, "nach": 0.49267826825458033 }, "geometry": { "type": "LineString", "coordinates": [ [ 0.6759422, 51.548535500000014 ], [ 0.6751691, 51.5487399 ], [ 0.6743672, 51.548945100000012 ] ] } },
{ "type": "Feature", "properties": { "id": 3754, "nach": 0.5318007180166705 }, "geometry": { "type": "LineString", "coordinates": [ [ 0.6769233, 51.5482823 ], [ 0.6759422, 51.548535500000014 ] ] } },
{ "type": "Feature", "properties": { "id": 3755, "nach": 0.55434167710709847 }, "geometry": { "type": "LineString", "coordinates": [ [ 0.6769233, 51.5482823 ], [ 0.6778084, 51.5481131 ], [ 0.6778696, 51.5481014 ] ] } },
{ "type": "Feature", "properties": { "id": 3763, "nach": 0.54854885463501779 }, "geometry": { "type": "LineString", "coordinates": [ [ 0.6726774, 51.5472312 ], [ 0.6736879, 51.5472533 ] ] } },
{ "type": "Feature", "properties": { "id": 3767, "nach": 0.61625442543301445 }, "geometry": { "type": "LineString", "coordinates": [ [ 0.6726893, 51.5465674 ], [ 0.6726774, 51.5472312 ] ] } },
{ "type": "Feature", "properties": { "id": 21565, "nach": 0.57016579927628785 }, "geometry": { "type": "LineString", "coordinates": [ [ 0.6723631, 51.5494935 ], [ 0.6723763, 51.5493908 ], [ 0.6724183, 51.5491089 ], [ 0.6725086, 51.5484486 ], [ 0.6726774, 51.5472312 ] ] } },
{ "type": "Feature", "properties": { "id": 9633, "nach": 0.6222794483922135 }, "geometry": { "type": "LineString", "coordinates": [ [ 0.6726924, 51.5464962 ], [ 0.6726893, 51.5465674 ] ] } },
{ "type": "Feature", "properties": { "id": 3770, "nach": 0.35653135379934836 }, "geometry": { "type": "LineString", "coordinates": [ [ 0.6776097, 51.5465359 ], [ 0.6775521, 51.5465363 ], [ 0.6726893, 51.5465674 ] ] } },
{ "type": "Feature", "properties": { "id": 21567, "nach": 0.45198502931559975 }, "geometry": { "type": "LineString", "coordinates": [ [ 0.6719534, 51.5494755 ], [ 0.6723631, 51.5494935 ] ] } },
{ "type": "Feature", "properties": { "id": 9634, "nach": 0.63235620144064875 }, "geometry": { "type": "LineString", "coordinates": [ [ 0.6726924, 51.5464962 ], [ 0.672745, 51.5460266 ], [ 0.672725, 51.545961100000014 ], [ 0.6727051, 51.5458956 ] ] } },
{ "type": "Feature", "properties": { "id": 9635, "nach": 0.46575440504198956 }, "geometry": { "type": "LineString", "coordinates": [ [ 0.6726924, 51.5464962 ], [ 0.6723474, 51.5464937 ], [ 0.6722076, 51.5464973 ], [ 0.6722076, 51.546737499999985 ], [ 0.6720547, 51.5467392 ] ] } },
{ "type": "Feature", "properties": { "id": 25358, "nach": 0.61022789342849326 }, "geometry": { "type": "LineString", "coordinates": [ [ 0.6776315, 51.5461175 ], [ 0.6776097, 51.5465359 ] ] } },
{ "type": "Feature", "properties": { "id": 16171, "nach": 0.6725342553781648 }, "geometry": { "type": "LineString", "coordinates": [ [ 0.6726263, 51.5459213 ], [ 0.6727051, 51.5458956 ] ] } },
{ "type": "Feature", "properties": { "id": 16172, "nach": 0.66444759435945311 }, "geometry": { "type": "LineString", "coordinates": [ [ 0.6726263, 51.5459213 ], [ 0.6724572, 51.545971 ] ] } },
{ "type": "Feature", "properties": { "id": 16173, "nach": 0.4780370310202865 }, "geometry": { "type": "LineString", "coordinates": [ [ 0.6726263, 51.5459213 ], [ 0.6725791, 51.5458686 ] ] } },
{ "type": "Feature", "properties": { "id": 4672, "nach": 0.48487163592453536 }, "geometry": { "type": "LineString", "coordinates": [ [ 0.6732607, 51.5528324 ], [ 0.6731972, 51.552215600000011 ], [ 0.6733333, 51.5516916 ], [ 0.6733749, 51.5514093 ], [ 0.6733838, 51.5513502 ], [ 0.6733942, 51.551317 ], [ 0.6734253, 51.551271799999988 ], [ 0.6734905, 51.5512114 ] ] } },
{ "type": "Feature", "properties": { "id": 18772, "nach": 0.58273623019154408 }, "geometry": { "type": "LineString", "coordinates": [ [ 0.6772467, 51.5538024 ], [ 0.6766559, 51.5538857 ] ] } },
{ "type": "Feature", "properties": { "id": 4473, "nach": 0.57912758283259524 }, "geometry": { "type": "LineString", "coordinates": [ [ 0.6766976, 51.5540408 ], [ 0.6775791, 51.553895 ], [ 0.6781453, 51.55384320000001 ], [ 0.6782578, 51.5538388 ] ] } },
{ "type": "Feature", "properties": { "id": 13922, "nach": 0.62166664066060551 }, "geometry": { "type": "LineString", "coordinates": [ [ 0.6782578, 51.5538388 ], [ 0.6783949, 51.553831 ] ] } },
{ "type": "Feature", "properties": { "id": 4674, "nach": 0.5354340514595084 }, "geometry": { "type": "LineString", "coordinates": [ [ 0.6720583, 51.55082190000001 ], [ 0.672437, 51.550894399999983 ], [ 0.6727412, 51.5509461 ], [ 0.6729788, 51.550992 ], [ 0.6731093, 51.5510365 ], [ 0.6732695, 51.5511057 ], [ 0.6734905, 51.5512114 ] ] } },
{ "type": "Feature", "properties": { "id": 23498, "nach": 0.55823801442695942 }, "geometry": { "type": "LineString", "coordinates": [ [ 0.6719882, 51.5509734 ], [ 0.6720583, 51.55082190000001 ] ] } },
{ "type": "Feature", "properties": { "id": 8082, "nach": 0.59155489147207996 }, "geometry": { "type": "LineString", "coordinates": [ [ 0.6723626, 51.5504625 ], [ 0.6721975, 51.5505975 ], [ 0.6721564, 51.5506352 ], [ 0.6721158, 51.5507054 ], [ 0.6721067, 51.550721 ], [ 0.6720583, 51.55082190000001 ] ] } },
{ "type": "Feature", "properties": { "id": 8091, "nach": 0.4941031801562602 }, "geometry": { "type": "LineString", "coordinates": [ [ 0.672051, 51.5503765 ], [ 0.6719897, 51.550472 ], [ 0.6719415, 51.5505523 ], [ 0.6718327, 51.5507582 ], [ 0.6717825, 51.55086630000001 ], [ 0.6717771, 51.550909 ], [ 0.6717964, 51.5509344 ], [ 0.6718458, 51.5509531 ], [ 0.6719882, 51.5509734 ] ] } },
{ "type": "Feature", "properties": { "id": 8090, "nach": 0.5595214038433185 }, "geometry": { "type": "LineString", "coordinates": [ [ 0.672051, 51.5503765 ], [ 0.6723172, 51.55045 ], [ 0.6723626, 51.5504625 ] ] } },
{ "type": "Feature", "properties": { "id": 21389, "nach": 0.55365160366653088 }, "geometry": { "type": "LineString", "coordinates": [ [ 0.668554, 51.540032200000013 ], [ 0.668658, 51.5398409 ], [ 0.6686781, 51.5397575 ], [ 0.6686829, 51.53966830000001 ] ] } },
{ "type": "Feature", "properties": { "id": 5357, "nach": 0.55655445586882013 }, "geometry": { "type": "LineString", "coordinates": [ [ 0.6680765, 51.5397441 ], [ 0.6682113, 51.5397174 ], [ 0.668396, 51.539682 ], [ 0.6685366, 51.5396682 ], [ 0.6686829, 51.53966830000001 ] ] } },
{ "type": "Feature", "properties": { "id": 21392, "nach": 0.58143592109183662 }, "geometry": { "type": "LineString", "coordinates": [ [ 0.670154, 51.5391162 ], [ 0.66996, 51.5391634 ], [ 0.6698454, 51.5391821 ], [ 0.6697043, 51.5391964 ], [ 0.6695369, 51.5392259 ], [ 0.6693817, 51.5392696 ], [ 0.669255, 51.5393149 ], [ 0.6691235, 51.5393783 ], [ 0.6688664, 51.5395391 ], [ 0.6687528, 51.539612 ], [ 0.6686829, 51.53966830000001 ] ] } },
{ "type": "Feature", "properties": { "id": 21388, "nach": 0.54868812670662348 }, "geometry": { "type": "LineString", "coordinates": [ [ 0.668554, 51.540032200000013 ], [ 0.6682311, 51.5406972 ] ] } },
{ "type": "Feature", "properties": { "id": 21394, "nach": 0.40821077554906071 }, "geometry": { "type": "LineString", "coordinates": [ [ 0.6670285, 51.5402092 ], [ 0.6674531, 51.5402481 ], [ 0.6683938, 51.540014 ], [ 0.6684715, 51.540015700000012 ], [ 0.668554, 51.540032200000013 ] ] } },
{ "type": "Feature", "properties": { "id": 16574, "nach": 0.55275784735781941 }, "geometry": { "type": "LineString", "coordinates": [ [ 0.6666245, 51.5398974 ], [ 0.6666599, 51.5398975 ], [ 0.6670248, 51.5399096 ], [ 0.6672392, 51.5399114 ], [ 0.6674535, 51.5398997 ], [ 0.6676264, 51.5398646 ], [ 0.6678339, 51.5398092 ], [ 0.6680765, 51.5397441 ] ] } },
{ "type": "Feature", "properties": { "id": 21343, "nach": 0.42446100698209849 }, "geometry": { "type": "LineString", "coordinates": [ [ 0.6683726, 51.5393136 ], [ 0.6684363, 51.5395667 ], [ 0.6684115, 51.5395975 ], [ 0.6681797, 51.5396515 ], [ 0.6680385, 51.5396739 ], [ 0.6680765, 51.5397441 ] ] } },
{ "type": "Feature", "properties": { "id": 21393, "nach": 0.47966500138744372 }, "geometry": { "type": "LineString", "coordinates": [ [ 0.670154, 51.5391162 ], [ 0.6701817, 51.539153399999989 ], [ 0.6701983, 51.5391982 ], [ 0.6702338, 51.539798500000011 ], [ 0.6702316, 51.5398265 ] ] } },
{ "type": "Feature", "properties": { "id": 21391, "nach": 0.59353672933155688 }, "geometry": { "type": "LineString", "coordinates": [ [ 0.670154, 51.5391162 ], [ 0.6703192, 51.5390648 ] ] } },
{ "type": "Feature", "properties": { "id": 21302, "nach": 0.5656591938486526 }, "geometry": { "type": "LineString", "coordinates": [ [ 0.6652258, 51.5399082 ], [ 0.6658606, 51.5399036 ], [ 0.6662588, 51.5398966 ], [ 0.6666245, 51.5398974 ] ] } },
{ "type": "Feature", "properties": { "id": 16579, "nach": 0.50747233419003412 }, "geometry": { "type": "LineString", "coordinates": [ [ 0.6671668, 51.5394848 ], [ 0.6672065, 51.539484 ], [ 0.6672501, 51.5395021 ], [ 0.667275, 51.5395564 ], [ 0.6672688, 51.5396042 ], [ 0.667246, 51.5396249 ], [ 0.6671815, 51.53964040000001 ], [ 0.6667472, 51.5397361 ], [ 0.666689, 51.5397593 ], [ 0.6666578, 51.5397903 ], [ 0.6666245, 51.5398974 ] ] } },
{ "type": "Feature", "properties": { "id": 5604, "nach": 0.55220646816409003 }, "geometry": { "type": "LineString", "coordinates": [ [ 0.6749657, 51.540219300000011 ], [ 0.6751367, 51.539699300000024 ], [ 0.6751567, 51.5396692 ], [ 0.6751718, 51.5396465 ] ] } },
{ "type": "Feature", "properties": { "id": 25458, "nach": 0.52406506966275435 }, "geometry": { "type": "LineString", "coordinates": [ [ 0.6747227, 51.5394836 ], [ 0.6751718, 51.5396465 ] ] } },
{ "type": "Feature", "properties": { "id": 25450, "nach": 0.57544968054927315 }, "geometry": { "type": "LineString", "coordinates": [ [ 0.6747844, 51.5402586 ], [ 0.6749047, 51.5402325 ], [ 0.6749657, 51.540219300000011 ] ] } },
{ "type": "Feature", "properties": { "id": 21142, "nach": 0.61299732271473972 }, "geometry": { "type": "LineString", "coordinates": [ [ 0.6646969, 51.5399081 ], [ 0.6642575, 51.5399079 ] ] } },
{ "type": "Feature", "properties": { "id": 5365, "nach": 0.53918153478957775 }, "geometry": { "type": "LineString", "coordinates": [ [ 0.6642492, 51.5407946 ], [ 0.664257, 51.5399587 ], [ 0.6642575, 51.5399079 ] ] } },
{ "type": "Feature", "properties": { "id": 21301, "nach": 0.60742883581041918 }, "geometry": { "type": "LineString", "coordinates": [ [ 0.6652258, 51.5399082 ], [ 0.6646969, 51.5399081 ] ] } },
{ "type": "Feature", "properties": { "id": 21145, "nach": 0.4420728957046397 }, "geometry": { "type": "LineString", "coordinates": [ [ 0.6646944, 51.5397309 ], [ 0.6646969, 51.5399081 ] ] } },
{ "type": "Feature", "properties": { "id": 5370, "nach": 0.50935306534051439 }, "geometry": { "type": "LineString", "coordinates": [ [ 0.6653225, 51.5418434 ], [ 0.6644389, 51.5408958 ], [ 0.6643877, 51.5408393 ], [ 0.6643545, 51.5408139 ], [ 0.6643093, 51.5407955 ], [ 0.6642492, 51.5407946 ] ] } },
{ "type": "Feature", "properties": { "id": 5373, "nach": 0.49648658223091363 }, "geometry": { "type": "LineString", "coordinates": [ [ 0.6662474, 51.5424823 ], [ 0.6659858, 51.542382700000012 ], [ 0.6657799, 51.5422646 ], [ 0.6653225, 51.5418434 ] ] } },
{ "type": "Feature", "properties": { "id": 23565, "nach": 0.52344089587612475 }, "geometry": { "type": "LineString", "coordinates": [ [ 0.6667631, 51.5426071 ], [ 0.6664792, 51.5425518 ], [ 0.6662672, 51.542489799999984 ], [ 0.6662474, 51.5424823 ] ] } },
{ "type": "Feature", "properties": { "id": 23563, "nach": 0.44498583744069825 }, "geometry": { "type": "LineString", "coordinates": [ [ 0.6667631, 51.5426071 ], [ 0.6667697, 51.5430212 ] ] } },
{ "type": "Feature", "properties": { "id": 8043, "nach": 0.53868768717356375 }, "geometry": { "type": "LineString", "coordinates": [ [ 0.6680288, 51.541107299999986 ], [ 0.6675227, 51.542083 ] ] } },
{ "type": "Feature", "properties": { "id": 5569, "nach": 0.34167210238832696 }, "geometry": { "type": "LineString", "coordinates": [ [ 0.6685206, 51.542289499999988 ], [ 0.6684636, 51.5422777 ], [ 0.6675788, 51.5420946 ], [ 0.6675227, 51.542083 ] ] } },
{ "type": "Feature", "properties": { "id": 25392, "nach": 0.55692169428925142 }, "geometry": { "type": "LineString", "coordinates": [ [ 0.6664591, 51.5417268 ], [ 0.6664663, 51.5417607 ], [ 0.6664985, 51.5417942 ], [ 0.6667653, 51.5419284 ], [ 0.6668628, 51.541961400000012 ], [ 0.6674744, 51.5420741 ], [ 0.6675227, 51.542083 ] ] } },
{ "type": "Feature", "properties": { "id": 5400, "nach": 0.5479841442475899 }, "geometry": { "type": "LineString", "coordinates": [ [ 0.6630929, 51.5423144 ], [ 0.6630488, 51.541696 ] ] } },
{ "type": "Feature", "properties": { "id": 5381, "nach": 0.45531763531837738 }, "geometry": { "type": "LineString", "coordinates": [ [ 0.6630488, 51.541696 ], [ 0.6613142, 51.5417597 ], [ 0.661211, 51.5417564 ], [ 0.6611305, 51.541746399999987 ], [ 0.6610506, 51.5417132 ] ] } },
{ "type": "Feature", "properties": { "id": 23083, "nach": 0.58834315130702564 }, "geometry": { "type": "LineString", "coordinates": [ [ 0.6631303, 51.5427517 ], [ 0.6630929, 51.5423144 ] ] } },
{ "type": "Feature", "properties": { "id": 25789, "nach": 0.5682056106088953 }, "geometry": { "type": "LineString", "coordinates": [ [ 0.6625475, 51.5423312 ], [ 0.6630366, 51.5423161 ], [ 0.6630929, 51.5423144 ] ] } },
{ "type": "Feature", "properties": { "id": 23086, "nach": 0.45400127393591455 }, "geometry": { "type": "LineString", "coordinates": [ [ 0.6635395, 51.54275530000001 ], [ 0.6633685, 51.5427379 ], [ 0.6631303, 51.5427517 ] ] } },
{ "type": "Feature", "properties": { "id": 25802, "nach": 0.46146622654598723 }, "geometry": { "type": "LineString", "coordinates": [ [ 0.6614182, 51.5423661 ], [ 0.6614073, 51.5421629 ] ] } },
{ "type": "Feature", "properties": { "id": 25801, "nach": 0.59100475400169683 }, "geometry": { "type": "LineString", "coordinates": [ [ 0.6614182, 51.5423661 ], [ 0.6615067, 51.5423634 ] ] } },
{ "type": "Feature", "properties": { "id": 15127, "nach": 0.54906903461391243 }, "geometry": { "type": "LineString", "coordinates": [ [ 0.6765941, 51.544329500000011 ], [ 0.6753146, 51.5438694 ], [ 0.6740325, 51.5436926 ], [ 0.673872, 51.5436495 ], [ 0.6738095, 51.5436283 ] ] } },
{ "type": "Feature", "properties": { "id": 27001, "nach": 0.70462975810634865 }, "geometry": { "type": "LineString", "coordinates": [ [ 0.6764469, 51.5443641 ], [ 0.6765941, 51.544329500000011 ] ] } },
{ "type": "Feature", "properties": { "id": 15135, "nach": 0.62079114498169763 }, "geometry": { "type": "LineString", "coordinates": [ [ 0.676483, 51.5441414 ], [ 0.6765941, 51.544329500000011 ] ] } },
{ "type": "Feature", "properties": { "id": 27005, "nach": 0.71787979879246244 }, "geometry": { "type": "LineString", "coordinates": [ [ 0.6767823, 51.5443251 ], [ 0.6765941, 51.544329500000011 ] ] } },
{ "type": "Feature", "properties": { "id": 5533, "nach": 0.47335048285271819 }, "geometry": { "type": "LineString", "coordinates": [ [ 0.6702634, 51.5467911 ], [ 0.6703542, 51.5470849 ] ] } },
{ "type": "Feature", "properties": { "id": 10852, "nach": 0.61921282064412597 }, "geometry": { "type": "LineString", "coordinates": [ [ 0.670326, 51.5467829 ], [ 0.6702634, 51.5467911 ] ] } },
{ "type": "Feature", "properties": { "id": 5620, "nach": 0.50674802633185945 }, "geometry": { "type": "LineString", "coordinates": [ [ 0.6703542, 51.5470849 ], [ 0.6705175, 51.5467586 ] ] } },
{ "type": "Feature", "properties": { "id": 5624, "nach": 0.51132564604840003 }, "geometry": { "type": "LineString", "coordinates": [ [ 0.6702945, 51.5477412 ], [ 0.6703542, 51.5470849 ] ] } },
{ "type": "Feature", "properties": { "id": 10851, "nach": 0.61388619815874479 }, "geometry": { "type": "LineString", "coordinates": [ [ 0.670326, 51.5467829 ], [ 0.6705175, 51.5467586 ] ] } },
{ "type": "Feature", "properties": { "id": 26399, "nach": 0.48518167770187376 }, "geometry": { "type": "LineString", "coordinates": [ [ 0.670229, 51.5461331 ], [ 0.6702325, 51.5461599 ], [ 0.6702855, 51.54650190000001 ], [ 0.670326, 51.5467829 ] ] } },
{ "type": "Feature", "properties": { "id": 5540, "nach": 0.63134986869655807 }, "geometry": { "type": "LineString", "coordinates": [ [ 0.6711672, 51.5466074 ], [ 0.6711083, 51.5466293 ], [ 0.670826, 51.5467055 ], [ 0.6705175, 51.5467586 ] ] } },
{ "type": "Feature", "properties": { "id": 10840, "nach": 0.63590316401926428 }, "geometry": { "type": "LineString", "coordinates": [ [ 0.671244, 51.54657790000001 ], [ 0.6711672, 51.5466074 ] ] } },
{ "type": "Feature", "properties": { "id": 5539, "nach": 0.38864940573161283 }, "geometry": { "type": "LineString", "coordinates": [ [ 0.6711672, 51.5466074 ], [ 0.6713207, 51.5466869 ], [ 0.6714095, 51.5467782 ], [ 0.6714302, 51.5468648 ] ] } },
{ "type": "Feature", "properties": { "id": 10839, "nach": 0.64922450484015559 }, "geometry": { "type": "LineString", "coordinates": [ [ 0.671244, 51.54657790000001 ], [ 0.6714769, 51.5464794 ] ] } },
{ "type": "Feature", "properties": { "id": 5622, "nach": 0.43981955692994762 }, "geometry": { "type": "LineString", "coordinates": [ [ 0.6714302, 51.5468648 ], [ 0.6714576, 51.546785800000016 ], [ 0.6714769, 51.5464794 ] ] } },
{ "type": "Feature", "properties": { "id": 5631, "nach": 0.16291859972030864 }, "geometry": { "type": "LineString", "coordinates": [ [ 0.670183, 51.5487927 ], [ 0.6712644, 51.5487606 ], [ 0.6714302, 51.5468648 ] ] } },
{ "type": "Feature", "properties": { "id": 10838, "nach": 0.65594527030631955 }, "geometry": { "type": "LineString", "coordinates": [ [ 0.6724572, 51.545971 ], [ 0.6723074, 51.5460364 ], [ 0.6721682, 51.546113 ], [ 0.6718017, 51.546311 ], [ 0.6714769, 51.5464794 ] ] } },
{ "type": "Feature", "properties": { "id": 16174, "nach": 0.47587537576921507 }, "geometry": { "type": "LineString", "coordinates": [ [ 0.6724097, 51.54592430000001 ], [ 0.6724572, 51.545971 ] ] } },
{ "type": "Feature", "properties": { "id": 25492, "nach": 0.41634727467731192 }, "geometry": { "type": "LineString", "coordinates": [ [ 0.6705275, 51.539883499999988 ], [ 0.6703263, 51.5398881 ], [ 0.6702316, 51.5398265 ] ] } },
{ "type": "Feature", "properties": { "id": 14536, "nach": 0.46876995114464098 }, "geometry": { "type": "LineString", "coordinates": [ [ 0.6692141, 51.5409725 ], [ 0.6696759, 51.5400802 ], [ 0.6697409, 51.53995470000001 ], [ 0.6697595, 51.539929 ], [ 0.6697915, 51.5399156 ], [ 0.6701933, 51.5398405 ], [ 0.6702316, 51.5398265 ] ] } },
{ "type": "Feature", "properties": { "id": 14535, "nach": 0.49620676932274371 }, "geometry": { "type": "LineString", "coordinates": [ [ 0.6692141, 51.5409725 ], [ 0.6692734, 51.540961300000014 ], [ 0.6694488, 51.5409281 ], [ 0.669545, 51.5409025 ], [ 0.6697194, 51.5408678 ], [ 0.6699264, 51.5408466 ], [ 0.6701361, 51.5408436 ], [ 0.6703076, 51.5408482 ], [ 0.6703609, 51.5408496 ] ] } },
{ "type": "Feature", "properties": { "id": 14534, "nach": 0.54093796208277456 }, "geometry": { "type": "LineString", "coordinates": [ [ 0.6692141, 51.5409725 ], [ 0.6691376, 51.5411038 ] ] } },
{ "type": "Feature", "properties": { "id": 8042, "nach": 0.5614660557158917 }, "geometry": { "type": "LineString", "coordinates": [ [ 0.6680288, 51.541107299999986 ], [ 0.6682311, 51.5406972 ] ] } },
{ "type": "Feature", "properties": { "id": 8044, "nach": 0.52750828896303215 }, "geometry": { "type": "LineString", "coordinates": [ [ 0.6680288, 51.541107299999986 ], [ 0.6679702, 51.5411078 ], [ 0.6669112, 51.5411076 ] ] } },
{ "type": "Feature", "properties": { "id": 8045, "nach": 0.4989897785336318 }, "geometry": { "type": "LineString", "coordinates": [ [ 0.6680288, 51.541107299999986 ], [ 0.6680815, 51.5411071 ], [ 0.6690842, 51.541104 ], [ 0.6691376, 51.5411038 ] ] } },
{ "type": "Feature", "properties": { "id": 8034, "nach": 0.49731737030284651 }, "geometry": { "type": "LineString", "coordinates": [ [ 0.6691376, 51.5411038 ], [ 0.6685206, 51.542289499999988 ] ] } },
{ "type": "Feature", "properties": { "id": 5575, "nach": 0.0 }, "geometry": { "type": "LineString", "coordinates": [ [ 0.6703609, 51.5408496 ], [ 0.6699434, 51.5416381 ], [ 0.6695205, 51.5424484 ], [ 0.6695098, 51.5424653 ], [ 0.6694911, 51.5424768 ], [ 0.6694645, 51.5424776 ], [ 0.6694367, 51.542473 ], [ 0.6685206, 51.542289499999988 ] ] } },
{ "type": "Feature", "properties": { "id": 25393, "nach": 0.55648688181214157 }, "geometry": { "type": "LineString", "coordinates": [ [ 0.6664591, 51.5417268 ], [ 0.6664573, 51.5417184 ], [ 0.6664764, 51.541677 ], [ 0.6665263, 51.5416074 ] ] } },
{ "type": "Feature", "properties": { "id": 25391, "nach": 0.44256679414455119 }, "geometry": { "type": "LineString", "coordinates": [ [ 0.6664591, 51.5417268 ], [ 0.6662104, 51.5417596 ] ] } },
{ "type": "Feature", "properties": { "id": 5573, "nach": 0.41428807449872912 }, "geometry": { "type": "LineString", "coordinates": [ [ 0.666764, 51.5404297 ], [ 0.6681785, 51.5406873 ], [ 0.6682311, 51.5406972 ] ] } },
{ "type": "Feature", "properties": { "id": 5580, "nach": 0.47605835219988979 }, "geometry": { "type": "LineString", "coordinates": [ [ 0.6720157, 51.5411034 ], [ 0.6717547, 51.5408875 ], [ 0.6716752, 51.5408433 ], [ 0.6716136, 51.5408173 ], [ 0.6715279, 51.5408077 ], [ 0.6704177, 51.5408475 ], [ 0.6703609, 51.5408496 ] ] } },
{ "type": "Feature", "properties": { "id": 25382, "nach": 0.54328055929883601 }, "geometry": { "type": "LineString", "coordinates": [ [ 0.6652663, 51.5404482 ], [ 0.6655845, 51.540814 ], [ 0.6656357, 51.5408421 ], [ 0.6667413, 51.5410793 ], [ 0.6668432, 51.5411002 ], [ 0.6669112, 51.5411076 ] ] } },
{ "type": "Feature", "properties": { "id": 8051, "nach": 0.55555012730197062 }, "geometry": { "type": "LineString", "coordinates": [ [ 0.6665263, 51.5416074 ], [ 0.6668866, 51.5411638 ], [ 0.6669004, 51.5411322 ], [ 0.6669112, 51.5411076 ] ] } },
{ "type": "Feature", "properties": { "id": 25383, "nach": 0.56775663295908996 }, "geometry": { "type": "LineString", "coordinates": [ [ 0.6652663, 51.5404482 ], [ 0.6652415, 51.5404197 ], [ 0.6652312, 51.540314 ], [ 0.6652258, 51.5399082 ] ] } },
{ "type": "Feature", "properties": { "id": 25384, "nach": 0.50915421761168334 }, "geometry": { "type": "LineString", "coordinates": [ [ 0.6658955, 51.5404363 ], [ 0.6652663, 51.5404482 ] ] } },
{ "type": "Feature", "properties": { "id": 8049, "nach": 0.54773954661309676 }, "geometry": { "type": "LineString", "coordinates": [ [ 0.6665263, 51.5416074 ], [ 0.6661519, 51.5414688 ] ] } },
{ "type": "Feature", "properties": { "id": 5587, "nach": 0.4598627157533885 }, "geometry": { "type": "LineString", "coordinates": [ [ 0.6705487, 51.5427496 ], [ 0.6706356, 51.5424727 ], [ 0.6708107, 51.5421682 ], [ 0.6710208, 51.5418995 ], [ 0.671303, 51.5416154 ], [ 0.6715819, 51.541398 ], [ 0.6720157, 51.5411034 ] ] } },
{ "type": "Feature", "properties": { "id": 12487, "nach": 0.47293914371416285 }, "geometry": { "type": "LineString", "coordinates": [ [ 0.6729443, 51.5398129 ], [ 0.6729251, 51.5398469 ], [ 0.6729129, 51.539883 ], [ 0.6728761, 51.5401221 ], [ 0.6728668, 51.540205 ], [ 0.6728453, 51.540291 ], [ 0.6728106, 51.5403494 ], [ 0.6727209, 51.5405206 ], [ 0.6725593, 51.5407014 ], [ 0.6724283, 51.5408242 ], [ 0.6722733, 51.5409373 ], [ 0.6720157, 51.5411034 ] ] } },
{ "type": "Feature", "properties": { "id": 5612, "nach": 0.49498412482313764 }, "geometry": { "type": "LineString", "coordinates": [ [ 0.6723574, 51.5424897 ], [ 0.6705487, 51.5427496 ] ] } },
{ "type": "Feature", "properties": { "id": 12489, "nach": 0.48767716804600086 }, "geometry": { "type": "LineString", "coordinates": [ [ 0.6729443, 51.5398129 ], [ 0.673078, 51.5398352 ], [ 0.6732833, 51.539880199999985 ], [ 0.6735624, 51.5399519 ], [ 0.6738593, 51.5400359 ], [ 0.6739218, 51.5400536 ] ] } },
{ "type": "Feature", "properties": { "id": 10645, "nach": 0.42988176787666721 }, "geometry": { "type": "LineString", "coordinates": [ [ 0.6739163, 51.5400958 ], [ 0.6738986, 51.5402574 ], [ 0.6738134, 51.5404723 ], [ 0.6737721, 51.5405813 ], [ 0.6737099, 51.5406962 ], [ 0.6736314, 51.5408098 ], [ 0.6734662, 51.5409993 ], [ 0.6732748, 51.5411879 ], [ 0.6730539, 51.5413571 ], [ 0.6728167, 51.5415201 ], [ 0.6726983, 51.541620600000016 ], [ 0.6726232, 51.5417061 ], [ 0.6725489, 51.541809799999989 ], [ 0.6724503, 51.5419705 ], [ 0.6723872, 51.5421335 ], [ 0.6723526, 51.5422868 ], [ 0.6723412, 51.5424084 ], [ 0.6723574, 51.5424897 ] ] } },
{ "type": "Feature", "properties": { "id": 25451, "nach": 0.50889581742037504 }, "geometry": { "type": "LineString", "coordinates": [ [ 0.6747844, 51.5402586 ], [ 0.6746677, 51.540284 ], [ 0.6745362, 51.5402957 ], [ 0.6744514, 51.5402964 ], [ 0.6743623, 51.5402844 ], [ 0.6742712, 51.5402688 ], [ 0.6741803, 51.5402366 ], [ 0.6741087, 51.5402 ], [ 0.6739705, 51.540117300000013 ], [ 0.6739163, 51.5400958 ] ] } },
{ "type": "Feature", "properties": { "id": 25449, "nach": 0.53036438101003025 }, "geometry": { "type": "LineString", "coordinates": [ [ 0.6747844, 51.5402586 ], [ 0.6745657, 51.5400738 ] ] } },
{ "type": "Feature", "properties": { "id": 25455, "nach": 0.44874775666372935 }, "geometry": { "type": "LineString", "coordinates": [ [ 0.674729, 51.5393368 ], [ 0.6747323, 51.5392604 ] ] } },
{ "type": "Feature", "properties": { "id": 25459, "nach": 0.19018962811062254 }, "geometry": { "type": "LineString", "coordinates": [ [ 0.6747227, 51.5394836 ], [ 0.674729, 51.5393368 ] ] } },
{ "type": "Feature", "properties": { "id": 25457, "nach": 0.47238373995090177 }, "geometry": { "type": "LineString", "coordinates": [ [ 0.674729, 51.5393368 ], [ 0.6746988, 51.5393319 ], [ 0.674563, 51.5393165 ], [ 0.6744587, 51.539303199999985 ], [ 0.6743479, 51.5392755 ], [ 0.6742073, 51.539232 ] ] } },
{ "type": "Feature", "properties": { "id": 10644, "nach": 0.51439318394113898 }, "geometry": { "type": "LineString", "coordinates": [ [ 0.6739163, 51.5400958 ], [ 0.6739218, 51.5400536 ] ] } },
{ "type": "Feature", "properties": { "id": 25453, "nach": 0.43832506940512428 }, "geometry": { "type": "LineString", "coordinates": [ [ 0.6740911, 51.5395081 ], [ 0.673998, 51.5397698 ], [ 0.6739218, 51.5400536 ] ] } },
{ "type": "Feature", "properties": { "id": 25454, "nach": 0.51694364206118415 }, "geometry": { "type": "LineString", "coordinates": [ [ 0.6740911, 51.5395081 ], [ 0.674404, 51.5399021 ], [ 0.6745657, 51.5400738 ] ] } },
{ "type": "Feature", "properties": { "id": 5632, "nach": 0.37100884529483574 }, "geometry": { "type": "LineString", "coordinates": [ [ 0.6691187, 51.5488193 ], [ 0.670183, 51.5487927 ] ] } },
{ "type": "Feature", "properties": { "id": 5635, "nach": 0.37931560968059014 }, "geometry": { "type": "LineString", "coordinates": [ [ 0.66905, 51.5497534 ], [ 0.6691187, 51.5488193 ] ] } },
{ "type": "Feature", "properties": { "id": 5627, "nach": 0.47850686462832553 }, "geometry": { "type": "LineString", "coordinates": [ [ 0.6702516, 51.54798670000001 ], [ 0.6703289, 51.5479387 ], [ 0.670389, 51.5477946 ], [ 0.6702945, 51.5477412 ] ] } },
{ "type": "Feature", "properties": { "id": 5628, "nach": 0.43283468154709043 }, "geometry": { "type": "LineString", "coordinates": [ [ 0.670183, 51.5487927 ], [ 0.6702516, 51.54798670000001 ] ] } },
{ "type": "Feature", "properties": { "id": 16175, "nach": 0.40439437948453011 }, "geometry": { "type": "LineString", "coordinates": [ [ 0.6701887, 51.5488292 ], [ 0.670183, 51.5487927 ] ] } },
{ "type": "Feature", "properties": { "id": 15076, "nach": 0.5224497154663782 }, "geometry": { "type": "LineString", "coordinates": [ [ 0.6681817, 51.5499934 ], [ 0.6682876, 51.5505527 ], [ 0.6682957, 51.55058240000001 ] ] } },
{ "type": "Feature", "properties": { "id": 15078, "nach": 0.54247445572566899 }, "geometry": { "type": "LineString", "coordinates": [ [ 0.6681817, 51.5499934 ], [ 0.66882, 51.549872200000017 ], [ 0.6691311, 51.5498956 ], [ 0.6695603, 51.549979 ], [ 0.6699894, 51.550069 ], [ 0.6702884, 51.55004060000001 ] ] } },
{ "type": "Feature", "properties": { "id": 16220, "nach": 0.48547585517712133 }, "geometry": { "type": "LineString", "coordinates": [ [ 0.6651822, 51.549814700000013 ], [ 0.6661217, 51.5497988 ], [ 0.6665723, 51.549959 ], [ 0.6675164, 51.5500557 ], [ 0.6681817, 51.5499934 ] ] } },
{ "type": "Feature", "properties": { "id": 18924, "nach": 0.58396851577033138 }, "geometry": { "type": "LineString", "coordinates": [ [ 0.6687256, 51.5504361 ], [ 0.6685326, 51.550497300000018 ], [ 0.6682957, 51.55058240000001 ] ] } },
{ "type": "Feature", "properties": { "id": 21151, "nach": 0.57559610798592975 }, "geometry": { "type": "LineString", "coordinates": [ [ 0.6692594, 51.5502865 ], [ 0.6689602, 51.5503687 ], [ 0.6687256, 51.5504361 ] ] } },
{ "type": "Feature", "properties": { "id": 18927, "nach": 0.43925025212828855 }, "geometry": { "type": "LineString", "coordinates": [ [ 0.6682741, 51.5510664 ], [ 0.6685315, 51.5510849 ], [ 0.6685838, 51.5510455 ], [ 0.6687143, 51.55101770000001 ], [ 0.6687889, 51.5509875 ], [ 0.6687879, 51.5506937 ], [ 0.6687904, 51.55054530000001 ], [ 0.6687256, 51.5504361 ] ] } },
{ "type": "Feature", "properties": { "id": 23906, "nach": 0.59504797412545463 }, "geometry": { "type": "LineString", "coordinates": [ [ 0.6641421, 51.5497325 ], [ 0.664145, 51.54948 ], [ 0.6641179, 51.5494199 ] ] } },
{ "type": "Feature", "properties": { "id": 23905, "nach": 0.59884403089460214 }, "geometry": { "type": "LineString", "coordinates": [ [ 0.6641421, 51.5497325 ], [ 0.6641495, 51.5499268 ] ] } },
{ "type": "Feature", "properties": { "id": 23907, "nach": 0.44758567153424472 }, "geometry": { "type": "LineString", "coordinates": [ [ 0.6641421, 51.5497325 ], [ 0.6640622, 51.5497339 ], [ 0.6638159, 51.5497337 ] ] } },
{ "type": "Feature", "properties": { "id": 5679, "nach": 0.48667074850679187 }, "geometry": { "type": "LineString", "coordinates": [ [ 0.6621438, 51.5488942 ], [ 0.6622024, 51.5507025 ], [ 0.6622034, 51.5507351 ] ] } },
{ "type": "Feature", "properties": { "id": 15085, "nach": 0.52084814247883715 }, "geometry": { "type": "LineString", "coordinates": [ [ 0.6624316, 51.55073070000001 ], [ 0.6624336, 51.550688300000012 ], [ 0.662543, 51.550686 ], [ 0.6625467, 51.5506561 ], [ 0.6625718, 51.5506181 ], [ 0.6638901, 51.5499456 ], [ 0.6640436, 51.5499233 ], [ 0.6641495, 51.5499268 ] ] } },
{ "type": "Feature", "properties": { "id": 5678, "nach": 0.49635895210458925 }, "geometry": { "type": "LineString", "coordinates": [ [ 0.6621438, 51.5488942 ], [ 0.6621315, 51.5486196 ] ] } },
{ "type": "Feature", "properties": { "id": 24987, "nach": 0.39458773531742242 }, "geometry": { "type": "LineString", "coordinates": [ [ 0.6631618, 51.5501731 ], [ 0.663086, 51.5500959 ], [ 0.6630406, 51.549003 ], [ 0.6630342, 51.5489589 ], [ 0.662997, 51.5489057 ], [ 0.6629438, 51.5488881 ], [ 0.6628523, 51.54888540000001 ], [ 0.6621832, 51.5488937 ], [ 0.6621438, 51.5488942 ] ] } },
{ "type": "Feature", "properties": { "id": 5682, "nach": 0.41617738657244818 }, "geometry": { "type": "LineString", "coordinates": [ [ 0.6610923, 51.548635 ], [ 0.6611345, 51.5486344 ], [ 0.6620896, 51.5486201 ], [ 0.6621315, 51.5486196 ] ] } },
{ "type": "Feature", "properties": { "id": 24999, "nach": 0.50533600032592629 }, "geometry": { "type": "LineString", "coordinates": [ [ 0.661067, 51.5480198 ], [ 0.6610923, 51.548635 ] ] } },
{ "type": "Feature", "properties": { "id": 25000, "nach": 0.44457021677527903 }, "geometry": { "type": "LineString", "coordinates": [ [ 0.661067, 51.5480198 ], [ 0.6615788, 51.54801040000001 ] ] } },
{ "type": "Feature", "properties": { "id": 10663, "nach": 0.5470333903898098 }, "geometry": { "type": "LineString", "coordinates": [ [ 0.6709575, 51.5384639 ], [ 0.6709629, 51.5383757 ] ] } },
{ "type": "Feature", "properties": { "id": 25487, "nach": 0.0 }, "geometry": { "type": "LineString", "coordinates": [ [ 0.6717144, 51.5380858 ], [ 0.6715184, 51.53814160000001 ], [ 0.6709147, 51.538308199999989 ], [ 0.6709629, 51.5383757 ] ] } },
{ "type": "Feature", "properties": { "id": 10665, "nach": 0.27563698878237186 }, "geometry": { "type": "LineString", "coordinates": [ [ 0.6709575, 51.5384639 ], [ 0.6705039, 51.538498399999987 ], [ 0.67005, 51.5385079 ], [ 0.669936, 51.53851250000001 ], [ 0.6694866, 51.5385308 ], [ 0.6689199, 51.5385732 ], [ 0.6677589, 51.5386735 ], [ 0.6658313, 51.5388433 ], [ 0.6649833, 51.5389116 ], [ 0.6642275, 51.5389479 ], [ 0.6635219, 51.538965 ], [ 0.6629074, 51.538963 ], [ 0.6623229, 51.5389442 ], [ 0.6610977, 51.5388807 ], [ 0.660849, 51.5388665 ] ] } },
{ "type": "Feature", "properties": { "id": 25360, "nach": 0.39242334965299291 }, "geometry": { "type": "LineString", "coordinates": [ [ 0.6785753, 51.5460644 ], [ 0.6776315, 51.5461175 ] ] } },
{ "type": "Feature", "properties": { "id": 25361, "nach": 0.53279837027487587 }, "geometry": { "type": "LineString", "coordinates": [ [ 0.6785753, 51.5460644 ], [ 0.6785547, 51.5458398 ], [ 0.6785559, 51.5458093 ], [ 0.6785715, 51.5457848 ] ] } },
{ "type": "Feature", "properties": { "id": 7851, "nach": 0.49342022485686904 }, "geometry": { "type": "LineString", "coordinates": [ [ 0.6887813, 51.541169 ], [ 0.6884365, 51.541222 ] ] } },
{ "type": "Feature", "properties": { "id": 25786, "nach": 0.43391385886308886 }, "geometry": { "type": "LineString", "coordinates": [ [ 0.6880814, 51.5416318 ], [ 0.6879863, 51.5413657 ], [ 0.6879593, 51.5413034 ], [ 0.6884365, 51.541222 ] ] } },
{ "type": "Feature", "properties": { "id": 7867, "nach": 0.50847399553566242 }, "geometry": { "type": "LineString", "coordinates": [ [ 0.6893759, 51.541068400000015 ], [ 0.6887813, 51.541169 ] ] } },
{ "type": "Feature", "properties": { "id": 25780, "nach": 0.53990646220809757 }, "geometry": { "type": "LineString", "coordinates": [ [ 0.6908909, 51.5446118 ], [ 0.6908718, 51.5445258 ], [ 0.6908231, 51.5443513 ], [ 0.6907908, 51.5443042 ], [ 0.6907696, 51.544256500000017 ] ] } },
{ "type": "Feature", "properties": { "id": 7999, "nach": 0.44310494416998553 }, "geometry": { "type": "LineString", "coordinates": [ [ 0.6694108, 51.546274299999979 ], [ 0.6694713, 51.5461563 ] ] } },
{ "type": "Feature", "properties": { "id": 22572, "nach": 0.51804877826779749 }, "geometry": { "type": "LineString", "coordinates": [ [ 0.6695363, 51.54644720000001 ], [ 0.6695318, 51.5464234 ], [ 0.6695233, 51.5463777 ], [ 0.6695104, 51.5463416 ], [ 0.6694717, 51.5463022 ], [ 0.6694108, 51.546274299999979 ] ] } },
{ "type": "Feature", "properties": { "id": 22570, "nach": 0.43819463490972033 }, "geometry": { "type": "LineString", "coordinates": [ [ 0.6695363, 51.54644720000001 ], [ 0.6695547, 51.54654630000001 ] ] } },
{ "type": "Feature", "properties": { "id": 22573, "nach": 0.43234436352097999 }, "geometry": { "type": "LineString", "coordinates": [ [ 0.66998, 51.546408700000015 ], [ 0.6695363, 51.54644720000001 ] ] } },
{ "type": "Feature", "properties": { "id": 25389, "nach": 0.43039489820110222 }, "geometry": { "type": "LineString", "coordinates": [ [ 0.665818, 51.5413008 ], [ 0.6661415, 51.5414 ], [ 0.6661519, 51.5414688 ] ] } },
{ "type": "Feature", "properties": { "id": 25396, "nach": 0.50664494977371854 }, "geometry": { "type": "LineString", "coordinates": [ [ 0.6659546, 51.5416239 ], [ 0.6659672, 51.5415749 ], [ 0.6660113, 51.5415284 ], [ 0.6660786, 51.5415259 ], [ 0.666124, 51.5414906 ], [ 0.6661519, 51.5414688 ] ] } },
{ "type": "Feature", "properties": { "id": 25395, "nach": 0.42577412386908048 }, "geometry": { "type": "LineString", "coordinates": [ [ 0.6659546, 51.5416239 ], [ 0.6659465, 51.5416554 ], [ 0.6658485, 51.541742100000015 ] ] } },
{ "type": "Feature", "properties": { "id": 25398, "nach": 0.41949529042691436 }, "geometry": { "type": "LineString", "coordinates": [ [ 0.6657824, 51.5413969 ], [ 0.6658445, 51.5414255 ], [ 0.6658965, 51.5414699 ], [ 0.6659052, 51.5415189 ], [ 0.6658958, 51.5415791 ], [ 0.6658972, 51.541601900000011 ], [ 0.6659192, 51.5416197 ], [ 0.6659546, 51.5416239 ] ] } },
{ "type": "Feature", "properties": { "id": 23612, "nach": 0.58455627925379194 }, "geometry": { "type": "LineString", "coordinates": [ [ 0.6716602, 51.5502852 ], [ 0.672051, 51.5503765 ] ] } },
{ "type": "Feature", "properties": { "id": 15071, "nach": 0.44535365647961317 }, "geometry": { "type": "LineString", "coordinates": [ [ 0.6702884, 51.55004060000001 ], [ 0.6703026, 51.5501099 ] ] } },
{ "type": "Feature", "properties": { "id": 21152, "nach": 0.56956560980747839 }, "geometry": { "type": "LineString", "coordinates": [ [ 0.6692594, 51.5502865 ], [ 0.6694857, 51.5502324 ], [ 0.6698099, 51.5501672 ], [ 0.6700508, 51.5501293 ], [ 0.6703026, 51.5501099 ] ] } },
{ "type": "Feature", "properties": { "id": 8088, "nach": 0.56248852530655846 }, "geometry": { "type": "LineString", "coordinates": [ [ 0.6714798, 51.5502373 ], [ 0.6712046, 51.5501761 ], [ 0.6709515, 51.5501329 ], [ 0.6706305, 51.5501076 ], [ 0.6703026, 51.5501099 ] ] } },
{ "type": "Feature", "properties": { "id": 15074, "nach": 0.54575267828071172 }, "geometry": { "type": "LineString", "coordinates": [ [ 0.6702884, 51.55004060000001 ], [ 0.6708424, 51.5500524 ], [ 0.6714056, 51.5501391 ], [ 0.6714798, 51.5502373 ] ] } },
{ "type": "Feature", "properties": { "id": 24925, "nach": 0.45211907505733256 }, "geometry": { "type": "LineString", "coordinates": [ [ 0.6698391, 51.5498357 ], [ 0.6702387, 51.5498514 ], [ 0.6702582, 51.5499154 ], [ 0.6702884, 51.55004060000001 ] ] } },
{ "type": "Feature", "properties": { "id": 21153, "nach": 0.44148232121810865 }, "geometry": { "type": "LineString", "coordinates": [ [ 0.6692594, 51.5502865 ], [ 0.6692801, 51.5503626 ], [ 0.6691729, 51.5506946 ], [ 0.6691099, 51.5510417 ] ] } },
{ "type": "Feature", "properties": { "id": 23611, "nach": 0.60932286445487538 }, "geometry": { "type": "LineString", "coordinates": [ [ 0.6716602, 51.5502852 ], [ 0.6714798, 51.5502373 ] ] } },
{ "type": "Feature", "properties": { "id": 25578, "nach": 0.54917561812741233 }, "geometry": { "type": "LineString", "coordinates": [ [ 0.6717723, 51.549967600000024 ], [ 0.6717644, 51.5500712 ], [ 0.6717541, 51.5501 ], [ 0.6717078, 51.5501936 ], [ 0.6716602, 51.5502852 ] ] } },
{ "type": "Feature", "properties": { "id": 16720, "nach": 0.590070489376333 }, "geometry": { "type": "LineString", "coordinates": [ [ 0.6703192, 51.5390648 ], [ 0.6705323, 51.5389915 ] ] } },
{ "type": "Feature", "properties": { "id": 25490, "nach": 0.59396257240130179 }, "geometry": { "type": "LineString", "coordinates": [ [ 0.670855, 51.5389005 ], [ 0.6707441, 51.5389261 ], [ 0.6705323, 51.5389915 ] ] } },
{ "type": "Feature", "properties": { "id": 28657, "nach": 0.49829578819683823 }, "geometry": { "type": "LineString", "coordinates": [ [ 0.6707478, 51.5386403 ], [ 0.6707467, 51.5386492 ], [ 0.6707494, 51.5387729 ], [ 0.6707883, 51.5387733 ], [ 0.6708453, 51.5387737 ], [ 0.6708426, 51.538834199999989 ], [ 0.670855, 51.5389005 ] ] } },
{ "type": "Feature", "properties": { "id": 25764, "nach": 0.43820748654416519 }, "geometry": { "type": "LineString", "coordinates": [ [ 0.6870867, 51.54493870000001 ], [ 0.6868627, 51.5446263 ] ] } },
{ "type": "Feature", "properties": { "id": 25767, "nach": 0.44065646322821339 }, "geometry": { "type": "LineString", "coordinates": [ [ 0.6869496, 51.5450956 ], [ 0.6869088, 51.5449961 ], [ 0.6869405, 51.5449745 ], [ 0.6870867, 51.54493870000001 ] ] } },
{ "type": "Feature", "properties": { "id": 25460, "nach": 0.28852426412921262 }, "geometry": { "type": "LineString", "coordinates": [ [ 0.6747227, 51.5394836 ], [ 0.6747209, 51.5395262 ], [ 0.6747309, 51.539662 ], [ 0.6746708, 51.5398588 ], [ 0.6745657, 51.5400738 ] ] } },
{ "type": "Feature", "properties": { "id": 29469, "nach": 0.42014414393219329 }, "geometry": { "type": "LineString", "coordinates": [ [ 0.6767468, 51.5371408 ], [ 0.6767187, 51.5370906 ] ] } },
{ "type": "Feature", "properties": { "id": 16972, "nach": 0.42036834123152256 }, "geometry": { "type": "LineString", "coordinates": [ [ 0.6753422, 51.5533547 ], [ 0.6753798, 51.5531646 ], [ 0.675498, 51.55293180000001 ] ] } },
{ "type": "Feature", "properties": { "id": 16973, "nach": 0.42750753859235313 }, "geometry": { "type": "LineString", "coordinates": [ [ 0.6755407, 51.5527793 ], [ 0.6755353, 51.5528544 ], [ 0.675498, 51.55293180000001 ] ] } },
{ "type": "Feature", "properties": { "id": 25573, "nach": 0.54606944577662964 }, "geometry": { "type": "LineString", "coordinates": [ [ 0.6721893, 51.5501089 ], [ 0.6720225, 51.5500055 ] ] } },
{ "type": "Feature", "properties": { "id": 25576, "nach": 0.46101340600508295 }, "geometry": { "type": "LineString", "coordinates": [ [ 0.6723156, 51.5500233 ], [ 0.6721893, 51.5501089 ] ] } },
{ "type": "Feature", "properties": { "id": 25783, "nach": 0.47174839357425802 }, "geometry": { "type": "LineString", "coordinates": [ [ 0.6722145, 51.5432917 ], [ 0.6723273, 51.5435878 ] ] } },
{ "type": "Feature", "properties": { "id": 15122, "nach": 0.59435597125048956 }, "geometry": { "type": "LineString", "coordinates": [ [ 0.6761281, 51.5444538 ], [ 0.6758667, 51.54450880000001 ], [ 0.6757261, 51.5445159 ], [ 0.6755974, 51.5445185 ], [ 0.6754567, 51.5445333 ], [ 0.6753597, 51.5445628 ], [ 0.6752857, 51.5445794 ], [ 0.6752016, 51.5445841 ], [ 0.6750376, 51.5445444 ], [ 0.6748329, 51.544445 ], [ 0.6746494, 51.544393200000016 ], [ 0.6743276, 51.5443632 ], [ 0.674054, 51.54437320000001 ], [ 0.6732332, 51.5444733 ] ] } },
{ "type": "Feature", "properties": { "id": 15138, "nach": 0.38089956657692309 }, "geometry": { "type": "LineString", "coordinates": [ [ 0.673565, 51.545566 ], [ 0.6734693, 51.54552420000001 ], [ 0.673421, 51.5454274 ], [ 0.6734746, 51.5452873 ], [ 0.6733673, 51.5450805 ], [ 0.6733673, 51.544887 ], [ 0.6733298, 51.54456 ], [ 0.6732332, 51.5444733 ] ] } },
{ "type": "Feature", "properties": { "id": 13043, "nach": 0.56858915772026952 }, "geometry": { "type": "LineString", "coordinates": [ [ 0.6840451, 51.5512771 ], [ 0.6854586, 51.5512771 ], [ 0.6864081, 51.5513163 ], [ 0.6865945, 51.5513288 ] ] } },
{ "type": "Feature", "properties": { "id": 18047, "nach": 0.55319760448129984 }, "geometry": { "type": "LineString", "coordinates": [ [ 0.6839929, 51.5509185 ], [ 0.6840276, 51.551159499999983 ], [ 0.684033, 51.5511929 ], [ 0.6840384, 51.5512354 ], [ 0.6840451, 51.5512771 ] ] } },
{ "type": "Feature", "properties": { "id": 16038, "nach": 0.45425454094501966 }, "geometry": { "type": "LineString", "coordinates": [ [ 0.6835293, 51.5514612 ], [ 0.6836394, 51.5514338 ], [ 0.6837755, 51.55141170000001 ], [ 0.6839531, 51.5513602 ], [ 0.684027, 51.5513363 ], [ 0.6840481, 51.5513114 ], [ 0.6840451, 51.5512771 ] ] } },
{ "type": "Feature", "properties": { "id": 18049, "nach": 0.36328382615453786 }, "geometry": { "type": "LineString", "coordinates": [ [ 0.6842925, 51.55089670000001 ], [ 0.6839929, 51.5509185 ] ] } },
{ "type": "Feature", "properties": { "id": 13917, "nach": 0.60151546138778245 }, "geometry": { "type": "LineString", "coordinates": [ [ 0.6783949, 51.553831 ], [ 0.6785263, 51.5538219 ] ] } },
{ "type": "Feature", "properties": { "id": 25043, "nach": 0.58372609336603587 }, "geometry": { "type": "LineString", "coordinates": [ [ 0.6785911, 51.55469 ], [ 0.6784261, 51.5539754 ], [ 0.6784176, 51.5539382 ], [ 0.6783949, 51.553831 ] ] } },
{ "type": "Feature", "properties": { "id": 13932, "nach": 0.60768857748037164 }, "geometry": { "type": "LineString", "coordinates": [ [ 0.6785263, 51.5538219 ], [ 0.6797939, 51.5537068 ] ] } },
{ "type": "Feature", "properties": { "id": 27158, "nach": 0.41594323925120386 }, "geometry": { "type": "LineString", "coordinates": [ [ 0.678516, 51.5537178 ], [ 0.6785263, 51.5538219 ] ] } },
{ "type": "Feature", "properties": { "id": 25036, "nach": 0.45567702961542578 }, "geometry": { "type": "LineString", "coordinates": [ [ 0.6773959, 51.5537816 ], [ 0.6773615, 51.5535885 ] ] } },
{ "type": "Feature", "properties": { "id": 25035, "nach": 0.58801369261776371 }, "geometry": { "type": "LineString", "coordinates": [ [ 0.6773959, 51.5537816 ], [ 0.6772467, 51.5538024 ] ] } },
{ "type": "Feature", "properties": { "id": 27159, "nach": 0.44413227280611023 }, "geometry": { "type": "LineString", "coordinates": [ [ 0.678516, 51.5537178 ], [ 0.6785122, 51.553679899999985 ] ] } },
{ "type": "Feature", "properties": { "id": 26401, "nach": 0.50427283297298287 }, "geometry": { "type": "LineString", "coordinates": [ [ 0.6662276, 51.5452665 ], [ 0.6662233, 51.5453354 ] ] } },
{ "type": "Feature", "properties": { "id": 26406, "nach": 0.45704131999341668 }, "geometry": { "type": "LineString", "coordinates": [ [ 0.665235, 51.5452484 ], [ 0.6662276, 51.5452665 ] ] } },
{ "type": "Feature", "properties": { "id": 16219, "nach": 0.51404449236343053 }, "geometry": { "type": "LineString", "coordinates": [ [ 0.6651822, 51.549814700000013 ], [ 0.6643514, 51.5498255 ], [ 0.6642497, 51.5499189 ], [ 0.6641495, 51.5499268 ] ] } },
{ "type": "Feature", "properties": { "id": 16221, "nach": 0.44214251124999859 }, "geometry": { "type": "LineString", "coordinates": [ [ 0.66518, 51.549876 ], [ 0.6651822, 51.549814700000013 ] ] } },
{ "type": "Feature", "properties": { "id": 16223, "nach": 0.59242747976370214 }, "geometry": { "type": "LineString", "coordinates": [ [ 0.6641507, 51.5499894 ], [ 0.6641495, 51.5499268 ] ] } },
{ "type": "Feature", "properties": { "id": 16229, "nach": 0.58040668800180606 }, "geometry": { "type": "LineString", "coordinates": [ [ 0.6641558, 51.5501507 ], [ 0.6641507, 51.5499894 ] ] } },
{ "type": "Feature", "properties": { "id": 16226, "nach": 0.41063752605261683 }, "geometry": { "type": "LineString", "coordinates": [ [ 0.6644444, 51.550133 ], [ 0.6644475, 51.5499926 ], [ 0.6642335, 51.54999140000001 ], [ 0.6641507, 51.5499894 ] ] } },
{ "type": "Feature", "properties": { "id": 15136, "nach": 0.47278436076195601 }, "geometry": { "type": "LineString", "coordinates": [ [ 0.676483, 51.5441414 ], [ 0.6765091, 51.5441353 ] ] } },
{ "type": "Feature", "properties": { "id": 15111, "nach": 0.57321364090893212 }, "geometry": { "type": "LineString", "coordinates": [ [ 0.6785406, 51.5441867 ], [ 0.6785348, 51.5440193 ] ] } },
{ "type": "Feature", "properties": { "id": 26948, "nach": 0.61941716168638083 }, "geometry": { "type": "LineString", "coordinates": [ [ 0.6786356, 51.5440183 ], [ 0.6785348, 51.5440193 ] ] } },
{ "type": "Feature", "properties": { "id": 26945, "nach": 0.6145974349847293 }, "geometry": { "type": "LineString", "coordinates": [ [ 0.6785325, 51.5439207 ], [ 0.6785348, 51.5440193 ] ] } },
{ "type": "Feature", "properties": { "id": 15114, "nach": 0.70371940630902952 }, "geometry": { "type": "LineString", "coordinates": [ [ 0.6789572, 51.5441694 ], [ 0.6785406, 51.5441867 ] ] } },
{ "type": "Feature", "properties": { "id": 15131, "nach": 0.70200366757016697 }, "geometry": { "type": "LineString", "coordinates": [ [ 0.6784166, 51.5441916 ], [ 0.6785406, 51.5441867 ] ] } },
{ "type": "Feature", "properties": { "id": 26980, "nach": 0.46705939821274189 }, "geometry": { "type": "LineString", "coordinates": [ [ 0.6780338, 51.54451 ], [ 0.6783463, 51.5443965 ], [ 0.678435, 51.5443605 ], [ 0.6785011, 51.5443068 ], [ 0.6785406, 51.5441867 ] ] } },
{ "type": "Feature", "properties": { "id": 26950, "nach": 0.0 }, "geometry": { "type": "LineString", "coordinates": [ [ 0.6786356, 51.5440183 ], [ 0.6786336, 51.5439176 ], [ 0.6785325, 51.5439207 ] ] } },
{ "type": "Feature", "properties": { "id": 26951, "nach": 0.62036649813186018 }, "geometry": { "type": "LineString", "coordinates": [ [ 0.6788332, 51.5440167 ], [ 0.6786356, 51.5440183 ] ] } },
{ "type": "Feature", "properties": { "id": 26946, "nach": 0.61181662320865682 }, "geometry": { "type": "LineString", "coordinates": [ [ 0.6785325, 51.5439207 ], [ 0.6785313, 51.5438695 ], [ 0.6785277, 51.5438461 ] ] } },
{ "type": "Feature", "properties": { "id": 15115, "nach": 0.70506313862727965 }, "geometry": { "type": "LineString", "coordinates": [ [ 0.6789572, 51.5441694 ], [ 0.6794495, 51.5441803 ], [ 0.6794785, 51.5441803 ] ] } },
{ "type": "Feature", "properties": { "id": 26975, "nach": 0.66378803598144287 }, "geometry": { "type": "LineString", "coordinates": [ [ 0.678257, 51.544194399999988 ], [ 0.6783172, 51.5441883 ], [ 0.6784166, 51.5441916 ] ] } },
{ "type": "Feature", "properties": { "id": 26940, "nach": 0.63815807359451082 }, "geometry": { "type": "LineString", "coordinates": [ [ 0.6782997, 51.5440139 ], [ 0.6783529, 51.544008 ], [ 0.6784166, 51.5441916 ] ] } },
{ "type": "Feature", "properties": { "id": 26984, "nach": 0.31130874521297669 }, "geometry": { "type": "LineString", "coordinates": [ [ 0.6781353, 51.5443764 ], [ 0.6780886, 51.5443913 ], [ 0.6780248, 51.5444227 ], [ 0.6780105, 51.5444596 ], [ 0.6780338, 51.54451 ] ] } },
{ "type": "Feature", "properties": { "id": 26988, "nach": 0.46439469242910492 }, "geometry": { "type": "LineString", "coordinates": [ [ 0.6776637, 51.5445726 ], [ 0.6778287, 51.54456840000001 ], [ 0.6779218, 51.5445493 ], [ 0.6780338, 51.54451 ] ] } },
{ "type": "Feature", "properties": { "id": 27033, "nach": 0.6394289122857556 }, "geometry": { "type": "LineString", "coordinates": [ [ 0.6794785, 51.5441803 ], [ 0.6794802, 51.5440483 ], [ 0.6794795, 51.5440127 ] ] } },
{ "type": "Feature", "properties": { "id": 27002, "nach": 0.59646387169492521 }, "geometry": { "type": "LineString", "coordinates": [ [ 0.6764469, 51.5443641 ], [ 0.6761281, 51.5444538 ] ] } },
{ "type": "Feature", "properties": { "id": 26999, "nach": 0.44773050161678413 }, "geometry": { "type": "LineString", "coordinates": [ [ 0.6762814, 51.5450156 ], [ 0.6762834, 51.5445705 ], [ 0.6761281, 51.5444538 ] ] } },
{ "type": "Feature", "properties": { "id": 21189, "nach": 0.63076764691667464 }, "geometry": { "type": "LineString", "coordinates": [ [ 0.6762802, 51.5453981 ], [ 0.6762806, 51.5454515 ], [ 0.676153, 51.5455618 ], [ 0.6756607, 51.5456336 ], [ 0.6755286, 51.5456381 ], [ 0.6753258, 51.5456274 ], [ 0.6751483, 51.5456223 ], [ 0.6745421, 51.5456443 ], [ 0.6742417, 51.5456309 ], [ 0.6740272, 51.5456042 ], [ 0.6736677, 51.5456109 ], [ 0.673565, 51.545566 ] ] } },
{ "type": "Feature", "properties": { "id": 25375, "nach": 0.63479085903352617 }, "geometry": { "type": "LineString", "coordinates": [ [ 0.6734686, 51.5456285 ], [ 0.6734966, 51.5456094 ], [ 0.673565, 51.545566 ] ] } },
{ "type": "Feature", "properties": { "id": 27003, "nach": 0.68553948953749144 }, "geometry": { "type": "LineString", "coordinates": [ [ 0.6764469, 51.5443641 ], [ 0.6764493, 51.54470160000001 ] ] } },
{ "type": "Feature", "properties": { "id": 26998, "nach": 0.6826511694042976 }, "geometry": { "type": "LineString", "coordinates": [ [ 0.6762814, 51.5450156 ], [ 0.6762802, 51.5453981 ] ] } },
{ "type": "Feature", "properties": { "id": 27000, "nach": 0.68001928286917579 }, "geometry": { "type": "LineString", "coordinates": [ [ 0.6762814, 51.5450156 ], [ 0.676402, 51.545012800000023 ], [ 0.6764245, 51.5450039 ], [ 0.6764373, 51.5449861 ], [ 0.6764493, 51.54470160000001 ] ] } },
{ "type": "Feature", "properties": { "id": 27006, "nach": 0.62059347851375823 }, "geometry": { "type": "LineString", "coordinates": [ [ 0.6767823, 51.5443251 ], [ 0.6767819, 51.5442123 ], [ 0.6768382, 51.544176299999982 ], [ 0.6768794, 51.5441384 ], [ 0.6768895, 51.5440899 ] ] } },
{ "type": "Feature", "properties": { "id": 27004, "nach": 0.6944716532379569 }, "geometry": { "type": "LineString", "coordinates": [ [ 0.6767823, 51.5443251 ], [ 0.6774427, 51.5443011 ] ] } },
{ "type": "Feature", "properties": { "id": 26987, "nach": 0.46815084365757925 }, "geometry": { "type": "LineString", "coordinates": [ [ 0.6776637, 51.5445726 ], [ 0.6776656, 51.5444495 ] ] } },
{ "type": "Feature", "properties": { "id": 26965, "nach": 0.49853026289548047 }, "geometry": { "type": "LineString", "coordinates": [ [ 0.67761, 51.544314500000013 ], [ 0.6775787, 51.5443288 ], [ 0.6775569, 51.5443487 ], [ 0.677547, 51.544372 ], [ 0.6775501, 51.544396 ], [ 0.6775659, 51.544418 ], [ 0.6775926, 51.5444355 ], [ 0.6776272, 51.5444464 ], [ 0.6776656, 51.5444495 ] ] } },
{ "type": "Feature", "properties": { "id": 26970, "nach": 0.41996583627843431 }, "geometry": { "type": "LineString", "coordinates": [ [ 0.6777146, 51.544315300000022 ], [ 0.6777443, 51.5443293 ], [ 0.6777652, 51.5443486 ], [ 0.6777751, 51.5443709 ], [ 0.6777729, 51.5443941 ], [ 0.6777588, 51.5444156 ], [ 0.6777343, 51.5444331 ], [ 0.6777021, 51.5444449 ], [ 0.6776656, 51.5444495 ] ] } },
{ "type": "Feature", "properties": { "id": 26966, "nach": 0.6613660388976601 }, "geometry": { "type": "LineString", "coordinates": [ [ 0.6774925, 51.5443016 ], [ 0.67761, 51.544314500000013 ] ] } },
{ "type": "Feature", "properties": { "id": 26973, "nach": 0.651744611931941 }, "geometry": { "type": "LineString", "coordinates": [ [ 0.6776591, 51.5443079 ], [ 0.6776444, 51.5443078 ], [ 0.67761, 51.544314500000013 ] ] } },
{ "type": "Feature", "properties": { "id": 26982, "nach": 0.65929487869135128 }, "geometry": { "type": "LineString", "coordinates": [ [ 0.6780201, 51.5442232 ], [ 0.6779488, 51.544232900000011 ], [ 0.6777824, 51.5442744 ], [ 0.6777146, 51.544315300000022 ] ] } },
{ "type": "Feature", "properties": { "id": 26972, "nach": 0.65691607723612777 }, "geometry": { "type": "LineString", "coordinates": [ [ 0.6776591, 51.5443079 ], [ 0.6776805, 51.5443081 ], [ 0.6777146, 51.544315300000022 ] ] } },
{ "type": "Feature", "properties": { "id": 26981, "nach": 0.65778770952473242 }, "geometry": { "type": "LineString", "coordinates": [ [ 0.6780201, 51.5442232 ], [ 0.6781592, 51.5442044 ], [ 0.678257, 51.544194399999988 ] ] } },
{ "type": "Feature", "properties": { "id": 26985, "nach": 0.44199468198008479 }, "geometry": { "type": "LineString", "coordinates": [ [ 0.6781353, 51.5443764 ], [ 0.6781998, 51.5443558 ], [ 0.6782532, 51.5443255 ], [ 0.6782697, 51.5442928 ], [ 0.678257, 51.544194399999988 ] ] } },
{ "type": "Feature", "properties": { "id": 26937, "nach": 0.63663125660797815 }, "geometry": { "type": "LineString", "coordinates": [ [ 0.6782997, 51.5440139 ], [ 0.6782458, 51.5440216 ] ] } },
{ "type": "Feature", "properties": { "id": 26939, "nach": 0.0 }, "geometry": { "type": "LineString", "coordinates": [ [ 0.6782997, 51.5440139 ], [ 0.6783271, 51.5441001 ], [ 0.6781793, 51.544117300000011 ] ] } },
{ "type": "Feature", "properties": { "id": 26938, "nach": 0.0 }, "geometry": { "type": "LineString", "coordinates": [ [ 0.6782997, 51.5440139 ], [ 0.6782708, 51.543923 ], [ 0.678141, 51.543943 ] ] } },
{ "type": "Feature", "properties": { "id": 21191, "nach": 0.63749428567386479 }, "geometry": { "type": "LineString", "coordinates": [ [ 0.6765035, 51.5453953 ], [ 0.6762802, 51.5453981 ] ] } },
{ "type": "Feature", "properties": { "id": 26923, "nach": 0.57730681380149473 }, "geometry": { "type": "LineString", "coordinates": [ [ 0.6781793, 51.544117300000011 ], [ 0.6781705, 51.5440824 ] ] } },
{ "type": "Feature", "properties": { "id": 15879, "nach": 0.5999131635558308 }, "geometry": { "type": "LineString", "coordinates": [ [ 0.6782458, 51.5440216 ], [ 0.6782464, 51.5440359 ], [ 0.6782407, 51.5440497 ], [ 0.6782293, 51.5440621 ], [ 0.6782129, 51.5440721 ], [ 0.6781928, 51.5440791 ], [ 0.6781705, 51.5440824 ] ] } },
{ "type": "Feature", "properties": { "id": 15853, "nach": 0.52949291649511943 }, "geometry": { "type": "LineString", "coordinates": [ [ 0.6780798, 51.5440418 ], [ 0.6780867, 51.5440537 ], [ 0.6780979, 51.5440642 ], [ 0.6781129, 51.544072700000022 ], [ 0.6781306, 51.544078800000015 ], [ 0.6781502, 51.5440821 ], [ 0.6781705, 51.5440824 ] ] } },
{ "type": "Feature", "properties": { "id": 26922, "nach": 0.56696526883249398 }, "geometry": { "type": "LineString", "coordinates": [ [ 0.6781793, 51.544117300000011 ], [ 0.6780492, 51.5441334 ] ] } },
{ "type": "Feature", "properties": { "id": 26929, "nach": 0.55114716083683069 }, "geometry": { "type": "LineString", "coordinates": [ [ 0.6781826, 51.5441288 ], [ 0.6781793, 51.544117300000011 ] ] } },
{ "type": "Feature", "properties": { "id": 15878, "nach": 0.56359515502881485 }, "geometry": { "type": "LineString", "coordinates": [ [ 0.6782458, 51.5440216 ], [ 0.678238, 51.5440065 ], [ 0.6782233, 51.543993500000013 ], [ 0.6782031, 51.5439839 ], [ 0.6781791, 51.5439784 ], [ 0.6781536, 51.5439776 ] ] } },
{ "type": "Feature", "properties": { "id": 15852, "nach": 0.54177757783781966 }, "geometry": { "type": "LineString", "coordinates": [ [ 0.6780798, 51.5440418 ], [ 0.6780161, 51.5440395 ] ] } },
{ "type": "Feature", "properties": { "id": 15875, "nach": 0.41510047361846053 }, "geometry": { "type": "LineString", "coordinates": [ [ 0.6781536, 51.5439776 ], [ 0.6781337, 51.5439804 ], [ 0.6781154, 51.5439862 ], [ 0.6780999, 51.5439944 ], [ 0.678088, 51.544004800000017 ], [ 0.6780804, 51.5440166 ], [ 0.6780777, 51.5440292 ], [ 0.6780798, 51.5440418 ] ] } },
{ "type": "Feature", "properties": { "id": 26943, "nach": 0.60818725140699481 }, "geometry": { "type": "LineString", "coordinates": [ [ 0.6783255, 51.543876199999985 ], [ 0.6785277, 51.5438461 ] ] } },
{ "type": "Feature", "properties": { "id": 26944, "nach": 0.46993476813801577 }, "geometry": { "type": "LineString", "coordinates": [ [ 0.6785039, 51.54368860000001 ], [ 0.6785277, 51.5438461 ] ] } },
{ "type": "Feature", "properties": { "id": 26941, "nach": 0.55898162099090343 }, "geometry": { "type": "LineString", "coordinates": [ [ 0.6783255, 51.543876199999985 ], [ 0.678307, 51.5436061 ] ] } },
{ "type": "Feature", "properties": { "id": 26942, "nach": 0.60359159029641674 }, "geometry": { "type": "LineString", "coordinates": [ [ 0.6783255, 51.543876199999985 ], [ 0.6779784, 51.5439278 ] ] } },
{ "type": "Feature", "properties": { "id": 15871, "nach": 0.59681829420248234 }, "geometry": { "type": "LineString", "coordinates": [ [ 0.6776193, 51.5439813 ], [ 0.6768895, 51.5440899 ] ] } },
{ "type": "Feature", "properties": { "id": 15814, "nach": 0.52448914466619878 }, "geometry": { "type": "LineString", "coordinates": [ [ 0.6769181, 51.543721 ], [ 0.676921, 51.5437579 ], [ 0.6769168, 51.5437962 ], [ 0.6768811, 51.5438189 ], [ 0.6767744, 51.5438532 ], [ 0.6767877, 51.5439964 ], [ 0.6768175, 51.5440081 ], [ 0.6768572, 51.5440201 ], [ 0.6768829, 51.5440488 ], [ 0.6768895, 51.5440899 ] ] } },
{ "type": "Feature", "properties": { "id": 15870, "nach": 0.49027123599633338 }, "geometry": { "type": "LineString", "coordinates": [ [ 0.6776193, 51.5439813 ], [ 0.6776282, 51.5440567 ] ] } },
{ "type": "Feature", "properties": { "id": 26926, "nach": 0.61104032539063169 }, "geometry": { "type": "LineString", "coordinates": [ [ 0.6777813, 51.5439572 ], [ 0.6776193, 51.5439813 ] ] } },
{ "type": "Feature", "properties": { "id": 15838, "nach": 0.50118323551354538 }, "geometry": { "type": "LineString", "coordinates": [ [ 0.6776752, 51.5436552 ], [ 0.6769998, 51.5437156 ], [ 0.6769181, 51.543721 ] ] } },
{ "type": "Feature", "properties": { "id": 15820, "nach": 0.41922316004485838 }, "geometry": { "type": "LineString", "coordinates": [ [ 0.6768114, 51.543613 ], [ 0.6768355, 51.543726 ], [ 0.6769181, 51.543721 ] ] } },
{ "type": "Feature", "properties": { "id": 15837, "nach": 0.52333420011053433 }, "geometry": { "type": "LineString", "coordinates": [ [ 0.6776752, 51.5436552 ], [ 0.6776537, 51.5435446 ] ] } },
{ "type": "Feature", "properties": { "id": 15840, "nach": 0.5337214661083044 }, "geometry": { "type": "LineString", "coordinates": [ [ 0.6778392, 51.5436428 ], [ 0.6776752, 51.5436552 ] ] } },
{ "type": "Feature", "properties": { "id": 15833, "nach": 0.41051267775717648 }, "geometry": { "type": "LineString", "coordinates": [ [ 0.6776537, 51.5435446 ], [ 0.6768114, 51.543613 ] ] } },
{ "type": "Feature", "properties": { "id": 15830, "nach": 0.0 }, "geometry": { "type": "LineString", "coordinates": [ [ 0.6776188, 51.5433894 ], [ 0.6767639, 51.543464900000011 ], [ 0.6767172, 51.5434812 ], [ 0.6767033, 51.543511200000012 ], [ 0.6767081, 51.543550399999987 ], [ 0.6767256, 51.5435796 ], [ 0.6767673, 51.5436049 ], [ 0.6768114, 51.543613 ] ] } },
{ "type": "Feature", "properties": { "id": 15839, "nach": 0.48567703258521766 }, "geometry": { "type": "LineString", "coordinates": [ [ 0.6778392, 51.5436428 ], [ 0.678307, 51.5436061 ] ] } },
{ "type": "Feature", "properties": { "id": 15826, "nach": 0.48653818271987498 }, "geometry": { "type": "LineString", "coordinates": [ [ 0.6786514, 51.543541 ], [ 0.6783084, 51.5435646 ], [ 0.678307, 51.5436061 ] ] } },
{ "type": "Feature", "properties": { "id": 15842, "nach": 0.52371321616165034 }, "geometry": { "type": "LineString", "coordinates": [ [ 0.6778943, 51.5439404 ], [ 0.6778392, 51.5436428 ] ] } },
{ "type": "Feature", "properties": { "id": 15825, "nach": 0.48135791597092104 }, "geometry": { "type": "LineString", "coordinates": [ [ 0.6786514, 51.543541 ], [ 0.6786334, 51.5434564 ] ] } },
{ "type": "Feature", "properties": { "id": 21215, "nach": 0.48387191673825908 }, "geometry": { "type": "LineString", "coordinates": [ [ 0.679349, 51.5440114 ], [ 0.6793643, 51.543684 ], [ 0.6792715, 51.5435166 ], [ 0.6786514, 51.543541 ] ] } },
{ "type": "Feature", "properties": { "id": 26959, "nach": 0.40380615893775168 }, "geometry": { "type": "LineString", "coordinates": [ [ 0.6789439, 51.5436811 ], [ 0.6788736, 51.5436724 ], [ 0.6787679, 51.543634 ], [ 0.6786792, 51.5435801 ], [ 0.6786514, 51.543541 ] ] } },
{ "type": "Feature", "properties": { "id": 15832, "nach": 0.2097259751283857 }, "geometry": { "type": "LineString", "coordinates": [ [ 0.6776537, 51.5435446 ], [ 0.6786334, 51.5434564 ] ] } },
{ "type": "Feature", "properties": { "id": 15834, "nach": 0.44351611098119798 }, "geometry": { "type": "LineString", "coordinates": [ [ 0.6776537, 51.5435446 ], [ 0.6776188, 51.5433894 ] ] } },
{ "type": "Feature", "properties": { "id": 15831, "nach": 0.35376980311650602 }, "geometry": { "type": "LineString", "coordinates": [ [ 0.6776188, 51.5433894 ], [ 0.6785985, 51.5433084 ], [ 0.6786334, 51.5434564 ] ] } },
{ "type": "Feature", "properties": { "id": 21214, "nach": 0.63025635336849573 }, "geometry": { "type": "LineString", "coordinates": [ [ 0.679349, 51.5440114 ], [ 0.678924, 51.5440109 ] ] } },
{ "type": "Feature", "properties": { "id": 27030, "nach": 0.64295198796521669 }, "geometry": { "type": "LineString", "coordinates": [ [ 0.6794795, 51.5440127 ], [ 0.6794491, 51.5440126 ], [ 0.679349, 51.5440114 ] ] } },
{ "type": "Feature", "properties": { "id": 26958, "nach": 0.42742465616430975 }, "geometry": { "type": "LineString", "coordinates": [ [ 0.6789439, 51.5436811 ], [ 0.6792462, 51.5436828 ], [ 0.6792431, 51.543886400000012 ], [ 0.6789408, 51.5438846 ] ] } },
{ "type": "Feature", "properties": { "id": 26927, "nach": 0.62021015965546744 }, "geometry": { "type": "LineString", "coordinates": [ [ 0.6777813, 51.5439572 ], [ 0.6778943, 51.5439404 ] ] } },
{ "type": "Feature", "properties": { "id": 15846, "nach": 0.628233422567814 }, "geometry": { "type": "LineString", "coordinates": [ [ 0.6779784, 51.5439278 ], [ 0.6778943, 51.5439404 ] ] } },
{ "type": "Feature", "properties": { "id": 26928, "nach": 0.46932567218352939 }, "geometry": { "type": "LineString", "coordinates": [ [ 0.6777813, 51.5439572 ], [ 0.6777885, 51.5439901 ], [ 0.677822, 51.54405160000001 ] ] } },
{ "type": "Feature", "properties": { "id": 26920, "nach": 0.57510582167234492 }, "geometry": { "type": "LineString", "coordinates": [ [ 0.6779905, 51.5439672 ], [ 0.6779784, 51.5439278 ] ] } },
{ "type": "Feature", "properties": { "id": 26919, "nach": 0.44964194816694564 }, "geometry": { "type": "LineString", "coordinates": [ [ 0.6779905, 51.5439672 ], [ 0.6780161, 51.5440395 ] ] } },
{ "type": "Feature", "properties": { "id": 26934, "nach": 0.55167410486122237 }, "geometry": { "type": "LineString", "coordinates": [ [ 0.678141, 51.543943 ], [ 0.6779905, 51.5439672 ] ] } },
{ "type": "Feature", "properties": { "id": 26910, "nach": 0.29868304937208989 }, "geometry": { "type": "LineString", "coordinates": [ [ 0.6780492, 51.5441334 ], [ 0.6780161, 51.5440395 ] ] } },
{ "type": "Feature", "properties": { "id": 26913, "nach": 0.53791407095237431 }, "geometry": { "type": "LineString", "coordinates": [ [ 0.677822, 51.54405160000001 ], [ 0.6780161, 51.5440395 ] ] } },
{ "type": "Feature", "properties": { "id": 26916, "nach": 0.56630277375260252 }, "geometry": { "type": "LineString", "coordinates": [ [ 0.6778188, 51.544140900000016 ], [ 0.6778278, 51.5441596 ], [ 0.6780492, 51.5441334 ] ] } },
{ "type": "Feature", "properties": { "id": 26915, "nach": 0.55626460771323183 }, "geometry": { "type": "LineString", "coordinates": [ [ 0.677822, 51.54405160000001 ], [ 0.6777591, 51.544081 ], [ 0.6777406, 51.5440971 ] ] } },
{ "type": "Feature", "properties": { "id": 26935, "nach": 0.5549274416352401 }, "geometry": { "type": "LineString", "coordinates": [ [ 0.678141, 51.543943 ], [ 0.6781536, 51.5439776 ] ] } },
{ "type": "Feature", "properties": { "id": 15864, "nach": 0.55562774025859318 }, "geometry": { "type": "LineString", "coordinates": [ [ 0.6776792, 51.5440872 ], [ 0.6777406, 51.5440971 ] ] } },
{ "type": "Feature", "properties": { "id": 26917, "nach": 0.33477066905981112 }, "geometry": { "type": "LineString", "coordinates": [ [ 0.6778188, 51.544140900000016 ], [ 0.6778158, 51.5441347 ], [ 0.6777864, 51.5441144 ], [ 0.6777406, 51.5440971 ] ] } },
{ "type": "Feature", "properties": { "id": 15865, "nach": 0.54695043547493283 }, "geometry": { "type": "LineString", "coordinates": [ [ 0.6776792, 51.5440872 ], [ 0.6776752, 51.5440966 ], [ 0.6776665, 51.5441046 ], [ 0.677654, 51.5441104 ], [ 0.6776391, 51.5441132 ], [ 0.6776235, 51.5441128 ], [ 0.677609, 51.544109099999986 ], [ 0.6775974, 51.5441027 ], [ 0.6775898, 51.544094200000011 ] ] } },
{ "type": "Feature", "properties": { "id": 15868, "nach": 0.38229714240202572 }, "geometry": { "type": "LineString", "coordinates": [ [ 0.6776282, 51.5440567 ], [ 0.6776332, 51.544056200000014 ], [ 0.6776476, 51.5440576 ], [ 0.6776605, 51.5440617 ], [ 0.6776714, 51.5440687 ], [ 0.6776778, 51.5440775 ], [ 0.6776792, 51.5440872 ] ] } },
{ "type": "Feature", "properties": { "id": 26918, "nach": 0.56456142545369814 }, "geometry": { "type": "LineString", "coordinates": [ [ 0.6778188, 51.544140900000016 ], [ 0.6777947, 51.5441423 ], [ 0.6777606, 51.5441443 ], [ 0.6774775, 51.544161 ] ] } },
{ "type": "Feature", "properties": { "id": 15861, "nach": 0.57643042950334977 }, "geometry": { "type": "LineString", "coordinates": [ [ 0.6775898, 51.544094200000011 ], [ 0.6775081, 51.5441283 ], [ 0.6774775, 51.544161 ] ] } },
{ "type": "Feature", "properties": { "id": 23044, "nach": 0.6259401493452913 }, "geometry": { "type": "LineString", "coordinates": [ [ 0.6774427, 51.5443011 ], [ 0.677427, 51.5441851 ], [ 0.6774775, 51.544161 ] ] } },
{ "type": "Feature", "properties": { "id": 15869, "nach": 0.49648298123228046 }, "geometry": { "type": "LineString", "coordinates": [ [ 0.6776282, 51.5440567 ], [ 0.6776188, 51.5440576 ], [ 0.6776059, 51.5440618 ], [ 0.6775957, 51.5440682 ], [ 0.6775893, 51.5440764 ], [ 0.6775872, 51.5440853 ], [ 0.6775898, 51.544094200000011 ] ] } },
{ "type": "Feature", "properties": { "id": 26967, "nach": 0.66851846883191812 }, "geometry": { "type": "LineString", "coordinates": [ [ 0.6774925, 51.5443016 ], [ 0.6774427, 51.5443011 ] ] } },
{ "type": "Feature", "properties": { "id": 26960, "nach": 0.47331498814858253 }, "geometry": { "type": "LineString", "coordinates": [ [ 0.6776548, 51.5442619 ], [ 0.6776536, 51.5442448 ] ] } },
{ "type": "Feature", "properties": { "id": 26968, "nach": 0.47750718667452763 }, "geometry": { "type": "LineString", "coordinates": [ [ 0.6774925, 51.5443016 ], [ 0.6774913, 51.5442726 ], [ 0.6776548, 51.5442619 ] ] } },
{ "type": "Feature", "properties": { "id": 26974, "nach": 0.46923472277540301 }, "geometry": { "type": "LineString", "coordinates": [ [ 0.6776591, 51.5443079 ], [ 0.677657, 51.5442849 ], [ 0.6776563, 51.5442773 ], [ 0.6776556, 51.5442697 ], [ 0.6776548, 51.5442619 ] ] } },
{ "type": "Feature", "properties": { "id": 16041, "nach": 0.0 }, "geometry": { "type": "LineString", "coordinates": [ [ 0.6832543, 51.5520997 ], [ 0.6831781, 51.5515716 ], [ 0.6834341, 51.5515573 ], [ 0.6835103, 51.5520854 ], [ 0.6832543, 51.5520997 ] ] } },
{ "type": "Feature", "properties": { "id": 16577, "nach": 0.42790447855971681 }, "geometry": { "type": "LineString", "coordinates": [ [ 0.6671668, 51.5394848 ], [ 0.6671388, 51.5394853 ] ] } },
{ "type": "Feature", "properties": { "id": 16578, "nach": 0.42330799446455619 }, "geometry": { "type": "LineString", "coordinates": [ [ 0.6671668, 51.5394848 ], [ 0.667129, 51.5392696 ] ] } },
{ "type": "Feature", "properties": { "id": 18048, "nach": 0.45692259825731729 }, "geometry": { "type": "LineString", "coordinates": [ [ 0.6842925, 51.55089670000001 ], [ 0.684281, 51.550935300000013 ] ] } },
{ "type": "Feature", "properties": { "id": 18013, "nach": 0.43238403472619213 }, "geometry": { "type": "LineString", "coordinates": [ [ 0.6781621, 51.5514894 ], [ 0.6781536, 51.551438 ], [ 0.6789104, 51.5513818 ] ] } },
{ "type": "Feature", "properties": { "id": 24968, "nach": 0.42469331003732591 }, "geometry": { "type": "LineString", "coordinates": [ [ 0.6789589, 51.5514933 ], [ 0.6789845, 51.5516764 ], [ 0.6787035, 51.5516947 ], [ 0.6786854, 51.5515951 ], [ 0.6781922, 51.5516274 ], [ 0.6781621, 51.5514894 ] ] } },
{ "type": "Feature", "properties": { "id": 25033, "nach": 0.4586782575721593 }, "geometry": { "type": "LineString", "coordinates": [ [ 0.6777514, 51.5535604 ], [ 0.6778605, 51.5535066 ], [ 0.6780671, 51.5534863 ], [ 0.6783384, 51.55346930000001 ] ] } },
{ "type": "Feature", "properties": { "id": 22611, "nach": 0.56974758357641775 }, "geometry": { "type": "LineString", "coordinates": [ [ 0.6807427, 51.5454269 ], [ 0.6807559, 51.54519950000001 ] ] } },
{ "type": "Feature", "properties": { "id": 22614, "nach": 0.52593581166088654 }, "geometry": { "type": "LineString", "coordinates": [ [ 0.6805079, 51.5454301 ], [ 0.6807427, 51.5454269 ] ] } },
{ "type": "Feature", "properties": { "id": 18309, "nach": 0.54589863300709429 }, "geometry": { "type": "LineString", "coordinates": [ [ 0.6807542, 51.5450516 ], [ 0.6807559, 51.54519950000001 ] ] } },
{ "type": "Feature", "properties": { "id": 22616, "nach": 0.0 }, "geometry": { "type": "LineString", "coordinates": [ [ 0.6805079, 51.5454301 ], [ 0.6805013, 51.5452041 ], [ 0.6807559, 51.54519950000001 ] ] } },
{ "type": "Feature", "properties": { "id": 18313, "nach": 0.51249233518669657 }, "geometry": { "type": "LineString", "coordinates": [ [ 0.6811529, 51.5450638 ], [ 0.6811607, 51.5449138 ], [ 0.6807651, 51.544905300000011 ], [ 0.6807542, 51.5450516 ] ] } },
{ "type": "Feature", "properties": { "id": 22617, "nach": 0.47328669960467784 }, "geometry": { "type": "LineString", "coordinates": [ [ 0.6805079, 51.5454837 ], [ 0.6805079, 51.5454301 ] ] } },
{ "type": "Feature", "properties": { "id": 18315, "nach": 0.46084173360933894 }, "geometry": { "type": "LineString", "coordinates": [ [ 0.6811529, 51.5451221 ], [ 0.6811529, 51.5450638 ] ] } },
{ "type": "Feature", "properties": { "id": 22907, "nach": 0.62966583528814524 }, "geometry": { "type": "LineString", "coordinates": [ [ 0.6827212, 51.5440237 ], [ 0.6824743, 51.5440511 ] ] } },
{ "type": "Feature", "properties": { "id": 21291, "nach": 0.45520336021368407 }, "geometry": { "type": "LineString", "coordinates": [ [ 0.6826093, 51.5447462 ], [ 0.6824743, 51.5440511 ] ] } },
{ "type": "Feature", "properties": { "id": 25770, "nach": 0.49911624158234669 }, "geometry": { "type": "LineString", "coordinates": [ [ 0.6854638, 51.5448823 ], [ 0.6854789, 51.5449085 ], [ 0.6855364, 51.5450458 ], [ 0.6856236, 51.5451071 ], [ 0.6857028, 51.5451529 ], [ 0.6857368, 51.5452444 ], [ 0.685734, 51.5453236 ], [ 0.685749, 51.5454157 ] ] } },
{ "type": "Feature", "properties": { "id": 18343, "nach": 0.50509782582052809 }, "geometry": { "type": "LineString", "coordinates": [ [ 0.6852028, 51.54533390000001 ], [ 0.68518, 51.54531750000001 ], [ 0.6849877, 51.545256 ], [ 0.6849373, 51.5452165 ] ] } },
{ "type": "Feature", "properties": { "id": 18345, "nach": 0.46243714925565838 }, "geometry": { "type": "LineString", "coordinates": [ [ 0.6853218, 51.5452114 ], [ 0.6852028, 51.54533390000001 ] ] } },
{ "type": "Feature", "properties": { "id": 18337, "nach": 0.44523383217277718 }, "geometry": { "type": "LineString", "coordinates": [ [ 0.6846403, 51.5449749 ], [ 0.6846889, 51.544918 ], [ 0.6847598, 51.5448983 ], [ 0.6849018, 51.5449041 ], [ 0.6849373, 51.5449354 ], [ 0.6849821, 51.5449935 ], [ 0.6849727, 51.545112 ], [ 0.6849373, 51.5452165 ] ] } },
{ "type": "Feature", "properties": { "id": 25769, "nach": 0.0 }, "geometry": { "type": "LineString", "coordinates": [ [ 0.6854638, 51.5448823 ], [ 0.6854099, 51.5447884 ], [ 0.6853593, 51.5447355 ], [ 0.6853455, 51.544672600000013 ], [ 0.6853827, 51.54459 ], [ 0.6853701, 51.5445565 ], [ 0.6853041, 51.544511 ], [ 0.6851938, 51.544501 ], [ 0.6850305, 51.544541099999989 ], [ 0.6847063, 51.544604 ], [ 0.6844534, 51.5446626 ], [ 0.6840448, 51.5447427 ], [ 0.6839258, 51.5447848 ], [ 0.683922, 51.544832500000012 ], [ 0.6839332, 51.5449149 ], [ 0.684012, 51.5450689 ], [ 0.6845589, 51.5449834 ], [ 0.6846403, 51.5449749 ] ] } },
{ "type": "Feature", "properties": { "id": 25771, "nach": 0.44485769067999625 }, "geometry": { "type": "LineString", "coordinates": [ [ 0.6852764, 51.5449198 ], [ 0.6854638, 51.5448823 ] ] } },
{ "type": "Feature", "properties": { "id": 18774, "nach": 0.44206051825691689 }, "geometry": { "type": "LineString", "coordinates": [ [ 0.6773267, 51.55330210000001 ], [ 0.6771586, 51.5533121 ], [ 0.6772467, 51.5538024 ] ] } },
{ "type": "Feature", "properties": { "id": 27027, "nach": 0.52380040606418776 }, "geometry": { "type": "LineString", "coordinates": [ [ 0.6794644, 51.5431249 ], [ 0.6794698, 51.542863600000011 ], [ 0.6794607, 51.5428221 ] ] } },
{ "type": "Feature", "properties": { "id": 25432, "nach": 0.46209182578826596 }, "geometry": { "type": "LineString", "coordinates": [ [ 0.6811522, 51.5429164 ], [ 0.6808262, 51.5429449 ] ] } },
{ "type": "Feature", "properties": { "id": 21004, "nach": 0.48687593860270101 }, "geometry": { "type": "LineString", "coordinates": [ [ 0.6602857, 51.5472549 ], [ 0.6602676, 51.5475023 ], [ 0.6604241, 51.5475048 ] ] } },
{ "type": "Feature", "properties": { "id": 24392, "nach": 0.4313822958316324 }, "geometry": { "type": "LineString", "coordinates": [ [ 0.6605663, 51.5472565 ], [ 0.6605465, 51.5474926 ], [ 0.6605264, 51.5475065 ], [ 0.6604241, 51.5475048 ] ] } },
{ "type": "Feature", "properties": { "id": 25579, "nach": 0.55260638179925248 }, "geometry": { "type": "LineString", "coordinates": [ [ 0.6717723, 51.549967600000024 ], [ 0.6719535, 51.5499656 ], [ 0.6720225, 51.5500055 ] ] } },
{ "type": "Feature", "properties": { "id": 25577, "nach": 0.45344794393997717 }, "geometry": { "type": "LineString", "coordinates": [ [ 0.6717723, 51.549967600000024 ], [ 0.6717832, 51.5498259 ], [ 0.6715726, 51.5498253 ] ] } },
{ "type": "Feature", "properties": { "id": 27036, "nach": 0.60917904796790712 }, "geometry": { "type": "LineString", "coordinates": [ [ 0.6765107, 51.5455402 ], [ 0.6765035, 51.5453953 ] ] } },
{ "type": "Feature", "properties": { "id": 27040, "nach": 0.54258174851039775 }, "geometry": { "type": "LineString", "coordinates": [ [ 0.6766554, 51.5454321 ], [ 0.6765593, 51.5453945 ], [ 0.6765354, 51.545395 ], [ 0.6765035, 51.5453953 ] ] } },
{ "type": "Feature", "properties": { "id": 27035, "nach": 0.6125382524963362 }, "geometry": { "type": "LineString", "coordinates": [ [ 0.6765107, 51.5455402 ], [ 0.6765136, 51.5455976 ] ] } },
{ "type": "Feature", "properties": { "id": 27039, "nach": 0.36690980178802618 }, "geometry": { "type": "LineString", "coordinates": [ [ 0.6766554, 51.5454321 ], [ 0.6766052, 51.5454814 ], [ 0.676538, 51.545525 ], [ 0.6765107, 51.5455402 ] ] } },
{ "type": "Feature", "properties": { "id": 27038, "nach": 0.53630323947940695 }, "geometry": { "type": "LineString", "coordinates": [ [ 0.6766554, 51.5454321 ], [ 0.6768703, 51.5453885 ], [ 0.676963, 51.5453815 ], [ 0.6771676, 51.5454001 ], [ 0.6772906, 51.5454315 ], [ 0.6773463, 51.5454562 ], [ 0.677354, 51.5455325 ], [ 0.6773843, 51.5455334 ], [ 0.6774195, 51.5455339 ] ] } },
{ "type": "Feature", "properties": { "id": 21201, "nach": 0.61990559746631746 }, "geometry": { "type": "LineString", "coordinates": [ [ 0.6765209, 51.5457424 ], [ 0.6765151, 51.5456275 ], [ 0.6765136, 51.5455976 ] ] } },
{ "type": "Feature", "properties": { "id": 24931, "nach": 0.43776382344194681 }, "geometry": { "type": "LineString", "coordinates": [ [ 0.6774195, 51.5455339 ], [ 0.6774201, 51.5455718 ], [ 0.6773693, 51.5455924 ], [ 0.6765136, 51.5455976 ] ] } },
{ "type": "Feature", "properties": { "id": 25363, "nach": 0.66120142462523335 }, "geometry": { "type": "LineString", "coordinates": [ [ 0.6762923, 51.5457535 ], [ 0.6765209, 51.5457424 ] ] } },
{ "type": "Feature", "properties": { "id": 24930, "nach": 0.55550716765787744 }, "geometry": { "type": "LineString", "coordinates": [ [ 0.6774195, 51.5455339 ], [ 0.6776609, 51.5455171 ] ] } },
{ "type": "Feature", "properties": { "id": 26989, "nach": 0.4721638886068133 }, "geometry": { "type": "LineString", "coordinates": [ [ 0.6776637, 51.5445764 ], [ 0.6776625, 51.5446508 ], [ 0.6776681, 51.5448758 ], [ 0.6776612, 51.5449954 ], [ 0.6776633, 51.545157799999984 ], [ 0.6776609, 51.5455171 ] ] } },
{ "type": "Feature", "properties": { "id": 26993, "nach": 0.49173390918810106 }, "geometry": { "type": "LineString", "coordinates": [ [ 0.677405, 51.5446908 ], [ 0.6774155, 51.5446801 ], [ 0.6774733, 51.544631 ], [ 0.6775342, 51.5445951 ], [ 0.6775845, 51.544582 ], [ 0.6776637, 51.5445764 ] ] } },
{ "type": "Feature", "properties": { "id": 25365, "nach": 0.47686464332872802 }, "geometry": { "type": "LineString", "coordinates": [ [ 0.6762923, 51.5457535 ], [ 0.6762934, 51.5458724 ], [ 0.6762235, 51.545881799999989 ], [ 0.6762271, 51.5460354 ] ] } },
{ "type": "Feature", "properties": { "id": 26894, "nach": 0.65458008430042469 }, "geometry": { "type": "LineString", "coordinates": [ [ 0.675856, 51.5457956 ], [ 0.6762923, 51.5457535 ] ] } },
{ "type": "Feature", "properties": { "id": 27034, "nach": 0.62793005464431595 }, "geometry": { "type": "LineString", "coordinates": [ [ 0.678924, 51.5440109 ], [ 0.6788332, 51.5440167 ] ] } },
{ "type": "Feature", "properties": { "id": 22909, "nach": 0.4564360013813738 }, "geometry": { "type": "LineString", "coordinates": [ [ 0.6827212, 51.5440237 ], [ 0.6827828, 51.544310200000012 ], [ 0.68279, 51.5443365 ], [ 0.682793, 51.5444063 ], [ 0.6827982, 51.5444703 ], [ 0.6828013, 51.5445029 ], [ 0.6828095, 51.544526 ], [ 0.6828404, 51.544632300000011 ] ] } },
{ "type": "Feature", "properties": { "id": 25781, "nach": 0.44533519398264387 }, "geometry": { "type": "LineString", "coordinates": [ [ 0.6912393, 51.5445725 ], [ 0.6908909, 51.5446118 ] ] } },
{ "type": "Feature", "properties": { "id": 27020, "nach": 0.61032408707680363 }, "geometry": { "type": "LineString", "coordinates": [ [ 0.6795926, 51.5438229 ], [ 0.6795977, 51.5440129 ] ] } },
{ "type": "Feature", "properties": { "id": 22912, "nach": 0.57513067732609868 }, "geometry": { "type": "LineString", "coordinates": [ [ 0.6795977, 51.5440129 ], [ 0.6794795, 51.5440127 ] ] } },
{ "type": "Feature", "properties": { "id": 27023, "nach": 0.60537413308232357 }, "geometry": { "type": "LineString", "coordinates": [ [ 0.6795926, 51.5438229 ], [ 0.67958, 51.5433546 ], [ 0.6795793, 51.54312070000001 ] ] } },
{ "type": "Feature", "properties": { "id": 27022, "nach": 0.44981913137393814 }, "geometry": { "type": "LineString", "coordinates": [ [ 0.6795926, 51.5438229 ], [ 0.679476, 51.5438255 ] ] } },
{ "type": "Feature", "properties": { "id": 27021, "nach": 0.47700985771081666 }, "geometry": { "type": "LineString", "coordinates": [ [ 0.6795926, 51.5438229 ], [ 0.6796685, 51.543821199999989 ] ] } },
{ "type": "Feature", "properties": { "id": 27028, "nach": 0.65185431293216245 }, "geometry": { "type": "LineString", "coordinates": [ [ 0.6794795, 51.5440127 ], [ 0.679476, 51.5438255 ] ] } },
{ "type": "Feature", "properties": { "id": 25479, "nach": 0.42152584418444961 }, "geometry": { "type": "LineString", "coordinates": [ [ 0.6822786, 51.5388253 ], [ 0.6818245, 51.538844 ] ] } },
{ "type": "Feature", "properties": { "id": 25478, "nach": 0.42350914033797399 }, "geometry": { "type": "LineString", "coordinates": [ [ 0.6815916, 51.5388536 ], [ 0.6818245, 51.538844 ] ] } },
{ "type": "Feature", "properties": { "id": 24945, "nach": 0.47841627081839705 }, "geometry": { "type": "LineString", "coordinates": [ [ 0.6798748, 51.5456084 ], [ 0.6798096, 51.5456166 ], [ 0.6798233, 51.5456973 ] ] } },
{ "type": "Feature", "properties": { "id": 26897, "nach": 0.47886888149596429 }, "geometry": { "type": "LineString", "coordinates": [ [ 0.6758722, 51.5459186 ], [ 0.675856, 51.5457956 ] ] } },
{ "type": "Feature", "properties": { "id": 26898, "nach": 0.64907059773600584 }, "geometry": { "type": "LineString", "coordinates": [ [ 0.674759, 51.5458118 ], [ 0.6748869, 51.5458196 ], [ 0.6751431, 51.5458267 ], [ 0.6754042, 51.5458195 ], [ 0.6757423, 51.5458025 ], [ 0.675856, 51.5457956 ] ] } },
{ "type": "Feature", "properties": { "id": 26906, "nach": 0.64247204763371679 }, "geometry": { "type": "LineString", "coordinates": [ [ 0.6744008, 51.5457885 ], [ 0.6746568, 51.5458055 ], [ 0.674759, 51.5458118 ] ] } },
{ "type": "Feature", "properties": { "id": 26909, "nach": 0.46989999913729263 }, "geometry": { "type": "LineString", "coordinates": [ [ 0.6742053, 51.546151600000023 ], [ 0.6743912, 51.5461524 ], [ 0.6743926, 51.5460989 ], [ 0.6743978, 51.5459015 ], [ 0.6744008, 51.5457885 ] ] } },
{ "type": "Feature", "properties": { "id": 25387, "nach": 0.42393647143238566 }, "geometry": { "type": "LineString", "coordinates": [ [ 0.6665655, 51.5406112 ], [ 0.666335, 51.54053 ], [ 0.6658955, 51.5404363 ] ] } },
{ "type": "Feature", "properties": { "id": 25388, "nach": 0.42853977983614561 }, "geometry": { "type": "LineString", "coordinates": [ [ 0.6661998, 51.5403871 ], [ 0.6659454, 51.5403622 ], [ 0.6658955, 51.5404363 ] ] } },
{ "type": "Feature", "properties": { "id": 25399, "nach": 0.57138238710154488 }, "geometry": { "type": "LineString", "coordinates": [ [ 0.6619226, 51.5423505 ], [ 0.6623311, 51.5423379 ] ] } },
{ "type": "Feature", "properties": { "id": 25401, "nach": 0.45612816439340309 }, "geometry": { "type": "LineString", "coordinates": [ [ 0.6619418, 51.5426429 ], [ 0.6619226, 51.5423505 ] ] } },
{ "type": "Feature", "properties": { "id": 25403, "nach": 0.57956248185513437 }, "geometry": { "type": "LineString", "coordinates": [ [ 0.6615067, 51.5423634 ], [ 0.6619226, 51.5423505 ] ] } },
{ "type": "Feature", "properties": { "id": 25407, "nach": 0.45467683948605137 }, "geometry": { "type": "LineString", "coordinates": [ [ 0.6623311, 51.5423379 ], [ 0.6623698, 51.5426773 ] ] } },
{ "type": "Feature", "properties": { "id": 25406, "nach": 0.56926780126531085 }, "geometry": { "type": "LineString", "coordinates": [ [ 0.6623311, 51.5423379 ], [ 0.6625475, 51.5423312 ] ] } },
{ "type": "Feature", "properties": { "id": 25404, "nach": 0.45635253558223315 }, "geometry": { "type": "LineString", "coordinates": [ [ 0.6615067, 51.5423634 ], [ 0.6615329, 51.5427482 ] ] } },
{ "type": "Feature", "properties": { "id": 25791, "nach": 0.45390641593186892 }, "geometry": { "type": "LineString", "coordinates": [ [ 0.6624647, 51.5420527 ], [ 0.6625142, 51.5420647 ], [ 0.6625302, 51.5420751 ], [ 0.6625366, 51.5420983 ], [ 0.6625475, 51.5423312 ] ] } },
{ "type": "Feature", "properties": { "id": 27024, "nach": 0.61874310931396637 }, "geometry": { "type": "LineString", "coordinates": [ [ 0.6794644, 51.5431249 ], [ 0.6795793, 51.54312070000001 ] ] } },
{ "type": "Feature", "properties": { "id": 27025, "nach": 0.47326960193600731 }, "geometry": { "type": "LineString", "coordinates": [ [ 0.6794644, 51.5431249 ], [ 0.679273, 51.5431319 ], [ 0.6790369, 51.54315780000001 ] ] } },
{ "type": "Feature", "properties": { "id": 27026, "nach": 0.64269510484099968 }, "geometry": { "type": "LineString", "coordinates": [ [ 0.6794644, 51.5431249 ], [ 0.6794618, 51.5432535 ], [ 0.6794675, 51.5433777 ], [ 0.679476, 51.5438255 ] ] } },
{ "type": "Feature", "properties": { "id": 28659, "nach": 0.41644283201797477 }, "geometry": { "type": "LineString", "coordinates": [ [ 0.6705635, 51.5386423 ], [ 0.6707478, 51.5386403 ] ] } },
{ "type": "Feature", "properties": { "id": 28660, "nach": 0.41590625565009764 }, "geometry": { "type": "LineString", "coordinates": [ [ 0.6705529, 51.538532300000014 ], [ 0.6707473, 51.5385296 ], [ 0.6707478, 51.5386403 ] ] } },
{ "type": "Feature", "properties": { "id": 26394, "nach": 0.44363832828855548 }, "geometry": { "type": "LineString", "coordinates": [ [ 0.6697676, 51.5454362 ], [ 0.6697796, 51.5453216 ] ] } },
{ "type": "Feature", "properties": { "id": 26903, "nach": 0.55112536958462588 }, "geometry": { "type": "LineString", "coordinates": [ [ 0.6747258, 51.5461528 ], [ 0.6747258, 51.5461178 ], [ 0.674731, 51.5459256 ], [ 0.674759, 51.5458118 ] ] } },
{ "type": "Feature", "properties": { "id": 26905, "nach": 0.46839242577520779 }, "geometry": { "type": "LineString", "coordinates": [ [ 0.6749567, 51.5461536 ], [ 0.6747258, 51.5461528 ] ] } },
{ "type": "Feature", "properties": { "id": 26904, "nach": 0.46945326432075946 }, "geometry": { "type": "LineString", "coordinates": [ [ 0.674579, 51.5461524 ], [ 0.6747258, 51.5461528 ] ] } },
{ "type": "Feature", "properties": { "id": 26933, "nach": 0.46951192357469052 }, "geometry": { "type": "LineString", "coordinates": [ [ 0.6782796, 51.5441223 ], [ 0.6782781, 51.54411790000001 ], [ 0.6782035, 51.5441269 ], [ 0.6781826, 51.5441288 ] ] } },
{ "type": "Feature", "properties": { "id": 26932, "nach": 0.46951192357469052 }, "geometry": { "type": "LineString", "coordinates": [ [ 0.6780731, 51.5441433 ], [ 0.6780716, 51.5441391 ], [ 0.6781565, 51.5441311 ], [ 0.6781826, 51.5441288 ] ] } },
{ "type": "Feature", "properties": { "id": 26956, "nach": 0.50440715547615955 }, "geometry": { "type": "LineString", "coordinates": [ [ 0.6789408, 51.5438846 ], [ 0.6788349, 51.5439492 ], [ 0.6788332, 51.5440167 ] ] } },
{ "type": "Feature", "properties": { "id": 26986, "nach": 0.41152525681873769 }, "geometry": { "type": "LineString", "coordinates": [ [ 0.6781353, 51.5443764 ], [ 0.6780856, 51.5443395 ], [ 0.6780405, 51.544297 ], [ 0.6780201, 51.5442232 ] ] } },
{ "type": "Feature", "properties": { "id": 26994, "nach": 0.47614786402247139 }, "geometry": { "type": "LineString", "coordinates": [ [ 0.6774065, 51.544717 ], [ 0.677405, 51.5446908 ] ] } },
{ "type": "Feature", "properties": { "id": 26995, "nach": 0.52956562488405068 }, "geometry": { "type": "LineString", "coordinates": [ [ 0.6764493, 51.54470160000001 ], [ 0.677405, 51.5446908 ] ] } }
]
}
