{
"type": "FeatureCollection",
"name": "BRENT_15_NACH",
"crs": { "type": "name", "properties": { "name": "urn:ogc:def:crs:OGC:1.3:CRS84" } },
"features": [
{"type":"Feature","properties":{"id":3955,"nach":0.51863806066397988},"geometry":{"type":"LineString","coordinates":[[0.3141225,51.6162268],[0.3138351,51.616367],[0.3136228,51.6164574],[0.3136035,51.6164656],[0.3131723,51.6166505],[0.3127409,51.6168773],[0.3123662,51.6170784],[0.3121126,51.61721450000001],[0.3120663,51.6172393],[0.3119365,51.61732],[0.3116804,51.6174793],[0.3114994,51.6175872],[0.3114287,51.6176291],[0.3112421,51.6177424],[0.3111269,51.6178118],[0.3108536,51.617935],[0.3107248,51.6179763],[0.3105702,51.618025899999985],[0.310505,51.6180468],[0.3104075,51.6180691],[0.3097607,51.618221]]}},
{"type":"Feature","properties":{"id":5717,"nach":0.51908991749493882},"geometry":{"type":"LineString","coordinates":[[0.315058,51.6171283],[0.3150707,51.6166495],[0.3141225,51.6162268]]}},
{"type":"Feature","properties":{"id":4173,"nach":0.56478391793335758},"geometry":{"type":"LineString","coordinates":[[0.3154439,51.615264],[0.3151324,51.6154944],[0.315087,51.615528],[0.3150303,51.61557],[0.3143443,51.616072],[0.3141225,51.6162268]]}},
{"type":"Feature","properties":{"id":29435,"nach":0.46930785898161148},"geometry":{"type":"LineString","coordinates":[[0.3140116,51.6159989],[0.3138694,51.6161163],[0.3141225,51.6162268]]}},
{"type":"Feature","properties":{"id":23692,"nach":0.53919691127428915},"geometry":{"type":"LineString","coordinates":[[0.3288891,51.6114643],[0.3286789,51.61126860000001]]}},
{"type":"Feature","properties":{"id":30026,"nach":0.55313098203574429},"geometry":{"type":"LineString","coordinates":[[0.3285246,51.6111675],[0.3286789,51.61126860000001]]}},
{"type":"Feature","properties":{"id":14406,"nach":0.47387775536448007},"geometry":{"type":"LineString","coordinates":[[0.327882,51.6121683],[0.3279547,51.61211740000001],[0.3281207,51.611922],[0.3284131,51.6115718],[0.3286097,51.6113393],[0.3286789,51.61126860000001]]}},
{"type":"Feature","properties":{"id":23693,"nach":0.5614817096363578},"geometry":{"type":"LineString","coordinates":[[0.3288891,51.6114643],[0.3290356,51.6116007],[0.3293087,51.6118748]]}},
{"type":"Feature","properties":{"id":23694,"nach":0.46458070438818333},"geometry":{"type":"LineString","coordinates":[[0.3288891,51.6114643],[0.3288355,51.6114894],[0.3287077,51.6115644],[0.3286278,51.6116585],[0.3285334,51.6117695],[0.3286031,51.6118214],[0.3282708,51.6119687],[0.3283428,51.612036500000016],[0.3278175,51.6123036],[0.327772,51.6122699]]}},
{"type":"Feature","properties":{"id":30027,"nach":0.57312739122980405},"geometry":{"type":"LineString","coordinates":[[0.3285246,51.6111675],[0.3283919,51.6110805],[0.3281086,51.6109466],[0.327933,51.6108831]]}},
{"type":"Feature","properties":{"id":30028,"nach":0.50587632185080555},"geometry":{"type":"LineString","coordinates":[[0.3285246,51.6111675],[0.3286672,51.6111071],[0.3288462,51.6110611],[0.3288991,51.6110583],[0.3289572,51.6110955],[0.3290941,51.6111576],[0.3293084,51.611243700000017],[0.3294291,51.6112837],[0.3297494,51.6113695]]}},
{"type":"Feature","properties":{"id":14407,"nach":0.4611662569197576},"geometry":{"type":"LineString","coordinates":[[0.327882,51.6121683],[0.3277652,51.612103],[0.3273786,51.6118888]]}},
{"type":"Feature","properties":{"id":23526,"nach":0.53786561868259597},"geometry":{"type":"LineString","coordinates":[[0.327772,51.6122699],[0.3278329,51.6122199],[0.327882,51.6121683]]}},
{"type":"Feature","properties":{"id":23714,"nach":0.56229264320237538},"geometry":{"type":"LineString","coordinates":[[0.3350526,51.6154407],[0.335249,51.6154023]]}},
{"type":"Feature","properties":{"id":7259,"nach":0.57606973266482209},"geometry":{"type":"LineString","coordinates":[[0.3356542,51.6160771],[0.3356093,51.6160358],[0.3355538,51.6159582],[0.3354914,51.6158445],[0.335249,51.6154023]]}},
{"type":"Feature","properties":{"id":23721,"nach":0.58047365834320341},"geometry":{"type":"LineString","coordinates":[[0.3344769,51.6143247],[0.3345297,51.6143977],[0.3349569,51.6149943],[0.3351778,51.6153028],[0.335249,51.6154023]]}},
{"type":"Feature","properties":{"id":23715,"nach":0.57808034554915622},"geometry":{"type":"LineString","coordinates":[[0.3350526,51.6154407],[0.334483,51.6155521],[0.3342918,51.6155803]]}},
{"type":"Feature","properties":{"id":23719,"nach":0.41023204539281499},"geometry":{"type":"LineString","coordinates":[[0.3340045,51.6145933],[0.3339716,51.6146698],[0.3339306,51.6148382],[0.3339429,51.6150473],[0.3341113,51.615116200000024],[0.3342921,51.6150932],[0.3346125,51.615032],[0.3348877,51.615083],[0.334974,51.6152233],[0.3350151,51.6153279],[0.3350526,51.6154407]]}},
{"type":"Feature","properties":{"id":23729,"nach":0.44967248759743256},"geometry":{"type":"LineString","coordinates":[[0.3357303,51.6163265],[0.3355671,51.61631460000001],[0.3354837,51.6162711],[0.3354437,51.6162255],[0.3353969,51.61612190000001],[0.3353302,51.615952],[0.3352768,51.6158277],[0.3352134,51.6157117],[0.3351167,51.615539699999985],[0.3350526,51.6154407]]}},
{"type":"Feature","properties":{"id":23735,"nach":0.53514600046473604},"geometry":{"type":"LineString","coordinates":[[0.336136,51.616424],[0.3360403,51.6163648],[0.3358402,51.6162303],[0.3356542,51.6160771]]}},
{"type":"Feature","properties":{"id":23728,"nach":0.51614712514379568},"geometry":{"type":"LineString","coordinates":[[0.3357303,51.6163265],[0.3356921,51.6162165],[0.3356678,51.61614620000001],[0.3356542,51.6160771]]}},
{"type":"Feature","properties":{"id":23723,"nach":0.30588215211342074},"geometry":{"type":"LineString","coordinates":[[0.3344769,51.6143247],[0.3343866,51.6143739],[0.3342469,51.6144402],[0.3341442,51.6145218],[0.3340045,51.6145933]]}},
{"type":"Feature","properties":{"id":23724,"nach":0.57610685214999025},"geometry":{"type":"LineString","coordinates":[[0.334204,51.6139655],[0.334272,51.6140414],[0.3344769,51.6143247]]}},
{"type":"Feature","properties":{"id":23508,"nach":0.59427672635958084},"geometry":{"type":"LineString","coordinates":[[0.3172148,51.6139466],[0.3170796,51.6140649]]}},
{"type":"Feature","properties":{"id":3978,"nach":0.62808141257383987},"geometry":{"type":"LineString","coordinates":[[0.3181047,51.6142405],[0.3179339,51.6142475],[0.3178223,51.614248599999989],[0.317589,51.614251],[0.3174854,51.6142335],[0.3172957,51.6141703],[0.3171599,51.614104099999984],[0.3170796,51.6140649]]}},
{"type":"Feature","properties":{"id":5620,"nach":0.66436323408407993},"geometry":{"type":"LineString","coordinates":[[0.3169922,51.6141171],[0.317044,51.6140895],[0.3170796,51.6140649]]}},
{"type":"Feature","properties":{"id":23509,"nach":0.61375315482468085},"geometry":{"type":"LineString","coordinates":[[0.3172148,51.6139466],[0.3175005,51.6137121]]}},
{"type":"Feature","properties":{"id":23688,"nach":0.52296540245676404},"geometry":{"type":"LineString","coordinates":[[0.3181406,51.614168],[0.3180464,51.6141681],[0.3176786,51.6141723],[0.31729,51.6139832],[0.3172148,51.6139466]]}},
{"type":"Feature","properties":{"id":3977,"nach":0.6205235119465744},"geometry":{"type":"LineString","coordinates":[[0.3181047,51.6142405],[0.3183255,51.6142956]]}},
{"type":"Feature","properties":{"id":23686,"nach":0.55484820574189686},"geometry":{"type":"LineString","coordinates":[[0.3181406,51.614168],[0.3181047,51.6142405]]}},
{"type":"Feature","properties":{"id":5619,"nach":0.66235732810029413},"geometry":{"type":"LineString","coordinates":[[0.3169922,51.6141171],[0.3169159,51.6141752],[0.3168734,51.6142023],[0.3168021,51.6142544],[0.3166578,51.6143657],[0.3165411,51.6144572],[0.3162465,51.614682299999984],[0.3161644,51.6147363],[0.3161287,51.6147605]]}},
{"type":"Feature","properties":{"id":5621,"nach":0.45939080766412788},"geometry":{"type":"LineString","coordinates":[[0.3161966,51.6137754],[0.3169922,51.6141171]]}},
{"type":"Feature","properties":{"id":4186,"nach":0.55668024644809566},"geometry":{"type":"LineString","coordinates":[[0.31743,51.6161475],[0.3164396,51.6156827],[0.3155468,51.615289800000014],[0.3154439,51.615264]]}},
{"type":"Feature","properties":{"id":23999,"nach":0.57977953306258478},"geometry":{"type":"LineString","coordinates":[[0.3160601,51.6148106],[0.3156499,51.6151101],[0.3154439,51.615264]]}},
{"type":"Feature","properties":{"id":23932,"nach":0.54825733971512658},"geometry":{"type":"LineString","coordinates":[[0.3144898,51.615102],[0.3146211,51.6151176],[0.3147526,51.6151333],[0.3149094,51.615149],[0.3150611,51.6151835],[0.3152736,51.6152181],[0.3154439,51.615264]]}},
{"type":"Feature","properties":{"id":23503,"nach":0.54247289092313089},"geometry":{"type":"LineString","coordinates":[[0.3187249,51.6144219],[0.3185765,51.6143825],[0.3185594,51.6143766],[0.3183255,51.6142956]]}},
{"type":"Feature","properties":{"id":23515,"nach":0.58361989938843162},"geometry":{"type":"LineString","coordinates":[[0.318927,51.614083900000011],[0.3188988,51.6140878],[0.3183892,51.6142343],[0.3183255,51.6142956]]}},
{"type":"Feature","properties":{"id":23502,"nach":0.54271546390101166},"geometry":{"type":"LineString","coordinates":[[0.3187249,51.6144219],[0.319891,51.614938],[0.3207707,51.6153793],[0.3210296,51.6155063]]}},
{"type":"Feature","properties":{"id":23516,"nach":0.45708926541116973},"geometry":{"type":"LineString","coordinates":[[0.318927,51.614083900000011],[0.3189149,51.6142615],[0.3187249,51.6144219]]}},
{"type":"Feature","properties":{"id":23514,"nach":0.59673291950101937},"geometry":{"type":"LineString","coordinates":[[0.318927,51.614083900000011],[0.3189349,51.6139855]]}},
{"type":"Feature","properties":{"id":4002,"nach":0.54935940760228053},"geometry":{"type":"LineString","coordinates":[[0.3227395,51.6150232],[0.3225497,51.6154122],[0.3224525,51.615575],[0.3223948,51.6156687],[0.3223539,51.61573030000001],[0.3222929,51.6157903],[0.3222319,51.6158328],[0.3221601,51.615874]]}},
{"type":"Feature","properties":{"id":29410,"nach":0.5605636539356067},"geometry":{"type":"LineString","coordinates":[[0.3219576,51.6159235],[0.3220394,51.6159073],[0.3221601,51.615874]]}},
{"type":"Feature","properties":{"id":14432,"nach":0.50437533340222296},"geometry":{"type":"LineString","coordinates":[[0.3223766,51.6160086],[0.322326,51.6159837],[0.3222426,51.6159285],[0.3221601,51.615874]]}},
{"type":"Feature","properties":{"id":4001,"nach":0.40609689761656459},"geometry":{"type":"LineString","coordinates":[[0.3227395,51.6150232],[0.3220247,51.6148868],[0.3215097,51.6147877]]}},
{"type":"Feature","properties":{"id":5611,"nach":0.56479209807008746},"geometry":{"type":"LineString","coordinates":[[0.3228005,51.6149084],[0.3227395,51.6150232]]}},
{"type":"Feature","properties":{"id":29412,"nach":0.54792129623839669},"geometry":{"type":"LineString","coordinates":[[0.3219576,51.6159235],[0.3218416,51.6159164],[0.3217652,51.6159027],[0.3217075,51.615884],[0.3216391,51.615854],[0.3214084,51.6157241],[0.3210296,51.6155063]]}},
{"type":"Feature","properties":{"id":29411,"nach":0.55088410644455477},"geometry":{"type":"LineString","coordinates":[[0.3219576,51.6159235],[0.3219979,51.6160326],[0.3220106,51.6161187]]}},
{"type":"Feature","properties":{"id":14431,"nach":0.48153083379114037},"geometry":{"type":"LineString","coordinates":[[0.3223766,51.6160086],[0.3225907,51.6161164],[0.3226983,51.616147100000013],[0.3228206,51.6161717]]}},
{"type":"Feature","properties":{"id":14436,"nach":0.34618352197350655},"geometry":{"type":"LineString","coordinates":[[0.3220106,51.6161187],[0.3221434,51.6161058],[0.3222665,51.616053800000017],[0.3223766,51.6160086]]}},
{"type":"Feature","properties":{"id":5608,"nach":0.59736956614388426},"geometry":{"type":"LineString","coordinates":[[0.3204898,51.6139362],[0.3199856,51.613975900000014]]}},
{"type":"Feature","properties":{"id":14415,"nach":0.51288066676219213},"geometry":{"type":"LineString","coordinates":[[0.3200254,51.614045200000014],[0.3199856,51.613975900000014]]}},
{"type":"Feature","properties":{"id":20387,"nach":0.61773299991379782},"geometry":{"type":"LineString","coordinates":[[0.3192865,51.6139943],[0.3196774,51.6139915],[0.3199357,51.6139784],[0.3199856,51.613975900000014]]}},
{"type":"Feature","properties":{"id":5610,"nach":0.63607659176793374},"geometry":{"type":"LineString","coordinates":[[0.3204898,51.6139362],[0.3205342,51.6139289],[0.3212811,51.6138069],[0.3213776,51.6137925]]}},
{"type":"Feature","properties":{"id":14412,"nach":0.5564029099754042},"geometry":{"type":"LineString","coordinates":[[0.3204959,51.6140014],[0.3204898,51.6139362]]}},
{"type":"Feature","properties":{"id":14417,"nach":0.47704050584088065},"geometry":{"type":"LineString","coordinates":[[0.3200254,51.614045200000014],[0.32003,51.6140532],[0.3200706,51.61413240000001],[0.3201356,51.6142561],[0.320149,51.6142816],[0.3201665,51.6142998],[0.3201966,51.614330200000012],[0.3202338,51.61434890000001],[0.3202829,51.6143621],[0.3203522,51.6143578]]}},
{"type":"Feature","properties":{"id":14416,"nach":0.44782966076722119},"geometry":{"type":"LineString","coordinates":[[0.3200254,51.614045200000014],[0.3204959,51.6140014]]}},
{"type":"Feature","properties":{"id":20389,"nach":0.50579553740147598},"geometry":{"type":"LineString","coordinates":[[0.3192865,51.6139943],[0.3192771,51.6139028],[0.3192696,51.61382960000001],[0.3192673,51.613785900000011],[0.319267,51.6137807],[0.3192007,51.61372],[0.3191567,51.6136826],[0.319079,51.6136164]]}},
{"type":"Feature","properties":{"id":23506,"nach":0.61271521200492984},"geometry":{"type":"LineString","coordinates":[[0.3189349,51.6139855],[0.3190768,51.6139918],[0.3191028,51.6139921],[0.3192865,51.6139943]]}},
{"type":"Feature","properties":{"id":23523,"nach":0.68773426206913635},"geometry":{"type":"LineString","coordinates":[[0.3241021,51.6136791],[0.3240452,51.6136747],[0.3237346,51.6136526],[0.3236427,51.6136543],[0.3235683,51.6136639]]}},
{"type":"Feature","properties":{"id":3970,"nach":0.68318826121346932},"geometry":{"type":"LineString","coordinates":[[0.3232531,51.6137725],[0.3233108,51.6137613],[0.3233584,51.6137442],[0.3234188,51.6137184],[0.3234865,51.6136893],[0.3235683,51.6136639]]}},
{"type":"Feature","properties":{"id":5601,"nach":0.55676694832249163},"geometry":{"type":"LineString","coordinates":[[0.3235352,51.612978],[0.3235549,51.6135648],[0.3235569,51.613611800000015],[0.3235616,51.613633900000011],[0.3235683,51.6136639]]}},
{"type":"Feature","properties":{"id":23524,"nach":0.49276624683700898},"geometry":{"type":"LineString","coordinates":[[0.3241021,51.6136791],[0.3241722,51.6137882],[0.32422,51.6138645],[0.3242463,51.6140547],[0.3242356,51.6141546],[0.3238279,51.6146743],[0.3236187,51.6149341],[0.3234738,51.6150207],[0.3234095,51.615090600000016],[0.3233397,51.6152339],[0.3233236,51.6153704]]}},
{"type":"Feature","properties":{"id":23522,"nach":0.69307880941923727},"geometry":{"type":"LineString","coordinates":[[0.3241021,51.6136791],[0.3242221,51.6136883]]}},
{"type":"Feature","properties":{"id":3985,"nach":0.66193546135385639},"geometry":{"type":"LineString","coordinates":[[0.3220499,51.6137174],[0.322138,51.6137155],[0.3222547,51.6137213],[0.3225678,51.61374],[0.3228481,51.613758],[0.3230506,51.61377130000001],[0.3231525,51.613775],[0.3232531,51.6137725]]}},
{"type":"Feature","properties":{"id":19693,"nach":0.58629345892291662},"geometry":{"type":"LineString","coordinates":[[0.3229608,51.614566199999985],[0.3232558,51.6139803],[0.3232679,51.6139362],[0.3232719,51.6138816],[0.3232672,51.61384],[0.3232531,51.6137725]]}},
{"type":"Feature","properties":{"id":5602,"nach":0.52712288407637387},"geometry":{"type":"LineString","coordinates":[[0.3235264,51.6127018],[0.3235352,51.612978]]}},
{"type":"Feature","properties":{"id":14439,"nach":0.45632887608327399},"geometry":{"type":"LineString","coordinates":[[0.3234162,51.6129791],[0.3235352,51.612978]]}},
{"type":"Feature","properties":{"id":3989,"nach":0.65566504406638704},"geometry":{"type":"LineString","coordinates":[[0.3216777,51.6137558],[0.3219073,51.6137255],[0.3220499,51.6137174]]}},
{"type":"Feature","properties":{"id":23511,"nach":0.54488097591975171},"geometry":{"type":"LineString","coordinates":[[0.3217078,51.6125833],[0.3217491,51.6126903],[0.3220314,51.6135652],[0.3220481,51.6136518],[0.3220499,51.6137174]]}},
{"type":"Feature","properties":{"id":19695,"nach":0.41119897026689933},"geometry":{"type":"LineString","coordinates":[[0.3229608,51.614566199999985],[0.3227958,51.61454530000001],[0.3221078,51.614423800000012],[0.3217257,51.6143614]]}},
{"type":"Feature","properties":{"id":19694,"nach":0.58139505051074325},"geometry":{"type":"LineString","coordinates":[[0.3229608,51.614566199999985],[0.3228951,51.6147322],[0.3228005,51.6149084]]}},
{"type":"Feature","properties":{"id":29402,"nach":0.57242788044864545},"geometry":{"type":"LineString","coordinates":[[0.3222788,51.612119],[0.3227851,51.611848],[0.3228461,51.6118188],[0.3229011,51.6117988],[0.3229634,51.611783],[0.3230459,51.611773400000011],[0.3231237,51.6117742],[0.3232035,51.611784700000015],[0.3232753,51.6118001],[0.323349,51.6118296]]}},
{"type":"Feature","properties":{"id":5604,"nach":0.49550958022223418},"geometry":{"type":"LineString","coordinates":[[0.3235264,51.6127018],[0.3234979,51.61208950000001],[0.3234905,51.6119858],[0.323469,51.6119362],[0.3234469,51.6119013],[0.3234114,51.6118667],[0.323349,51.6118296]]}},
{"type":"Feature","properties":{"id":14393,"nach":0.56423409153264059},"geometry":{"type":"LineString","coordinates":[[0.3240565,51.611482799999983],[0.3239758,51.6114901],[0.3239089,51.6114961],[0.323349,51.6118296]]}},
{"type":"Feature","properties":{"id":29403,"nach":0.0},"geometry":{"type":"LineString","coordinates":[[0.3222788,51.612119],[0.3223566,51.6121799],[0.3225913,51.6123447],[0.3222476,51.6124755],[0.3217078,51.6125833]]}},
{"type":"Feature","properties":{"id":29404,"nach":0.57505264085465047},"geometry":{"type":"LineString","coordinates":[[0.3219623,51.6122939],[0.3222788,51.612119]]}},
{"type":"Feature","properties":{"id":14442,"nach":0.45591253184254832},"geometry":{"type":"LineString","coordinates":[[0.3234019,51.612701600000015],[0.3235264,51.6127018]]}},
{"type":"Feature","properties":{"id":23689,"nach":0.55388282042232495},"geometry":{"type":"LineString","coordinates":[[0.3244762,51.611293600000018],[0.3240565,51.611482799999983]]}},
{"type":"Feature","properties":{"id":23683,"nach":0.41938386507132208},"geometry":{"type":"LineString","coordinates":[[0.3242979,51.6116293],[0.3240565,51.611482799999983]]}},
{"type":"Feature","properties":{"id":23687,"nach":0.55363533516375429},"geometry":{"type":"LineString","coordinates":[[0.3181406,51.614168],[0.3181715,51.6141056],[0.3182549,51.614023899999985],[0.3183072,51.6139923],[0.3183755,51.6139511],[0.3184574,51.6139128],[0.3184644,51.613911],[0.3185392,51.6138913],[0.3185908,51.6138816]]}},
{"type":"Feature","properties":{"id":14388,"nach":0.60236654112616461},"geometry":{"type":"LineString","coordinates":[[0.3204965,51.6129205],[0.3207023,51.6128184],[0.3209766,51.6126966]]}},
{"type":"Feature","properties":{"id":29407,"nach":0.56989676069287842},"geometry":{"type":"LineString","coordinates":[[0.3216371,51.6124696],[0.3212536,51.6125985],[0.3209766,51.6126966]]}},
{"type":"Feature","properties":{"id":3984,"nach":0.57120888687696114},"geometry":{"type":"LineString","coordinates":[[0.3213776,51.6137925],[0.3211161,51.612964700000013],[0.3210591,51.6127969],[0.3210255,51.612742],[0.3209766,51.6126966]]}},
{"type":"Feature","properties":{"id":14389,"nach":0.60438198180640079},"geometry":{"type":"LineString","coordinates":[[0.3204965,51.6129205],[0.3200563,51.6125896],[0.3199305,51.6125509]]}},
{"type":"Feature","properties":{"id":14410,"nach":0.55104562450121797},"geometry":{"type":"LineString","coordinates":[[0.319079,51.6136164],[0.319652,51.6133198],[0.3202439,51.6130334],[0.3204965,51.6129205]]}},
{"type":"Feature","properties":{"id":29409,"nach":0.55014658674803618},"geometry":{"type":"LineString","coordinates":[[0.3216371,51.6124696],[0.3216793,51.6125154],[0.3217078,51.6125833]]}},
{"type":"Feature","properties":{"id":29408,"nach":0.60078751625540183},"geometry":{"type":"LineString","coordinates":[[0.3216371,51.6124696],[0.3217216,51.6124288],[0.3219623,51.6122939]]}},
{"type":"Feature","properties":{"id":3988,"nach":0.65035455790356922},"geometry":{"type":"LineString","coordinates":[[0.3216777,51.6137558],[0.3213776,51.6137925]]}},
{"type":"Feature","properties":{"id":3992,"nach":0.57823014572726628},"geometry":{"type":"LineString","coordinates":[[0.3217257,51.6143614],[0.3217524,51.6142955],[0.321794,51.6142147],[0.3218101,51.6141693],[0.3218202,51.6141102],[0.3218235,51.6140519],[0.3218094,51.613977],[0.3216777,51.6137558]]}},
{"type":"Feature","properties":{"id":3994,"nach":0.55467674408609979},"geometry":{"type":"LineString","coordinates":[[0.3215097,51.6147877],[0.3217257,51.6143614]]}},
{"type":"Feature","properties":{"id":14424,"nach":0.54928478559518235},"geometry":{"type":"LineString","coordinates":[[0.3214037,51.615172],[0.3213984,51.61510040000001],[0.3214064,51.6150558],[0.3214319,51.6149954],[0.3215097,51.6147877]]}},
{"type":"Feature","properties":{"id":14423,"nach":0.53163202252755382},"geometry":{"type":"LineString","coordinates":[[0.3214037,51.615172],[0.3214031,51.6152182],[0.3213695,51.6152644],[0.3213307,51.6153019],[0.321222,51.6153827],[0.3210296,51.6155063]]}},
{"type":"Feature","properties":{"id":14426,"nach":0.44304949428990925},"geometry":{"type":"LineString","coordinates":[[0.3218537,51.615260700000015],[0.321505,51.6151866],[0.3214037,51.615172]]}},
{"type":"Feature","properties":{"id":5614,"nach":0.44863825908276334},"geometry":{"type":"LineString","coordinates":[[0.3225739,51.614851],[0.3228005,51.6149084]]}},
{"type":"Feature","properties":{"id":23507,"nach":0.49535723097924939},"geometry":{"type":"LineString","coordinates":[[0.3189349,51.6139855],[0.3189022,51.613984],[0.3188167,51.61396830000001],[0.3187585,51.6139403],[0.3187412,51.6139319],[0.3187294,51.6139279],[0.3185908,51.6138816]]}},
{"type":"Feature","properties":{"id":14409,"nach":0.51233098427248391},"geometry":{"type":"LineString","coordinates":[[0.319079,51.6136164],[0.318693,51.613799],[0.3185908,51.6138816]]}},
{"type":"Feature","properties":{"id":4009,"nach":0.44890002974726789},"geometry":{"type":"LineString","coordinates":[[0.3283647,51.615224100000013],[0.3286606,51.6152909],[0.3289564,51.6153266],[0.3296016,51.6154117]]}},
{"type":"Feature","properties":{"id":23701,"nach":0.50313819233373391},"geometry":{"type":"LineString","coordinates":[[0.3283061,51.61520860000001],[0.3283647,51.615224100000013]]}},
{"type":"Feature","properties":{"id":4046,"nach":0.53182795882960165},"geometry":{"type":"LineString","coordinates":[[0.3286862,51.6146861],[0.3283647,51.615224100000013]]}},
{"type":"Feature","properties":{"id":23703,"nach":0.48659149130615109},"geometry":{"type":"LineString","coordinates":[[0.3283061,51.61520860000001],[0.3282799,51.6152546],[0.3275793,51.6151906],[0.3276425,51.6149991]]}},
{"type":"Feature","properties":{"id":4052,"nach":0.57007252814297693},"geometry":{"type":"LineString","coordinates":[[0.3287626,51.6145429],[0.3286862,51.6146861]]}},
{"type":"Feature","properties":{"id":14698,"nach":0.47172565775203518},"geometry":{"type":"LineString","coordinates":[[0.3294147,51.6147702],[0.3289262,51.6147257],[0.3286862,51.6146861]]}},
{"type":"Feature","properties":{"id":14447,"nach":0.69507075474205904},"geometry":{"type":"LineString","coordinates":[[0.3242221,51.6136883],[0.3244707,51.6137049],[0.324598,51.6137105],[0.3247197,51.6137062],[0.3247808,51.6136778]]}},
{"type":"Feature","properties":{"id":29458,"nach":0.60170174249087871},"geometry":{"type":"LineString","coordinates":[[0.3249704,51.614126],[0.3249101,51.6140236],[0.3248658,51.6139162],[0.3248497,51.613845],[0.3248309,51.6137559],[0.3247808,51.6136778]]}},
{"type":"Feature","properties":{"id":4031,"nach":0.67784341093147238},"geometry":{"type":"LineString","coordinates":[[0.3248561,51.613568],[0.3248207,51.6136441],[0.3247808,51.6136778]]}},
{"type":"Feature","properties":{"id":23684,"nach":0.44058565252270626},"geometry":{"type":"LineString","coordinates":[[0.3242979,51.6116293],[0.3242344,51.6118507],[0.3241778,51.6120559],[0.3241825,51.6121731],[0.3241683,51.6125218],[0.3241872,51.6128148],[0.3242155,51.6130375],[0.3242181,51.6132251],[0.3242221,51.6136883]]}},
{"type":"Feature","properties":{"id":29457,"nach":0.59495384956112884},"geometry":{"type":"LineString","coordinates":[[0.3249704,51.614126],[0.3250502,51.6142176]]}},
{"type":"Feature","properties":{"id":29459,"nach":0.52807892716543037},"geometry":{"type":"LineString","coordinates":[[0.3249704,51.614126],[0.3251253,51.6140919],[0.3252098,51.6140769],[0.3255243,51.6140436],[0.3256202,51.6140282]]}},
{"type":"Feature","properties":{"id":29454,"nach":0.63723664885186659},"geometry":{"type":"LineString","coordinates":[[0.3257221,51.6136851],[0.3248561,51.613568]]}},
{"type":"Feature","properties":{"id":16865,"nach":0.62384779097620002},"geometry":{"type":"LineString","coordinates":[[0.3250672,51.6129661],[0.3250125,51.6130642],[0.3249419,51.6132162],[0.3248561,51.613568]]}},
{"type":"Feature","properties":{"id":4112,"nach":0.50566219981255722},"geometry":{"type":"LineString","coordinates":[[0.3270633,51.6124493],[0.3268808,51.612079],[0.3268958,51.6119785]]}},
{"type":"Feature","properties":{"id":4070,"nach":0.53350707250847718},"geometry":{"type":"LineString","coordinates":[[0.3261621,51.6123206],[0.3267978,51.6119923],[0.3268958,51.6119785]]}},
{"type":"Feature","properties":{"id":29446,"nach":0.61240864119547334},"geometry":{"type":"LineString","coordinates":[[0.3270203,51.6118838],[0.3269538,51.6119234],[0.3268958,51.6119785]]}},
{"type":"Feature","properties":{"id":4106,"nach":0.55756891075951387},"geometry":{"type":"LineString","coordinates":[[0.3274999,51.612270200000012],[0.3273796,51.61220740000001],[0.3272174,51.6121195],[0.3270209,51.6120131],[0.3268958,51.6119785]]}},
{"type":"Feature","properties":{"id":4113,"nach":0.53745473665000798},"geometry":{"type":"LineString","coordinates":[[0.3270633,51.6124493],[0.3271022,51.612533600000013],[0.3271466,51.61264360000002],[0.327136,51.6127256]]}},
{"type":"Feature","properties":{"id":4111,"nach":0.57871969023389069},"geometry":{"type":"LineString","coordinates":[[0.3270633,51.6124493],[0.327242,51.6123926],[0.3274324,51.612311],[0.3274999,51.612270200000012]]}},
{"type":"Feature","properties":{"id":4110,"nach":0.55842433155238591},"geometry":{"type":"LineString","coordinates":[[0.3270633,51.6124493],[0.3270199,51.6124626],[0.3269468,51.6124787],[0.3268028,51.6124877],[0.3265606,51.6124831]]}},
{"type":"Feature","properties":{"id":4107,"nach":0.57358810848185915},"geometry":{"type":"LineString","coordinates":[[0.3265606,51.6124831],[0.3261621,51.6123206]]}},
{"type":"Feature","properties":{"id":4126,"nach":0.59353874435307752},"geometry":{"type":"LineString","coordinates":[[0.3256145,51.6125793],[0.3261621,51.6123206]]}},
{"type":"Feature","properties":{"id":8572,"nach":0.46675490837922295},"geometry":{"type":"LineString","coordinates":[[0.3252583,51.6116678],[0.3254266,51.6117901],[0.325499,51.6118484],[0.3255612,51.6118985],[0.3256751,51.6119873],[0.3258469,51.612082],[0.3259676,51.6121436],[0.3261621,51.6123206]]}},
{"type":"Feature","properties":{"id":29445,"nach":0.57444147595019779},"geometry":{"type":"LineString","coordinates":[[0.3270203,51.6118838],[0.3271396,51.6117951],[0.3272563,51.6116972],[0.327357,51.6115942]]}},
{"type":"Feature","properties":{"id":29447,"nach":0.52666952348679874},"geometry":{"type":"LineString","coordinates":[[0.3270203,51.6118838],[0.3269619,51.6118271],[0.3269083,51.6117655],[0.3270726,51.6115148]]}},
{"type":"Feature","properties":{"id":4119,"nach":0.62068732474751098},"geometry":{"type":"LineString","coordinates":[[0.3276471,51.6123556],[0.3274999,51.612270200000012]]}},
{"type":"Feature","properties":{"id":4054,"nach":0.55356581854732612},"geometry":{"type":"LineString","coordinates":[[0.3287626,51.6145429],[0.3289247,51.6142926],[0.3290352,51.614041600000022]]}},
{"type":"Feature","properties":{"id":9105,"nach":0.68630252722201168},"geometry":{"type":"LineString","coordinates":[[0.3298125,51.6140535],[0.3292429,51.6140592],[0.3291246,51.6140596],[0.3290352,51.614041600000022]]}},
{"type":"Feature","properties":{"id":4050,"nach":0.6786300481971721},"geometry":{"type":"LineString","coordinates":[[0.3289571,51.6139268],[0.328963,51.6139807],[0.3289962,51.6140225],[0.3290352,51.614041600000022]]}},
{"type":"Feature","properties":{"id":4056,"nach":0.51010717339503864},"geometry":{"type":"LineString","coordinates":[[0.3279475,51.6142871],[0.3280005,51.6143165],[0.3287626,51.6145429]]}},
{"type":"Feature","properties":{"id":9104,"nach":0.69330238871537986},"geometry":{"type":"LineString","coordinates":[[0.3298125,51.6140535],[0.3298929,51.6140418],[0.3300704,51.613977500000011]]}},
{"type":"Feature","properties":{"id":14683,"nach":0.54340584337528552},"geometry":{"type":"LineString","coordinates":[[0.3299519,51.6144812],[0.3299405,51.61445040000001],[0.3298882,51.614111],[0.3298125,51.6140535]]}},
{"type":"Feature","properties":{"id":4051,"nach":0.61218892950793435},"geometry":{"type":"LineString","coordinates":[[0.3289571,51.6139268],[0.3289533,51.6138343],[0.3289315,51.6136689],[0.3288886,51.6134733],[0.328791,51.6132804],[0.3286936,51.6131305]]}},
{"type":"Feature","properties":{"id":4058,"nach":0.64215939149435586},"geometry":{"type":"LineString","coordinates":[[0.3281292,51.613877],[0.3289571,51.6139268]]}},
{"type":"Feature","properties":{"id":5585,"nach":0.59865018298073291},"geometry":{"type":"LineString","coordinates":[[0.3298751,51.6129953],[0.3300183,51.6138884],[0.3300279,51.6139126],[0.3300386,51.6139395],[0.3300704,51.613977500000011]]}},
{"type":"Feature","properties":{"id":5576,"nach":0.70520646568502565},"geometry":{"type":"LineString","coordinates":[[0.3308287,51.6140915],[0.3305109,51.6141005],[0.3304027,51.6141035],[0.3303041,51.6140887],[0.3302074,51.614058400000012],[0.3301393,51.6140239],[0.3300704,51.613977500000011]]}},
{"type":"Feature","properties":{"id":5583,"nach":0.62490079327137171},"geometry":{"type":"LineString","coordinates":[[0.3298751,51.6129953],[0.3298521,51.61286350000001]]}},
{"type":"Feature","properties":{"id":23708,"nach":0.58669814450284652},"geometry":{"type":"LineString","coordinates":[[0.3301928,51.6129312],[0.3298751,51.6129953]]}},
{"type":"Feature","properties":{"id":5575,"nach":0.61747194714267561},"geometry":{"type":"LineString","coordinates":[[0.3308287,51.6140915],[0.3312358,51.6140736],[0.3317143,51.6140178]]}},
{"type":"Feature","properties":{"id":14762,"nach":0.70459973088617367},"geometry":{"type":"LineString","coordinates":[[0.3309352,51.6148273],[0.3309252,51.6147901],[0.3309502,51.6147242],[0.3309494,51.6146838],[0.3308287,51.6140915]]}},
{"type":"Feature","properties":{"id":4089,"nach":0.54861261943170125},"geometry":{"type":"LineString","coordinates":[[0.3268177,51.613255],[0.3265181,51.6131798],[0.3263125,51.6131181],[0.3261352,51.6130565],[0.3259888,51.6129908],[0.325794,51.61288780000001],[0.3254608,51.6126657]]}},
{"type":"Feature","properties":{"id":4127,"nach":0.63917062588906193},"geometry":{"type":"LineString","coordinates":[[0.3256145,51.6125793],[0.3255712,51.6126071],[0.3254608,51.6126657]]}},
{"type":"Feature","properties":{"id":16864,"nach":0.6194255484429928},"geometry":{"type":"LineString","coordinates":[[0.3250672,51.6129661],[0.3250898,51.6129256],[0.3252271,51.6127817],[0.3254608,51.6126657]]}},
{"type":"Feature","properties":{"id":4088,"nach":0.60072400612969834},"geometry":{"type":"LineString","coordinates":[[0.3268177,51.613255],[0.3269541,51.6132734],[0.3270532,51.613285600000012]]}},
{"type":"Feature","properties":{"id":14395,"nach":0.53323525724046528},"geometry":{"type":"LineString","coordinates":[[0.3271003,51.6127138],[0.3268177,51.613255]]}},
{"type":"Feature","properties":{"id":4094,"nach":0.59122534516364711},"geometry":{"type":"LineString","coordinates":[[0.3265575,51.6137624],[0.3266773,51.6135288],[0.3267831,51.6133224],[0.3268177,51.613255]]}},
{"type":"Feature","properties":{"id":8581,"nach":0.59823393841410111},"geometry":{"type":"LineString","coordinates":[[0.3252873,51.6123222],[0.3253206,51.6123483],[0.3256145,51.6125793]]}},
{"type":"Feature","properties":{"id":16867,"nach":0.455869273242693},"geometry":{"type":"LineString","coordinates":[[0.3246681,51.6127831],[0.3249812,51.612926100000017],[0.3250672,51.6129661]]}},
{"type":"Feature","properties":{"id":20390,"nach":0.64795352485787172},"geometry":{"type":"LineString","coordinates":[[0.3286444,51.61307750000001],[0.3286936,51.6131305]]}},
{"type":"Feature","properties":{"id":4072,"nach":0.57993792984937442},"geometry":{"type":"LineString","coordinates":[[0.3270532,51.613285600000012],[0.3273236,51.613302899999987],[0.3276549,51.613301],[0.3279806,51.613277200000013],[0.328413,51.6131979],[0.3286936,51.6131305]]}},
{"type":"Feature","properties":{"id":20391,"nach":0.60156782455733682},"geometry":{"type":"LineString","coordinates":[[0.3286444,51.61307750000001],[0.3287393,51.6130552],[0.3291799,51.6129626],[0.3292095,51.6129267],[0.3295784,51.6128862],[0.3298521,51.61286350000001]]}},
{"type":"Feature","properties":{"id":20392,"nach":0.62466635881461774},"geometry":{"type":"LineString","coordinates":[[0.3286444,51.61307750000001],[0.3285241,51.6129377],[0.3281877,51.6126631]]}},
{"type":"Feature","properties":{"id":4075,"nach":0.53076260645422424},"geometry":{"type":"LineString","coordinates":[[0.3270532,51.613285600000012],[0.3270642,51.6132109],[0.327136,51.6127256]]}},
{"type":"Feature","properties":{"id":4086,"nach":0.60197372403329896},"geometry":{"type":"LineString","coordinates":[[0.326978,51.6137944],[0.3270423,51.613359100000011],[0.3270532,51.613285600000012]]}},
{"type":"Feature","properties":{"id":29455,"nach":0.63819670374071524},"geometry":{"type":"LineString","coordinates":[[0.3257221,51.6136851],[0.3259137,51.6137144],[0.3261428,51.6137315],[0.3265575,51.6137624]]}},
{"type":"Feature","properties":{"id":29456,"nach":0.32048333453507999},"geometry":{"type":"LineString","coordinates":[[0.3257221,51.6136851],[0.3257013,51.613765400000013],[0.3256939,51.61383],[0.3257,51.6139128],[0.3256986,51.613962400000013],[0.3256799,51.6139915],[0.3256202,51.6140282]]}},
{"type":"Feature","properties":{"id":4034,"nach":0.45666460792478347},"geometry":{"type":"LineString","coordinates":[[0.3250502,51.6142176],[0.3247505,51.6143301],[0.3245654,51.614384599999987],[0.3243774,51.614418]]}},
{"type":"Feature","properties":{"id":4042,"nach":0.56800736161295573},"geometry":{"type":"LineString","coordinates":[[0.3256571,51.614511600000021],[0.3255706,51.6144945],[0.3254666,51.6144637],[0.3253627,51.614421299999989],[0.3252514,51.614363],[0.3251488,51.614297200000017],[0.3250502,51.6142176]]}},
{"type":"Feature","properties":{"id":23695,"nach":0.52646392074002912},"geometry":{"type":"LineString","coordinates":[[0.3251743,51.614841400000017],[0.3252856,51.614801],[0.3253714,51.6147631],[0.3255216,51.6146807],[0.3255786,51.6146403],[0.3256229,51.6145807],[0.3256571,51.614511600000021]]}},
{"type":"Feature","properties":{"id":23500,"nach":0.56340026106773478},"geometry":{"type":"LineString","coordinates":[[0.3265199,51.6146469],[0.326272,51.6145961],[0.3259099,51.6145453],[0.3256571,51.614511600000021]]}},
{"type":"Feature","properties":{"id":4039,"nach":0.43725858701458831},"geometry":{"type":"LineString","coordinates":[[0.3246472,51.6149492],[0.3244668,51.6149538],[0.324271,51.6149405],[0.3241668,51.6149285],[0.324085,51.614919],[0.324034,51.615105500000013]]}},
{"type":"Feature","properties":{"id":23697,"nach":0.49201741079678163},"geometry":{"type":"LineString","coordinates":[[0.3251743,51.614841400000017],[0.3252004,51.6148747],[0.325187,51.6150208],[0.3246814,51.6149946],[0.3246472,51.6149492]]}},
{"type":"Feature","properties":{"id":23501,"nach":0.50985283144780413},"geometry":{"type":"LineString","coordinates":[[0.3265199,51.6146469],[0.3265388,51.6145882],[0.3267275,51.6139946]]}},
{"type":"Feature","properties":{"id":23499,"nach":0.52208107587316266},"geometry":{"type":"LineString","coordinates":[[0.3265199,51.6146469],[0.3266253,51.6146696]]}},
{"type":"Feature","properties":{"id":5596,"nach":0.52936573822269628},"geometry":{"type":"LineString","coordinates":[[0.3269098,51.614734400000017],[0.3267574,51.6147024]]}},
{"type":"Feature","properties":{"id":4082,"nach":0.51656417501762553},"geometry":{"type":"LineString","coordinates":[[0.3269457,51.614032],[0.3268829,51.614157],[0.3268077,51.6144806],[0.3267574,51.6147024]]}},
{"type":"Feature","properties":{"id":5594,"nach":0.53109997359323136},"geometry":{"type":"LineString","coordinates":[[0.3266253,51.6146696],[0.3266924,51.6146871],[0.3267574,51.6147024]]}},
{"type":"Feature","properties":{"id":5598,"nach":0.0},"geometry":{"type":"LineString","coordinates":[[0.3269098,51.614734400000017],[0.3268712,51.6147893],[0.3268095,51.6148857],[0.3267503,51.6149781],[0.3265958,51.6149567],[0.3266103,51.6148338],[0.3266152,51.6147786],[0.3266229,51.6147272],[0.3266253,51.6146696]]}},
{"type":"Feature","properties":{"id":23700,"nach":0.49375159115235062},"geometry":{"type":"LineString","coordinates":[[0.3276425,51.6149991],[0.3274858,51.61494],[0.3271307,51.6148014],[0.3269098,51.614734400000017]]}},
{"type":"Feature","properties":{"id":4079,"nach":0.53946310385726104},"geometry":{"type":"LineString","coordinates":[[0.3269457,51.614032],[0.3267275,51.6139946]]}},
{"type":"Feature","properties":{"id":4085,"nach":0.58864537838511555},"geometry":{"type":"LineString","coordinates":[[0.326978,51.6137944],[0.3269457,51.614032]]}},
{"type":"Feature","properties":{"id":4102,"nach":0.39016910237908148},"geometry":{"type":"LineString","coordinates":[[0.3275546,51.614184],[0.3273058,51.6141009],[0.3269457,51.614032]]}},
{"type":"Feature","properties":{"id":14700,"nach":0.4778634639621856},"geometry":{"type":"LineString","coordinates":[[0.3294147,51.6147702],[0.3294423,51.6146707],[0.3294725,51.6145692],[0.3296301,51.6145695],[0.3297815,51.6145238],[0.3299519,51.6144812]]}},
{"type":"Feature","properties":{"id":14701,"nach":0.45727727468884277},"geometry":{"type":"LineString","coordinates":[[0.3300565,51.614888800000024],[0.3296972,51.6147781],[0.3294147,51.6147702]]}},
{"type":"Feature","properties":{"id":4060,"nach":0.45550512149681982},"geometry":{"type":"LineString","coordinates":[[0.3281292,51.613877],[0.3280785,51.613962200000017],[0.3279379,51.6141987],[0.3279354,51.6142118],[0.3279313,51.614254],[0.3279475,51.6142871]]}},
{"type":"Feature","properties":{"id":4099,"nach":0.63510222100031755},"geometry":{"type":"LineString","coordinates":[[0.3271868,51.6138137],[0.3274074,51.6138279],[0.3279157,51.6138607],[0.3281292,51.613877]]}},
{"type":"Feature","properties":{"id":4101,"nach":0.53935064526000709},"geometry":{"type":"LineString","coordinates":[[0.3275546,51.614184],[0.3278408,51.614259200000014],[0.3279475,51.6142871]]}},
{"type":"Feature","properties":{"id":4103,"nach":0.53246456383126883},"geometry":{"type":"LineString","coordinates":[[0.3275546,51.614184],[0.3274951,51.6140498],[0.3273262,51.6139293],[0.3272456,51.6138841],[0.3271868,51.6138137]]}},
{"type":"Feature","properties":{"id":4098,"nach":0.65466460784828684},"geometry":{"type":"LineString","coordinates":[[0.3271868,51.6138137],[0.326978,51.6137944]]}},
{"type":"Feature","properties":{"id":14394,"nach":0.55891378068336228},"geometry":{"type":"LineString","coordinates":[[0.3271003,51.6127138],[0.327136,51.6127256]]}},
{"type":"Feature","properties":{"id":14704,"nach":0.53728848116772121},"geometry":{"type":"LineString","coordinates":[[0.3275746,51.6127799],[0.3274425,51.6127875],[0.327238,51.6127681],[0.327136,51.6127256]]}},
{"type":"Feature","properties":{"id":14396,"nach":0.4617240051459594},"geometry":{"type":"LineString","coordinates":[[0.3271003,51.6127138],[0.3270104,51.61267320000001],[0.3265606,51.6124831]]}},
{"type":"Feature","properties":{"id":14703,"nach":0.53269917906367859},"geometry":{"type":"LineString","coordinates":[[0.3275746,51.6127799],[0.3276846,51.6127506],[0.3277922,51.6126942],[0.3280103,51.612555800000017]]}},
{"type":"Feature","properties":{"id":14706,"nach":0.46406329858328399},"geometry":{"type":"LineString","coordinates":[[0.327775,51.6128615],[0.3276104,51.6128772],[0.3275746,51.6127799]]}},
{"type":"Feature","properties":{"id":4118,"nach":0.60707562516337177},"geometry":{"type":"LineString","coordinates":[[0.3276471,51.6123556],[0.3280103,51.612555800000017]]}},
{"type":"Feature","properties":{"id":5588,"nach":0.62696779843308481},"geometry":{"type":"LineString","coordinates":[[0.3281877,51.6126631],[0.3281222,51.6126217],[0.3280103,51.612555800000017]]}},
{"type":"Feature","properties":{"id":23525,"nach":0.57648162385194401},"geometry":{"type":"LineString","coordinates":[[0.327772,51.6122699],[0.3276471,51.6123556]]}},
{"type":"Feature","properties":{"id":5589,"nach":0.46079172561687232},"geometry":{"type":"LineString","coordinates":[[0.3286794,51.6124125],[0.328228,51.6126411],[0.3281877,51.6126631]]}},
{"type":"Feature","properties":{"id":8570,"nach":0.51930589487378787},"geometry":{"type":"LineString","coordinates":[[0.3252583,51.6116678],[0.3251835,51.611715],[0.325109,51.6117814],[0.325083,51.6118476],[0.3250783,51.6118596]]}},
{"type":"Feature","properties":{"id":8571,"nach":0.53079089971222326},"geometry":{"type":"LineString","coordinates":[[0.3252583,51.6116678],[0.3253766,51.6115934],[0.3254994,51.6115503],[0.3255429,51.6115351],[0.3255762,51.6115241],[0.3257146,51.6114785],[0.325869,51.6114249]]}},
{"type":"Feature","properties":{"id":4091,"nach":0.61515833821681243},"geometry":{"type":"LineString","coordinates":[[0.3265575,51.6137624],[0.326978,51.6137944]]}},
{"type":"Feature","properties":{"id":4095,"nach":0.4260894797320634},"geometry":{"type":"LineString","coordinates":[[0.326229,51.6139924],[0.3263227,51.6139924],[0.3265442,51.613989400000015],[0.3267275,51.6139946]]}},
{"type":"Feature","properties":{"id":4097,"nach":0.52721314006785702},"geometry":{"type":"LineString","coordinates":[[0.326229,51.6139924],[0.3263772,51.613890300000016],[0.3264802,51.6138264],[0.3265575,51.6137624]]}},
{"type":"Feature","properties":{"id":29451,"nach":0.53490717158079559},"geometry":{"type":"LineString","coordinates":[[0.3256202,51.6140282],[0.3256604,51.6140519],[0.325825,51.614035599999987],[0.3260316,51.6140131],[0.326229,51.6139924]]}},
{"type":"Feature","properties":{"id":4135,"nach":0.52479659744211526},"geometry":{"type":"LineString","coordinates":[[0.3276911,51.6111315],[0.327933,51.6108831]]}},
{"type":"Feature","properties":{"id":4132,"nach":0.51951973091581016},"geometry":{"type":"LineString","coordinates":[[0.326416,51.6104438],[0.3272062,51.6106584],[0.327933,51.6108831]]}},
{"type":"Feature","properties":{"id":4137,"nach":0.55650884425025526},"geometry":{"type":"LineString","coordinates":[[0.3276911,51.6111315],[0.3274914,51.611041],[0.3273603,51.6109816],[0.3271253,51.6108572],[0.3269763,51.6107784],[0.3268842,51.6107367],[0.3267678,51.61069650000001],[0.3266467,51.6106662],[0.3265137,51.610639],[0.3264304,51.6106071],[0.3263747,51.6105671],[0.326362,51.6105219],[0.326416,51.6104438]]}},
{"type":"Feature","properties":{"id":8583,"nach":0.59618578642603581},"geometry":{"type":"LineString","coordinates":[[0.327357,51.6115942],[0.3276911,51.6111315]]}},
{"type":"Feature","properties":{"id":6705,"nach":0.58609752276670612},"geometry":{"type":"LineString","coordinates":[[0.3257317,51.610026],[0.3257331,51.6100762],[0.3257536,51.610122900000015],[0.3258458,51.6102188],[0.3260537,51.6103313],[0.326416,51.6104438]]}},
{"type":"Feature","properties":{"id":5591,"nach":0.40351853350398337},"geometry":{"type":"LineString","coordinates":[[0.3247809,51.6121028],[0.3247971,51.6120801],[0.3250167,51.6118775],[0.3250783,51.6118596]]}},
{"type":"Feature","properties":{"id":8577,"nach":0.50777371870513599},"geometry":{"type":"LineString","coordinates":[[0.325111,51.6120561],[0.3250909,51.6119871],[0.3250886,51.6119794],[0.3250783,51.6118596]]}},
{"type":"Feature","properties":{"id":5590,"nach":0.4819280625204983},"geometry":{"type":"LineString","coordinates":[[0.3247809,51.6121028],[0.3251052,51.6122156],[0.3252163,51.6122629]]}},
{"type":"Feature","properties":{"id":14702,"nach":0.45120817276804104},"geometry":{"type":"LineString","coordinates":[[0.3244577,51.6120076],[0.3246427,51.6120642],[0.3247809,51.6121028]]}},
{"type":"Feature","properties":{"id":8576,"nach":0.5085656287635627},"geometry":{"type":"LineString","coordinates":[[0.325111,51.6120561],[0.3251648,51.6121488],[0.3252163,51.6122629]]}},
{"type":"Feature","properties":{"id":8578,"nach":0.39616852396671937},"geometry":{"type":"LineString","coordinates":[[0.325111,51.6120561],[0.3251925,51.6120495],[0.3252532,51.612041500000011],[0.3253096,51.6120431],[0.3253927,51.612041499999982]]}},
{"type":"Feature","properties":{"id":8579,"nach":0.56466915220356162},"geometry":{"type":"LineString","coordinates":[[0.3252873,51.6123222],[0.3252163,51.6122629]]}},
{"type":"Feature","properties":{"id":8580,"nach":0.4864903665533532},"geometry":{"type":"LineString","coordinates":[[0.3252873,51.6123222],[0.3253632,51.6122647],[0.3253981,51.6122047],[0.3253846,51.6120764],[0.3253927,51.612041499999982]]}},
{"type":"Feature","properties":{"id":29443,"nach":0.56204989400346028},"geometry":{"type":"LineString","coordinates":[[0.3270726,51.6115148],[0.3268116,51.6114469],[0.3265327,51.611370200000017],[0.3263423,51.6113303],[0.3262001,51.6113419],[0.3260204,51.6113836],[0.325869,51.6114249]]}},
{"type":"Feature","properties":{"id":8585,"nach":0.56600362540561733},"geometry":{"type":"LineString","coordinates":[[0.3251406,51.6109088],[0.3252425,51.61098710000001],[0.3255065,51.6111463],[0.3256155,51.611212],[0.3256389,51.61122610000001],[0.3257734,51.611312],[0.3258353,51.6113652],[0.325869,51.6114249]]}},
{"type":"Feature","properties":{"id":29442,"nach":0.51844376584794805},"geometry":{"type":"LineString","coordinates":[[0.3270726,51.6115148],[0.327357,51.6115942]]}},
{"type":"Feature","properties":{"id":14390,"nach":0.45211216743358662},"geometry":{"type":"LineString","coordinates":[[0.3255558,51.6106861],[0.3253444,51.6108122],[0.3252599,51.6108538],[0.3251406,51.6109088]]}},
{"type":"Feature","properties":{"id":23690,"nach":0.56220231522965114},"geometry":{"type":"LineString","coordinates":[[0.3244762,51.611293600000018],[0.3245553,51.6112579],[0.3246385,51.6111646],[0.3248656,51.6110489],[0.3251406,51.6109088]]}},
{"type":"Feature","properties":{"id":6710,"nach":0.58031502837989157},"geometry":{"type":"LineString","coordinates":[[0.3244462,51.610292200000011],[0.3246465,51.6102735],[0.3253509,51.6100766],[0.3254498,51.6100489],[0.3255699,51.6100391],[0.3257317,51.610026]]}},
{"type":"Feature","properties":{"id":12860,"nach":0.19585766587300771},"geometry":{"type":"LineString","coordinates":[[0.3340208,51.6071511],[0.3327281,51.6072124],[0.3312462,51.6072822],[0.3309087,51.6073144],[0.3306118,51.6074117],[0.3297556,51.6079121],[0.3292744,51.6081866],[0.3281761,51.6087371],[0.3276057,51.6089739],[0.3270105,51.609221],[0.3262694,51.6096511],[0.3259104,51.6099014],[0.3257317,51.610026]]}},
{"type":"Feature","properties":{"id":19675,"nach":0.58368737053631436},"geometry":{"type":"LineString","coordinates":[[0.3297917,51.61249930000001],[0.3297802,51.612452500000011],[0.3297137,51.6123514],[0.3293087,51.6118748]]}},
{"type":"Feature","properties":{"id":30024,"nach":0.53524309529590508},"geometry":{"type":"LineString","coordinates":[[0.3296681,51.6115752],[0.3296364,51.6115832],[0.3294205,51.611776300000017],[0.3293087,51.6118748]]}},
{"type":"Feature","properties":{"id":19674,"nach":0.59542008482833464},"geometry":{"type":"LineString","coordinates":[[0.3297917,51.61249930000001],[0.329798,51.6125294],[0.3298114,51.6125938],[0.3298521,51.61286350000001]]}},
{"type":"Feature","properties":{"id":23711,"nach":0.53294973825083436},"geometry":{"type":"LineString","coordinates":[[0.3299522,51.6124607],[0.3297917,51.61249930000001]]}},
{"type":"Feature","properties":{"id":30023,"nach":0.53201795614597358},"geometry":{"type":"LineString","coordinates":[[0.3296681,51.6115752],[0.3297084,51.6115649],[0.329785,51.6115769]]}},
{"type":"Feature","properties":{"id":30025,"nach":0.49195671698329407},"geometry":{"type":"LineString","coordinates":[[0.3296681,51.6115752],[0.3296488,51.6115367],[0.3296862,51.6115027],[0.3297139,51.6114673],[0.3297152,51.6114466],[0.3297014,51.611424200000016],[0.3297172,51.61138840000001],[0.3297494,51.6113695]]}},
{"type":"Feature","properties":{"id":4145,"nach":0.48495765196966145},"geometry":{"type":"LineString","coordinates":[[0.33075,51.6120186],[0.3311279,51.612208699999989],[0.3314214,51.612356400000017]]}},
{"type":"Feature","properties":{"id":5582,"nach":0.50509631598907234},"geometry":{"type":"LineString","coordinates":[[0.3320488,51.6127334],[0.3319518,51.6126861],[0.3318396,51.612625],[0.3317243,51.6125623],[0.3315446,51.612464600000017],[0.3314783,51.6124272],[0.3315053,51.6124023],[0.3314214,51.612356400000017]]}},
{"type":"Feature","properties":{"id":9540,"nach":0.49246627839096246},"geometry":{"type":"LineString","coordinates":[[0.329785,51.6115769],[0.3299671,51.61165780000001],[0.33075,51.6120186]]}},
{"type":"Feature","properties":{"id":5580,"nach":0.46331095905819669},"geometry":{"type":"LineString","coordinates":[[0.3320488,51.6127334],[0.3327348,51.6131051]]}},
{"type":"Feature","properties":{"id":5581,"nach":0.49228725527204592},"geometry":{"type":"LineString","coordinates":[[0.3320488,51.6127334],[0.3318942,51.6127973],[0.3317468,51.612886500000016],[0.3317646,51.6129276],[0.3316704,51.613011]]}},
{"type":"Feature","properties":{"id":30019,"nach":0.38041870280588153},"geometry":{"type":"LineString","coordinates":[[0.334001,51.6110305],[0.33316,51.61110630000001],[0.3302167,51.6114095],[0.3298957,51.6114571],[0.329785,51.6115769]]}},
{"type":"Feature","properties":{"id":4154,"nach":0.49200993437395601},"geometry":{"type":"LineString","coordinates":[[0.331601,51.6131548],[0.3319375,51.6131392],[0.3320004,51.613152],[0.3325491,51.6131235],[0.3327348,51.6131051]]}},
{"type":"Feature","properties":{"id":4168,"nach":0.54289934284102026},"geometry":{"type":"LineString","coordinates":[[0.3329854,51.613746300000017],[0.3327779,51.6132491],[0.3327348,51.6131051]]}},
{"type":"Feature","properties":{"id":30018,"nach":0.39105374270659987},"geometry":{"type":"LineString","coordinates":[[0.334001,51.6110305],[0.3340168,51.611947300000018],[0.3339766,51.6120811],[0.3340696,51.612222],[0.3341448,51.612397100000017],[0.3341249,51.6127066],[0.3341707,51.6129599],[0.332977,51.6131575],[0.3327348,51.6131051]]}},
{"type":"Feature","properties":{"id":4156,"nach":0.57060307071715588},"geometry":{"type":"LineString","coordinates":[[0.331601,51.6131548],[0.3316504,51.6130525],[0.3316704,51.613011]]}},
{"type":"Feature","properties":{"id":4157,"nach":0.54009135841487232},"geometry":{"type":"LineString","coordinates":[[0.3317143,51.6140178],[0.3316944,51.6138924],[0.3316549,51.6136436],[0.3315842,51.6132622],[0.3315784,51.613206300000016],[0.331601,51.6131548]]}},
{"type":"Feature","properties":{"id":5571,"nach":0.47096128930357106},"geometry":{"type":"LineString","coordinates":[[0.3324634,51.6139255],[0.3329854,51.613746300000017]]}},
{"type":"Feature","properties":{"id":5578,"nach":0.53157439603377987},"geometry":{"type":"LineString","coordinates":[[0.3331818,51.613820700000012],[0.3331784,51.6136752],[0.3330824,51.613709],[0.3329854,51.613746300000017]]}},
{"type":"Feature","properties":{"id":30017,"nach":0.43116524012462898},"geometry":{"type":"LineString","coordinates":[[0.334001,51.6110305],[0.334,51.610979]]}},
{"type":"Feature","properties":{"id":4164,"nach":0.5610137795966712},"geometry":{"type":"LineString","coordinates":[[0.3309547,51.612994300000011],[0.3310722,51.6129469],[0.3311664,51.6129237],[0.3312607,51.6129224],[0.3314167,51.6129428],[0.3315667,51.6129788],[0.3316704,51.613011]]}},
{"type":"Feature","properties":{"id":4163,"nach":0.53720033151211777},"geometry":{"type":"LineString","coordinates":[[0.3309547,51.612994300000011],[0.3309026,51.6130209],[0.3308339,51.6130606],[0.3308163,51.6131038],[0.3308128,51.6131471],[0.330872,51.6133764]]}},
{"type":"Feature","properties":{"id":23704,"nach":0.57058653515208402},"geometry":{"type":"LineString","coordinates":[[0.3308112,51.6129359],[0.3308215,51.6129382],[0.3309547,51.612994300000011]]}},
{"type":"Feature","properties":{"id":5573,"nach":0.57548544130725532},"geometry":{"type":"LineString","coordinates":[[0.3324634,51.6139255],[0.3322013,51.6139578],[0.3317143,51.6140178]]}},
{"type":"Feature","properties":{"id":5577,"nach":0.5401178780210808},"geometry":{"type":"LineString","coordinates":[[0.3331818,51.613820700000012],[0.3324634,51.6139255]]}},
{"type":"Feature","properties":{"id":14707,"nach":0.45365205695503574},"geometry":{"type":"LineString","coordinates":[[0.331024,51.6133649],[0.330872,51.6133764]]}},
{"type":"Feature","properties":{"id":14708,"nach":0.45365205695503574},"geometry":{"type":"LineString","coordinates":[[0.3307127,51.6133904],[0.330872,51.6133764]]}},
{"type":"Feature","properties":{"id":23709,"nach":0.58997001241953606},"geometry":{"type":"LineString","coordinates":[[0.3301928,51.6129312],[0.3302309,51.6129235],[0.3303652,51.6129738],[0.3305896,51.612921],[0.3307041,51.6129118],[0.3308112,51.6129359]]}},
{"type":"Feature","properties":{"id":23707,"nach":0.45802052309483848},"geometry":{"type":"LineString","coordinates":[[0.3311732,51.6128075],[0.3309397,51.6128626],[0.3308486,51.6128969],[0.3308112,51.6129359]]}},
{"type":"Feature","properties":{"id":23725,"nach":0.58289545918529095},"geometry":{"type":"LineString","coordinates":[[0.334204,51.6139655],[0.3341474,51.6139022],[0.3339864,51.6138185],[0.3337977,51.6137731],[0.3335332,51.6137686],[0.3331818,51.613820700000012]]}},
{"type":"Feature","properties":{"id":4185,"nach":0.53660761206587948},"geometry":{"type":"LineString","coordinates":[[0.31743,51.6161475],[0.3169083,51.6165983],[0.3168403,51.616661],[0.3166904,51.6167877],[0.316312,51.6171176],[0.3162308,51.6171745]]}},
{"type":"Feature","properties":{"id":9487,"nach":0.46543539195626205},"geometry":{"type":"LineString","coordinates":[[0.3191132,51.6169359],[0.3189488,51.616882],[0.3188136,51.6167954],[0.31743,51.6161475]]}},
{"type":"Feature","properties":{"id":23998,"nach":0.5978939959124876},"geometry":{"type":"LineString","coordinates":[[0.3160601,51.6148106],[0.3161287,51.6147605]]}},
{"type":"Feature","properties":{"id":24001,"nach":0.46807301200603896},"geometry":{"type":"LineString","coordinates":[[0.3167419,51.6151066],[0.3167151,51.6150833],[0.3166899,51.615067699999983],[0.316661,51.6150522],[0.3163027,51.614905899999989],[0.316244,51.6148806],[0.3161736,51.6148502],[0.3161228,51.6148294],[0.3160601,51.6148106]]}},
{"type":"Feature","properties":{"id":23930,"nach":0.56454122836356035},"geometry":{"type":"LineString","coordinates":[[0.3144898,51.615102],[0.3146406,51.6149944],[0.3148397,51.6148617]]}},
{"type":"Feature","properties":{"id":23933,"nach":0.49247057511702141},"geometry":{"type":"LineString","coordinates":[[0.3128433,51.6161676],[0.3133048,51.6158395],[0.3138822,51.6155356],[0.3144898,51.615102]]}},
{"type":"Feature","properties":{"id":4257,"nach":0.56898748792242448},"geometry":{"type":"LineString","coordinates":[[0.3337225,51.6180202],[0.3330317,51.6182125]]}},
{"type":"Feature","properties":{"id":14815,"nach":0.63365056434865252},"geometry":{"type":"LineString","coordinates":[[0.3327141,51.6181231],[0.3330317,51.6182125]]}},
{"type":"Feature","properties":{"id":7289,"nach":0.6492625276209002},"geometry":{"type":"LineString","coordinates":[[0.3330178,51.6185586],[0.3330047,51.618343],[0.3330317,51.6182125]]}},
{"type":"Feature","properties":{"id":14773,"nach":0.58588721648625108},"geometry":{"type":"LineString","coordinates":[[0.3341455,51.617927900000012],[0.3337225,51.6180202]]}},
{"type":"Feature","properties":{"id":4263,"nach":0.58884456610272007},"geometry":{"type":"LineString","coordinates":[[0.3335033,51.6176655],[0.3335618,51.6177419],[0.3337225,51.6180202]]}},
{"type":"Feature","properties":{"id":14816,"nach":0.55503229504421192},"geometry":{"type":"LineString","coordinates":[[0.3327141,51.6181231],[0.3326184,51.618094]]}},
{"type":"Feature","properties":{"id":14817,"nach":0.62256905159497955},"geometry":{"type":"LineString","coordinates":[[0.3327141,51.6181231],[0.3328833,51.6179223],[0.3328298,51.6177671],[0.3330771,51.6176405],[0.3331578,51.61763040000001]]}},
{"type":"Feature","properties":{"id":7288,"nach":0.62884413892849644},"geometry":{"type":"LineString","coordinates":[[0.3330178,51.6185586],[0.3327947,51.6189005]]}},
{"type":"Feature","properties":{"id":9582,"nach":0.54102159694455809},"geometry":{"type":"LineString","coordinates":[[0.3336915,51.6187249],[0.3334857,51.6186342],[0.3333289,51.618577700000017],[0.3330178,51.6185586]]}},
{"type":"Feature","properties":{"id":14809,"nach":0.52390552122838085},"geometry":{"type":"LineString","coordinates":[[0.3320402,51.6190115],[0.3319391,51.6190287],[0.3316694,51.6190434],[0.3314666,51.619052499999988]]}},
{"type":"Feature","properties":{"id":14799,"nach":0.54498995866811628},"geometry":{"type":"LineString","coordinates":[[0.3315261,51.6193569],[0.3315039,51.6192333],[0.3314745,51.6190883],[0.3314666,51.619052499999988]]}},
{"type":"Feature","properties":{"id":14685,"nach":0.51231774831686228},"geometry":{"type":"LineString","coordinates":[[0.3314003,51.61874490000001],[0.3314068,51.6187737],[0.3314094,51.6187828],[0.331439,51.618922500000011],[0.3314666,51.619052499999988]]}},
{"type":"Feature","properties":{"id":14808,"nach":0.48876473737986553},"geometry":{"type":"LineString","coordinates":[[0.3320402,51.6190115],[0.332706,51.619310400000018]]}},
{"type":"Feature","properties":{"id":23814,"nach":0.51616193259299203},"geometry":{"type":"LineString","coordinates":[[0.3321545,51.6189573],[0.3320402,51.6190115]]}},
{"type":"Feature","properties":{"id":14686,"nach":0.53635029601281925},"geometry":{"type":"LineString","coordinates":[[0.3314003,51.61874490000001],[0.3313893,51.6186877],[0.3313014,51.6186338],[0.3312816,51.618439300000013],[0.331453,51.6181977],[0.3314522,51.617968500000011]]}},
{"type":"Feature","properties":{"id":14803,"nach":0.41784032731861726},"geometry":{"type":"LineString","coordinates":[[0.3311942,51.6193729],[0.3311726,51.619216],[0.3311256,51.6188862],[0.3311324,51.6188046],[0.3311463,51.618761],[0.3314003,51.61874490000001]]}},
{"type":"Feature","properties":{"id":4244,"nach":0.59967972292736638},"geometry":{"type":"LineString","coordinates":[[0.3327881,51.6192513],[0.3327947,51.6189005]]}},
{"type":"Feature","properties":{"id":23816,"nach":0.53381516734349266},"geometry":{"type":"LineString","coordinates":[[0.3321545,51.6189573],[0.3322153,51.618935],[0.3323914,51.6188817],[0.3327947,51.6189005]]}},
{"type":"Feature","properties":{"id":23817,"nach":0.43340342476478033},"geometry":{"type":"LineString","coordinates":[[0.3321352,51.618765],[0.3321545,51.6189573]]}},
{"type":"Feature","properties":{"id":4250,"nach":0.42001906810214196},"geometry":{"type":"LineString","coordinates":[[0.33207,51.617937700000013],[0.3317067,51.6179413],[0.3315064,51.6179588],[0.3314522,51.617968500000011]]}},
{"type":"Feature","properties":{"id":28064,"nach":0.53414683146720776},"geometry":{"type":"LineString","coordinates":[[0.332035,51.6175222],[0.3314806,51.6175814],[0.3314078,51.6176016],[0.3313808,51.6176321],[0.3313657,51.617693599999988],[0.3313964,51.6178395],[0.331424,51.6178915],[0.3314483,51.6179373],[0.3314522,51.617968500000011]]}},
{"type":"Feature","properties":{"id":4255,"nach":0.51885523972146952},"geometry":{"type":"LineString","coordinates":[[0.3326184,51.618094],[0.3322911,51.6179905],[0.332134,51.6179488],[0.33207,51.617937700000013]]}},
{"type":"Feature","properties":{"id":14812,"nach":0.50466657617596644},"geometry":{"type":"LineString","coordinates":[[0.3320722,51.6176132],[0.3321158,51.6177511],[0.3320985,51.617813100000014],[0.33207,51.617937700000013]]}},
{"type":"Feature","properties":{"id":28063,"nach":0.51343528935753047},"geometry":{"type":"LineString","coordinates":[[0.332035,51.6175222],[0.3320722,51.6176132]]}},
{"type":"Feature","properties":{"id":28062,"nach":0.57907343828129731},"geometry":{"type":"LineString","coordinates":[[0.332035,51.6175222],[0.3320063,51.617451100000011]]}},
{"type":"Feature","properties":{"id":14814,"nach":0.43539939216405982},"geometry":{"type":"LineString","coordinates":[[0.331529,51.6184377],[0.3318269,51.6184401],[0.3321566,51.618464],[0.3322509,51.6184563],[0.3323423,51.6184034],[0.3326184,51.618094]]}},
{"type":"Feature","properties":{"id":14813,"nach":0.43807088098181179},"geometry":{"type":"LineString","coordinates":[[0.332625,51.617538],[0.3320722,51.6176132]]}},
{"type":"Feature","properties":{"id":14772,"nach":0.5718946146393874},"geometry":{"type":"LineString","coordinates":[[0.3341455,51.617927900000012],[0.3343227,51.6178982]]}},
{"type":"Feature","properties":{"id":14775,"nach":0.57914068589697687},"geometry":{"type":"LineString","coordinates":[[0.3342126,51.618109],[0.3341704,51.6179686],[0.3341455,51.617927900000012]]}},
{"type":"Feature","properties":{"id":4262,"nach":0.53454510066633043},"geometry":{"type":"LineString","coordinates":[[0.3335033,51.6176655],[0.3338898,51.6174334]]}},
{"type":"Feature","properties":{"id":13544,"nach":0.56749913113491113},"geometry":{"type":"LineString","coordinates":[[0.3331578,51.61763040000001],[0.3332759,51.6176138],[0.3334394,51.6176373],[0.3335033,51.6176655]]}},
{"type":"Feature","properties":{"id":7247,"nach":0.55392640365817647},"geometry":{"type":"LineString","coordinates":[[0.3342122,51.6173699],[0.3338898,51.6174334]]}},
{"type":"Feature","properties":{"id":29946,"nach":0.44173599978932337},"geometry":{"type":"LineString","coordinates":[[0.3337566,51.6171478],[0.3336108,51.61718170000001],[0.3336442,51.617259600000011],[0.333823,51.6173101],[0.3338416,51.617334100000015],[0.3338898,51.6174334]]}},
{"type":"Feature","properties":{"id":7248,"nach":0.58853214032243206},"geometry":{"type":"LineString","coordinates":[[0.3342122,51.6173699],[0.3342996,51.6175603],[0.3341901,51.6175803],[0.3343227,51.6178982]]}},
{"type":"Feature","properties":{"id":7246,"nach":0.61940383590134607},"geometry":{"type":"LineString","coordinates":[[0.3342122,51.6173699],[0.3341494,51.6172306]]}},
{"type":"Feature","properties":{"id":13548,"nach":0.64663056460403645},"geometry":{"type":"LineString","coordinates":[[0.3329917,51.6172635],[0.3331022,51.6175048],[0.3331578,51.61763040000001]]}},
{"type":"Feature","properties":{"id":4273,"nach":0.4318576666900919},"geometry":{"type":"LineString","coordinates":[[0.3353248,51.61771490000001],[0.3355785,51.6186193],[0.3355987,51.6188411],[0.335566,51.6192797],[0.3355988,51.619463500000016]]}},
{"type":"Feature","properties":{"id":7292,"nach":0.55273928771257685},"geometry":{"type":"LineString","coordinates":[[0.3359582,51.617610500000012],[0.3353248,51.61771490000001]]}},
{"type":"Feature","properties":{"id":12342,"nach":0.54889529871427756},"geometry":{"type":"LineString","coordinates":[[0.3348302,51.6177928],[0.3350754,51.6177446],[0.3353248,51.61771490000001]]}},
{"type":"Feature","properties":{"id":7291,"nach":0.50898377892583635},"geometry":{"type":"LineString","coordinates":[[0.3359582,51.617610500000012],[0.3369351,51.6174469]]}},
{"type":"Feature","properties":{"id":23732,"nach":0.4818214348241433},"geometry":{"type":"LineString","coordinates":[[0.3366888,51.6169604],[0.3365347,51.616992399999987],[0.3363164,51.6170294],[0.3362572,51.6170485],[0.3362314,51.617083],[0.33631,51.6172651],[0.335844,51.6173467],[0.3359582,51.617610500000012]]}},
{"type":"Feature","properties":{"id":12343,"nach":0.56646764884309531},"geometry":{"type":"LineString","coordinates":[[0.3348302,51.6177928],[0.3345891,51.6178544],[0.3343227,51.6178982]]}},
{"type":"Feature","properties":{"id":12345,"nach":0.44344396172972789},"geometry":{"type":"LineString","coordinates":[[0.3349351,51.6181115],[0.3348572,51.6178747],[0.3348302,51.6177928]]}},
{"type":"Feature","properties":{"id":23733,"nach":0.39874426862605183},"geometry":{"type":"LineString","coordinates":[[0.336136,51.616424],[0.3360298,51.6164878],[0.3358974,51.6166001]]}},
{"type":"Feature","properties":{"id":23736,"nach":0.57368234362199},"geometry":{"type":"LineString","coordinates":[[0.3357076,51.6166987],[0.3357946,51.6166705],[0.3358974,51.6166001]]}},
{"type":"Feature","properties":{"id":13082,"nach":0.54028356134360778},"geometry":{"type":"LineString","coordinates":[[0.3365708,51.6167502],[0.3363289,51.6166888],[0.3361764,51.6166723],[0.3361557,51.6166682],[0.3360133,51.6166397],[0.3359555,51.61662],[0.3359396,51.6166145],[0.3358974,51.6166001]]}},
{"type":"Feature","properties":{"id":19941,"nach":0.5919180687797303},"geometry":{"type":"LineString","coordinates":[[0.3357575,51.6164048],[0.3357584,51.6164075],[0.3358309,51.6165174],[0.3358711,51.6165674],[0.335876,51.6165735],[0.3358974,51.6166001]]}},
{"type":"Feature","properties":{"id":23734,"nach":0.52886330388684999},"geometry":{"type":"LineString","coordinates":[[0.336136,51.616424],[0.3361908,51.6164579],[0.3362922,51.6165263],[0.3364647,51.6166666],[0.3365708,51.6167502]]}},
{"type":"Feature","properties":{"id":23743,"nach":0.5646723713610009},"geometry":{"type":"LineString","coordinates":[[0.3348928,51.6171391],[0.3350162,51.617120200000016],[0.3351122,51.6170977],[0.3351631,51.6170712],[0.3351921,51.6170355],[0.3352101,51.6169752],[0.3352306,51.6169065],[0.3352602,51.616858299999983],[0.3352897,51.6168224],[0.3353891,51.6167805],[0.3354259,51.6167677],[0.3357076,51.6166987]]}},
{"type":"Feature","properties":{"id":23739,"nach":0.44891359153887256},"geometry":{"type":"LineString","coordinates":[[0.3357143,51.6173067],[0.3356401,51.617092100000015],[0.3356881,51.617001],[0.3357558,51.6168756],[0.3357274,51.616771300000011],[0.3357076,51.6166987]]}},
{"type":"Feature","properties":{"id":23731,"nach":0.5852823409809369},"geometry":{"type":"LineString","coordinates":[[0.3366888,51.6169604],[0.3366357,51.6168485],[0.3365708,51.6167502]]}},
{"type":"Feature","properties":{"id":19942,"nach":0.54073311949375191},"geometry":{"type":"LineString","coordinates":[[0.3357575,51.6164048],[0.3351246,51.6165185],[0.3350344,51.616478800000017],[0.3345537,51.616421099999982]]}},
{"type":"Feature","properties":{"id":23727,"nach":0.54954625697242065},"geometry":{"type":"LineString","coordinates":[[0.3357303,51.6163265],[0.3357575,51.6164048]]}},
{"type":"Feature","properties":{"id":7284,"nach":0.58494047554564876},"geometry":{"type":"LineString","coordinates":[[0.3369351,51.6174469],[0.3371299,51.6178181],[0.3372891,51.6182133],[0.3374543,51.618657300000017]]}},
{"type":"Feature","properties":{"id":5565,"nach":0.30647676656245104},"geometry":{"type":"LineString","coordinates":[[0.334,51.610979],[0.3350791,51.610995699999989],[0.3361582,51.6110318],[0.338304,51.6113623],[0.33969,51.61158720000001],[0.339808,51.6115618]]}},
{"type":"Feature","properties":{"id":30020,"nach":0.40271859373997243},"geometry":{"type":"LineString","coordinates":[[0.3297494,51.6113695],[0.3298115,51.6113606],[0.3299508,51.6113601],[0.3302352,51.6113419],[0.3337151,51.6109878],[0.3338786,51.6109779],[0.334,51.610979]]}},
{"type":"Feature","properties":{"id":12862,"nach":0.27593852968870614},"geometry":{"type":"LineString","coordinates":[[0.3340208,51.6071511],[0.3340321,51.6072221],[0.3341063,51.6076901],[0.3346105,51.6076967],[0.3346642,51.60872280000001],[0.333999,51.6109615],[0.334,51.610979]]}},
{"type":"Feature","properties":{"id":19782,"nach":0.4528572518373058},"geometry":{"type":"LineString","coordinates":[[0.3185945,51.6115588],[0.3178064,51.6120296]]}},
{"type":"Feature","properties":{"id":15960,"nach":0.53711939238877315},"geometry":{"type":"LineString","coordinates":[[0.3162177,51.6112529],[0.3165643,51.6113634],[0.3168781,51.6114945],[0.3171419,51.6116322],[0.3178064,51.6120296]]}},
{"type":"Feature","properties":{"id":5410,"nach":0.54395207724097971},"geometry":{"type":"LineString","coordinates":[[0.3187872,51.6126083],[0.3186484,51.6125079],[0.3181793,51.6122619],[0.3178064,51.6120296]]}},
{"type":"Feature","properties":{"id":15961,"nach":0.40873088896890714},"geometry":{"type":"LineString","coordinates":[[0.3162177,51.6112529],[0.3161461,51.611248299999978],[0.3161072,51.6112406],[0.3160647,51.6112384],[0.316024,51.6112439],[0.3159869,51.611254900000013],[0.315909,51.6112747],[0.3158772,51.6112802],[0.3158612,51.611288899999984]]}},
{"type":"Feature","properties":{"id":15973,"nach":0.52810961364372899},"geometry":{"type":"LineString","coordinates":[[0.3159133,51.611186600000011],[0.3161079,51.6112223],[0.3162177,51.6112529]]}},
{"type":"Feature","properties":{"id":15986,"nach":0.62668794265976124},"geometry":{"type":"LineString","coordinates":[[0.318722,51.6126432],[0.3187872,51.6126083]]}},
{"type":"Feature","properties":{"id":14381,"nach":0.62873745908013801},"geometry":{"type":"LineString","coordinates":[[0.31958990000001,51.6122394],[0.3193351,51.6123551],[0.3191384,51.6124475],[0.3190873,51.6124715],[0.319031,51.6124972],[0.3187872,51.6126083]]}},
{"type":"Feature","properties":{"id":15987,"nach":0.60849112856749987},"geometry":{"type":"LineString","coordinates":[[0.318722,51.6126432],[0.3185861,51.6127211],[0.3184285,51.6128352],[0.3182998,51.6129397],[0.3181697,51.6130638],[0.3175005,51.6137121]]}},
{"type":"Feature","properties":{"id":15992,"nach":0.6229891120048433},"geometry":{"type":"LineString","coordinates":[[0.3158042,51.611485],[0.3159339,51.6114832],[0.3160376,51.6114777],[0.3160935,51.6114722],[0.3161755,51.6114652],[0.3162954,51.611452],[0.3163895,51.611452900000025],[0.3164909,51.611455],[0.3165896,51.6114707],[0.3166956,51.6115116],[0.3167921,51.6115592],[0.3169628,51.611685200000011],[0.3170584,51.6117528],[0.3171457,51.611790500000012],[0.3172872,51.6118328],[0.3174224,51.6118804],[0.3176435,51.6120287],[0.3177792,51.6121039],[0.318722,51.6126432]]}},
{"type":"Feature","properties":{"id":14382,"nach":0.5780496505734064},"geometry":{"type":"LineString","coordinates":[[0.31958990000001,51.6122394],[0.3197231,51.6121518],[0.3200426,51.6119698],[0.3201245,51.6119298]]}},
{"type":"Feature","properties":{"id":14383,"nach":0.60699137648831625},"geometry":{"type":"LineString","coordinates":[[0.3199305,51.6125509],[0.31958990000001,51.6122394]]}},
{"type":"Feature","properties":{"id":15990,"nach":0.59774098778247442},"geometry":{"type":"LineString","coordinates":[[0.3158042,51.611485],[0.3149892,51.6113336]]}},
{"type":"Feature","properties":{"id":15989,"nach":0.56236911155640634},"geometry":{"type":"LineString","coordinates":[[0.3158042,51.611485],[0.3157076,51.611419]]}},
{"type":"Feature","properties":{"id":15991,"nach":0.53779208773921983},"geometry":{"type":"LineString","coordinates":[[0.3158042,51.611485],[0.3158037,51.6115268],[0.3157659,51.61158180000001],[0.3156954,51.6116596]]}},
{"type":"Feature","properties":{"id":5540,"nach":0.46455659188049958},"geometry":{"type":"LineString","coordinates":[[0.316869,51.6134279],[0.3175005,51.6137121]]}},
{"type":"Feature","properties":{"id":23679,"nach":0.5882196029417831},"geometry":{"type":"LineString","coordinates":[[0.32265,51.6109135],[0.3229549,51.6108262]]}},
{"type":"Feature","properties":{"id":20384,"nach":0.57684927615571835},"geometry":{"type":"LineString","coordinates":[[0.3235068,51.6106851],[0.3229549,51.6108262]]}},
{"type":"Feature","properties":{"id":14399,"nach":0.53571351641671117},"geometry":{"type":"LineString","coordinates":[[0.3224883,51.6103495],[0.3226828,51.6105349],[0.3228611,51.610726099999987],[0.3229549,51.6108262]]}},
{"type":"Feature","properties":{"id":23680,"nach":0.59363812521236392},"geometry":{"type":"LineString","coordinates":[[0.32265,51.6109135],[0.3224258,51.6109696],[0.3220684,51.611064],[0.3218012,51.6111338],[0.3214917,51.6112793],[0.321203,51.6114301],[0.320921,51.611563200000013]]}},
{"type":"Feature","properties":{"id":23682,"nach":0.44325457156401171},"geometry":{"type":"LineString","coordinates":[[0.3221253,51.6111862],[0.3224763,51.6111031],[0.3226213,51.6110701],[0.3226837,51.6110381],[0.3226972,51.6110131],[0.3226931,51.6109867],[0.32265,51.6109135]]}},
{"type":"Feature","properties":{"id":20385,"nach":0.57592087927811908},"geometry":{"type":"LineString","coordinates":[[0.3235068,51.6106851],[0.3235281,51.6106796]]}},
{"type":"Feature","properties":{"id":20386,"nach":0.0},"geometry":{"type":"LineString","coordinates":[[0.3235068,51.6106851],[0.3234373,51.610589100000013],[0.3234476,51.610557100000015],[0.32349,51.6105363],[0.3235044,51.610529200000016],[0.3237306,51.6104605],[0.3239867,51.610380700000015],[0.3240606,51.6103575],[0.3241398,51.610289700000017],[0.3241821,51.61021],[0.324212,51.61002280000001],[0.3243726,51.610029]]}},
{"type":"Feature","properties":{"id":14400,"nach":0.43417454981331982},"geometry":{"type":"LineString","coordinates":[[0.3224883,51.6103495],[0.3225311,51.6101935],[0.3225115,51.6100953]]}},
{"type":"Feature","properties":{"id":14402,"nach":0.41061558775708318},"geometry":{"type":"LineString","coordinates":[[0.3212607,51.6105322],[0.3214511,51.6106067],[0.3215177,51.6106261],[0.3215915,51.6106255],[0.3217497,51.6105983],[0.3220559,51.610515],[0.322355,51.610412900000014],[0.3224883,51.6103495]]}},
{"type":"Feature","properties":{"id":14403,"nach":0.4361248536392161},"geometry":{"type":"LineString","coordinates":[[0.3223166,51.6102402],[0.3224366,51.6103037],[0.3224883,51.6103495]]}},
{"type":"Feature","properties":{"id":23896,"nach":0.64786354510648125},"geometry":{"type":"LineString","coordinates":[[0.315779,51.61469],[0.3161287,51.6147605]]}},
{"type":"Feature","properties":{"id":23981,"nach":0.53506352974665272},"geometry":{"type":"LineString","coordinates":[[0.3153691,51.614559800000016],[0.315779,51.61469]]}},
{"type":"Feature","properties":{"id":23978,"nach":0.62548518234626416},"geometry":{"type":"LineString","coordinates":[[0.3153323,51.6146491],[0.315779,51.61469]]}},
{"type":"Feature","properties":{"id":14760,"nach":0.70362724971096968},"geometry":{"type":"LineString","coordinates":[[0.3309352,51.6148273],[0.3310041,51.6149395]]}},
{"type":"Feature","properties":{"id":14763,"nach":0.47473081650853444},"geometry":{"type":"LineString","coordinates":[[0.3306716,51.6148721],[0.3309352,51.6148273]]}},
{"type":"Feature","properties":{"id":23726,"nach":0.40067256207787871},"geometry":{"type":"LineString","coordinates":[[0.334204,51.6139655],[0.3341499,51.6140176],[0.3340122,51.6140964],[0.3340676,51.6142985],[0.3340158,51.6144995],[0.3340045,51.6145933]]}},
{"type":"Feature","properties":{"id":23713,"nach":0.46522434148071989},"geometry":{"type":"LineString","coordinates":[[0.3299522,51.6124607],[0.3299755,51.6125104],[0.3301928,51.6129312]]}},
{"type":"Feature","properties":{"id":14444,"nach":0.0},"geometry":{"type":"LineString","coordinates":[[0.3234019,51.612701600000015],[0.3232404,51.6127037],[0.3229608,51.6127107],[0.3229004,51.6127203],[0.3228676,51.612731599999989],[0.322834,51.6127515],[0.3228018,51.6127749],[0.3227844,51.6127986],[0.3227757,51.6128273],[0.3227831,51.6128606],[0.3227992,51.6128998],[0.32283,51.612931],[0.3228796,51.6129543],[0.3229272,51.6129714],[0.3229856,51.6129797],[0.3231043,51.612981],[0.3234162,51.6129791]]}},
{"type":"Feature","properties":{"id":14414,"nach":0.52120497932975651},"geometry":{"type":"LineString","coordinates":[[0.3204959,51.6140014],[0.3205018,51.614064700000014],[0.3204947,51.6142232],[0.3204764,51.614314],[0.3204176,51.6143452],[0.3203522,51.6143578]]}},
{"type":"Feature","properties":{"id":14420,"nach":0.52942311780214668},"geometry":{"type":"LineString","coordinates":[[0.3205065,51.6146507],[0.3205222,51.6146269],[0.3205481,51.6145874],[0.3205305,51.61454220000001],[0.3204604,51.6144671],[0.3203522,51.6143578]]}},
{"type":"Feature","properties":{"id":14421,"nach":0.44448044921579244},"geometry":{"type":"LineString","coordinates":[[0.3209035,51.6148131],[0.3205065,51.6146507]]}},
{"type":"Feature","properties":{"id":14422,"nach":0.44448044921579244},"geometry":{"type":"LineString","coordinates":[[0.3200828,51.6144775],[0.3205065,51.6146507]]}},
{"type":"Feature","properties":{"id":14377,"nach":0.56897842275821064},"geometry":{"type":"LineString","coordinates":[[0.3201245,51.6119298],[0.320468,51.6117408],[0.320921,51.611563200000013]]}},
{"type":"Feature","properties":{"id":29406,"nach":0.56036438679434097},"geometry":{"type":"LineString","coordinates":[[0.3219623,51.6122939],[0.3218805,51.612223500000013],[0.320921,51.611563200000013]]}},
{"type":"Feature","properties":{"id":14379,"nach":0.46452993408828525},"geometry":{"type":"LineString","coordinates":[[0.3203826,51.6122338],[0.3202634,51.6120744],[0.3202042,51.6119981],[0.3201245,51.6119298]]}},
{"type":"Feature","properties":{"id":6049,"nach":0.4636917736315484},"geometry":{"type":"LineString","coordinates":[[0.3330281,51.6149345],[0.3327167,51.6151054],[0.3323872,51.6151939]]}},
{"type":"Feature","properties":{"id":6077,"nach":0.59963682663494944},"geometry":{"type":"LineString","coordinates":[[0.3328392,51.6148078],[0.3330281,51.6149345]]}},
{"type":"Feature","properties":{"id":14739,"nach":0.60311471653116466},"geometry":{"type":"LineString","coordinates":[[0.333372,51.6153914],[0.3332965,51.6151292],[0.3332116,51.6150456],[0.3330281,51.6149345]]}},
{"type":"Feature","properties":{"id":14726,"nach":0.5930384074966093},"geometry":{"type":"LineString","coordinates":[[0.3327443,51.6147505],[0.3328392,51.6148078]]}},
{"type":"Feature","properties":{"id":14722,"nach":0.57993646722455094},"geometry":{"type":"LineString","coordinates":[[0.3333024,51.6145382],[0.3328392,51.6148078]]}},
{"type":"Feature","properties":{"id":14740,"nach":0.56856859454756548},"geometry":{"type":"LineString","coordinates":[[0.333372,51.6153914],[0.3335392,51.615400699999988],[0.3341773,51.6155517],[0.3342918,51.6155803]]}},
{"type":"Feature","properties":{"id":14741,"nach":0.60876173743791695},"geometry":{"type":"LineString","coordinates":[[0.333372,51.6153914],[0.3332645,51.6154068],[0.3331703,51.6154429],[0.3329988,51.6155215]]}},
{"type":"Feature","properties":{"id":14752,"nach":0.58532958095347909},"geometry":{"type":"LineString","coordinates":[[0.3338095,51.6163832],[0.3332313,51.6165585]]}},
{"type":"Feature","properties":{"id":7356,"nach":0.69494824575018022},"geometry":{"type":"LineString","coordinates":[[0.3332663,51.6166012],[0.3332313,51.6165585]]}},
{"type":"Feature","properties":{"id":23547,"nach":0.68405607943591085},"geometry":{"type":"LineString","coordinates":[[0.33307,51.6163466],[0.3331543,51.6164554],[0.3332313,51.6165585]]}},
{"type":"Feature","properties":{"id":14751,"nach":0.57135460768511681},"geometry":{"type":"LineString","coordinates":[[0.3338095,51.6163832],[0.3339269,51.6163471]]}},
{"type":"Feature","properties":{"id":14754,"nach":0.45420367144073709},"geometry":{"type":"LineString","coordinates":[[0.3339862,51.6167972],[0.3339967,51.6166059],[0.3338095,51.6163832]]}},
{"type":"Feature","properties":{"id":7357,"nach":0.69325370711908174},"geometry":{"type":"LineString","coordinates":[[0.3332663,51.6166012],[0.332999,51.6166897],[0.3329831,51.6168872],[0.3330471,51.6169223],[0.333127,51.6169408],[0.3331143,51.617117]]}},
{"type":"Feature","properties":{"id":14755,"nach":0.46002991373894186},"geometry":{"type":"LineString","coordinates":[[0.3334165,51.61688740000001],[0.3334111,51.6167785],[0.3333534,51.6167014],[0.3332663,51.6166012]]}},
{"type":"Feature","properties":{"id":23546,"nach":0.68434986406740994},"geometry":{"type":"LineString","coordinates":[[0.33307,51.6163466],[0.3331015,51.6162612],[0.3331076,51.616211200000016],[0.3330921,51.61618],[0.3330445,51.6161338],[0.3330032,51.6160931]]}},
{"type":"Feature","properties":{"id":23545,"nach":0.46378920971976118},"geometry":{"type":"LineString","coordinates":[[0.33307,51.6163466],[0.3329104,51.6163348]]}},
{"type":"Feature","properties":{"id":6058,"nach":0.60053130731995974},"geometry":{"type":"LineString","coordinates":[[0.3341689,51.6162842],[0.3339269,51.6163471]]}},
{"type":"Feature","properties":{"id":10074,"nach":0.52942466573692049},"geometry":{"type":"LineString","coordinates":[[0.3330032,51.6160931],[0.3332392,51.6160522],[0.3336614,51.6159714],[0.3339269,51.6163471]]}},
{"type":"Feature","properties":{"id":14743,"nach":0.55281945969137714},"geometry":{"type":"LineString","coordinates":[[0.3342262,51.615988],[0.3341689,51.6162842]]}},
{"type":"Feature","properties":{"id":14747,"nach":0.56322270695924248},"geometry":{"type":"LineString","coordinates":[[0.3345537,51.616421099999982],[0.3341689,51.6162842]]}},
{"type":"Feature","properties":{"id":10072,"nach":0.69354098091513483},"geometry":{"type":"LineString","coordinates":[[0.3330032,51.6160931],[0.3329607,51.6160551]]}},
{"type":"Feature","properties":{"id":14744,"nach":0.54747725366972011},"geometry":{"type":"LineString","coordinates":[[0.3342262,51.615988],[0.3342698,51.615674],[0.3342918,51.6155803]]}},
{"type":"Feature","properties":{"id":14746,"nach":0.45604027681222409},"geometry":{"type":"LineString","coordinates":[[0.334754,51.6159837],[0.3346305,51.6160073],[0.3342262,51.615988]]}},
{"type":"Feature","properties":{"id":14750,"nach":0.45192664215041667},"geometry":{"type":"LineString","coordinates":[[0.334796,51.6167209],[0.3344925,51.6167657],[0.3344276,51.6166063],[0.3345537,51.616421099999982]]}},
{"type":"Feature","properties":{"id":6065,"nach":0.47032638719562192},"geometry":{"type":"LineString","coordinates":[[0.3314543,51.6154966],[0.3312181,51.6155886],[0.3311133,51.6157233],[0.331083,51.6158805]]}},
{"type":"Feature","properties":{"id":14756,"nach":0.67093123176514924},"geometry":{"type":"LineString","coordinates":[[0.3316546,51.615582300000014],[0.3314543,51.6154966]]}},
{"type":"Feature","properties":{"id":14765,"nach":0.67222749360062029},"geometry":{"type":"LineString","coordinates":[[0.3312036,51.6151905],[0.3313853,51.6154029],[0.3314543,51.6154966]]}},
{"type":"Feature","properties":{"id":14757,"nach":0.67004481152031592},"geometry":{"type":"LineString","coordinates":[[0.3316546,51.615582300000014],[0.3318853,51.6156822],[0.33209,51.6158334]]}},
{"type":"Feature","properties":{"id":14759,"nach":0.47132362131164685},"geometry":{"type":"LineString","coordinates":[[0.3319904,51.6153502],[0.3318188,51.6154268],[0.3316546,51.615582300000014]]}},
{"type":"Feature","properties":{"id":14764,"nach":0.67410071905535018},"geometry":{"type":"LineString","coordinates":[[0.3312036,51.6151905],[0.3311489,51.6151209]]}},
{"type":"Feature","properties":{"id":14767,"nach":0.47302087999653042},"geometry":{"type":"LineString","coordinates":[[0.3308567,51.61523050000001],[0.3309927,51.6152441],[0.3312036,51.6151905]]}},
{"type":"Feature","properties":{"id":6068,"nach":0.46317210768764477},"geometry":{"type":"LineString","coordinates":[[0.3318532,51.6163139],[0.3317007,51.6163561],[0.3315542,51.6163897],[0.3312001,51.6163652]]}},
{"type":"Feature","properties":{"id":6092,"nach":0.54872680332020407},"geometry":{"type":"LineString","coordinates":[[0.33209,51.6158334],[0.3319904,51.6159231],[0.3318801,51.6160281],[0.3318349,51.6161046],[0.3318241,51.616177900000011],[0.3318532,51.6163139]]}},
{"type":"Feature","properties":{"id":6072,"nach":0.54499322363948166},"geometry":{"type":"LineString","coordinates":[[0.3320505,51.6164912],[0.3320092,51.6164344],[0.3319607,51.616383],[0.3318532,51.6163139]]}},
{"type":"Feature","properties":{"id":6091,"nach":0.66209319158071966},"geometry":{"type":"LineString","coordinates":[[0.33209,51.6158334],[0.3322987,51.615787],[0.332728,51.615672]]}},
{"type":"Feature","properties":{"id":6194,"nach":0.54051961189186803},"geometry":{"type":"LineString","coordinates":[[0.3329607,51.6160551],[0.3327475,51.6161267],[0.3327274,51.6161438],[0.3327461,51.6163099],[0.3325637,51.6163203],[0.3325231,51.6163678],[0.3323985,51.6164493],[0.3320505,51.6164912]]}},
{"type":"Feature","properties":{"id":14688,"nach":0.54286669518913866},"geometry":{"type":"LineString","coordinates":[[0.3320933,51.6167446],[0.3320894,51.6166256],[0.3320505,51.6164912]]}},
{"type":"Feature","properties":{"id":6195,"nach":0.68279488340704098},"geometry":{"type":"LineString","coordinates":[[0.3329607,51.6160551],[0.332889,51.6160051],[0.3328668,51.6159814],[0.33283,51.6159189],[0.3327461,51.6157407],[0.332728,51.615672]]}},
{"type":"Feature","properties":{"id":14689,"nach":0.46024154178864662},"geometry":{"type":"LineString","coordinates":[[0.3320933,51.6167446],[0.3320384,51.6168093],[0.3320433,51.616978300000014],[0.3319579,51.617036]]}},
{"type":"Feature","properties":{"id":14691,"nach":0.45896053480043097},"geometry":{"type":"LineString","coordinates":[[0.3327119,51.6168807],[0.3323579,51.6167408],[0.3320933,51.6167446]]}},
{"type":"Feature","properties":{"id":14711,"nach":0.54424413625013301},"geometry":{"type":"LineString","coordinates":[[0.3320737,51.6145559],[0.3319512,51.6145577]]}},
{"type":"Feature","properties":{"id":14692,"nach":0.57499001882941669},"geometry":{"type":"LineString","coordinates":[[0.3319991,51.614938800000012],[0.3319804,51.6148963],[0.3320481,51.6148522],[0.3319512,51.6145577]]}},
{"type":"Feature","properties":{"id":14709,"nach":0.46468119722779289},"geometry":{"type":"LineString","coordinates":[[0.331421,51.6145901],[0.3315762,51.6145906],[0.3317271,51.6145719],[0.3318623,51.614555900000013],[0.3319512,51.6145577]]}},
{"type":"Feature","properties":{"id":14713,"nach":0.46273776187770027},"geometry":{"type":"LineString","coordinates":[[0.3320737,51.6145559],[0.3321044,51.6147148],[0.3322721,51.6147048],[0.3323646,51.6147556]]}},
{"type":"Feature","properties":{"id":14715,"nach":0.49760406824566134},"geometry":{"type":"LineString","coordinates":[[0.3324966,51.614607900000017],[0.3323974,51.6145793],[0.3322857,51.6145583],[0.3320737,51.6145559]]}},
{"type":"Feature","properties":{"id":14693,"nach":0.62165802942485737},"geometry":{"type":"LineString","coordinates":[[0.3319991,51.614938800000012],[0.3318255,51.6149888],[0.3317135,51.6149925],[0.3316683,51.6149731]]}},
{"type":"Feature","properties":{"id":14730,"nach":0.60837622101553168},"geometry":{"type":"LineString","coordinates":[[0.3321351,51.6151393],[0.3320669,51.6150616],[0.3320199,51.6149925],[0.3319991,51.614938800000012]]}},
{"type":"Feature","properties":{"id":14728,"nach":0.50614752887166847},"geometry":{"type":"LineString","coordinates":[[0.3327443,51.6147505],[0.3326184,51.6146729],[0.3324966,51.614607900000017]]}},
{"type":"Feature","properties":{"id":14729,"nach":0.56299701106055122},"geometry":{"type":"LineString","coordinates":[[0.3321351,51.6151393],[0.3327443,51.6147505]]}},
{"type":"Feature","properties":{"id":14723,"nach":0.54077082652473696},"geometry":{"type":"LineString","coordinates":[[0.3333024,51.6145382],[0.3333888,51.6144864]]}},
{"type":"Feature","properties":{"id":14725,"nach":0.45809140289759964},"geometry":{"type":"LineString","coordinates":[[0.3336704,51.6147618],[0.3333024,51.6145382]]}},
{"type":"Feature","properties":{"id":14719,"nach":0.45970191523579429},"geometry":{"type":"LineString","coordinates":[[0.3333888,51.6144864],[0.3335442,51.614391900000015]]}},
{"type":"Feature","properties":{"id":14721,"nach":0.45401897170331024},"geometry":{"type":"LineString","coordinates":[[0.3329265,51.6142701],[0.3330834,51.6142684],[0.3333888,51.6144864]]}},
{"type":"Feature","properties":{"id":6084,"nach":0.62218275796214484},"geometry":{"type":"LineString","coordinates":[[0.3311489,51.6151209],[0.3316683,51.6149731]]}},
{"type":"Feature","properties":{"id":14697,"nach":0.0},"geometry":{"type":"LineString","coordinates":[[0.3310041,51.6149395],[0.3314757,51.6147906],[0.3315461,51.6148039],[0.3316683,51.6149731]]}},
{"type":"Feature","properties":{"id":14696,"nach":0.70261334083127014},"geometry":{"type":"LineString","coordinates":[[0.3310041,51.6149395],[0.3311489,51.6151209]]}},
{"type":"Feature","properties":{"id":14733,"nach":0.64578026328284877},"geometry":{"type":"LineString","coordinates":[[0.3328641,51.61562],[0.3327877,51.6156529],[0.332728,51.615672]]}},
{"type":"Feature","properties":{"id":14734,"nach":0.5488690242703711},"geometry":{"type":"LineString","coordinates":[[0.3328641,51.61562],[0.3325765,51.6153968],[0.3323995,51.6154451],[0.3323163,51.6153452],[0.3322855,51.6153473],[0.3321351,51.6151393]]}},
{"type":"Feature","properties":{"id":14735,"nach":0.62121754934005491},"geometry":{"type":"LineString","coordinates":[[0.3329988,51.6155215],[0.3328641,51.61562]]}},
{"type":"Feature","properties":{"id":9789,"nach":0.57286271395673038},"geometry":{"type":"LineString","coordinates":[[0.3235281,51.6106796],[0.3238998,51.6105595],[0.3240926,51.6104772],[0.3243678,51.6103598],[0.3244462,51.610292200000011]]}},
{"type":"Feature","properties":{"id":12624,"nach":0.44819128879305714},"geometry":{"type":"LineString","coordinates":[[0.3243726,51.610029],[0.3244157,51.6101975],[0.3244462,51.610292200000011]]}},
{"type":"Feature","properties":{"id":14408,"nach":0.43690035679051242},"geometry":{"type":"LineString","coordinates":[[0.3241848,51.6108301],[0.3243059,51.6107254],[0.3243292,51.6107052],[0.3243925,51.6106474],[0.3245146,51.6105285],[0.324569,51.6104747],[0.3245789,51.6104331],[0.3245451,51.6103876],[0.3245062,51.6103501],[0.3244462,51.610292200000011]]}},
{"type":"Feature","properties":{"id":14445,"nach":0.44241996096039921},"geometry":{"type":"LineString","coordinates":[[0.323667,51.6110084],[0.3238113,51.6109854],[0.3237983,51.6109426],[0.3236537,51.6108232],[0.3235748,51.610759599999987],[0.3235548,51.6107237],[0.3235281,51.6106796]]}},
{"type":"Feature","properties":{"id":12623,"nach":0.0},"geometry":{"type":"LineString","coordinates":[[0.3243726,51.610029],[0.3243888,51.6094542],[0.3244183,51.60919040000001],[0.3244446,51.6089559],[0.3244537,51.6088746],[0.3244479,51.6088633],[0.3242,51.608409],[0.3241888,51.6083615],[0.3240289,51.6081402],[0.3239387,51.6079684],[0.3238183,51.6074617],[0.3237828,51.6073124],[0.3237456,51.6071556],[0.3233932,51.6064088],[0.322737,51.6057563],[0.322737,51.6049567],[0.321228,51.6039619],[0.3197223,51.6029693],[0.3191385,51.602584499999985],[0.3172498,51.601342]]}},
{"type":"Feature","properties":{"id":23753,"nach":0.52830594837797329},"geometry":{"type":"LineString","coordinates":[[0.3348602,51.6195377],[0.3345432,51.618581],[0.3343227,51.6178982]]}},
{"type":"Feature","properties":{"id":23741,"nach":0.57407673748073063},"geometry":{"type":"LineString","coordinates":[[0.3348928,51.6171391],[0.3343147,51.6172277]]}},
{"type":"Feature","properties":{"id":23740,"nach":0.44552775022774876},"geometry":{"type":"LineString","coordinates":[[0.3344008,51.6174382],[0.3343147,51.6172277]]}},
{"type":"Feature","properties":{"id":7244,"nach":0.58903760940869554},"geometry":{"type":"LineString","coordinates":[[0.3341494,51.6172306],[0.3343147,51.6172277]]}},
{"type":"Feature","properties":{"id":23744,"nach":0.44701736130322473},"geometry":{"type":"LineString","coordinates":[[0.3349345,51.6172438],[0.3348928,51.6171391]]}},
{"type":"Feature","properties":{"id":7251,"nach":0.59175654449920467},"geometry":{"type":"LineString","coordinates":[[0.3331143,51.617117],[0.333833,51.6170157],[0.3340771,51.6170773],[0.3341494,51.6172306]]}},
{"type":"Feature","properties":{"id":13547,"nach":0.67384888778932417},"geometry":{"type":"LineString","coordinates":[[0.3329917,51.6172635],[0.3330674,51.6172507],[0.3331623,51.6172297],[0.3331143,51.617117]]}},
{"type":"Feature","properties":{"id":23746,"nach":0.5834037901947543},"geometry":{"type":"LineString","coordinates":[[0.3320063,51.617451100000011],[0.3320521,51.6173895],[0.3321272,51.617377],[0.3327689,51.6172596],[0.3327758,51.6172749],[0.3329917,51.6172635]]}},
{"type":"Feature","properties":{"id":23730,"nach":0.56215884932019189},"geometry":{"type":"LineString","coordinates":[[0.3366888,51.6169604],[0.3369351,51.6174469]]}},
{"type":"Feature","properties":{"id":9585,"nach":0.38071882736462043},"geometry":{"type":"LineString","coordinates":[[0.3341558,51.6186504],[0.3339203,51.6187049],[0.3337771,51.618646900000016],[0.3336915,51.6187249]]}},
{"type":"Feature","properties":{"id":15749,"nach":0.52820315015338049},"geometry":{"type":"LineString","coordinates":[[0.3339252,51.6190722],[0.3339093,51.6190121],[0.3340395,51.618953299999987],[0.3340146,51.6188754],[0.3339326,51.6188377],[0.333882,51.6188135],[0.3336915,51.6187249]]}},
{"type":"Feature","properties":{"id":8573,"nach":0.45381775967874655},"geometry":{"type":"LineString","coordinates":[[0.3253927,51.612041499999982],[0.3254356,51.612041499999989]]}},
{"type":"Feature","properties":{"id":23691,"nach":0.41891090448609797},"geometry":{"type":"LineString","coordinates":[[0.3244762,51.611293600000018],[0.3244986,51.6113844],[0.3245028,51.611475],[0.3244708,51.6115555],[0.3242979,51.6116293]]}},
{"type":"Feature","properties":{"id":29429,"nach":0.46549660015017236},"geometry":{"type":"LineString","coordinates":[[0.3302416,51.61449],[0.3299519,51.6144812]]}},
{"type":"Feature","properties":{"id":23989,"nach":0.52885306287039913},"geometry":{"type":"LineString","coordinates":[[0.3140983,51.6142198],[0.3126999,51.6139036],[0.311259,51.6137276]]}},
{"type":"Feature","properties":{"id":25080,"nach":0.36937978621076961},"geometry":{"type":"LineString","coordinates":[[0.3195795,51.6165155],[0.3198533,51.6166657],[0.3198815,51.6166859],[0.3198974,51.6167043],[0.3198918,51.6167202],[0.3198406,51.6167687],[0.3197687,51.6168172],[0.3197003,51.6168627],[0.3196285,51.6169021],[0.3195463,51.61693720000001]]}},
{"type":"Feature","properties":{"id":14777,"nach":0.56228738694691149},"geometry":{"type":"LineString","coordinates":[[0.3342126,51.618109],[0.3342438,51.6184733],[0.3341558,51.6186504]]}},
{"type":"Feature","properties":{"id":15748,"nach":0.55516103096104263},"geometry":{"type":"LineString","coordinates":[[0.3344877,51.6190666],[0.3344579,51.61888110000001],[0.3343425,51.6187491],[0.3341558,51.6186504]]}},
{"type":"Feature","properties":{"id":14778,"nach":0.44087334140037859},"geometry":{"type":"LineString","coordinates":[[0.334039,51.618339],[0.3340082,51.6182825],[0.3340429,51.6182523],[0.3341626,51.618148099999985],[0.3342126,51.618109]]}},
{"type":"Feature","properties":{"id":15746,"nach":0.52686223450814829},"geometry":{"type":"LineString","coordinates":[[0.3344877,51.6190666],[0.3344839,51.6192766]]}},
{"type":"Feature","properties":{"id":15752,"nach":0.45525684583754483},"geometry":{"type":"LineString","coordinates":[[0.3340783,51.6190864],[0.3344877,51.6190666]]}},
{"type":"Feature","properties":{"id":10369,"nach":0.36214831359250582},"geometry":{"type":"LineString","coordinates":[[0.326865,51.6167824],[0.3286312,51.617166500000017]]}},
{"type":"Feature","properties":{"id":12296,"nach":0.30537976355776281},"geometry":{"type":"LineString","coordinates":[[0.327966,51.6190287],[0.3279378,51.6189926],[0.3279378,51.618671300000017],[0.3279201,51.6186034],[0.3279107,51.6185356],[0.3278305,51.6183664],[0.3278735,51.6178868],[0.3281095,51.6174871],[0.3283077,51.6173148],[0.3286312,51.617166500000017]]}},
{"type":"Feature","properties":{"id":10375,"nach":0.1920972251254085},"geometry":{"type":"LineString","coordinates":[[0.3300645,51.6194327],[0.3300576,51.6192488],[0.3301037,51.6191243],[0.3300316,51.6186668],[0.3301051,51.6179534],[0.3303411,51.617607],[0.3303438,51.617506],[0.3302579,51.6174221],[0.329869,51.6173671],[0.3286312,51.617166500000017]]}},
{"type":"Feature","properties":{"id":10371,"nach":0.40923617641685944},"geometry":{"type":"LineString","coordinates":[[0.326865,51.6167824],[0.326567,51.6167307],[0.3228843,51.6160922]]}},
{"type":"Feature","properties":{"id":10378,"nach":0.20318862378892524},"geometry":{"type":"LineString","coordinates":[[0.3253058,51.619659],[0.3255464,51.6195023],[0.3255764,51.6194492],[0.3256419,51.6192723],[0.3262325,51.6178786],[0.3267735,51.616947400000015],[0.326865,51.6167824]]}},
{"type":"Feature","properties":{"id":12294,"nach":0.0},"geometry":{"type":"LineString","coordinates":[[0.3233236,51.6153704],[0.3237158,51.6154051],[0.3239733,51.615321900000012],[0.3241986,51.6153752],[0.3254592,51.6154485],[0.3256255,51.6153352],[0.3257489,51.61513870000001],[0.3259152,51.6150321],[0.3268486,51.6150954],[0.327031,51.615271900000018],[0.3271061,51.6154751],[0.3270793,51.6156083],[0.3271007,51.6158915],[0.3270739,51.6160214],[0.3269988,51.6161579],[0.3269666,51.6163012],[0.3269076,51.61644110000001],[0.3268593,51.6166076],[0.3268605,51.6166425],[0.326865,51.6167824]]}},
{"type":"Feature","properties":{"id":10366,"nach":0.47774781032652547},"geometry":{"type":"LineString","coordinates":[[0.3228206,51.6161717],[0.3228843,51.6160922]]}},
{"type":"Feature","properties":{"id":12293,"nach":0.47052403874744753},"geometry":{"type":"LineString","coordinates":[[0.3233236,51.6153704],[0.323329,51.6154704],[0.3233129,51.6155769],[0.3232056,51.6156636],[0.3230339,51.6157968],[0.3229535,51.6159267],[0.3228843,51.6160922]]}},
{"type":"Feature","properties":{"id":10376,"nach":0.33502377933834954},"geometry":{"type":"LineString","coordinates":[[0.3253058,51.619659],[0.3250491,51.6192628],[0.3248849,51.61909],[0.3246114,51.618691],[0.3244815,51.6184733],[0.323992,51.6181609],[0.323866,51.6179838],[0.3236436,51.617799100000013],[0.3233349,51.6177312],[0.3226794,51.61727590000001],[0.3226158,51.6171873],[0.3226193,51.61671650000001],[0.3227166,51.6163594],[0.3228206,51.6161717]]}},
{"type":"Feature","properties":{"id":17179,"nach":0.41770449863149151},"geometry":{"type":"LineString","coordinates":[[0.3160633,51.6132188],[0.3148885,51.6128524],[0.3143333,51.6127042],[0.313298,51.612471],[0.3126945,51.6123444],[0.3125815,51.6123207],[0.3125496,51.6123128],[0.3125228,51.6123111],[0.3124864,51.6123147]]}},
{"type":"Feature","properties":{"id":17183,"nach":0.41731669267858879},"geometry":{"type":"LineString","coordinates":[[0.3123303,51.6123226],[0.3123833,51.6123477],[0.3124155,51.6123611],[0.312434,51.6123799],[0.312445,51.6124077],[0.3124423,51.612446],[0.3124155,51.612492600000017],[0.3123619,51.6125559],[0.3122948,51.612624199999985],[0.3122546,51.6126925],[0.3122117,51.6127608],[0.3122036,51.6128024],[0.3122144,51.6128507],[0.3122626,51.6128807],[0.3123726,51.612899],[0.3126113,51.6129473],[0.3129493,51.6130173],[0.3132121,51.6130789],[0.3137057,51.6131972],[0.314159,51.6133204],[0.3144835,51.6134037],[0.3150334,51.6135603]]}},
{"type":"Feature","properties":{"id":15964,"nach":0.57947723729376954},"geometry":{"type":"LineString","coordinates":[[0.3153227,51.6113614],[0.3151684,51.611337],[0.3151492,51.6113299],[0.3151337,51.6113178],[0.3151233,51.6113076],[0.3151518,51.6112484]]}},
{"type":"Feature","properties":{"id":15967,"nach":0.54868556642774846},"geometry":{"type":"LineString","coordinates":[[0.3154374,51.6110993],[0.3152743,51.611064800000015],[0.3152531,51.6110648],[0.3152366,51.6110725],[0.3151518,51.6112484]]}},
{"type":"Feature","properties":{"id":15962,"nach":0.57539878018248092},"geometry":{"type":"LineString","coordinates":[[0.3153227,51.6113614],[0.3155675,51.6114076]]}},
{"type":"Feature","properties":{"id":15966,"nach":0.20347648065379081},"geometry":{"type":"LineString","coordinates":[[0.3154374,51.6110993],[0.3153227,51.6113614]]}},
{"type":"Feature","properties":{"id":15968,"nach":0.54128569913261071},"geometry":{"type":"LineString","coordinates":[[0.3156903,51.6111457],[0.3154374,51.6110993]]}},
{"type":"Feature","properties":{"id":28061,"nach":0.44101331737017579},"geometry":{"type":"LineString","coordinates":[[0.3314792,51.6175148],[0.331954,51.6174407],[0.3320063,51.617451100000011]]}},
{"type":"Feature","properties":{"id":14386,"nach":0.47134230081202394},"geometry":{"type":"LineString","coordinates":[[0.3197883,51.6126272],[0.3199305,51.6125509]]}},
{"type":"Feature","properties":{"id":23674,"nach":0.43287216649789867},"geometry":{"type":"LineString","coordinates":[[0.3217661,51.616453],[0.321913,51.6163938],[0.3220762,51.6163582],[0.3221082,51.6163344],[0.3221056,51.6162801]]}},
{"type":"Feature","properties":{"id":14434,"nach":0.51601050776539426},"geometry":{"type":"LineString","coordinates":[[0.3220106,51.6161187],[0.3220433,51.616226],[0.3221056,51.6162801]]}},
{"type":"Feature","properties":{"id":14430,"nach":0.43287216649789867},"geometry":{"type":"LineString","coordinates":[[0.3225571,51.616207100000011],[0.3225115,51.6162537],[0.3221056,51.6162801]]}},
{"type":"Feature","properties":{"id":14438,"nach":0.43711493186621525},"geometry":{"type":"LineString","coordinates":[[0.3216967,51.6160904],[0.3218906,51.616113],[0.3220106,51.6161187]]}},
{"type":"Feature","properties":{"id":14717,"nach":0.46326879196738119},"geometry":{"type":"LineString","coordinates":[[0.3325737,51.6143337],[0.3325941,51.6143924],[0.3326044,51.6144479],[0.3324966,51.614607900000017]]}},
{"type":"Feature","properties":{"id":14738,"nach":0.46587806579254604},"geometry":{"type":"LineString","coordinates":[[0.3332296,51.6158332],[0.3331733,51.61569990000001],[0.3331357,51.615645],[0.3329988,51.6155215]]}},
{"type":"Feature","properties":{"id":15761,"nach":0.43626509186249884},"geometry":{"type":"LineString","coordinates":[[0.3333464,51.6189843],[0.3336506,51.6191392]]}},
{"type":"Feature","properties":{"id":15953,"nach":0.57236591058369768},"geometry":{"type":"LineString","coordinates":[[0.3157076,51.611419],[0.3155675,51.6114076]]}},
{"type":"Feature","properties":{"id":15970,"nach":0.20368555895169438},"geometry":{"type":"LineString","coordinates":[[0.3156903,51.6111457],[0.3155675,51.6114076]]}},
{"type":"Feature","properties":{"id":15958,"nach":0.44401212163571829},"geometry":{"type":"LineString","coordinates":[[0.3158612,51.611288899999984],[0.3158559,51.611301],[0.3158022,51.6114038],[0.3157871,51.6114144],[0.31577,51.6114226],[0.3157427,51.611421900000011],[0.3157076,51.611419]]}},
{"type":"Feature","properties":{"id":15971,"nach":0.53485451216679458},"geometry":{"type":"LineString","coordinates":[[0.3159133,51.611186600000011],[0.3156903,51.6111457]]}},
{"type":"Feature","properties":{"id":15972,"nach":0.22921829596823859},"geometry":{"type":"LineString","coordinates":[[0.3159133,51.611186600000011],[0.3158612,51.611288899999984]]}},
{"type":"Feature","properties":{"id":15982,"nach":0.45808517058643},"geometry":{"type":"LineString","coordinates":[[0.3155996,51.6117726],[0.3156954,51.6116596]]}},
{"type":"Feature","properties":{"id":15979,"nach":0.4412424218790521},"geometry":{"type":"LineString","coordinates":[[0.3144157,51.6115014],[0.3144922,51.611389100000011],[0.314528,51.6113675],[0.3146105,51.6113717],[0.3146836,51.611389],[0.3156954,51.6116596]]}},
{"type":"Feature","properties":{"id":15981,"nach":0.082645976335087704},"geometry":{"type":"LineString","coordinates":[[0.3155996,51.6117726],[0.3155216,51.611779600000013],[0.3154389,51.6117896],[0.3153038,51.6117784],[0.3151285,51.61176],[0.3149187,51.6117272],[0.3144245,51.6116242],[0.3143784,51.611606800000011],[0.3143736,51.6115792],[0.3144157,51.6115014]]}},
{"type":"Feature","properties":{"id":23712,"nach":0.45700298722157107},"geometry":{"type":"LineString","coordinates":[[0.3299522,51.6124607],[0.3301089,51.6124231],[0.3302024,51.6124035],[0.3302746,51.6124007],[0.3303844,51.6124412],[0.3304658,51.6124963],[0.3305829,51.612620200000016]]}},
{"type":"Feature","properties":{"id":23983,"nach":0.38812845212064612},"geometry":{"type":"LineString","coordinates":[[0.3153691,51.614559800000016],[0.3153323,51.6146491]]}},
{"type":"Feature","properties":{"id":23987,"nach":0.53077357982855022},"geometry":{"type":"LineString","coordinates":[[0.3140983,51.6142198],[0.3153691,51.614559800000016]]}},
{"type":"Feature","properties":{"id":23979,"nach":0.62316461616033214},"geometry":{"type":"LineString","coordinates":[[0.3153323,51.6146491],[0.3151286,51.6146273]]}},
{"type":"Feature","properties":{"id":23927,"nach":0.42405466656158602},"geometry":{"type":"LineString","coordinates":[[0.314244,51.615132599999988],[0.3141003,51.6152264],[0.3137909,51.615484],[0.3133667,51.6156863],[0.3130739,51.6158655],[0.3127012,51.616110799999987],[0.3122911,51.616226],[0.3119691,51.616464]]}},
{"type":"Feature","properties":{"id":23905,"nach":0.5907053038514557},"geometry":{"type":"LineString","coordinates":[[0.3148397,51.6148617],[0.3149178,51.6148198],[0.3151286,51.6146273]]}},
{"type":"Feature","properties":{"id":23924,"nach":0.57016967684775666},"geometry":{"type":"LineString","coordinates":[[0.3142751,51.6145672],[0.3145429,51.6145921],[0.3148378,51.6145936],[0.3151286,51.6146273]]}},
{"type":"Feature","properties":{"id":23928,"nach":0.59462489439445099},"geometry":{"type":"LineString","coordinates":[[0.314244,51.615132599999988],[0.3145526,51.6149313],[0.3148397,51.6148617]]}},
{"type":"Feature","properties":{"id":23925,"nach":0.47067113200151817},"geometry":{"type":"LineString","coordinates":[[0.3142751,51.6145672],[0.3140828,51.61466320000001],[0.3138091,51.6146748],[0.3135354,51.6146515],[0.313375,51.6146222]]}},
{"type":"Feature","properties":{"id":23985,"nach":0.55728654981207182},"geometry":{"type":"LineString","coordinates":[[0.314039,51.6144107],[0.3141347,51.6145152],[0.3142751,51.6145672]]}},
{"type":"Feature","properties":{"id":23929,"nach":0.59221790474208658},"geometry":{"type":"LineString","coordinates":[[0.314244,51.615132599999988],[0.3141371,51.615132],[0.313969,51.6151281],[0.313776,51.6150818],[0.3133655,51.6149973]]}},
{"type":"Feature","properties":{"id":23965,"nach":0.57600560890497932},"geometry":{"type":"LineString","coordinates":[[0.3129732,51.6152778],[0.3130824,51.6151848],[0.3132617,51.6151086],[0.3133655,51.6149973]]}},
{"type":"Feature","properties":{"id":23954,"nach":0.55630787306954832},"geometry":{"type":"LineString","coordinates":[[0.3133295,51.6149343],[0.3133655,51.6149973]]}},
{"type":"Feature","properties":{"id":23953,"nach":0.54207397146601377},"geometry":{"type":"LineString","coordinates":[[0.3133295,51.6149343],[0.3132617,51.6148156]]}},
{"type":"Feature","properties":{"id":23956,"nach":0.38463994321982931},"geometry":{"type":"LineString","coordinates":[[0.311292,51.6146759],[0.3118426,51.6147237],[0.3119694,51.6147857],[0.3121496,51.6148499],[0.3123965,51.6148644],[0.3125867,51.6148893],[0.3127702,51.6149059],[0.3130172,51.614918300000014],[0.313174,51.614937],[0.3133295,51.6149343]]}},
{"type":"Feature","properties":{"id":23921,"nach":0.45627030673737878},"geometry":{"type":"LineString","coordinates":[[0.313375,51.6146222],[0.3132617,51.6148156]]}},
{"type":"Feature","properties":{"id":23948,"nach":0.52312083626042682},"geometry":{"type":"LineString","coordinates":[[0.3118538,51.6142992],[0.3120665,51.614462],[0.3122759,51.6145721],[0.3124864,51.6146461],[0.3127,51.6146844],[0.3129106,51.614733],[0.3132617,51.6148156]]}},
{"type":"Feature","properties":{"id":23938,"nach":0.40988337700643956},"geometry":{"type":"LineString","coordinates":[[0.312416,51.6142],[0.3125193,51.6143907],[0.3129433,51.614529],[0.313375,51.6146222]]}},
{"type":"Feature","properties":{"id":23986,"nach":0.54892104470655367},"geometry":{"type":"LineString","coordinates":[[0.314039,51.6144107],[0.3139026,51.6143921],[0.313676,51.614335],[0.3133963,51.6142967],[0.3131156,51.6142392],[0.312416,51.6142]]}},
{"type":"Feature","properties":{"id":23988,"nach":0.33414444035742241},"geometry":{"type":"LineString","coordinates":[[0.3140983,51.6142198],[0.314039,51.6144107]]}}
]
}
