{
"type": "FeatureCollection",
"name": "BRAIN_84_NACH_800m",
"crs": { "type": "name", "properties": { "name": "urn:ogc:def:crs:OGC:1.3:CRS84" } },
"features": [
{ "type": "Feature", "properties": { "id": 69047, "nach": 0.38074846842743004 }, "geometry": { "type": "LineString", "coordinates": [ [ 0.6522453, 51.8022638 ], [ 0.6523727, 51.8032915 ], [ 0.6527503, 51.805977 ], [ 0.6530644, 51.80789510000001 ] ] } },
{ "type": "Feature", "properties": { "id": 5, "nach": 0.51137373824761145 }, "geometry": { "type": "LineString", "coordinates": [ [ 0.6530644, 51.80789510000001 ], [ 0.653091884487839, 51.808159861564612 ] ] } },
{ "type": "Feature", "properties": { "id": 6, "nach": 0.46920261177889316 }, "geometry": { "type": "LineString", "coordinates": [ [ 0.6530644, 51.80789510000001 ], [ 0.653137801774348, 51.808168022958526 ] ] } },
{ "type": "Feature", "properties": { "id": 46050, "nach": 0.46277369079617786 }, "geometry": { "type": "LineString", "coordinates": [ [ 0.6518579, 51.8083471 ], [ 0.6521947, 51.8086119 ] ] } },
{ "type": "Feature", "properties": { "id": 24237, "nach": 0.42029532880729081 }, "geometry": { "type": "LineString", "coordinates": [ [ 0.6521947, 51.8086119 ], [ 0.6522678, 51.8086991 ], [ 0.653486, 51.8096269 ], [ 0.6537201, 51.809817 ], [ 0.6538595, 51.8099425 ], [ 0.6541265, 51.8102198 ], [ 0.6543277, 51.8104222 ], [ 0.6544482, 51.8105557 ], [ 0.6546787, 51.8108046 ], [ 0.6550178, 51.8111132 ], [ 0.65531, 51.8113599 ], [ 0.6554693, 51.8114846 ], [ 0.6556268, 51.8115868 ], [ 0.6557303, 51.811649 ], [ 0.6559146, 51.8117437 ] ] } },
{ "type": "Feature", "properties": { "id": 5, "nach": 0.51137373824761145 }, "geometry": { "type": "LineString", "coordinates": [ [ 0.653095925600906, 51.8081987898195 ], [ 0.6521947, 51.8086119 ] ] } },
{ "type": "Feature", "properties": { "id": 6, "nach": 0.46920261177889316 }, "geometry": { "type": "LineString", "coordinates": [ [ 0.653148641391035, 51.808208326597871 ], [ 0.6559146, 51.8117437 ] ] } },
{ "type": "Feature", "properties": { "id": 18035, "nach": 0.53387900073266792 }, "geometry": { "type": "LineString", "coordinates": [ [ 0.6448231, 51.7955538 ], [ 0.6447145, 51.7955518 ], [ 0.6445938, 51.795544200000016 ], [ 0.6441432, 51.7954794 ], [ 0.643671, 51.79541170000001 ] ] } },
{ "type": "Feature", "properties": { "id": 14899, "nach": 0.56418906699891569 }, "geometry": { "type": "LineString", "coordinates": [ [ 0.6436141, 51.7956306 ], [ 0.6436266, 51.79559230000001 ], [ 0.643671, 51.79541170000001 ] ] } },
{ "type": "Feature", "properties": { "id": 38276, "nach": 0.5667646999026551 }, "geometry": { "type": "LineString", "coordinates": [ [ 0.6438945, 51.7947063 ], [ 0.6437843, 51.7949685 ], [ 0.6437415, 51.7951044 ], [ 0.643671, 51.79541170000001 ] ] } },
{ "type": "Feature", "properties": { "id": 35189, "nach": 0.49527901796471829 }, "geometry": { "type": "LineString", "coordinates": [ [ 0.6448331, 51.7960399 ], [ 0.6448231, 51.7955538 ] ] } },
{ "type": "Feature", "properties": { "id": 18036, "nach": 0.42206039561290498 }, "geometry": { "type": "LineString", "coordinates": [ [ 0.6452457, 51.7951435 ], [ 0.6452439, 51.7954117 ], [ 0.6452308, 51.7954534 ], [ 0.6452023, 51.7954846 ], [ 0.6451548, 51.795513200000016 ], [ 0.6450875, 51.795537 ], [ 0.6449759, 51.7955494 ], [ 0.6448231, 51.7955538 ] ] } },
{ "type": "Feature", "properties": { "id": 38296, "nach": 0.53153646028308299 }, "geometry": { "type": "LineString", "coordinates": [ [ 0.6427946, 51.7955127 ], [ 0.6436141, 51.7956306 ] ] } },
{ "type": "Feature", "properties": { "id": 41096, "nach": 0.59132848044664799 }, "geometry": { "type": "LineString", "coordinates": [ [ 0.643181, 51.796647300000011 ], [ 0.6432941, 51.7964059 ], [ 0.6433654, 51.796247 ], [ 0.6436141, 51.7956306 ] ] } },
{ "type": "Feature", "properties": { "id": 38277, "nach": 0.59326807602978071 }, "geometry": { "type": "LineString", "coordinates": [ [ 0.6439972, 51.7945292 ], [ 0.6438945, 51.7947063 ] ] } },
{ "type": "Feature", "properties": { "id": 38298, "nach": 0.55578708304818825 }, "geometry": { "type": "LineString", "coordinates": [ [ 0.6429454, 51.7947358 ], [ 0.6433836, 51.7946866 ], [ 0.6435029, 51.794672 ], [ 0.643654, 51.7946727 ], [ 0.6438945, 51.7947063 ] ] } },
{ "type": "Feature", "properties": { "id": 13595, "nach": 0.60266093376907104 }, "geometry": { "type": "LineString", "coordinates": [ [ 0.6420114, 51.7983441 ], [ 0.6422025, 51.7981306 ] ] } },
{ "type": "Feature", "properties": { "id": 70281, "nach": 0.63892234159272798 }, "geometry": { "type": "LineString", "coordinates": [ [ 0.642274, 51.7980471 ], [ 0.6422025, 51.7981306 ] ] } },
{ "type": "Feature", "properties": { "id": 70333, "nach": 0.59515394265324362 }, "geometry": { "type": "LineString", "coordinates": [ [ 0.6418756, 51.7980142 ], [ 0.6419614, 51.7980458 ], [ 0.6422025, 51.7981306 ] ] } },
{ "type": "Feature", "properties": { "id": 13596, "nach": 0.56852065354362524 }, "geometry": { "type": "LineString", "coordinates": [ [ 0.6420114, 51.7983441 ], [ 0.641775, 51.79825 ], [ 0.6415831, 51.7981696 ], [ 0.6415642, 51.7981592 ] ] } },
{ "type": "Feature", "properties": { "id": 18753, "nach": 0.62726048269778556 }, "geometry": { "type": "LineString", "coordinates": [ [ 0.6416637, 51.7987215 ], [ 0.6420114, 51.7983441 ] ] } },
{ "type": "Feature", "properties": { "id": 70282, "nach": 0.63685504313444619 }, "geometry": { "type": "LineString", "coordinates": [ [ 0.642274, 51.7980471 ], [ 0.6423131, 51.798003199999989 ] ] } },
{ "type": "Feature", "properties": { "id": 70283, "nach": 0.45785804948736086 }, "geometry": { "type": "LineString", "coordinates": [ [ 0.642274, 51.7980471 ], [ 0.6425322, 51.798139 ] ] } },
{ "type": "Feature", "properties": { "id": 70331, "nach": 0.58836155378537636 }, "geometry": { "type": "LineString", "coordinates": [ [ 0.6418756, 51.7980142 ], [ 0.6417049, 51.7979795 ], [ 0.6415442, 51.7979337 ] ] } },
{ "type": "Feature", "properties": { "id": 70334, "nach": 0.42503754094772372 }, "geometry": { "type": "LineString", "coordinates": [ [ 0.6428961, 51.7966532 ], [ 0.6429444, 51.7966665 ], [ 0.6429726, 51.796722 ], [ 0.6429927, 51.7967992 ], [ 0.6429109, 51.797004 ], [ 0.6427245, 51.7972943 ], [ 0.6426615, 51.7974063 ], [ 0.642467, 51.7976485 ], [ 0.6423651, 51.7977646 ], [ 0.6422953, 51.7977903 ], [ 0.6422068, 51.7978102 ], [ 0.6420754, 51.7978119 ], [ 0.6419896, 51.797812699999987 ], [ 0.6419131, 51.7978326 ], [ 0.6418622, 51.7978699 ], [ 0.6418327, 51.79792470000001 ], [ 0.6418313, 51.7979637 ], [ 0.6418756, 51.7980142 ] ] } },
{ "type": "Feature", "properties": { "id": 64951, "nach": 0.65241784614223142 }, "geometry": { "type": "LineString", "coordinates": [ [ 0.6408727, 51.7993974 ], [ 0.6407909, 51.799475 ] ] } },
{ "type": "Feature", "properties": { "id": 13589, "nach": 0.52641129943040077 }, "geometry": { "type": "LineString", "coordinates": [ [ 0.6409336, 51.7996733 ], [ 0.6410385, 51.7995975 ], [ 0.6407909, 51.799475 ] ] } },
{ "type": "Feature", "properties": { "id": 101, "nach": 0.65206243128739083 }, "geometry": { "type": "LineString", "coordinates": [ [ 0.6401881, 51.7998179 ], [ 0.6403191, 51.7997546 ], [ 0.6407909, 51.799475 ] ] } },
{ "type": "Feature", "properties": { "id": 64952, "nach": 0.63729174269496691 }, "geometry": { "type": "LineString", "coordinates": [ [ 0.6408727, 51.7993974 ], [ 0.641186, 51.7991558 ] ] } },
{ "type": "Feature", "properties": { "id": 64956, "nach": 0.6327831373591416 }, "geometry": { "type": "LineString", "coordinates": [ [ 0.6413346, 51.7996254 ], [ 0.6412714, 51.7995942 ], [ 0.6408727, 51.7993974 ] ] } },
{ "type": "Feature", "properties": { "id": 13593, "nach": 0.45155661934351443 }, "geometry": { "type": "LineString", "coordinates": [ [ 0.6408103, 51.7996117 ], [ 0.6409336, 51.7996733 ] ] } },
{ "type": "Feature", "properties": { "id": 13597, "nach": 0.45103222331443343 }, "geometry": { "type": "LineString", "coordinates": [ [ 0.6407552, 51.7997742 ], [ 0.6409336, 51.7996733 ] ] } },
{ "type": "Feature", "properties": { "id": 13599, "nach": 0.62384933433509748 }, "geometry": { "type": "LineString", "coordinates": [ [ 0.6402444, 51.799878500000013 ], [ 0.6401881, 51.7998179 ] ] } },
{ "type": "Feature", "properties": { "id": 9357, "nach": 0.65114898600102133 }, "geometry": { "type": "LineString", "coordinates": [ [ 0.6394635, 51.7992723 ], [ 0.6398021, 51.7995148 ], [ 0.639946, 51.7996286 ], [ 0.6401881, 51.7998179 ] ] } },
{ "type": "Feature", "properties": { "id": 13600, "nach": 0.44881426803533409 }, "geometry": { "type": "LineString", "coordinates": [ [ 0.6402444, 51.799878500000013 ], [ 0.6392656, 51.8001901 ] ] } },
{ "type": "Feature", "properties": { "id": 31926, "nach": 0.62394357235096765 }, "geometry": { "type": "LineString", "coordinates": [ [ 0.640433, 51.8000547 ], [ 0.6402444, 51.799878500000013 ] ] } },
{ "type": "Feature", "properties": { "id": 18774, "nach": 0.62695485076506619 }, "geometry": { "type": "LineString", "coordinates": [ [ 0.6393187, 51.7993312 ], [ 0.6394635, 51.7992723 ] ] } },
{ "type": "Feature", "properties": { "id": 41936, "nach": 0.63633648569421475 }, "geometry": { "type": "LineString", "coordinates": [ [ 0.6393236, 51.7991672 ], [ 0.6394635, 51.7992723 ] ] } },
{ "type": "Feature", "properties": { "id": 12411, "nach": 0.62737721656365342 }, "geometry": { "type": "LineString", "coordinates": [ [ 0.6383554, 51.8092049 ], [ 0.6383442, 51.8090132 ] ] } },
{ "type": "Feature", "properties": { "id": 1774, "nach": 0.58579276101587652 }, "geometry": { "type": "LineString", "coordinates": [ [ 0.6383442, 51.8090132 ], [ 0.6383707, 51.8089137 ] ] } },
{ "type": "Feature", "properties": { "id": 20079, "nach": 0.57273152877150224 }, "geometry": { "type": "LineString", "coordinates": [ [ 0.6382898, 51.8089152 ], [ 0.6383442, 51.8090132 ] ] } },
{ "type": "Feature", "properties": { "id": 57523, "nach": 0.6395065838811882 }, "geometry": { "type": "LineString", "coordinates": [ [ 0.6383533, 51.8092529 ], [ 0.6383554, 51.8092049 ] ] } },
{ "type": "Feature", "properties": { "id": 20082, "nach": 0.52176201987078696 }, "geometry": { "type": "LineString", "coordinates": [ [ 0.6381076, 51.8091618 ], [ 0.6381762, 51.8091829 ], [ 0.6382537, 51.8091996 ], [ 0.6383554, 51.8092049 ] ] } },
{ "type": "Feature", "properties": { "id": 20081, "nach": 0.56886496288200306 }, "geometry": { "type": "LineString", "coordinates": [ [ 0.6382898, 51.8089152 ], [ 0.6383707, 51.8089137 ] ] } },
{ "type": "Feature", "properties": { "id": 20077, "nach": 0.53822091459912491 }, "geometry": { "type": "LineString", "coordinates": [ [ 0.6383707, 51.8089137 ], [ 0.638362, 51.808811900000016 ], [ 0.6383623, 51.8087105 ], [ 0.6383701, 51.8086462 ], [ 0.6383714, 51.808594500000012 ], [ 0.6383888, 51.808546 ], [ 0.6384055, 51.8084889 ], [ 0.6384168, 51.8084515 ], [ 0.6384439, 51.8084109 ], [ 0.638459, 51.8083904 ], [ 0.6384852, 51.80836690000001 ], [ 0.6385553, 51.8083224 ] ] } },
{ "type": "Feature", "properties": { "id": 32723, "nach": 0.59822632351343508 }, "geometry": { "type": "LineString", "coordinates": [ [ 0.6386592, 51.8088544 ], [ 0.6385473, 51.8088973 ], [ 0.6385382, 51.808951 ], [ 0.6384698, 51.808949499999969 ], [ 0.6384489, 51.8089444 ], [ 0.6384336, 51.80891170000001 ], [ 0.6383707, 51.8089137 ] ] } },
{ "type": "Feature", "properties": { "id": 20088, "nach": 0.39820438894573745 }, "geometry": { "type": "LineString", "coordinates": [ [ 0.6374781, 51.8075357 ], [ 0.6375396, 51.8075151 ] ] } },
{ "type": "Feature", "properties": { "id": 19999, "nach": 0.58199654106862653 }, "geometry": { "type": "LineString", "coordinates": [ [ 0.6378188, 51.8078414 ], [ 0.6375396, 51.8075151 ] ] } },
{ "type": "Feature", "properties": { "id": 13896, "nach": 0.5533330010506331 }, "geometry": { "type": "LineString", "coordinates": [ [ 0.6377865, 51.807343 ], [ 0.6376984, 51.807427 ], [ 0.6376406, 51.807482 ], [ 0.6375396, 51.8075151 ] ] } },
{ "type": "Feature", "properties": { "id": 13893, "nach": 0.60900217391923417 }, "geometry": { "type": "LineString", "coordinates": [ [ 0.6374111, 51.8073566 ], [ 0.6374491, 51.8073994 ], [ 0.6375396, 51.8075151 ] ] } },
{ "type": "Feature", "properties": { "id": 20089, "nach": 0.50903026655322625 }, "geometry": { "type": "LineString", "coordinates": [ [ 0.6374781, 51.8075357 ], [ 0.6373523, 51.8073736 ] ] } },
{ "type": "Feature", "properties": { "id": 20090, "nach": 0.50639152844221347 }, "geometry": { "type": "LineString", "coordinates": [ [ 0.6374781, 51.8075357 ], [ 0.6376482, 51.8077435 ], [ 0.6378312, 51.8079646 ], [ 0.6379808, 51.8081732 ] ] } },
{ "type": "Feature", "properties": { "id": 20000, "nach": 0.55244678855770213 }, "geometry": { "type": "LineString", "coordinates": [ [ 0.6378188, 51.8078414 ], [ 0.637914, 51.8079596 ], [ 0.6379725, 51.8080122 ], [ 0.6380538, 51.808082700000014 ], [ 0.6381101, 51.808131 ] ] } },
{ "type": "Feature", "properties": { "id": 20101, "nach": 0.51633210889527836 }, "geometry": { "type": "LineString", "coordinates": [ [ 0.6382055, 51.8080592 ], [ 0.6380198, 51.807978900000016 ], [ 0.6378188, 51.8078414 ] ] } },
{ "type": "Feature", "properties": { "id": 13895, "nach": 0.44255950317134574 }, "geometry": { "type": "LineString", "coordinates": [ [ 0.6377865, 51.807343 ], [ 0.6375579, 51.8073005 ] ] } },
{ "type": "Feature", "properties": { "id": 32693, "nach": 0.55021314359576978 }, "geometry": { "type": "LineString", "coordinates": [ [ 0.6384173, 51.807441 ], [ 0.6377865, 51.807343 ] ] } },
{ "type": "Feature", "properties": { "id": 13892, "nach": 0.52663878509074813 }, "geometry": { "type": "LineString", "coordinates": [ [ 0.6374111, 51.8073566 ], [ 0.6372679, 51.8071531 ], [ 0.6372025, 51.807044599999983 ], [ 0.6371503, 51.8069244 ], [ 0.637117199999989, 51.806785499999982 ], [ 0.6371077, 51.8066418 ], [ 0.6371352, 51.8063979 ], [ 0.6371447, 51.8063017 ], [ 0.6371722, 51.8061475 ] ] } },
{ "type": "Feature", "properties": { "id": 20070, "nach": 0.59412378565854995 }, "geometry": { "type": "LineString", "coordinates": [ [ 0.6373523, 51.8073736 ], [ 0.6374111, 51.8073566 ] ] } },
{ "type": "Feature", "properties": { "id": 16687, "nach": 0.58767545120304188 }, "geometry": { "type": "LineString", "coordinates": [ [ 0.636722, 51.8061465 ], [ 0.6369527, 51.806127600000018 ], [ 0.6371722, 51.8061475 ] ] } },
{ "type": "Feature", "properties": { "id": 50879, "nach": 0.59288075589963307 }, "geometry": { "type": "LineString", "coordinates": [ [ 0.6376201, 51.8057017 ], [ 0.6373277, 51.805998 ], [ 0.6371722, 51.8061475 ] ] } },
{ "type": "Feature", "properties": { "id": 20014, "nach": 0.57743556402553164 }, "geometry": { "type": "LineString", "coordinates": [ [ 0.6355476, 51.8064274 ], [ 0.6355781, 51.8064163 ], [ 0.6357582, 51.8063451 ], [ 0.6359679, 51.8062812 ], [ 0.6361317, 51.8062486 ], [ 0.6363, 51.8062172 ], [ 0.636722, 51.8061465 ] ] } },
{ "type": "Feature", "properties": { "id": 40388, "nach": 0.50366236676096987 }, "geometry": { "type": "LineString", "coordinates": [ [ 0.6363714, 51.8056084 ], [ 0.6364423, 51.805651600000012 ], [ 0.6365676, 51.8058119 ], [ 0.6366289, 51.8059474 ], [ 0.636722, 51.8061465 ] ] } },
{ "type": "Feature", "properties": { "id": 50878, "nach": 0.5772797633942196 }, "geometry": { "type": "LineString", "coordinates": [ [ 0.6376201, 51.8057017 ], [ 0.6376807, 51.8056485 ] ] } },
{ "type": "Feature", "properties": { "id": 50880, "nach": 0.49167164627451848 }, "geometry": { "type": "LineString", "coordinates": [ [ 0.6376201, 51.8057017 ], [ 0.6376807, 51.8057244 ], [ 0.6379417, 51.805821900000012 ], [ 0.6382906, 51.8056113 ], [ 0.6383456, 51.8055715 ] ] } },
{ "type": "Feature", "properties": { "id": 1787, "nach": 0.62875885903306006 }, "geometry": { "type": "LineString", "coordinates": [ [ 0.6385965, 51.8046622 ], [ 0.6385994, 51.8047326 ], [ 0.6385576, 51.8048076 ], [ 0.6385225, 51.8048557 ] ] } },
{ "type": "Feature", "properties": { "id": 9363, "nach": 0.62103566371237795 }, "geometry": { "type": "LineString", "coordinates": [ [ 0.6380436, 51.805368799999989 ], [ 0.638093, 51.80530370000001 ], [ 0.6382219, 51.8051542 ], [ 0.6383841, 51.8050041 ], [ 0.6385225, 51.8048557 ] ] } },
{ "type": "Feature", "properties": { "id": 42048, "nach": 0.56449005943063801 }, "geometry": { "type": "LineString", "coordinates": [ [ 0.6403652, 51.8055962 ], [ 0.640153, 51.8054893 ], [ 0.6400222, 51.8053434 ], [ 0.6385225, 51.8048557 ] ] } },
{ "type": "Feature", "properties": { "id": 7946, "nach": 0.6138284504587681 }, "geometry": { "type": "LineString", "coordinates": [ [ 0.637759, 51.8036016 ], [ 0.6377697, 51.8036877 ], [ 0.6378022, 51.8037661 ], [ 0.6378465, 51.8038421 ], [ 0.6379031, 51.8039209 ], [ 0.6379734, 51.8040117 ], [ 0.638055, 51.8041069 ], [ 0.6381461, 51.80418550000001 ], [ 0.6382352, 51.804257 ], [ 0.6384116, 51.8043919 ], [ 0.6385045, 51.8044658 ], [ 0.6385557, 51.8045432 ], [ 0.6385965, 51.8046622 ] ] } },
{ "type": "Feature", "properties": { "id": 7947, "nach": 0.59301071332507804 }, "geometry": { "type": "LineString", "coordinates": [ [ 0.6391266, 51.8045485 ], [ 0.6390043, 51.8045907 ], [ 0.6388307, 51.8046311 ], [ 0.6386961, 51.804647 ], [ 0.6385965, 51.8046622 ] ] } },
{ "type": "Feature", "properties": { "id": 20030, "nach": 0.57388308398781096 }, "geometry": { "type": "LineString", "coordinates": [ [ 0.6383456, 51.8055715 ], [ 0.6380436, 51.805368799999989 ] ] } },
{ "type": "Feature", "properties": { "id": 13889, "nach": 0.57989305976485761 }, "geometry": { "type": "LineString", "coordinates": [ [ 0.6376807, 51.8056485 ], [ 0.6377784, 51.8055575 ], [ 0.6380436, 51.805368799999989 ] ] } },
{ "type": "Feature", "properties": { "id": 42050, "nach": 0.56010783577448209 }, "geometry": { "type": "LineString", "coordinates": [ [ 0.6402952, 51.8057233 ], [ 0.6403652, 51.8055962 ] ] } },
{ "type": "Feature", "properties": { "id": 42080, "nach": 0.5171749340460785 }, "geometry": { "type": "LineString", "coordinates": [ [ 0.6407318, 51.8056999 ], [ 0.6403652, 51.8055962 ] ] } },
{ "type": "Feature", "properties": { "id": 7944, "nach": 0.57272115600380669 }, "geometry": { "type": "LineString", "coordinates": [ [ 0.637759, 51.8036016 ], [ 0.637812, 51.803346700000013 ] ] } },
{ "type": "Feature", "properties": { "id": 7945, "nach": 0.56006102387617185 }, "geometry": { "type": "LineString", "coordinates": [ [ 0.637759, 51.8036016 ], [ 0.6375323, 51.8034262 ] ] } },
{ "type": "Feature", "properties": { "id": 18182, "nach": 0.5616909020081069 }, "geometry": { "type": "LineString", "coordinates": [ [ 0.6409826, 51.8046065 ], [ 0.6406751, 51.804505 ], [ 0.6404819, 51.8044735 ], [ 0.6402137, 51.8044802 ], [ 0.639322, 51.804613 ], [ 0.6392395, 51.8046136 ], [ 0.6391721, 51.8045784 ], [ 0.6391266, 51.8045485 ] ] } },
{ "type": "Feature", "properties": { "id": 42035, "nach": 0.53437656325630511 }, "geometry": { "type": "LineString", "coordinates": [ [ 0.6396438, 51.8042177 ], [ 0.6394443, 51.8043303 ], [ 0.6392395, 51.804471100000015 ], [ 0.6391266, 51.8045485 ] ] } },
{ "type": "Feature", "properties": { "id": 38337, "nach": 0.60198284844043748 }, "geometry": { "type": "LineString", "coordinates": [ [ 0.6384583, 51.8020655 ], [ 0.6383815, 51.8021732 ], [ 0.6381995, 51.80244780000001 ], [ 0.6380293, 51.8027667 ], [ 0.6379189, 51.8030373 ], [ 0.6378633, 51.8031815 ], [ 0.637812, 51.803346700000013 ] ] } },
{ "type": "Feature", "properties": { "id": 1805, "nach": 0.53848549245120103 }, "geometry": { "type": "LineString", "coordinates": [ [ 0.6375323, 51.8034262 ], [ 0.6376092, 51.8034255 ], [ 0.6376585, 51.803412600000016 ], [ 0.6377245, 51.803384 ], [ 0.637812, 51.803346700000013 ] ] } },
{ "type": "Feature", "properties": { "id": 38336, "nach": 0.60743413825393355 }, "geometry": { "type": "LineString", "coordinates": [ [ 0.6384583, 51.8020655 ], [ 0.6385219, 51.8019817 ] ] } },
{ "type": "Feature", "properties": { "id": 41942, "nach": 0.47356532138696961 }, "geometry": { "type": "LineString", "coordinates": [ [ 0.6397851, 51.8028776 ], [ 0.6396739, 51.8027527 ], [ 0.6396045, 51.8027147 ], [ 0.639465, 51.8026658 ], [ 0.6394428, 51.8026507 ], [ 0.639519, 51.8024459 ], [ 0.6384583, 51.8020655 ] ] } },
{ "type": "Feature", "properties": { "id": 1803, "nach": 0.59257894154440927 }, "geometry": { "type": "LineString", "coordinates": [ [ 0.6375323, 51.8034262 ], [ 0.6372372, 51.803182700000015 ] ] } },
{ "type": "Feature", "properties": { "id": 18111, "nach": 0.60302164868717634 }, "geometry": { "type": "LineString", "coordinates": [ [ 0.6391582, 51.8013281 ], [ 0.639371, 51.8011642 ] ] } },
{ "type": "Feature", "properties": { "id": 1796, "nach": 0.63439973612375389 }, "geometry": { "type": "LineString", "coordinates": [ [ 0.6397765, 51.8008653 ], [ 0.639581, 51.8010029 ], [ 0.639371, 51.8011642 ] ] } },
{ "type": "Feature", "properties": { "id": 1793, "nach": 0.56492849189207428 }, "geometry": { "type": "LineString", "coordinates": [ [ 0.639371, 51.8011642 ], [ 0.6392463, 51.8011201 ], [ 0.6391252, 51.8010641 ], [ 0.6390323, 51.8008873 ], [ 0.6389285, 51.8007203 ] ] } },
{ "type": "Feature", "properties": { "id": 56971, "nach": 0.62258853904080025 }, "geometry": { "type": "LineString", "coordinates": [ [ 0.6390413, 51.8014343 ], [ 0.6391582, 51.8013281 ] ] } },
{ "type": "Feature", "properties": { "id": 18121, "nach": 0.53290280494399311 }, "geometry": { "type": "LineString", "coordinates": [ [ 0.6388274, 51.8007563 ], [ 0.6389249, 51.800895 ], [ 0.6391582, 51.8013281 ] ] } },
{ "type": "Feature", "properties": { "id": 43010, "nach": 0.58366621862777435 }, "geometry": { "type": "LineString", "coordinates": [ [ 0.639904, 51.8009762 ], [ 0.6397765, 51.8008653 ] ] } },
{ "type": "Feature", "properties": { "id": 24932, "nach": 0.64588858062724663 }, "geometry": { "type": "LineString", "coordinates": [ [ 0.639945, 51.8007534 ], [ 0.6397765, 51.8008653 ] ] } },
{ "type": "Feature", "properties": { "id": 18196, "nach": 0.53043430321824381 }, "geometry": { "type": "LineString", "coordinates": [ [ 0.6389285, 51.8007203 ], [ 0.6388274, 51.8007563 ] ] } },
{ "type": "Feature", "properties": { "id": 18197, "nach": 0.54517078822778997 }, "geometry": { "type": "LineString", "coordinates": [ [ 0.6389285, 51.8007203 ], [ 0.6387546, 51.8005138 ] ] } },
{ "type": "Feature", "properties": { "id": 42026, "nach": 0.53294397996547394 }, "geometry": { "type": "LineString", "coordinates": [ [ 0.6394165, 51.8005467 ], [ 0.6393281, 51.8005781 ], [ 0.6389285, 51.8007203 ] ] } },
{ "type": "Feature", "properties": { "id": 43012, "nach": 0.56204694201968342 }, "geometry": { "type": "LineString", "coordinates": [ [ 0.639904, 51.8009762 ], [ 0.64023, 51.8012527 ] ] } },
{ "type": "Feature", "properties": { "id": 43011, "nach": 0.44792061954974505 }, "geometry": { "type": "LineString", "coordinates": [ [ 0.639904, 51.8009762 ], [ 0.6397034, 51.8010957 ] ] } },
{ "type": "Feature", "properties": { "id": 24934, "nach": 0.64808880548085668 }, "geometry": { "type": "LineString", "coordinates": [ [ 0.639945, 51.8007534 ], [ 0.6402188, 51.8005717 ], [ 0.6404582, 51.8004209 ], [ 0.6406844, 51.8002757 ] ] } },
{ "type": "Feature", "properties": { "id": 24935, "nach": 0.44765052361214225 }, "geometry": { "type": "LineString", "coordinates": [ [ 0.6404734, 51.8008084 ], [ 0.6401408, 51.8008748 ], [ 0.639945, 51.8007534 ] ] } },
{ "type": "Feature", "properties": { "id": 31925, "nach": 0.6620322404473028 }, "geometry": { "type": "LineString", "coordinates": [ [ 0.640433, 51.8000547 ], [ 0.6406844, 51.8002757 ] ] } },
{ "type": "Feature", "properties": { "id": 37370, "nach": 0.60889921204024022 }, "geometry": { "type": "LineString", "coordinates": [ [ 0.6410885, 51.80057870000001 ], [ 0.6406844, 51.8002757 ] ] } },
{ "type": "Feature", "properties": { "id": 64955, "nach": 0.61401942468234583 }, "geometry": { "type": "LineString", "coordinates": [ [ 0.6413346, 51.7996254 ], [ 0.6412895, 51.7996267 ], [ 0.6410905, 51.79970680000001 ], [ 0.6409978, 51.7997715 ], [ 0.6408318, 51.799876800000014 ], [ 0.640713, 51.799930700000012 ], [ 0.6405269, 51.8000073 ], [ 0.640433, 51.8000547 ] ] } },
{ "type": "Feature", "properties": { "id": 37371, "nach": 0.60120973736465233 }, "geometry": { "type": "LineString", "coordinates": [ [ 0.6410885, 51.80057870000001 ], [ 0.6413745, 51.8007819 ], [ 0.6416597, 51.8010029 ], [ 0.6418632, 51.8011537 ] ] } },
{ "type": "Feature", "properties": { "id": 37373, "nach": 0.44405531691444355 }, "geometry": { "type": "LineString", "coordinates": [ [ 0.6416969, 51.8001128 ], [ 0.6414676, 51.8002711 ], [ 0.6414772, 51.800295 ], [ 0.6414338, 51.8003278 ], [ 0.6413924, 51.8003906 ], [ 0.6410885, 51.80057870000001 ] ] } },
{ "type": "Feature", "properties": { "id": 40383, "nach": 0.57325822252964354 }, "geometry": { "type": "LineString", "coordinates": [ [ 0.6367442, 51.8034472 ], [ 0.6372372, 51.803182700000015 ] ] } },
{ "type": "Feature", "properties": { "id": 1807, "nach": 0.53207163239124755 }, "geometry": { "type": "LineString", "coordinates": [ [ 0.6365891, 51.8025169 ], [ 0.6369192, 51.8028903 ], [ 0.6372372, 51.803182700000015 ] ] } },
{ "type": "Feature", "properties": { "id": 40385, "nach": 0.56220031271580639 }, "geometry": { "type": "LineString", "coordinates": [ [ 0.6367442, 51.8034472 ], [ 0.6365862, 51.8035413 ], [ 0.6363185, 51.8037273 ] ] } },
{ "type": "Feature", "properties": { "id": 40386, "nach": 0.43937384190557865 }, "geometry": { "type": "LineString", "coordinates": [ [ 0.6370854, 51.8038761 ], [ 0.6367442, 51.8034472 ] ] } },
{ "type": "Feature", "properties": { "id": 1810, "nach": 0.51045730851675875 }, "geometry": { "type": "LineString", "coordinates": [ [ 0.6357125, 51.8019731 ], [ 0.6361588, 51.8022703 ], [ 0.6365891, 51.8025169 ] ] } },
{ "type": "Feature", "properties": { "id": 52645, "nach": 0.432574592566218 }, "geometry": { "type": "LineString", "coordinates": [ [ 0.6365127, 51.802104500000013 ], [ 0.6366398, 51.802193699999989 ], [ 0.6366384, 51.8022486 ], [ 0.6366014, 51.8024287 ], [ 0.6365891, 51.8025169 ] ] } },
{ "type": "Feature", "properties": { "id": 1813, "nach": 0.5155048935658233 }, "geometry": { "type": "LineString", "coordinates": [ [ 0.6347941, 51.8012513 ], [ 0.635394, 51.8016944 ], [ 0.6357125, 51.8019731 ] ] } },
{ "type": "Feature", "properties": { "id": 18772, "nach": 0.40211432033555494 }, "geometry": { "type": "LineString", "coordinates": [ [ 0.637159, 51.8014245 ], [ 0.6369444, 51.8012786 ], [ 0.6357125, 51.8019731 ] ] } },
{ "type": "Feature", "properties": { "id": 41946, "nach": 0.4795488235164953 }, "geometry": { "type": "LineString", "coordinates": [ [ 0.6372877, 51.800934 ], [ 0.6367968, 51.8009959 ], [ 0.6362985, 51.8010756 ], [ 0.6355282, 51.801126 ], [ 0.6347941, 51.8012513 ] ] } },
{ "type": "Feature", "properties": { "id": 41944, "nach": 0.41040126485209488 }, "geometry": { "type": "LineString", "coordinates": [ [ 0.6372877, 51.800934 ], [ 0.6373311, 51.8010434 ], [ 0.6377195, 51.8013708 ], [ 0.6378746, 51.8015203 ], [ 0.6377069, 51.801697900000015 ], [ 0.6385219, 51.8019817 ] ] } },
{ "type": "Feature", "properties": { "id": 41943, "nach": 0.42018824508234753 }, "geometry": { "type": "LineString", "coordinates": [ [ 0.6372877, 51.800934 ], [ 0.6371056, 51.800475 ], [ 0.6372434, 51.8004592 ], [ 0.6373017, 51.8004476 ], [ 0.6373274, 51.800407200000016 ], [ 0.6373928, 51.800346500000011 ], [ 0.6374185, 51.8003249 ], [ 0.6374465, 51.8002931 ], [ 0.6376776, 51.8002653 ] ] } },
{ "type": "Feature", "properties": { "id": 62773, "nach": 0.49005109298915178 }, "geometry": { "type": "LineString", "coordinates": [ [ 0.6390065, 51.80146640000001 ], [ 0.6380347, 51.800949700000011 ], [ 0.6372877, 51.800934 ] ] } },
{ "type": "Feature", "properties": { "id": 18155, "nach": 0.60043064684476899 }, "geometry": { "type": "LineString", "coordinates": [ [ 0.635297, 51.8002418 ], [ 0.6346947, 51.800388599999984 ] ] } },
{ "type": "Feature", "properties": { "id": 52748, "nach": 0.64731185330402952 }, "geometry": { "type": "LineString", "coordinates": [ [ 0.6375635, 51.7978856 ], [ 0.6372154, 51.7976358 ] ] } },
{ "type": "Feature", "properties": { "id": 1824, "nach": 0.64881612104964215 }, "geometry": { "type": "LineString", "coordinates": [ [ 0.6366535, 51.7972044 ], [ 0.6369254, 51.797436799999986 ], [ 0.6372154, 51.7976358 ] ] } },
{ "type": "Feature", "properties": { "id": 50818, "nach": 0.52882735910630163 }, "geometry": { "type": "LineString", "coordinates": [ [ 0.6378481, 51.797292600000013 ], [ 0.6377182, 51.7973442 ], [ 0.6372154, 51.7976358 ] ] } },
{ "type": "Feature", "properties": { "id": 52749, "nach": 0.64754872481739356 }, "geometry": { "type": "LineString", "coordinates": [ [ 0.6375635, 51.7978856 ], [ 0.6378999, 51.7981081 ] ] } },
{ "type": "Feature", "properties": { "id": 52751, "nach": 0.45352783773883265 }, "geometry": { "type": "LineString", "coordinates": [ [ 0.6384039, 51.7975042 ], [ 0.6382063, 51.7976186 ], [ 0.6380702, 51.7976917 ], [ 0.6379736, 51.7977115 ], [ 0.6378873, 51.7977228 ], [ 0.6378091, 51.7977485 ], [ 0.6377678, 51.7977656 ], [ 0.6375635, 51.7978856 ] ] } },
{ "type": "Feature", "properties": { "id": 37360, "nach": 0.59775643949802326 }, "geometry": { "type": "LineString", "coordinates": [ [ 0.6363327, 51.7973379 ], [ 0.6363645, 51.797317 ], [ 0.6366535, 51.7972044 ] ] } },
{ "type": "Feature", "properties": { "id": 18163, "nach": 0.65661646698718812 }, "geometry": { "type": "LineString", "coordinates": [ [ 0.6363567, 51.7969347 ], [ 0.6365517, 51.7970793 ], [ 0.6366535, 51.7972044 ] ] } },
{ "type": "Feature", "properties": { "id": 50819, "nach": 0.45347009082694545 }, "geometry": { "type": "LineString", "coordinates": [ [ 0.6378481, 51.797292600000013 ], [ 0.6379161, 51.7972748 ], [ 0.6381119, 51.79718350000001 ] ] } },
{ "type": "Feature", "properties": { "id": 50820, "nach": 0.45030482890931406 }, "geometry": { "type": "LineString", "coordinates": [ [ 0.6378481, 51.797292600000013 ], [ 0.6377034, 51.7972001 ], [ 0.6376547, 51.7971613 ], [ 0.6377351, 51.7971254 ], [ 0.6378578, 51.7970678 ] ] } },
{ "type": "Feature", "properties": { "id": 52744, "nach": 0.59229002844261913 }, "geometry": { "type": "LineString", "coordinates": [ [ 0.6359945, 51.7975604 ], [ 0.6363327, 51.7973379 ] ] } },
{ "type": "Feature", "properties": { "id": 37361, "nach": 0.36615449192756078 }, "geometry": { "type": "LineString", "coordinates": [ [ 0.6363327, 51.7973379 ], [ 0.6360308, 51.7971383 ], [ 0.6360464, 51.7969853 ], [ 0.6361191, 51.7969478 ], [ 0.6362108, 51.7970109 ] ] } },
{ "type": "Feature", "properties": { "id": 18162, "nach": 0.66034845709862222 }, "geometry": { "type": "LineString", "coordinates": [ [ 0.6363567, 51.7969347 ], [ 0.6361848, 51.7968107 ], [ 0.6360237, 51.7967017 ], [ 0.6359445, 51.79664720000001 ] ] } },
{ "type": "Feature", "properties": { "id": 40782, "nach": 0.45807244782126727 }, "geometry": { "type": "LineString", "coordinates": [ [ 0.637215, 51.7967088 ], [ 0.6369319, 51.7965545 ], [ 0.6363567, 51.7969347 ] ] } },
{ "type": "Feature", "properties": { "id": 37362, "nach": 0.50859764014030795 }, "geometry": { "type": "LineString", "coordinates": [ [ 0.6362108, 51.7970109 ], [ 0.6363567, 51.7969347 ] ] } },
{ "type": "Feature", "properties": { "id": 1830, "nach": 0.56733485293805308 }, "geometry": { "type": "LineString", "coordinates": [ [ 0.6355442, 51.7987021 ], [ 0.635485, 51.7983298 ] ] } },
{ "type": "Feature", "properties": { "id": 52745, "nach": 0.57743370346804124 }, "geometry": { "type": "LineString", "coordinates": [ [ 0.6359945, 51.7975604 ], [ 0.6358836, 51.7976334 ], [ 0.6355917, 51.797878 ], [ 0.635437, 51.7980665 ], [ 0.635485, 51.7983298 ] ] } },
{ "type": "Feature", "properties": { "id": 20059, "nach": 0.46201659960295705 }, "geometry": { "type": "LineString", "coordinates": [ [ 0.6347826, 51.7981772 ], [ 0.6348192, 51.798196 ], [ 0.6348641, 51.798217200000011 ], [ 0.6349151, 51.7982296 ], [ 0.6351491, 51.7982694 ], [ 0.635485, 51.7983298 ] ] } },
{ "type": "Feature", "properties": { "id": 41952, "nach": 0.56073619272772746 }, "geometry": { "type": "LineString", "coordinates": [ [ 0.6353008, 51.799233400000013 ], [ 0.6354584, 51.7989277 ], [ 0.6355442, 51.7987021 ] ] } },
{ "type": "Feature", "properties": { "id": 1835, "nach": 0.49795407676773951 }, "geometry": { "type": "LineString", "coordinates": [ [ 0.6363387, 51.7984884 ], [ 0.6363264, 51.79864950000001 ], [ 0.6361033, 51.7986919 ], [ 0.6355442, 51.7987021 ] ] } },
{ "type": "Feature", "properties": { "id": 52747, "nach": 0.4562938892477223 }, "geometry": { "type": "LineString", "coordinates": [ [ 0.6364071, 51.7978429 ], [ 0.6362491, 51.797749700000011 ], [ 0.6362284, 51.7977095 ], [ 0.6362092, 51.797675700000013 ], [ 0.6359945, 51.7975604 ] ] } },
{ "type": "Feature", "properties": { "id": 20058, "nach": 0.50329773467727568 }, "geometry": { "type": "LineString", "coordinates": [ [ 0.6347826, 51.7981772 ], [ 0.6348028, 51.7981708 ], [ 0.6350876, 51.798028600000016 ], [ 0.6351443, 51.7979772 ] ] } },
{ "type": "Feature", "properties": { "id": 41950, "nach": 0.56177996134254471 }, "geometry": { "type": "LineString", "coordinates": [ [ 0.6353008, 51.799233400000013 ], [ 0.6351673, 51.7994923 ] ] } },
{ "type": "Feature", "properties": { "id": 41951, "nach": 0.41918337338427891 }, "geometry": { "type": "LineString", "coordinates": [ [ 0.6353008, 51.799233400000013 ], [ 0.6344175, 51.7989293 ] ] } },
{ "type": "Feature", "properties": { "id": 1836, "nach": 0.42105507733435887 }, "geometry": { "type": "LineString", "coordinates": [ [ 0.6369073, 51.7984751 ], [ 0.6363387, 51.7984884 ] ] } },
{ "type": "Feature", "properties": { "id": 1837, "nach": 0.41820179123528844 }, "geometry": { "type": "LineString", "coordinates": [ [ 0.6364352, 51.7981035 ], [ 0.6363387, 51.7984884 ] ] } },
{ "type": "Feature", "properties": { "id": 1841, "nach": 0.57162831490663601 }, "geometry": { "type": "LineString", "coordinates": [ [ 0.634703, 51.80019630000001 ], [ 0.6351673, 51.7994923 ] ] } },
{ "type": "Feature", "properties": { "id": 56964, "nach": 0.50184381618326401 }, "geometry": { "type": "LineString", "coordinates": [ [ 0.6360748, 51.799541 ], [ 0.6357103, 51.7995076 ], [ 0.6354206, 51.7995474 ], [ 0.6351673, 51.7994923 ] ] } },
{ "type": "Feature", "properties": { "id": 56963, "nach": 0.43029107527085492 }, "geometry": { "type": "LineString", "coordinates": [ [ 0.6360748, 51.799541 ], [ 0.6361448, 51.7995474 ] ] } },
{ "type": "Feature", "properties": { "id": 56966, "nach": 0.41877445817221293 }, "geometry": { "type": "LineString", "coordinates": [ [ 0.6365486, 51.799448 ], [ 0.636515, 51.799415 ], [ 0.6364695, 51.7993929 ], [ 0.6363983, 51.7993844 ], [ 0.6362973, 51.7993819 ], [ 0.6362103, 51.7993942 ], [ 0.6361628, 51.7994119 ], [ 0.6361271, 51.7994382 ], [ 0.6360955, 51.7994786 ], [ 0.6360748, 51.799541 ] ] } },
{ "type": "Feature", "properties": { "id": 1844, "nach": 0.075256638939121961 }, "geometry": { "type": "LineString", "coordinates": [ [ 0.6548975, 51.809159200000011 ], [ 0.6548432, 51.8092762 ], [ 0.6547956, 51.809333400000014 ], [ 0.6547329, 51.8093796 ], [ 0.6546691, 51.8094203 ], [ 0.654593, 51.8094489 ], [ 0.6545144, 51.8094691 ], [ 0.6544141, 51.8094859 ], [ 0.654322, 51.8094897 ], [ 0.6541941, 51.809481 ], [ 0.6541171, 51.8094622 ], [ 0.6540401, 51.8094322 ], [ 0.6539807, 51.8093968 ], [ 0.6539284, 51.8093552 ], [ 0.6538667, 51.8092746 ], [ 0.6537609, 51.8090886 ], [ 0.653613, 51.8087803 ], [ 0.6533972, 51.8084109 ] ] } },
{ "type": "Feature", "properties": { "id": 18193, "nach": 0.38158185484807938 }, "geometry": { "type": "LineString", "coordinates": [ [ 0.6541737, 51.808454400000016 ], [ 0.6544273, 51.8085901 ], [ 0.6545984, 51.808725699999982 ], [ 0.6547043, 51.8088289 ], [ 0.654791899999989, 51.8089335 ], [ 0.654859, 51.8090486 ], [ 0.6548975, 51.809159200000011 ] ] } },
{ "type": "Feature", "properties": { "id": 24199, "nach": 0.2352875077598382 }, "geometry": { "type": "LineString", "coordinates": [ [ 0.6569988, 51.8122302 ], [ 0.6568726, 51.8121055 ], [ 0.6567238, 51.8119999 ], [ 0.6558775, 51.8114301 ], [ 0.6556431, 51.8112609 ], [ 0.6553987, 51.811074300000016 ], [ 0.655296, 51.8109887 ], [ 0.6552007, 51.8109074 ], [ 0.6551456, 51.8108549 ], [ 0.6550995, 51.810797900000011 ], [ 0.6550637, 51.8107358 ], [ 0.655023, 51.810672 ], [ 0.6549896, 51.8106084 ], [ 0.6549554, 51.8105192 ], [ 0.6549343, 51.8104339 ], [ 0.6549256, 51.8103773 ], [ 0.6549192, 51.8102763 ], [ 0.6549217, 51.81018490000001 ], [ 0.6549478, 51.809829 ], [ 0.6549863, 51.8094951 ], [ 0.6549873, 51.8093802 ], [ 0.654974, 51.8092793 ], [ 0.6548975, 51.809159200000011 ] ] } },
{ "type": "Feature", "properties": { "id": 24200, "nach": 0.38586982873375064 }, "geometry": { "type": "LineString", "coordinates": [ [ 0.6569988, 51.8122302 ], [ 0.6564522, 51.8118997 ], [ 0.6561287, 51.8116802 ], [ 0.6557871, 51.811437 ], [ 0.6552129, 51.8110032 ], [ 0.6548782, 51.8107159 ], [ 0.6546227, 51.8104464 ], [ 0.6542245, 51.8099571 ], [ 0.6539668, 51.8095926 ], [ 0.6537493, 51.8092201 ], [ 0.6533972, 51.8084109 ] ] } },
{ "type": "Feature", "properties": { "id": 5457, "nach": 0.51516329801424765 }, "geometry": { "type": "LineString", "coordinates": [ [ 0.6533972, 51.8084109 ], [ 0.65333780441218, 51.808242547726437 ] ] } },
{ "type": "Feature", "properties": { "id": 18194, "nach": 0.39623445368713983 }, "geometry": { "type": "LineString", "coordinates": [ [ 0.6541737, 51.808454400000016 ], [ 0.6542461, 51.8083777 ], [ 0.6542917, 51.80831160000001 ], [ 0.6543037, 51.808250100000016 ], [ 0.6543077, 51.8081691 ], [ 0.6543047, 51.8076937 ], [ 0.6543179, 51.8076358 ], [ 0.6543455, 51.807568 ], [ 0.6543769, 51.8075117 ], [ 0.6544211, 51.8074568 ], [ 0.6544679, 51.8074071 ] ] } },
{ "type": "Feature", "properties": { "id": 46039, "nach": 0.53850810507070557 }, "geometry": { "type": "LineString", "coordinates": [ [ 0.6541737, 51.808454400000016 ], [ 0.653095925600906, 51.8081987898195 ] ] } },
{ "type": "Feature", "properties": { "id": 1846, "nach": 0.52617673406629295 }, "geometry": { "type": "LineString", "coordinates": [ [ 0.6517192, 51.807898 ], [ 0.6515082, 51.8078406 ], [ 0.6513596, 51.8077872 ], [ 0.6511361, 51.807701199999975 ] ] } },
{ "type": "Feature", "properties": { "id": 1847, "nach": 0.30826933724489014 }, "geometry": { "type": "LineString", "coordinates": [ [ 0.6517192, 51.807898 ], [ 0.6515817, 51.8078834 ], [ 0.6515276, 51.8078764 ], [ 0.6514852, 51.8078775 ], [ 0.6514677, 51.807885 ], [ 0.6514312, 51.807914599999989 ] ] } },
{ "type": "Feature", "properties": { "id": 46042, "nach": 0.53401638718295596 }, "geometry": { "type": "LineString", "coordinates": [ [ 0.6517592, 51.8079104 ], [ 0.6517192, 51.807898 ] ] } },
{ "type": "Feature", "properties": { "id": 1848, "nach": 0.55785011720566846 }, "geometry": { "type": "LineString", "coordinates": [ [ 0.6511361, 51.807701199999975 ], [ 0.6506655, 51.8074715 ] ] } },
{ "type": "Feature", "properties": { "id": 18211, "nach": 0.48794674638597879 }, "geometry": { "type": "LineString", "coordinates": [ [ 0.6514312, 51.807914599999989 ], [ 0.6513754, 51.8078497 ], [ 0.6513037, 51.8077998 ], [ 0.6511361, 51.807701199999975 ] ] } },
{ "type": "Feature", "properties": { "id": 18140, "nach": 0.43010870561426079 }, "geometry": { "type": "LineString", "coordinates": [ [ 0.6516463, 51.8080816 ], [ 0.6515515, 51.807998400000017 ], [ 0.6514312, 51.807914599999989 ] ] } },
{ "type": "Feature", "properties": { "id": 18212, "nach": 0.41455043795704555 }, "geometry": { "type": "LineString", "coordinates": [ [ 0.6514312, 51.807914599999989 ], [ 0.6515781, 51.8079602 ], [ 0.6517261, 51.8079854 ] ] } },
{ "type": "Feature", "properties": { "id": 18213, "nach": 0.40870189431306936 }, "geometry": { "type": "LineString", "coordinates": [ [ 0.6514312, 51.807914599999989 ], [ 0.6514112, 51.8079283 ], [ 0.6513778, 51.8079617 ], [ 0.6513419, 51.8080038 ] ] } },
{ "type": "Feature", "properties": { "id": 46044, "nach": 0.28934247821473258 }, "geometry": { "type": "LineString", "coordinates": [ [ 0.650827, 51.8076146 ], [ 0.6510965, 51.807736 ], [ 0.6512755, 51.8078502 ], [ 0.6513087, 51.8078738 ], [ 0.6513611, 51.8078973 ], [ 0.651397, 51.8079089 ], [ 0.6514312, 51.807914599999989 ] ] } },
{ "type": "Feature", "properties": { "id": 5461, "nach": 0.58485605703484389 }, "geometry": { "type": "LineString", "coordinates": [ [ 0.6506655, 51.8074715 ], [ 0.650827, 51.8076146 ] ] } },
{ "type": "Feature", "properties": { "id": 13430, "nach": 0.62071001510808343 }, "geometry": { "type": "LineString", "coordinates": [ [ 0.6501814, 51.80709370000001 ], [ 0.6502731, 51.8071842 ], [ 0.6504201, 51.8072963 ], [ 0.6506655, 51.8074715 ] ] } },
{ "type": "Feature", "properties": { "id": 13404, "nach": 0.58436044542030563 }, "geometry": { "type": "LineString", "coordinates": [ [ 0.6456648, 51.8052359 ], [ 0.6449942, 51.8060179 ] ] } },
{ "type": "Feature", "properties": { "id": 32649, "nach": 0.58398155486766734 }, "geometry": { "type": "LineString", "coordinates": [ [ 0.644604, 51.80648990000001 ], [ 0.6449942, 51.8060179 ] ] } },
{ "type": "Feature", "properties": { "id": 32663, "nach": 0.57970774506108191 }, "geometry": { "type": "LineString", "coordinates": [ [ 0.6444703, 51.8058985 ], [ 0.6445374, 51.8059048 ], [ 0.6449942, 51.8060179 ] ] } },
{ "type": "Feature", "properties": { "id": 13406, "nach": 0.59269886965913199 }, "geometry": { "type": "LineString", "coordinates": [ [ 0.6459101, 51.80481480000001 ], [ 0.6456648, 51.8052359 ] ] } },
{ "type": "Feature", "properties": { "id": 32477, "nach": 0.4471957883426767 }, "geometry": { "type": "LineString", "coordinates": [ [ 0.6459327, 51.805407 ], [ 0.6456648, 51.8052359 ] ] } },
{ "type": "Feature", "properties": { "id": 32653, "nach": 0.57242353499819731 }, "geometry": { "type": "LineString", "coordinates": [ [ 0.6444908, 51.8066427 ], [ 0.644604, 51.80648990000001 ] ] } },
{ "type": "Feature", "properties": { "id": 32652, "nach": 0.41990633178803144 }, "geometry": { "type": "LineString", "coordinates": [ [ 0.6449534, 51.806741100000018 ], [ 0.644604, 51.80648990000001 ] ] } },
{ "type": "Feature", "properties": { "id": 32661, "nach": 0.57574290151230589 }, "geometry": { "type": "LineString", "coordinates": [ [ 0.6444703, 51.8058985 ], [ 0.6441646, 51.80587 ] ] } },
{ "type": "Feature", "properties": { "id": 32664, "nach": 0.42607426194352133 }, "geometry": { "type": "LineString", "coordinates": [ [ 0.6447436, 51.8060974 ], [ 0.6444158, 51.8059974 ], [ 0.6444703, 51.8058985 ] ] } },
{ "type": "Feature", "properties": { "id": 68172, "nach": 0.53821184932798727 }, "geometry": { "type": "LineString", "coordinates": [ [ 0.6381037, 51.7930175 ], [ 0.6389288, 51.7930733 ] ] } },
{ "type": "Feature", "properties": { "id": 68173, "nach": 0.59797006002173847 }, "geometry": { "type": "LineString", "coordinates": [ [ 0.6381037, 51.7930175 ], [ 0.6382011, 51.7930918 ], [ 0.6382775, 51.7931661 ], [ 0.638308, 51.7932925 ], [ 0.638309, 51.7934308 ], [ 0.6383393, 51.7934814 ], [ 0.6386621, 51.7937581 ] ] } },
{ "type": "Feature", "properties": { "id": 12473, "nach": 0.65034464394421421 }, "geometry": { "type": "LineString", "coordinates": [ [ 0.6389411, 51.792967900000015 ], [ 0.638719, 51.7929537 ] ] } },
{ "type": "Feature", "properties": { "id": 38314, "nach": 0.56411364229034333 }, "geometry": { "type": "LineString", "coordinates": [ [ 0.6389288, 51.7930733 ], [ 0.6389411, 51.792967900000015 ] ] } },
{ "type": "Feature", "properties": { "id": 59735, "nach": 0.63406409629085447 }, "geometry": { "type": "LineString", "coordinates": [ [ 0.6391415, 51.7929794 ], [ 0.6389411, 51.792967900000015 ] ] } },
{ "type": "Feature", "properties": { "id": 59744, "nach": 0.61790494064540513 }, "geometry": { "type": "LineString", "coordinates": [ [ 0.6412577, 51.7931885 ], [ 0.6412454, 51.7930899 ] ] } },
{ "type": "Feature", "properties": { "id": 13884, "nach": 0.65220481683474418 }, "geometry": { "type": "LineString", "coordinates": [ [ 0.6413667, 51.7930704 ], [ 0.6412454, 51.7930899 ] ] } },
{ "type": "Feature", "properties": { "id": 59739, "nach": 0.60599583372536536 }, "geometry": { "type": "LineString", "coordinates": [ [ 0.6400246, 51.7930476 ], [ 0.6406945, 51.7930963 ], [ 0.6409273, 51.793113 ], [ 0.6410278, 51.7931182 ], [ 0.6411294, 51.7931075 ], [ 0.6412454, 51.7930899 ] ] } },
{ "type": "Feature", "properties": { "id": 59743, "nach": 0.62235960752237818 }, "geometry": { "type": "LineString", "coordinates": [ [ 0.6412577, 51.7931885 ], [ 0.641372, 51.7936122 ] ] } },
{ "type": "Feature", "properties": { "id": 59749, "nach": 0.47087994212468504 }, "geometry": { "type": "LineString", "coordinates": [ [ 0.6400005, 51.7931522 ], [ 0.6405698, 51.7931953 ], [ 0.6406222, 51.7931962 ], [ 0.6406915, 51.7931727 ], [ 0.6407549, 51.793156399999987 ], [ 0.64083, 51.7931629 ], [ 0.6410264, 51.7931751 ], [ 0.6412138, 51.793189 ], [ 0.6412577, 51.7931885 ] ] } },
{ "type": "Feature", "properties": { "id": 13883, "nach": 0.63963719503778516 }, "geometry": { "type": "LineString", "coordinates": [ [ 0.6413667, 51.7930704 ], [ 0.6414963, 51.793051 ] ] } },
{ "type": "Feature", "properties": { "id": 38280, "nach": 0.57969981958049521 }, "geometry": { "type": "LineString", "coordinates": [ [ 0.6412693, 51.7928997 ], [ 0.6413667, 51.7930704 ] ] } },
{ "type": "Feature", "properties": { "id": 59740, "nach": 0.60831712098864921 }, "geometry": { "type": "LineString", "coordinates": [ [ 0.6397558, 51.7930224 ], [ 0.6400246, 51.7930476 ] ] } },
{ "type": "Feature", "properties": { "id": 59746, "nach": 0.40306209075898475 }, "geometry": { "type": "LineString", "coordinates": [ [ 0.6400005, 51.7931522 ], [ 0.6400246, 51.7930476 ] ] } },
{ "type": "Feature", "properties": { "id": 70328, "nach": 0.52153435000036308 }, "geometry": { "type": "LineString", "coordinates": [ [ 0.6416541, 51.7934558 ], [ 0.6414963, 51.793051 ] ] } },
{ "type": "Feature", "properties": { "id": 3966, "nach": 0.62848088948381664 }, "geometry": { "type": "LineString", "coordinates": [ [ 0.6426993, 51.792822 ], [ 0.6419314, 51.7929808 ], [ 0.6414963, 51.793051 ] ] } },
{ "type": "Feature", "properties": { "id": 70329, "nach": 0.45518014383510502 }, "geometry": { "type": "LineString", "coordinates": [ [ 0.6416541, 51.7934558 ], [ 0.6418547, 51.7939703 ] ] } },
{ "type": "Feature", "properties": { "id": 70330, "nach": 0.46635622169402857 }, "geometry": { "type": "LineString", "coordinates": [ [ 0.6416541, 51.7934558 ], [ 0.6418085, 51.7934519 ], [ 0.6419288, 51.7934826 ], [ 0.6421341, 51.7934859 ], [ 0.6422597, 51.7934935 ], [ 0.6424261, 51.7935384 ], [ 0.6428702, 51.7936117 ], [ 0.6432736, 51.7936824 ] ] } },
{ "type": "Feature", "properties": { "id": 59720, "nach": 0.52786455893091122 }, "geometry": { "type": "LineString", "coordinates": [ [ 0.6426159, 51.7926842 ], [ 0.6426993, 51.792822 ] ] } },
{ "type": "Feature", "properties": { "id": 51574, "nach": 0.62243697991250446 }, "geometry": { "type": "LineString", "coordinates": [ [ 0.642889, 51.7927958 ], [ 0.6426993, 51.792822 ] ] } },
{ "type": "Feature", "properties": { "id": 51576, "nach": 0.4340039870642578 }, "geometry": { "type": "LineString", "coordinates": [ [ 0.6427893, 51.7930354 ], [ 0.6426993, 51.792822 ] ] } },
{ "type": "Feature", "properties": { "id": 59722, "nach": 0.56763722488531754 }, "geometry": { "type": "LineString", "coordinates": [ [ 0.6426159, 51.7926842 ], [ 0.6426782, 51.7926688 ], [ 0.6427333, 51.7926562 ] ] } },
{ "type": "Feature", "properties": { "id": 59723, "nach": 0.55890897465486078 }, "geometry": { "type": "LineString", "coordinates": [ [ 0.6426159, 51.7926842 ], [ 0.6425285, 51.7926956 ], [ 0.6425151, 51.7927246 ], [ 0.6424373, 51.7927711 ], [ 0.6423246, 51.7927962 ], [ 0.642322, 51.792796800000012 ], [ 0.6417561, 51.792888 ], [ 0.641457, 51.7929345 ], [ 0.6414127, 51.7929345 ], [ 0.6413443, 51.7929245 ] ] } },
{ "type": "Feature", "properties": { "id": 59927, "nach": 0.5575135947676052 }, "geometry": { "type": "LineString", "coordinates": [ [ 0.6423496, 51.792283 ], [ 0.6425513, 51.7925781 ], [ 0.6426159, 51.7926842 ] ] } },
{ "type": "Feature", "properties": { "id": 59728, "nach": 0.62174052400279056 }, "geometry": { "type": "LineString", "coordinates": [ [ 0.6429414, 51.7927866 ], [ 0.642889, 51.7927958 ] ] } },
{ "type": "Feature", "properties": { "id": 51577, "nach": 0.36612605446838031 }, "geometry": { "type": "LineString", "coordinates": [ [ 0.6427893, 51.7930354 ], [ 0.6429507, 51.7930105 ], [ 0.642961, 51.7930079 ], [ 0.6429687, 51.7930032 ], [ 0.6429714, 51.7929961 ], [ 0.6429703, 51.792988899999983 ], [ 0.6429689, 51.7929835 ], [ 0.6429657, 51.7929755 ], [ 0.642889, 51.7927958 ] ] } },
{ "type": "Feature", "properties": { "id": 59730, "nach": 0.0 }, "geometry": { "type": "LineString", "coordinates": [ [ 0.6429414, 51.7927866 ], [ 0.6430545, 51.7930604 ], [ 0.6428212, 51.7931015 ], [ 0.6427893, 51.7930354 ] ] } },
{ "type": "Feature", "properties": { "id": 37346, "nach": 0.49867069865362068 }, "geometry": { "type": "LineString", "coordinates": [ [ 0.6441152, 51.7923542 ], [ 0.6441854, 51.7925817 ] ] } },
{ "type": "Feature", "properties": { "id": 13886, "nach": 0.55915941701330407 }, "geometry": { "type": "LineString", "coordinates": [ [ 0.6437562, 51.7926461 ], [ 0.6441854, 51.7925817 ] ] } },
{ "type": "Feature", "properties": { "id": 18895, "nach": 0.54735641536299307 }, "geometry": { "type": "LineString", "coordinates": [ [ 0.6451849, 51.7924392 ], [ 0.6450624, 51.79238260000001 ], [ 0.6441854, 51.7925817 ] ] } },
{ "type": "Feature", "properties": { "id": 14896, "nach": 0.59687336929896639 }, "geometry": { "type": "LineString", "coordinates": [ [ 0.644351, 51.7930192 ], [ 0.6442805, 51.7928357 ], [ 0.6441854, 51.7925817 ] ] } },
{ "type": "Feature", "properties": { "id": 37344, "nach": 0.63525647552267395 }, "geometry": { "type": "LineString", "coordinates": [ [ 0.6441152, 51.7923542 ], [ 0.6439987, 51.7920039 ] ] } },
{ "type": "Feature", "properties": { "id": 37347, "nach": 0.62767301797122477 }, "geometry": { "type": "LineString", "coordinates": [ [ 0.6437064, 51.79245430000001 ], [ 0.6441152, 51.7923542 ] ] } },
{ "type": "Feature", "properties": { "id": 59714, "nach": 0.53937726355770155 }, "geometry": { "type": "LineString", "coordinates": [ [ 0.6435698, 51.7926778 ], [ 0.6437562, 51.7926461 ] ] } },
{ "type": "Feature", "properties": { "id": 37349, "nach": 0.49560588503677866 }, "geometry": { "type": "LineString", "coordinates": [ [ 0.6437064, 51.79245430000001 ], [ 0.6437267, 51.7925459 ], [ 0.6437562, 51.7926461 ] ] } },
{ "type": "Feature", "properties": { "id": 55495, "nach": 0.43185753685832323 }, "geometry": { "type": "LineString", "coordinates": [ [ 0.6452312, 51.79271030000001 ], [ 0.6451849, 51.7924392 ] ] } },
{ "type": "Feature", "properties": { "id": 18896, "nach": 0.53238973665056866 }, "geometry": { "type": "LineString", "coordinates": [ [ 0.6450647, 51.7918545 ], [ 0.6451849, 51.7924392 ] ] } },
{ "type": "Feature", "properties": { "id": 14894, "nach": 0.58727723876992199 }, "geometry": { "type": "LineString", "coordinates": [ [ 0.644351, 51.7930192 ], [ 0.6444127, 51.7934989 ] ] } },
{ "type": "Feature", "properties": { "id": 18024, "nach": 0.51427481367135985 }, "geometry": { "type": "LineString", "coordinates": [ [ 0.6447152, 51.7929903 ], [ 0.6446425, 51.7929847 ], [ 0.6445014, 51.7929972 ], [ 0.644351, 51.7930192 ] ] } },
{ "type": "Feature", "properties": { "id": 21588, "nach": 0.37003339408380836 }, "geometry": { "type": "LineString", "coordinates": [ [ 0.6527015, 51.8042304 ], [ 0.6525688, 51.803294 ], [ 0.6524271, 51.8022571 ] ] } },
{ "type": "Feature", "properties": { "id": 21589, "nach": 0.2255484475166378 }, "geometry": { "type": "LineString", "coordinates": [ [ 0.6527015, 51.8042304 ], [ 0.6527132, 51.8037319 ], [ 0.6525221, 51.8022537 ] ] } },
{ "type": "Feature", "properties": { "id": 5457, "nach": 0.51516329801424765 }, "geometry": { "type": "LineString", "coordinates": [ [ 0.653323133459182, 51.80820096382417 ], [ 0.6527015, 51.8042304 ] ] } },
{ "type": "Feature", "properties": { "id": 5458, "nach": 0.4079572785709758 }, "geometry": { "type": "LineString", "coordinates": [ [ 0.6520371, 51.8008422 ], [ 0.6522079, 51.801962600000017 ], [ 0.6522453, 51.8022638 ] ] } },
{ "type": "Feature", "properties": { "id": 21539, "nach": 0.33845523268457067 }, "geometry": { "type": "LineString", "coordinates": [ [ 0.6519003, 51.7992217 ], [ 0.651793, 51.7995368 ], [ 0.6518842, 51.8003264 ], [ 0.6520371, 51.8008422 ] ] } },
{ "type": "Feature", "properties": { "id": 69046, "nach": 0.52279300908522053 }, "geometry": { "type": "LineString", "coordinates": [ [ 0.6522453, 51.8022638 ], [ 0.6517294, 51.8022828 ] ] } },
{ "type": "Feature", "properties": { "id": 69049, "nach": 0.48937334318695652 }, "geometry": { "type": "LineString", "coordinates": [ [ 0.6524271, 51.8022571 ], [ 0.6522453, 51.8022638 ] ] } },
{ "type": "Feature", "properties": { "id": 46045, "nach": 0.58308931410525489 }, "geometry": { "type": "LineString", "coordinates": [ [ 0.650827, 51.8076146 ], [ 0.6511963, 51.8078907 ], [ 0.6513419, 51.8080038 ] ] } },
{ "type": "Feature", "properties": { "id": 64292, "nach": 0.58687139988177683 }, "geometry": { "type": "LineString", "coordinates": [ [ 0.6503279, 51.8070165 ], [ 0.6501814, 51.80709370000001 ] ] } },
{ "type": "Feature", "properties": { "id": 56993, "nach": 0.62176891272656587 }, "geometry": { "type": "LineString", "coordinates": [ [ 0.6490299, 51.806302500000015 ], [ 0.6494432, 51.8066047 ], [ 0.6499695, 51.806978 ], [ 0.6500571, 51.8070308 ], [ 0.6501814, 51.80709370000001 ] ] } },
{ "type": "Feature", "properties": { "id": 19023, "nach": 0.0 }, "geometry": { "type": "LineString", "coordinates": [ [ 0.6351443, 51.7979772 ], [ 0.6350135, 51.7979718 ], [ 0.634528, 51.797896699999988 ], [ 0.6343739, 51.7979409 ], [ 0.6343094, 51.7980074 ], [ 0.6342507, 51.7982041 ], [ 0.6342801, 51.7983112 ], [ 0.6342999, 51.7983855 ], [ 0.6343296, 51.79854850000001 ], [ 0.6342175, 51.7987359 ], [ 0.6340306, 51.7988913 ], [ 0.6340187, 51.7990493 ], [ 0.6339949, 51.799142 ] ] } },
{ "type": "Feature", "properties": { "id": 42996, "nach": 0.60131890387737819 }, "geometry": { "type": "LineString", "coordinates": [ [ 0.6437714, 51.801882400000011 ], [ 0.6436567, 51.8020007 ], [ 0.6433411, 51.802201500000017 ] ] } },
{ "type": "Feature", "properties": { "id": 42029, "nach": 0.59990093801852784 }, "geometry": { "type": "LineString", "coordinates": [ [ 0.6421382, 51.801368600000011 ], [ 0.6426222, 51.8017181 ], [ 0.6427419, 51.801801 ], [ 0.6431573, 51.8020691 ], [ 0.6433411, 51.802201500000017 ] ] } },
{ "type": "Feature", "properties": { "id": 18168, "nach": 0.53532013289056646 }, "geometry": { "type": "LineString", "coordinates": [ [ 0.6420957, 51.802837600000011 ], [ 0.6430435, 51.8023149 ], [ 0.6433411, 51.802201500000017 ] ] } },
{ "type": "Feature", "properties": { "id": 43001, "nach": 0.63961586435061824 }, "geometry": { "type": "LineString", "coordinates": [ [ 0.6435558, 51.8023494 ], [ 0.6434794, 51.8022992 ], [ 0.6433411, 51.802201500000017 ] ] } },
{ "type": "Feature", "properties": { "id": 42995, "nach": 0.59530588914845928 }, "geometry": { "type": "LineString", "coordinates": [ [ 0.6437714, 51.801882400000011 ], [ 0.6438337, 51.8017956 ], [ 0.643896, 51.80169 ], [ 0.6439328, 51.8015573 ], [ 0.6439608, 51.8014259 ], [ 0.6439547, 51.8010526 ] ] } },
{ "type": "Feature", "properties": { "id": 42998, "nach": 0.45910510006384225 }, "geometry": { "type": "LineString", "coordinates": [ [ 0.6439326, 51.8022404 ], [ 0.6439525, 51.80219670000001 ], [ 0.6439996, 51.8019839 ], [ 0.6439724, 51.8019536 ], [ 0.6439398, 51.8019211 ], [ 0.6437714, 51.801882400000011 ] ] } },
{ "type": "Feature", "properties": { "id": 42028, "nach": 0.59958634302424019 }, "geometry": { "type": "LineString", "coordinates": [ [ 0.6421382, 51.801368600000011 ], [ 0.6418632, 51.8011537 ] ] } },
{ "type": "Feature", "properties": { "id": 42031, "nach": 0.4436980313724026 }, "geometry": { "type": "LineString", "coordinates": [ [ 0.6411565, 51.801626 ], [ 0.641303, 51.8017462 ], [ 0.6421382, 51.801368600000011 ] ] } },
{ "type": "Feature", "properties": { "id": 41940, "nach": 0.42864820325212744 }, "geometry": { "type": "LineString", "coordinates": [ [ 0.6397851, 51.8028776 ], [ 0.6400689, 51.8028199 ], [ 0.6402727, 51.8027403 ], [ 0.6404391, 51.802646700000011 ], [ 0.6405503, 51.8025628 ], [ 0.6407984, 51.802315700000015 ], [ 0.6408763, 51.8022619 ], [ 0.640946, 51.802232 ], [ 0.6410077, 51.8022211 ], [ 0.6411204, 51.8022254 ], [ 0.6412048, 51.8022485 ], [ 0.6412906, 51.8022933 ], [ 0.6420957, 51.802837600000011 ] ] } },
{ "type": "Feature", "properties": { "id": 42034, "nach": 0.50918345893876027 }, "geometry": { "type": "LineString", "coordinates": [ [ 0.6396438, 51.8042177 ], [ 0.6397766, 51.8041444 ], [ 0.6405303, 51.8036999 ], [ 0.6414141, 51.8032122 ], [ 0.6420957, 51.802837600000011 ] ] } },
{ "type": "Feature", "properties": { "id": 43004, "nach": 0.53802329279055494 }, "geometry": { "type": "LineString", "coordinates": [ [ 0.6434407, 51.80247390000001 ], [ 0.6434454, 51.8024674 ], [ 0.643465, 51.8024211 ], [ 0.6435558, 51.8023494 ] ] } },
{ "type": "Feature", "properties": { "id": 57267, "nach": 0.63790535144283478 }, "geometry": { "type": "LineString", "coordinates": [ [ 0.6440945, 51.8027086 ], [ 0.6440586, 51.802679500000011 ], [ 0.6435558, 51.8023494 ] ] } },
{ "type": "Feature", "properties": { "id": 14018, "nach": 0.53103517808381362 }, "geometry": { "type": "LineString", "coordinates": [ [ 0.6421096, 51.8108467 ], [ 0.6416843, 51.8108748 ], [ 0.6398044, 51.8110012 ] ] } },
{ "type": "Feature", "properties": { "id": 14061, "nach": 0.57538352535123083 }, "geometry": { "type": "LineString", "coordinates": [ [ 0.6385396, 51.8108711 ], [ 0.6386371, 51.8108609 ], [ 0.6386922, 51.8108673 ], [ 0.638736, 51.810795 ], [ 0.6393079, 51.810719 ], [ 0.6401554, 51.8106394 ], [ 0.6405041, 51.81061290000001 ], [ 0.6405502, 51.8106066 ] ] } },
{ "type": "Feature", "properties": { "id": 7939, "nach": 0.52692248834743949 }, "geometry": { "type": "LineString", "coordinates": [ [ 0.6382583, 51.8082346 ], [ 0.6382732, 51.8082563 ], [ 0.6382871, 51.8082704 ], [ 0.638302, 51.80828240000001 ], [ 0.6383253, 51.8082969 ], [ 0.6383413, 51.808304700000015 ], [ 0.6383652, 51.8083141 ], [ 0.6383796, 51.8083186 ], [ 0.638407, 51.8083251 ], [ 0.6384383, 51.8083296 ], [ 0.6384649, 51.8083313 ], [ 0.6384863, 51.8083313 ], [ 0.638504, 51.8083303 ], [ 0.6385359, 51.8083263 ], [ 0.6385553, 51.8083224 ] ] } },
{ "type": "Feature", "properties": { "id": 7940, "nach": 0.57440074256011942 }, "geometry": { "type": "LineString", "coordinates": [ [ 0.6382583, 51.8082346 ], [ 0.6382585, 51.8082984 ], [ 0.638255, 51.8083753 ], [ 0.6382625, 51.8084978 ], [ 0.6382661, 51.8086216 ], [ 0.6382697, 51.8087138 ], [ 0.6382764, 51.8088236 ], [ 0.6382898, 51.8089152 ] ] } },
{ "type": "Feature", "properties": { "id": 20049, "nach": 0.60064477274511752 }, "geometry": { "type": "LineString", "coordinates": [ [ 0.638247, 51.8081948 ], [ 0.6382507, 51.8082162 ], [ 0.6382583, 51.8082346 ] ] } },
{ "type": "Feature", "properties": { "id": 20043, "nach": 0.57912369300681987 }, "geometry": { "type": "LineString", "coordinates": [ [ 0.6385553, 51.8083224 ], [ 0.6385777, 51.808316300000016 ], [ 0.6386076, 51.8083051 ], [ 0.6386317, 51.8082928 ] ] } },
{ "type": "Feature", "properties": { "id": 20103, "nach": 0.59091188047083643 }, "geometry": { "type": "LineString", "coordinates": [ [ 0.638231, 51.808919100000011 ], [ 0.6382898, 51.8089152 ] ] } },
{ "type": "Feature", "properties": { "id": 18181, "nach": 0.44711573480576799 }, "geometry": { "type": "LineString", "coordinates": [ [ 0.6409826, 51.8046065 ], [ 0.6414958, 51.8043226 ] ] } },
{ "type": "Feature", "properties": { "id": 42039, "nach": 0.56099229624238078 }, "geometry": { "type": "LineString", "coordinates": [ [ 0.6416346, 51.804713 ], [ 0.6413885, 51.8047405 ], [ 0.6409826, 51.8046065 ] ] } },
{ "type": "Feature", "properties": { "id": 42033, "nach": 0.45162649279094569 }, "geometry": { "type": "LineString", "coordinates": [ [ 0.6396438, 51.8042177 ], [ 0.6391788, 51.803834199999983 ] ] } },
{ "type": "Feature", "properties": { "id": 7964, "nach": 0.6013266252907794 }, "geometry": { "type": "LineString", "coordinates": [ [ 0.643955, 51.8006735 ], [ 0.6439547, 51.8010526 ] ] } },
{ "type": "Feature", "properties": { "id": 54737, "nach": 0.44223790226776116 }, "geometry": { "type": "LineString", "coordinates": [ [ 0.6432903, 51.8014905 ], [ 0.6430653, 51.8013243 ], [ 0.6430541, 51.8013034 ], [ 0.6430578, 51.8012779 ], [ 0.6430816, 51.8012501 ], [ 0.6435328, 51.8010801 ], [ 0.643612, 51.8010641 ], [ 0.6437183, 51.8010507 ], [ 0.6439547, 51.8010526 ] ] } },
{ "type": "Feature", "properties": { "id": 7965, "nach": 0.62219303327708186 }, "geometry": { "type": "LineString", "coordinates": [ [ 0.643955, 51.8006735 ], [ 0.6439851, 51.8006705 ], [ 0.6440141, 51.8006646 ], [ 0.6440412, 51.800655799999987 ], [ 0.6440656, 51.8006445 ], [ 0.6440867, 51.8006308 ], [ 0.644104, 51.8006153 ], [ 0.644117, 51.8005982 ] ] } },
{ "type": "Feature", "properties": { "id": 7968, "nach": 0.61215372122561507 }, "geometry": { "type": "LineString", "coordinates": [ [ 0.6437534, 51.8005469 ], [ 0.6437536, 51.8005693 ], [ 0.6437607, 51.8005913 ], [ 0.6437746, 51.800612 ], [ 0.6437946, 51.8006307 ], [ 0.64382, 51.8006467 ], [ 0.64385, 51.8006593 ], [ 0.6438833, 51.8006682 ], [ 0.6439187, 51.800673 ], [ 0.643955, 51.8006735 ] ] } },
{ "type": "Feature", "properties": { "id": 7966, "nach": 0.60188783674805713 }, "geometry": { "type": "LineString", "coordinates": [ [ 0.644117, 51.8005982 ], [ 0.6441261, 51.800577500000024 ], [ 0.6441289, 51.800556199999988 ], [ 0.6441253, 51.8005349 ], [ 0.6441156, 51.8005144 ], [ 0.6440999, 51.800495400000017 ], [ 0.6440788, 51.8004784 ], [ 0.6440531, 51.8004641 ], [ 0.6440235, 51.800453 ], [ 0.6439912, 51.8004454 ] ] } },
{ "type": "Feature", "properties": { "id": 18075, "nach": 0.62380606626314228 }, "geometry": { "type": "LineString", "coordinates": [ [ 0.645031, 51.800672 ], [ 0.6443497, 51.8006222 ], [ 0.644117, 51.8005982 ] ] } },
{ "type": "Feature", "properties": { "id": 33904, "nach": 0.61720723455955817 }, "geometry": { "type": "LineString", "coordinates": [ [ 0.6439912, 51.8004454 ], [ 0.6441027, 51.8002994 ], [ 0.6443432, 51.8001437 ] ] } },
{ "type": "Feature", "properties": { "id": 33905, "nach": 0.52099343469776283 }, "geometry": { "type": "LineString", "coordinates": [ [ 0.6439912, 51.8004454 ], [ 0.6439507, 51.800441300000024 ], [ 0.6439096, 51.8004427 ], [ 0.6438701, 51.800449600000015 ], [ 0.6438339, 51.8004617 ], [ 0.6438028, 51.8004783 ], [ 0.6437783, 51.8004987 ], [ 0.6437616, 51.800522 ], [ 0.6437534, 51.8005469 ] ] } },
{ "type": "Feature", "properties": { "id": 18136, "nach": 0.5939792536213917 }, "geometry": { "type": "LineString", "coordinates": [ [ 0.644976, 51.8009988 ], [ 0.645031, 51.800672 ] ] } },
{ "type": "Feature", "properties": { "id": 18190, "nach": 0.55311719299966433 }, "geometry": { "type": "LineString", "coordinates": [ [ 0.6458893, 51.800512 ], [ 0.6456211, 51.800638 ], [ 0.6454467, 51.8006787 ], [ 0.6452911, 51.8006836 ], [ 0.645031, 51.800672 ] ] } },
{ "type": "Feature", "properties": { "id": 37367, "nach": 0.62593744059718426 }, "geometry": { "type": "LineString", "coordinates": [ [ 0.6434246, 51.8004971 ], [ 0.6434934, 51.8005068 ], [ 0.6437534, 51.8005469 ] ] } },
{ "type": "Feature", "properties": { "id": 37366, "nach": 0.62364508024100518 }, "geometry": { "type": "LineString", "coordinates": [ [ 0.6434246, 51.8004971 ], [ 0.6430714, 51.8004473 ], [ 0.6428416, 51.8003914 ], [ 0.6426287, 51.8003048 ] ] } },
{ "type": "Feature", "properties": { "id": 37369, "nach": 0.4418083856746971 }, "geometry": { "type": "LineString", "coordinates": [ [ 0.6425806, 51.8007444 ], [ 0.6428365, 51.8009061 ], [ 0.643399, 51.8005891 ], [ 0.6434246, 51.8004971 ] ] } },
{ "type": "Feature", "properties": { "id": 18756, "nach": 0.62107853283054848 }, "geometry": { "type": "LineString", "coordinates": [ [ 0.6443432, 51.8001437 ], [ 0.6447387, 51.799936600000017 ], [ 0.644989, 51.7997043 ], [ 0.6450882, 51.7994706 ], [ 0.6450399, 51.7992965 ], [ 0.6448812, 51.799093900000017 ], [ 0.6447655, 51.798944399999989 ] ] } },
{ "type": "Feature", "properties": { "id": 7971, "nach": 0.63986265958748589 }, "geometry": { "type": "LineString", "coordinates": [ [ 0.6447655, 51.798944399999989 ], [ 0.644824, 51.798916 ], [ 0.6448633, 51.7988769 ], [ 0.6448787, 51.798831900000017 ], [ 0.6448681, 51.7987863 ], [ 0.644852, 51.7987634 ] ] } },
{ "type": "Feature", "properties": { "id": 7976, "nach": 0.58036887806723225 }, "geometry": { "type": "LineString", "coordinates": [ [ 0.6445112, 51.7989205 ], [ 0.6445408, 51.7989358 ], [ 0.6446082, 51.7989554 ], [ 0.6446823, 51.7989596 ], [ 0.6447655, 51.798944399999989 ] ] } },
{ "type": "Feature", "properties": { "id": 65955, "nach": 0.55812571991175342 }, "geometry": { "type": "LineString", "coordinates": [ [ 0.6438916, 51.7997729 ], [ 0.643942, 51.7998017 ], [ 0.644203, 51.7999654 ], [ 0.644285, 51.8000604 ], [ 0.6443141, 51.8001021 ], [ 0.6443432, 51.8001437 ] ] } },
{ "type": "Feature", "properties": { "id": 7972, "nach": 0.60541370122111415 }, "geometry": { "type": "LineString", "coordinates": [ [ 0.644852, 51.7987634 ], [ 0.6448052, 51.7987276 ], [ 0.6447414, 51.7987038 ], [ 0.6446684, 51.798695 ], [ 0.6445971, 51.7987017 ] ] } },
{ "type": "Feature", "properties": { "id": 12448, "nach": 0.65581306514541549 }, "geometry": { "type": "LineString", "coordinates": [ [ 0.6457717, 51.7983819 ], [ 0.6453738, 51.7984981 ], [ 0.6449361, 51.7987264 ], [ 0.644852, 51.7987634 ] ] } },
{ "type": "Feature", "properties": { "id": 32499, "nach": 0.60514444547741275 }, "geometry": { "type": "LineString", "coordinates": [ [ 0.643926, 51.7981469 ], [ 0.6441416, 51.7982936 ], [ 0.6443162, 51.798443599999985 ], [ 0.6444843, 51.798596400000015 ], [ 0.6445971, 51.7987017 ] ] } },
{ "type": "Feature", "properties": { "id": 7975, "nach": 0.39784422247974366 }, "geometry": { "type": "LineString", "coordinates": [ [ 0.6445971, 51.7987017 ], [ 0.6445315, 51.7987235 ], [ 0.644482, 51.7987579 ], [ 0.6444545, 51.798800700000015 ], [ 0.6444523, 51.7988467 ], [ 0.644475, 51.7988861 ], [ 0.6445112, 51.7989205 ] ] } },
{ "type": "Feature", "properties": { "id": 43373, "nach": 0.55070398000297494 }, "geometry": { "type": "LineString", "coordinates": [ [ 0.6451932, 51.7976027 ], [ 0.6454821, 51.7978341 ], [ 0.6457717, 51.7983819 ] ] } },
{ "type": "Feature", "properties": { "id": 19037, "nach": 0.65575015898992373 }, "geometry": { "type": "LineString", "coordinates": [ [ 0.6461327, 51.798330900000011 ], [ 0.6459749, 51.7983485 ], [ 0.6457717, 51.7983819 ] ] } },
{ "type": "Feature", "properties": { "id": 32498, "nach": 0.60479814316251945 }, "geometry": { "type": "LineString", "coordinates": [ [ 0.643926, 51.7981469 ], [ 0.6437946, 51.7980863 ], [ 0.6436413, 51.7980329 ] ] } },
{ "type": "Feature", "properties": { "id": 32497, "nach": 0.57306897337207263 }, "geometry": { "type": "LineString", "coordinates": [ [ 0.643926, 51.7981469 ], [ 0.6437833, 51.7983095 ] ] } },
{ "type": "Feature", "properties": { "id": 31903, "nach": 0.57896114873173432 }, "geometry": { "type": "LineString", "coordinates": [ [ 0.6435235, 51.7989883 ], [ 0.643748, 51.7990838 ], [ 0.6438781, 51.7991411 ], [ 0.6439546, 51.7991659 ], [ 0.6440659, 51.7991809 ], [ 0.6441571, 51.7991576 ], [ 0.6442187, 51.7991187 ], [ 0.6445112, 51.7989205 ] ] } },
{ "type": "Feature", "properties": { "id": 31904, "nach": 0.49092105360797555 }, "geometry": { "type": "LineString", "coordinates": [ [ 0.6435235, 51.7989883 ], [ 0.6435074, 51.7989501 ], [ 0.6435048, 51.7989236 ], [ 0.6435771, 51.7988589 ] ] } },
{ "type": "Feature", "properties": { "id": 37376, "nach": 0.58031946414180136 }, "geometry": { "type": "LineString", "coordinates": [ [ 0.6431967, 51.7988453 ], [ 0.6432806, 51.7988754 ], [ 0.643325, 51.7988946 ], [ 0.6434136, 51.7989402 ], [ 0.6435235, 51.7989883 ] ] } },
{ "type": "Feature", "properties": { "id": 32487, "nach": 0.62415255893327481 }, "geometry": { "type": "LineString", "coordinates": [ [ 0.6423131, 51.798003199999989 ], [ 0.6425471, 51.7977603 ] ] } },
{ "type": "Feature", "properties": { "id": 43368, "nach": 0.60272950759396704 }, "geometry": { "type": "LineString", "coordinates": [ [ 0.6428001, 51.79733190000001 ], [ 0.6425471, 51.7977603 ] ] } },
{ "type": "Feature", "properties": { "id": 12483, "nach": 0.61010249254609683 }, "geometry": { "type": "LineString", "coordinates": [ [ 0.6436413, 51.7980329 ], [ 0.6432964, 51.7979249 ], [ 0.6428728, 51.7978341 ], [ 0.6425471, 51.7977603 ] ] } },
{ "type": "Feature", "properties": { "id": 32490, "nach": 0.54951829320101586 }, "geometry": { "type": "LineString", "coordinates": [ [ 0.6430078, 51.7982732 ], [ 0.6423779, 51.7980552 ], [ 0.6423975, 51.798031 ], [ 0.6423886, 51.7980281 ], [ 0.6423131, 51.798003199999989 ] ] } },
{ "type": "Feature", "properties": { "id": 43369, "nach": 0.59523508796766078 }, "geometry": { "type": "LineString", "coordinates": [ [ 0.6428001, 51.79733190000001 ], [ 0.6430914, 51.7968385 ], [ 0.643181, 51.796647300000011 ] ] } },
{ "type": "Feature", "properties": { "id": 43371, "nach": 0.44759292727857747 }, "geometry": { "type": "LineString", "coordinates": [ [ 0.6436212, 51.797561 ], [ 0.6435303, 51.7975186 ], [ 0.6434841, 51.797505700000016 ], [ 0.6431632, 51.7974229 ], [ 0.6428001, 51.79733190000001 ] ] } },
{ "type": "Feature", "properties": { "id": 12485, "nach": 0.56467516580875732 }, "geometry": { "type": "LineString", "coordinates": [ [ 0.6436413, 51.7980329 ], [ 0.6438375, 51.7977762 ], [ 0.6440778, 51.7974153 ], [ 0.6441722, 51.797134 ], [ 0.6447148, 51.7971305 ] ] } },
{ "type": "Feature", "properties": { "id": 31172, "nach": 0.31468816908626951 }, "geometry": { "type": "LineString", "coordinates": [ [ 0.6491681, 51.791296100000018 ], [ 0.6497872, 51.791814900000013 ], [ 0.6500009, 51.7919498 ], [ 0.6504839, 51.791958299999983 ] ] } },
{ "type": "Feature", "properties": { "id": 12486, "nach": 0.4497596983206924 }, "geometry": { "type": "LineString", "coordinates": [ [ 0.6464941, 51.7982624 ], [ 0.646076, 51.796868099999983 ] ] } },
{ "type": "Feature", "properties": { "id": 18838, "nach": 0.46824902807226676 }, "geometry": { "type": "LineString", "coordinates": [ [ 0.6458251, 51.7942711 ], [ 0.6458354, 51.7943002 ], [ 0.6456415, 51.7943501 ], [ 0.6456497, 51.794385 ], [ 0.6458169, 51.7943396 ], [ 0.6456497, 51.7946911 ], [ 0.6457387, 51.7950051 ], [ 0.646076, 51.796868099999983 ] ] } },
{ "type": "Feature", "properties": { "id": 12495, "nach": 0.4421071579460607 }, "geometry": { "type": "LineString", "coordinates": [ [ 0.6454016, 51.7970973 ], [ 0.6453991, 51.7970705 ], [ 0.6456571, 51.7969482 ], [ 0.646076, 51.796868099999983 ] ] } },
{ "type": "Feature", "properties": { "id": 12488, "nach": 0.54745834303110541 }, "geometry": { "type": "LineString", "coordinates": [ [ 0.6464941, 51.7982624 ], [ 0.6465043, 51.7983322 ] ] } },
{ "type": "Feature", "properties": { "id": 12489, "nach": 0.50805758029404735 }, "geometry": { "type": "LineString", "coordinates": [ [ 0.6462755, 51.7981625 ], [ 0.6464941, 51.7982624 ] ] } },
{ "type": "Feature", "properties": { "id": 18836, "nach": 0.48641897579554699 }, "geometry": { "type": "LineString", "coordinates": [ [ 0.6458251, 51.7942711 ], [ 0.6465721, 51.7940785 ] ] } },
{ "type": "Feature", "properties": { "id": 41978, "nach": 0.52417040248085889 }, "geometry": { "type": "LineString", "coordinates": [ [ 0.6455975, 51.794321500000017 ], [ 0.6458251, 51.7942711 ] ] } },
{ "type": "Feature", "properties": { "id": 12492, "nach": 0.5123580046799846 }, "geometry": { "type": "LineString", "coordinates": [ [ 0.6454016, 51.7970973 ], [ 0.6447503, 51.7970179 ] ] } },
{ "type": "Feature", "properties": { "id": 12494, "nach": 0.38950732553229572 }, "geometry": { "type": "LineString", "coordinates": [ [ 0.6454016, 51.7970973 ], [ 0.6453903, 51.7971307 ], [ 0.6448872, 51.7973786 ] ] } },
{ "type": "Feature", "properties": { "id": 12493, "nach": 0.4942977652075638 }, "geometry": { "type": "LineString", "coordinates": [ [ 0.6454016, 51.7970973 ], [ 0.6455385, 51.7971144 ], [ 0.6456613, 51.7971648 ], [ 0.6457847, 51.7972893 ], [ 0.6460046, 51.7977548 ], [ 0.6461258, 51.7978885 ], [ 0.6462755, 51.7981625 ] ] } },
{ "type": "Feature", "properties": { "id": 18154, "nach": 0.59682044194000294 }, "geometry": { "type": "LineString", "coordinates": [ [ 0.635297, 51.8002418 ], [ 0.6358205, 51.8001061 ] ] } },
{ "type": "Feature", "properties": { "id": 9354, "nach": 0.59637933922538244 }, "geometry": { "type": "LineString", "coordinates": [ [ 0.6381754, 51.7996874 ], [ 0.6370949, 51.799943900000024 ], [ 0.6358205, 51.8001061 ] ] } },
{ "type": "Feature", "properties": { "id": 18771, "nach": 0.43860287659582514 }, "geometry": { "type": "LineString", "coordinates": [ [ 0.6360861, 51.8004758 ], [ 0.6359574, 51.8004758 ], [ 0.6358205, 51.8001061 ] ] } },
{ "type": "Feature", "properties": { "id": 18156, "nach": 0.51276734580832806 }, "geometry": { "type": "LineString", "coordinates": [ [ 0.635297, 51.8002418 ], [ 0.635321, 51.8003685 ], [ 0.6353402, 51.800496699999989 ], [ 0.6353544, 51.8005839 ], [ 0.6354244, 51.800682 ] ] } },
{ "type": "Feature", "properties": { "id": 18082, "nach": 0.61471772847346451 }, "geometry": { "type": "LineString", "coordinates": [ [ 0.6382511, 51.7996636 ], [ 0.6381754, 51.7996874 ] ] } },
{ "type": "Feature", "properties": { "id": 18187, "nach": 0.59167154570232694 }, "geometry": { "type": "LineString", "coordinates": [ [ 0.6383871, 51.7999306 ], [ 0.6381754, 51.7996874 ] ] } },
{ "type": "Feature", "properties": { "id": 18089, "nach": 0.51688840574388217 }, "geometry": { "type": "LineString", "coordinates": [ [ 0.6381136, 51.79945450000001 ], [ 0.6382511, 51.7996636 ] ] } },
{ "type": "Feature", "properties": { "id": 18776, "nach": 0.62061315175929721 }, "geometry": { "type": "LineString", "coordinates": [ [ 0.6393187, 51.7993312 ], [ 0.6391769, 51.7993906 ], [ 0.6382511, 51.7996636 ] ] } },
{ "type": "Feature", "properties": { "id": 18188, "nach": 0.50235891861808812 }, "geometry": { "type": "LineString", "coordinates": [ [ 0.6383871, 51.7999306 ], [ 0.6382423, 51.8000782 ], [ 0.638549, 51.8004337 ] ] } },
{ "type": "Feature", "properties": { "id": 52967, "nach": 0.43156274968944869 }, "geometry": { "type": "LineString", "coordinates": [ [ 0.6395678, 51.799820200000021 ], [ 0.6391844, 51.7999505 ], [ 0.6390499, 51.7999064 ], [ 0.6388976, 51.799822300000017 ], [ 0.6383871, 51.7999306 ] ] } },
{ "type": "Feature", "properties": { "id": 34349, "nach": 0.5568183012592004 }, "geometry": { "type": "LineString", "coordinates": [ [ 0.6385049, 51.8002246 ], [ 0.6383429, 51.8000383 ], [ 0.6383711, 51.7999697 ], [ 0.6383871, 51.7999306 ] ] } },
{ "type": "Feature", "properties": { "id": 18775, "nach": 0.45356265430932563 }, "geometry": { "type": "LineString", "coordinates": [ [ 0.6393187, 51.7993312 ], [ 0.6396588, 51.799746 ] ] } },
{ "type": "Feature", "properties": { "id": 41937, "nach": 0.63252376250053655 }, "geometry": { "type": "LineString", "coordinates": [ [ 0.6393236, 51.7991672 ], [ 0.6390815, 51.7989801 ], [ 0.6385444, 51.798580800000011 ], [ 0.6382989, 51.7983971 ] ] } },
{ "type": "Feature", "properties": { "id": 41939, "nach": 0.45166908384641413 }, "geometry": { "type": "LineString", "coordinates": [ [ 0.6398955, 51.798729 ], [ 0.6397614, 51.7988369 ], [ 0.6398204, 51.7988783 ], [ 0.6393793, 51.7991227 ], [ 0.6393236, 51.7991672 ] ] } },
{ "type": "Feature", "properties": { "id": 20029, "nach": 0.59140013961882665 }, "geometry": { "type": "LineString", "coordinates": [ [ 0.6383456, 51.8055715 ], [ 0.6384556, 51.8056594 ] ] } },
{ "type": "Feature", "properties": { "id": 48933, "nach": 0.42625814646470733 }, "geometry": { "type": "LineString", "coordinates": [ [ 0.6378793, 51.8052876 ], [ 0.637325, 51.8049914 ], [ 0.6372357, 51.8050125 ], [ 0.6371718, 51.8050575 ], [ 0.63713, 51.8051419 ], [ 0.6370798, 51.805214 ], [ 0.6371878, 51.8053656 ], [ 0.6373126, 51.8054419 ], [ 0.6374657, 51.8055333 ], [ 0.6375971, 51.8056072 ], [ 0.6376807, 51.8056485 ] ] } },
{ "type": "Feature", "properties": { "id": 20004, "nach": 0.59203479546835902 }, "geometry": { "type": "LineString", "coordinates": [ [ 0.6385169, 51.80573 ], [ 0.6384556, 51.8056594 ] ] } },
{ "type": "Feature", "properties": { "id": 20003, "nach": 0.43682034300618772 }, "geometry": { "type": "LineString", "coordinates": [ [ 0.6377153, 51.8064837 ], [ 0.6377193, 51.8064157 ], [ 0.6377451, 51.8063476 ], [ 0.6379077, 51.8061556 ], [ 0.6381257, 51.8059787 ], [ 0.6383389, 51.80574570000001 ], [ 0.6384556, 51.8056594 ] ] } },
{ "type": "Feature", "properties": { "id": 20005, "nach": 0.58594737765713467 }, "geometry": { "type": "LineString", "coordinates": [ [ 0.6385169, 51.80573 ], [ 0.6385648, 51.805815799999984 ], [ 0.638587, 51.8058719 ] ] } },
{ "type": "Feature", "properties": { "id": 42782, "nach": 0.5782346715466552 }, "geometry": { "type": "LineString", "coordinates": [ [ 0.6390801, 51.8060731 ], [ 0.6390671, 51.8060648 ], [ 0.6388675, 51.8059108 ], [ 0.6387787, 51.805846100000011 ], [ 0.6386587, 51.8057752 ], [ 0.6386018, 51.805756900000013 ], [ 0.6385169, 51.80573 ] ] } },
{ "type": "Feature", "properties": { "id": 9373, "nach": 0.61372542878829262 }, "geometry": { "type": "LineString", "coordinates": [ [ 0.638587, 51.8073835 ], [ 0.6385301, 51.8074644 ] ] } },
{ "type": "Feature", "properties": { "id": 32694, "nach": 0.57556754550922185 }, "geometry": { "type": "LineString", "coordinates": [ [ 0.6384173, 51.807441 ], [ 0.6385301, 51.8074644 ] ] } },
{ "type": "Feature", "properties": { "id": 20037, "nach": 0.58395117379179706 }, "geometry": { "type": "LineString", "coordinates": [ [ 0.6384239, 51.8078379 ], [ 0.6384249, 51.8077752 ], [ 0.6384476, 51.8076896 ], [ 0.6384903, 51.8075495 ], [ 0.6385301, 51.8074644 ] ] } },
{ "type": "Feature", "properties": { "id": 9374, "nach": 0.55105213901670236 }, "geometry": { "type": "LineString", "coordinates": [ [ 0.638587, 51.8073835 ], [ 0.638636299999989, 51.807383499999986 ], [ 0.6387662, 51.8073809 ], [ 0.6389174, 51.8073711 ], [ 0.6391223, 51.8073338 ], [ 0.6392405, 51.8073066 ], [ 0.6393781, 51.807282 ], [ 0.6394941, 51.807269300000016 ], [ 0.6396122, 51.8072667 ], [ 0.6397331, 51.8072849 ], [ 0.6398227, 51.8073049 ], [ 0.6398567, 51.8073071 ], [ 0.6398885, 51.8073042 ] ] } },
{ "type": "Feature", "properties": { "id": 20010, "nach": 0.59017578816504779 }, "geometry": { "type": "LineString", "coordinates": [ [ 0.6386894, 51.8071162 ], [ 0.638661, 51.807216400000016 ], [ 0.6386183, 51.807319 ], [ 0.638587, 51.8073835 ] ] } },
{ "type": "Feature", "properties": { "id": 32696, "nach": 0.51416261949582487 }, "geometry": { "type": "LineString", "coordinates": [ [ 0.638286, 51.8075675 ], [ 0.6384173, 51.807441 ] ] } },
{ "type": "Feature", "properties": { "id": 20011, "nach": 0.52218233010913517 }, "geometry": { "type": "LineString", "coordinates": [ [ 0.6385665, 51.8080614 ], [ 0.6384875, 51.8079603 ], [ 0.6384239, 51.8078379 ] ] } },
{ "type": "Feature", "properties": { "id": 20038, "nach": 0.55554217464839728 }, "geometry": { "type": "LineString", "coordinates": [ [ 0.6384239, 51.8078379 ], [ 0.6384053, 51.807963 ], [ 0.6383982, 51.808012300000016 ], [ 0.6383974, 51.8080579 ] ] } },
{ "type": "Feature", "properties": { "id": 9371, "nach": 0.57725393064312835 }, "geometry": { "type": "LineString", "coordinates": [ [ 0.6398885, 51.8073042 ], [ 0.6399272, 51.8072948 ], [ 0.6400141, 51.8072484 ], [ 0.6400518, 51.8072262 ], [ 0.6401101, 51.8071906 ], [ 0.6402437, 51.8071045 ], [ 0.6403754, 51.807020799999989 ], [ 0.6404927, 51.8069567 ], [ 0.6405753, 51.8069038 ], [ 0.6405927, 51.806884 ], [ 0.6405949, 51.8068656 ], [ 0.6405902, 51.8068472 ], [ 0.6405554, 51.8068168 ], [ 0.6404806, 51.8067753 ], [ 0.6400981, 51.8066051 ], [ 0.6396621, 51.8063931 ], [ 0.6393217, 51.8062237 ], [ 0.6392351, 51.8061722 ], [ 0.6390801, 51.8060731 ] ] } },
{ "type": "Feature", "properties": { "id": 20109, "nach": 0.6134936884688541 }, "geometry": { "type": "LineString", "coordinates": [ [ 0.6402202, 51.8074971 ], [ 0.639973, 51.8073843 ], [ 0.639913, 51.80734480000001 ], [ 0.6398885, 51.8073042 ] ] } },
{ "type": "Feature", "properties": { "id": 42786, "nach": 0.59739815259041396 }, "geometry": { "type": "LineString", "coordinates": [ [ 0.6397328, 51.805570799999984 ], [ 0.6396288, 51.8056503 ], [ 0.639705, 51.8056911 ], [ 0.6397528, 51.805718100000014 ], [ 0.6397884, 51.8056936 ], [ 0.6397162, 51.8056534 ], [ 0.6391919, 51.8059974 ], [ 0.6390801, 51.8060731 ] ] } },
{ "type": "Feature", "properties": { "id": 20108, "nach": 0.62921220156147617 }, "geometry": { "type": "LineString", "coordinates": [ [ 0.6402202, 51.8074971 ], [ 0.6401811, 51.8075323 ], [ 0.6399725, 51.8078139 ] ] } },
{ "type": "Feature", "properties": { "id": 62011, "nach": 0.5635467703678857 }, "geometry": { "type": "LineString", "coordinates": [ [ 0.6403387, 51.8073987 ], [ 0.6402202, 51.8074971 ] ] } },
{ "type": "Feature", "properties": { "id": 54494, "nach": 0.62961969243925187 }, "geometry": { "type": "LineString", "coordinates": [ [ 0.6422376, 51.808517 ], [ 0.6417443, 51.808258 ], [ 0.6416752, 51.808219200000011 ], [ 0.6415875, 51.80817 ], [ 0.6415666, 51.8081321 ], [ 0.6414372, 51.8080569 ], [ 0.6412504, 51.8079563 ], [ 0.6402202, 51.8074971 ] ] } },
{ "type": "Feature", "properties": { "id": 20001, "nach": 0.58286950731072096 }, "geometry": { "type": "LineString", "coordinates": [ [ 0.638587, 51.8058719 ], [ 0.6386269, 51.8060285 ], [ 0.6386809, 51.8062805 ], [ 0.6387056, 51.8065105 ], [ 0.6387122, 51.8066811 ], [ 0.6387264, 51.806813 ], [ 0.6387312, 51.8069731 ], [ 0.6386894, 51.8071162 ] ] } },
{ "type": "Feature", "properties": { "id": 43483, "nach": 0.4348181793051667 }, "geometry": { "type": "LineString", "coordinates": [ [ 0.6377634, 51.80704870000001 ], [ 0.6378264, 51.807038600000013 ], [ 0.6379245, 51.8070559 ], [ 0.6381767, 51.8070891 ], [ 0.6383215, 51.8070833 ], [ 0.6385176, 51.807073199999984 ], [ 0.6386894, 51.8071162 ] ] } },
{ "type": "Feature", "properties": { "id": 14000, "nach": 0.62110706542805383 }, "geometry": { "type": "LineString", "coordinates": [ [ 0.6444032, 51.8113469 ], [ 0.6441282, 51.8112885 ], [ 0.6438713, 51.8111719 ], [ 0.6437558, 51.8110526 ] ] } },
{ "type": "Feature", "properties": { "id": 14065, "nach": 0.64121305461524725 }, "geometry": { "type": "LineString", "coordinates": [ [ 0.643602, 51.8107468 ], [ 0.6436835, 51.810948 ], [ 0.6437558, 51.8110526 ] ] } },
{ "type": "Feature", "properties": { "id": 66527, "nach": 0.56737594947624292 }, "geometry": { "type": "LineString", "coordinates": [ [ 0.6436128, 51.8111088 ], [ 0.6436658, 51.811084 ], [ 0.6437558, 51.8110526 ] ] } },
{ "type": "Feature", "properties": { "id": 13999, "nach": 0.62388258058114487 }, "geometry": { "type": "LineString", "coordinates": [ [ 0.6444032, 51.8113469 ], [ 0.6446369, 51.8113903 ], [ 0.6449645, 51.811457 ] ] } },
{ "type": "Feature", "properties": { "id": 14001, "nach": 0.445622090280896 }, "geometry": { "type": "LineString", "coordinates": [ [ 0.6444032, 51.8113469 ], [ 0.6444523, 51.8112463 ], [ 0.6445167, 51.8111667 ], [ 0.6445167, 51.8110473 ], [ 0.6443558, 51.8109478 ] ] } },
{ "type": "Feature", "properties": { "id": 14066, "nach": 0.60599958323967607 }, "geometry": { "type": "LineString", "coordinates": [ [ 0.643602, 51.8107468 ], [ 0.6435484, 51.8107356 ], [ 0.6434083, 51.8107291 ], [ 0.6421096, 51.8108467 ] ] } },
{ "type": "Feature", "properties": { "id": 14067, "nach": 0.59895435510463979 }, "geometry": { "type": "LineString", "coordinates": [ [ 0.64384, 51.8107142 ], [ 0.643602, 51.8107468 ] ] } },
{ "type": "Feature", "properties": { "id": 66528, "nach": 0.6160938907794955 }, "geometry": { "type": "LineString", "coordinates": [ [ 0.6436128, 51.8111088 ], [ 0.6435844, 51.8111221 ], [ 0.6434706, 51.8111746 ], [ 0.6434102, 51.8111938 ] ] } },
{ "type": "Feature", "properties": { "id": 66529, "nach": 0.58933077998277106 }, "geometry": { "type": "LineString", "coordinates": [ [ 0.6436128, 51.8111088 ], [ 0.6437014, 51.8111645 ], [ 0.6438747, 51.8112491 ], [ 0.6439854, 51.81130430000001 ], [ 0.6441292, 51.81135350000001 ], [ 0.6447614, 51.8114847 ] ] } },
{ "type": "Feature", "properties": { "id": 14007, "nach": 0.64239669670405009 }, "geometry": { "type": "LineString", "coordinates": [ [ 0.645663, 51.8118143 ], [ 0.6453422, 51.8116057 ], [ 0.6451804, 51.8115153 ], [ 0.6449645, 51.811457 ] ] } },
{ "type": "Feature", "properties": { "id": 14009, "nach": 0.55932051929954896 }, "geometry": { "type": "LineString", "coordinates": [ [ 0.645198, 51.81120820000001 ], [ 0.6450444, 51.8113493 ], [ 0.6449645, 51.811457 ] ] } },
{ "type": "Feature", "properties": { "id": 14006, "nach": 0.67411584238051525 }, "geometry": { "type": "LineString", "coordinates": [ [ 0.645663, 51.8118143 ], [ 0.6460793, 51.8120978 ], [ 0.6462424, 51.8122049 ] ] } },
{ "type": "Feature", "properties": { "id": 41957, "nach": 0.6182343273791352 }, "geometry": { "type": "LineString", "coordinates": [ [ 0.6455751, 51.8118653 ], [ 0.645663, 51.8118143 ] ] } },
{ "type": "Feature", "properties": { "id": 14012, "nach": 0.45458211310263147 }, "geometry": { "type": "LineString", "coordinates": [ [ 0.6457839, 51.8109946 ], [ 0.6454501, 51.8110871 ], [ 0.645198, 51.81120820000001 ] ] } },
{ "type": "Feature", "properties": { "id": 14075, "nach": 0.55529331154969264 }, "geometry": { "type": "LineString", "coordinates": [ [ 0.6449459, 51.8108052 ], [ 0.644913, 51.810847700000011 ], [ 0.6448989, 51.810900600000011 ], [ 0.6449063, 51.8109555 ], [ 0.6449593, 51.8110042 ], [ 0.6450558, 51.8111186 ], [ 0.645198, 51.81120820000001 ] ] } },
{ "type": "Feature", "properties": { "id": 10896, "nach": 0.69704012076006605 }, "geometry": { "type": "LineString", "coordinates": [ [ 0.646436, 51.8123805 ], [ 0.6462424, 51.8122049 ] ] } },
{ "type": "Feature", "properties": { "id": 14080, "nach": 0.63319330217932324 }, "geometry": { "type": "LineString", "coordinates": [ [ 0.6467027, 51.8119759 ], [ 0.6462424, 51.8122049 ] ] } },
{ "type": "Feature", "properties": { "id": 56452, "nach": 0.66272359680565018 }, "geometry": { "type": "LineString", "coordinates": [ [ 0.6468848, 51.8126219 ], [ 0.6467255, 51.8124652 ], [ 0.6465982, 51.8123797 ], [ 0.646436, 51.8123805 ] ] } },
{ "type": "Feature", "properties": { "id": 14081, "nach": 0.51646820045395569 }, "geometry": { "type": "LineString", "coordinates": [ [ 0.6467027, 51.8119759 ], [ 0.6459866, 51.8113657 ], [ 0.6460511, 51.8112729 ], [ 0.6458395, 51.8110788 ], [ 0.6457839, 51.8109946 ] ] } },
{ "type": "Feature", "properties": { "id": 62618, "nach": 0.616333231469675 }, "geometry": { "type": "LineString", "coordinates": [ [ 0.6469816, 51.811863700000011 ], [ 0.6469655, 51.8118707 ], [ 0.6467027, 51.8119759 ] ] } },
{ "type": "Feature", "properties": { "id": 14072, "nach": 0.58793867979203707 }, "geometry": { "type": "LineString", "coordinates": [ [ 0.6454066, 51.8105731 ], [ 0.6454539, 51.8106194 ] ] } },
{ "type": "Feature", "properties": { "id": 14074, "nach": 0.54834849552166465 }, "geometry": { "type": "LineString", "coordinates": [ [ 0.6449459, 51.8108052 ], [ 0.645139, 51.810729 ], [ 0.6453323, 51.8106494 ], [ 0.6454539, 51.8106194 ] ] } },
{ "type": "Feature", "properties": { "id": 14079, "nach": 0.54613599717558181 }, "geometry": { "type": "LineString", "coordinates": [ [ 0.6461825, 51.8104232 ], [ 0.6456942, 51.8106239 ], [ 0.6455497, 51.8106529 ], [ 0.6454539, 51.8106194 ] ] } },
{ "type": "Feature", "properties": { "id": 14071, "nach": 0.57375130142412101 }, "geometry": { "type": "LineString", "coordinates": [ [ 0.6454066, 51.8105731 ], [ 0.6447523, 51.809962 ] ] } },
{ "type": "Feature", "properties": { "id": 14073, "nach": 0.46816514746766763 }, "geometry": { "type": "LineString", "coordinates": [ [ 0.6454066, 51.8105731 ], [ 0.6452542, 51.810584 ], [ 0.6442866, 51.8106755 ], [ 0.6439893, 51.8107173 ], [ 0.6438844, 51.8107524 ], [ 0.64384, 51.8107142 ] ] } },
{ "type": "Feature", "properties": { "id": 14076, "nach": 0.38903013895041139 }, "geometry": { "type": "LineString", "coordinates": [ [ 0.6449459, 51.8108052 ], [ 0.6448175, 51.8107092 ], [ 0.6438727, 51.8107816 ], [ 0.64384, 51.8107142 ] ] } },
{ "type": "Feature", "properties": { "id": 14077, "nach": 0.52293267592102821 }, "geometry": { "type": "LineString", "coordinates": [ [ 0.6461825, 51.8104232 ], [ 0.6466203, 51.810255 ] ] } },
{ "type": "Feature", "properties": { "id": 14078, "nach": 0.55339928958658879 }, "geometry": { "type": "LineString", "coordinates": [ [ 0.6461825, 51.8104232 ], [ 0.6463659, 51.810617299999983 ], [ 0.6465749, 51.8107789 ], [ 0.6465176, 51.8108202 ], [ 0.6465163, 51.8108815 ] ] } },
{ "type": "Feature", "properties": { "id": 57023, "nach": 0.56287116554340388 }, "geometry": { "type": "LineString", "coordinates": [ [ 0.6435461, 51.809151 ], [ 0.6438781, 51.8093194 ] ] } },
{ "type": "Feature", "properties": { "id": 13922, "nach": 0.56230469678463002 }, "geometry": { "type": "LineString", "coordinates": [ [ 0.6447523, 51.809962 ], [ 0.6445161, 51.8097282 ], [ 0.6441337, 51.809427500000012 ], [ 0.6438781, 51.8093194 ] ] } },
{ "type": "Feature", "properties": { "id": 14053, "nach": 0.46988507882347758 }, "geometry": { "type": "LineString", "coordinates": [ [ 0.6438523, 51.8095648 ], [ 0.6438355, 51.809481 ], [ 0.64387, 51.809462700000012 ], [ 0.6438416, 51.8093477 ], [ 0.6438781, 51.8093194 ] ] } },
{ "type": "Feature", "properties": { "id": 57022, "nach": 0.60421992332891272 }, "geometry": { "type": "LineString", "coordinates": [ [ 0.6435461, 51.809151 ], [ 0.6434097, 51.8090824 ] ] } },
{ "type": "Feature", "properties": { "id": 57027, "nach": 0.54984716858145399 }, "geometry": { "type": "LineString", "coordinates": [ [ 0.6436066, 51.8095881 ], [ 0.6435059, 51.8091836 ], [ 0.6435461, 51.809151 ] ] } },
{ "type": "Feature", "properties": { "id": 13926, "nach": 0.50434544226369704 }, "geometry": { "type": "LineString", "coordinates": [ [ 0.6466203, 51.810255 ], [ 0.6464524, 51.8101923 ], [ 0.6462057, 51.810092799999985 ], [ 0.645755, 51.8099535 ], [ 0.6453688, 51.8099336 ], [ 0.6449933, 51.8099402 ], [ 0.6448002, 51.8099469 ], [ 0.6447523, 51.809962 ] ] } },
{ "type": "Feature", "properties": { "id": 57038, "nach": 0.54285578909503329 }, "geometry": { "type": "LineString", "coordinates": [ [ 0.6443712, 51.8100633 ], [ 0.6445092, 51.8100513 ], [ 0.6447523, 51.809962 ] ] } },
{ "type": "Feature", "properties": { "id": 57025, "nach": 0.41077325191378228 }, "geometry": { "type": "LineString", "coordinates": [ [ 0.6436066, 51.8095881 ], [ 0.6438523, 51.8095648 ] ] } },
{ "type": "Feature", "properties": { "id": 57021, "nach": 0.43896626375689901 }, "geometry": { "type": "LineString", "coordinates": [ [ 0.6438723, 51.80965040000001 ], [ 0.6438523, 51.8095648 ] ] } },
{ "type": "Feature", "properties": { "id": 61733, "nach": 0.42487787959969903 }, "geometry": { "type": "LineString", "coordinates": [ [ 0.6569469, 51.8059422 ], [ 0.6573632, 51.8056744 ] ] } },
{ "type": "Feature", "properties": { "id": 43126, "nach": 0.40776857865874194 }, "geometry": { "type": "LineString", "coordinates": [ [ 0.6574696, 51.8055735 ], [ 0.6573632, 51.8056744 ] ] } },
{ "type": "Feature", "properties": { "id": 11105, "nach": 0.0 }, "geometry": { "type": "LineString", "coordinates": [ [ 0.6726948, 51.8113688 ], [ 0.6725061, 51.811196 ], [ 0.6710036, 51.8104295 ], [ 0.6707796, 51.8102726 ], [ 0.6705655, 51.810091 ], [ 0.6703166, 51.8100048 ], [ 0.6697192, 51.809854 ], [ 0.6687933, 51.8097001 ], [ 0.6682457, 51.809573900000011 ], [ 0.6673148, 51.80942 ], [ 0.6645006, 51.8089893 ], [ 0.6637695, 51.80884020000002 ], [ 0.6632405, 51.8086671 ], [ 0.6630305, 51.8085565 ], [ 0.6627583, 51.8085324 ], [ 0.6624471, 51.8085516 ], [ 0.6620193, 51.8084987 ], [ 0.6614826, 51.8083352 ], [ 0.6612493, 51.808104400000012 ], [ 0.6601759, 51.807003 ], [ 0.6598336, 51.806815500000013 ], [ 0.6597325, 51.806709700000013 ], [ 0.6596158, 51.8065654 ], [ 0.6591803, 51.8062239 ], [ 0.658768, 51.8060027 ], [ 0.6581589, 51.8058153 ], [ 0.6576098, 51.8057206 ], [ 0.6573632, 51.8056744 ] ] } },
{ "type": "Feature", "properties": { "id": 61734, "nach": 0.45093815638376794 }, "geometry": { "type": "LineString", "coordinates": [ [ 0.6569469, 51.8059422 ], [ 0.6565052, 51.8062145 ], [ 0.656295, 51.8063479 ], [ 0.6556834, 51.806716 ], [ 0.6551737, 51.8069938 ], [ 0.6547594, 51.807205099999983 ], [ 0.6545819, 51.8073151 ], [ 0.6545277, 51.8073565 ], [ 0.6544737, 51.8074012 ] ] } },
{ "type": "Feature", "properties": { "id": 61736, "nach": 0.33662737754716204 }, "geometry": { "type": "LineString", "coordinates": [ [ 0.6567066, 51.8058028 ], [ 0.6568728, 51.805900800000011 ], [ 0.6569469, 51.8059422 ] ] } },
{ "type": "Feature", "properties": { "id": 60644, "nach": 0.38509322709107147 }, "geometry": { "type": "LineString", "coordinates": [ [ 0.657429, 51.8055538 ], [ 0.6574696, 51.8055735 ] ] } },
{ "type": "Feature", "properties": { "id": 57286, "nach": 0.22561527553866986 }, "geometry": { "type": "LineString", "coordinates": [ [ 0.6602775, 51.8007318 ], [ 0.6601476, 51.8007789 ], [ 0.6599308, 51.8008593 ], [ 0.6595661, 51.8009846 ], [ 0.6590416, 51.8011587 ], [ 0.6588968, 51.801193 ], [ 0.6587704, 51.8012063 ], [ 0.6585948, 51.801193 ], [ 0.6584716, 51.8011682 ], [ 0.6583607, 51.801172 ], [ 0.6582941, 51.8011919 ], [ 0.6582275, 51.8012283 ], [ 0.6581327, 51.8013058 ], [ 0.6580352, 51.8013807 ], [ 0.6573762, 51.8017529 ], [ 0.6572105, 51.8018721 ], [ 0.6571945, 51.8019056 ], [ 0.6571916, 51.8019607 ], [ 0.6572259, 51.8026198 ], [ 0.6571186, 51.8033032 ], [ 0.6571715, 51.8034046 ], [ 0.6572197, 51.8034795 ], [ 0.6579121, 51.8038968 ], [ 0.6587065, 51.8043248 ], [ 0.6587401, 51.8043686 ], [ 0.6587491, 51.8044144 ], [ 0.6586796, 51.8045006 ], [ 0.658176, 51.8049366 ], [ 0.6580646, 51.8051013 ], [ 0.657984, 51.8051883 ], [ 0.6575413, 51.8055106 ], [ 0.6574696, 51.8055735 ] ] } },
{ "type": "Feature", "properties": { "id": 42145, "nach": 0.3069112362248187 }, "geometry": { "type": "LineString", "coordinates": [ [ 0.6585647, 51.8088832 ], [ 0.6574255, 51.8082731 ], [ 0.6560412, 51.807922199999986 ], [ 0.6553098, 51.8076966 ], [ 0.6551707, 51.8076839 ], [ 0.6549089, 51.807603 ], [ 0.6547749, 51.8075343 ], [ 0.654667499999989, 51.8074845 ], [ 0.6544679, 51.8074071 ] ] } },
{ "type": "Feature", "properties": { "id": 64299, "nach": 0.48788426271710561 }, "geometry": { "type": "LineString", "coordinates": [ [ 0.650798, 51.8085621 ], [ 0.6509049, 51.808522099999983 ] ] } },
{ "type": "Feature", "properties": { "id": 32444, "nach": 0.5951697825947424 }, "geometry": { "type": "LineString", "coordinates": [ [ 0.6507977, 51.8086558 ], [ 0.6509049, 51.808522099999983 ] ] } },
{ "type": "Feature", "properties": { "id": 64308, "nach": 0.60489701102278337 }, "geometry": { "type": "LineString", "coordinates": [ [ 0.6511873, 51.8083522 ], [ 0.651111, 51.8084013 ], [ 0.6509049, 51.808522099999983 ] ] } },
{ "type": "Feature", "properties": { "id": 64300, "nach": 0.46616873665523173 }, "geometry": { "type": "LineString", "coordinates": [ [ 0.650798, 51.8085621 ], [ 0.6504141, 51.808705599999989 ], [ 0.6498991, 51.8090107 ], [ 0.6490194, 51.8093689 ], [ 0.6479465, 51.8097537 ], [ 0.6472184, 51.8100123 ] ] } },
{ "type": "Feature", "properties": { "id": 64311, "nach": 0.26333172814687189 }, "geometry": { "type": "LineString", "coordinates": [ [ 0.651146, 51.8083254 ], [ 0.6509004, 51.808472 ], [ 0.650876, 51.80849 ], [ 0.6508452, 51.8085192 ], [ 0.650798, 51.8085621 ] ] } },
{ "type": "Feature", "properties": { "id": 32446, "nach": 0.59818615501050487 }, "geometry": { "type": "LineString", "coordinates": [ [ 0.6507977, 51.8086558 ], [ 0.6507277, 51.80871530000001 ], [ 0.6506265, 51.8088259 ], [ 0.6504393, 51.8089443 ], [ 0.6502435, 51.809085299999985 ], [ 0.650214, 51.80921630000001 ], [ 0.6502642, 51.809351800000016 ], [ 0.6503656, 51.8094479 ], [ 0.6507036, 51.809713200000012 ] ] } },
{ "type": "Feature", "properties": { "id": 64297, "nach": 0.45104093520819505 }, "geometry": { "type": "LineString", "coordinates": [ [ 0.6508669, 51.808676400000017 ], [ 0.6507977, 51.8086558 ] ] } },
{ "type": "Feature", "properties": { "id": 64305, "nach": 0.6189337257225902 }, "geometry": { "type": "LineString", "coordinates": [ [ 0.6511873, 51.8083522 ], [ 0.6513312, 51.8082597 ] ] } },
{ "type": "Feature", "properties": { "id": 64306, "nach": 0.49415631026545276 }, "geometry": { "type": "LineString", "coordinates": [ [ 0.6511873, 51.8083522 ], [ 0.6512351, 51.808382299999984 ] ] } },
{ "type": "Feature", "properties": { "id": 64309, "nach": 0.45545750546590152 }, "geometry": { "type": "LineString", "coordinates": [ [ 0.651146, 51.8083254 ], [ 0.6511873, 51.8083522 ] ] } },
{ "type": "Feature", "properties": { "id": 55098, "nach": 0.56233816177744311 }, "geometry": { "type": "LineString", "coordinates": [ [ 0.6524505, 51.8110707 ], [ 0.6533788, 51.8117699 ] ] } },
{ "type": "Feature", "properties": { "id": 32441, "nach": 0.51643850918453715 }, "geometry": { "type": "LineString", "coordinates": [ [ 0.6502961, 51.809914300000017 ], [ 0.6507036, 51.809713200000012 ] ] } },
{ "type": "Feature", "properties": { "id": 31936, "nach": 0.59902661300816429 }, "geometry": { "type": "LineString", "coordinates": [ [ 0.6508863, 51.8098552 ], [ 0.6507036, 51.809713200000012 ] ] } },
{ "type": "Feature", "properties": { "id": 32440, "nach": 0.49753693614988947 }, "geometry": { "type": "LineString", "coordinates": [ [ 0.6502961, 51.809914300000017 ], [ 0.6489787, 51.8105644 ] ] } },
{ "type": "Feature", "properties": { "id": 32443, "nach": 0.39448389017598778 }, "geometry": { "type": "LineString", "coordinates": [ [ 0.6502706, 51.8097364 ], [ 0.6501445, 51.8097961 ], [ 0.6502961, 51.809914300000017 ] ] } },
{ "type": "Feature", "properties": { "id": 31935, "nach": 0.59393193429881386 }, "geometry": { "type": "LineString", "coordinates": [ [ 0.6508863, 51.8098552 ], [ 0.6510077, 51.80995 ] ] } },
{ "type": "Feature", "properties": { "id": 31940, "nach": 0.46144822153421988 }, "geometry": { "type": "LineString", "coordinates": [ [ 0.6510869, 51.80976 ], [ 0.6508863, 51.8098552 ] ] } },
{ "type": "Feature", "properties": { "id": 11121, "nach": 0.46250214775050674 }, "geometry": { "type": "LineString", "coordinates": [ [ 0.6472184, 51.8100123 ], [ 0.6482464, 51.8106053 ], [ 0.6484719, 51.8106726 ], [ 0.6486975, 51.8106678 ] ] } },
{ "type": "Feature", "properties": { "id": 32438, "nach": 0.48105164096570796 }, "geometry": { "type": "LineString", "coordinates": [ [ 0.6489787, 51.8105644 ], [ 0.6489153, 51.810595699999986 ], [ 0.6486975, 51.8106678 ] ] } },
{ "type": "Feature", "properties": { "id": 51312, "nach": 0.37268326461202589 }, "geometry": { "type": "LineString", "coordinates": [ [ 0.650215, 51.8116107 ], [ 0.6499666, 51.8114379 ], [ 0.6496966, 51.811367100000012 ], [ 0.6487991, 51.8108783 ], [ 0.6487582, 51.8108446 ], [ 0.64872, 51.810762 ], [ 0.6486975, 51.8106678 ] ] } },
{ "type": "Feature", "properties": { "id": 31945, "nach": 0.46880850391604967 }, "geometry": { "type": "LineString", "coordinates": [ [ 0.6462995, 51.809512 ], [ 0.6472184, 51.8100123 ] ] } },
{ "type": "Feature", "properties": { "id": 31276, "nach": 0.49170192570632698 }, "geometry": { "type": "LineString", "coordinates": [ [ 0.6474573, 51.8102419 ], [ 0.647304, 51.8101513 ], [ 0.6471424, 51.810054600000015 ], [ 0.6472184, 51.8100123 ] ] } },
{ "type": "Feature", "properties": { "id": 32439, "nach": 0.38904055207552163 }, "geometry": { "type": "LineString", "coordinates": [ [ 0.6495739, 51.8110198 ], [ 0.6489787, 51.8105644 ] ] } },
{ "type": "Feature", "properties": { "id": 31947, "nach": 0.45019957102340807 }, "geometry": { "type": "LineString", "coordinates": [ [ 0.6451307, 51.8088755 ], [ 0.6456881, 51.808617 ], [ 0.6457307, 51.8085999 ], [ 0.6457882, 51.808596 ], [ 0.645835, 51.8086052 ], [ 0.6467291, 51.8090883 ], [ 0.646744, 51.8091185 ], [ 0.6467483, 51.8091541 ], [ 0.6467355, 51.809183 ], [ 0.6462995, 51.809512 ] ] } },
{ "type": "Feature", "properties": { "id": 31275, "nach": 0.48752217158641425 }, "geometry": { "type": "LineString", "coordinates": [ [ 0.6474573, 51.8102419 ], [ 0.6482354, 51.810701 ], [ 0.6482061, 51.8107207 ], [ 0.6472784, 51.8101966 ] ] } },
{ "type": "Feature", "properties": { "id": 12327, "nach": 0.55755689626155336 }, "geometry": { "type": "LineString", "coordinates": [ [ 0.6418918, 51.7947396 ], [ 0.6418895, 51.7948413 ] ] } },
{ "type": "Feature", "properties": { "id": 38301, "nach": 0.56088349474118693 }, "geometry": { "type": "LineString", "coordinates": [ [ 0.6427093, 51.794759 ], [ 0.6425251, 51.79477330000001 ], [ 0.6418895, 51.7948413 ] ] } },
{ "type": "Feature", "properties": { "id": 62389, "nach": 0.4872405748757726 }, "geometry": { "type": "LineString", "coordinates": [ [ 0.6410998, 51.7951761 ], [ 0.6411551, 51.7950589 ], [ 0.6412221, 51.7949911 ], [ 0.6413405, 51.7949148 ], [ 0.641527, 51.794870700000011 ], [ 0.6418895, 51.7948413 ] ] } },
{ "type": "Feature", "properties": { "id": 38291, "nach": 0.44525805237683386 }, "geometry": { "type": "LineString", "coordinates": [ [ 0.6429722, 51.7946531 ], [ 0.6418918, 51.7947396 ] ] } },
{ "type": "Feature", "properties": { "id": 41976, "nach": 0.55940318923534726 }, "geometry": { "type": "LineString", "coordinates": [ [ 0.6415053, 51.7946511 ], [ 0.64159, 51.7946476 ], [ 0.6417239, 51.7946656 ], [ 0.6418193, 51.794692200000014 ], [ 0.6418738, 51.7947238 ], [ 0.6418918, 51.7947396 ] ] } },
{ "type": "Feature", "properties": { "id": 38300, "nach": 0.55944764931105628 }, "geometry": { "type": "LineString", "coordinates": [ [ 0.6427093, 51.794759 ], [ 0.6429454, 51.7947358 ] ] } },
{ "type": "Feature", "properties": { "id": 38303, "nach": 0.449484615567734 }, "geometry": { "type": "LineString", "coordinates": [ [ 0.642748, 51.7952185 ], [ 0.6427211, 51.7948209 ], [ 0.6427093, 51.794759 ] ] } },
{ "type": "Feature", "properties": { "id": 62391, "nach": 0.61359087138588653 }, "geometry": { "type": "LineString", "coordinates": [ [ 0.6410998, 51.7951761 ], [ 0.6410423, 51.7951646 ], [ 0.6410926, 51.7950774 ], [ 0.6411474, 51.7949991 ], [ 0.6411948, 51.7949446 ], [ 0.6412383, 51.7948786 ], [ 0.6412776, 51.7947955 ], [ 0.6413095, 51.7947283 ], [ 0.6413137, 51.794659100000011 ] ] } },
{ "type": "Feature", "properties": { "id": 70087, "nach": 0.61061512070044044 }, "geometry": { "type": "LineString", "coordinates": [ [ 0.6411488, 51.795186 ], [ 0.6410998, 51.7951761 ] ] } },
{ "type": "Feature", "properties": { "id": 62396, "nach": 0.56376165871362915 }, "geometry": { "type": "LineString", "coordinates": [ [ 0.6404389, 51.7957053 ], [ 0.64048, 51.7956048 ], [ 0.6405067, 51.7955571 ], [ 0.6405494, 51.7955161 ], [ 0.6406173, 51.795475399999987 ], [ 0.6406958, 51.7954494 ], [ 0.640858, 51.79540080000001 ], [ 0.6409736, 51.7953289 ], [ 0.6410483, 51.795267 ], [ 0.6410998, 51.7951761 ] ] } },
{ "type": "Feature", "properties": { "id": 70323, "nach": 0.07456518490091954 }, "geometry": { "type": "LineString", "coordinates": [ [ 0.6429423, 51.7945538 ], [ 0.6431334, 51.7944243 ], [ 0.6432696, 51.79436650000001 ], [ 0.6434525, 51.7943263 ], [ 0.6436192, 51.7942973 ], [ 0.6437249, 51.7942697 ], [ 0.6438001, 51.794237 ], [ 0.6437836, 51.7943012 ], [ 0.6437016, 51.7943616 ], [ 0.6435924, 51.7944219 ], [ 0.6434549, 51.7945933 ], [ 0.6429722, 51.7946531 ] ] } },
{ "type": "Feature", "properties": { "id": 41975, "nach": 0.57941862941223443 }, "geometry": { "type": "LineString", "coordinates": [ [ 0.6415053, 51.7946511 ], [ 0.6413137, 51.794659100000011 ] ] } },
{ "type": "Feature", "properties": { "id": 70324, "nach": 0.44135784585650728 }, "geometry": { "type": "LineString", "coordinates": [ [ 0.6429423, 51.7945538 ], [ 0.6427943, 51.7945128 ], [ 0.6426559, 51.7944846 ], [ 0.6422462, 51.79450150000001 ], [ 0.6420276, 51.7945353 ], [ 0.6418942, 51.7945738 ], [ 0.6416367, 51.794571500000011 ], [ 0.6415053, 51.7946511 ] ] } },
{ "type": "Feature", "properties": { "id": 38290, "nach": 0.64415478080505206 }, "geometry": { "type": "LineString", "coordinates": [ [ 0.6412445, 51.7942646 ], [ 0.6412578, 51.7942835 ], [ 0.6412693, 51.7943489 ], [ 0.6413137, 51.794659100000011 ] ] } },
{ "type": "Feature", "properties": { "id": 38289, "nach": 0.60110878520806799 }, "geometry": { "type": "LineString", "coordinates": [ [ 0.6412445, 51.7942646 ], [ 0.6412462, 51.7941891 ], [ 0.6412604, 51.7941566 ] ] } },
{ "type": "Feature", "properties": { "id": 38288, "nach": 0.59830756623749159 }, "geometry": { "type": "LineString", "coordinates": [ [ 0.6412445, 51.7942646 ], [ 0.641143, 51.7941943 ] ] } },
{ "type": "Feature", "properties": { "id": 38284, "nach": 0.51988934248469143 }, "geometry": { "type": "LineString", "coordinates": [ [ 0.641143, 51.7941943 ], [ 0.6412604, 51.7941566 ] ] } },
{ "type": "Feature", "properties": { "id": 12521, "nach": 0.46862685761609302 }, "geometry": { "type": "LineString", "coordinates": [ [ 0.6418547, 51.7939703 ], [ 0.641399, 51.7941253 ], [ 0.6412604, 51.7941566 ] ] } },
{ "type": "Feature", "properties": { "id": 38331, "nach": 0.60863899794264831 }, "geometry": { "type": "LineString", "coordinates": [ [ 0.641372, 51.7936122 ], [ 0.641374, 51.7936209 ], [ 0.6413186, 51.7938794 ], [ 0.6412645, 51.7940599 ], [ 0.6412572, 51.7941049 ], [ 0.6412604, 51.7941566 ] ] } },
{ "type": "Feature", "properties": { "id": 38287, "nach": 0.59167777567347801 }, "geometry": { "type": "LineString", "coordinates": [ [ 0.641143, 51.7941943 ], [ 0.6410499, 51.7941641 ], [ 0.6409794, 51.794140400000011 ], [ 0.6408723, 51.7941362 ], [ 0.6407351, 51.7941442 ], [ 0.6405418, 51.7941566 ], [ 0.640307, 51.7941523 ], [ 0.6400878, 51.7941546 ], [ 0.6396318, 51.794193 ], [ 0.6395318, 51.7942164 ], [ 0.6394354, 51.7942443 ] ] } },
{ "type": "Feature", "properties": { "id": 38310, "nach": 0.53445605844325728 }, "geometry": { "type": "LineString", "coordinates": [ [ 0.6403712, 51.7937197 ], [ 0.640406, 51.7937406 ], [ 0.6405991, 51.7938229 ], [ 0.6408395, 51.7939445 ], [ 0.6410153, 51.7940691 ], [ 0.641143, 51.7941943 ] ] } },
{ "type": "Feature", "properties": { "id": 70326, "nach": 0.40885536958595114 }, "geometry": { "type": "LineString", "coordinates": [ [ 0.6432736, 51.7936824 ], [ 0.6430819, 51.7936813 ], [ 0.6427627, 51.7936889 ], [ 0.6425455, 51.7937189 ], [ 0.6424182, 51.7937438 ], [ 0.6422804, 51.7937941 ], [ 0.6421499, 51.793852 ], [ 0.6418547, 51.7939703 ] ] } },
{ "type": "Feature", "properties": { "id": 38332, "nach": 0.50972953217694439 }, "geometry": { "type": "LineString", "coordinates": [ [ 0.641372, 51.7936122 ], [ 0.6410414, 51.7936312 ], [ 0.6407972, 51.793617 ] ] } },
{ "type": "Feature", "properties": { "id": 68170, "nach": 0.61173757129622752 }, "geometry": { "type": "LineString", "coordinates": [ [ 0.6393643, 51.794262 ], [ 0.6394354, 51.7942443 ] ] } },
{ "type": "Feature", "properties": { "id": 12388, "nach": 0.51694966644617546 }, "geometry": { "type": "LineString", "coordinates": [ [ 0.6391283, 51.7937123 ], [ 0.6391237, 51.7937389 ], [ 0.6391126, 51.7938034 ], [ 0.6391174, 51.7938355 ], [ 0.6391364, 51.7938676 ], [ 0.6392026, 51.7939094 ], [ 0.6392848, 51.793956700000017 ], [ 0.6393527, 51.7940055 ], [ 0.6393808, 51.7940356 ], [ 0.6394003, 51.7940968 ], [ 0.6393803, 51.794179099999987 ], [ 0.6394008, 51.7942117 ], [ 0.6394354, 51.7942443 ] ] } },
{ "type": "Feature", "properties": { "id": 68171, "nach": 0.57968949537465464 }, "geometry": { "type": "LineString", "coordinates": [ [ 0.6393643, 51.794262 ], [ 0.6386023, 51.7947212 ], [ 0.6378543, 51.7951699 ], [ 0.6370254, 51.7956567 ] ] } },
{ "type": "Feature", "properties": { "id": 68169, "nach": 0.56463540038367599 }, "geometry": { "type": "LineString", "coordinates": [ [ 0.6393643, 51.794262 ], [ 0.6386621, 51.7937581 ] ] } },
{ "type": "Feature", "properties": { "id": 59732, "nach": 0.56992384171864074 }, "geometry": { "type": "LineString", "coordinates": [ [ 0.6399939, 51.7937818 ], [ 0.6398962, 51.7937801 ], [ 0.6391283, 51.7937123 ] ] } },
{ "type": "Feature", "properties": { "id": 38312, "nach": 0.59073572879701941 }, "geometry": { "type": "LineString", "coordinates": [ [ 0.6388787, 51.7936536 ], [ 0.6389981, 51.7936868 ], [ 0.6391283, 51.7937123 ] ] } },
{ "type": "Feature", "properties": { "id": 12385, "nach": 0.54782608378574782 }, "geometry": { "type": "LineString", "coordinates": [ [ 0.6369191, 51.7954572 ], [ 0.6369589, 51.7955983 ], [ 0.6370254, 51.7956567 ] ] } },
{ "type": "Feature", "properties": { "id": 12345, "nach": 0.57979384849748905 }, "geometry": { "type": "LineString", "coordinates": [ [ 0.6359445, 51.79664720000001 ], [ 0.6359759, 51.7966261 ], [ 0.6361295, 51.7965228 ], [ 0.6362826, 51.7963301 ], [ 0.63652, 51.7960544 ], [ 0.6370254, 51.7956567 ] ] } },
{ "type": "Feature", "properties": { "id": 67700, "nach": 0.0 }, "geometry": { "type": "LineString", "coordinates": [ [ 0.6362741, 51.7949418 ], [ 0.6362495, 51.7950065 ], [ 0.636228, 51.7951483 ], [ 0.6362937, 51.7952329 ], [ 0.6366914, 51.7954616 ], [ 0.6367802, 51.795462 ], [ 0.6369191, 51.7954572 ] ] } },
{ "type": "Feature", "properties": { "id": 67693, "nach": 0.52196008015948947 }, "geometry": { "type": "LineString", "coordinates": [ [ 0.6363514, 51.7949413 ], [ 0.6363299, 51.7950538 ], [ 0.6363568, 51.7951035 ], [ 0.6364426, 51.7951633 ], [ 0.6365472, 51.7952313 ], [ 0.6369191, 51.7954572 ] ] } },
{ "type": "Feature", "properties": { "id": 67697, "nach": 0.45912487129468138 }, "geometry": { "type": "LineString", "coordinates": [ [ 0.6349379, 51.7945445 ], [ 0.6350867, 51.7945262 ], [ 0.6353979, 51.794660600000014 ], [ 0.6356232, 51.7947626 ], [ 0.635772, 51.7948547 ], [ 0.6360202, 51.7950397 ], [ 0.6361891, 51.7951757 ], [ 0.6362646, 51.7952645 ], [ 0.6367615, 51.795554300000013 ], [ 0.6369191, 51.7954572 ] ] } },
{ "type": "Feature", "properties": { "id": 45274, "nach": 0.65889640020389595 }, "geometry": { "type": "LineString", "coordinates": [ [ 0.6358013, 51.7965511 ], [ 0.6359445, 51.79664720000001 ] ] } },
{ "type": "Feature", "properties": { "id": 19024, "nach": 0.5143452258180804 }, "geometry": { "type": "LineString", "coordinates": [ [ 0.6351443, 51.7979772 ], [ 0.6351992, 51.7979327 ], [ 0.6353517, 51.7977126 ], [ 0.6353949, 51.7975251 ], [ 0.6354498, 51.7974075 ], [ 0.635517, 51.797239 ], [ 0.6355443, 51.7971076 ], [ 0.6355654, 51.796987 ], [ 0.6356441, 51.796887 ], [ 0.635911, 51.7966718 ], [ 0.6359445, 51.79664720000001 ] ] } },
{ "type": "Feature", "properties": { "id": 45275, "nach": 0.65497630440399546 }, "geometry": { "type": "LineString", "coordinates": [ [ 0.6358013, 51.7965511 ], [ 0.6356127, 51.7964197 ], [ 0.6354043, 51.79627 ], [ 0.635294, 51.7961903 ] ] } },
{ "type": "Feature", "properties": { "id": 66015, "nach": 0.5868022138558886 }, "geometry": { "type": "LineString", "coordinates": [ [ 0.6354713, 51.7967381 ], [ 0.6355162, 51.7966926 ], [ 0.6356024, 51.7966495 ], [ 0.6358013, 51.7965511 ] ] } },
{ "type": "Feature", "properties": { "id": 12355, "nach": 0.49355462170265713 }, "geometry": { "type": "LineString", "coordinates": [ [ 0.6348499, 51.8023312 ], [ 0.6346334, 51.8022259 ], [ 0.634534, 51.8020961 ] ] } },
{ "type": "Feature", "properties": { "id": 50185, "nach": 0.38220126520207176 }, "geometry": { "type": "LineString", "coordinates": [ [ 0.6344531, 51.8019691 ], [ 0.634547, 51.8019411 ], [ 0.6346653, 51.8019679 ], [ 0.6353032, 51.8022456 ], [ 0.6354521, 51.8023169 ], [ 0.6355608, 51.80245020000001 ] ] } },
{ "type": "Feature", "properties": { "id": 12468, "nach": 0.38695216131714733 }, "geometry": { "type": "LineString", "coordinates": [ [ 0.634814, 51.8022901 ], [ 0.6348499, 51.8023312 ] ] } },
{ "type": "Feature", "properties": { "id": 20044, "nach": 0.13306739206130069 }, "geometry": { "type": "LineString", "coordinates": [ [ 0.6355608, 51.80245020000001 ], [ 0.6354906, 51.8024369 ], [ 0.6353537, 51.8024243 ], [ 0.635204, 51.8024026 ], [ 0.6350237, 51.8023608 ], [ 0.634814, 51.8022901 ] ] } },
{ "type": "Feature", "properties": { "id": 12357, "nach": 0.50381489568348348 }, "geometry": { "type": "LineString", "coordinates": [ [ 0.6359112, 51.8032611 ], [ 0.6352654, 51.8028106 ], [ 0.6351875, 51.802727700000013 ], [ 0.6348499, 51.8023312 ] ] } },
{ "type": "Feature", "properties": { "id": 12360, "nach": 0.52837260840398004 }, "geometry": { "type": "LineString", "coordinates": [ [ 0.6363185, 51.8037273 ], [ 0.6362503, 51.8036297 ], [ 0.636136, 51.8034866 ], [ 0.6359112, 51.8032611 ] ] } },
{ "type": "Feature", "properties": { "id": 20045, "nach": 0.40139371080976344 }, "geometry": { "type": "LineString", "coordinates": [ [ 0.6355608, 51.80245020000001 ], [ 0.6356186, 51.8024754 ], [ 0.6356808, 51.802528899999984 ], [ 0.6357034, 51.80255 ], [ 0.6357264, 51.8025751 ], [ 0.6357532, 51.802610400000013 ], [ 0.6357721, 51.8026412 ], [ 0.635796, 51.802691499999987 ], [ 0.6358215, 51.8027487 ], [ 0.6358689, 51.8028612 ], [ 0.6359096, 51.80297070000001 ], [ 0.6359513, 51.8030511 ], [ 0.6359349, 51.8031226 ], [ 0.635918, 51.80321450000001 ], [ 0.6359112, 51.8032611 ] ] } },
{ "type": "Feature", "properties": { "id": 41926, "nach": 0.50793267931223451 }, "geometry": { "type": "LineString", "coordinates": [ [ 0.6350527, 51.8049677 ], [ 0.6351045, 51.8048805 ], [ 0.6352374, 51.8047404 ], [ 0.6352824, 51.8046823 ], [ 0.6353601, 51.8045372 ], [ 0.6354502, 51.8044545 ], [ 0.635477, 51.8044175 ], [ 0.635557, 51.8043467 ], [ 0.635701, 51.8042571 ], [ 0.6359703, 51.8040937 ], [ 0.6361029, 51.8040149 ], [ 0.6362458, 51.8039185 ], [ 0.6363617, 51.8038184 ], [ 0.6363691, 51.8037929 ], [ 0.6363545, 51.8037685 ], [ 0.6363185, 51.8037273 ] ] } },
{ "type": "Feature", "properties": { "id": 12454, "nach": 0.49366417217178721 }, "geometry": { "type": "LineString", "coordinates": [ [ 0.6339401, 51.804665300000011 ], [ 0.6341264, 51.8046629 ], [ 0.6342785, 51.804646599999984 ], [ 0.6344832, 51.804605400000014 ], [ 0.6348166, 51.804517 ], [ 0.635366, 51.8042941 ], [ 0.6357694, 51.8040871 ], [ 0.6363185, 51.8037273 ] ] } },
{ "type": "Feature", "properties": { "id": 41927, "nach": 0.50864580936615778 }, "geometry": { "type": "LineString", "coordinates": [ [ 0.6350527, 51.8049677 ], [ 0.6350261, 51.8050163 ], [ 0.6349684, 51.8051031 ], [ 0.6348688, 51.8052076 ], [ 0.6346995, 51.8052618 ] ] } },
{ "type": "Feature", "properties": { "id": 41930, "nach": 0.39579293186462716 }, "geometry": { "type": "LineString", "coordinates": [ [ 0.6346177, 51.805217400000011 ], [ 0.6350527, 51.8049677 ] ] } },
{ "type": "Feature", "properties": { "id": 67698, "nach": 0.53192002998439469 }, "geometry": { "type": "LineString", "coordinates": [ [ 0.6362741, 51.7949418 ], [ 0.6362924, 51.7949028 ] ] } },
{ "type": "Feature", "properties": { "id": 67699, "nach": 0.52406651733048537 }, "geometry": { "type": "LineString", "coordinates": [ [ 0.6362741, 51.7949418 ], [ 0.6363514, 51.7949413 ] ] } },
{ "type": "Feature", "properties": { "id": 67694, "nach": 0.35437574264886484 }, "geometry": { "type": "LineString", "coordinates": [ [ 0.6363514, 51.7949413 ], [ 0.6365351, 51.7949401 ], [ 0.6367122, 51.7949277 ], [ 0.6369039, 51.7948937 ], [ 0.6370702, 51.7948489 ], [ 0.6372164, 51.7947983 ], [ 0.6373854, 51.7947137 ], [ 0.6375152, 51.7946907 ], [ 0.6379352, 51.7944665 ], [ 0.6378501, 51.7944043 ] ] } },
{ "type": "Feature", "properties": { "id": 59731, "nach": 0.56075978081947242 }, "geometry": { "type": "LineString", "coordinates": [ [ 0.6399939, 51.7937818 ], [ 0.6400254, 51.7937824 ], [ 0.6401639, 51.7937702 ], [ 0.6403116, 51.7937389 ], [ 0.6403712, 51.7937197 ] ] } },
{ "type": "Feature", "properties": { "id": 59733, "nach": 0.41952900852493918 }, "geometry": { "type": "LineString", "coordinates": [ [ 0.6399939, 51.7937818 ], [ 0.6400418, 51.7936965 ], [ 0.6402636, 51.7937089 ], [ 0.6403388, 51.7936816 ] ] } },
{ "type": "Feature", "properties": { "id": 68165, "nach": 0.5370052024179911 }, "geometry": { "type": "LineString", "coordinates": [ [ 0.6386621, 51.7937581 ], [ 0.6388787, 51.7936536 ] ] } },
{ "type": "Feature", "properties": { "id": 38317, "nach": 0.56494658854062718 }, "geometry": { "type": "LineString", "coordinates": [ [ 0.6389288, 51.7930733 ], [ 0.6389208, 51.7931005 ], [ 0.6387834, 51.7932926 ], [ 0.6387255, 51.793385699999988 ], [ 0.6387221, 51.7934666 ], [ 0.638748, 51.7935404 ], [ 0.6388079, 51.7936036 ], [ 0.6388787, 51.7936536 ] ] } },
{ "type": "Feature", "properties": { "id": 13591, "nach": 0.55823008693032306 }, "geometry": { "type": "LineString", "coordinates": [ [ 0.6415642, 51.7981592 ], [ 0.6415442, 51.7979337 ] ] } },
{ "type": "Feature", "properties": { "id": 20060, "nach": 0.57588996771816447 }, "geometry": { "type": "LineString", "coordinates": [ [ 0.6404784, 51.7977526 ], [ 0.6411568, 51.7978795 ], [ 0.6414664, 51.797923 ], [ 0.6415442, 51.7979337 ] ] } },
{ "type": "Feature", "properties": { "id": 20052, "nach": 0.56965388714034171 }, "geometry": { "type": "LineString", "coordinates": [ [ 0.640954, 51.7974438 ], [ 0.6415428, 51.7979055 ], [ 0.6415442, 51.7979337 ] ] } },
{ "type": "Feature", "properties": { "id": 13590, "nach": 0.45980785514585892 }, "geometry": { "type": "LineString", "coordinates": [ [ 0.6415642, 51.7981592 ], [ 0.6415174, 51.7981518 ] ] } },
{ "type": "Feature", "properties": { "id": 20062, "nach": 0.42942021232825694 }, "geometry": { "type": "LineString", "coordinates": [ [ 0.6404784, 51.7977526 ], [ 0.640532, 51.7977195 ], [ 0.6405981, 51.7976976 ], [ 0.6406892, 51.7976632 ], [ 0.6407516, 51.7976188 ], [ 0.6407741, 51.7975767 ], [ 0.6408087, 51.7975379 ], [ 0.6408419, 51.7975085 ], [ 0.6408926, 51.7974672 ], [ 0.640954, 51.7974438 ] ] } },
{ "type": "Feature", "properties": { "id": 20066, "nach": 0.57553023958244209 }, "geometry": { "type": "LineString", "coordinates": [ [ 0.639401, 51.7976151 ], [ 0.6394864, 51.7976319 ], [ 0.6399232, 51.79768880000001 ], [ 0.6402405, 51.797741 ], [ 0.6404784, 51.7977526 ] ] } },
{ "type": "Feature", "properties": { "id": 41974, "nach": 0.45392136829501595 }, "geometry": { "type": "LineString", "coordinates": [ [ 0.6401691, 51.7980401 ], [ 0.6401574, 51.797987 ], [ 0.6402862, 51.7978604 ], [ 0.6404784, 51.7977526 ] ] } },
{ "type": "Feature", "properties": { "id": 38306, "nach": 0.57195198079314125 }, "geometry": { "type": "LineString", "coordinates": [ [ 0.640664, 51.7971865 ], [ 0.640703, 51.7972613 ], [ 0.640954, 51.7974438 ] ] } },
{ "type": "Feature", "properties": { "id": 20065, "nach": 0.53310632423202597 }, "geometry": { "type": "LineString", "coordinates": [ [ 0.639401, 51.7976151 ], [ 0.6394273, 51.7975805 ], [ 0.6400193, 51.7972596 ], [ 0.6405845, 51.7969353 ] ] } },
{ "type": "Feature", "properties": { "id": 70088, "nach": 0.59216181214737096 }, "geometry": { "type": "LineString", "coordinates": [ [ 0.6411488, 51.795186 ], [ 0.6411072, 51.795255200000014 ], [ 0.641055, 51.7953187 ], [ 0.641009, 51.7953631 ], [ 0.6409509, 51.7954035 ], [ 0.6408845, 51.795434 ], [ 0.6408072, 51.7956003 ], [ 0.6406756, 51.7959289 ], [ 0.6406428, 51.7959642 ], [ 0.6405817, 51.7959994 ], [ 0.640548, 51.7960611 ], [ 0.6404345, 51.7963225 ], [ 0.6402204, 51.7967959 ], [ 0.6405845, 51.7969353 ] ] } },
{ "type": "Feature", "properties": { "id": 38305, "nach": 0.5740426082004163 }, "geometry": { "type": "LineString", "coordinates": [ [ 0.640664, 51.7971865 ], [ 0.6405657, 51.7970057 ], [ 0.6405627, 51.7969714 ], [ 0.6405845, 51.7969353 ] ] } },
{ "type": "Feature", "properties": { "id": 52754, "nach": 0.60419342871865689 }, "geometry": { "type": "LineString", "coordinates": [ [ 0.6390548, 51.7977032 ], [ 0.6390779, 51.79769 ], [ 0.6391996, 51.7976272 ], [ 0.639401, 51.7976151 ] ] } },
{ "type": "Feature", "properties": { "id": 70321, "nach": 0.51535073461788805 }, "geometry": { "type": "LineString", "coordinates": [ [ 0.6428684, 51.7953066 ], [ 0.6426286, 51.7952715 ], [ 0.6418979, 51.7952923 ], [ 0.6414379, 51.7952277 ], [ 0.6411488, 51.795186 ] ] } },
{ "type": "Feature", "properties": { "id": 38304, "nach": 0.45845074106706629 }, "geometry": { "type": "LineString", "coordinates": [ [ 0.640664, 51.7971865 ], [ 0.6406435, 51.7971892 ] ] } },
{ "type": "Feature", "properties": { "id": 18728, "nach": 0.56136305253868035 }, "geometry": { "type": "LineString", "coordinates": [ [ 0.6366858, 51.8087669 ], [ 0.6363483, 51.808687 ], [ 0.6358156, 51.8085449 ], [ 0.6356304, 51.808505500000017 ], [ 0.6354575, 51.8084773 ], [ 0.6350612, 51.8084161 ] ] } },
{ "type": "Feature", "properties": { "id": 20083, "nach": 0.59351273738207466 }, "geometry": { "type": "LineString", "coordinates": [ [ 0.6381076, 51.8091618 ], [ 0.6379954, 51.8091354 ], [ 0.6378384, 51.8090867 ], [ 0.6376416, 51.8090278 ], [ 0.6373953, 51.8089603 ], [ 0.6371998, 51.808901 ], [ 0.6369199, 51.80882780000001 ], [ 0.6366858, 51.8087669 ] ] } },
{ "type": "Feature", "properties": { "id": 44254, "nach": 0.54579593341476718 }, "geometry": { "type": "LineString", "coordinates": [ [ 0.6364283, 51.80920350000001 ], [ 0.6366681, 51.808794 ], [ 0.6366858, 51.8087669 ] ] } },
{ "type": "Feature", "properties": { "id": 68906, "nach": 0.63868664141321974 }, "geometry": { "type": "LineString", "coordinates": [ [ 0.6384676, 51.8106344 ], [ 0.6383632, 51.8101609 ], [ 0.6383067, 51.809918199999984 ], [ 0.6383177, 51.8096781 ], [ 0.6383533, 51.8092529 ] ] } },
{ "type": "Feature", "properties": { "id": 57526, "nach": 0.4476789964688917 }, "geometry": { "type": "LineString", "coordinates": [ [ 0.6387395, 51.809257700000011 ], [ 0.6384252, 51.8092565 ], [ 0.6383533, 51.8092529 ] ] } },
{ "type": "Feature", "properties": { "id": 20105, "nach": 0.57204544543397984 }, "geometry": { "type": "LineString", "coordinates": [ [ 0.638231, 51.808919100000011 ], [ 0.6382423, 51.8089896 ], [ 0.6382625, 51.809086700000016 ], [ 0.6382447, 51.8091145 ], [ 0.6382057, 51.8091411 ], [ 0.6381076, 51.8091618 ] ] } },
{ "type": "Feature", "properties": { "id": 12445, "nach": 0.66205015538018919 }, "geometry": { "type": "LineString", "coordinates": [ [ 0.6465043, 51.7983322 ], [ 0.6467397, 51.7983392 ] ] } },
{ "type": "Feature", "properties": { "id": 32089, "nach": 0.65710973144050822 }, "geometry": { "type": "LineString", "coordinates": [ [ 0.6470262, 51.798278600000025 ], [ 0.6468856, 51.7983147 ], [ 0.6467397, 51.7983392 ] ] } },
{ "type": "Feature", "properties": { "id": 26010, "nach": 0.60205117543409714 }, "geometry": { "type": "LineString", "coordinates": [ [ 0.6469085, 51.80005220000001 ], [ 0.6467587, 51.7990582 ], [ 0.6467397, 51.7983392 ] ] } },
{ "type": "Feature", "properties": { "id": 19038, "nach": 0.65375844782763692 }, "geometry": { "type": "LineString", "coordinates": [ [ 0.6461327, 51.798330900000011 ], [ 0.6463941, 51.7983347 ], [ 0.6465043, 51.7983322 ] ] } },
{ "type": "Feature", "properties": { "id": 32634, "nach": 0.64684319764705667 }, "geometry": { "type": "LineString", "coordinates": [ [ 0.6472711, 51.798206 ], [ 0.6470262, 51.798278600000025 ] ] } },
{ "type": "Feature", "properties": { "id": 32090, "nach": 0.51867747581961188 }, "geometry": { "type": "LineString", "coordinates": [ [ 0.6470291, 51.79835760000001 ], [ 0.6470262, 51.798278600000025 ] ] } },
{ "type": "Feature", "properties": { "id": 26011, "nach": 0.60712517140496225 }, "geometry": { "type": "LineString", "coordinates": [ [ 0.6469085, 51.80005220000001 ], [ 0.6484528, 51.7999851 ], [ 0.6485745, 51.7999436 ] ] } },
{ "type": "Feature", "properties": { "id": 26009, "nach": 0.5933813690703712 }, "geometry": { "type": "LineString", "coordinates": [ [ 0.6469085, 51.80005220000001 ], [ 0.6469785, 51.8005169 ], [ 0.6469411, 51.8017187 ], [ 0.6468932, 51.801979 ] ] } },
{ "type": "Feature", "properties": { "id": 19039, "nach": 0.4105180881495899 }, "geometry": { "type": "LineString", "coordinates": [ [ 0.6461327, 51.798330900000011 ], [ 0.6461937, 51.798237900000011 ], [ 0.6462755, 51.7981625 ] ] } },
{ "type": "Feature", "properties": { "id": 43372, "nach": 0.54639922063038027 }, "geometry": { "type": "LineString", "coordinates": [ [ 0.6451932, 51.7976027 ], [ 0.6450662, 51.7975242 ] ] } },
{ "type": "Feature", "properties": { "id": 43375, "nach": 0.43629930631780567 }, "geometry": { "type": "LineString", "coordinates": [ [ 0.6457361, 51.79754 ], [ 0.6455698, 51.7974001 ], [ 0.6451932, 51.7976027 ] ] } },
{ "type": "Feature", "properties": { "id": 41929, "nach": 0.54332138166492749 }, "geometry": { "type": "LineString", "coordinates": [ [ 0.6346177, 51.805217400000011 ], [ 0.6339726, 51.8047852 ] ] } },
{ "type": "Feature", "properties": { "id": 12465, "nach": 0.51059611507083347 }, "geometry": { "type": "LineString", "coordinates": [ [ 0.6346995, 51.8052618 ], [ 0.6342601, 51.80527450000001 ], [ 0.6341023, 51.8052988 ], [ 0.6339999, 51.8053286 ], [ 0.6339427, 51.8053553 ], [ 0.6338537, 51.8054261 ], [ 0.6337666, 51.8054731 ], [ 0.6334599, 51.8056189 ], [ 0.6333342, 51.805676100000014 ], [ 0.6331786, 51.8057373 ], [ 0.633079, 51.8057696 ], [ 0.6329191, 51.80580770000001 ], [ 0.6328129, 51.8058376 ], [ 0.6327015, 51.8058896 ] ] } },
{ "type": "Feature", "properties": { "id": 41928, "nach": 0.54529633834021729 }, "geometry": { "type": "LineString", "coordinates": [ [ 0.6346177, 51.805217400000011 ], [ 0.6346995, 51.8052618 ] ] } },
{ "type": "Feature", "properties": { "id": 20008, "nach": 0.58692268220937005 }, "geometry": { "type": "LineString", "coordinates": [ [ 0.6354155, 51.806476600000011 ], [ 0.6353925, 51.806435700000016 ], [ 0.6353489, 51.806355 ], [ 0.6352895, 51.806220899999985 ], [ 0.6352326, 51.8060906 ], [ 0.6351759, 51.805961 ], [ 0.6351041, 51.8058153 ], [ 0.6349016, 51.8054007 ], [ 0.6347676, 51.8052924 ], [ 0.6346995, 51.8052618 ] ] } },
{ "type": "Feature", "properties": { "id": 57270, "nach": 0.59514454627871516 }, "geometry": { "type": "LineString", "coordinates": [ [ 0.6349841, 51.8066392 ], [ 0.6354155, 51.806476600000011 ] ] } },
{ "type": "Feature", "properties": { "id": 20047, "nach": 0.62973702971957524 }, "geometry": { "type": "LineString", "coordinates": [ [ 0.6355072, 51.8064421 ], [ 0.6354155, 51.806476600000011 ] ] } },
{ "type": "Feature", "properties": { "id": 59756, "nach": 0.53909831139080122 }, "geometry": { "type": "LineString", "coordinates": [ [ 0.6391204, 51.7930894 ], [ 0.6389288, 51.7930733 ] ] } },
{ "type": "Feature", "properties": { "id": 59734, "nach": 0.63292527055225922 }, "geometry": { "type": "LineString", "coordinates": [ [ 0.6391415, 51.7929794 ], [ 0.6394881, 51.7930024 ] ] } },
{ "type": "Feature", "properties": { "id": 59754, "nach": 0.33003049989294758 }, "geometry": { "type": "LineString", "coordinates": [ [ 0.6391204, 51.7930894 ], [ 0.6391415, 51.7929794 ] ] } },
{ "type": "Feature", "properties": { "id": 12477, "nach": 0.54203466310620485 }, "geometry": { "type": "LineString", "coordinates": [ [ 0.6447148, 51.7971305 ], [ 0.6447503, 51.7970179 ] ] } },
{ "type": "Feature", "properties": { "id": 52567, "nach": 0.54466036926882344 }, "geometry": { "type": "LineString", "coordinates": [ [ 0.6448125, 51.7967795 ], [ 0.6447503, 51.7970179 ] ] } },
{ "type": "Feature", "properties": { "id": 12481, "nach": 0.52850615287441971 }, "geometry": { "type": "LineString", "coordinates": [ [ 0.6448872, 51.7973786 ], [ 0.6447678, 51.7972659 ], [ 0.6447148, 51.7971305 ] ] } },
{ "type": "Feature", "properties": { "id": 52801, "nach": 0.50922722226705008 }, "geometry": { "type": "LineString", "coordinates": [ [ 0.644824, 51.7967352 ], [ 0.6448125, 51.7967795 ] ] } },
{ "type": "Feature", "properties": { "id": 52570, "nach": 0.43292722281605778 }, "geometry": { "type": "LineString", "coordinates": [ [ 0.6445855, 51.796541 ], [ 0.6445262, 51.7967437 ], [ 0.6446001, 51.7967541 ], [ 0.6448125, 51.7967795 ] ] } },
{ "type": "Feature", "properties": { "id": 18109, "nach": 0.53750895176976632 }, "geometry": { "type": "LineString", "coordinates": [ [ 0.6450662, 51.7975242 ], [ 0.6448872, 51.7973786 ] ] } },
{ "type": "Feature", "properties": { "id": 52571, "nach": 0.49680096337129714 }, "geometry": { "type": "LineString", "coordinates": [ [ 0.6447194, 51.7982146 ], [ 0.6444221, 51.7979998 ], [ 0.6443658, 51.7979268 ], [ 0.6443899, 51.7978488 ], [ 0.644465, 51.7977841 ], [ 0.6447011, 51.7977012 ], [ 0.6450662, 51.7975242 ] ] } },
{ "type": "Feature", "properties": { "id": 70325, "nach": 0.48070256776354897 }, "geometry": { "type": "LineString", "coordinates": [ [ 0.6432736, 51.7936824 ], [ 0.6435587, 51.7936838 ], [ 0.6437476, 51.7936713 ], [ 0.6441117, 51.7936245 ], [ 0.6442993, 51.793559499999986 ], [ 0.6444127, 51.7934989 ] ] } },
{ "type": "Feature", "properties": { "id": 38279, "nach": 0.58945858769831894 }, "geometry": { "type": "LineString", "coordinates": [ [ 0.6439972, 51.7945292 ], [ 0.6441709, 51.7941701 ], [ 0.644256, 51.7939952 ], [ 0.6442884, 51.7939147 ], [ 0.6443167, 51.7938442 ], [ 0.6443706, 51.79368 ], [ 0.6443977, 51.7935882 ], [ 0.6444127, 51.7934989 ] ] } },
{ "type": "Feature", "properties": { "id": 38278, "nach": 0.54859898845721355 }, "geometry": { "type": "LineString", "coordinates": [ [ 0.6439972, 51.7945292 ], [ 0.6441061, 51.7945423 ] ] } },
{ "type": "Feature", "properties": { "id": 32473, "nach": 0.59696130781052126 }, "geometry": { "type": "LineString", "coordinates": [ [ 0.6470773, 51.8063549 ], [ 0.6466648, 51.8065646 ] ] } },
{ "type": "Feature", "properties": { "id": 41988, "nach": 0.54905645893089527 }, "geometry": { "type": "LineString", "coordinates": [ [ 0.6464874, 51.8064258 ], [ 0.6466648, 51.8065646 ] ] } },
{ "type": "Feature", "properties": { "id": 31959, "nach": 0.55862906770569465 }, "geometry": { "type": "LineString", "coordinates": [ [ 0.6468129, 51.8066717 ], [ 0.6466648, 51.8065646 ] ] } },
{ "type": "Feature", "properties": { "id": 52922, "nach": 0.60438055912998756 }, "geometry": { "type": "LineString", "coordinates": [ [ 0.6472459, 51.806259700000012 ], [ 0.6470773, 51.8063549 ] ] } },
{ "type": "Feature", "properties": { "id": 67501, "nach": 0.41461551476432679 }, "geometry": { "type": "LineString", "coordinates": [ [ 0.6476396, 51.8067514 ], [ 0.6470773, 51.8063549 ] ] } },
{ "type": "Feature", "properties": { "id": 41987, "nach": 0.5315325838827617 }, "geometry": { "type": "LineString", "coordinates": [ [ 0.6464874, 51.8064258 ], [ 0.6461754, 51.8061819 ] ] } },
{ "type": "Feature", "properties": { "id": 41986, "nach": 0.39729077588566475 }, "geometry": { "type": "LineString", "coordinates": [ [ 0.6464874, 51.8064258 ], [ 0.6456475, 51.806863500000013 ] ] } },
{ "type": "Feature", "properties": { "id": 31961, "nach": 0.0 }, "geometry": { "type": "LineString", "coordinates": [ [ 0.6468129, 51.8066717 ], [ 0.6458516, 51.8071654 ], [ 0.6453481, 51.8068102 ], [ 0.6452669, 51.8067308 ], [ 0.6452433, 51.8066785 ], [ 0.6461754, 51.8061819 ] ] } },
{ "type": "Feature", "properties": { "id": 41983, "nach": 0.55104103961487372 }, "geometry": { "type": "LineString", "coordinates": [ [ 0.6471206, 51.8068944 ], [ 0.6468129, 51.8066717 ] ] } },
{ "type": "Feature", "properties": { "id": 56997, "nach": 0.63426597826625497 }, "geometry": { "type": "LineString", "coordinates": [ [ 0.6479225, 51.8059047 ], [ 0.6482138, 51.8057519 ] ] } },
{ "type": "Feature", "properties": { "id": 56991, "nach": 0.62353533726043042 }, "geometry": { "type": "LineString", "coordinates": [ [ 0.6490299, 51.806302500000015 ], [ 0.6482138, 51.8057519 ] ] } },
{ "type": "Feature", "properties": { "id": 31979, "nach": 0.63889976652128788 }, "geometry": { "type": "LineString", "coordinates": [ [ 0.6476094, 51.805295500000014 ], [ 0.6482138, 51.8057519 ] ] } },
{ "type": "Feature", "properties": { "id": 56999, "nach": 0.63070823852224989 }, "geometry": { "type": "LineString", "coordinates": [ [ 0.6479225, 51.8059047 ], [ 0.6479954, 51.8059631 ], [ 0.6480205, 51.8059895 ], [ 0.6480455, 51.806016 ], [ 0.6480602, 51.806039 ], [ 0.6480601, 51.806062 ], [ 0.6480451, 51.806093 ], [ 0.6480003, 51.8061209 ], [ 0.6479534, 51.8061359 ], [ 0.6479195, 51.8061359 ], [ 0.6478813, 51.8061222 ], [ 0.6477213, 51.806010300000011 ] ] } },
{ "type": "Feature", "properties": { "id": 56992, "nach": 0.43391703931713749 }, "geometry": { "type": "LineString", "coordinates": [ [ 0.6490299, 51.806302500000015 ], [ 0.6485341, 51.8065711 ] ] } },
{ "type": "Feature", "properties": { "id": 31980, "nach": 0.64404815083250821 }, "geometry": { "type": "LineString", "coordinates": [ [ 0.6476094, 51.805295500000014 ], [ 0.6470643, 51.8048839 ] ] } },
{ "type": "Feature", "properties": { "id": 31985, "nach": 0.54483711951276148 }, "geometry": { "type": "LineString", "coordinates": [ [ 0.6478602, 51.8052076 ], [ 0.6476094, 51.805295500000014 ] ] } },
{ "type": "Feature", "properties": { "id": 32479, "nach": 0.46267587400956411 }, "geometry": { "type": "LineString", "coordinates": [ [ 0.6459789, 51.8059177 ], [ 0.6458959, 51.8059599 ] ] } },
{ "type": "Feature", "properties": { "id": 32483, "nach": 0.49718506115809785 }, "geometry": { "type": "LineString", "coordinates": [ [ 0.6459427, 51.805997 ], [ 0.6458959, 51.8059599 ] ] } },
{ "type": "Feature", "properties": { "id": 32475, "nach": 0.38039315578677552 }, "geometry": { "type": "LineString", "coordinates": [ [ 0.6451209, 51.8061418 ], [ 0.6454938, 51.8059444 ], [ 0.6456708, 51.8060787 ], [ 0.6458959, 51.8059599 ] ] } },
{ "type": "Feature", "properties": { "id": 32478, "nach": 0.38528283554873327 }, "geometry": { "type": "LineString", "coordinates": [ [ 0.6459789, 51.8059177 ], [ 0.6464564, 51.805674800000013 ] ] } },
{ "type": "Feature", "properties": { "id": 32481, "nach": 0.38482922162985689 }, "geometry": { "type": "LineString", "coordinates": [ [ 0.6455519, 51.8056127 ], [ 0.6459789, 51.8059177 ] ] } },
{ "type": "Feature", "properties": { "id": 32484, "nach": 0.52010807708299922 }, "geometry": { "type": "LineString", "coordinates": [ [ 0.6459427, 51.805997 ], [ 0.6461754, 51.8061819 ] ] } },
{ "type": "Feature", "properties": { "id": 32485, "nach": 0.38259949614976207 }, "geometry": { "type": "LineString", "coordinates": [ [ 0.6451421, 51.8064245 ], [ 0.6459427, 51.805997 ] ] } },
{ "type": "Feature", "properties": { "id": 32654, "nach": 0.55881973437691324 }, "geometry": { "type": "LineString", "coordinates": [ [ 0.6444908, 51.8066427 ], [ 0.6442951, 51.8069163 ] ] } },
{ "type": "Feature", "properties": { "id": 31966, "nach": 0.54671954022902647 }, "geometry": { "type": "LineString", "coordinates": [ [ 0.644135, 51.8075766 ], [ 0.644157, 51.807262 ], [ 0.6442951, 51.8069163 ] ] } },
{ "type": "Feature", "properties": { "id": 32648, "nach": 0.38360199354425251 }, "geometry": { "type": "LineString", "coordinates": [ [ 0.6461553, 51.8079858 ], [ 0.6457269, 51.8076833 ], [ 0.6450204, 51.8071991 ], [ 0.6447336, 51.8070025 ], [ 0.6442951, 51.8069163 ] ] } },
{ "type": "Feature", "properties": { "id": 32656, "nach": 0.42135950262971589 }, "geometry": { "type": "LineString", "coordinates": [ [ 0.6446699, 51.8067493 ], [ 0.6444908, 51.8066427 ] ] } },
{ "type": "Feature", "properties": { "id": 31972, "nach": 0.49287408101939567 }, "geometry": { "type": "LineString", "coordinates": [ [ 0.6444269, 51.8075313 ], [ 0.644135, 51.8075766 ] ] } },
{ "type": "Feature", "properties": { "id": 32665, "nach": 0.50724461545764454 }, "geometry": { "type": "LineString", "coordinates": [ [ 0.6441852, 51.8078625 ], [ 0.6441542, 51.8077032 ], [ 0.644135, 51.8075766 ] ] } },
{ "type": "Feature", "properties": { "id": 30434, "nach": 0.4226952854006526 }, "geometry": { "type": "LineString", "coordinates": [ [ 0.6467209, 51.7948895 ], [ 0.6468148, 51.7948878 ] ] } },
{ "type": "Feature", "properties": { "id": 30419, "nach": 0.46563704091915081 }, "geometry": { "type": "LineString", "coordinates": [ [ 0.646781, 51.794822 ], [ 0.6468148, 51.7948878 ] ] } },
{ "type": "Feature", "properties": { "id": 30436, "nach": 0.49741413150476349 }, "geometry": { "type": "LineString", "coordinates": [ [ 0.6471758, 51.7955397 ], [ 0.6471285, 51.795454 ], [ 0.6468148, 51.7948878 ] ] } },
{ "type": "Feature", "properties": { "id": 30433, "nach": 0.39129836846799315 }, "geometry": { "type": "LineString", "coordinates": [ [ 0.6467209, 51.7948895 ], [ 0.6461012, 51.7949168 ] ] } },
{ "type": "Feature", "properties": { "id": 30437, "nach": 0.0 }, "geometry": { "type": "LineString", "coordinates": [ [ 0.6471758, 51.7955397 ], [ 0.6467261, 51.7955415 ], [ 0.6465464, 51.7955116 ], [ 0.6464913, 51.7953653 ], [ 0.646474, 51.7952064 ], [ 0.6465839, 51.795065399999984 ], [ 0.6466403, 51.7949692 ], [ 0.6467209, 51.7948895 ] ] } },
{ "type": "Feature", "properties": { "id": 30420, "nach": 0.0 }, "geometry": { "type": "LineString", "coordinates": [ [ 0.646781, 51.794822 ], [ 0.646701, 51.794666 ], [ 0.6465692, 51.794415200000017 ], [ 0.6465084, 51.7943682 ], [ 0.6463884, 51.7943567 ], [ 0.6462008, 51.7943964 ], [ 0.6460775, 51.7944497 ], [ 0.6460555, 51.7945375 ], [ 0.6461012, 51.7949168 ] ] } },
{ "type": "Feature", "properties": { "id": 30422, "nach": 0.45230003686682413 }, "geometry": { "type": "LineString", "coordinates": [ [ 0.6475336, 51.7946059 ], [ 0.646875, 51.794795 ], [ 0.646781, 51.794822 ] ] } },
{ "type": "Feature", "properties": { "id": 32185, "nach": 0.50681139775320538 }, "geometry": { "type": "LineString", "coordinates": [ [ 0.6472383, 51.7955919 ], [ 0.6471758, 51.7955397 ] ] } },
{ "type": "Feature", "properties": { "id": 32109, "nach": 0.44715214196694064 }, "geometry": { "type": "LineString", "coordinates": [ [ 0.6486279, 51.7971687 ], [ 0.648122, 51.7971929 ] ] } },
{ "type": "Feature", "properties": { "id": 32107, "nach": 0.60832304373338852 }, "geometry": { "type": "LineString", "coordinates": [ [ 0.6481643, 51.7974792 ], [ 0.648122, 51.7971929 ] ] } },
{ "type": "Feature", "properties": { "id": 32053, "nach": 0.61073772145088989 }, "geometry": { "type": "LineString", "coordinates": [ [ 0.6481119, 51.797126 ], [ 0.648122, 51.7971929 ] ] } },
{ "type": "Feature", "properties": { "id": 32111, "nach": 0.5354736469137894 }, "geometry": { "type": "LineString", "coordinates": [ [ 0.6486279, 51.7971687 ], [ 0.648665, 51.797454300000012 ], [ 0.6481643, 51.7974792 ] ] } },
{ "type": "Feature", "properties": { "id": 52794, "nach": 0.54166358958527783 }, "geometry": { "type": "LineString", "coordinates": [ [ 0.6492925, 51.7971342 ], [ 0.6486279, 51.7971687 ] ] } },
{ "type": "Feature", "properties": { "id": 32106, "nach": 0.63120423502188938 }, "geometry": { "type": "LineString", "coordinates": [ [ 0.6481643, 51.7974792 ], [ 0.6482662, 51.7980339 ] ] } },
{ "type": "Feature", "properties": { "id": 55405, "nach": 0.48662529861366699 }, "geometry": { "type": "LineString", "coordinates": [ [ 0.6478662, 51.7971408 ], [ 0.6481119, 51.797126 ] ] } },
{ "type": "Feature", "properties": { "id": 32579, "nach": 0.5947665881380787 }, "geometry": { "type": "LineString", "coordinates": [ [ 0.6480798, 51.7968731 ], [ 0.6481119, 51.797126 ] ] } },
{ "type": "Feature", "properties": { "id": 32084, "nach": 0.60076841822724025 }, "geometry": { "type": "LineString", "coordinates": [ [ 0.6485372, 51.7980181 ], [ 0.6482662, 51.7980339 ] ] } },
{ "type": "Feature", "properties": { "id": 32076, "nach": 0.6431993498757167 }, "geometry": { "type": "LineString", "coordinates": [ [ 0.647784, 51.798071900000011 ], [ 0.6482662, 51.7980339 ] ] } },
{ "type": "Feature", "properties": { "id": 32592, "nach": 0.59670910153278023 }, "geometry": { "type": "LineString", "coordinates": [ [ 0.6489208, 51.7979999 ], [ 0.6485372, 51.7980181 ] ] } },
{ "type": "Feature", "properties": { "id": 32093, "nach": 0.3642370955097452 }, "geometry": { "type": "LineString", "coordinates": [ [ 0.6485838, 51.798259 ], [ 0.6485372, 51.7980181 ] ] } },
{ "type": "Feature", "properties": { "id": 32080, "nach": 0.40101890026866932 }, "geometry": { "type": "LineString", "coordinates": [ [ 0.647795, 51.7983013 ], [ 0.647784, 51.798071900000011 ] ] } },
{ "type": "Feature", "properties": { "id": 32635, "nach": 0.64301742461955291 }, "geometry": { "type": "LineString", "coordinates": [ [ 0.6472711, 51.798206 ], [ 0.6474923, 51.7981353 ], [ 0.647784, 51.798071900000011 ] ] } },
{ "type": "Feature", "properties": { "id": 32004, "nach": 0.5525534764282547 }, "geometry": { "type": "LineString", "coordinates": [ [ 0.6464501, 51.8051962 ], [ 0.6459101, 51.80481480000001 ] ] } },
{ "type": "Feature", "properties": { "id": 40348, "nach": 0.61624411354061281 }, "geometry": { "type": "LineString", "coordinates": [ [ 0.6447242, 51.8048421 ], [ 0.6450176, 51.8046842 ], [ 0.6451624, 51.8046593 ], [ 0.6453153, 51.8046692 ], [ 0.6459101, 51.80481480000001 ] ] } },
{ "type": "Feature", "properties": { "id": 18830, "nach": 0.67554363117135885 }, "geometry": { "type": "LineString", "coordinates": [ [ 0.6459101, 51.80481480000001 ], [ 0.646233523796562, 51.804260486879514 ] ] } },
{ "type": "Feature", "properties": { "id": 32003, "nach": 0.51619480261653938 }, "geometry": { "type": "LineString", "coordinates": [ [ 0.6464501, 51.8051962 ], [ 0.6467943, 51.8054379 ] ] } },
{ "type": "Feature", "properties": { "id": 32006, "nach": 0.44251652195747671 }, "geometry": { "type": "LineString", "coordinates": [ [ 0.6468367, 51.80499 ], [ 0.6464501, 51.8051962 ] ] } },
{ "type": "Feature", "properties": { "id": 64964, "nach": 0.53113479178185952 }, "geometry": { "type": "LineString", "coordinates": [ [ 0.6464102, 51.8042 ], [ 0.6463117, 51.8041182 ] ] } },
{ "type": "Feature", "properties": { "id": 19017, "nach": 0.58702399111149828 }, "geometry": { "type": "LineString", "coordinates": [ [ 0.6464879, 51.803679 ], [ 0.6464498, 51.8038478 ], [ 0.6463117, 51.8041182 ] ] } },
{ "type": "Feature", "properties": { "id": 18830, "nach": 0.67554363117135885 }, "geometry": { "type": "LineString", "coordinates": [ [ 0.646233523796562, 51.804260486879514 ], [ 0.6463117, 51.8041182 ] ] } },
{ "type": "Feature", "properties": { "id": 40349, "nach": 0.61169628423902267 }, "geometry": { "type": "LineString", "coordinates": [ [ 0.6447242, 51.8048421 ], [ 0.6446501, 51.8048819 ], [ 0.6445134, 51.8049534 ] ] } },
{ "type": "Feature", "properties": { "id": 40350, "nach": 0.44088769461236993 }, "geometry": { "type": "LineString", "coordinates": [ [ 0.6449519, 51.8049299 ], [ 0.6447242, 51.8048421 ] ] } },
{ "type": "Feature", "properties": { "id": 32024, "nach": 0.58064891361950177 }, "geometry": { "type": "LineString", "coordinates": [ [ 0.6515146, 51.8008027 ], [ 0.6513675, 51.7997814 ] ] } },
{ "type": "Feature", "properties": { "id": 32033, "nach": 0.55672331659662433 }, "geometry": { "type": "LineString", "coordinates": [ [ 0.6504143, 51.7998352 ], [ 0.6513675, 51.7997814 ] ] } },
{ "type": "Feature", "properties": { "id": 32368, "nach": 0.56326054838264139 }, "geometry": { "type": "LineString", "coordinates": [ [ 0.6511977, 51.79885 ], [ 0.651206, 51.7988972 ], [ 0.6513675, 51.7997814 ] ] } },
{ "type": "Feature", "properties": { "id": 32025, "nach": 0.58446611207820509 }, "geometry": { "type": "LineString", "coordinates": [ [ 0.6515146, 51.8008027 ], [ 0.6516076, 51.801521400000013 ] ] } },
{ "type": "Feature", "properties": { "id": 32028, "nach": 0.48160065541116176 }, "geometry": { "type": "LineString", "coordinates": [ [ 0.6512186, 51.8008261 ], [ 0.6515146, 51.8008027 ] ] } },
{ "type": "Feature", "properties": { "id": 32037, "nach": 0.55483987585558558 }, "geometry": { "type": "LineString", "coordinates": [ [ 0.6500374, 51.799857400000015 ], [ 0.6504143, 51.7998352 ] ] } },
{ "type": "Feature", "properties": { "id": 32035, "nach": 0.41471167165728623 }, "geometry": { "type": "LineString", "coordinates": [ [ 0.6504674, 51.8002851 ], [ 0.6504143, 51.7998352 ] ] } },
{ "type": "Feature", "properties": { "id": 32575, "nach": 0.51134110496663088 }, "geometry": { "type": "LineString", "coordinates": [ [ 0.6509241, 51.7988741 ], [ 0.6511977, 51.79885 ] ] } },
{ "type": "Feature", "properties": { "id": 32607, "nach": 0.5650275728953067 }, "geometry": { "type": "LineString", "coordinates": [ [ 0.6496119, 51.7979906 ], [ 0.650007, 51.7979933 ], [ 0.6503075, 51.7980381 ], [ 0.6506427, 51.7981326 ], [ 0.6508413, 51.7982354 ], [ 0.6509915, 51.7983747 ], [ 0.6511041, 51.7985307 ], [ 0.651155, 51.7986667 ], [ 0.6511977, 51.79885 ] ] } },
{ "type": "Feature", "properties": { "id": 32346, "nach": 0.59779032222675743 }, "geometry": { "type": "LineString", "coordinates": [ [ 0.6487228, 51.799935100000013 ], [ 0.6485745, 51.7999436 ] ] } },
{ "type": "Feature", "properties": { "id": 32343, "nach": 0.49291130700199132 }, "geometry": { "type": "LineString", "coordinates": [ [ 0.648314, 51.8002347 ], [ 0.6482933, 51.8000262 ], [ 0.6484275, 51.8000199 ], [ 0.6485494, 51.7999822 ], [ 0.6485745, 51.7999436 ] ] } },
{ "type": "Feature", "properties": { "id": 32354, "nach": 0.58484920490824699 }, "geometry": { "type": "LineString", "coordinates": [ [ 0.6487624, 51.7999328 ], [ 0.6487228, 51.799935100000013 ] ] } },
{ "type": "Feature", "properties": { "id": 32350, "nach": 0.50253618654262822 }, "geometry": { "type": "LineString", "coordinates": [ [ 0.6487954, 51.8000511 ], [ 0.6487228, 51.799935100000013 ] ] } },
{ "type": "Feature", "properties": { "id": 32342, "nach": 0.41784795289977728 }, "geometry": { "type": "LineString", "coordinates": [ [ 0.648314, 51.8002347 ], [ 0.6483194, 51.8002908 ], [ 0.6484539, 51.8002839 ], [ 0.6485027, 51.800583 ] ] } },
{ "type": "Feature", "properties": { "id": 32345, "nach": 0.41022907776440903 }, "geometry": { "type": "LineString", "coordinates": [ [ 0.6475859, 51.8005931 ], [ 0.6475412, 51.8002725 ], [ 0.648314, 51.8002347 ] ] } },
{ "type": "Feature", "properties": { "id": 31877, "nach": 0.54906274654423259 }, "geometry": { "type": "LineString", "coordinates": [ [ 0.6517241, 51.8022446 ], [ 0.6516076, 51.801521400000013 ] ] } },
{ "type": "Feature", "properties": { "id": 32568, "nach": 0.54874672630290122 }, "geometry": { "type": "LineString", "coordinates": [ [ 0.6511197, 51.8015528 ], [ 0.6516076, 51.801521400000013 ] ] } },
{ "type": "Feature", "properties": { "id": 69042, "nach": 0.58048433973268876 }, "geometry": { "type": "LineString", "coordinates": [ [ 0.6517294, 51.8022828 ], [ 0.6517241, 51.8022446 ] ] } },
{ "type": "Feature", "properties": { "id": 31882, "nach": 0.5377673993561809 }, "geometry": { "type": "LineString", "coordinates": [ [ 0.6514517, 51.8022612 ], [ 0.6517241, 51.8022446 ] ] } },
{ "type": "Feature", "properties": { "id": 32639, "nach": 0.54681228713960051 }, "geometry": { "type": "LineString", "coordinates": [ [ 0.6509183, 51.8015658 ], [ 0.6511197, 51.8015528 ] ] } },
{ "type": "Feature", "properties": { "id": 32572, "nach": 0.49236065426973918 }, "geometry": { "type": "LineString", "coordinates": [ [ 0.6511104, 51.801467700000018 ], [ 0.6511197, 51.8015528 ] ] } },
{ "type": "Feature", "properties": { "id": 32537, "nach": 0.58730143793969136 }, "geometry": { "type": "LineString", "coordinates": [ [ 0.6485963, 51.8025693 ], [ 0.6484558, 51.8030116 ] ] } },
{ "type": "Feature", "properties": { "id": 32013, "nach": 0.5599082668602694 }, "geometry": { "type": "LineString", "coordinates": [ [ 0.64798, 51.8029541 ], [ 0.6484558, 51.8030116 ] ] } },
{ "type": "Feature", "properties": { "id": 32541, "nach": 0.44060054137528282 }, "geometry": { "type": "LineString", "coordinates": [ [ 0.6488305, 51.80305640000001 ], [ 0.6484558, 51.8030116 ] ] } },
{ "type": "Feature", "properties": { "id": 64968, "nach": 0.59506163873127849 }, "geometry": { "type": "LineString", "coordinates": [ [ 0.6484309, 51.8034834 ], [ 0.6485121, 51.803221900000011 ], [ 0.6483983, 51.8032093 ], [ 0.6484558, 51.8030116 ] ] } },
{ "type": "Feature", "properties": { "id": 32626, "nach": 0.58996191958533073 }, "geometry": { "type": "LineString", "coordinates": [ [ 0.6486704, 51.8023299 ], [ 0.6485963, 51.8025693 ] ] } },
{ "type": "Feature", "properties": { "id": 32540, "nach": 0.43209266833345206 }, "geometry": { "type": "LineString", "coordinates": [ [ 0.6496182, 51.8026799 ], [ 0.6485963, 51.8025693 ] ] } },
{ "type": "Feature", "properties": { "id": 32015, "nach": 0.42252776907301526 }, "geometry": { "type": "LineString", "coordinates": [ [ 0.6477886, 51.8036038 ], [ 0.64798, 51.8029541 ] ] } },
{ "type": "Feature", "properties": { "id": 32017, "nach": 0.53629016486517811 }, "geometry": { "type": "LineString", "coordinates": [ [ 0.6477489, 51.8029916 ], [ 0.64798, 51.8029541 ] ] } },
{ "type": "Feature", "properties": { "id": 64970, "nach": 0.57430796536858864 }, "geometry": { "type": "LineString", "coordinates": [ [ 0.6484309, 51.8034834 ], [ 0.6484682, 51.8034625 ], [ 0.6485058, 51.80346 ], [ 0.6485473, 51.803465 ], [ 0.6485715, 51.8034641 ], [ 0.6486063, 51.8034492 ], [ 0.6486586, 51.8034285 ], [ 0.6487391, 51.8034335 ], [ 0.6488227, 51.80342370000001 ], [ 0.6493037, 51.80392470000001 ], [ 0.6498481, 51.8038948 ] ] } },
{ "type": "Feature", "properties": { "id": 64969, "nach": 0.6134010795196736 }, "geometry": { "type": "LineString", "coordinates": [ [ 0.6484309, 51.8034834 ], [ 0.6484227, 51.8035097 ], [ 0.6478169, 51.8037121 ], [ 0.6464102, 51.8042 ] ] } },
{ "type": "Feature", "properties": { "id": 32543, "nach": 0.55804686104855894 }, "geometry": { "type": "LineString", "coordinates": [ [ 0.651772, 51.8025895 ], [ 0.6519382, 51.80378480000001 ] ] } },
{ "type": "Feature", "properties": { "id": 32551, "nach": 0.56347011054402296 }, "geometry": { "type": "LineString", "coordinates": [ [ 0.6512419, 51.8038206 ], [ 0.6519382, 51.80378480000001 ] ] } },
{ "type": "Feature", "properties": { "id": 32619, "nach": 0.56020727858296582 }, "geometry": { "type": "LineString", "coordinates": [ [ 0.6521145, 51.8050396 ], [ 0.6520531, 51.8045264 ], [ 0.6519382, 51.80378480000001 ] ] } },
{ "type": "Feature", "properties": { "id": 69043, "nach": 0.56635641675558246 }, "geometry": { "type": "LineString", "coordinates": [ [ 0.6517294, 51.8022828 ], [ 0.651772, 51.8025895 ] ] } },
{ "type": "Feature", "properties": { "id": 32547, "nach": 0.48123038332160417 }, "geometry": { "type": "LineString", "coordinates": [ [ 0.6514737, 51.8026053 ], [ 0.651772, 51.8025895 ] ] } },
{ "type": "Feature", "properties": { "id": 32550, "nach": 0.56550688053571863 }, "geometry": { "type": "LineString", "coordinates": [ [ 0.6512419, 51.8038206 ], [ 0.6505669, 51.8038554 ] ] } },
{ "type": "Feature", "properties": { "id": 32556, "nach": 0.49407420727402385 }, "geometry": { "type": "LineString", "coordinates": [ [ 0.6512268, 51.8036956 ], [ 0.6512419, 51.8038206 ] ] } },
{ "type": "Feature", "properties": { "id": 32621, "nach": 0.49775735779508146 }, "geometry": { "type": "LineString", "coordinates": [ [ 0.6512642, 51.804030199999985 ], [ 0.6512419, 51.8038206 ] ] } },
{ "type": "Feature", "properties": { "id": 32617, "nach": 0.55937195563888309 }, "geometry": { "type": "LineString", "coordinates": [ [ 0.6521145, 51.8050396 ], [ 0.6521491, 51.8053287 ] ] } },
{ "type": "Feature", "properties": { "id": 32620, "nach": 0.40825028760323057 }, "geometry": { "type": "LineString", "coordinates": [ [ 0.6515146, 51.8050833 ], [ 0.6521145, 51.8050396 ] ] } },
{ "type": "Feature", "properties": { "id": 52778, "nach": 0.5698739267070615 }, "geometry": { "type": "LineString", "coordinates": [ [ 0.6498481, 51.8038948 ], [ 0.6505669, 51.8038554 ] ] } },
{ "type": "Feature", "properties": { "id": 32177, "nach": 0.5113795472487096 }, "geometry": { "type": "LineString", "coordinates": [ [ 0.6506439, 51.8044433 ], [ 0.6505669, 51.8038554 ] ] } },
{ "type": "Feature", "properties": { "id": 52781, "nach": 0.42319054985459914 }, "geometry": { "type": "LineString", "coordinates": [ [ 0.6496288, 51.8034836 ], [ 0.6498116, 51.8037598 ], [ 0.6498481, 51.8038948 ] ] } },
{ "type": "Feature", "properties": { "id": 32180, "nach": 0.47483740805946106 }, "geometry": { "type": "LineString", "coordinates": [ [ 0.6506571, 51.8045444 ], [ 0.6506439, 51.8044433 ] ] } },
{ "type": "Feature", "properties": { "id": 32179, "nach": 0.39023350465120044 }, "geometry": { "type": "LineString", "coordinates": [ [ 0.6493495, 51.8044998 ], [ 0.6506439, 51.8044433 ] ] } },
{ "type": "Feature", "properties": { "id": 64293, "nach": 0.59899994721592797 }, "geometry": { "type": "LineString", "coordinates": [ [ 0.6503279, 51.8070165 ], [ 0.650444, 51.8069604 ], [ 0.6504985, 51.8069375 ], [ 0.6508121, 51.8068365 ], [ 0.6510948, 51.8067299 ] ] } },
{ "type": "Feature", "properties": { "id": 64319, "nach": 0.49808770253402357 }, "geometry": { "type": "LineString", "coordinates": [ [ 0.6517636, 51.8078763 ], [ 0.6516594, 51.807852100000012 ], [ 0.6513993, 51.8077713 ], [ 0.6512607, 51.8077156 ], [ 0.6510785, 51.8076239 ], [ 0.6509285, 51.807535 ], [ 0.6508067, 51.8074534 ], [ 0.6503842, 51.80708 ], [ 0.6503279, 51.8070165 ] ] } },
{ "type": "Feature", "properties": { "id": 54734, "nach": 0.62702934949603184 }, "geometry": { "type": "LineString", "coordinates": [ [ 0.6415731, 51.7988061 ], [ 0.6416637, 51.7987215 ] ] } },
{ "type": "Feature", "properties": { "id": 18755, "nach": 0.44580786806093475 }, "geometry": { "type": "LineString", "coordinates": [ [ 0.6423332, 51.7990553 ], [ 0.6419941, 51.798797200000017 ], [ 0.6417519, 51.7987498 ], [ 0.6416637, 51.7987215 ] ] } },
{ "type": "Feature", "properties": { "id": 59926, "nach": 0.55570443250514401 }, "geometry": { "type": "LineString", "coordinates": [ [ 0.6423496, 51.792283 ], [ 0.6419713, 51.791687 ] ] } },
{ "type": "Feature", "properties": { "id": 59931, "nach": 0.0 }, "geometry": { "type": "LineString", "coordinates": [ [ 0.6419109, 51.7916479 ], [ 0.6418653, 51.7917419 ], [ 0.6421839, 51.7922475 ], [ 0.6423496, 51.792283 ] ] } },
{ "type": "Feature", "properties": { "id": 59924, "nach": 0.34446235634714634 }, "geometry": { "type": "LineString", "coordinates": [ [ 0.6420817, 51.7916568 ], [ 0.6421222, 51.7917251 ], [ 0.6421114, 51.791767400000012 ], [ 0.6423971, 51.7921465 ], [ 0.6424897, 51.792300500000017 ], [ 0.6427333, 51.7926562 ] ] } },
{ "type": "Feature", "properties": { "id": 38281, "nach": 0.55727344168097359 }, "geometry": { "type": "LineString", "coordinates": [ [ 0.6412693, 51.7928997 ], [ 0.640549, 51.7919635 ] ] } },
{ "type": "Feature", "properties": { "id": 59717, "nach": 0.56558844629433591 }, "geometry": { "type": "LineString", "coordinates": [ [ 0.6413443, 51.7929245 ], [ 0.6412693, 51.7928997 ] ] } },
{ "type": "Feature", "properties": { "id": 59222, "nach": 0.583249255055314 }, "geometry": { "type": "LineString", "coordinates": [ [ 0.6411521, 51.7929158 ], [ 0.6412693, 51.7928997 ] ] } },
{ "type": "Feature", "properties": { "id": 59716, "nach": 0.59414107977650321 }, "geometry": { "type": "LineString", "coordinates": [ [ 0.6435698, 51.7926778 ], [ 0.6435581, 51.792645 ], [ 0.6435627, 51.7925908 ], [ 0.643657, 51.7924671 ] ] } },
{ "type": "Feature", "properties": { "id": 59729, "nach": 0.61963718675098767 }, "geometry": { "type": "LineString", "coordinates": [ [ 0.6429414, 51.7927866 ], [ 0.6433288, 51.7927188 ], [ 0.6435698, 51.7926778 ] ] } },
{ "type": "Feature", "properties": { "id": 37351, "nach": 0.62792981779663737 }, "geometry": { "type": "LineString", "coordinates": [ [ 0.643657, 51.7924671 ], [ 0.6437064, 51.79245430000001 ] ] } },
{ "type": "Feature", "properties": { "id": 59968, "nach": 0.48371764713638704 }, "geometry": { "type": "LineString", "coordinates": [ [ 0.6429677, 51.7914095 ], [ 0.6431302, 51.7915238 ], [ 0.6434292, 51.791754600000012 ], [ 0.643532, 51.791837699999988 ], [ 0.6436275, 51.79195 ], [ 0.643665, 51.792016 ], [ 0.6436932, 51.7920838 ], [ 0.6437097, 51.7921651 ], [ 0.6437108, 51.7922464 ], [ 0.6437073, 51.7923637 ], [ 0.6437064, 51.79245430000001 ] ] } },
{ "type": "Feature", "properties": { "id": 20072, "nach": 0.60403548776662896 }, "geometry": { "type": "LineString", "coordinates": [ [ 0.6373523, 51.8073736 ], [ 0.6373163, 51.8073829 ], [ 0.6371769, 51.8072188 ], [ 0.6370835, 51.807202 ], [ 0.6370255, 51.807156 ], [ 0.6365907, 51.8069866 ] ] } },
{ "type": "Feature", "properties": { "id": 32782, "nach": 0.4859966945630087 }, "geometry": { "type": "LineString", "coordinates": [ [ 0.6404751, 51.8084197 ], [ 0.6406579, 51.8085169 ] ] } },
{ "type": "Feature", "properties": { "id": 32774, "nach": 0.40953753572231133 }, "geometry": { "type": "LineString", "coordinates": [ [ 0.6404943, 51.808592 ], [ 0.6406579, 51.8085169 ] ] } },
{ "type": "Feature", "properties": { "id": 32787, "nach": 0.49716717486293055 }, "geometry": { "type": "LineString", "coordinates": [ [ 0.6411596, 51.808710799999986 ], [ 0.6410786, 51.8087102 ], [ 0.6409586, 51.8086757 ], [ 0.6406579, 51.8085169 ] ] } },
{ "type": "Feature", "properties": { "id": 32781, "nach": 0.50566884905653242 }, "geometry": { "type": "LineString", "coordinates": [ [ 0.6404751, 51.8084197 ], [ 0.6403042, 51.8083288 ] ] } },
{ "type": "Feature", "properties": { "id": 32785, "nach": 0.24160077686765632 }, "geometry": { "type": "LineString", "coordinates": [ [ 0.6399676, 51.8086597 ], [ 0.6404751, 51.8084197 ] ] } },
{ "type": "Feature", "properties": { "id": 32773, "nach": 0.44527295917597487 }, "geometry": { "type": "LineString", "coordinates": [ [ 0.6404943, 51.808592 ], [ 0.64008, 51.8087819 ] ] } },
{ "type": "Feature", "properties": { "id": 32775, "nach": 0.4212689595270494 }, "geometry": { "type": "LineString", "coordinates": [ [ 0.6406792, 51.8086956 ], [ 0.6404943, 51.808592 ] ] } },
{ "type": "Feature", "properties": { "id": 32799, "nach": 0.51255131349045846 }, "geometry": { "type": "LineString", "coordinates": [ [ 0.6412045, 51.8084954 ], [ 0.6412295, 51.808508 ], [ 0.641285, 51.80856 ], [ 0.6412746, 51.8086183 ], [ 0.6412121, 51.808681 ], [ 0.6411596, 51.808710799999986 ] ] } },
{ "type": "Feature", "properties": { "id": 32793, "nach": 0.47828739550876836 }, "geometry": { "type": "LineString", "coordinates": [ [ 0.6399762, 51.809378 ], [ 0.6403505, 51.809245 ], [ 0.6406709, 51.8090769 ], [ 0.6409966, 51.8089127 ], [ 0.6410809, 51.808832 ], [ 0.6411451, 51.8087463 ], [ 0.6411596, 51.808710799999986 ] ] } },
{ "type": "Feature", "properties": { "id": 20095, "nach": 0.57167621615535369 }, "geometry": { "type": "LineString", "coordinates": [ [ 0.6392534, 51.8082464 ], [ 0.6393944, 51.8082154 ] ] } },
{ "type": "Feature", "properties": { "id": 32742, "nach": 0.56264006651302267 }, "geometry": { "type": "LineString", "coordinates": [ [ 0.6395502, 51.8083222 ], [ 0.6393944, 51.8082154 ] ] } },
{ "type": "Feature", "properties": { "id": 32746, "nach": 0.0 }, "geometry": { "type": "LineString", "coordinates": [ [ 0.6399665, 51.8081151 ], [ 0.6398756, 51.8080362 ], [ 0.6398555, 51.8080205 ], [ 0.6398213, 51.8080109 ], [ 0.6397871, 51.8080184 ], [ 0.6397314, 51.8080429 ], [ 0.6393944, 51.8082154 ] ] } },
{ "type": "Feature", "properties": { "id": 20098, "nach": 0.49517623885705275 }, "geometry": { "type": "LineString", "coordinates": [ [ 0.6392534, 51.8082464 ], [ 0.63927, 51.808263 ], [ 0.6395516, 51.80850190000001 ] ] } },
{ "type": "Feature", "properties": { "id": 20099, "nach": 0.60734811127755306 }, "geometry": { "type": "LineString", "coordinates": [ [ 0.6391543, 51.8080791 ], [ 0.6392534, 51.8082464 ] ] } },
{ "type": "Feature", "properties": { "id": 32759, "nach": 0.51692581547320859 }, "geometry": { "type": "LineString", "coordinates": [ [ 0.6390835, 51.8082961 ], [ 0.6391527, 51.8082713 ], [ 0.6392534, 51.8082464 ] ] } },
{ "type": "Feature", "properties": { "id": 32743, "nach": 0.52790050979032666 }, "geometry": { "type": "LineString", "coordinates": [ [ 0.6395502, 51.8083222 ], [ 0.639693, 51.8084351 ] ] } },
{ "type": "Feature", "properties": { "id": 32745, "nach": 0.50760607329374352 }, "geometry": { "type": "LineString", "coordinates": [ [ 0.6399665, 51.8081151 ], [ 0.6395502, 51.8083222 ] ] } },
{ "type": "Feature", "properties": { "id": 32747, "nach": 0.48511934999960565 }, "geometry": { "type": "LineString", "coordinates": [ [ 0.6399665, 51.8081151 ], [ 0.6400107, 51.8081534 ], [ 0.6401226, 51.8082206 ] ] } },
{ "type": "Feature", "properties": { "id": 13903, "nach": 0.52876396235928735 }, "geometry": { "type": "LineString", "coordinates": [ [ 0.6394245, 51.80796380000001 ], [ 0.6390725, 51.8080492 ], [ 0.6389364, 51.8080762 ], [ 0.6388345, 51.8080915 ], [ 0.6387299, 51.8080969 ], [ 0.6386612, 51.8081093 ] ] } },
{ "type": "Feature", "properties": { "id": 13905, "nach": 0.61634474885977897 }, "geometry": { "type": "LineString", "coordinates": [ [ 0.6399725, 51.8078139 ], [ 0.6396586, 51.80788170000001 ], [ 0.6394245, 51.80796380000001 ] ] } },
{ "type": "Feature", "properties": { "id": 20100, "nach": 0.59592420062635187 }, "geometry": { "type": "LineString", "coordinates": [ [ 0.6391543, 51.8080791 ], [ 0.6393012, 51.8080298 ], [ 0.6394245, 51.80796380000001 ] ] } },
{ "type": "Feature", "properties": { "id": 20017, "nach": 0.52363723144798879 }, "geometry": { "type": "LineString", "coordinates": [ [ 0.6386317, 51.8082928 ], [ 0.6386529, 51.8082785 ], [ 0.638664, 51.8082692 ], [ 0.6386802, 51.808251699999985 ], [ 0.6386921, 51.808233199999989 ], [ 0.6387006, 51.8082102 ], [ 0.6387024, 51.8081994 ], [ 0.6387027, 51.8081854 ], [ 0.63869, 51.8081439 ], [ 0.6386796, 51.808128500000016 ], [ 0.6386612, 51.8081093 ] ] } },
{ "type": "Feature", "properties": { "id": 20039, "nach": 0.57156721364601182 }, "geometry": { "type": "LineString", "coordinates": [ [ 0.6386612, 51.8081093 ], [ 0.6386474, 51.8080984 ], [ 0.6386253, 51.8080846 ], [ 0.6386055, 51.808075 ], [ 0.6385908, 51.8080691 ], [ 0.6385665, 51.8080614 ] ] } },
{ "type": "Feature", "properties": { "id": 19997, "nach": 0.58838356301678496 }, "geometry": { "type": "LineString", "coordinates": [ [ 0.6404704, 51.8081871 ], [ 0.6402262, 51.80809 ], [ 0.6401336, 51.8080259 ], [ 0.6400829, 51.8079812 ], [ 0.6400327, 51.8079047 ], [ 0.6399725, 51.8078139 ] ] } },
{ "type": "Feature", "properties": { "id": 32795, "nach": 0.56037430352413076 }, "geometry": { "type": "LineString", "coordinates": [ [ 0.6406758, 51.808247300000012 ], [ 0.6404704, 51.8081871 ] ] } },
{ "type": "Feature", "properties": { "id": 70438, "nach": 0.50241976541741729 }, "geometry": { "type": "LineString", "coordinates": [ [ 0.6406812, 51.8079828 ], [ 0.6405811, 51.8080752 ], [ 0.6404704, 51.8081871 ] ] } },
{ "type": "Feature", "properties": { "id": 68924, "nach": 0.54347722555239186 }, "geometry": { "type": "LineString", "coordinates": [ [ 0.6466396, 51.8102464 ], [ 0.6466203, 51.810255 ] ] } },
{ "type": "Feature", "properties": { "id": 13928, "nach": 0.4673639080142768 }, "geometry": { "type": "LineString", "coordinates": [ [ 0.6501404, 51.8126937 ], [ 0.6499045, 51.8125579 ], [ 0.6496253, 51.8123909 ], [ 0.6494858, 51.8122536 ], [ 0.6493429, 51.8120975 ], [ 0.6491857, 51.8119191 ], [ 0.6490869, 51.8118384 ], [ 0.6489912, 51.8117618 ], [ 0.6487868, 51.8116023 ], [ 0.6485124, 51.8113929 ], [ 0.6480939, 51.8111077 ], [ 0.6477184, 51.8109087 ], [ 0.6474074, 51.8107407 ], [ 0.6468816, 51.810424500000011 ], [ 0.6466203, 51.810255 ] ] } },
{ "type": "Feature", "properties": { "id": 57039, "nach": 0.37746760904712573 }, "geometry": { "type": "LineString", "coordinates": [ [ 0.6443712, 51.8100633 ], [ 0.6442116, 51.809898299999986 ], [ 0.6441526, 51.8098668 ], [ 0.644107, 51.809859400000015 ], [ 0.6440467, 51.8098569 ], [ 0.6434788, 51.8098552 ] ] } },
{ "type": "Feature", "properties": { "id": 57040, "nach": 0.52738061363878252 }, "geometry": { "type": "LineString", "coordinates": [ [ 0.6440908, 51.8100899 ], [ 0.6443712, 51.8100633 ] ] } },
{ "type": "Feature", "properties": { "id": 68926, "nach": 0.0 }, "geometry": { "type": "LineString", "coordinates": [ [ 0.6466396, 51.8102464 ], [ 0.6472386, 51.8105768 ], [ 0.6479066, 51.8109151 ], [ 0.6484168, 51.8111803 ], [ 0.6490281, 51.8115216 ], [ 0.6493312, 51.811721 ], [ 0.649452, 51.8117668 ], [ 0.6496788, 51.8118277 ], [ 0.6498045, 51.8118887 ], [ 0.6498254, 51.8119443 ], [ 0.6498538, 51.8120121 ], [ 0.6498772, 51.812051 ], [ 0.6499487, 51.8120921 ], [ 0.6501742, 51.8121393 ], [ 0.6502087, 51.8121675 ], [ 0.6502469, 51.812195 ], [ 0.6503726, 51.812252900000011 ], [ 0.6504614, 51.8122841 ], [ 0.6505513, 51.8123024 ], [ 0.6506068, 51.81234580000001 ], [ 0.6506586, 51.8124266 ], [ 0.6506586, 51.8124403 ], [ 0.6506388, 51.8124555 ], [ 0.6506179, 51.8124624 ], [ 0.6505797, 51.8124754 ], [ 0.6504712, 51.81251730000001 ], [ 0.6504466, 51.8125416 ], [ 0.6504355, 51.8125698 ], [ 0.6504145, 51.812582 ], [ 0.6503406, 51.8125973 ], [ 0.65021, 51.8126552 ], [ 0.6501404, 51.8126937 ] ] } },
{ "type": "Feature", "properties": { "id": 68925, "nach": 0.52588758225325904 }, "geometry": { "type": "LineString", "coordinates": [ [ 0.6466396, 51.8102464 ], [ 0.6467022, 51.8102185 ], [ 0.6471789, 51.8104663 ], [ 0.647194, 51.8104528 ] ] } },
{ "type": "Feature", "properties": { "id": 14021, "nach": 0.59096797146855196 }, "geometry": { "type": "LineString", "coordinates": [ [ 0.6420169, 51.8104744 ], [ 0.6420759, 51.810719 ], [ 0.6421096, 51.8108467 ] ] } },
{ "type": "Feature", "properties": { "id": 32205, "nach": 0.44645559208803964 }, "geometry": { "type": "LineString", "coordinates": [ [ 0.6429664, 51.8110982 ], [ 0.6428752, 51.8110606 ] ] } },
{ "type": "Feature", "properties": { "id": 32207, "nach": 0.60459070531434744 }, "geometry": { "type": "LineString", "coordinates": [ [ 0.6429664, 51.8110982 ], [ 0.6433377, 51.811202200000011 ], [ 0.6434102, 51.8111938 ] ] } },
{ "type": "Feature", "properties": { "id": 32232, "nach": 0.59600548055493996 }, "geometry": { "type": "LineString", "coordinates": [ [ 0.6425434, 51.811652 ], [ 0.6429664, 51.8110982 ] ] } },
{ "type": "Feature", "properties": { "id": 32233, "nach": 0.44858519166251831 }, "geometry": { "type": "LineString", "coordinates": [ [ 0.6433597, 51.8113398 ], [ 0.6434389, 51.8112389 ], [ 0.6434102, 51.8111938 ] ] } },
{ "type": "Feature", "properties": { "id": 19370, "nach": 0.44762237969268071 }, "geometry": { "type": "LineString", "coordinates": [ [ 0.6453771, 51.81215610000001 ], [ 0.6452248, 51.8120688 ] ] } },
{ "type": "Feature", "properties": { "id": 19281, "nach": 0.44684343977019203 }, "geometry": { "type": "LineString", "coordinates": [ [ 0.6450056, 51.8119513 ], [ 0.6452248, 51.8120688 ] ] } },
{ "type": "Feature", "properties": { "id": 41958, "nach": 0.52272601599752999 }, "geometry": { "type": "LineString", "coordinates": [ [ 0.6455751, 51.8118653 ], [ 0.6452248, 51.8120688 ] ] } },
{ "type": "Feature", "properties": { "id": 41959, "nach": 0.59525838726102853 }, "geometry": { "type": "LineString", "coordinates": [ [ 0.6455751, 51.8118653 ], [ 0.6452428, 51.8116225 ], [ 0.6450587, 51.8115437 ], [ 0.6447614, 51.8114847 ] ] } },
{ "type": "Feature", "properties": { "id": 14015, "nach": 0.51265461444563454 }, "geometry": { "type": "LineString", "coordinates": [ [ 0.6465163, 51.8108815 ], [ 0.6461918, 51.8109461 ], [ 0.646008, 51.8109677 ], [ 0.6457839, 51.8109946 ] ] } },
{ "type": "Feature", "properties": { "id": 14324, "nach": 0.52750081645445002 }, "geometry": { "type": "LineString", "coordinates": [ [ 0.6470315, 51.8110043 ], [ 0.6468019, 51.8111137 ], [ 0.6465163, 51.8108815 ] ] } },
{ "type": "Feature", "properties": { "id": 14328, "nach": 0.53460810873344422 }, "geometry": { "type": "LineString", "coordinates": [ [ 0.6475161, 51.811351799999983 ], [ 0.6474752, 51.8113552 ], [ 0.6471413, 51.811083 ], [ 0.6470315, 51.8110043 ] ] } },
{ "type": "Feature", "properties": { "id": 56460, "nach": 0.4407305742072774 }, "geometry": { "type": "LineString", "coordinates": [ [ 0.6471084, 51.8107698 ], [ 0.6472599, 51.81089 ], [ 0.6470315, 51.8110043 ] ] } },
{ "type": "Feature", "properties": { "id": 14025, "nach": 0.58350003738506662 }, "geometry": { "type": "LineString", "coordinates": [ [ 0.6422422, 51.8101701 ], [ 0.6420377, 51.810303 ], [ 0.6420008, 51.8103923 ], [ 0.6420169, 51.8104744 ] ] } },
{ "type": "Feature", "properties": { "id": 52281, "nach": 0.5675538890536157 }, "geometry": { "type": "LineString", "coordinates": [ [ 0.6408012, 51.810576 ], [ 0.6409585, 51.8105605 ], [ 0.6413329, 51.8105233 ], [ 0.6417164, 51.8104918 ], [ 0.6420169, 51.8104744 ] ] } },
{ "type": "Feature", "properties": { "id": 14026, "nach": 0.56622736454183276 }, "geometry": { "type": "LineString", "coordinates": [ [ 0.6425194, 51.8100026 ], [ 0.6422422, 51.8101701 ] ] } },
{ "type": "Feature", "properties": { "id": 57074, "nach": 0.55609583202907853 }, "geometry": { "type": "LineString", "coordinates": [ [ 0.6423578, 51.8102543 ], [ 0.6422422, 51.8101701 ] ] } },
{ "type": "Feature", "properties": { "id": 52279, "nach": 0.570974399358538 }, "geometry": { "type": "LineString", "coordinates": [ [ 0.6408012, 51.810576 ], [ 0.6405502, 51.8106066 ] ] } },
{ "type": "Feature", "properties": { "id": 52282, "nach": 0.44980474847473578 }, "geometry": { "type": "LineString", "coordinates": [ [ 0.6408608, 51.810806 ], [ 0.6408012, 51.810576 ] ] } },
{ "type": "Feature", "properties": { "id": 57049, "nach": 0.54155791618575055 }, "geometry": { "type": "LineString", "coordinates": [ [ 0.6425076, 51.8099563 ], [ 0.6425194, 51.8100026 ] ] } },
{ "type": "Feature", "properties": { "id": 14031, "nach": 0.55455295168495011 }, "geometry": { "type": "LineString", "coordinates": [ [ 0.6429275, 51.8099496 ], [ 0.6426909, 51.8099797 ], [ 0.6425194, 51.8100026 ] ] } },
{ "type": "Feature", "properties": { "id": 57076, "nach": 0.54017355191009109 }, "geometry": { "type": "LineString", "coordinates": [ [ 0.6423578, 51.8102543 ], [ 0.6424219, 51.8103011 ], [ 0.6424817, 51.8105039 ] ] } },
{ "type": "Feature", "properties": { "id": 57075, "nach": 0.46446263574167235 }, "geometry": { "type": "LineString", "coordinates": [ [ 0.6423578, 51.8102543 ], [ 0.6428562, 51.8101176 ] ] } },
{ "type": "Feature", "properties": { "id": 57050, "nach": 0.52745327473107184 }, "geometry": { "type": "LineString", "coordinates": [ [ 0.6425076, 51.8099563 ], [ 0.6424575, 51.8097606 ] ] } },
{ "type": "Feature", "properties": { "id": 57057, "nach": 0.42717755090640935 }, "geometry": { "type": "LineString", "coordinates": [ [ 0.6409474, 51.81047130000001 ], [ 0.6411995, 51.8104456 ], [ 0.641729199999989, 51.8104008 ], [ 0.6424534, 51.8099638 ], [ 0.6425076, 51.8099563 ] ] } },
{ "type": "Feature", "properties": { "id": 57064, "nach": 0.52920801720408917 }, "geometry": { "type": "LineString", "coordinates": [ [ 0.6430809, 51.8099389 ], [ 0.6429275, 51.8099496 ] ] } },
{ "type": "Feature", "properties": { "id": 14048, "nach": 0.51011259866344794 }, "geometry": { "type": "LineString", "coordinates": [ [ 0.6428047, 51.8093982 ], [ 0.6429275, 51.8099496 ] ] } },
{ "type": "Feature", "properties": { "id": 57066, "nach": 0.5388315966418189 }, "geometry": { "type": "LineString", "coordinates": [ [ 0.6430809, 51.8099389 ], [ 0.6432172, 51.8099295 ], [ 0.6433687, 51.8099239 ], [ 0.6434848, 51.8099192 ] ] } },
{ "type": "Feature", "properties": { "id": 57065, "nach": 0.40578591218124549 }, "geometry": { "type": "LineString", "coordinates": [ [ 0.6430809, 51.8099389 ], [ 0.6429473, 51.8093313 ] ] } },
{ "type": "Feature", "properties": { "id": 57062, "nach": 0.56086338785353262 }, "geometry": { "type": "LineString", "coordinates": [ [ 0.6429473, 51.8093313 ], [ 0.6428047, 51.8093982 ] ] } },
{ "type": "Feature", "properties": { "id": 14342, "nach": 0.51568884857615638 }, "geometry": { "type": "LineString", "coordinates": [ [ 0.6423607, 51.809444300000017 ], [ 0.6425334, 51.8094205 ], [ 0.6428047, 51.8093982 ] ] } },
{ "type": "Feature", "properties": { "id": 57034, "nach": 0.56236203628524328 }, "geometry": { "type": "LineString", "coordinates": [ [ 0.6434788, 51.8098552 ], [ 0.6434848, 51.8099192 ] ] } },
{ "type": "Feature", "properties": { "id": 14036, "nach": 0.58957678428142413 }, "geometry": { "type": "LineString", "coordinates": [ [ 0.6439748, 51.8099282 ], [ 0.643642, 51.80992 ], [ 0.6434848, 51.8099192 ] ] } },
{ "type": "Feature", "properties": { "id": 57035, "nach": 0.56361654014709761 }, "geometry": { "type": "LineString", "coordinates": [ [ 0.6434788, 51.8098552 ], [ 0.6434716, 51.8097776 ], [ 0.6434397, 51.8096347 ] ] } },
{ "type": "Feature", "properties": { "id": 57042, "nach": 0.59936806875641135 }, "geometry": { "type": "LineString", "coordinates": [ [ 0.6440908, 51.8100899 ], [ 0.6440636, 51.8099941 ], [ 0.6440312, 51.8099505 ], [ 0.6439748, 51.8099282 ] ] } },
{ "type": "Feature", "properties": { "id": 57072, "nach": 0.52199884504921301 }, "geometry": { "type": "LineString", "coordinates": [ [ 0.6432897, 51.8100173 ], [ 0.6439459, 51.8099493 ], [ 0.6439748, 51.8099282 ] ] } },
{ "type": "Feature", "properties": { "id": 57081, "nach": 0.58180287528562369 }, "geometry": { "type": "LineString", "coordinates": [ [ 0.6441412, 51.8102605 ], [ 0.6441197, 51.8101917 ], [ 0.6440908, 51.8100899 ] ] } },
{ "type": "Feature", "properties": { "id": 57071, "nach": 0.4312665733733107 }, "geometry": { "type": "LineString", "coordinates": [ [ 0.6432897, 51.8100173 ], [ 0.643346, 51.8102828 ], [ 0.6433321, 51.810305 ], [ 0.643251, 51.8103114 ], [ 0.6430092, 51.810332200000012 ] ] } },
{ "type": "Feature", "properties": { "id": 57073, "nach": 0.4934979135481618 }, "geometry": { "type": "LineString", "coordinates": [ [ 0.6432897, 51.8100173 ], [ 0.6431493, 51.810037200000011 ], [ 0.6428562, 51.8101176 ] ] } },
{ "type": "Feature", "properties": { "id": 51278, "nach": 0.43211335602139817 }, "geometry": { "type": "LineString", "coordinates": [ [ 0.6424817, 51.8105039 ], [ 0.6425158, 51.810604600000012 ] ] } },
{ "type": "Feature", "properties": { "id": 51284, "nach": 0.5039018143558841 }, "geometry": { "type": "LineString", "coordinates": [ [ 0.6426854, 51.810491399999989 ], [ 0.6424817, 51.8105039 ] ] } },
{ "type": "Feature", "properties": { "id": 51277, "nach": 0.42474552869941823 }, "geometry": { "type": "LineString", "coordinates": [ [ 0.6415074, 51.8102283 ], [ 0.6414247, 51.8099307 ] ] } },
{ "type": "Feature", "properties": { "id": 14340, "nach": 0.4777446093120894 }, "geometry": { "type": "LineString", "coordinates": [ [ 0.6413832, 51.809762 ], [ 0.6414247, 51.8099307 ] ] } },
{ "type": "Feature", "properties": { "id": 14043, "nach": 0.47751619615645952 }, "geometry": { "type": "LineString", "coordinates": [ [ 0.642075, 51.8098054 ], [ 0.6419332, 51.8098732 ], [ 0.6415692, 51.8099129 ], [ 0.6414247, 51.8099307 ] ] } },
{ "type": "Feature", "properties": { "id": 14339, "nach": 0.50214134319446124 }, "geometry": { "type": "LineString", "coordinates": [ [ 0.6413832, 51.809762 ], [ 0.6410896, 51.8097834 ], [ 0.6411204, 51.8099319 ] ] } },
{ "type": "Feature", "properties": { "id": 57032, "nach": 0.47489939284165861 }, "geometry": { "type": "LineString", "coordinates": [ [ 0.6417784, 51.8095485 ], [ 0.6416108, 51.8096527 ], [ 0.6413832, 51.809762 ] ] } },
{ "type": "Feature", "properties": { "id": 14045, "nach": 0.50962733619489853 }, "geometry": { "type": "LineString", "coordinates": [ [ 0.6424575, 51.8097606 ], [ 0.642075, 51.8098054 ] ] } },
{ "type": "Feature", "properties": { "id": 57033, "nach": 0.38289895237263893 }, "geometry": { "type": "LineString", "coordinates": [ [ 0.6417784, 51.8095485 ], [ 0.6418627, 51.8095982 ], [ 0.6418861, 51.8097192 ], [ 0.6419459, 51.8097412 ], [ 0.642075, 51.8098054 ] ] } },
{ "type": "Feature", "properties": { "id": 14344, "nach": 0.45432517654015508 }, "geometry": { "type": "LineString", "coordinates": [ [ 0.6423607, 51.809444300000017 ], [ 0.642388, 51.8094888 ], [ 0.6424575, 51.8097606 ] ] } },
{ "type": "Feature", "properties": { "id": 57031, "nach": 0.48000393402686609 }, "geometry": { "type": "LineString", "coordinates": [ [ 0.6417784, 51.8095485 ], [ 0.641852, 51.8095028 ], [ 0.6419076, 51.8094994 ], [ 0.641928, 51.8094767 ], [ 0.6423607, 51.809444300000017 ] ] } },
{ "type": "Feature", "properties": { "id": 57061, "nach": 0.56825950309044981 }, "geometry": { "type": "LineString", "coordinates": [ [ 0.6429473, 51.8093313 ], [ 0.6431379, 51.809241800000017 ] ] } },
{ "type": "Feature", "properties": { "id": 57026, "nach": 0.56051180431793235 }, "geometry": { "type": "LineString", "coordinates": [ [ 0.6436066, 51.8095881 ], [ 0.6435239, 51.8095965 ], [ 0.6434397, 51.8096347 ] ] } },
{ "type": "Feature", "properties": { "id": 57030, "nach": 0.35519489803636423 }, "geometry": { "type": "LineString", "coordinates": [ [ 0.6431379, 51.809241800000017 ], [ 0.6432821, 51.8093548 ], [ 0.6433371, 51.8095952 ], [ 0.6434397, 51.8096347 ] ] } },
{ "type": "Feature", "properties": { "id": 57029, "nach": 0.57252139731508778 }, "geometry": { "type": "LineString", "coordinates": [ [ 0.6431379, 51.809241800000017 ], [ 0.6433257, 51.8091536 ], [ 0.6434097, 51.8090824 ] ] } },
{ "type": "Feature", "properties": { "id": 68904, "nach": 0.44660898203114141 }, "geometry": { "type": "LineString", "coordinates": [ [ 0.6404507, 51.8101735 ], [ 0.6404143, 51.8100156 ] ] } },
{ "type": "Feature", "properties": { "id": 68903, "nach": 0.5288448852272325 }, "geometry": { "type": "LineString", "coordinates": [ [ 0.6404507, 51.8101735 ], [ 0.6404602, 51.8102148 ] ] } },
{ "type": "Feature", "properties": { "id": 68908, "nach": 0.53306225394047579 }, "geometry": { "type": "LineString", "coordinates": [ [ 0.6384676, 51.8106344 ], [ 0.6386043, 51.8106356 ], [ 0.638666, 51.8104953 ], [ 0.6392656, 51.810303 ], [ 0.6396775, 51.8102314 ], [ 0.6397485, 51.8102672 ], [ 0.6402397, 51.8102343 ], [ 0.6402976, 51.8101902 ], [ 0.6404507, 51.8101735 ] ] } },
{ "type": "Feature", "properties": { "id": 57052, "nach": 0.55533389516294007 }, "geometry": { "type": "LineString", "coordinates": [ [ 0.6405292, 51.81051690000001 ], [ 0.6405502, 51.8106066 ] ] } },
{ "type": "Feature", "properties": { "id": 57054, "nach": 0.45755529544018742 }, "geometry": { "type": "LineString", "coordinates": [ [ 0.6405292, 51.81051690000001 ], [ 0.6404982, 51.8103837 ], [ 0.6404602, 51.8102148 ] ] } },
{ "type": "Feature", "properties": { "id": 57055, "nach": 0.51915393776039997 }, "geometry": { "type": "LineString", "coordinates": [ [ 0.6409474, 51.81047130000001 ], [ 0.6405292, 51.81051690000001 ] ] } },
{ "type": "Feature", "properties": { "id": 57080, "nach": 0.58073433802783891 }, "geometry": { "type": "LineString", "coordinates": [ [ 0.6441412, 51.8102605 ], [ 0.6441841, 51.8103973 ], [ 0.6442346, 51.8105581 ], [ 0.6442375, 51.81056610000001 ], [ 0.6438434, 51.8106438 ], [ 0.64384, 51.8107142 ] ] } },
{ "type": "Feature", "properties": { "id": 57082, "nach": 0.44088637392211899 }, "geometry": { "type": "LineString", "coordinates": [ [ 0.6441412, 51.8102605 ], [ 0.6438492, 51.8102894 ], [ 0.643789, 51.8103355 ], [ 0.643736, 51.8103412 ], [ 0.6436823, 51.810377300000013 ] ] } },
{ "type": "Feature", "properties": { "id": 62616, "nach": 0.60471591872230623 }, "geometry": { "type": "LineString", "coordinates": [ [ 0.6469816, 51.811863700000011 ], [ 0.6472115, 51.8117635 ] ] } },
{ "type": "Feature", "properties": { "id": 62619, "nach": 0.4478593962629579 }, "geometry": { "type": "LineString", "coordinates": [ [ 0.647256, 51.8121003 ], [ 0.6469816, 51.811863700000011 ] ] } },
{ "type": "Feature", "properties": { "id": 62612, "nach": 0.59441720337090664 }, "geometry": { "type": "LineString", "coordinates": [ [ 0.6472115, 51.8117635 ], [ 0.6472504, 51.8117466 ] ] } },
{ "type": "Feature", "properties": { "id": 56469, "nach": 0.54913491987538676 }, "geometry": { "type": "LineString", "coordinates": [ [ 0.6477882, 51.8116643 ], [ 0.6477246, 51.8116974 ], [ 0.6476857, 51.8117073 ], [ 0.6474134, 51.8117399 ], [ 0.6472504, 51.8117466 ] ] } },
{ "type": "Feature", "properties": { "id": 56463, "nach": 0.53246828426398696 }, "geometry": { "type": "LineString", "coordinates": [ [ 0.6476811, 51.8114895 ], [ 0.6473418, 51.8116561 ], [ 0.6472504, 51.8117466 ] ] } },
{ "type": "Feature", "properties": { "id": 62615, "nach": 0.44709791703296531 }, "geometry": { "type": "LineString", "coordinates": [ [ 0.6473896, 51.8119 ], [ 0.6472115, 51.8117635 ] ] } },
{ "type": "Feature", "properties": { "id": 56467, "nach": 0.51821225346170197 }, "geometry": { "type": "LineString", "coordinates": [ [ 0.6477882, 51.8116643 ], [ 0.647849, 51.8116327 ] ] } },
{ "type": "Feature", "properties": { "id": 56468, "nach": 0.48878426940120034 }, "geometry": { "type": "LineString", "coordinates": [ [ 0.6477882, 51.8116643 ], [ 0.6479966, 51.8118464 ] ] } },
{ "type": "Feature", "properties": { "id": 56461, "nach": 0.54540441938716211 }, "geometry": { "type": "LineString", "coordinates": [ [ 0.6476811, 51.8114895 ], [ 0.6475161, 51.811351799999983 ] ] } },
{ "type": "Feature", "properties": { "id": 56462, "nach": 0.45904459122670016 }, "geometry": { "type": "LineString", "coordinates": [ [ 0.6476811, 51.8114895 ], [ 0.647849, 51.8116327 ] ] } },
{ "type": "Feature", "properties": { "id": 56442, "nach": 0.5231438045703507 }, "geometry": { "type": "LineString", "coordinates": [ [ 0.6482008, 51.8122761 ], [ 0.6482379, 51.812319100000011 ], [ 0.6484473, 51.8125654 ] ] } },
{ "type": "Feature", "properties": { "id": 56446, "nach": 0.40809600007169783 }, "geometry": { "type": "LineString", "coordinates": [ [ 0.6490932, 51.8129564 ], [ 0.648365, 51.8122241 ], [ 0.6482008, 51.8122761 ] ] } },
{ "type": "Feature", "properties": { "id": 56455, "nach": 0.35830717626752223 }, "geometry": { "type": "LineString", "coordinates": [ [ 0.6479355, 51.8123603 ], [ 0.6479599, 51.812387600000015 ], [ 0.6479238, 51.8124574 ], [ 0.6479323, 51.8124667 ] ] } },
{ "type": "Feature", "properties": { "id": 56454, "nach": 0.54035496403014283 }, "geometry": { "type": "LineString", "coordinates": [ [ 0.6479355, 51.8123603 ], [ 0.6482008, 51.8122761 ] ] } },
{ "type": "Feature", "properties": { "id": 56459, "nach": 0.5492954492738199 }, "geometry": { "type": "LineString", "coordinates": [ [ 0.6472385, 51.8125018 ], [ 0.6474665, 51.8124604 ], [ 0.6477562, 51.8124206 ], [ 0.6479355, 51.8123603 ] ] } },
{ "type": "Feature", "properties": { "id": 32181, "nach": 0.38297553012456431 }, "geometry": { "type": "LineString", "coordinates": [ [ 0.6506571, 51.8045444 ], [ 0.650686, 51.8047651 ], [ 0.6506907, 51.804919600000012 ], [ 0.650602, 51.8050062 ], [ 0.6498636, 51.8052633 ] ] } },
{ "type": "Feature", "properties": { "id": 32183, "nach": 0.39897517641152763 }, "geometry": { "type": "LineString", "coordinates": [ [ 0.651127, 51.8047436 ], [ 0.6510987, 51.8045204 ], [ 0.6506571, 51.8045444 ] ] } },
{ "type": "Feature", "properties": { "id": 14183, "nach": 0.44465718783463559 }, "geometry": { "type": "LineString", "coordinates": [ [ 0.6361019, 51.7956178 ], [ 0.6356251, 51.7953321 ] ] } },
{ "type": "Feature", "properties": { "id": 67114, "nach": 0.33138963276338962 }, "geometry": { "type": "LineString", "coordinates": [ [ 0.6360273, 51.7947092 ], [ 0.6362937, 51.7947991 ], [ 0.6363983, 51.79483230000001 ], [ 0.6365311, 51.7948439 ], [ 0.636629, 51.7948472 ], [ 0.6367041, 51.7948439 ], [ 0.6367752, 51.7948348 ], [ 0.6368825, 51.7948124 ], [ 0.6369938, 51.7947859 ], [ 0.6371346, 51.7947311 ], [ 0.6372727, 51.7946656 ], [ 0.637439, 51.7945743 ], [ 0.6377931, 51.7943628 ], [ 0.6378501, 51.7944043 ] ] } },
{ "type": "Feature", "properties": { "id": 14153, "nach": 0.54585263784329618 }, "geometry": { "type": "LineString", "coordinates": [ [ 0.6362924, 51.7949028 ], [ 0.6359518, 51.7948132 ] ] } },
{ "type": "Feature", "properties": { "id": 14180, "nach": 0.39029956911297858 }, "geometry": { "type": "LineString", "coordinates": [ [ 0.6378501, 51.7944043 ], [ 0.637537, 51.7945611 ], [ 0.6372393, 51.7947286 ], [ 0.6369576, 51.7948381 ], [ 0.6366303, 51.7948945 ], [ 0.6362924, 51.7949028 ] ] } },
{ "type": "Feature", "properties": { "id": 14228, "nach": 0.43171050731319105 }, "geometry": { "type": "LineString", "coordinates": [ [ 0.6437358, 51.812276 ], [ 0.6437592, 51.8120312 ], [ 0.6437297, 51.8119747 ], [ 0.6432016, 51.8117003 ] ] } },
{ "type": "Feature", "properties": { "id": 56474, "nach": 0.44534634112215898 }, "geometry": { "type": "LineString", "coordinates": [ [ 0.6476556, 51.8112872 ], [ 0.6475161, 51.811351799999983 ] ] } },
{ "type": "Feature", "properties": { "id": 56471, "nach": 0.48997100883758443 }, "geometry": { "type": "LineString", "coordinates": [ [ 0.6479547, 51.8116013 ], [ 0.647849, 51.8116327 ] ] } },
{ "type": "Feature", "properties": { "id": 56473, "nach": 0.1496496427843596 }, "geometry": { "type": "LineString", "coordinates": [ [ 0.6479547, 51.8116013 ], [ 0.6481156, 51.8117556 ], [ 0.6480847, 51.8118095 ], [ 0.6479966, 51.8118464 ] ] } },
{ "type": "Feature", "properties": { "id": 62611, "nach": 0.44096660987667324 }, "geometry": { "type": "LineString", "coordinates": [ [ 0.6481121, 51.8113672 ], [ 0.6481616, 51.8114051 ], [ 0.64821, 51.811455500000015 ], [ 0.6482064, 51.811488300000015 ], [ 0.6481876, 51.8115109 ], [ 0.6480505, 51.8115713 ], [ 0.6479547, 51.8116013 ] ] } },
{ "type": "Feature", "properties": { "id": 57058, "nach": 0.50879581314222466 }, "geometry": { "type": "LineString", "coordinates": [ [ 0.6408763, 51.81017940000001 ], [ 0.6404602, 51.8102148 ] ] } },
{ "type": "Feature", "properties": { "id": 57060, "nach": 0.52211138526852197 }, "geometry": { "type": "LineString", "coordinates": [ [ 0.6408763, 51.81017940000001 ], [ 0.6408736, 51.8101363 ], [ 0.641006, 51.8099777 ] ] } },
{ "type": "Feature", "properties": { "id": 57059, "nach": 0.5010135566928321 }, "geometry": { "type": "LineString", "coordinates": [ [ 0.6408763, 51.81017940000001 ], [ 0.6409178, 51.8103497 ] ] } },
{ "type": "Feature", "properties": { "id": 57043, "nach": 0.51190432910645511 }, "geometry": { "type": "LineString", "coordinates": [ [ 0.641006, 51.8099777 ], [ 0.6410346, 51.8099434 ], [ 0.6411204, 51.8099319 ] ] } },
{ "type": "Feature", "properties": { "id": 57048, "nach": 0.0 }, "geometry": { "type": "LineString", "coordinates": [ [ 0.6409178, 51.8103497 ], [ 0.6410687, 51.8102624 ], [ 0.641006, 51.8099777 ] ] } },
{ "type": "Feature", "properties": { "id": 54495, "nach": 0.62998376324641259 }, "geometry": { "type": "LineString", "coordinates": [ [ 0.6422376, 51.808517 ], [ 0.6429589, 51.8088956 ], [ 0.6434097, 51.8090824 ] ] } },
{ "type": "Feature", "properties": { "id": 54496, "nach": 0.43139084133907868 }, "geometry": { "type": "LineString", "coordinates": [ [ 0.6422376, 51.808517 ], [ 0.6421937, 51.8085744 ], [ 0.642027, 51.808889199999989 ], [ 0.6417307, 51.8090809 ] ] } },
{ "type": "Feature", "properties": { "id": 18026, "nach": 0.43444483406877338 }, "geometry": { "type": "LineString", "coordinates": [ [ 0.6449112, 51.7934628 ], [ 0.6448899, 51.7933659 ], [ 0.6448517, 51.7931393 ], [ 0.6448345, 51.7930783 ], [ 0.6447958, 51.7930267 ], [ 0.6447152, 51.7929903 ] ] } },
{ "type": "Feature", "properties": { "id": 49063, "nach": 0.43713395728557658 }, "geometry": { "type": "LineString", "coordinates": [ [ 0.6447349, 51.792598 ], [ 0.6447643, 51.7927203 ], [ 0.6447887, 51.7928415 ], [ 0.6447152, 51.7929903 ] ] } },
{ "type": "Feature", "properties": { "id": 38295, "nach": 0.43375624339166818 }, "geometry": { "type": "LineString", "coordinates": [ [ 0.6427946, 51.7955127 ], [ 0.6425168, 51.7962625 ] ] } },
{ "type": "Feature", "properties": { "id": 70319, "nach": 0.54107512891382892 }, "geometry": { "type": "LineString", "coordinates": [ [ 0.6428684, 51.7953066 ], [ 0.6427946, 51.7955127 ] ] } },
{ "type": "Feature", "properties": { "id": 41098, "nach": 0.42572806952990783 }, "geometry": { "type": "LineString", "coordinates": [ [ 0.6439001, 51.797513400000021 ], [ 0.6438731, 51.7974283 ], [ 0.6438488, 51.797316400000014 ], [ 0.6439001, 51.7972162 ], [ 0.6440135, 51.797111 ], [ 0.6440621, 51.7969908 ], [ 0.6440702, 51.7968873 ], [ 0.644, 51.7968155 ], [ 0.6437786, 51.796767 ], [ 0.6435627, 51.7967119 ], [ 0.643181, 51.796647300000011 ] ] } },
{ "type": "Feature", "properties": { "id": 20015, "nach": 0.60509788563761469 }, "geometry": { "type": "LineString", "coordinates": [ [ 0.6355476, 51.8064274 ], [ 0.6356057, 51.8064579 ], [ 0.6356526, 51.8064787 ], [ 0.6357411, 51.8065177 ], [ 0.6357524, 51.8065229 ], [ 0.6358693, 51.806577199999985 ], [ 0.6359977, 51.8066484 ], [ 0.6362302, 51.8067712 ], [ 0.63641, 51.8068865 ], [ 0.636505, 51.8069405 ], [ 0.6365907, 51.8069866 ] ] } },
{ "type": "Feature", "properties": { "id": 20048, "nach": 0.63765183828574712 }, "geometry": { "type": "LineString", "coordinates": [ [ 0.6355072, 51.8064421 ], [ 0.6355476, 51.8064274 ] ] } },
{ "type": "Feature", "properties": { "id": 40387, "nach": 0.42828648592628549 }, "geometry": { "type": "LineString", "coordinates": [ [ 0.6363714, 51.8056084 ], [ 0.6362442, 51.805531 ], [ 0.6360971, 51.8054571 ], [ 0.6359362, 51.8054969 ] ] } },
{ "type": "Feature", "properties": { "id": 40390, "nach": 0.41947958371329502 }, "geometry": { "type": "LineString", "coordinates": [ [ 0.6365573, 51.80480690000001 ], [ 0.6365126, 51.8048432 ], [ 0.6364399, 51.804938300000018 ], [ 0.6364371, 51.804983300000011 ], [ 0.6364427, 51.805049 ], [ 0.636462299999989, 51.8051078 ], [ 0.6364846, 51.8051441 ], [ 0.6365378, 51.8052323 ], [ 0.6365881, 51.8053724 ], [ 0.6365965, 51.8054311 ], [ 0.6365489, 51.8054692 ], [ 0.6364595, 51.8055003 ], [ 0.6363714, 51.8056084 ] ] } },
{ "type": "Feature", "properties": { "id": 33884, "nach": 0.44652904336974886 }, "geometry": { "type": "LineString", "coordinates": [ [ 0.6419923, 51.8000818 ], [ 0.6416351, 51.800040599999988 ] ] } },
{ "type": "Feature", "properties": { "id": 64751, "nach": 0.64609153485067283 }, "geometry": { "type": "LineString", "coordinates": [ [ 0.6420189, 51.7999684 ], [ 0.6419923, 51.8000818 ] ] } },
{ "type": "Feature", "properties": { "id": 64756, "nach": 0.64401282743377641 }, "geometry": { "type": "LineString", "coordinates": [ [ 0.6423296, 51.8001348 ], [ 0.6421839, 51.800101800000014 ], [ 0.6419923, 51.8000818 ] ] } },
{ "type": "Feature", "properties": { "id": 64761, "nach": 0.62453402276140824 }, "geometry": { "type": "LineString", "coordinates": [ [ 0.6424481, 51.800191 ], [ 0.6426287, 51.8003048 ] ] } },
{ "type": "Feature", "properties": { "id": 37374, "nach": 0.44482443350249379 }, "geometry": { "type": "LineString", "coordinates": [ [ 0.6421436, 51.8005846 ], [ 0.6426287, 51.8003048 ] ] } },
{ "type": "Feature", "properties": { "id": 64760, "nach": 0.62585198902859562 }, "geometry": { "type": "LineString", "coordinates": [ [ 0.6424481, 51.800191 ], [ 0.6424598, 51.8001492 ] ] } },
{ "type": "Feature", "properties": { "id": 64762, "nach": 0.44805321862588315 }, "geometry": { "type": "LineString", "coordinates": [ [ 0.6424481, 51.800191 ], [ 0.6422166, 51.800331300000011 ] ] } },
{ "type": "Feature", "properties": { "id": 18828, "nach": 0.45189323102733298 }, "geometry": { "type": "LineString", "coordinates": [ [ 0.6465721, 51.7940785 ], [ 0.6465978, 51.79396890000001 ], [ 0.6466514, 51.7938229 ], [ 0.6471235, 51.7936437 ], [ 0.6476921, 51.7934115 ], [ 0.6480569, 51.7931394 ], [ 0.648529, 51.7928939 ], [ 0.6492049, 51.7926284 ], [ 0.6493992, 51.7926009 ] ] } },
{ "type": "Feature", "properties": { "id": 18032, "nach": 0.52018971730967634 }, "geometry": { "type": "LineString", "coordinates": [ [ 0.6493992, 51.7926009 ], [ 0.649864274761841, 51.792402127127886 ] ] } },
{ "type": "Feature", "properties": { "id": 18943, "nach": 0.40138370078508245 }, "geometry": { "type": "LineString", "coordinates": [ [ 0.6507823, 51.7924866 ], [ 0.6501189, 51.7923207 ] ] } },
{ "type": "Feature", "properties": { "id": 26019, "nach": 0.4116686509767673 }, "geometry": { "type": "LineString", "coordinates": [ [ 0.650634, 51.7922076 ], [ 0.6501189, 51.7923207 ] ] } },
{ "type": "Feature", "properties": { "id": 18032, "nach": 0.52018971730967634 }, "geometry": { "type": "LineString", "coordinates": [ [ 0.649688714618175, 51.792458269385101 ], [ 0.6501189, 51.7923207 ] ] } },
{ "type": "Feature", "properties": { "id": 18967, "nach": 0.36707760855840571 }, "geometry": { "type": "LineString", "coordinates": [ [ 0.6511861, 51.7930622 ], [ 0.651111, 51.7929678 ], [ 0.6510764, 51.792901299999983 ], [ 0.6507823, 51.7924866 ] ] } },
{ "type": "Feature", "properties": { "id": 18973, "nach": 0.31489755176754325 }, "geometry": { "type": "LineString", "coordinates": [ [ 0.6514753, 51.7923933 ], [ 0.6511973, 51.792467300000013 ], [ 0.6507823, 51.7924866 ] ] } },
{ "type": "Feature", "properties": { "id": 26020, "nach": 0.39120727647636466 }, "geometry": { "type": "LineString", "coordinates": [ [ 0.650634, 51.7922076 ], [ 0.6506126, 51.79217220000001 ], [ 0.6505778, 51.79211080000001 ], [ 0.6505375, 51.7920329 ], [ 0.6504839, 51.791958299999983 ] ] } },
{ "type": "Feature", "properties": { "id": 31180, "nach": 0.30927212423907768 }, "geometry": { "type": "LineString", "coordinates": [ [ 0.6509177, 51.7921453 ], [ 0.650634, 51.7922076 ] ] } },
{ "type": "Feature", "properties": { "id": 31177, "nach": 0.35162372300243455 }, "geometry": { "type": "LineString", "coordinates": [ [ 0.6509518, 51.7923214 ], [ 0.650697, 51.7922982 ], [ 0.650634, 51.7922076 ] ] } },
{ "type": "Feature", "properties": { "id": 35190, "nach": 0.42254339900750709 }, "geometry": { "type": "LineString", "coordinates": [ [ 0.6448331, 51.7960399 ], [ 0.644733, 51.7960451 ] ] } },
{ "type": "Feature", "properties": { "id": 57481, "nach": 0.41430162157784106 }, "geometry": { "type": "LineString", "coordinates": [ [ 0.6450978, 51.7963534 ], [ 0.6450963, 51.7963109 ], [ 0.6450948, 51.7962685 ], [ 0.645092, 51.7962371 ], [ 0.6450751, 51.7962158 ], [ 0.6450446, 51.796203 ], [ 0.6449982, 51.7961931 ], [ 0.6449406, 51.7961851 ], [ 0.644888, 51.7961725 ], [ 0.6448501, 51.796152 ], [ 0.6448331, 51.7960399 ] ] } },
{ "type": "Feature", "properties": { "id": 18061, "nach": 0.62553338322473995 }, "geometry": { "type": "LineString", "coordinates": [ [ 0.6445202, 51.7919306 ], [ 0.6448864, 51.7918784 ] ] } },
{ "type": "Feature", "properties": { "id": 18898, "nach": 0.61789079793807877 }, "geometry": { "type": "LineString", "coordinates": [ [ 0.6450647, 51.7918545 ], [ 0.6448864, 51.7918784 ] ] } },
{ "type": "Feature", "properties": { "id": 49060, "nach": 0.49993085444456226 }, "geometry": { "type": "LineString", "coordinates": [ [ 0.6446656, 51.792231 ], [ 0.6448488, 51.792177900000013 ], [ 0.6449534, 51.7920716 ], [ 0.6448864, 51.7918784 ] ] } },
{ "type": "Feature", "properties": { "id": 18062, "nach": 0.6354913660556053 }, "geometry": { "type": "LineString", "coordinates": [ [ 0.6445202, 51.7919306 ], [ 0.6439987, 51.7920039 ] ] } },
{ "type": "Feature", "properties": { "id": 49068, "nach": 0.52869977280412817 }, "geometry": { "type": "LineString", "coordinates": [ [ 0.6445176, 51.791370400000019 ], [ 0.6445176, 51.7915258 ], [ 0.6444424, 51.7917249 ], [ 0.6445202, 51.7919306 ] ] } },
{ "type": "Feature", "properties": { "id": 49047, "nach": 0.62402445209463187 }, "geometry": { "type": "LineString", "coordinates": [ [ 0.6455099, 51.7917998 ], [ 0.6450647, 51.7918545 ] ] } },
{ "type": "Feature", "properties": { "id": 53067, "nach": 0.51971588470941998 }, "geometry": { "type": "LineString", "coordinates": [ [ 0.6447148, 51.7904953 ], [ 0.6448274, 51.7909709 ], [ 0.6450213, 51.7917386 ], [ 0.6450647, 51.7918545 ] ] } },
{ "type": "Feature", "properties": { "id": 49058, "nach": 0.42516164602269824 }, "geometry": { "type": "LineString", "coordinates": [ [ 0.6446656, 51.792231 ], [ 0.6444948, 51.7922425 ] ] } },
{ "type": "Feature", "properties": { "id": 49059, "nach": 0.42355632032691054 }, "geometry": { "type": "LineString", "coordinates": [ [ 0.6446656, 51.792231 ], [ 0.644708, 51.7923802 ] ] } },
{ "type": "Feature", "properties": { "id": 53078, "nach": 0.56389939768927144 }, "geometry": { "type": "LineString", "coordinates": [ [ 0.6466362, 51.7913188 ], [ 0.6463548, 51.7915249 ] ] } },
{ "type": "Feature", "properties": { "id": 18046, "nach": 0.56281385243790605 }, "geometry": { "type": "LineString", "coordinates": [ [ 0.6469337, 51.7923411 ], [ 0.6467457, 51.7917927 ], [ 0.6467186, 51.7917472 ], [ 0.6465915, 51.7916454 ], [ 0.6463548, 51.7915249 ] ] } },
{ "type": "Feature", "properties": { "id": 49055, "nach": 0.58381028080891151 }, "geometry": { "type": "LineString", "coordinates": [ [ 0.6459708, 51.7917321 ], [ 0.6461134, 51.7916586 ], [ 0.646249, 51.7915889 ], [ 0.6463548, 51.7915249 ] ] } },
{ "type": "Feature", "properties": { "id": 53081, "nach": 0.5329373298041703 }, "geometry": { "type": "LineString", "coordinates": [ [ 0.6466362, 51.7913188 ], [ 0.6461616, 51.7911038 ], [ 0.6460087, 51.7910773 ], [ 0.6453182, 51.7907488 ] ] } },
{ "type": "Feature", "properties": { "id": 53079, "nach": 0.43130535067273723 }, "geometry": { "type": "LineString", "coordinates": [ [ 0.6466362, 51.7913188 ], [ 0.6470329, 51.7909877 ] ] } },
{ "type": "Feature", "properties": { "id": 53080, "nach": 0.54678948384023551 }, "geometry": { "type": "LineString", "coordinates": [ [ 0.6466362, 51.7913188 ], [ 0.6475046, 51.7917503 ], [ 0.6476367, 51.791815 ] ] } },
{ "type": "Feature", "properties": { "id": 18048, "nach": 0.53411924230983776 }, "geometry": { "type": "LineString", "coordinates": [ [ 0.6464675, 51.7924117 ], [ 0.6469337, 51.7923411 ] ] } },
{ "type": "Feature", "properties": { "id": 52785, "nach": 0.47585707715183145 }, "geometry": { "type": "LineString", "coordinates": [ [ 0.6472344, 51.7923085 ], [ 0.6469337, 51.7923411 ] ] } },
{ "type": "Feature", "properties": { "id": 49056, "nach": 0.60006724336452111 }, "geometry": { "type": "LineString", "coordinates": [ [ 0.6459708, 51.7917321 ], [ 0.6458791, 51.7917505 ], [ 0.6457484, 51.7917697 ] ] } },
{ "type": "Feature", "properties": { "id": 49054, "nach": 0.49377237394819179 }, "geometry": { "type": "LineString", "coordinates": [ [ 0.6459708, 51.7917321 ], [ 0.6460689, 51.7918423 ] ] } },
{ "type": "Feature", "properties": { "id": 44819, "nach": 0.4646991977871523 }, "geometry": { "type": "LineString", "coordinates": [ [ 0.6465727, 51.792791200000011 ], [ 0.6464675, 51.7924117 ] ] } },
{ "type": "Feature", "properties": { "id": 49039, "nach": 0.49071013842491801 }, "geometry": { "type": "LineString", "coordinates": [ [ 0.6458477, 51.7925297 ], [ 0.6459123, 51.7924798 ], [ 0.6459981, 51.7924632 ], [ 0.6464675, 51.7924117 ] ] } },
{ "type": "Feature", "properties": { "id": 52786, "nach": 0.40215755028527367 }, "geometry": { "type": "LineString", "coordinates": [ [ 0.6472344, 51.7923085 ], [ 0.6472954, 51.7923019 ] ] } },
{ "type": "Feature", "properties": { "id": 52788, "nach": 0.4006757340498594 }, "geometry": { "type": "LineString", "coordinates": [ [ 0.647292, 51.7924977 ], [ 0.6472344, 51.7923085 ] ] } },
{ "type": "Feature", "properties": { "id": 44818, "nach": 0.39243176156404203 }, "geometry": { "type": "LineString", "coordinates": [ [ 0.6465727, 51.792791200000011 ], [ 0.6466043, 51.7928846 ] ] } },
{ "type": "Feature", "properties": { "id": 68479, "nach": 0.3829703366393119 }, "geometry": { "type": "LineString", "coordinates": [ [ 0.6470574, 51.7929362 ], [ 0.6470069, 51.792740800000011 ], [ 0.6465727, 51.792791200000011 ] ] } },
{ "type": "Feature", "properties": { "id": 49038, "nach": 0.45187820960592934 }, "geometry": { "type": "LineString", "coordinates": [ [ 0.6458477, 51.7925297 ], [ 0.6458238, 51.792607500000017 ], [ 0.6459308, 51.7929482 ] ] } },
{ "type": "Feature", "properties": { "id": 49040, "nach": 0.38297037863976463 }, "geometry": { "type": "LineString", "coordinates": [ [ 0.6458477, 51.7925297 ], [ 0.6457463, 51.7924453 ], [ 0.6457122, 51.7924142 ], [ 0.6456762, 51.792323 ], [ 0.6453583, 51.7923678 ] ] } },
{ "type": "Feature", "properties": { "id": 49061, "nach": 0.37714058825555458 }, "geometry": { "type": "LineString", "coordinates": [ [ 0.6455903, 51.7929898 ], [ 0.6459308, 51.7929482 ] ] } },
{ "type": "Feature", "properties": { "id": 49062, "nach": 0.37336907578097411 }, "geometry": { "type": "LineString", "coordinates": [ [ 0.6462305, 51.7931032 ], [ 0.6461854, 51.7929484 ], [ 0.6461513, 51.7929331 ], [ 0.6460938, 51.7929282 ], [ 0.6459308, 51.7929482 ] ] } },
{ "type": "Feature", "properties": { "id": 59963, "nach": 0.55559234997113738 }, "geometry": { "type": "LineString", "coordinates": [ [ 0.6434852, 51.79072510000001 ], [ 0.6439987, 51.7920039 ] ] } },
{ "type": "Feature", "properties": { "id": 30431, "nach": 0.34091501009080794 }, "geometry": { "type": "LineString", "coordinates": [ [ 0.6461673, 51.795579100000019 ], [ 0.6461136, 51.7952589 ], [ 0.6461012, 51.7949168 ] ] } },
{ "type": "Feature", "properties": { "id": 49067, "nach": 0.49096677766656349 }, "geometry": { "type": "LineString", "coordinates": [ [ 0.6445176, 51.791370400000019 ], [ 0.6445176, 51.7913467 ], [ 0.6444961, 51.791180800000014 ], [ 0.6443325, 51.790910199999985 ] ] } },
{ "type": "Feature", "properties": { "id": 49069, "nach": 0.42076247235385555 }, "geometry": { "type": "LineString", "coordinates": [ [ 0.6445176, 51.791370400000019 ], [ 0.6443626, 51.791376 ], [ 0.6442787, 51.791376 ], [ 0.6441903, 51.7913466 ], [ 0.6441382, 51.7913073 ], [ 0.6440702, 51.7911643 ] ] } },
{ "type": "Feature", "properties": { "id": 37340, "nach": 0.48991219933750524 }, "geometry": { "type": "LineString", "coordinates": [ [ 0.6456206, 51.7913641 ], [ 0.6457484, 51.7917697 ] ] } },
{ "type": "Feature", "properties": { "id": 49046, "nach": 0.6126052860725959 }, "geometry": { "type": "LineString", "coordinates": [ [ 0.6455099, 51.7917998 ], [ 0.6457484, 51.7917697 ] ] } },
{ "type": "Feature", "properties": { "id": 49070, "nach": 0.41301707307094893 }, "geometry": { "type": "LineString", "coordinates": [ [ 0.6451825, 51.7910762 ], [ 0.6451983, 51.791132500000018 ], [ 0.6452102, 51.791169300000014 ], [ 0.6453324, 51.7912286 ], [ 0.6454395, 51.7912424 ], [ 0.645581, 51.7912441 ], [ 0.6455904, 51.7912803 ], [ 0.6456206, 51.7913641 ] ] } },
{ "type": "Feature", "properties": { "id": 37343, "nach": 0.41333059474455119 }, "geometry": { "type": "LineString", "coordinates": [ [ 0.6462061, 51.7912137 ], [ 0.6459965, 51.7913357 ], [ 0.6456206, 51.7913641 ] ] } },
{ "type": "Feature", "properties": { "id": 49048, "nach": 0.49720885889577665 }, "geometry": { "type": "LineString", "coordinates": [ [ 0.6455099, 51.7917998 ], [ 0.6455727, 51.7919875 ] ] } },
{ "type": "Feature", "properties": { "id": 52757, "nach": 0.43501648049915387 }, "geometry": { "type": "LineString", "coordinates": [ [ 0.6357102, 51.8009136 ], [ 0.6356979, 51.8008623 ], [ 0.6356694, 51.80082250000001 ], [ 0.6356012, 51.8007622 ], [ 0.6354244, 51.800682 ] ] } },
{ "type": "Feature", "properties": { "id": 45397, "nach": 0.43478631496652675 }, "geometry": { "type": "LineString", "coordinates": [ [ 0.6350377, 51.8008368 ], [ 0.635302, 51.8008032 ], [ 0.6354244, 51.800682 ] ] } },
{ "type": "Feature", "properties": { "id": 18137, "nach": 0.59121308597781008 }, "geometry": { "type": "LineString", "coordinates": [ [ 0.644976, 51.8009988 ], [ 0.6448687, 51.801255100000013 ] ] } },
{ "type": "Feature", "properties": { "id": 18157, "nach": 0.4543385177951822 }, "geometry": { "type": "LineString", "coordinates": [ [ 0.6444972, 51.8008366 ], [ 0.6446072, 51.8009287 ], [ 0.6447252, 51.8009679 ], [ 0.644976, 51.8009988 ] ] } },
{ "type": "Feature", "properties": { "id": 18192, "nach": 0.52294406410281613 }, "geometry": { "type": "LineString", "coordinates": [ [ 0.6458893, 51.800512 ], [ 0.6460422, 51.8006098 ], [ 0.6461575, 51.800723500000011 ], [ 0.6461924, 51.80086690000001 ], [ 0.6462131, 51.8008964 ] ] } },
{ "type": "Feature", "properties": { "id": 18216, "nach": 0.51701084869475289 }, "geometry": { "type": "LineString", "coordinates": [ [ 0.6461722, 51.799767200000012 ], [ 0.6462661, 51.7999206 ], [ 0.6462929, 51.8000749 ], [ 0.6462313, 51.80025160000001 ], [ 0.6460864, 51.8003909 ], [ 0.6458893, 51.800512 ] ] } },
{ "type": "Feature", "properties": { "id": 18146, "nach": 0.43957411408777847 }, "geometry": { "type": "LineString", "coordinates": [ [ 0.6386741, 51.7992936 ], [ 0.6381136, 51.79945450000001 ] ] } },
{ "type": "Feature", "properties": { "id": 52756, "nach": 0.43872301232439076 }, "geometry": { "type": "LineString", "coordinates": [ [ 0.6384354, 51.7991832 ], [ 0.6380545, 51.7992967 ], [ 0.6380285, 51.7993175 ], [ 0.638027, 51.799339200000013 ], [ 0.6381136, 51.79945450000001 ] ] } },
{ "type": "Feature", "properties": { "id": 18208, "nach": 0.45534488102751314 }, "geometry": { "type": "LineString", "coordinates": [ [ 0.6443555, 51.803426800000011 ], [ 0.6445428, 51.8036194 ], [ 0.6448995, 51.8037039 ], [ 0.6451383, 51.8038715 ] ] } },
{ "type": "Feature", "properties": { "id": 18207, "nach": 0.61736159147563885 }, "geometry": { "type": "LineString", "coordinates": [ [ 0.6443555, 51.803426800000011 ], [ 0.644542, 51.8033734 ], [ 0.6447991, 51.8032441 ] ] } },
{ "type": "Feature", "properties": { "id": 56982, "nach": 0.60638513824401585 }, "geometry": { "type": "LineString", "coordinates": [ [ 0.6439611, 51.8035686 ], [ 0.6443555, 51.803426800000011 ] ] } },
{ "type": "Feature", "properties": { "id": 18093, "nach": 0.50459571672831505 }, "geometry": { "type": "LineString", "coordinates": [ [ 0.6517261, 51.8079854 ], [ 0.6518122, 51.8079944 ], [ 0.6518748, 51.8079999 ], [ 0.6519005, 51.8080019 ] ] } },
{ "type": "Feature", "properties": { "id": 46043, "nach": 0.53089608731851667 }, "geometry": { "type": "LineString", "coordinates": [ [ 0.6517592, 51.8079104 ], [ 0.6517496, 51.8079281 ], [ 0.6517261, 51.8079854 ] ] } },
{ "type": "Feature", "properties": { "id": 18141, "nach": 0.55873924310454781 }, "geometry": { "type": "LineString", "coordinates": [ [ 0.6516463, 51.8080816 ], [ 0.6516908, 51.8080202 ], [ 0.6517261, 51.8079854 ] ] } },
{ "type": "Feature", "properties": { "id": 64312, "nach": 0.48954476524239521 }, "geometry": { "type": "LineString", "coordinates": [ [ 0.6519005, 51.8080019 ], [ 0.6521599, 51.808021500000017 ] ] } },
{ "type": "Feature", "properties": { "id": 64315, "nach": 0.29330373331902321 }, "geometry": { "type": "LineString", "coordinates": [ [ 0.6516981, 51.8081452 ], [ 0.6518711, 51.8080361 ], [ 0.6519005, 51.8080019 ] ] } },
{ "type": "Feature", "properties": { "id": 46040, "nach": 0.4195812427865212 }, "geometry": { "type": "LineString", "coordinates": [ [ 0.6521599, 51.808021500000017 ], [ 0.6520577, 51.80798 ], [ 0.6518854, 51.8079425 ], [ 0.6517592, 51.8079104 ] ] } },
{ "type": "Feature", "properties": { "id": 64316, "nach": 0.56577246505758694 }, "geometry": { "type": "LineString", "coordinates": [ [ 0.6517636, 51.8078763 ], [ 0.6517592, 51.8079104 ] ] } },
{ "type": "Feature", "properties": { "id": 32452, "nach": 0.41607224772584583 }, "geometry": { "type": "LineString", "coordinates": [ [ 0.6518418, 51.8077576 ], [ 0.6523368, 51.8074989 ] ] } },
{ "type": "Feature", "properties": { "id": 32455, "nach": 0.42169156565025334 }, "geometry": { "type": "LineString", "coordinates": [ [ 0.6516659, 51.807641 ], [ 0.6518418, 51.8077576 ] ] } },
{ "type": "Feature", "properties": { "id": 64317, "nach": 0.49569316621458187 }, "geometry": { "type": "LineString", "coordinates": [ [ 0.6517636, 51.8078763 ], [ 0.6517672, 51.8078486 ], [ 0.6518016, 51.8077961 ], [ 0.6518418, 51.8077576 ] ] } },
{ "type": "Feature", "properties": { "id": 56968, "nach": 0.60435766159645732 }, "geometry": { "type": "LineString", "coordinates": [ [ 0.6388009, 51.8016764 ], [ 0.6387414, 51.8017312 ], [ 0.6385219, 51.8019817 ] ] } },
{ "type": "Feature", "properties": { "id": 62772, "nach": 0.60936461629194327 }, "geometry": { "type": "LineString", "coordinates": [ [ 0.6390065, 51.80146640000001 ], [ 0.6388009, 51.8016764 ] ] } },
{ "type": "Feature", "properties": { "id": 56970, "nach": 0.44152976025925861 }, "geometry": { "type": "LineString", "coordinates": [ [ 0.6378585, 51.8012775 ], [ 0.6379777, 51.8013426 ], [ 0.63807, 51.8013865 ], [ 0.6381798, 51.8014301 ], [ 0.6382841, 51.801472 ], [ 0.63849, 51.8015525 ], [ 0.6388009, 51.8016764 ] ] } },
{ "type": "Feature", "properties": { "id": 18166, "nach": 0.44006863280851682 }, "geometry": { "type": "LineString", "coordinates": [ [ 0.6408216, 51.801401 ], [ 0.6409957, 51.8015432 ], [ 0.6410864, 51.8015011 ], [ 0.6418632, 51.8011537 ] ] } },
{ "type": "Feature", "properties": { "id": 18215, "nach": 0.40212921288244374 }, "geometry": { "type": "LineString", "coordinates": [ [ 0.6461722, 51.799767200000012 ], [ 0.6459523, 51.7998178 ], [ 0.6457485, 51.7998908 ], [ 0.6453845, 51.8000652 ], [ 0.6454271, 51.8001037 ], [ 0.6451208, 51.8002657 ] ] } },
{ "type": "Feature", "properties": { "id": 52836, "nach": 0.47743483524963204 }, "geometry": { "type": "LineString", "coordinates": [ [ 0.6458985, 51.799373100000011 ], [ 0.6461722, 51.799767200000012 ] ] } },
{ "type": "Feature", "properties": { "id": 32658, "nach": 0.57634618535981486 }, "geometry": { "type": "LineString", "coordinates": [ [ 0.6441951, 51.8054494 ], [ 0.6441646, 51.80587 ] ] } },
{ "type": "Feature", "properties": { "id": 42037, "nach": 0.59417139370585503 }, "geometry": { "type": "LineString", "coordinates": [ [ 0.6413771, 51.8057361 ], [ 0.6414191, 51.8057592 ], [ 0.6423349, 51.8058048 ], [ 0.6438562, 51.8058667 ], [ 0.6441646, 51.80587 ] ] } },
{ "type": "Feature", "properties": { "id": 31978, "nach": 0.41790563726745072 }, "geometry": { "type": "LineString", "coordinates": [ [ 0.643871, 51.8064671 ], [ 0.6441648, 51.8060841 ], [ 0.6441646, 51.80587 ] ] } },
{ "type": "Feature", "properties": { "id": 32657, "nach": 0.58138413920103671 }, "geometry": { "type": "LineString", "coordinates": [ [ 0.6441951, 51.8054494 ], [ 0.6442, 51.8053823 ] ] } },
{ "type": "Feature", "properties": { "id": 32660, "nach": 0.42475003990023863 }, "geometry": { "type": "LineString", "coordinates": [ [ 0.6444179, 51.8056788 ], [ 0.6444881, 51.8054577 ], [ 0.6441951, 51.8054494 ] ] } },
{ "type": "Feature", "properties": { "id": 42042, "nach": 0.58857781916135432 }, "geometry": { "type": "LineString", "coordinates": [ [ 0.6414275, 51.8053438 ], [ 0.6413771, 51.8057361 ] ] } },
{ "type": "Feature", "properties": { "id": 42085, "nach": 0.60692601969082516 }, "geometry": { "type": "LineString", "coordinates": [ [ 0.6409997, 51.8059986 ], [ 0.6411527, 51.8060469 ], [ 0.6412077, 51.80604610000001 ], [ 0.6413017, 51.8059036 ], [ 0.6413771, 51.8057361 ] ] } },
{ "type": "Feature", "properties": { "id": 52575, "nach": 0.42039595841955496 }, "geometry": { "type": "LineString", "coordinates": [ [ 0.6450227, 51.7984572 ], [ 0.644852, 51.7983145 ], [ 0.6447194, 51.7982146 ] ] } },
{ "type": "Feature", "properties": { "id": 52574, "nach": 0.42067437844707312 }, "geometry": { "type": "LineString", "coordinates": [ [ 0.6450541, 51.7980421 ], [ 0.6448657, 51.7981319 ], [ 0.6447194, 51.7982146 ] ] } },
{ "type": "Feature", "properties": { "id": 62771, "nach": 0.61997574888234575 }, "geometry": { "type": "LineString", "coordinates": [ [ 0.6390065, 51.80146640000001 ], [ 0.6390413, 51.8014343 ] ] } },
{ "type": "Feature", "properties": { "id": 56974, "nach": 0.45226736311389809 }, "geometry": { "type": "LineString", "coordinates": [ [ 0.639324, 51.8015542 ], [ 0.6390413, 51.8014343 ] ] } },
{ "type": "Feature", "properties": { "id": 18175, "nach": 0.44123925210290033 }, "geometry": { "type": "LineString", "coordinates": [ [ 0.6462131, 51.8008964 ], [ 0.6462366, 51.80093 ], [ 0.6465142, 51.801140600000011 ] ] } },
{ "type": "Feature", "properties": { "id": 64959, "nach": 0.51725771740110971 }, "geometry": { "type": "LineString", "coordinates": [ [ 0.6456862, 51.8011826 ], [ 0.6458477, 51.8010951 ], [ 0.6462131, 51.8008964 ] ] } },
{ "type": "Feature", "properties": { "id": 58281, "nach": 0.61700253190909249 }, "geometry": { "type": "LineString", "coordinates": [ [ 0.6437026, 51.8053776 ], [ 0.6442, 51.8053823 ] ] } },
{ "type": "Feature", "properties": { "id": 40340, "nach": 0.60436179269002777 }, "geometry": { "type": "LineString", "coordinates": [ [ 0.6443684, 51.8050525 ], [ 0.6443405, 51.8050732 ], [ 0.6442741, 51.8051701 ], [ 0.6442073, 51.8053226 ], [ 0.6442, 51.8053823 ] ] } },
{ "type": "Feature", "properties": { "id": 58282, "nach": 0.60266656765790005 }, "geometry": { "type": "LineString", "coordinates": [ [ 0.6437026, 51.8053776 ], [ 0.6433352, 51.805374199999989 ], [ 0.6431119, 51.8053682 ] ] } },
{ "type": "Feature", "properties": { "id": 58286, "nach": 0.49197544920006026 }, "geometry": { "type": "LineString", "coordinates": [ [ 0.6437105, 51.805159 ], [ 0.6437068, 51.8052231 ], [ 0.6437026, 51.8053776 ] ] } },
{ "type": "Feature", "properties": { "id": 40345, "nach": 0.60782442793650404 }, "geometry": { "type": "LineString", "coordinates": [ [ 0.6445134, 51.8049534 ], [ 0.6444746, 51.8049737 ], [ 0.6443684, 51.8050525 ] ] } },
{ "type": "Feature", "properties": { "id": 40342, "nach": 0.43284812342946466 }, "geometry": { "type": "LineString", "coordinates": [ [ 0.6447562, 51.8051719 ], [ 0.6446244, 51.805158 ], [ 0.644533, 51.8051265 ], [ 0.6444581, 51.8050867 ], [ 0.6443684, 51.8050525 ] ] } },
{ "type": "Feature", "properties": { "id": 43031, "nach": 0.5085196384941354 }, "geometry": { "type": "LineString", "coordinates": [ [ 0.638549, 51.8004337 ], [ 0.6388274, 51.8007563 ] ] } },
{ "type": "Feature", "properties": { "id": 43033, "nach": 0.43122461050367067 }, "geometry": { "type": "LineString", "coordinates": [ [ 0.6378834, 51.8005052 ], [ 0.6379554, 51.8008319 ], [ 0.6380122, 51.8008927 ], [ 0.6388274, 51.8007563 ] ] } },
{ "type": "Feature", "properties": { "id": 18135, "nach": 0.45605569450112976 }, "geometry": { "type": "LineString", "coordinates": [ [ 0.6446567, 51.8017577 ], [ 0.6450216, 51.8015536 ] ] } },
{ "type": "Feature", "properties": { "id": 18134, "nach": 0.5900855815749011 }, "geometry": { "type": "LineString", "coordinates": [ [ 0.6448687, 51.801255100000013 ], [ 0.6448674, 51.8013629 ], [ 0.6449076, 51.801445 ], [ 0.6450216, 51.8015536 ] ] } },
{ "type": "Feature", "properties": { "id": 18129, "nach": 0.59135156992987736 }, "geometry": { "type": "LineString", "coordinates": [ [ 0.6455741, 51.801872100000011 ], [ 0.6454387, 51.801851300000017 ], [ 0.6450216, 51.8015536 ] ] } },
{ "type": "Feature", "properties": { "id": 18176, "nach": 0.45641630543241868 }, "geometry": { "type": "LineString", "coordinates": [ [ 0.6443497, 51.8012111 ], [ 0.6448687, 51.801255100000013 ] ] } },
{ "type": "Feature", "properties": { "id": 18152, "nach": 0.55521092128949578 }, "geometry": { "type": "LineString", "coordinates": [ [ 0.6461508, 51.8015694 ], [ 0.6456653, 51.801853 ], [ 0.6455741, 51.801872100000011 ] ] } },
{ "type": "Feature", "properties": { "id": 46758, "nach": 0.6180514730856902 }, "geometry": { "type": "LineString", "coordinates": [ [ 0.6456956, 51.8021143 ], [ 0.6456506, 51.8020844 ], [ 0.6455741, 51.801872100000011 ] ] } },
{ "type": "Feature", "properties": { "id": 41941, "nach": 0.43278584565475597 }, "geometry": { "type": "LineString", "coordinates": [ [ 0.6397851, 51.8028776 ], [ 0.6396961, 51.8028995 ], [ 0.6396263, 51.8029493 ], [ 0.6395485, 51.8031334 ] ] } },
{ "type": "Feature", "properties": { "id": 18217, "nach": 0.4424337370380641 }, "geometry": { "type": "LineString", "coordinates": [ [ 0.6463064, 51.8020363 ], [ 0.6463607, 51.8017857 ], [ 0.6463412, 51.8017162 ], [ 0.6461508, 51.8015694 ] ] } },
{ "type": "Feature", "properties": { "id": 64960, "nach": 0.52130363680622382 }, "geometry": { "type": "LineString", "coordinates": [ [ 0.6456862, 51.8011826 ], [ 0.6459456, 51.8013594 ], [ 0.6461628, 51.8015124 ], [ 0.6461508, 51.8015694 ] ] } },
{ "type": "Feature", "properties": { "id": 46757, "nach": 0.62421045093105554 }, "geometry": { "type": "LineString", "coordinates": [ [ 0.6456956, 51.8021143 ], [ 0.6461453, 51.80241310000001 ] ] } },
{ "type": "Feature", "properties": { "id": 46759, "nach": 0.45883732937678817 }, "geometry": { "type": "LineString", "coordinates": [ [ 0.6456956, 51.8021143 ], [ 0.6455233, 51.8022206 ], [ 0.6454852, 51.8022288 ], [ 0.6454353, 51.802229699999984 ], [ 0.6453824, 51.8022424 ], [ 0.6453164, 51.802276899999988 ] ] } },
{ "type": "Feature", "properties": { "id": 46052, "nach": 0.56000124919405736 }, "geometry": { "type": "LineString", "coordinates": [ [ 0.651532, 51.808149899999989 ], [ 0.6516463, 51.8080816 ] ] } },
{ "type": "Feature", "properties": { "id": 64314, "nach": 0.44665835248560193 }, "geometry": { "type": "LineString", "coordinates": [ [ 0.6516981, 51.8081452 ], [ 0.6516463, 51.8080816 ] ] } },
{ "type": "Feature", "properties": { "id": 46046, "nach": 0.45274980694277361 }, "geometry": { "type": "LineString", "coordinates": [ [ 0.6513419, 51.8080038 ], [ 0.651532, 51.808149899999989 ] ] } },
{ "type": "Feature", "properties": { "id": 46053, "nach": 0.56850915548286973 }, "geometry": { "type": "LineString", "coordinates": [ [ 0.651532, 51.808149899999989 ], [ 0.6513768, 51.80823250000001 ], [ 0.6513312, 51.8082597 ] ] } },
{ "type": "Feature", "properties": { "id": 46054, "nach": 0.46469615010640059 }, "geometry": { "type": "LineString", "coordinates": [ [ 0.651532, 51.808149899999989 ], [ 0.6516673, 51.808253 ], [ 0.6517799, 51.8083127 ], [ 0.6518579, 51.8083471 ] ] } },
{ "type": "Feature", "properties": { "id": 18186, "nach": 0.56471540799074271 }, "geometry": { "type": "LineString", "coordinates": [ [ 0.6461293, 51.803054700000011 ], [ 0.6461857, 51.8028946 ], [ 0.6462272, 51.8025156 ], [ 0.6461722, 51.802431 ], [ 0.6461453, 51.80241310000001 ] ] } },
{ "type": "Feature", "properties": { "id": 18150, "nach": 0.5899542926854906 }, "geometry": { "type": "LineString", "coordinates": [ [ 0.644734, 51.8031964 ], [ 0.6460146, 51.8024807 ], [ 0.6461453, 51.80241310000001 ] ] } },
{ "type": "Feature", "properties": { "id": 18832, "nach": 0.62169246808916612 }, "geometry": { "type": "LineString", "coordinates": [ [ 0.6468932, 51.801979 ], [ 0.6462246, 51.8023844 ], [ 0.6461453, 51.80241310000001 ] ] } },
{ "type": "Feature", "properties": { "id": 18184, "nach": 0.46139442686681736 }, "geometry": { "type": "LineString", "coordinates": [ [ 0.6461293, 51.803054700000011 ], [ 0.6456787, 51.8029884 ] ] } },
{ "type": "Feature", "properties": { "id": 19016, "nach": 0.55589852623621416 }, "geometry": { "type": "LineString", "coordinates": [ [ 0.6464879, 51.803679 ], [ 0.6463627, 51.803656 ], [ 0.6462125, 51.8036029 ], [ 0.6461052, 51.803569700000011 ], [ 0.6460408, 51.8035565 ], [ 0.646018, 51.8033922 ], [ 0.6461293, 51.803054700000011 ] ] } },
{ "type": "Feature", "properties": { "id": 18199, "nach": 0.64657488673252639 }, "geometry": { "type": "LineString", "coordinates": [ [ 0.6447991, 51.8032441 ], [ 0.644734, 51.8031964 ] ] } },
{ "type": "Feature", "properties": { "id": 50115, "nach": 0.64486548568415114 }, "geometry": { "type": "LineString", "coordinates": [ [ 0.6444427, 51.802982299999989 ], [ 0.644734, 51.8031964 ] ] } },
{ "type": "Feature", "properties": { "id": 32601, "nach": 0.62052056563113733 }, "geometry": { "type": "LineString", "coordinates": [ [ 0.64781, 51.802046 ], [ 0.6472062, 51.8019825 ], [ 0.6470815, 51.8019609 ], [ 0.6468932, 51.801979 ] ] } },
{ "type": "Feature", "properties": { "id": 19018, "nach": 0.50920911725633711 }, "geometry": { "type": "LineString", "coordinates": [ [ 0.6464879, 51.803679 ], [ 0.6468875, 51.8019907 ], [ 0.6468932, 51.801979 ] ] } },
{ "type": "Feature", "properties": { "id": 64963, "nach": 0.68886429787695935 }, "geometry": { "type": "LineString", "coordinates": [ [ 0.6447991, 51.8032441 ], [ 0.646233523796562, 51.804260486879514 ] ] } },
{ "type": "Feature", "properties": { "id": 52774, "nach": 0.64200390506746052 }, "geometry": { "type": "LineString", "coordinates": [ [ 0.6443912, 51.802940800000016 ], [ 0.6444427, 51.802982299999989 ] ] } },
{ "type": "Feature", "properties": { "id": 50118, "nach": 0.46942731227428025 }, "geometry": { "type": "LineString", "coordinates": [ [ 0.6441758, 51.8029745 ], [ 0.6443023, 51.803059699999984 ], [ 0.6444427, 51.802982299999989 ] ] } },
{ "type": "Feature", "properties": { "id": 64958, "nach": 0.45028474339903257 }, "geometry": { "type": "LineString", "coordinates": [ [ 0.6456862, 51.8011826 ], [ 0.6456397, 51.8012078 ] ] } },
{ "type": "Feature", "properties": { "id": 52837, "nach": 0.39463071250958548 }, "geometry": { "type": "LineString", "coordinates": [ [ 0.6458985, 51.799373100000011 ], [ 0.6456117, 51.7989602 ], [ 0.6459402, 51.7988707 ] ] } },
{ "type": "Feature", "properties": { "id": 52839, "nach": 0.40218573635019783 }, "geometry": { "type": "LineString", "coordinates": [ [ 0.6453825, 51.7996123 ], [ 0.6455002, 51.7994917 ], [ 0.6458985, 51.799373100000011 ] ] } },
{ "type": "Feature", "properties": { "id": 18203, "nach": 0.44287755730501643 }, "geometry": { "type": "LineString", "coordinates": [ [ 0.6422147, 51.8044188 ], [ 0.6424185, 51.8045548 ], [ 0.6426331, 51.8045647 ], [ 0.6427484, 51.8045299 ] ] } },
{ "type": "Feature", "properties": { "id": 42040, "nach": 0.58339136849617002 }, "geometry": { "type": "LineString", "coordinates": [ [ 0.6416346, 51.804713 ], [ 0.6417882, 51.8046958 ], [ 0.6422147, 51.8044188 ] ] } },
{ "type": "Feature", "properties": { "id": 40336, "nach": 0.58178405624682206 }, "geometry": { "type": "LineString", "coordinates": [ [ 0.643851, 51.803612200000011 ], [ 0.6430595, 51.803903 ], [ 0.6427565, 51.8040589 ], [ 0.6422147, 51.8044188 ] ] } },
{ "type": "Feature", "properties": { "id": 42044, "nach": 0.58642401661149834 }, "geometry": { "type": "LineString", "coordinates": [ [ 0.6414275, 51.8053438 ], [ 0.641447, 51.805192300000016 ], [ 0.6416571, 51.8048573 ], [ 0.6416346, 51.804713 ] ] } },
{ "type": "Feature", "properties": { "id": 43032, "nach": 0.44154977892565944 }, "geometry": { "type": "LineString", "coordinates": [ [ 0.638549, 51.8004337 ], [ 0.6383368, 51.80045650000001 ] ] } },
{ "type": "Feature", "properties": { "id": 46039, "nach": 0.53850810507070557 }, "geometry": { "type": "LineString", "coordinates": [ [ 0.65333780441218, 51.808242547726437 ], [ 0.6521599, 51.808021500000017 ] ] } },
{ "type": "Feature", "properties": { "id": 41931, "nach": 0.54246016447641665 }, "geometry": { "type": "LineString", "coordinates": [ [ 0.6387546, 51.8005138 ], [ 0.6387262, 51.8004801 ] ] } },
{ "type": "Feature", "properties": { "id": 41935, "nach": 0.0 }, "geometry": { "type": "LineString", "coordinates": [ [ 0.6394621, 51.8005304 ], [ 0.6392757, 51.80032 ], [ 0.6391578, 51.8003617 ], [ 0.6390533, 51.8004067 ], [ 0.6387546, 51.8005138 ] ] } },
{ "type": "Feature", "properties": { "id": 42025, "nach": 0.51283233686776364 }, "geometry": { "type": "LineString", "coordinates": [ [ 0.6394165, 51.8005467 ], [ 0.6394621, 51.8005304 ] ] } },
{ "type": "Feature", "properties": { "id": 42027, "nach": 0.0 }, "geometry": { "type": "LineString", "coordinates": [ [ 0.6394165, 51.8005467 ], [ 0.6396478, 51.8007923 ], [ 0.6398101, 51.8007139 ], [ 0.6396458, 51.8005389 ], [ 0.6395963, 51.8004827 ] ] } },
{ "type": "Feature", "properties": { "id": 64962, "nach": 0.6185422428170434 }, "geometry": { "type": "LineString", "coordinates": [ [ 0.6462599, 51.8042795 ], [ 0.6463519, 51.8043459 ], [ 0.6470643, 51.8048839 ] ] } },
{ "type": "Feature", "properties": { "id": 64965, "nach": 0.59351725523900645 }, "geometry": { "type": "LineString", "coordinates": [ [ 0.6464102, 51.8042 ], [ 0.6462599, 51.8042795 ] ] } },
{ "type": "Feature", "properties": { "id": 64963, "nach": 0.68886429787695935 }, "geometry": { "type": "LineString", "coordinates": [ [ 0.646233523796562, 51.804260486879514 ], [ 0.6462599, 51.8042795 ] ] } },
{ "type": "Feature", "properties": { "id": 56981, "nach": 0.59516862846222784 }, "geometry": { "type": "LineString", "coordinates": [ [ 0.6439611, 51.8035686 ], [ 0.643851, 51.803612200000011 ] ] } },
{ "type": "Feature", "properties": { "id": 40338, "nach": 0.44949038726242885 }, "geometry": { "type": "LineString", "coordinates": [ [ 0.6444824, 51.804082200000011 ], [ 0.644039, 51.803758199999983 ], [ 0.643851, 51.803612200000011 ] ] } },
{ "type": "Feature", "properties": { "id": 56984, "nach": 0.44849021202709105 }, "geometry": { "type": "LineString", "coordinates": [ [ 0.6446854, 51.8041112 ], [ 0.6443007, 51.8038295 ], [ 0.6440968, 51.8036801 ], [ 0.6439611, 51.8035686 ] ] } },
{ "type": "Feature", "properties": { "id": 46047, "nach": 0.57639088783591264 }, "geometry": { "type": "LineString", "coordinates": [ [ 0.6513419, 51.8080038 ], [ 0.6513549, 51.8080756 ], [ 0.6513564, 51.8081537 ], [ 0.6513312, 51.8082597 ] ] } },
{ "type": "Feature", "properties": { "id": 57274, "nach": 0.42835108684747736 }, "geometry": { "type": "LineString", "coordinates": [ [ 0.635954, 51.8073309 ], [ 0.6362911, 51.8074264 ], [ 0.6363315, 51.807428 ], [ 0.6363684, 51.807419899999985 ], [ 0.6364158, 51.8073949 ], [ 0.636421, 51.8073358 ], [ 0.6364409, 51.8072813 ], [ 0.6364548, 51.8072314 ], [ 0.6364474, 51.8071598 ], [ 0.6364661, 51.807116 ], [ 0.6365309, 51.8070406 ], [ 0.6365907, 51.8069866 ] ] } },
{ "type": "Feature", "properties": { "id": 54733, "nach": 0.62868741141450846 }, "geometry": { "type": "LineString", "coordinates": [ [ 0.6415731, 51.7988061 ], [ 0.6413155, 51.7990505 ] ] } },
{ "type": "Feature", "properties": { "id": 54736, "nach": 0.44018579000185315 }, "geometry": { "type": "LineString", "coordinates": [ [ 0.6403156, 51.79831320000001 ], [ 0.6415731, 51.7988061 ] ] } },
{ "type": "Feature", "properties": { "id": 18763, "nach": 0.63489801856468975 }, "geometry": { "type": "LineString", "coordinates": [ [ 0.638125, 51.798268 ], [ 0.6382989, 51.7983971 ] ] } },
{ "type": "Feature", "properties": { "id": 57294, "nach": 0.5146326872650876 }, "geometry": { "type": "LineString", "coordinates": [ [ 0.6372168, 51.7990076 ], [ 0.6372045, 51.7988701 ], [ 0.6382989, 51.7983971 ] ] } },
{ "type": "Feature", "properties": { "id": 18768, "nach": 0.61071356723389358 }, "geometry": { "type": "LineString", "coordinates": [ [ 0.6388652, 51.7978111 ], [ 0.638125, 51.798268 ] ] } },
{ "type": "Feature", "properties": { "id": 40784, "nach": 0.64904040965009657 }, "geometry": { "type": "LineString", "coordinates": [ [ 0.6378999, 51.7981081 ], [ 0.638025, 51.7981958 ], [ 0.638125, 51.798268 ] ] } },
{ "type": "Feature", "properties": { "id": 57700, "nach": 0.45944675848801153 }, "geometry": { "type": "LineString", "coordinates": [ [ 0.6375638, 51.798495 ], [ 0.6380264, 51.7983216 ], [ 0.638125, 51.798268 ] ] } },
{ "type": "Feature", "properties": { "id": 57293, "nach": 0.43817894561217463 }, "geometry": { "type": "LineString", "coordinates": [ [ 0.6372168, 51.7990076 ], [ 0.6372448, 51.7993213 ] ] } },
{ "type": "Feature", "properties": { "id": 57295, "nach": 0.4362407977187277 }, "geometry": { "type": "LineString", "coordinates": [ [ 0.6372168, 51.7990076 ], [ 0.6370411, 51.7990256 ], [ 0.6369403, 51.7990347 ], [ 0.6367194, 51.7990488 ], [ 0.6366816, 51.7990529 ], [ 0.6366416, 51.7990619 ], [ 0.6366066, 51.7990751 ], [ 0.6365726, 51.7991035 ] ] } },
{ "type": "Feature", "properties": { "id": 52752, "nach": 0.60723239564207743 }, "geometry": { "type": "LineString", "coordinates": [ [ 0.6390548, 51.7977032 ], [ 0.6388652, 51.7978111 ] ] } },
{ "type": "Feature", "properties": { "id": 18770, "nach": 0.44486907868469205 }, "geometry": { "type": "LineString", "coordinates": [ [ 0.639267, 51.798509599999988 ], [ 0.6396022, 51.7983044 ], [ 0.6392943, 51.7980983 ], [ 0.6388652, 51.7978111 ] ] } },
{ "type": "Feature", "properties": { "id": 40786, "nach": 0.45825115043611075 }, "geometry": { "type": "LineString", "coordinates": [ [ 0.6372132, 51.7982607 ], [ 0.6374191, 51.79817220000001 ], [ 0.6374426, 51.7981928 ], [ 0.6374556, 51.7981984 ], [ 0.6375132, 51.7982231 ], [ 0.6375819, 51.798225600000016 ], [ 0.6378999, 51.7981081 ] ] } },
{ "type": "Feature", "properties": { "id": 52755, "nach": 0.45646603442394873 }, "geometry": { "type": "LineString", "coordinates": [ [ 0.6393833, 51.7979131 ], [ 0.6390548, 51.7977032 ] ] } },
{ "type": "Feature", "properties": { "id": 64966, "nach": 0.56951073383224149 }, "geometry": { "type": "LineString", "coordinates": [ [ 0.6464102, 51.8042 ], [ 0.6471203, 51.8047902 ], [ 0.6470643, 51.8048839 ] ] } },
{ "type": "Feature", "properties": { "id": 32599, "nach": 0.61324732491020473 }, "geometry": { "type": "LineString", "coordinates": [ [ 0.64781, 51.802046 ], [ 0.648068, 51.8020731 ] ] } },
{ "type": "Feature", "properties": { "id": 32602, "nach": 0.44410899992836972 }, "geometry": { "type": "LineString", "coordinates": [ [ 0.64785, 51.8014462 ], [ 0.64781, 51.802046 ] ] } },
{ "type": "Feature", "properties": { "id": 41980, "nach": 0.53459058869571408 }, "geometry": { "type": "LineString", "coordinates": [ [ 0.6455975, 51.794321500000017 ], [ 0.6454321, 51.7943582 ], [ 0.6446449, 51.7945578 ], [ 0.6445665, 51.7945719 ], [ 0.6444907, 51.7945743 ], [ 0.6443955, 51.79457 ], [ 0.6441061, 51.7945423 ] ] } },
{ "type": "Feature", "properties": { "id": 18968, "nach": 0.2978855241326287 }, "geometry": { "type": "LineString", "coordinates": [ [ 0.6511861, 51.7930622 ], [ 0.651373, 51.7935699 ], [ 0.6516014, 51.7940193 ], [ 0.6518766, 51.7943241 ] ] } },
{ "type": "Feature", "properties": { "id": 18971, "nach": 0.31046054010702651 }, "geometry": { "type": "LineString", "coordinates": [ [ 0.6516908, 51.7930954 ], [ 0.6514763, 51.7931137 ], [ 0.6511861, 51.7930622 ] ] } },
{ "type": "Feature", "properties": { "id": 18974, "nach": 0.2906097219369313 }, "geometry": { "type": "LineString", "coordinates": [ [ 0.6514753, 51.7923933 ], [ 0.6517874, 51.7924635 ], [ 0.6529354, 51.7927799 ], [ 0.6539117, 51.7931565 ], [ 0.6541638, 51.7933099 ] ] } },
{ "type": "Feature", "properties": { "id": 18975, "nach": 0.2564211639589955 }, "geometry": { "type": "LineString", "coordinates": [ [ 0.6514753, 51.7923933 ], [ 0.6517654, 51.7925829 ], [ 0.6517981, 51.7928413 ], [ 0.6517659, 51.79297050000001 ], [ 0.6516908, 51.7930954 ] ] } },
{ "type": "Feature", "properties": { "id": 19033, "nach": 0.24617702702915309 }, "geometry": { "type": "LineString", "coordinates": [ [ 0.6555032, 51.7919458 ], [ 0.6554084, 51.7919816 ], [ 0.6552904, 51.792028 ], [ 0.6549363, 51.7921276 ], [ 0.6543516, 51.7922503 ], [ 0.6540351, 51.792300099999984 ], [ 0.6536381, 51.7923001 ], [ 0.6528013, 51.7923001 ], [ 0.6523078, 51.7923134 ], [ 0.6517177, 51.7923963 ], [ 0.6514753, 51.7923933 ] ] } },
{ "type": "Feature", "properties": { "id": 31179, "nach": 0.33145865854773932 }, "geometry": { "type": "LineString", "coordinates": [ [ 0.6509518, 51.7923214 ], [ 0.6512334, 51.7923529 ], [ 0.6514753, 51.7923933 ] ] } },
{ "type": "Feature", "properties": { "id": 18949, "nach": 0.26783088281612888 }, "geometry": { "type": "LineString", "coordinates": [ [ 0.6521064, 51.7943015 ], [ 0.6518766, 51.7943241 ] ] } },
{ "type": "Feature", "properties": { "id": 18956, "nach": 0.0 }, "geometry": { "type": "LineString", "coordinates": [ [ 0.6546413, 51.7942085 ], [ 0.6545863, 51.7944199 ], [ 0.6542116, 51.7948374 ], [ 0.6537776, 51.7952155 ], [ 0.6532865, 51.7954265 ], [ 0.6529754, 51.7954892 ], [ 0.6525652, 51.7954952 ], [ 0.6522414, 51.79533940000001 ], [ 0.6520805, 51.7949147 ], [ 0.6518873, 51.7944436 ], [ 0.6518766, 51.7943241 ] ] } },
{ "type": "Feature", "properties": { "id": 18953, "nach": 0.1746509384034676 }, "geometry": { "type": "LineString", "coordinates": [ [ 0.6541617, 51.7940541 ], [ 0.6538522, 51.7941148 ], [ 0.6532889, 51.7941004 ], [ 0.6521064, 51.7943015 ] ] } },
{ "type": "Feature", "properties": { "id": 18979, "nach": 0.14961204895858968 }, "geometry": { "type": "LineString", "coordinates": [ [ 0.6533061, 51.7935589 ], [ 0.6528315, 51.7939459 ], [ 0.6522843, 51.794145 ], [ 0.6521064, 51.7943015 ] ] } },
{ "type": "Feature", "properties": { "id": 18958, "nach": 0.27034556821051897 }, "geometry": { "type": "LineString", "coordinates": [ [ 0.6546413, 51.7942085 ], [ 0.6542583, 51.7941127 ], [ 0.6541617, 51.7940541 ] ] } },
{ "type": "Feature", "properties": { "id": 19031, "nach": 0.17472482689537777 }, "geometry": { "type": "LineString", "coordinates": [ [ 0.6555032, 51.7919458 ], [ 0.6555205, 51.7919947 ], [ 0.6554454, 51.7922163 ], [ 0.6556973, 51.7924595 ], [ 0.6554481, 51.7928257 ], [ 0.6553703, 51.793150500000017 ], [ 0.6553167, 51.793305899999986 ], [ 0.6551667, 51.793512300000017 ], [ 0.6551828, 51.793790199999982 ], [ 0.6547134, 51.7940599 ], [ 0.6546759, 51.794116799999983 ], [ 0.6546413, 51.7942085 ] ] } },
{ "type": "Feature", "properties": { "id": 18965, "nach": 0.25296635919256405 }, "geometry": { "type": "LineString", "coordinates": [ [ 0.6541638, 51.7933099 ], [ 0.6543087, 51.7933995 ], [ 0.6543891, 51.7935843 ], [ 0.6542477, 51.7939923 ], [ 0.6541617, 51.7940541 ] ] } },
{ "type": "Feature", "properties": { "id": 18980, "nach": 0.25610662355527541 }, "geometry": { "type": "LineString", "coordinates": [ [ 0.6533061, 51.7935589 ], [ 0.6537111, 51.7939139 ], [ 0.6538829, 51.7941051 ], [ 0.6541617, 51.7940541 ] ] } },
{ "type": "Feature", "properties": { "id": 18978, "nach": 0.16334322245175822 }, "geometry": { "type": "LineString", "coordinates": [ [ 0.6533061, 51.7935589 ], [ 0.6538366, 51.793358499999989 ], [ 0.6541638, 51.7933099 ] ] } },
{ "type": "Feature", "properties": { "id": 18981, "nach": 0.29934730856075298 }, "geometry": { "type": "LineString", "coordinates": [ [ 0.6533061, 51.7935589 ], [ 0.6529783, 51.793461699999988 ], [ 0.6526135, 51.793336299999986 ], [ 0.6523131, 51.7931448 ], [ 0.652002, 51.7930854 ], [ 0.6516908, 51.7930954 ] ] } },
{ "type": "Feature", "properties": { "id": 31181, "nach": 0.0 }, "geometry": { "type": "LineString", "coordinates": [ [ 0.6509177, 51.7921453 ], [ 0.6516451, 51.7919856 ], [ 0.6531256, 51.7917069 ], [ 0.6539947, 51.791700200000015 ], [ 0.6548422, 51.791662 ], [ 0.655208, 51.79156480000001 ], [ 0.6553177, 51.7916098 ], [ 0.6554538, 51.7918064 ], [ 0.6555032, 51.7919458 ] ] } },
{ "type": "Feature", "properties": { "id": 31182, "nach": 0.19323757055517762 }, "geometry": { "type": "LineString", "coordinates": [ [ 0.6509177, 51.7921453 ], [ 0.6508713, 51.7921754 ], [ 0.6508525, 51.7922103 ], [ 0.6508659, 51.7922534 ], [ 0.6509518, 51.7923214 ] ] } },
{ "type": "Feature", "properties": { "id": 32627, "nach": 0.59366157279305631 }, "geometry": { "type": "LineString", "coordinates": [ [ 0.6486704, 51.8023299 ], [ 0.648724, 51.8021454 ] ] } },
{ "type": "Feature", "properties": { "id": 32595, "nach": 0.60582648432673603 }, "geometry": { "type": "LineString", "coordinates": [ [ 0.648068, 51.8020731 ], [ 0.648724, 51.8021454 ] ] } },
{ "type": "Feature", "properties": { "id": 32560, "nach": 0.60017164811202539 }, "geometry": { "type": "LineString", "coordinates": [ [ 0.6492456, 51.8017 ], [ 0.6490037, 51.801788 ], [ 0.6488433, 51.8019295 ], [ 0.648724, 51.8021454 ] ] } },
{ "type": "Feature", "properties": { "id": 32629, "nach": 0.42801924946933406 }, "geometry": { "type": "LineString", "coordinates": [ [ 0.6472696, 51.8021653 ], [ 0.6486704, 51.8023299 ] ] } },
{ "type": "Feature", "properties": { "id": 32598, "nach": 0.4453213169722216 }, "geometry": { "type": "LineString", "coordinates": [ [ 0.6480494, 51.8016865 ], [ 0.648068, 51.8020731 ] ] } },
{ "type": "Feature", "properties": { "id": 32561, "nach": 0.58772428934751586 }, "geometry": { "type": "LineString", "coordinates": [ [ 0.6492456, 51.8017 ], [ 0.6493685, 51.8016553 ], [ 0.650168, 51.8016141 ] ] } },
{ "type": "Feature", "properties": { "id": 32563, "nach": 0.5008203264464367 }, "geometry": { "type": "LineString", "coordinates": [ [ 0.6491694, 51.8015889 ], [ 0.6492456, 51.8017 ] ] } },
{ "type": "Feature", "properties": { "id": 19073, "nach": 0.33134167352235611 }, "geometry": { "type": "LineString", "coordinates": [ [ 0.6504839, 51.791958299999983 ], [ 0.6504785, 51.7918272 ], [ 0.6505755, 51.7911739 ], [ 0.6506229, 51.7907022 ] ] } },
{ "type": "Feature", "properties": { "id": 31176, "nach": 0.0 }, "geometry": { "type": "LineString", "coordinates": [ [ 0.6522811, 51.79009940000001 ], [ 0.6522862, 51.7901831 ], [ 0.6523666, 51.7902561 ], [ 0.6525115, 51.7904651 ], [ 0.6526241, 51.7908932 ], [ 0.6526778, 51.7911785 ], [ 0.6524994, 51.791389 ], [ 0.650595, 51.7918569 ], [ 0.6504839, 51.791958299999983 ] ] } },
{ "type": "Feature", "properties": { "id": 70450, "nach": 0.55053697222111608 }, "geometry": { "type": "LineString", "coordinates": [ [ 0.6407393, 51.8082711 ], [ 0.6407288, 51.8082662 ], [ 0.6406758, 51.808247300000012 ] ] } },
{ "type": "Feature", "properties": { "id": 32797, "nach": 0.0 }, "geometry": { "type": "LineString", "coordinates": [ [ 0.6406758, 51.808247300000012 ], [ 0.6406976, 51.808370200000013 ], [ 0.6407094, 51.8083995 ], [ 0.6407466, 51.808423500000018 ], [ 0.6409472, 51.80851650000001 ], [ 0.6409983, 51.8085322 ], [ 0.6410524, 51.8085301 ], [ 0.6412045, 51.8084954 ] ] } },
{ "type": "Feature", "properties": { "id": 70437, "nach": 0.42797753381369386 }, "geometry": { "type": "LineString", "coordinates": [ [ 0.6406812, 51.8079828 ], [ 0.6408291, 51.8078463 ] ] } },
{ "type": "Feature", "properties": { "id": 70439, "nach": 0.42565625463598672 }, "geometry": { "type": "LineString", "coordinates": [ [ 0.6406812, 51.8079828 ], [ 0.6405156, 51.8079035 ], [ 0.6406522, 51.807769 ] ] } },
{ "type": "Feature", "properties": { "id": 20087, "nach": 0.41256523661406169 }, "geometry": { "type": "LineString", "coordinates": [ [ 0.6381101, 51.808131 ], [ 0.6380479, 51.8081575 ], [ 0.6379808, 51.8081732 ] ] } },
{ "type": "Feature", "properties": { "id": 20085, "nach": 0.55423615149423167 }, "geometry": { "type": "LineString", "coordinates": [ [ 0.6381101, 51.808131 ], [ 0.6381598, 51.8081647 ], [ 0.638247, 51.8081948 ] ] } },
{ "type": "Feature", "properties": { "id": 20102, "nach": 0.42773075214378797 }, "geometry": { "type": "LineString", "coordinates": [ [ 0.6382055, 51.8080592 ], [ 0.638188, 51.8080828 ], [ 0.6381532, 51.8081052 ], [ 0.6381101, 51.808131 ] ] } },
{ "type": "Feature", "properties": { "id": 57271, "nach": 0.59028209615700589 }, "geometry": { "type": "LineString", "coordinates": [ [ 0.6349841, 51.8066392 ], [ 0.6348859, 51.8066762 ], [ 0.6347436, 51.8067202 ], [ 0.6346985, 51.8067338 ] ] } },
{ "type": "Feature", "properties": { "id": 57273, "nach": 0.44475349642003476 }, "geometry": { "type": "LineString", "coordinates": [ [ 0.6345993, 51.806457 ], [ 0.6346854, 51.806477 ], [ 0.6347451, 51.8064944 ], [ 0.6347914, 51.8065148 ], [ 0.6348412, 51.806539500000014 ], [ 0.6348797, 51.8065664 ], [ 0.6349841, 51.8066392 ] ] } },
{ "type": "Feature", "properties": { "id": 22314, "nach": 0.55409107486380671 }, "geometry": { "type": "LineString", "coordinates": [ [ 0.6351744, 51.8075914 ], [ 0.6351797, 51.8075352 ], [ 0.6352014, 51.8073652 ], [ 0.6352288, 51.8072399 ], [ 0.6352744, 51.807089 ], [ 0.6353388, 51.8069132 ], [ 0.6353925, 51.8067482 ], [ 0.6354635, 51.8065657 ], [ 0.6354823, 51.806513500000015 ], [ 0.6355072, 51.8064421 ] ] } },
{ "type": "Feature", "properties": { "id": 20012, "nach": 0.52669392665088266 }, "geometry": { "type": "LineString", "coordinates": [ [ 0.6385665, 51.8080614 ], [ 0.6385448, 51.8080563 ], [ 0.6385275, 51.8080533 ], [ 0.6384887, 51.8080498 ], [ 0.6384558, 51.80805 ], [ 0.6384249, 51.8080529 ], [ 0.6383974, 51.8080579 ] ] } },
{ "type": "Feature", "properties": { "id": 20022, "nach": 0.5905160967823001 }, "geometry": { "type": "LineString", "coordinates": [ [ 0.6383974, 51.8080579 ], [ 0.6383578, 51.8080695 ], [ 0.6383445, 51.8080748 ], [ 0.6383208, 51.80808660000001 ] ] } },
{ "type": "Feature", "properties": { "id": 20016, "nach": 0.59133710370591386 }, "geometry": { "type": "LineString", "coordinates": [ [ 0.6386317, 51.8082928 ], [ 0.6387352, 51.8082387 ], [ 0.6387983, 51.8082055 ], [ 0.6389203, 51.8081479 ], [ 0.6391543, 51.8080791 ] ] } },
{ "type": "Feature", "properties": { "id": 20032, "nach": 0.53987663621145909 }, "geometry": { "type": "LineString", "coordinates": [ [ 0.6383208, 51.80808660000001 ], [ 0.6382055, 51.8080592 ] ] } },
{ "type": "Feature", "properties": { "id": 20033, "nach": 0.55452460727273301 }, "geometry": { "type": "LineString", "coordinates": [ [ 0.6383208, 51.80808660000001 ], [ 0.6383049, 51.8080965 ], [ 0.6382908, 51.8081073 ], [ 0.6382809, 51.8081164 ], [ 0.6382664, 51.8081334 ], [ 0.6382524, 51.8081596 ], [ 0.638248, 51.8081766 ], [ 0.638247, 51.8081948 ] ] } },
{ "type": "Feature", "properties": { "id": 45153, "nach": 0.46884794704327598 }, "geometry": { "type": "LineString", "coordinates": [ [ 0.6355394, 51.7960528 ], [ 0.635294, 51.7961903 ] ] } },
{ "type": "Feature", "properties": { "id": 20104, "nach": 0.51312928949596859 }, "geometry": { "type": "LineString", "coordinates": [ [ 0.638231, 51.808919100000011 ], [ 0.6382213, 51.80883810000001 ], [ 0.6381906, 51.8087485 ], [ 0.6381385, 51.8084835 ], [ 0.6380626, 51.8083264 ], [ 0.6379808, 51.8081732 ] ] } },
{ "type": "Feature", "properties": { "id": 32771, "nach": 0.57476022459421461 }, "geometry": { "type": "LineString", "coordinates": [ [ 0.6389094, 51.80882110000001 ], [ 0.6388507, 51.8088465 ], [ 0.6387835, 51.80887 ], [ 0.6387076, 51.808866 ], [ 0.6386592, 51.8088544 ] ] } },
{ "type": "Feature", "properties": { "id": 32767, "nach": 0.50087197695537011 }, "geometry": { "type": "LineString", "coordinates": [ [ 0.6386525, 51.8086347 ], [ 0.6386302, 51.8087736 ], [ 0.6386305, 51.8087949 ], [ 0.6386311, 51.8088335 ], [ 0.6386592, 51.8088544 ] ] } },
{ "type": "Feature", "properties": { "id": 32748, "nach": 0.56657532600752047 }, "geometry": { "type": "LineString", "coordinates": [ [ 0.6394361, 51.8085605 ], [ 0.6395516, 51.80850190000001 ] ] } },
{ "type": "Feature", "properties": { "id": 32729, "nach": 0.54501888329240755 }, "geometry": { "type": "LineString", "coordinates": [ [ 0.639693, 51.8084351 ], [ 0.6396255, 51.808456 ], [ 0.6395516, 51.80850190000001 ] ] } },
{ "type": "Feature", "properties": { "id": 32722, "nach": 0.43726757540596783 }, "geometry": { "type": "LineString", "coordinates": [ [ 0.6396002, 51.808537300000012 ], [ 0.6395745, 51.8085184 ], [ 0.6395516, 51.80850190000001 ] ] } },
{ "type": "Feature", "properties": { "id": 32754, "nach": 0.56424481523520287 }, "geometry": { "type": "LineString", "coordinates": [ [ 0.6392539, 51.8086507 ], [ 0.6394361, 51.8085605 ] ] } },
{ "type": "Feature", "properties": { "id": 32757, "nach": 0.13253645360220517 }, "geometry": { "type": "LineString", "coordinates": [ [ 0.6390835, 51.8082961 ], [ 0.6394361, 51.8085605 ] ] } },
{ "type": "Feature", "properties": { "id": 32734, "nach": 0.53739418981021236 }, "geometry": { "type": "LineString", "coordinates": [ [ 0.63984, 51.8085542 ], [ 0.639693, 51.8084351 ] ] } },
{ "type": "Feature", "properties": { "id": 32739, "nach": 0.49175758435793632 }, "geometry": { "type": "LineString", "coordinates": [ [ 0.6401226, 51.8082206 ], [ 0.639693, 51.8084351 ] ] } },
{ "type": "Feature", "properties": { "id": 32758, "nach": 0.50850346679395531 }, "geometry": { "type": "LineString", "coordinates": [ [ 0.6390835, 51.8082961 ], [ 0.6389893, 51.8083379 ], [ 0.6389178, 51.8083756 ] ] } },
{ "type": "Feature", "properties": { "id": 62013, "nach": 0.5392198521603907 }, "geometry": { "type": "LineString", "coordinates": [ [ 0.6403387, 51.8073987 ], [ 0.6402905, 51.8073778 ], [ 0.6401607, 51.8073265 ], [ 0.6403421, 51.8072175 ] ] } },
{ "type": "Feature", "properties": { "id": 62012, "nach": 0.42511746986750731 }, "geometry": { "type": "LineString", "coordinates": [ [ 0.6403387, 51.8073987 ], [ 0.641504, 51.8079056 ], [ 0.6415231, 51.8077595 ], [ 0.6415116, 51.8077201 ] ] } },
{ "type": "Feature", "properties": { "id": 21537, "nach": 0.39278674235471267 }, "geometry": { "type": "LineString", "coordinates": [ [ 0.649688714618175, 51.792458269385101 ], [ 0.6519003, 51.7992217 ] ] } },
{ "type": "Feature", "properties": { "id": 21587, "nach": 0.44282611346120804 }, "geometry": { "type": "LineString", "coordinates": [ [ 0.6387559, 51.7866758 ], [ 0.649864274761841, 51.792402127127886 ] ] } },
{ "type": "Feature", "properties": { "id": 69050, "nach": 0.39271838247045954 }, "geometry": { "type": "LineString", "coordinates": [ [ 0.6524271, 51.8022571 ], [ 0.6523848, 51.8019473 ], [ 0.6523034, 51.8013378 ] ] } },
{ "type": "Feature", "properties": { "id": 69052, "nach": 0.075167971534304032 }, "geometry": { "type": "LineString", "coordinates": [ [ 0.6525221, 51.8022537 ], [ 0.6524738, 51.8018796 ], [ 0.6523034, 51.8013378 ] ] } },
{ "type": "Feature", "properties": { "id": 21587, "nach": 0.44282611346120804 }, "geometry": { "type": "LineString", "coordinates": [ [ 0.642797231549865, 51.788329881869153 ], [ 0.6523034, 51.8013378 ] ] } },
{ "type": "Feature", "properties": { "id": 69051, "nach": 0.40807331412383485 }, "geometry": { "type": "LineString", "coordinates": [ [ 0.6525221, 51.8022537 ], [ 0.6524271, 51.8022571 ] ] } },
{ "type": "Feature", "properties": { "id": 69053, "nach": 0.0 }, "geometry": { "type": "LineString", "coordinates": [ [ 0.6525221, 51.8022537 ], [ 0.6526662, 51.8022484 ], [ 0.6534273, 51.801973 ], [ 0.6535802, 51.80184 ], [ 0.6544862, 51.8020045 ], [ 0.6549251, 51.8019888 ], [ 0.6554687, 51.8018837 ], [ 0.6563919, 51.80161360000001 ], [ 0.6564435, 51.8016323 ], [ 0.6571557, 51.8019791 ], [ 0.6571679, 51.802142 ], [ 0.6571756, 51.802282200000029 ], [ 0.6571771, 51.8024613 ], [ 0.6571235, 51.8028184 ], [ 0.6570684, 51.803169 ], [ 0.6570576, 51.8033366 ], [ 0.6570867, 51.8033982 ], [ 0.6571465, 51.8034854 ], [ 0.657338, 51.8036114 ], [ 0.6577823, 51.8038605 ], [ 0.6584441, 51.80423 ], [ 0.6586662, 51.804360699999989 ], [ 0.6586831, 51.8043957 ], [ 0.65868, 51.8044308 ], [ 0.6586632, 51.8044611 ], [ 0.6581622, 51.8048874 ], [ 0.6580596, 51.804967 ], [ 0.6580259, 51.8050333 ], [ 0.6579661, 51.8051176 ], [ 0.6579508, 51.8051583 ], [ 0.6578819, 51.8052095 ], [ 0.6575034, 51.8054463 ], [ 0.6574048, 51.8055406 ] ] } },
{ "type": "Feature", "properties": { "id": 46051, "nach": 0.3902317580296914 }, "geometry": { "type": "LineString", "coordinates": [ [ 0.6518579, 51.8083471 ], [ 0.6517723, 51.8082231 ], [ 0.6517093, 51.8081589 ], [ 0.6516981, 51.8081452 ] ] } },
{ "type": "Feature", "properties": { "id": 30414, "nach": 0.28223496353515148 }, "geometry": { "type": "LineString", "coordinates": [ [ 0.6496654, 51.7946738 ], [ 0.6500927, 51.7951202 ], [ 0.6503716, 51.79531930000001 ] ] } },
{ "type": "Feature", "properties": { "id": 30416, "nach": 0.34213418898050368 }, "geometry": { "type": "LineString", "coordinates": [ [ 0.6490735, 51.7938064 ], [ 0.6496654, 51.7946738 ] ] } },
{ "type": "Feature", "properties": { "id": 30427, "nach": 0.14753388626608244 }, "geometry": { "type": "LineString", "coordinates": [ [ 0.6478713, 51.7950927 ], [ 0.6483096, 51.7954264 ], [ 0.6485797, 51.795405500000015 ], [ 0.6489552, 51.7952795 ], [ 0.6489337, 51.7951733 ], [ 0.6487728, 51.79488460000001 ], [ 0.6495917, 51.7946833 ], [ 0.6496654, 51.7946738 ] ] } },
{ "type": "Feature", "properties": { "id": 30424, "nach": 0.4018502731333749 }, "geometry": { "type": "LineString", "coordinates": [ [ 0.6475336, 51.7946059 ], [ 0.6476766, 51.7945572 ], [ 0.6477431, 51.7944235 ], [ 0.6475821, 51.7941182 ], [ 0.6477645, 51.7940519 ], [ 0.6481615, 51.7940054 ], [ 0.6490735, 51.7938064 ] ] } },
{ "type": "Feature", "properties": { "id": 30432, "nach": 0.31632709493482042 }, "geometry": { "type": "LineString", "coordinates": [ [ 0.6502531, 51.7938429 ], [ 0.6500331, 51.7936803 ], [ 0.6497856, 51.7936017 ], [ 0.6491641, 51.79375 ], [ 0.6490735, 51.7938064 ] ] } },
{ "type": "Feature", "properties": { "id": 30429, "nach": 0.33427447318743542 }, "geometry": { "type": "LineString", "coordinates": [ [ 0.6476033, 51.7948354 ], [ 0.6478072, 51.7947851 ], [ 0.6479306, 51.79478180000001 ], [ 0.6480432, 51.7948083 ], [ 0.6481022, 51.7948747 ], [ 0.6481612, 51.7949676 ], [ 0.6481237, 51.795024 ], [ 0.6479262, 51.7950777 ], [ 0.6478713, 51.7950927 ] ] } },
{ "type": "Feature", "properties": { "id": 30430, "nach": 0.3840289142194529 }, "geometry": { "type": "LineString", "coordinates": [ [ 0.6476033, 51.7948354 ], [ 0.6475336, 51.7947088 ], [ 0.6475336, 51.7946059 ] ] } },
{ "type": "Feature", "properties": { "id": 32186, "nach": 0.52081503632370418 }, "geometry": { "type": "LineString", "coordinates": [ [ 0.6472383, 51.7955919 ], [ 0.6472991, 51.7956222 ], [ 0.6474428, 51.7956588 ], [ 0.6478128, 51.7957487 ], [ 0.647926, 51.7958093 ], [ 0.6479688, 51.7960467 ], [ 0.6479936, 51.7961844 ] ] } },
{ "type": "Feature", "properties": { "id": 32188, "nach": 0.36963698020766711 }, "geometry": { "type": "LineString", "coordinates": [ [ 0.6464235, 51.7957731 ], [ 0.6471504, 51.7956371 ], [ 0.6472383, 51.7955919 ] ] } },
{ "type": "Feature", "properties": { "id": 31271, "nach": 0.49717729268026573 }, "geometry": { "type": "LineString", "coordinates": [ [ 0.6470713, 51.810368100000012 ], [ 0.6472784, 51.8101966 ] ] } },
{ "type": "Feature", "properties": { "id": 31273, "nach": 0.50790012094610171 }, "geometry": { "type": "LineString", "coordinates": [ [ 0.6470713, 51.810368100000012 ], [ 0.6478371, 51.8107598 ], [ 0.6478133, 51.8107751 ], [ 0.647194, 51.8104528 ] ] } },
{ "type": "Feature", "properties": { "id": 31881, "nach": 0.41957383282763128 }, "geometry": { "type": "LineString", "coordinates": [ [ 0.6514517, 51.8022612 ], [ 0.651348, 51.8022649 ] ] } },
{ "type": "Feature", "properties": { "id": 31885, "nach": 0.41349259702503027 }, "geometry": { "type": "LineString", "coordinates": [ [ 0.6514805, 51.80249160000001 ], [ 0.6514517, 51.8022612 ] ] } },
{ "type": "Feature", "properties": { "id": 31888, "nach": 0.52989516315159435 }, "geometry": { "type": "LineString", "coordinates": [ [ 0.6509319, 51.8016781 ], [ 0.6512986, 51.8016593 ], [ 0.6513526, 51.8016865 ], [ 0.6513695, 51.8017257 ], [ 0.6513849, 51.8017885 ], [ 0.6514517, 51.8022612 ] ] } },
{ "type": "Feature", "properties": { "id": 32640, "nach": 0.38335911764590136 }, "geometry": { "type": "LineString", "coordinates": [ [ 0.6509183, 51.8015658 ], [ 0.6509319, 51.8016781 ] ] } },
{ "type": "Feature", "properties": { "id": 32642, "nach": 0.52959546042584515 }, "geometry": { "type": "LineString", "coordinates": [ [ 0.6503827, 51.8017064 ], [ 0.6509319, 51.8016781 ] ] } },
{ "type": "Feature", "properties": { "id": 32646, "nach": 0.54513800303637872 }, "geometry": { "type": "LineString", "coordinates": [ [ 0.6503692, 51.8016006 ], [ 0.6509183, 51.8015658 ] ] } },
{ "type": "Feature", "properties": { "id": 32644, "nach": 0.40687957775923961 }, "geometry": { "type": "LineString", "coordinates": [ [ 0.6505112, 51.8025558 ], [ 0.6503827, 51.8017064 ] ] } },
{ "type": "Feature", "properties": { "id": 32647, "nach": 0.54361672265880878 }, "geometry": { "type": "LineString", "coordinates": [ [ 0.6503692, 51.8016006 ], [ 0.6503827, 51.8017064 ] ] } },
{ "type": "Feature", "properties": { "id": 55099, "nach": 0.56422961851551678 }, "geometry": { "type": "LineString", "coordinates": [ [ 0.6524505, 51.8110707 ], [ 0.6523489, 51.8109925 ] ] } },
{ "type": "Feature", "properties": { "id": 55092, "nach": 0.58248024570499779 }, "geometry": { "type": "LineString", "coordinates": [ [ 0.6516536, 51.8104632 ], [ 0.6523489, 51.8109925 ] ] } },
{ "type": "Feature", "properties": { "id": 32260, "nach": 0.53367791453550073 }, "geometry": { "type": "LineString", "coordinates": [ [ 0.6526886, 51.8108271 ], [ 0.6523489, 51.8109925 ] ] } },
{ "type": "Feature", "properties": { "id": 55100, "nach": 0.34737981238038268 }, "geometry": { "type": "LineString", "coordinates": [ [ 0.6524505, 51.8110707 ], [ 0.6522961, 51.8111495 ], [ 0.6522181, 51.811149500000013 ] ] } },
{ "type": "Feature", "properties": { "id": 55093, "nach": 0.58840139849829187 }, "geometry": { "type": "LineString", "coordinates": [ [ 0.6516536, 51.8104632 ], [ 0.6514462, 51.8103054 ] ] } },
{ "type": "Feature", "properties": { "id": 55097, "nach": 0.394232831738698 }, "geometry": { "type": "LineString", "coordinates": [ [ 0.6522181, 51.811149500000013 ], [ 0.6521425, 51.8110922 ], [ 0.6516769, 51.8107335 ], [ 0.6515136, 51.8105889 ], [ 0.6515185, 51.81054670000001 ], [ 0.6516536, 51.8104632 ] ] } },
{ "type": "Feature", "properties": { "id": 32259, "nach": 0.51404287841273821 }, "geometry": { "type": "LineString", "coordinates": [ [ 0.6526886, 51.8108271 ], [ 0.6530086, 51.8106673 ] ] } },
{ "type": "Feature", "properties": { "id": 32262, "nach": 0.37507816864894494 }, "geometry": { "type": "LineString", "coordinates": [ [ 0.6526886, 51.8108271 ], [ 0.6528649, 51.8109591 ] ] } },
{ "type": "Feature", "properties": { "id": 32263, "nach": 0.37507816864894494 }, "geometry": { "type": "LineString", "coordinates": [ [ 0.652472, 51.8106686 ], [ 0.6526886, 51.8108271 ] ] } },
{ "type": "Feature", "properties": { "id": 32250, "nach": 0.43888524704327236 }, "geometry": { "type": "LineString", "coordinates": [ [ 0.653333, 51.81050530000001 ], [ 0.6535951, 51.8103773 ] ] } },
{ "type": "Feature", "properties": { "id": 32264, "nach": 0.36487722112105936 }, "geometry": { "type": "LineString", "coordinates": [ [ 0.653815, 51.8106048 ], [ 0.6538086, 51.81058920000001 ], [ 0.6538029, 51.810577 ], [ 0.6538019, 51.8105687 ], [ 0.6538037, 51.81055150000001 ], [ 0.6538032, 51.810543 ], [ 0.6537969, 51.8105335 ], [ 0.6535951, 51.8103773 ] ] } },
{ "type": "Feature", "properties": { "id": 32699, "nach": 0.36297553563764307 }, "geometry": { "type": "LineString", "coordinates": [ [ 0.6531377, 51.8101 ], [ 0.6531513, 51.8100933 ], [ 0.6532549, 51.8101632 ], [ 0.6532762, 51.8101663 ], [ 0.6533026, 51.810172 ], [ 0.653327, 51.81017820000001 ], [ 0.6533514, 51.8101877 ], [ 0.6533758, 51.8102002 ], [ 0.6535951, 51.8103773 ] ] } },
{ "type": "Feature", "properties": { "id": 32249, "nach": 0.36940044087040574 }, "geometry": { "type": "LineString", "coordinates": [ [ 0.653333, 51.81050530000001 ], [ 0.6535073, 51.8106448 ] ] } },
{ "type": "Feature", "properties": { "id": 32253, "nach": 0.48667788131744227 }, "geometry": { "type": "LineString", "coordinates": [ [ 0.6530086, 51.8106673 ], [ 0.653333, 51.81050530000001 ] ] } },
{ "type": "Feature", "properties": { "id": 32251, "nach": 0.36881022560977189 }, "geometry": { "type": "LineString", "coordinates": [ [ 0.6531298, 51.8103428 ], [ 0.653333, 51.81050530000001 ] ] } },
{ "type": "Feature", "properties": { "id": 31906, "nach": 0.37352185511302965 }, "geometry": { "type": "LineString", "coordinates": [ [ 0.6435771, 51.7988589 ], [ 0.6440332, 51.7984509 ] ] } },
{ "type": "Feature", "properties": { "id": 31907, "nach": 0.45110429892664233 }, "geometry": { "type": "LineString", "coordinates": [ [ 0.6435771, 51.7988589 ], [ 0.6437562, 51.7989366 ] ] } },
{ "type": "Feature", "properties": { "id": 31912, "nach": 0.0 }, "geometry": { "type": "LineString", "coordinates": [ [ 0.6438721, 51.798348100000013 ], [ 0.6433952, 51.7987839 ], [ 0.6435771, 51.7988589 ] ] } },
{ "type": "Feature", "properties": { "id": 31905, "nach": 0.50799648559266208 }, "geometry": { "type": "LineString", "coordinates": [ [ 0.6440332, 51.7984509 ], [ 0.6439876, 51.7983978 ], [ 0.6438721, 51.798348100000013 ] ] } },
{ "type": "Feature", "properties": { "id": 31910, "nach": 0.45082279207688086 }, "geometry": { "type": "LineString", "coordinates": [ [ 0.6441544, 51.7985874 ], [ 0.6440332, 51.7984509 ] ] } },
{ "type": "Feature", "properties": { "id": 31911, "nach": 0.53355298958551689 }, "geometry": { "type": "LineString", "coordinates": [ [ 0.6438721, 51.798348100000013 ], [ 0.6437833, 51.7983095 ] ] } },
{ "type": "Feature", "properties": { "id": 31909, "nach": 0.074426936972285265 }, "geometry": { "type": "LineString", "coordinates": [ [ 0.6437562, 51.7989366 ], [ 0.643883, 51.7989916 ], [ 0.6439339, 51.7989982 ], [ 0.6439822, 51.798983299999989 ], [ 0.6442075, 51.7987876 ], [ 0.6442397, 51.7987577 ], [ 0.6442477, 51.7987179 ], [ 0.644229, 51.7986715 ], [ 0.6441544, 51.7985874 ] ] } },
{ "type": "Feature", "properties": { "id": 32494, "nach": 0.50981488506153894 }, "geometry": { "type": "LineString", "coordinates": [ [ 0.6437833, 51.7983095 ], [ 0.6436601, 51.7982585 ] ] } },
{ "type": "Feature", "properties": { "id": 37375, "nach": 0.5244707082767186 }, "geometry": { "type": "LineString", "coordinates": [ [ 0.6431967, 51.7988453 ], [ 0.6437833, 51.7983095 ] ] } },
{ "type": "Feature", "properties": { "id": 31913, "nach": 0.50067974475235888 }, "geometry": { "type": "LineString", "coordinates": [ [ 0.6436601, 51.7982585 ], [ 0.6434226, 51.7981582 ] ] } },
{ "type": "Feature", "properties": { "id": 31914, "nach": 0.41387783032052894 }, "geometry": { "type": "LineString", "coordinates": [ [ 0.6436601, 51.7982585 ], [ 0.6430922, 51.798771500000015 ] ] } },
{ "type": "Feature", "properties": { "id": 31918, "nach": 0.13193925236707174 }, "geometry": { "type": "LineString", "coordinates": [ [ 0.6428545, 51.7986753 ], [ 0.6434226, 51.7981582 ] ] } },
{ "type": "Feature", "properties": { "id": 31920, "nach": 0.49139451587580563 }, "geometry": { "type": "LineString", "coordinates": [ [ 0.6434226, 51.7981582 ], [ 0.6432634, 51.7980909 ], [ 0.6432231, 51.798089200000014 ], [ 0.6431829, 51.7981108 ], [ 0.6430078, 51.7982732 ] ] } },
{ "type": "Feature", "properties": { "id": 31915, "nach": 0.47912910705563411 }, "geometry": { "type": "LineString", "coordinates": [ [ 0.6430922, 51.798771500000015 ], [ 0.6431967, 51.7988453 ] ] } },
{ "type": "Feature", "properties": { "id": 32492, "nach": 0.49216336470966349 }, "geometry": { "type": "LineString", "coordinates": [ [ 0.6430414, 51.7988172 ], [ 0.6430922, 51.798771500000015 ] ] } },
{ "type": "Feature", "properties": { "id": 31917, "nach": 0.51298045421200922 }, "geometry": { "type": "LineString", "coordinates": [ [ 0.6428545, 51.7986753 ], [ 0.6430922, 51.798771500000015 ] ] } },
{ "type": "Feature", "properties": { "id": 37377, "nach": 0.59432574329227461 }, "geometry": { "type": "LineString", "coordinates": [ [ 0.6431967, 51.7988453 ], [ 0.6431428, 51.798857600000012 ], [ 0.6430414, 51.7988172 ] ] } },
{ "type": "Feature", "properties": { "id": 32491, "nach": 0.60562006816015534 }, "geometry": { "type": "LineString", "coordinates": [ [ 0.6430414, 51.7988172 ], [ 0.6429738, 51.7988779 ] ] } },
{ "type": "Feature", "properties": { "id": 31921, "nach": 0.41137872443140211 }, "geometry": { "type": "LineString", "coordinates": [ [ 0.642735, 51.7987841 ], [ 0.6428545, 51.7986753 ] ] } },
{ "type": "Feature", "properties": { "id": 32489, "nach": 0.51594250928782059 }, "geometry": { "type": "LineString", "coordinates": [ [ 0.6430078, 51.7982732 ], [ 0.6426894, 51.798562 ], [ 0.642684, 51.7985885 ], [ 0.6427055, 51.7986151 ], [ 0.6428545, 51.7986753 ] ] } },
{ "type": "Feature", "properties": { "id": 31924, "nach": 0.45223792011652453 }, "geometry": { "type": "LineString", "coordinates": [ [ 0.6425434, 51.7987077 ], [ 0.642735, 51.7987841 ] ] } },
{ "type": "Feature", "properties": { "id": 31930, "nach": 0.4791799874334598 }, "geometry": { "type": "LineString", "coordinates": [ [ 0.6429738, 51.7988779 ], [ 0.6429223, 51.798856500000014 ], [ 0.642735, 51.7987841 ] ] } },
{ "type": "Feature", "properties": { "id": 64749, "nach": 0.6041296777847045 }, "geometry": { "type": "LineString", "coordinates": [ [ 0.6414261, 51.7996227 ], [ 0.6415795, 51.7996183 ], [ 0.6416833, 51.799603 ], [ 0.6417642, 51.7995622 ], [ 0.6419026, 51.7995345 ], [ 0.6419707, 51.7995042 ], [ 0.6421006, 51.79947 ], [ 0.6422091, 51.7994253 ], [ 0.6423688, 51.7993568 ], [ 0.6425114, 51.7992936 ], [ 0.6429738, 51.7988779 ] ] } },
{ "type": "Feature", "properties": { "id": 64954, "nach": 0.67021729128955354 }, "geometry": { "type": "LineString", "coordinates": [ [ 0.6413346, 51.7996254 ], [ 0.6414261, 51.7996227 ] ] } },
{ "type": "Feature", "properties": { "id": 64753, "nach": 0.64971021530230588 }, "geometry": { "type": "LineString", "coordinates": [ [ 0.6420189, 51.7999684 ], [ 0.6418921, 51.7999377 ], [ 0.6418018, 51.7998542 ], [ 0.6415604, 51.799732 ], [ 0.6415143, 51.7996968 ], [ 0.6414261, 51.7996227 ] ] } },
{ "type": "Feature", "properties": { "id": 32433, "nach": 0.59115246918798503 }, "geometry": { "type": "LineString", "coordinates": [ [ 0.6514462, 51.8103054 ], [ 0.6510077, 51.80995 ] ] } },
{ "type": "Feature", "properties": { "id": 31934, "nach": 0.37629294860475598 }, "geometry": { "type": "LineString", "coordinates": [ [ 0.6531517, 51.8096363 ], [ 0.6525654, 51.809182900000017 ], [ 0.6510077, 51.80995 ] ] } },
{ "type": "Feature", "properties": { "id": 32435, "nach": 0.378138221132721 }, "geometry": { "type": "LineString", "coordinates": [ [ 0.6505019, 51.8106207 ], [ 0.6507829, 51.8104812 ], [ 0.6508936, 51.8105733 ], [ 0.6514462, 51.8103054 ] ] } },
{ "type": "Feature", "properties": { "id": 31939, "nach": 0.38355969725814487 }, "geometry": { "type": "LineString", "coordinates": [ [ 0.6510869, 51.80976 ], [ 0.6519799, 51.8093177 ] ] } },
{ "type": "Feature", "properties": { "id": 31942, "nach": 0.38355969725814487 }, "geometry": { "type": "LineString", "coordinates": [ [ 0.6505034, 51.8091983 ], [ 0.6504766, 51.80921570000001 ], [ 0.6504645, 51.8092373 ], [ 0.6504699, 51.8092937 ], [ 0.6505061, 51.8093393 ], [ 0.6505678, 51.809389 ], [ 0.650667, 51.8094595 ], [ 0.6510869, 51.80976 ] ] } },
{ "type": "Feature", "properties": { "id": 31963, "nach": 0.45828196547649946 }, "geometry": { "type": "LineString", "coordinates": [ [ 0.6446297, 51.8084876 ], [ 0.6447629, 51.8086137 ], [ 0.6451307, 51.8088755 ] ] } },
{ "type": "Feature", "properties": { "id": 32666, "nach": 0.47000799472843391 }, "geometry": { "type": "LineString", "coordinates": [ [ 0.6441852, 51.8078625 ], [ 0.6442548, 51.8080108 ], [ 0.6443901, 51.8082336 ], [ 0.6445139, 51.8083727 ], [ 0.6446297, 51.8084876 ] ] } },
{ "type": "Feature", "properties": { "id": 31969, "nach": 0.0 }, "geometry": { "type": "LineString", "coordinates": [ [ 0.6446566, 51.80751080000001 ], [ 0.6446887, 51.807508 ], [ 0.6448205, 51.8075247 ], [ 0.6448937, 51.807574199999976 ], [ 0.6452159, 51.8077901 ], [ 0.6453477, 51.8080199 ], [ 0.6453748, 51.808107700000015 ], [ 0.6453579, 51.8081641 ], [ 0.6446297, 51.8084876 ] ] } },
{ "type": "Feature", "properties": { "id": 31952, "nach": 0.37919045648093291 }, "geometry": { "type": "LineString", "coordinates": [ [ 0.646442, 51.8076157 ], [ 0.6474267, 51.807116 ] ] } },
{ "type": "Feature", "properties": { "id": 41984, "nach": 0.53782480491504314 }, "geometry": { "type": "LineString", "coordinates": [ [ 0.6471206, 51.8068944 ], [ 0.6474267, 51.807116 ] ] } },
{ "type": "Feature", "properties": { "id": 31954, "nach": 0.52361782349675223 }, "geometry": { "type": "LineString", "coordinates": [ [ 0.6477631, 51.8073582 ], [ 0.6475845, 51.8072296 ], [ 0.6474267, 51.807116 ] ] } },
{ "type": "Feature", "properties": { "id": 41982, "nach": 0.38792056630653682 }, "geometry": { "type": "LineString", "coordinates": [ [ 0.6471206, 51.8068944 ], [ 0.6461732, 51.8073809 ] ] } },
{ "type": "Feature", "properties": { "id": 32464, "nach": 0.51318584415446011 }, "geometry": { "type": "LineString", "coordinates": [ [ 0.6479236, 51.8074738 ], [ 0.6477631, 51.8073582 ] ] } },
{ "type": "Feature", "properties": { "id": 46369, "nach": 0.31348085385115798 }, "geometry": { "type": "LineString", "coordinates": [ [ 0.6481375, 51.8086265 ], [ 0.6475986, 51.8088902 ], [ 0.6474402, 51.808951 ], [ 0.6473636, 51.8089562 ], [ 0.6472903, 51.808931 ], [ 0.6471544, 51.8088399 ], [ 0.6469182, 51.8086209 ], [ 0.6466332, 51.8083263 ], [ 0.6464551, 51.8081484 ], [ 0.6464223, 51.808110700000022 ], [ 0.6464058, 51.8080659 ], [ 0.6477631, 51.8073582 ] ] } },
{ "type": "Feature", "properties": { "id": 57000, "nach": 0.4952283281370996 }, "geometry": { "type": "LineString", "coordinates": [ [ 0.6481617, 51.8076453 ], [ 0.6479236, 51.8074738 ] ] } },
{ "type": "Feature", "properties": { "id": 32467, "nach": 0.37014515693747918 }, "geometry": { "type": "LineString", "coordinates": [ [ 0.6486928, 51.8070683 ], [ 0.6479236, 51.8074738 ] ] } },
{ "type": "Feature", "properties": { "id": 32674, "nach": 0.43563066647622412 }, "geometry": { "type": "LineString", "coordinates": [ [ 0.6435484, 51.8077768 ], [ 0.6436961, 51.8078577 ], [ 0.6439175, 51.8078866 ], [ 0.6441852, 51.8078625 ] ] } },
{ "type": "Feature", "properties": { "id": 31973, "nach": 0.40188830188322466 }, "geometry": { "type": "LineString", "coordinates": [ [ 0.6444269, 51.8075313 ], [ 0.6445671, 51.8075184 ], [ 0.6446566, 51.80751080000001 ] ] } },
{ "type": "Feature", "properties": { "id": 31976, "nach": 0.10962811529806168 }, "geometry": { "type": "LineString", "coordinates": [ [ 0.6443576, 51.8072719 ], [ 0.6446279, 51.8074464 ], [ 0.6446566, 51.80751080000001 ] ] } },
{ "type": "Feature", "properties": { "id": 31977, "nach": 0.44155240614649988 }, "geometry": { "type": "LineString", "coordinates": [ [ 0.6443576, 51.8072719 ], [ 0.6442815, 51.8073147 ], [ 0.6442697, 51.80740140000001 ], [ 0.6443914, 51.8074766 ], [ 0.6444269, 51.8075313 ] ] } },
{ "type": "Feature", "properties": { "id": 31975, "nach": 0.39281896208051409 }, "geometry": { "type": "LineString", "coordinates": [ [ 0.6443576, 51.8072719 ], [ 0.6443255, 51.8072478 ], [ 0.6443102, 51.807213400000016 ], [ 0.6443778, 51.8071705 ] ] } },
{ "type": "Feature", "properties": { "id": 31987, "nach": 0.50310763452468821 }, "geometry": { "type": "LineString", "coordinates": [ [ 0.6478602, 51.8052076 ], [ 0.6484222, 51.8050133 ], [ 0.6485056, 51.8050195 ] ] } },
{ "type": "Feature", "properties": { "id": 31988, "nach": 0.44238073938124733 }, "geometry": { "type": "LineString", "coordinates": [ [ 0.647623, 51.8049561 ], [ 0.6478602, 51.8052076 ] ] } },
{ "type": "Feature", "properties": { "id": 56989, "nach": 0.43715223319043689 }, "geometry": { "type": "LineString", "coordinates": [ [ 0.6487869, 51.8049154 ], [ 0.6485056, 51.8050195 ] ] } },
{ "type": "Feature", "properties": { "id": 31993, "nach": 0.40306885322011693 }, "geometry": { "type": "LineString", "coordinates": [ [ 0.6487001, 51.8045973 ], [ 0.6487353, 51.804636 ], [ 0.6490341, 51.8045351 ], [ 0.6495667, 51.8051377 ], [ 0.6495687, 51.8051691 ], [ 0.6495585, 51.8052043 ], [ 0.6495342, 51.805229500000017 ], [ 0.649026, 51.8054017 ], [ 0.6489752, 51.8053966 ], [ 0.6489447, 51.8053891 ], [ 0.6486458, 51.8050585 ], [ 0.6485767, 51.805037100000014 ], [ 0.6485056, 51.8050195 ] ] } },
{ "type": "Feature", "properties": { "id": 31992, "nach": 0.0 }, "geometry": { "type": "LineString", "coordinates": [ [ 0.6487001, 51.8045973 ], [ 0.6483501, 51.8042112 ], [ 0.6481314, 51.8042836 ], [ 0.6476815, 51.8038035 ], [ 0.6468805, 51.8040702 ], [ 0.6468466, 51.804093100000017 ], [ 0.6468373, 51.8041197 ], [ 0.6468497, 51.804150200000024 ], [ 0.647623, 51.8049561 ] ] } },
{ "type": "Feature", "properties": { "id": 56996, "nach": 0.62747994727093093 }, "geometry": { "type": "LineString", "coordinates": [ [ 0.6477213, 51.806010300000011 ], [ 0.6476637, 51.8060405 ] ] } },
{ "type": "Feature", "properties": { "id": 52921, "nach": 0.61657150502345814 }, "geometry": { "type": "LineString", "coordinates": [ [ 0.6472459, 51.806259700000012 ], [ 0.6476637, 51.8060405 ] ] } },
{ "type": "Feature", "properties": { "id": 56986, "nach": 0.49595562047107122 }, "geometry": { "type": "LineString", "coordinates": [ [ 0.6473259, 51.8058038 ], [ 0.6476637, 51.8060405 ] ] } },
{ "type": "Feature", "properties": { "id": 52925, "nach": 0.49117761797802251 }, "geometry": { "type": "LineString", "coordinates": [ [ 0.6474031, 51.806373699999988 ], [ 0.6472459, 51.806259700000012 ] ] } },
{ "type": "Feature", "properties": { "id": 56985, "nach": 0.42156398076431972 }, "geometry": { "type": "LineString", "coordinates": [ [ 0.6473259, 51.8058038 ], [ 0.646974, 51.8055573 ] ] } },
{ "type": "Feature", "properties": { "id": 56988, "nach": 0.41583897549636034 }, "geometry": { "type": "LineString", "coordinates": [ [ 0.646959, 51.805359400000022 ], [ 0.6474229, 51.805681 ], [ 0.6474423, 51.8056964 ], [ 0.6474553, 51.805717 ], [ 0.6474488, 51.8057357 ], [ 0.6473259, 51.8058038 ] ] } },
{ "type": "Feature", "properties": { "id": 32002, "nach": 0.44156752825950735 }, "geometry": { "type": "LineString", "coordinates": [ [ 0.6468338, 51.8054183 ], [ 0.6467943, 51.8054379 ] ] } },
{ "type": "Feature", "properties": { "id": 32001, "nach": 0.44136431532725889 }, "geometry": { "type": "LineString", "coordinates": [ [ 0.646738, 51.8054661 ], [ 0.6467943, 51.8054379 ] ] } },
{ "type": "Feature", "properties": { "id": 32461, "nach": 0.31979893609385895 }, "geometry": { "type": "LineString", "coordinates": [ [ 0.6493074, 51.808403 ], [ 0.6493817, 51.8084135 ], [ 0.6495587, 51.808393800000012 ], [ 0.6497498, 51.8083456 ], [ 0.6505921, 51.8079014 ] ] } },
{ "type": "Feature", "properties": { "id": 32460, "nach": 0.3979171908886503 }, "geometry": { "type": "LineString", "coordinates": [ [ 0.6493074, 51.808403 ], [ 0.6492542, 51.80839550000001 ] ] } },
{ "type": "Feature", "properties": { "id": 32463, "nach": 0.31861648471013443 }, "geometry": { "type": "LineString", "coordinates": [ [ 0.6491376, 51.8091871 ], [ 0.6498657, 51.8088159 ], [ 0.6493074, 51.808403 ] ] } },
{ "type": "Feature", "properties": { "id": 57001, "nach": 0.47329292438978354 }, "geometry": { "type": "LineString", "coordinates": [ [ 0.6481617, 51.8076453 ], [ 0.6485884, 51.807952699999987 ] ] } },
{ "type": "Feature", "properties": { "id": 32469, "nach": 0.39819629724069472 }, "geometry": { "type": "LineString", "coordinates": [ [ 0.6496125, 51.8074209 ], [ 0.6485884, 51.807952699999987 ] ] } },
{ "type": "Feature", "properties": { "id": 32457, "nach": 0.4316294779322189 }, "geometry": { "type": "LineString", "coordinates": [ [ 0.6492542, 51.80839550000001 ], [ 0.6491907, 51.8083865 ], [ 0.6485884, 51.807952699999987 ] ] } },
{ "type": "Feature", "properties": { "id": 57003, "nach": 0.36335787107625339 }, "geometry": { "type": "LineString", "coordinates": [ [ 0.6488661, 51.8072793 ], [ 0.6483542, 51.8075392 ], [ 0.6481617, 51.8076453 ] ] } },
{ "type": "Feature", "properties": { "id": 32468, "nach": 0.32776885760657065 }, "geometry": { "type": "LineString", "coordinates": [ [ 0.6496125, 51.8074209 ], [ 0.6499017, 51.807270700000011 ] ] } },
{ "type": "Feature", "properties": { "id": 32471, "nach": 0.32002078552219643 }, "geometry": { "type": "LineString", "coordinates": [ [ 0.6487976, 51.806819600000011 ], [ 0.6496125, 51.8074209 ] ] } },
{ "type": "Feature", "properties": { "id": 32459, "nach": 0.31258819239128832 }, "geometry": { "type": "LineString", "coordinates": [ [ 0.6487628, 51.8093215 ], [ 0.6482027, 51.8089416 ], [ 0.6492542, 51.80839550000001 ] ] } },
{ "type": "Feature", "properties": { "id": 56978, "nach": 0.50044160565719453 }, "geometry": { "type": "LineString", "coordinates": [ [ 0.6476784, 51.8029848 ], [ 0.6477489, 51.8029916 ] ] } },
{ "type": "Feature", "properties": { "id": 56976, "nach": 0.42484684720919924 }, "geometry": { "type": "LineString", "coordinates": [ [ 0.6471846, 51.802823600000011 ], [ 0.6474439, 51.80285520000001 ], [ 0.6476138, 51.802875500000013 ], [ 0.6476467, 51.8028857 ], [ 0.6476686, 51.8028981 ], [ 0.6477489, 51.8029916 ] ] } },
{ "type": "Feature", "properties": { "id": 56977, "nach": 0.42452165096069872 }, "geometry": { "type": "LineString", "coordinates": [ [ 0.6476784, 51.8029848 ], [ 0.647074, 51.8029267 ] ] } },
{ "type": "Feature", "properties": { "id": 56980, "nach": 0.42106343741152907 }, "geometry": { "type": "LineString", "coordinates": [ [ 0.6475181, 51.8035448 ], [ 0.647571, 51.8033604 ], [ 0.6476543, 51.80307 ], [ 0.6476784, 51.8029848 ] ] } },
{ "type": "Feature", "properties": { "id": 32645, "nach": 0.5863689871056561 }, "geometry": { "type": "LineString", "coordinates": [ [ 0.6503692, 51.8016006 ], [ 0.650168, 51.8016141 ] ] } },
{ "type": "Feature", "properties": { "id": 32023, "nach": 0.40868301733082774 }, "geometry": { "type": "LineString", "coordinates": [ [ 0.6503088, 51.802567 ], [ 0.650168, 51.8016141 ] ] } },
{ "type": "Feature", "properties": { "id": 32030, "nach": 0.39837079165384898 }, "geometry": { "type": "LineString", "coordinates": [ [ 0.6511138, 51.8000259 ], [ 0.6512186, 51.8008261 ] ] } },
{ "type": "Feature", "properties": { "id": 32031, "nach": 0.40753856607791261 }, "geometry": { "type": "LineString", "coordinates": [ [ 0.6512669, 51.8011755 ], [ 0.6512186, 51.8008261 ] ] } },
{ "type": "Feature", "properties": { "id": 32363, "nach": 0.55437083354813332 }, "geometry": { "type": "LineString", "coordinates": [ [ 0.6496057, 51.7998832 ], [ 0.6500374, 51.799857400000015 ] ] } },
{ "type": "Feature", "properties": { "id": 32040, "nach": 0.49174052930278134 }, "geometry": { "type": "LineString", "coordinates": [ [ 0.650053, 51.7999856 ], [ 0.6500374, 51.799857400000015 ] ] } },
{ "type": "Feature", "properties": { "id": 32362, "nach": 0.55716346008913176 }, "geometry": { "type": "LineString", "coordinates": [ [ 0.6496057, 51.7998832 ], [ 0.6491563, 51.7999101 ] ] } },
{ "type": "Feature", "properties": { "id": 32365, "nach": 0.41564859163388168 }, "geometry": { "type": "LineString", "coordinates": [ [ 0.6495304, 51.7993456 ], [ 0.6496057, 51.7998832 ] ] } },
{ "type": "Feature", "properties": { "id": 32042, "nach": 0.41882731543272167 }, "geometry": { "type": "LineString", "coordinates": [ [ 0.6500704, 51.8001291 ], [ 0.650053, 51.7999856 ] ] } },
{ "type": "Feature", "properties": { "id": 32047, "nach": 0.41062638666778484 }, "geometry": { "type": "LineString", "coordinates": [ [ 0.6493935, 51.8001694 ], [ 0.6493752, 51.8000261 ], [ 0.650053, 51.7999856 ] ] } },
{ "type": "Feature", "properties": { "id": 32046, "nach": 0.074626841271217381 }, "geometry": { "type": "LineString", "coordinates": [ [ 0.6493935, 51.8001694 ], [ 0.6494077, 51.80028 ], [ 0.6495093, 51.800312699999985 ], [ 0.6500887, 51.80028 ], [ 0.6500704, 51.8001291 ] ] } },
{ "type": "Feature", "properties": { "id": 32355, "nach": 0.56467786764994266 }, "geometry": { "type": "LineString", "coordinates": [ [ 0.6487624, 51.7999328 ], [ 0.6491563, 51.7999101 ] ] } },
{ "type": "Feature", "properties": { "id": 32051, "nach": 0.41425789792038487 }, "geometry": { "type": "LineString", "coordinates": [ [ 0.6489998, 51.800575 ], [ 0.6492396, 51.8005637 ], [ 0.6491563, 51.7999101 ] ] } },
{ "type": "Feature", "properties": { "id": 32358, "nach": 0.52240740092327498 }, "geometry": { "type": "LineString", "coordinates": [ [ 0.6487162, 51.799595199999985 ], [ 0.6487624, 51.7999328 ] ] } },
{ "type": "Feature", "properties": { "id": 55404, "nach": 0.47153340554718504 }, "geometry": { "type": "LineString", "coordinates": [ [ 0.6478662, 51.7971408 ], [ 0.6468872, 51.797199699999986 ] ] } },
{ "type": "Feature", "properties": { "id": 55409, "nach": 0.37008570691554016 }, "geometry": { "type": "LineString", "coordinates": [ [ 0.6480723, 51.7968237 ], [ 0.6479307, 51.7968311 ], [ 0.6478961, 51.796837600000011 ], [ 0.6478586, 51.7968525 ], [ 0.6478394, 51.7968739 ], [ 0.6478365, 51.7969012 ], [ 0.6478662, 51.7971408 ] ] } },
{ "type": "Feature", "properties": { "id": 55407, "nach": 0.5868843847573012 }, "geometry": { "type": "LineString", "coordinates": [ [ 0.6480723, 51.7968237 ], [ 0.6480798, 51.7968731 ] ] } },
{ "type": "Feature", "properties": { "id": 32582, "nach": 0.41056202854289287 }, "geometry": { "type": "LineString", "coordinates": [ [ 0.6483474, 51.797004 ], [ 0.648324, 51.7968592 ], [ 0.6480798, 51.7968731 ] ] } },
{ "type": "Feature", "properties": { "id": 32058, "nach": 0.39637504747816393 }, "geometry": { "type": "LineString", "coordinates": [ [ 0.6468256, 51.7968796 ], [ 0.6468872, 51.797199699999986 ] ] } },
{ "type": "Feature", "properties": { "id": 32059, "nach": 0.39240724005694583 }, "geometry": { "type": "LineString", "coordinates": [ [ 0.6466007, 51.7968968 ], [ 0.6466592, 51.7972131 ], [ 0.6468872, 51.797199699999986 ] ] } },
{ "type": "Feature", "properties": { "id": 32064, "nach": 0.50513467408330481 }, "geometry": { "type": "LineString", "coordinates": [ [ 0.6489216, 51.7964607 ], [ 0.6480358, 51.7965 ] ] } },
{ "type": "Feature", "properties": { "id": 32102, "nach": 0.56759320534432489 }, "geometry": { "type": "LineString", "coordinates": [ [ 0.6480527, 51.796661 ], [ 0.6480358, 51.7965 ] ] } },
{ "type": "Feature", "properties": { "id": 32071, "nach": 0.5364119441544426 }, "geometry": { "type": "LineString", "coordinates": [ [ 0.6479936, 51.7961844 ], [ 0.6480358, 51.7965 ] ] } },
{ "type": "Feature", "properties": { "id": 32066, "nach": 0.3853320915516304 }, "geometry": { "type": "LineString", "coordinates": [ [ 0.6488728, 51.7960232 ], [ 0.6489216, 51.7964607 ] ] } },
{ "type": "Feature", "properties": { "id": 47201, "nach": 0.47730397763233906 }, "geometry": { "type": "LineString", "coordinates": [ [ 0.6501829, 51.7963664 ], [ 0.6490951, 51.796395700000012 ], [ 0.6489216, 51.7964607 ] ] } },
{ "type": "Feature", "properties": { "id": 32584, "nach": 0.57622278411753369 }, "geometry": { "type": "LineString", "coordinates": [ [ 0.6480696, 51.7968062 ], [ 0.6480527, 51.796661 ] ] } },
{ "type": "Feature", "properties": { "id": 32104, "nach": 0.39225070948636725 }, "geometry": { "type": "LineString", "coordinates": [ [ 0.6468308, 51.79675120000001 ], [ 0.6469017, 51.796768299999989 ], [ 0.647256, 51.7967474 ], [ 0.6473146, 51.7967054 ], [ 0.6480527, 51.796661 ] ] } },
{ "type": "Feature", "properties": { "id": 32073, "nach": 0.39005928743945206 }, "geometry": { "type": "LineString", "coordinates": [ [ 0.6473903, 51.7961597 ], [ 0.6479936, 51.7961844 ] ] } },
{ "type": "Feature", "properties": { "id": 47199, "nach": 0.44081930092060834 }, "geometry": { "type": "LineString", "coordinates": [ [ 0.6501829, 51.7963664 ], [ 0.6505187, 51.7963573 ] ] } },
{ "type": "Feature", "properties": { "id": 47202, "nach": 0.37237654989367147 }, "geometry": { "type": "LineString", "coordinates": [ [ 0.6501714, 51.7961958 ], [ 0.6501829, 51.7963664 ] ] } },
{ "type": "Feature", "properties": { "id": 52799, "nach": 0.49563998004979942 }, "geometry": { "type": "LineString", "coordinates": [ [ 0.6495136, 51.7971235 ], [ 0.649795, 51.797109200000016 ] ] } },
{ "type": "Feature", "properties": { "id": 32096, "nach": 0.45845932514340204 }, "geometry": { "type": "LineString", "coordinates": [ [ 0.6498555, 51.7971061 ], [ 0.649795, 51.797109200000016 ] ] } },
{ "type": "Feature", "properties": { "id": 32184, "nach": 0.38552947455654007 }, "geometry": { "type": "LineString", "coordinates": [ [ 0.6499334, 51.7976984 ], [ 0.6499093, 51.7975209 ], [ 0.6498503, 51.797522599999986 ], [ 0.649795, 51.797109200000016 ] ] } },
{ "type": "Feature", "properties": { "id": 52798, "nach": 0.52210025628827705 }, "geometry": { "type": "LineString", "coordinates": [ [ 0.6495136, 51.7971235 ], [ 0.6492925, 51.7971342 ] ] } },
{ "type": "Feature", "properties": { "id": 52800, "nach": 0.40041480407367985 }, "geometry": { "type": "LineString", "coordinates": [ [ 0.6495136, 51.7971235 ], [ 0.6495143, 51.7971683 ], [ 0.6495198, 51.7972609 ] ] } },
{ "type": "Feature", "properties": { "id": 32105, "nach": 0.37760030580346976 }, "geometry": { "type": "LineString", "coordinates": [ [ 0.6504405, 51.7965342 ], [ 0.6505152, 51.79707 ], [ 0.6498555, 51.7971061 ] ] } },
{ "type": "Feature", "properties": { "id": 32099, "nach": 0.37709216421314457 }, "geometry": { "type": "LineString", "coordinates": [ [ 0.649097, 51.7965989 ], [ 0.6497841, 51.7965666 ], [ 0.6498382, 51.7969751 ], [ 0.6498555, 51.7971061 ] ] } },
{ "type": "Feature", "properties": { "id": 32075, "nach": 0.0 }, "geometry": { "type": "LineString", "coordinates": [ [ 0.6473903, 51.7961597 ], [ 0.6473459, 51.796109199999989 ], [ 0.6472782, 51.7960731 ], [ 0.6466477, 51.796101899999989 ], [ 0.6466197, 51.7961323 ], [ 0.6466407, 51.7962362 ], [ 0.6466968, 51.7962521 ], [ 0.6472665, 51.7962218 ], [ 0.6473366, 51.7961944 ], [ 0.6473903, 51.7961597 ] ] } },
{ "type": "Feature", "properties": { "id": 32083, "nach": 0.4356866417958562 }, "geometry": { "type": "LineString", "coordinates": [ [ 0.6478791, 51.7987838 ], [ 0.647795, 51.7983013 ] ] } },
{ "type": "Feature", "properties": { "id": 32094, "nach": 0.40977305950890996 }, "geometry": { "type": "LineString", "coordinates": [ [ 0.6485838, 51.798259 ], [ 0.647795, 51.7983013 ] ] } },
{ "type": "Feature", "properties": { "id": 32091, "nach": 0.48870813045841105 }, "geometry": { "type": "LineString", "coordinates": [ [ 0.6470291, 51.79835760000001 ], [ 0.647795, 51.7983013 ] ] } },
{ "type": "Feature", "properties": { "id": 32637, "nach": 0.44209005848163008 }, "geometry": { "type": "LineString", "coordinates": [ [ 0.6473737, 51.79796420000001 ], [ 0.6471388, 51.7979788 ], [ 0.6472711, 51.798206 ] ] } },
{ "type": "Feature", "properties": { "id": 32095, "nach": 0.0 }, "geometry": { "type": "LineString", "coordinates": [ [ 0.6485838, 51.798259 ], [ 0.6485931, 51.798314 ], [ 0.648715, 51.799133 ], [ 0.6471583, 51.7992205 ], [ 0.6470291, 51.79835760000001 ] ] } },
{ "type": "Feature", "properties": { "id": 32594, "nach": 0.50506728979445425 }, "geometry": { "type": "LineString", "coordinates": [ [ 0.6489208, 51.7979999 ], [ 0.6489127, 51.7978196 ] ] } },
{ "type": "Feature", "properties": { "id": 32603, "nach": 0.58023774193376831 }, "geometry": { "type": "LineString", "coordinates": [ [ 0.649283, 51.7979793 ], [ 0.6489208, 51.7979999 ] ] } },
{ "type": "Feature", "properties": { "id": 47195, "nach": 0.3641556187970742 }, "geometry": { "type": "LineString", "coordinates": [ [ 0.6505187, 51.7963573 ], [ 0.6509345, 51.7963461 ] ] } },
{ "type": "Feature", "properties": { "id": 47198, "nach": 0.36825625455893046 }, "geometry": { "type": "LineString", "coordinates": [ [ 0.6505032, 51.7961769 ], [ 0.6505187, 51.7963573 ] ] } },
{ "type": "Feature", "properties": { "id": 55408, "nach": 0.5849309593576677 }, "geometry": { "type": "LineString", "coordinates": [ [ 0.6480723, 51.7968237 ], [ 0.6480696, 51.7968062 ] ] } },
{ "type": "Feature", "properties": { "id": 32586, "nach": 0.40542571516485859 }, "geometry": { "type": "LineString", "coordinates": [ [ 0.6482835, 51.7965945 ], [ 0.6483112, 51.796792 ], [ 0.6480696, 51.7968062 ] ] } },
{ "type": "Feature", "properties": { "id": 52796, "nach": 0.40357146291731694 }, "geometry": { "type": "LineString", "coordinates": [ [ 0.6492925, 51.7971342 ], [ 0.6492995, 51.7971816 ], [ 0.6493082, 51.7972665 ] ] } },
{ "type": "Feature", "properties": { "id": 32121, "nach": 0.53845594270041075 }, "geometry": { "type": "LineString", "coordinates": [ [ 0.6417735, 51.8054829 ], [ 0.6417846, 51.8053527 ] ] } },
{ "type": "Feature", "properties": { "id": 32126, "nach": 0.53736152497876932 }, "geometry": { "type": "LineString", "coordinates": [ [ 0.6417976, 51.8052291 ], [ 0.6417846, 51.8053527 ] ] } },
{ "type": "Feature", "properties": { "id": 42043, "nach": 0.59134558388871994 }, "geometry": { "type": "LineString", "coordinates": [ [ 0.6414275, 51.8053438 ], [ 0.6417846, 51.8053527 ] ] } },
{ "type": "Feature", "properties": { "id": 32120, "nach": 0.5022597853069275 }, "geometry": { "type": "LineString", "coordinates": [ [ 0.6417735, 51.8054829 ], [ 0.6417616, 51.805624100000017 ] ] } },
{ "type": "Feature", "properties": { "id": 32123, "nach": 0.43017843761856484 }, "geometry": { "type": "LineString", "coordinates": [ [ 0.6415614, 51.8054766 ], [ 0.6417735, 51.8054829 ] ] } },
{ "type": "Feature", "properties": { "id": 32129, "nach": 0.49944699294354672 }, "geometry": { "type": "LineString", "coordinates": [ [ 0.641812, 51.8050799 ], [ 0.6417976, 51.8052291 ] ] } },
{ "type": "Feature", "properties": { "id": 32128, "nach": 0.43278209561058756 }, "geometry": { "type": "LineString", "coordinates": [ [ 0.6416514, 51.8052241 ], [ 0.6417976, 51.8052291 ] ] } },
{ "type": "Feature", "properties": { "id": 32116, "nach": 0.42788841803454064 }, "geometry": { "type": "LineString", "coordinates": [ [ 0.6417616, 51.805624100000017 ], [ 0.6417589, 51.80566910000001 ] ] } },
{ "type": "Feature", "properties": { "id": 32119, "nach": 0.42612870434449696 }, "geometry": { "type": "LineString", "coordinates": [ [ 0.6415545, 51.8056197 ], [ 0.6417616, 51.805624100000017 ] ] } },
{ "type": "Feature", "properties": { "id": 32131, "nach": 0.41773556667856915 }, "geometry": { "type": "LineString", "coordinates": [ [ 0.641812, 51.8050799 ], [ 0.6418217, 51.8049795 ], [ 0.6418405, 51.8049596 ], [ 0.6418915, 51.804943 ], [ 0.642397, 51.8049579 ] ] } },
{ "type": "Feature", "properties": { "id": 32132, "nach": 0.42739028098094195 }, "geometry": { "type": "LineString", "coordinates": [ [ 0.641701, 51.8050773 ], [ 0.641812, 51.8050799 ] ] } },
{ "type": "Feature", "properties": { "id": 58269, "nach": 0.40806717809137738 }, "geometry": { "type": "LineString", "coordinates": [ [ 0.6431119, 51.8053682 ], [ 0.6426079, 51.80535 ] ] } },
{ "type": "Feature", "properties": { "id": 32144, "nach": 0.29067885860769027 }, "geometry": { "type": "LineString", "coordinates": [ [ 0.6426264, 51.8052121 ], [ 0.6426079, 51.80535 ] ] } },
{ "type": "Feature", "properties": { "id": 32139, "nach": 0.27149698943063449 }, "geometry": { "type": "LineString", "coordinates": [ [ 0.6425896, 51.8054922 ], [ 0.6426079, 51.80535 ] ] } },
{ "type": "Feature", "properties": { "id": 58270, "nach": 0.51952361186754936 }, "geometry": { "type": "LineString", "coordinates": [ [ 0.6431119, 51.8053682 ], [ 0.6430962, 51.8055083 ] ] } },
{ "type": "Feature", "properties": { "id": 58275, "nach": 0.56885399499511313 }, "geometry": { "type": "LineString", "coordinates": [ [ 0.6431209, 51.8052302 ], [ 0.6431119, 51.8053682 ] ] } },
{ "type": "Feature", "properties": { "id": 58273, "nach": 0.40742955845995682 }, "geometry": { "type": "LineString", "coordinates": [ [ 0.6431209, 51.8052302 ], [ 0.6426264, 51.8052121 ] ] } },
{ "type": "Feature", "properties": { "id": 32148, "nach": 0.29229245387552411 }, "geometry": { "type": "LineString", "coordinates": [ [ 0.6426436, 51.8050767 ], [ 0.6426264, 51.8052121 ] ] } },
{ "type": "Feature", "properties": { "id": 58265, "nach": 0.40506971575467221 }, "geometry": { "type": "LineString", "coordinates": [ [ 0.6430962, 51.8055083 ], [ 0.6425896, 51.8054922 ] ] } },
{ "type": "Feature", "properties": { "id": 32155, "nach": 0.23680009405874791 }, "geometry": { "type": "LineString", "coordinates": [ [ 0.6430734, 51.8056482 ], [ 0.6426219, 51.8056319 ], [ 0.6425957, 51.8056215 ], [ 0.6425866, 51.8055984 ], [ 0.6425896, 51.8054922 ] ] } },
{ "type": "Feature", "properties": { "id": 32153, "nach": 0.41129852783392062 }, "geometry": { "type": "LineString", "coordinates": [ [ 0.6430734, 51.8056482 ], [ 0.6432454, 51.8056527 ] ] } },
{ "type": "Feature", "properties": { "id": 58267, "nach": 0.45659025169953249 }, "geometry": { "type": "LineString", "coordinates": [ [ 0.6430962, 51.8055083 ], [ 0.6430734, 51.8056482 ] ] } },
{ "type": "Feature", "properties": { "id": 58266, "nach": 0.41405203472562557 }, "geometry": { "type": "LineString", "coordinates": [ [ 0.6430962, 51.8055083 ], [ 0.6432665, 51.80551530000001 ] ] } },
{ "type": "Feature", "properties": { "id": 58274, "nach": 0.41405218742771155 }, "geometry": { "type": "LineString", "coordinates": [ [ 0.6431209, 51.8052302 ], [ 0.6432892, 51.8052351 ] ] } },
{ "type": "Feature", "properties": { "id": 58279, "nach": 0.54635829109918632 }, "geometry": { "type": "LineString", "coordinates": [ [ 0.6431327, 51.8050933 ], [ 0.6431209, 51.8052302 ] ] } },
{ "type": "Feature", "properties": { "id": 58277, "nach": 0.49823341689326284 }, "geometry": { "type": "LineString", "coordinates": [ [ 0.6431327, 51.8050933 ], [ 0.6426436, 51.8050767 ] ] } },
{ "type": "Feature", "properties": { "id": 41989, "nach": 0.48147800025290804 }, "geometry": { "type": "LineString", "coordinates": [ [ 0.6426508, 51.8049906 ], [ 0.6426436, 51.8050767 ] ] } },
{ "type": "Feature", "properties": { "id": 58278, "nach": 0.4112987420010486 }, "geometry": { "type": "LineString", "coordinates": [ [ 0.6431327, 51.8050933 ], [ 0.643301, 51.805095100000017 ] ] } },
{ "type": "Feature", "properties": { "id": 58280, "nach": 0.45363714601808114 }, "geometry": { "type": "LineString", "coordinates": [ [ 0.6431327, 51.8050933 ], [ 0.6431369, 51.8049369 ] ] } },
{ "type": "Feature", "properties": { "id": 41990, "nach": 0.23653825055923278 }, "geometry": { "type": "LineString", "coordinates": [ [ 0.6426508, 51.8049906 ], [ 0.6428862, 51.8049402 ], [ 0.6431369, 51.8049369 ] ] } },
{ "type": "Feature", "properties": { "id": 41995, "nach": 0.45558370523768621 }, "geometry": { "type": "LineString", "coordinates": [ [ 0.6418948, 51.8053575 ], [ 0.6419033, 51.8050347 ], [ 0.6424959, 51.8050424 ], [ 0.6425179, 51.8050181 ], [ 0.6425209, 51.8049716 ], [ 0.6425592, 51.80498690000001 ], [ 0.6425965, 51.804987400000016 ], [ 0.6426508, 51.8049906 ] ] } },
{ "type": "Feature", "properties": { "id": 32150, "nach": 0.40878318718198281 }, "geometry": { "type": "LineString", "coordinates": [ [ 0.6431369, 51.8049369 ], [ 0.6433106, 51.8049414 ] ] } },
{ "type": "Feature", "properties": { "id": 41689, "nach": 0.47058493068851981 }, "geometry": { "type": "LineString", "coordinates": [ [ 0.6515826, 51.8053328 ], [ 0.6521491, 51.8053287 ] ] } },
{ "type": "Feature", "properties": { "id": 32611, "nach": 0.56042960371859996 }, "geometry": { "type": "LineString", "coordinates": [ [ 0.6511916, 51.8067026 ], [ 0.6514562, 51.8066152 ], [ 0.6517916, 51.8064622 ], [ 0.6520217, 51.80631 ], [ 0.6521475, 51.8061363 ], [ 0.6522209, 51.8059598 ], [ 0.6522084, 51.8057237 ], [ 0.6521491, 51.8053287 ] ] } },
{ "type": "Feature", "properties": { "id": 41690, "nach": 0.39428543854616982 }, "geometry": { "type": "LineString", "coordinates": [ [ 0.6515826, 51.8053328 ], [ 0.6515417, 51.8053331 ], [ 0.6511214, 51.805332 ], [ 0.6505423, 51.805511 ] ] } },
{ "type": "Feature", "properties": { "id": 41694, "nach": 0.38773248987036635 }, "geometry": { "type": "LineString", "coordinates": [ [ 0.6517877, 51.8063238 ], [ 0.6518861, 51.8062667 ], [ 0.6519374, 51.8061873 ], [ 0.6519421, 51.8060617 ], [ 0.6519001, 51.805952 ], [ 0.6515919, 51.8055607 ], [ 0.6515826, 51.8053328 ] ] } },
{ "type": "Feature", "properties": { "id": 32609, "nach": 0.57626588957521829 }, "geometry": { "type": "LineString", "coordinates": [ [ 0.6511916, 51.8067026 ], [ 0.6510948, 51.8067299 ] ] } },
{ "type": "Feature", "properties": { "id": 32612, "nach": 0.48640003049965924 }, "geometry": { "type": "LineString", "coordinates": [ [ 0.6513514, 51.8069158 ], [ 0.6511916, 51.8067026 ] ] } },
{ "type": "Feature", "properties": { "id": 32162, "nach": 0.4099584184790761 }, "geometry": { "type": "LineString", "coordinates": [ [ 0.6504302, 51.8067151 ], [ 0.6500706, 51.8068219 ] ] } },
{ "type": "Feature", "properties": { "id": 32166, "nach": 0.48686011482353181 }, "geometry": { "type": "LineString", "coordinates": [ [ 0.6506492, 51.80665 ], [ 0.6504302, 51.8067151 ] ] } },
{ "type": "Feature", "properties": { "id": 32164, "nach": 0.40962802740529081 }, "geometry": { "type": "LineString", "coordinates": [ [ 0.6502331, 51.8064712 ], [ 0.6504302, 51.8067151 ] ] } },
{ "type": "Feature", "properties": { "id": 32169, "nach": 0.52306319239821941 }, "geometry": { "type": "LineString", "coordinates": [ [ 0.6508583, 51.8065879 ], [ 0.6506492, 51.80665 ] ] } },
{ "type": "Feature", "properties": { "id": 32168, "nach": 0.41351177174134091 }, "geometry": { "type": "LineString", "coordinates": [ [ 0.6504561, 51.806397900000015 ], [ 0.6506492, 51.80665 ] ] } },
{ "type": "Feature", "properties": { "id": 32172, "nach": 0.41812271821779284 }, "geometry": { "type": "LineString", "coordinates": [ [ 0.650679, 51.8063334 ], [ 0.6508583, 51.8065879 ] ] } },
{ "type": "Feature", "properties": { "id": 32175, "nach": 0.54772199846530878 }, "geometry": { "type": "LineString", "coordinates": [ [ 0.6510948, 51.8067299 ], [ 0.6509621, 51.8065583 ], [ 0.6508583, 51.8065879 ] ] } },
{ "type": "Feature", "properties": { "id": 32236, "nach": 0.42399940865160468 }, "geometry": { "type": "LineString", "coordinates": [ [ 0.6420103, 51.8118058 ], [ 0.6422103, 51.8115585 ] ] } },
{ "type": "Feature", "properties": { "id": 32231, "nach": 0.57092993426133654 }, "geometry": { "type": "LineString", "coordinates": [ [ 0.6425434, 51.811652 ], [ 0.6423762, 51.8118709 ] ] } },
{ "type": "Feature", "properties": { "id": 32230, "nach": 0.50939526475324892 }, "geometry": { "type": "LineString", "coordinates": [ [ 0.6425434, 51.811652 ], [ 0.6422103, 51.8115585 ] ] } },
{ "type": "Feature", "properties": { "id": 32212, "nach": 0.46805791662348867 }, "geometry": { "type": "LineString", "coordinates": [ [ 0.6418763, 51.8114595 ], [ 0.6422103, 51.8115585 ] ] } },
{ "type": "Feature", "properties": { "id": 32223, "nach": 0.44010385092510146 }, "geometry": { "type": "LineString", "coordinates": [ [ 0.6423847, 51.8113427 ], [ 0.6422103, 51.8115585 ] ] } },
{ "type": "Feature", "properties": { "id": 32228, "nach": 0.43461705541909934 }, "geometry": { "type": "LineString", "coordinates": [ [ 0.6415358, 51.8113586 ], [ 0.6418763, 51.8114595 ] ] } },
{ "type": "Feature", "properties": { "id": 32217, "nach": 0.39706274391729307 }, "geometry": { "type": "LineString", "coordinates": [ [ 0.6416823, 51.8117168 ], [ 0.6418763, 51.8114595 ] ] } },
{ "type": "Feature", "properties": { "id": 32238, "nach": 0.43833415340626369 }, "geometry": { "type": "LineString", "coordinates": [ [ 0.641839, 51.810965 ], [ 0.6415358, 51.8113586 ] ] } },
{ "type": "Feature", "properties": { "id": 32256, "nach": 0.37142880929202043 }, "geometry": { "type": "LineString", "coordinates": [ [ 0.6530086, 51.8106673 ], [ 0.6533085, 51.8108962 ] ] } },
{ "type": "Feature", "properties": { "id": 32257, "nach": 0.37085315347785497 }, "geometry": { "type": "LineString", "coordinates": [ [ 0.6526831, 51.8104124 ], [ 0.6530086, 51.8106673 ] ] } },
{ "type": "Feature", "properties": { "id": 32352, "nach": 0.42684083247067439 }, "geometry": { "type": "LineString", "coordinates": [ [ 0.6490588, 51.8000339 ], [ 0.6487954, 51.8000511 ] ] } },
{ "type": "Feature", "properties": { "id": 32353, "nach": 0.42709217830045654 }, "geometry": { "type": "LineString", "coordinates": [ [ 0.6487784, 51.8001921 ], [ 0.6487646, 51.8000911 ], [ 0.6487954, 51.8000511 ] ] } },
{ "type": "Feature", "properties": { "id": 32359, "nach": 0.41686089825986811 }, "geometry": { "type": "LineString", "coordinates": [ [ 0.6487162, 51.799595199999985 ], [ 0.6486828, 51.7993514 ], [ 0.6483466, 51.7993701 ] ] } },
{ "type": "Feature", "properties": { "id": 32632, "nach": 0.48282517654109192 }, "geometry": { "type": "LineString", "coordinates": [ [ 0.6477242, 51.7995975 ], [ 0.6479286, 51.799631499999983 ], [ 0.6487162, 51.799595199999985 ] ] } },
{ "type": "Feature", "properties": { "id": 32631, "nach": 0.40616057354661872 }, "geometry": { "type": "LineString", "coordinates": [ [ 0.6477242, 51.7995975 ], [ 0.6476764, 51.7995896 ], [ 0.6472328, 51.7996098 ] ] } },
{ "type": "Feature", "properties": { "id": 32633, "nach": 0.40616057354661872 }, "geometry": { "type": "LineString", "coordinates": [ [ 0.6477535, 51.7999121 ], [ 0.6477242, 51.7995975 ] ] } },
{ "type": "Feature", "properties": { "id": 32577, "nach": 0.46800638410334439 }, "geometry": { "type": "LineString", "coordinates": [ [ 0.6509241, 51.7988741 ], [ 0.6508255, 51.7988768 ], [ 0.6494968, 51.798942 ] ] } },
{ "type": "Feature", "properties": { "id": 32578, "nach": 0.41186184967399186 }, "geometry": { "type": "LineString", "coordinates": [ [ 0.6508709, 51.798563 ], [ 0.6509241, 51.7988741 ] ] } },
{ "type": "Feature", "properties": { "id": 32606, "nach": 0.56901691764446216 }, "geometry": { "type": "LineString", "coordinates": [ [ 0.6496119, 51.7979906 ], [ 0.6493819, 51.797980300000013 ] ] } },
{ "type": "Feature", "properties": { "id": 32608, "nach": 0.0 }, "geometry": { "type": "LineString", "coordinates": [ [ 0.6496119, 51.7979906 ], [ 0.6495768, 51.7981121 ], [ 0.6495609, 51.7981374 ], [ 0.6495299, 51.798149 ], [ 0.6494147, 51.7981548 ], [ 0.6493681, 51.7981411 ], [ 0.6493511, 51.7981226 ], [ 0.649283, 51.7979793 ] ] } },
{ "type": "Feature", "properties": { "id": 32372, "nach": 0.39086703581970095 }, "geometry": { "type": "LineString", "coordinates": [ [ 0.6494448, 51.7985816 ], [ 0.6494968, 51.798942 ] ] } },
{ "type": "Feature", "properties": { "id": 32373, "nach": 0.38867502393564096 }, "geometry": { "type": "LineString", "coordinates": [ [ 0.6489116, 51.7990597 ], [ 0.6495001, 51.799030799999983 ], [ 0.6494968, 51.798942 ] ] } },
{ "type": "Feature", "properties": { "id": 32604, "nach": 0.5763468815667564 }, "geometry": { "type": "LineString", "coordinates": [ [ 0.649283, 51.7979793 ], [ 0.6493819, 51.797980300000013 ] ] } },
{ "type": "Feature", "properties": { "id": 32377, "nach": 0.41911039196389238 }, "geometry": { "type": "LineString", "coordinates": [ [ 0.649612, 51.7974917 ], [ 0.649251, 51.7975114 ], [ 0.6492713, 51.7976772 ], [ 0.6492457, 51.7976947 ], [ 0.6492297, 51.7977139 ], [ 0.6492297, 51.7977336 ], [ 0.6492351, 51.7977544 ], [ 0.6492616, 51.7977768 ], [ 0.6492979, 51.7977883 ], [ 0.649335, 51.7977921 ], [ 0.6493819, 51.797980300000013 ] ] } },
{ "type": "Feature", "properties": { "id": 64296, "nach": 0.4824783312294737 }, "geometry": { "type": "LineString", "coordinates": [ [ 0.6508669, 51.808676400000017 ], [ 0.6509972, 51.808703800000011 ] ] } },
{ "type": "Feature", "properties": { "id": 64304, "nach": 0.48229522855210488 }, "geometry": { "type": "LineString", "coordinates": [ [ 0.6512351, 51.808382299999984 ], [ 0.6510061, 51.8085169 ], [ 0.6509726, 51.808544 ], [ 0.6509397, 51.8085745 ], [ 0.6508669, 51.808676400000017 ] ] } },
{ "type": "Feature", "properties": { "id": 32450, "nach": 0.39704045587745102 }, "geometry": { "type": "LineString", "coordinates": [ [ 0.6523464, 51.8090073 ], [ 0.6516946, 51.8084999 ], [ 0.6516034, 51.8084667 ], [ 0.6514666, 51.8084584 ], [ 0.6513271, 51.8084849 ], [ 0.6509972, 51.808703800000011 ] ] } },
{ "type": "Feature", "properties": { "id": 32451, "nach": 0.41109325592327373 }, "geometry": { "type": "LineString", "coordinates": [ [ 0.6508068, 51.808904500000011 ], [ 0.6509141, 51.80882660000001 ], [ 0.6509972, 51.808703800000011 ] ] } },
{ "type": "Feature", "properties": { "id": 64318, "nach": 0.60746213197208709 }, "geometry": { "type": "LineString", "coordinates": [ [ 0.6517636, 51.8078763 ], [ 0.653091884487839, 51.808159861564612 ] ] } },
{ "type": "Feature", "properties": { "id": 32546, "nach": 0.3990288087513833 }, "geometry": { "type": "LineString", "coordinates": [ [ 0.6514737, 51.8026053 ], [ 0.6506656, 51.8026483 ] ] } },
{ "type": "Feature", "properties": { "id": 32549, "nach": 0.402851541352862 }, "geometry": { "type": "LineString", "coordinates": [ [ 0.6515341, 51.8030327 ], [ 0.6514737, 51.8026053 ] ] } },
{ "type": "Feature", "properties": { "id": 32555, "nach": 0.42233561347288201 }, "geometry": { "type": "LineString", "coordinates": [ [ 0.6512268, 51.8036956 ], [ 0.6511978, 51.8034539 ] ] } },
{ "type": "Feature", "properties": { "id": 32558, "nach": 0.40619759924315579 }, "geometry": { "type": "LineString", "coordinates": [ [ 0.6499801, 51.803762 ], [ 0.6512268, 51.8036956 ] ] } },
{ "type": "Feature", "properties": { "id": 32625, "nach": 0.42205873076005523 }, "geometry": { "type": "LineString", "coordinates": [ [ 0.6515452, 51.804018400000011 ], [ 0.6512642, 51.804030199999985 ] ] } },
{ "type": "Feature", "properties": { "id": 32624, "nach": 0.42178071791057514 }, "geometry": { "type": "LineString", "coordinates": [ [ 0.6509533, 51.8040447 ], [ 0.6512642, 51.804030199999985 ] ] } },
{ "type": "Feature", "properties": { "id": 32565, "nach": 0.42381463300596739 }, "geometry": { "type": "LineString", "coordinates": [ [ 0.6483605, 51.8016363 ], [ 0.6491694, 51.8015889 ] ] } },
{ "type": "Feature", "properties": { "id": 32566, "nach": 0.41714267021904283 }, "geometry": { "type": "LineString", "coordinates": [ [ 0.6491354, 51.8008701 ], [ 0.6492163, 51.801552100000016 ], [ 0.6491694, 51.8015889 ] ] } },
{ "type": "Feature", "properties": { "id": 32571, "nach": 0.42062038474402963 }, "geometry": { "type": "LineString", "coordinates": [ [ 0.6511104, 51.801467700000018 ], [ 0.6510941, 51.8012708 ] ] } },
{ "type": "Feature", "properties": { "id": 32574, "nach": 0.40890731255673657 }, "geometry": { "type": "LineString", "coordinates": [ [ 0.6500217, 51.8015402 ], [ 0.6511104, 51.801467700000018 ] ] } },
{ "type": "Feature", "properties": { "id": 32590, "nach": 0.42840503291363308 }, "geometry": { "type": "LineString", "coordinates": [ [ 0.6489127, 51.7978196 ], [ 0.6485225, 51.797823 ] ] } },
{ "type": "Feature", "properties": { "id": 32589, "nach": 0.43034790249089833 }, "geometry": { "type": "LineString", "coordinates": [ [ 0.6489127, 51.7978196 ], [ 0.6491189, 51.79781770000001 ] ] } },
{ "type": "Feature", "properties": { "id": 32616, "nach": 0.40298875619905594 }, "geometry": { "type": "LineString", "coordinates": [ [ 0.6523948, 51.8063552 ], [ 0.6513514, 51.8069158 ] ] } },
{ "type": "Feature", "properties": { "id": 32615, "nach": 0.40760254862994633 }, "geometry": { "type": "LineString", "coordinates": [ [ 0.6510162, 51.8074133 ], [ 0.6508364, 51.80727730000001 ], [ 0.6508284, 51.807249100000014 ], [ 0.6508338, 51.807211 ], [ 0.6513514, 51.8069158 ] ] } },
{ "type": "Feature", "properties": { "id": 32673, "nach": 0.38079031858872892 }, "geometry": { "type": "LineString", "coordinates": [ [ 0.6435484, 51.8077768 ], [ 0.6437379, 51.8073177 ], [ 0.6437567, 51.8071569 ], [ 0.6436876, 51.80702320000001 ], [ 0.6434236, 51.806831 ], [ 0.6432788, 51.8067836 ], [ 0.6431852, 51.8067704 ], [ 0.6428999, 51.8068073 ], [ 0.6427849, 51.8068915 ], [ 0.6427466, 51.8069731 ], [ 0.6428457, 51.807392 ] ] } },
{ "type": "Feature", "properties": { "id": 32669, "nach": 0.33155294096791393 }, "geometry": { "type": "LineString", "coordinates": [ [ 0.6428457, 51.807392 ], [ 0.6421818, 51.8070731 ] ] } },
{ "type": "Feature", "properties": { "id": 32681, "nach": 0.14965652421259223 }, "geometry": { "type": "LineString", "coordinates": [ [ 0.6415116, 51.8077201 ], [ 0.641455, 51.8075279 ] ] } },
{ "type": "Feature", "properties": { "id": 32686, "nach": 0.42486283304273892 }, "geometry": { "type": "LineString", "coordinates": [ [ 0.6405055, 51.8071198 ], [ 0.641455, 51.8075279 ] ] } },
{ "type": "Feature", "properties": { "id": 32692, "nach": 0.14953547637473372 }, "geometry": { "type": "LineString", "coordinates": [ [ 0.6412841, 51.8072753 ], [ 0.6413188, 51.8073172 ], [ 0.641455, 51.8075279 ] ] } },
{ "type": "Feature", "properties": { "id": 32682, "nach": 0.074858831007160939 }, "geometry": { "type": "LineString", "coordinates": [ [ 0.6415116, 51.8077201 ], [ 0.6403421, 51.8072175 ] ] } },
{ "type": "Feature", "properties": { "id": 32684, "nach": 0.52241353247415823 }, "geometry": { "type": "LineString", "coordinates": [ [ 0.6405055, 51.8071198 ], [ 0.6403421, 51.8072175 ] ] } },
{ "type": "Feature", "properties": { "id": 32687, "nach": 0.47453137385979061 }, "geometry": { "type": "LineString", "coordinates": [ [ 0.6406922, 51.8070074 ], [ 0.6405055, 51.8071198 ] ] } },
{ "type": "Feature", "properties": { "id": 32691, "nach": 0.42557402897111968 }, "geometry": { "type": "LineString", "coordinates": [ [ 0.6412841, 51.8072753 ], [ 0.6410761, 51.8072027 ], [ 0.6406922, 51.8070074 ] ] } },
{ "type": "Feature", "properties": { "id": 70443, "nach": 0.44023334272843251 }, "geometry": { "type": "LineString", "coordinates": [ [ 0.6380559, 51.8075331 ], [ 0.638286, 51.8075675 ] ] } },
{ "type": "Feature", "properties": { "id": 70442, "nach": 0.43327794912326995 }, "geometry": { "type": "LineString", "coordinates": [ [ 0.6379806, 51.8077327 ], [ 0.6381576, 51.8079144 ], [ 0.638286, 51.8075675 ] ] } },
{ "type": "Feature", "properties": { "id": 70445, "nach": 0.074838229565856396 }, "geometry": { "type": "LineString", "coordinates": [ [ 0.6380559, 51.8075331 ], [ 0.6377402, 51.807486 ], [ 0.6379806, 51.8077327 ] ] } },
{ "type": "Feature", "properties": { "id": 32769, "nach": 0.56869515390822867 }, "geometry": { "type": "LineString", "coordinates": [ [ 0.6389094, 51.80882110000001 ], [ 0.6390792, 51.8087423 ] ] } },
{ "type": "Feature", "properties": { "id": 32770, "nach": 0.35619792787380139 }, "geometry": { "type": "LineString", "coordinates": [ [ 0.6389094, 51.80882110000001 ], [ 0.6386525, 51.8086347 ] ] } },
{ "type": "Feature", "properties": { "id": 32768, "nach": 0.49533122536394941 }, "geometry": { "type": "LineString", "coordinates": [ [ 0.6386525, 51.8086347 ], [ 0.6386635, 51.808521 ], [ 0.6386778, 51.80849280000001 ], [ 0.6387473, 51.8084561 ] ] } },
{ "type": "Feature", "properties": { "id": 32784, "nach": 0.52194200894234621 }, "geometry": { "type": "LineString", "coordinates": [ [ 0.6399676, 51.8086597 ], [ 0.63984, 51.8085542 ] ] } },
{ "type": "Feature", "properties": { "id": 32737, "nach": 0.23345690660377347 }, "geometry": { "type": "LineString", "coordinates": [ [ 0.6403042, 51.8083288 ], [ 0.63984, 51.8085542 ] ] } },
{ "type": "Feature", "properties": { "id": 32741, "nach": 0.52156304640852258 }, "geometry": { "type": "LineString", "coordinates": [ [ 0.6401226, 51.8082206 ], [ 0.6402895, 51.808321 ], [ 0.6403042, 51.8083288 ] ] } },
{ "type": "Feature", "properties": { "id": 32780, "nach": 0.4260600973187792 }, "geometry": { "type": "LineString", "coordinates": [ [ 0.6401762, 51.808931600000015 ], [ 0.6401205, 51.8088853 ], [ 0.6400766, 51.808834200000021 ], [ 0.64008, 51.8087819 ] ] } },
{ "type": "Feature", "properties": { "id": 32786, "nach": 0.50322826986932545 }, "geometry": { "type": "LineString", "coordinates": [ [ 0.6399676, 51.8086597 ], [ 0.6400546, 51.8087318 ], [ 0.64008, 51.8087819 ] ] } },
{ "type": "Feature", "properties": { "id": 32779, "nach": 0.0 }, "geometry": { "type": "LineString", "coordinates": [ [ 0.6401762, 51.808931600000015 ], [ 0.6402777, 51.8090159 ], [ 0.6403098, 51.8090316 ], [ 0.6403334, 51.80903270000001 ], [ 0.6403655, 51.8090243 ], [ 0.6408015, 51.8088174 ], [ 0.6408218, 51.8088007 ], [ 0.640815, 51.8087777 ], [ 0.6407829, 51.8087537 ], [ 0.6406792, 51.8086956 ] ] } },
{ "type": "Feature", "properties": { "id": 32756, "nach": 0.13259804428395458 }, "geometry": { "type": "LineString", "coordinates": [ [ 0.6392539, 51.8086507 ], [ 0.6389178, 51.8083756 ] ] } },
{ "type": "Feature", "properties": { "id": 32763, "nach": 0.56440783398562755 }, "geometry": { "type": "LineString", "coordinates": [ [ 0.6390792, 51.8087423 ], [ 0.6392539, 51.8086507 ] ] } },
{ "type": "Feature", "properties": { "id": 32762, "nach": 0.50201234484830104 }, "geometry": { "type": "LineString", "coordinates": [ [ 0.6387473, 51.8084561 ], [ 0.6387963, 51.8084333 ], [ 0.6389178, 51.8083756 ] ] } },
{ "type": "Feature", "properties": { "id": 32765, "nach": 0.13267919478346291 }, "geometry": { "type": "LineString", "coordinates": [ [ 0.6390792, 51.8087423 ], [ 0.6387473, 51.8084561 ] ] } },
{ "type": "Feature", "properties": { "id": 32798, "nach": 0.33666246088652807 }, "geometry": { "type": "LineString", "coordinates": [ [ 0.6412045, 51.8084954 ], [ 0.6413463, 51.8082946 ] ] } },
{ "type": "Feature", "properties": { "id": 70449, "nach": 0.51525611440467978 }, "geometry": { "type": "LineString", "coordinates": [ [ 0.6407393, 51.8082711 ], [ 0.6408541, 51.808324400000011 ], [ 0.6410245, 51.8084041 ], [ 0.6412045, 51.8084954 ] ] } },
{ "type": "Feature", "properties": { "id": 32792, "nach": 0.4032919491883758 }, "geometry": { "type": "LineString", "coordinates": [ [ 0.6399762, 51.809378 ], [ 0.639749, 51.8094956 ] ] } },
{ "type": "Feature", "properties": { "id": 32794, "nach": 0.403649436542179 }, "geometry": { "type": "LineString", "coordinates": [ [ 0.6398272, 51.8092603 ], [ 0.6399762, 51.809378 ] ] } },
{ "type": "Feature", "properties": { "id": 70446, "nach": 0.46268876248887775 }, "geometry": { "type": "LineString", "coordinates": [ [ 0.6409054, 51.8081433 ], [ 0.6407393, 51.8082711 ] ] } },
{ "type": "Feature", "properties": { "id": 70448, "nach": 0.40157968349278356 }, "geometry": { "type": "LineString", "coordinates": [ [ 0.6413463, 51.8082946 ], [ 0.6410417, 51.8081647 ], [ 0.6409054, 51.8081433 ] ] } },
{ "type": "Feature", "properties": { "id": 64752, "nach": 0.44686361097602539 }, "geometry": { "type": "LineString", "coordinates": [ [ 0.6420189, 51.7999684 ], [ 0.6420434, 51.7998637 ], [ 0.6421678, 51.7997303 ] ] } },
{ "type": "Feature", "properties": { "id": 64754, "nach": 0.64308233400259107 }, "geometry": { "type": "LineString", "coordinates": [ [ 0.6423296, 51.8001348 ], [ 0.6424598, 51.8001492 ] ] } },
{ "type": "Feature", "properties": { "id": 64757, "nach": 0.44944792231175512 }, "geometry": { "type": "LineString", "coordinates": [ [ 0.6422157, 51.8001981 ], [ 0.6423296, 51.8001348 ] ] } },
{ "type": "Feature", "properties": { "id": 33889, "nach": 0.59132157543448927 }, "geometry": { "type": "LineString", "coordinates": [ [ 0.6424598, 51.8001492 ], [ 0.6424573, 51.8001158 ] ] } },
{ "type": "Feature", "properties": { "id": 65973, "nach": 0.44652291347417589 }, "geometry": { "type": "LineString", "coordinates": [ [ 0.6427681, 51.8001167 ], [ 0.6424573, 51.8001158 ] ] } },
{ "type": "Feature", "properties": { "id": 65972, "nach": 0.5737515134582799 }, "geometry": { "type": "LineString", "coordinates": [ [ 0.6424573, 51.8001158 ], [ 0.64245, 51.8000172 ], [ 0.6424456, 51.7999574 ] ] } },
{ "type": "Feature", "properties": { "id": 34348, "nach": 0.4377027775831509 }, "geometry": { "type": "LineString", "coordinates": [ [ 0.6385747, 51.8002014 ], [ 0.6385867, 51.8001542 ], [ 0.6389528, 51.8000298 ], [ 0.6389632, 51.8000459 ] ] } },
{ "type": "Feature", "properties": { "id": 34347, "nach": 0.48837821421347488 }, "geometry": { "type": "LineString", "coordinates": [ [ 0.6385747, 51.8002014 ], [ 0.6385049, 51.8002246 ] ] } },
{ "type": "Feature", "properties": { "id": 34351, "nach": 0.0 }, "geometry": { "type": "LineString", "coordinates": [ [ 0.6387262, 51.8004801 ], [ 0.6387825, 51.800432 ], [ 0.6387959, 51.8003855 ], [ 0.6386726, 51.8002346 ], [ 0.6385747, 51.8002014 ] ] } },
{ "type": "Feature", "properties": { "id": 34350, "nach": 0.54017263578881647 }, "geometry": { "type": "LineString", "coordinates": [ [ 0.6387262, 51.8004801 ], [ 0.6385049, 51.8002246 ] ] } },
{ "type": "Feature", "properties": { "id": 53074, "nach": 0.39462022903944532 }, "geometry": { "type": "LineString", "coordinates": [ [ 0.6476367, 51.791815 ], [ 0.6485882, 51.7922811 ] ] } },
{ "type": "Feature", "properties": { "id": 53075, "nach": 0.51948124873498736 }, "geometry": { "type": "LineString", "coordinates": [ [ 0.6476367, 51.791815 ], [ 0.6477209, 51.7917534 ] ] } },
{ "type": "Feature", "properties": { "id": 53077, "nach": 0.40056157621127264 }, "geometry": { "type": "LineString", "coordinates": [ [ 0.6476367, 51.791815 ], [ 0.6475128, 51.7919098 ], [ 0.6473544, 51.7920311 ], [ 0.6474257, 51.7922723 ] ] } },
{ "type": "Feature", "properties": { "id": 35200, "nach": 0.45008585973239124 }, "geometry": { "type": "LineString", "coordinates": [ [ 0.6475552, 51.7916813 ], [ 0.6477209, 51.7917534 ] ] } },
{ "type": "Feature", "properties": { "id": 49035, "nach": 0.47147839235935296 }, "geometry": { "type": "LineString", "coordinates": [ [ 0.6482433, 51.7918178 ], [ 0.6481726, 51.7918799 ], [ 0.6480868, 51.7918937 ], [ 0.6480103, 51.7918794 ], [ 0.6477209, 51.7917534 ] ] } },
{ "type": "Feature", "properties": { "id": 35208, "nach": 0.40173904575983799 }, "geometry": { "type": "LineString", "coordinates": [ [ 0.6474323, 51.7916278 ], [ 0.6475552, 51.7916813 ] ] } },
{ "type": "Feature", "properties": { "id": 35210, "nach": 0.24584667348445119 }, "geometry": { "type": "LineString", "coordinates": [ [ 0.6470329, 51.7909877 ], [ 0.647164, 51.7909808 ], [ 0.6472908, 51.7910242 ], [ 0.6474323, 51.7910969 ], [ 0.6477945, 51.7913093 ], [ 0.6478212, 51.7913689 ], [ 0.6477971, 51.7914552 ], [ 0.6477515, 51.7915233 ], [ 0.6475552, 51.7916813 ] ] } },
{ "type": "Feature", "properties": { "id": 49033, "nach": 0.39916037339645621 }, "geometry": { "type": "LineString", "coordinates": [ [ 0.6482433, 51.7918178 ], [ 0.6482937, 51.7917635 ] ] } },
{ "type": "Feature", "properties": { "id": 49036, "nach": 0.39273903238553443 }, "geometry": { "type": "LineString", "coordinates": [ [ 0.6486279, 51.7920367 ], [ 0.6482433, 51.7918178 ] ] } },
{ "type": "Feature", "properties": { "id": 59936, "nach": 0.39682997521113372 }, "geometry": { "type": "LineString", "coordinates": [ [ 0.6428944, 51.7914302 ], [ 0.6429653, 51.7914721 ], [ 0.6430791, 51.7915565 ], [ 0.6436405, 51.7922533 ], [ 0.6436595, 51.7922745 ], [ 0.643657, 51.7924671 ] ] } },
{ "type": "Feature", "properties": { "id": 37356, "nach": 0.56419182274079371 }, "geometry": { "type": "LineString", "coordinates": [ [ 0.6427333, 51.7926562 ], [ 0.6429121, 51.792668 ], [ 0.6430099, 51.7926557 ], [ 0.643657, 51.7924671 ] ] } },
{ "type": "Feature", "properties": { "id": 37364, "nach": 0.46757190415352745 }, "geometry": { "type": "LineString", "coordinates": [ [ 0.6364099, 51.7971458 ], [ 0.6362108, 51.7970109 ] ] } },
{ "type": "Feature", "properties": { "id": 70320, "nach": 0.48198914957099176 }, "geometry": { "type": "LineString", "coordinates": [ [ 0.6428684, 51.7953066 ], [ 0.6428926, 51.795239199999983 ], [ 0.6429105, 51.7951842 ], [ 0.642976, 51.7949817 ], [ 0.6429454, 51.7947358 ] ] } },
{ "type": "Feature", "properties": { "id": 59718, "nach": 0.33965782815253492 }, "geometry": { "type": "LineString", "coordinates": [ [ 0.6413443, 51.7929245 ], [ 0.6410304, 51.7924925 ], [ 0.6410555, 51.7924445 ], [ 0.6410517, 51.7924316 ], [ 0.6410014, 51.79236130000001 ], [ 0.6404723, 51.7916867 ] ] } },
{ "type": "Feature", "properties": { "id": 59236, "nach": 0.53393482408315129 }, "geometry": { "type": "LineString", "coordinates": [ [ 0.640431, 51.7921233 ], [ 0.6404947, 51.7921075 ], [ 0.6405276, 51.7921063 ], [ 0.6405631, 51.7921108 ], [ 0.6405893, 51.792127400000012 ], [ 0.640946, 51.792587400000016 ], [ 0.6411761, 51.79287930000001 ], [ 0.6411521, 51.7929158 ] ] } },
{ "type": "Feature", "properties": { "id": 59727, "nach": 0.53534746321169735 }, "geometry": { "type": "LineString", "coordinates": [ [ 0.6395043, 51.7928989 ], [ 0.6408682, 51.7930025 ], [ 0.6408964, 51.792998400000016 ], [ 0.6411521, 51.7929158 ] ] } },
{ "type": "Feature", "properties": { "id": 38333, "nach": 0.4223673287086544 }, "geometry": { "type": "LineString", "coordinates": [ [ 0.6403388, 51.7936816 ], [ 0.6403712, 51.7937197 ] ] } },
{ "type": "Feature", "properties": { "id": 38328, "nach": 0.508093522965126 }, "geometry": { "type": "LineString", "coordinates": [ [ 0.6407972, 51.793617 ], [ 0.6405744, 51.7936628 ], [ 0.6403712, 51.7937197 ] ] } },
{ "type": "Feature", "properties": { "id": 38334, "nach": 0.0 }, "geometry": { "type": "LineString", "coordinates": [ [ 0.6403388, 51.7936816 ], [ 0.6403636, 51.7935382 ], [ 0.640668, 51.7935601 ], [ 0.6407972, 51.793617 ] ] } },
{ "type": "Feature", "properties": { "id": 68167, "nach": 0.46382661492255778 }, "geometry": { "type": "LineString", "coordinates": [ [ 0.6386621, 51.7937581 ], [ 0.6385628, 51.7938117 ], [ 0.6384057, 51.7939042 ], [ 0.6382901, 51.7939735 ], [ 0.638243, 51.7939971 ], [ 0.6381942, 51.7940063 ], [ 0.6381483, 51.794007 ], [ 0.638069, 51.793971 ] ] } },
{ "type": "Feature", "properties": { "id": 59755, "nach": 0.52822185163232771 }, "geometry": { "type": "LineString", "coordinates": [ [ 0.6391204, 51.7930894 ], [ 0.6397177, 51.79313290000001 ] ] } },
{ "type": "Feature", "properties": { "id": 40346, "nach": 0.43691721332988781 }, "geometry": { "type": "LineString", "coordinates": [ [ 0.6448188, 51.805038 ], [ 0.6445134, 51.8049534 ] ] } },
{ "type": "Feature", "properties": { "id": 41693, "nach": 0.0 }, "geometry": { "type": "LineString", "coordinates": [ [ 0.6517877, 51.8063238 ], [ 0.651321, 51.8057715 ], [ 0.6512066, 51.8057383 ], [ 0.6511389, 51.8057383 ], [ 0.6510152, 51.8057715 ], [ 0.6508984, 51.8058134 ], [ 0.6508891, 51.805855200000011 ], [ 0.651377, 51.8064501 ], [ 0.651767, 51.8063317 ], [ 0.6517877, 51.8063238 ] ] } },
{ "type": "Feature", "properties": { "id": 42022, "nach": 0.48476297294729276 }, "geometry": { "type": "LineString", "coordinates": [ [ 0.6395963, 51.8004827 ], [ 0.6394621, 51.8005304 ] ] } },
{ "type": "Feature", "properties": { "id": 42023, "nach": 0.43731368674665766 }, "geometry": { "type": "LineString", "coordinates": [ [ 0.6395963, 51.8004827 ], [ 0.6396706, 51.8004562 ] ] } },
{ "type": "Feature", "properties": { "id": 41954, "nach": 0.4465517083182689 }, "geometry": { "type": "LineString", "coordinates": [ [ 0.6447614, 51.8114847 ], [ 0.6445703, 51.8117582 ] ] } },
{ "type": "Feature", "properties": { "id": 41994, "nach": 0.37692229514844533 }, "geometry": { "type": "LineString", "coordinates": [ [ 0.6418948, 51.8053575 ], [ 0.6418808, 51.8055066 ], [ 0.6418551, 51.805686 ] ] } },
{ "type": "Feature", "properties": { "id": 41996, "nach": 0.38370741297525551 }, "geometry": { "type": "LineString", "coordinates": [ [ 0.6420989, 51.8053651 ], [ 0.6418948, 51.8053575 ] ] } },
{ "type": "Feature", "properties": { "id": 41998, "nach": 0.0 }, "geometry": { "type": "LineString", "coordinates": [ [ 0.6420989, 51.8053651 ], [ 0.6421287, 51.805239700000016 ], [ 0.6422072, 51.8052416 ], [ 0.642176, 51.8055673 ], [ 0.6420873, 51.8055649 ], [ 0.6420989, 51.8053651 ] ] } },
{ "type": "Feature", "properties": { "id": 42084, "nach": 0.44907857075484992 }, "geometry": { "type": "LineString", "coordinates": [ [ 0.6409997, 51.8059986 ], [ 0.6409192, 51.8060628 ] ] } },
{ "type": "Feature", "properties": { "id": 42083, "nach": 0.60534991202411659 }, "geometry": { "type": "LineString", "coordinates": [ [ 0.6409997, 51.8059986 ], [ 0.6410598, 51.8059507 ] ] } },
{ "type": "Feature", "properties": { "id": 42066, "nach": 0.59705773666978335 }, "geometry": { "type": "LineString", "coordinates": [ [ 0.6402718, 51.8057078 ], [ 0.6402952, 51.8057233 ] ] } },
{ "type": "Feature", "properties": { "id": 42064, "nach": 0.59556087538104696 }, "geometry": { "type": "LineString", "coordinates": [ [ 0.6410598, 51.8059507 ], [ 0.6402952, 51.8057233 ] ] } },
{ "type": "Feature", "properties": { "id": 42079, "nach": 0.50376092567333675 }, "geometry": { "type": "LineString", "coordinates": [ [ 0.6407318, 51.8056999 ], [ 0.6409655, 51.8057661 ] ] } },
{ "type": "Feature", "properties": { "id": 42082, "nach": 0.43767562782738234 }, "geometry": { "type": "LineString", "coordinates": [ [ 0.640890299999989, 51.8051428 ], [ 0.6407318, 51.8056999 ] ] } },
{ "type": "Feature", "properties": { "id": 42068, "nach": 0.44101420561886956 }, "geometry": { "type": "LineString", "coordinates": [ [ 0.6402718, 51.8057078 ], [ 0.6398912, 51.8054547 ], [ 0.6393533, 51.8052575 ] ] } },
{ "type": "Feature", "properties": { "id": 42070, "nach": 0.58654411982051358 }, "geometry": { "type": "LineString", "coordinates": [ [ 0.6401689, 51.8058475 ], [ 0.6402718, 51.8057078 ] ] } },
{ "type": "Feature", "properties": { "id": 42074, "nach": 0.51278889648954151 }, "geometry": { "type": "LineString", "coordinates": [ [ 0.6411773, 51.805826 ], [ 0.6411705, 51.805862500000018 ], [ 0.6410598, 51.8059507 ] ] } },
{ "type": "Feature", "properties": { "id": 42053, "nach": 0.44043790897549456 }, "geometry": { "type": "LineString", "coordinates": [ [ 0.6393533, 51.8052575 ], [ 0.6392141, 51.8052064 ] ] } },
{ "type": "Feature", "properties": { "id": 42785, "nach": 0.44096950154578612 }, "geometry": { "type": "LineString", "coordinates": [ [ 0.6397328, 51.805570799999984 ], [ 0.6394035, 51.8053889 ], [ 0.6393533, 51.8052575 ] ] } },
{ "type": "Feature", "properties": { "id": 42784, "nach": 0.59010228414569188 }, "geometry": { "type": "LineString", "coordinates": [ [ 0.6397328, 51.805570799999984 ], [ 0.6400334, 51.8057369 ], [ 0.6400281, 51.8058036 ], [ 0.6401689, 51.8058475 ] ] } },
{ "type": "Feature", "properties": { "id": 42061, "nach": 0.41559469288474477 }, "geometry": { "type": "LineString", "coordinates": [ [ 0.6409192, 51.8060628 ], [ 0.640865, 51.8061304 ], [ 0.6408238, 51.80617620000001 ], [ 0.640781, 51.8061762 ], [ 0.6407151, 51.8061497 ], [ 0.6405223, 51.8060907 ], [ 0.6404185, 51.8060591 ], [ 0.6403394, 51.8059776 ], [ 0.6403228, 51.8058953 ] ] } },
{ "type": "Feature", "properties": { "id": 42069, "nach": 0.44319460308255509 }, "geometry": { "type": "LineString", "coordinates": [ [ 0.6401689, 51.8058475 ], [ 0.6403228, 51.8058953 ] ] } },
{ "type": "Feature", "properties": { "id": 42072, "nach": 0.43348445808033431 }, "geometry": { "type": "LineString", "coordinates": [ [ 0.6411773, 51.805826 ], [ 0.6413042, 51.80517 ] ] } },
{ "type": "Feature", "properties": { "id": 42075, "nach": 0.49110638315381927 }, "geometry": { "type": "LineString", "coordinates": [ [ 0.6409655, 51.8057661 ], [ 0.6411773, 51.805826 ] ] } },
{ "type": "Feature", "properties": { "id": 42078, "nach": 0.43516593239907864 }, "geometry": { "type": "LineString", "coordinates": [ [ 0.6410873, 51.8051458 ], [ 0.6409655, 51.8057661 ] ] } },
{ "type": "Feature", "properties": { "id": 43003, "nach": 0.4641728978871219 }, "geometry": { "type": "LineString", "coordinates": [ [ 0.6434407, 51.80247390000001 ], [ 0.6434217, 51.802493 ], [ 0.64315, 51.802633 ] ] } },
{ "type": "Feature", "properties": { "id": 57261, "nach": 0.45518681921722282 }, "geometry": { "type": "LineString", "coordinates": [ [ 0.6430588, 51.8027634 ], [ 0.6431269, 51.8028129 ], [ 0.6431719, 51.8028421 ], [ 0.643194, 51.80285640000001 ], [ 0.6432303, 51.8028638 ], [ 0.6432579, 51.80286310000001 ], [ 0.643299, 51.8028574 ], [ 0.6433185, 51.80284910000001 ], [ 0.6433573, 51.8028296 ], [ 0.6435218, 51.8027413 ], [ 0.6435917, 51.802701 ], [ 0.6436182, 51.8026798 ], [ 0.6436247, 51.80266240000001 ], [ 0.6436236, 51.8026423 ], [ 0.6436063, 51.8026122 ], [ 0.6435852, 51.8025867 ], [ 0.6434407, 51.80247390000001 ] ] } },
{ "type": "Feature", "properties": { "id": 57266, "nach": 0.63855659055337299 }, "geometry": { "type": "LineString", "coordinates": [ [ 0.6440945, 51.8027086 ], [ 0.6442142, 51.8027961 ] ] } },
{ "type": "Feature", "properties": { "id": 57269, "nach": 0.46050005316185483 }, "geometry": { "type": "LineString", "coordinates": [ [ 0.6432778, 51.803025 ], [ 0.643315, 51.8030496 ], [ 0.6433521, 51.8030742 ], [ 0.6433893, 51.8030841 ], [ 0.6434154, 51.8030811 ], [ 0.6434527, 51.8030623 ], [ 0.6440945, 51.8027086 ] ] } },
{ "type": "Feature", "properties": { "id": 43013, "nach": 0.44074173095671515 }, "geometry": { "type": "LineString", "coordinates": [ [ 0.6406193, 51.8010893 ], [ 0.64023, 51.8012527 ] ] } },
{ "type": "Feature", "properties": { "id": 46487, "nach": 0.53371897541978508 }, "geometry": { "type": "LineString", "coordinates": [ [ 0.6402275, 51.801768 ], [ 0.6401307, 51.8016545 ], [ 0.6399677, 51.8015175 ], [ 0.6399536, 51.8014986 ], [ 0.6399534, 51.801479 ], [ 0.6399721, 51.801459 ], [ 0.6401769, 51.801342 ], [ 0.6402149, 51.8013118 ], [ 0.6402358, 51.8012872 ], [ 0.64023, 51.8012527 ] ] } },
{ "type": "Feature", "properties": { "id": 46493, "nach": 0.41884543010944064 }, "geometry": { "type": "LineString", "coordinates": [ [ 0.6396799, 51.801708500000011 ], [ 0.6395666, 51.8018318 ], [ 0.6395606, 51.8018417 ], [ 0.6395639, 51.8018544 ], [ 0.639582, 51.8018671 ], [ 0.639608, 51.80187560000001 ], [ 0.6397192, 51.8019127 ], [ 0.6397493, 51.8019241 ], [ 0.6397821, 51.801929300000012 ], [ 0.6398118, 51.801927500000012 ], [ 0.6402275, 51.801768 ] ] } },
{ "type": "Feature", "properties": { "id": 46491, "nach": 0.4989439726806959 }, "geometry": { "type": "LineString", "coordinates": [ [ 0.640325, 51.8018898 ], [ 0.6403078, 51.801864100000017 ], [ 0.6402275, 51.801768 ] ] } },
{ "type": "Feature", "properties": { "id": 43035, "nach": 0.074680837139209935 }, "geometry": { "type": "LineString", "coordinates": [ [ 0.6383368, 51.80045650000001 ], [ 0.6383397, 51.8003026 ], [ 0.6380864, 51.8000123 ], [ 0.6380253, 51.8000015 ], [ 0.6376825, 51.8000812 ], [ 0.6378834, 51.8005052 ] ] } },
{ "type": "Feature", "properties": { "id": 60646, "nach": 0.34522894831582257 }, "geometry": { "type": "LineString", "coordinates": [ [ 0.6574048, 51.8055406 ], [ 0.657429, 51.8055538 ] ] } },
{ "type": "Feature", "properties": { "id": 64290, "nach": 0.0 }, "geometry": { "type": "LineString", "coordinates": [ [ 0.6544129, 51.8073765 ], [ 0.6543704, 51.8073592 ], [ 0.6543081, 51.8072922 ], [ 0.6545486, 51.8071696 ], [ 0.6551821, 51.80682740000001 ], [ 0.6558167, 51.8064885 ], [ 0.6562202, 51.806271 ], [ 0.6562793, 51.8062294 ], [ 0.6563115, 51.806193700000016 ], [ 0.6563195, 51.8061443 ], [ 0.656317, 51.8060277 ], [ 0.6563109, 51.8058963 ], [ 0.6563214, 51.8058662 ], [ 0.6563583, 51.8058253 ], [ 0.6568797, 51.8054065 ], [ 0.6569086, 51.8053922 ], [ 0.6573744, 51.805588 ], [ 0.657429, 51.8055538 ] ] } },
{ "type": "Feature", "properties": { "id": 60647, "nach": 0.23919849559536965 }, "geometry": { "type": "LineString", "coordinates": [ [ 0.6574048, 51.8055406 ], [ 0.6567155, 51.8051663 ], [ 0.6555018, 51.804472 ], [ 0.6553013, 51.8043943 ], [ 0.6552665, 51.8043645 ], [ 0.6552772, 51.8043116 ], [ 0.6555045, 51.8039314 ], [ 0.6555793, 51.8039066 ], [ 0.6556943, 51.8039132 ], [ 0.6560391, 51.8042504 ] ] } },
{ "type": "Feature", "properties": { "id": 66014, "nach": 0.56151909548595558 }, "geometry": { "type": "LineString", "coordinates": [ [ 0.6354713, 51.7967381 ], [ 0.6353088, 51.7969031 ] ] } },
{ "type": "Feature", "properties": { "id": 66016, "nach": 0.4491868675385019 }, "geometry": { "type": "LineString", "coordinates": [ [ 0.6354713, 51.7967381 ], [ 0.6355231, 51.7969196 ], [ 0.6349947, 51.7974415 ] ] } },
{ "type": "Feature", "properties": { "id": 54863, "nach": 0.48628746443005588 }, "geometry": { "type": "LineString", "coordinates": [ [ 0.6342067, 51.7966368 ], [ 0.634213, 51.796619 ], [ 0.6342768, 51.7965529 ], [ 0.6342942, 51.7965388 ], [ 0.6343534, 51.7965282 ], [ 0.6343885, 51.7965312 ], [ 0.6345405, 51.7965856 ], [ 0.6353088, 51.7969031 ] ] } },
{ "type": "Feature", "properties": { "id": 54860, "nach": 0.5027830046518893 }, "geometry": { "type": "LineString", "coordinates": [ [ 0.6351567, 51.7970421 ], [ 0.6352033, 51.7969995 ], [ 0.6353088, 51.7969031 ] ] } },
{ "type": "Feature", "properties": { "id": 54862, "nach": 0.14936431670669675 }, "geometry": { "type": "LineString", "coordinates": [ [ 0.6342067, 51.7966368 ], [ 0.6342164, 51.7966562 ], [ 0.6342435, 51.796669499999986 ], [ 0.6350455, 51.7969958 ], [ 0.6350717, 51.7970064 ], [ 0.6351567, 51.7970421 ] ] } },
{ "type": "Feature", "properties": { "id": 54864, "nach": 0.45047764623467107 }, "geometry": { "type": "LineString", "coordinates": [ [ 0.6348398, 51.7973317 ], [ 0.6349842, 51.7971998 ], [ 0.6351567, 51.7970421 ] ] } },
{ "type": "Feature", "properties": { "id": 46419, "nach": 0.43015036931418071 }, "geometry": { "type": "LineString", "coordinates": [ [ 0.6353993, 51.8076947 ], [ 0.6357729, 51.80774670000001 ] ] } },
{ "type": "Feature", "properties": { "id": 46490, "nach": 0.42368151036024088 }, "geometry": { "type": "LineString", "coordinates": [ [ 0.640325, 51.8018898 ], [ 0.6400744, 51.8019826 ] ] } },
{ "type": "Feature", "properties": { "id": 56975, "nach": 0.42289349685389704 }, "geometry": { "type": "LineString", "coordinates": [ [ 0.640232, 51.802085 ], [ 0.6403741, 51.8020344 ], [ 0.6403967, 51.8020171 ], [ 0.6404053, 51.8019991 ], [ 0.6404028, 51.801982 ], [ 0.6403858, 51.801961800000022 ], [ 0.640325, 51.8018898 ] ] } },
{ "type": "Feature", "properties": { "id": 54731, "nach": 0.63156287967519464 }, "geometry": { "type": "LineString", "coordinates": [ [ 0.641186, 51.7991558 ], [ 0.6412806, 51.799077 ], [ 0.6413155, 51.7990505 ] ] } },
{ "type": "Feature", "properties": { "id": 70335, "nach": 0.43906629649305495 }, "geometry": { "type": "LineString", "coordinates": [ [ 0.6401877, 51.7992833 ], [ 0.6402508, 51.7993233 ], [ 0.640334, 51.7993462 ], [ 0.6404095, 51.799349 ], [ 0.6404696, 51.7993338 ], [ 0.6405173, 51.799305200000013 ], [ 0.6405928, 51.799248 ], [ 0.640636, 51.79920520000001 ], [ 0.6406606, 51.7991556 ], [ 0.6406899, 51.799116600000012 ], [ 0.6408213, 51.799015 ], [ 0.6409064, 51.7989473 ], [ 0.6409418, 51.7989364 ], [ 0.6409946, 51.7989324 ], [ 0.6413155, 51.7990505 ] ] } },
{ "type": "Feature", "properties": { "id": 54732, "nach": 0.52087086021328732 }, "geometry": { "type": "LineString", "coordinates": [ [ 0.641186, 51.7991558 ], [ 0.6415756, 51.799301900000017 ], [ 0.6417364, 51.7993667 ] ] } },
{ "type": "Feature", "properties": { "id": 49045, "nach": 0.42190813109586217 }, "geometry": { "type": "LineString", "coordinates": [ [ 0.6455727, 51.7919875 ], [ 0.6455109, 51.7920063 ], [ 0.6454721, 51.7920247 ], [ 0.6454282, 51.79205180000001 ], [ 0.6454063, 51.7920846 ], [ 0.6454046, 51.792186 ] ] } },
{ "type": "Feature", "properties": { "id": 49044, "nach": 0.42135116480532703 }, "geometry": { "type": "LineString", "coordinates": [ [ 0.6455727, 51.7919875 ], [ 0.645651, 51.792007 ], [ 0.6457442, 51.7920404 ], [ 0.6457951, 51.7920791 ], [ 0.645852, 51.792171 ] ] } },
{ "type": "Feature", "properties": { "id": 49053, "nach": 0.41724354428157173 }, "geometry": { "type": "LineString", "coordinates": [ [ 0.6460689, 51.7918423 ], [ 0.6460504, 51.791845799999983 ], [ 0.6460115, 51.7918849 ], [ 0.6459936, 51.7919331 ], [ 0.6459952, 51.7919823 ], [ 0.6460163, 51.7920766 ] ] } },
{ "type": "Feature", "properties": { "id": 49052, "nach": 0.41955307051232127 }, "geometry": { "type": "LineString", "coordinates": [ [ 0.6460689, 51.7918423 ], [ 0.6461348, 51.7918297 ], [ 0.6462808, 51.7918167 ] ] } },
{ "type": "Feature", "properties": { "id": 57262, "nach": 0.63999744219061483 }, "geometry": { "type": "LineString", "coordinates": [ [ 0.6442142, 51.8027961 ], [ 0.6443912, 51.802940800000016 ] ] } },
{ "type": "Feature", "properties": { "id": 52777, "nach": 0.46510385772025631 }, "geometry": { "type": "LineString", "coordinates": [ [ 0.6450055, 51.8025984 ], [ 0.6446459, 51.8027707 ], [ 0.6443912, 51.802940800000016 ] ] } },
{ "type": "Feature", "properties": { "id": 51283, "nach": 0.42720486455065843 }, "geometry": { "type": "LineString", "coordinates": [ [ 0.6426854, 51.810491399999989 ], [ 0.6430808, 51.8104491 ] ] } },
{ "type": "Feature", "properties": { "id": 51285, "nach": 0.42875309317181814 }, "geometry": { "type": "LineString", "coordinates": [ [ 0.6426854, 51.810491399999989 ], [ 0.6427307, 51.8106752 ] ] } },
{ "type": "Feature", "properties": { "id": 59741, "nach": 0.60577707474135212 }, "geometry": { "type": "LineString", "coordinates": [ [ 0.6397558, 51.7930224 ], [ 0.6394881, 51.7930024 ] ] } },
{ "type": "Feature", "properties": { "id": 59724, "nach": 0.58896643557069461 }, "geometry": { "type": "LineString", "coordinates": [ [ 0.6395043, 51.7928989 ], [ 0.6394881, 51.7930024 ] ] } },
{ "type": "Feature", "properties": { "id": 59750, "nach": 0.45804551235748714 }, "geometry": { "type": "LineString", "coordinates": [ [ 0.6397177, 51.79313290000001 ], [ 0.6397558, 51.7930224 ] ] } },
{ "type": "Feature", "properties": { "id": 59725, "nach": 0.53702794683828015 }, "geometry": { "type": "LineString", "coordinates": [ [ 0.6395043, 51.7928989 ], [ 0.6395592, 51.7926047 ], [ 0.6395807, 51.792529 ], [ 0.6397742, 51.792534100000012 ], [ 0.6400528, 51.7925716 ], [ 0.6400541, 51.792549 ], [ 0.6398658, 51.792290800000011 ] ] } },
{ "type": "Feature", "properties": { "id": 59726, "nach": 0.49024557503767752 }, "geometry": { "type": "LineString", "coordinates": [ [ 0.6395043, 51.7928989 ], [ 0.6388365, 51.7928441 ], [ 0.6387975, 51.7928434 ] ] } },
{ "type": "Feature", "properties": { "id": 52802, "nach": 0.43374253304839366 }, "geometry": { "type": "LineString", "coordinates": [ [ 0.644824, 51.7967352 ], [ 0.6448498, 51.7966362 ], [ 0.6449056, 51.79646480000001 ] ] } },
{ "type": "Feature", "properties": { "id": 52804, "nach": 0.4309360995001208 }, "geometry": { "type": "LineString", "coordinates": [ [ 0.6453653, 51.7967118 ], [ 0.6453592, 51.7967956 ], [ 0.644824, 51.7967352 ] ] } },
{ "type": "Feature", "properties": { "id": 57265, "nach": 0.46235872468653921 }, "geometry": { "type": "LineString", "coordinates": [ [ 0.6435169, 51.8031872 ], [ 0.643671, 51.803119 ], [ 0.6437452, 51.8030818 ], [ 0.6438196, 51.803044 ], [ 0.6439388, 51.8029872 ], [ 0.6439651, 51.8029678 ], [ 0.6439779, 51.802944 ], [ 0.6440054, 51.8029105 ], [ 0.6440313, 51.8028915 ], [ 0.6442142, 51.8027961 ] ] } },
{ "type": "Feature", "properties": { "id": 52927, "nach": 0.40693892738794052 }, "geometry": { "type": "LineString", "coordinates": [ [ 0.6474031, 51.806373699999988 ], [ 0.6481396, 51.8069078 ], [ 0.648158, 51.8069124 ], [ 0.6481752, 51.8069102 ], [ 0.6483634, 51.80681 ] ] } },
{ "type": "Feature", "properties": { "id": 52928, "nach": 0.41872183795105516 }, "geometry": { "type": "LineString", "coordinates": [ [ 0.6477436, 51.8061923 ], [ 0.6474031, 51.806373699999988 ] ] } },
{ "type": "Feature", "properties": { "id": 54728, "nach": 0.44604426597016966 }, "geometry": { "type": "LineString", "coordinates": [ [ 0.6417364, 51.7993667 ], [ 0.6416255, 51.7994624 ] ] } },
{ "type": "Feature", "properties": { "id": 54727, "nach": 0.44452805660742123 }, "geometry": { "type": "LineString", "coordinates": [ [ 0.6417364, 51.7993667 ], [ 0.6419437, 51.799188099999988 ] ] } },
{ "type": "Feature", "properties": { "id": 55101, "nach": 0.37371658506109134 }, "geometry": { "type": "LineString", "coordinates": [ [ 0.6526611, 51.8115141 ], [ 0.6522181, 51.811149500000013 ] ] } },
{ "type": "Feature", "properties": { "id": 56470, "nach": 0.44010784042911932 }, "geometry": { "type": "LineString", "coordinates": [ [ 0.6479225, 51.8120367 ], [ 0.6478071, 51.8119256 ], [ 0.6479966, 51.8118464 ] ] } },
{ "type": "Feature", "properties": { "id": 57056, "nach": 0.50624874098942474 }, "geometry": { "type": "LineString", "coordinates": [ [ 0.6409474, 51.81047130000001 ], [ 0.6409178, 51.8103497 ] ] } },
{ "type": "Feature", "properties": { "id": 57068, "nach": 0.43157375642259777 }, "geometry": { "type": "LineString", "coordinates": [ [ 0.6428562, 51.8101176 ], [ 0.6429113, 51.8103714 ] ] } },
{ "type": "Feature", "properties": { "id": 57078, "nach": 0.0 }, "geometry": { "type": "LineString", "coordinates": [ [ 0.6436823, 51.810377300000013 ], [ 0.6437168, 51.810565 ], [ 0.6434432, 51.8105923 ], [ 0.6433962, 51.8104083 ], [ 0.6436823, 51.810377300000013 ] ] } },
{ "type": "Feature", "properties": { "id": 58285, "nach": 0.41375968117075018 }, "geometry": { "type": "LineString", "coordinates": [ [ 0.6437105, 51.805159 ], [ 0.6437152, 51.8050784 ], [ 0.6434741, 51.8050697 ], [ 0.6434558, 51.80527080000001 ] ] } },
{ "type": "Feature", "properties": { "id": 58288, "nach": 0.41701712503448957 }, "geometry": { "type": "LineString", "coordinates": [ [ 0.6439521, 51.8052786 ], [ 0.6439633, 51.8051711 ], [ 0.6437105, 51.805159 ] ] } },
{ "type": "Feature", "properties": { "id": 59753, "nach": 0.49069584506095393 }, "geometry": { "type": "LineString", "coordinates": [ [ 0.6397177, 51.79313290000001 ], [ 0.6398711, 51.7931443 ], [ 0.6400005, 51.7931522 ] ] } },
{ "type": "Feature", "properties": { "id": 64289, "nach": 0.47199023629726622 }, "geometry": { "type": "LineString", "coordinates": [ [ 0.6544129, 51.8073765 ], [ 0.6544737, 51.8074012 ] ] } },
{ "type": "Feature", "properties": { "id": 64318, "nach": 0.60746213197208709 }, "geometry": { "type": "LineString", "coordinates": [ [ 0.653323133459182, 51.80820096382417 ], [ 0.6544129, 51.8073765 ] ] } },
{ "type": "Feature", "properties": { "id": 62380, "nach": 0.38400809282753151 }, "geometry": { "type": "LineString", "coordinates": [ [ 0.6396411, 51.7970142 ], [ 0.6388789, 51.7974027 ] ] } },
{ "type": "Feature", "properties": { "id": 62399, "nach": 0.46240732891089703 }, "geometry": { "type": "LineString", "coordinates": [ [ 0.6398552, 51.79716710000001 ], [ 0.6396411, 51.7970142 ] ] } },
{ "type": "Feature", "properties": { "id": 62384, "nach": 0.49807728291354159 }, "geometry": { "type": "LineString", "coordinates": [ [ 0.6403226, 51.7962106 ], [ 0.6402521, 51.7964671 ], [ 0.6399464, 51.7968586 ], [ 0.6396411, 51.7970142 ] ] } },
{ "type": "Feature", "properties": { "id": 62397, "nach": 0.38511254550712409 }, "geometry": { "type": "LineString", "coordinates": [ [ 0.6398552, 51.79716710000001 ], [ 0.640279, 51.7969515 ] ] } },
{ "type": "Feature", "properties": { "id": 62398, "nach": 0.38737003263567921 }, "geometry": { "type": "LineString", "coordinates": [ [ 0.6398552, 51.79716710000001 ], [ 0.6395387, 51.797316400000014 ] ] } },
{ "type": "Feature", "properties": { "id": 62395, "nach": 0.5369842809715708 }, "geometry": { "type": "LineString", "coordinates": [ [ 0.6404389, 51.7957053 ], [ 0.6403226, 51.7962106 ] ] } },
{ "type": "Feature", "properties": { "id": 62402, "nach": 0.44381009331366816 }, "geometry": { "type": "LineString", "coordinates": [ [ 0.6389057, 51.796759 ], [ 0.6384819, 51.7965301 ], [ 0.6386106, 51.7963477 ], [ 0.6389486, 51.79617180000001 ], [ 0.6391417, 51.7961685 ], [ 0.6394958, 51.7963543 ], [ 0.6398552, 51.7961834 ], [ 0.6400778, 51.7961917 ], [ 0.6403226, 51.7962106 ] ] } },
{ "type": "Feature", "properties": { "id": 62394, "nach": 0.44033365225829452 }, "geometry": { "type": "LineString", "coordinates": [ [ 0.6404389, 51.7957053 ], [ 0.6400442, 51.7956791 ] ] } },
{ "type": "Feature", "properties": { "id": 62400, "nach": 0.36882718849614232 }, "geometry": { "type": "LineString", "coordinates": [ [ 0.6389057, 51.796759 ], [ 0.6392222, 51.7965898 ] ] } },
{ "type": "Feature", "properties": { "id": 62401, "nach": 0.36704369091257444 }, "geometry": { "type": "LineString", "coordinates": [ [ 0.6389057, 51.796759 ], [ 0.6385033, 51.7969846 ] ] } },
{ "type": "Feature", "properties": { "id": 64303, "nach": 0.35237369547963543 }, "geometry": { "type": "LineString", "coordinates": [ [ 0.6512351, 51.808382299999984 ], [ 0.6513291, 51.8083271 ], [ 0.651442, 51.8082864 ], [ 0.6515065, 51.8082748 ], [ 0.6515761, 51.8082742 ], [ 0.6516793, 51.808302799999986 ], [ 0.6517596, 51.8083598 ], [ 0.6520852, 51.808604 ], [ 0.6528349, 51.8091754 ], [ 0.6529985, 51.8092984 ], [ 0.6533499, 51.8095663 ], [ 0.6537383, 51.8098824 ], [ 0.6538976, 51.8100388 ], [ 0.6540506, 51.8101896 ], [ 0.654195, 51.810341200000011 ], [ 0.6543233, 51.8104776 ], [ 0.6546187, 51.8107923 ], [ 0.6547987, 51.810965599999989 ], [ 0.6549174, 51.8110841 ], [ 0.6549738, 51.811122 ], [ 0.6551178, 51.8112482 ], [ 0.6553684, 51.811452 ], [ 0.6556192, 51.8116338 ], [ 0.6558294, 51.8117734 ], [ 0.6561959, 51.8120204 ], [ 0.656611, 51.812274 ], [ 0.6566739, 51.8123104 ] ] } },
{ "type": "Feature", "properties": { "id": 64310, "nach": 0.39839348640189826 }, "geometry": { "type": "LineString", "coordinates": [ [ 0.651146, 51.8083254 ], [ 0.6511844, 51.8083025 ], [ 0.6512497, 51.8082594 ], [ 0.6512803, 51.808215400000016 ], [ 0.651305, 51.808161499999983 ], [ 0.6513035, 51.8081188 ], [ 0.6512933, 51.8080721 ], [ 0.6512781, 51.8080286 ], [ 0.6512476, 51.807994 ], [ 0.6510769, 51.807857900000016 ], [ 0.650771, 51.807632 ], [ 0.6503171, 51.807297 ] ] } },
{ "type": "Feature", "properties": { "id": 64758, "nach": 0.0 }, "geometry": { "type": "LineString", "coordinates": [ [ 0.6422157, 51.8001981 ], [ 0.641977, 51.800161 ], [ 0.6416945, 51.8003418 ], [ 0.6418268, 51.800420300000013 ], [ 0.6422157, 51.8001981 ] ] } },
{ "type": "Feature", "properties": { "id": 65959, "nach": 0.56948205502221316 }, "geometry": { "type": "LineString", "coordinates": [ [ 0.6440731, 51.799644199999989 ], [ 0.6440543, 51.7996581 ], [ 0.6438916, 51.7997729 ] ] } },
{ "type": "Feature", "properties": { "id": 65979, "nach": 0.52798131164899087 }, "geometry": { "type": "LineString", "coordinates": [ [ 0.6424498, 51.7997949 ], [ 0.642451, 51.7997541 ], [ 0.6424681, 51.799696400000016 ], [ 0.6425046, 51.7996659 ], [ 0.6425572, 51.79964050000001 ], [ 0.6426016, 51.7996327 ], [ 0.6426777, 51.7996195 ], [ 0.6436152, 51.7996249 ], [ 0.6437291, 51.79968010000001 ], [ 0.6438916, 51.7997729 ] ] } },
{ "type": "Feature", "properties": { "id": 65967, "nach": 0.54526928949103903 }, "geometry": { "type": "LineString", "coordinates": [ [ 0.6442246, 51.7995036 ], [ 0.6442085, 51.79954450000001 ], [ 0.6440731, 51.799644199999989 ] ] } },
{ "type": "Feature", "properties": { "id": 65960, "nach": 0.43526116559984734 }, "geometry": { "type": "LineString", "coordinates": [ [ 0.6440731, 51.799644199999989 ], [ 0.644301, 51.79978 ], [ 0.6444284, 51.7998571 ], [ 0.6444941, 51.799872 ], [ 0.6445813, 51.7998339 ], [ 0.6446634, 51.799764 ] ] } },
{ "type": "Feature", "properties": { "id": 65961, "nach": 0.43439227142480469 }, "geometry": { "type": "LineString", "coordinates": [ [ 0.6443031, 51.7993335 ], [ 0.6443466, 51.79926660000001 ], [ 0.6445076, 51.7992127 ], [ 0.6446497, 51.7991936 ] ] } },
{ "type": "Feature", "properties": { "id": 65966, "nach": 0.52880078750988868 }, "geometry": { "type": "LineString", "coordinates": [ [ 0.6442246, 51.7995036 ], [ 0.6442742, 51.7993778 ], [ 0.6443031, 51.7993335 ] ] } },
{ "type": "Feature", "properties": { "id": 65968, "nach": 0.48042459296702195 }, "geometry": { "type": "LineString", "coordinates": [ [ 0.6445322, 51.7994331 ], [ 0.6444552, 51.7993894 ], [ 0.644348, 51.7993413 ], [ 0.6443031, 51.7993335 ] ] } },
{ "type": "Feature", "properties": { "id": 65965, "nach": 0.13184530170786674 }, "geometry": { "type": "LineString", "coordinates": [ [ 0.6442246, 51.7995036 ], [ 0.6446634, 51.799764 ] ] } },
{ "type": "Feature", "properties": { "id": 65964, "nach": 0.1090068448124395 }, "geometry": { "type": "LineString", "coordinates": [ [ 0.6446634, 51.799764 ], [ 0.644702, 51.7997311 ], [ 0.6447664, 51.799605 ], [ 0.6446698, 51.7995113 ], [ 0.6445322, 51.7994331 ] ] } },
{ "type": "Feature", "properties": { "id": 65970, "nach": 0.43260229378663184 }, "geometry": { "type": "LineString", "coordinates": [ [ 0.644765, 51.7993554 ], [ 0.6445652, 51.7993869 ], [ 0.6445322, 51.7994331 ] ] } },
{ "type": "Feature", "properties": { "id": 65974, "nach": 0.54920371129656009 }, "geometry": { "type": "LineString", "coordinates": [ [ 0.6424456, 51.7999574 ], [ 0.6424498, 51.7997949 ] ] } },
{ "type": "Feature", "properties": { "id": 65977, "nach": 0.44283368310116178 }, "geometry": { "type": "LineString", "coordinates": [ [ 0.6427628, 51.7999533 ], [ 0.6424456, 51.7999574 ] ] } },
{ "type": "Feature", "properties": { "id": 65981, "nach": 0.44495647567694036 }, "geometry": { "type": "LineString", "coordinates": [ [ 0.6422431, 51.7999601 ], [ 0.6424456, 51.7999574 ] ] } },
{ "type": "Feature", "properties": { "id": 65980, "nach": 0.44137198817191203 }, "geometry": { "type": "LineString", "coordinates": [ [ 0.6427976, 51.7997957 ], [ 0.6424498, 51.7997949 ] ] } },
{ "type": "Feature", "properties": { "id": 5, "nach": 0.51137373824761145 }, "geometry": { "type": "LineString", "coordinates": [ [ 0.653091884487839, 51.808159861564612 ], [ 0.653095925600906, 51.8081987898195 ] ] } },
{ "type": "Feature", "properties": { "id": 64318, "nach": 0.60746213197208709 }, "geometry": { "type": "LineString", "coordinates": [ [ 0.653091884487839, 51.808159861564612 ], [ 0.653137801774348, 51.808168022958526 ] ] } },
{ "type": "Feature", "properties": { "id": 46039, "nach": 0.53850810507070557 }, "geometry": { "type": "LineString", "coordinates": [ [ 0.653095925600906, 51.8081987898195 ], [ 0.653148641391035, 51.808208326597871 ] ] } },
{ "type": "Feature", "properties": { "id": 46039, "nach": 0.53850810507070557 }, "geometry": { "type": "LineString", "coordinates": [ [ 0.653148641391035, 51.808208326597871 ], [ 0.65333780441218, 51.808242547726437 ] ] } },
{ "type": "Feature", "properties": { "id": 6, "nach": 0.46920261177889316 }, "geometry": { "type": "LineString", "coordinates": [ [ 0.653137801774348, 51.808168022958526 ], [ 0.653148641391035, 51.808208326597871 ] ] } },
{ "type": "Feature", "properties": { "id": 5457, "nach": 0.51516329801424765 }, "geometry": { "type": "LineString", "coordinates": [ [ 0.65333780441218, 51.808242547726437 ], [ 0.653323133459182, 51.80820096382417 ] ] } },
{ "type": "Feature", "properties": { "id": 64318, "nach": 0.60746213197208709 }, "geometry": { "type": "LineString", "coordinates": [ [ 0.653137801774348, 51.808168022958526 ], [ 0.653323133459182, 51.80820096382417 ] ] } },
{ "type": "Feature", "properties": { "id": 21537, "nach": 0.39278674235471267 }, "geometry": { "type": "LineString", "coordinates": [ [ 0.644360022074613, 51.789218480661575 ], [ 0.649688714618175, 51.792458269385101 ] ] } },
{ "type": "Feature", "properties": { "id": 18032, "nach": 0.52018971730967634 }, "geometry": { "type": "LineString", "coordinates": [ [ 0.649864274761841, 51.792402127127886 ], [ 0.649688714618175, 51.792458269385101 ] ] } },
{ "type": "Feature", "properties": { "id": 21587, "nach": 0.44282611346120804 }, "geometry": { "type": "LineString", "coordinates": [ [ 0.649864274761841, 51.792402127127886 ], [ 0.644274890616046, 51.788994202858198 ] ] } }
]
}
