{
"type": "FeatureCollection",
"name": "063441d5a5e5_visibility",
"crs": { "type": "name", "properties": { "name": "urn:ogc:def:crs:OGC:1.3:CRS84" } },
"features": [
{ "type": "Feature", "properties": { "visible_points": 7, "total_points": 66, "visibility_pct": 10.606060606060606 }, "geometry": { "type": "Point", "coordinates": [ 0.127511503602107, 52.20795461998928 ] } },
{ "type": "Feature", "properties": { "visible_points": 9, "total_points": 74, "visibility_pct": 12.162162162162163 }, "geometry": { "type": "Point", "coordinates": [ 0.127714137459661, 52.20795096876121 ] } },
{ "type": "Feature", "properties": { "visible_points": 14, "total_points": 80, "visibility_pct": 17.5 }, "geometry": { "type": "Point", "coordinates": [ 0.12791677127354, 52.207947317184718 ] } },
{ "type": "Feature", "properties": { "visible_points": 4, "total_points": 84, "visibility_pct": 4.7619047619047619 }, "geometry": { "type": "Point", "coordinates": [ 0.128119405043728, 52.207943665259826 ] } },
{ "type": "Feature", "properties": { "visible_points": 12, "total_points": 86, "visibility_pct": 13.953488372093023 }, "geometry": { "type": "Point", "coordinates": [ 0.12832203877023, 52.207940012986519 ] } },
{ "type": "Feature", "properties": { "visible_points": 10, "total_points": 88, "visibility_pct": 11.363636363636363 }, "geometry": { "type": "Point", "coordinates": [ 0.128524672453043, 52.207936360364805 ] } },
{ "type": "Feature", "properties": { "visible_points": 0, "total_points": 85, "visibility_pct": 0.0 }, "geometry": { "type": "Point", "coordinates": [ 0.128727306092149, 52.207932707394676 ] } },
{ "type": "Feature", "properties": { "visible_points": 0, "total_points": 79, "visibility_pct": 0.0 }, "geometry": { "type": "Point", "coordinates": [ 0.12892993968756, 52.207929054076153 ] } },
{ "type": "Feature", "properties": { "visible_points": 0, "total_points": 71, "visibility_pct": 0.0 }, "geometry": { "type": "Point", "coordinates": [ 0.129132573239261, 52.207925400409188 ] } },
{ "type": "Feature", "properties": { "visible_points": 3, "total_points": 63, "visibility_pct": 4.7619047619047619 }, "geometry": { "type": "Point", "coordinates": [ 0.129335206747258, 52.207921746393851 ] } },
{ "type": "Feature", "properties": { "visible_points": 6, "total_points": 70, "visibility_pct": 8.5714285714285712 }, "geometry": { "type": "Point", "coordinates": [ 0.127415340079824, 52.208064259703377 ] } },
{ "type": "Feature", "properties": { "visible_points": 0, "total_points": 79, "visibility_pct": 0.0 }, "geometry": { "type": "Point", "coordinates": [ 0.127617974454513, 52.20806060864448 ] } },
{ "type": "Feature", "properties": { "visible_points": 7, "total_points": 87, "visibility_pct": 8.0459770114942533 }, "geometry": { "type": "Point", "coordinates": [ 0.127820608785532, 52.20805695723719 ] } },
{ "type": "Feature", "properties": { "visible_points": 11, "total_points": 93, "visibility_pct": 11.827956989247312 }, "geometry": { "type": "Point", "coordinates": [ 0.128023243072857, 52.208053305481464 ] } },
{ "type": "Feature", "properties": { "visible_points": 14, "total_points": 96, "visibility_pct": 14.583333333333334 }, "geometry": { "type": "Point", "coordinates": [ 0.128225877316501, 52.208049653377337 ] } },
{ "type": "Feature", "properties": { "visible_points": 12, "total_points": 98, "visibility_pct": 12.244897959183673 }, "geometry": { "type": "Point", "coordinates": [ 0.128428511516455, 52.20804600092481 ] } },
{ "type": "Feature", "properties": { "visible_points": 16, "total_points": 98, "visibility_pct": 16.326530612244898 }, "geometry": { "type": "Point", "coordinates": [ 0.128631145672709, 52.20804234812384 ] } },
{ "type": "Feature", "properties": { "visible_points": 18, "total_points": 92, "visibility_pct": 19.565217391304348 }, "geometry": { "type": "Point", "coordinates": [ 0.128833779785261, 52.208038694974491 ] } },
{ "type": "Feature", "properties": { "visible_points": 11, "total_points": 84, "visibility_pct": 13.095238095238097 }, "geometry": { "type": "Point", "coordinates": [ 0.129036413854119, 52.208035041476712 ] } },
{ "type": "Feature", "properties": { "visible_points": 0, "total_points": 75, "visibility_pct": 0.0 }, "geometry": { "type": "Point", "coordinates": [ 0.129239047879263, 52.208031387630534 ] } },
{ "type": "Feature", "properties": { "visible_points": 0, "total_points": 65, "visibility_pct": 0.0 }, "geometry": { "type": "Point", "coordinates": [ 0.129441681860691, 52.208027733435927 ] } },
{ "type": "Feature", "properties": { "visible_points": 3, "total_points": 71, "visibility_pct": 4.225352112676056 }, "geometry": { "type": "Point", "coordinates": [ 0.12731917608408, 52.208173899333531 ] } },
{ "type": "Feature", "properties": { "visible_points": 0, "total_points": 82, "visibility_pct": 0.0 }, "geometry": { "type": "Point", "coordinates": [ 0.127521810975912, 52.208170248443821 ] } },
{ "type": "Feature", "properties": { "visible_points": 7, "total_points": 92, "visibility_pct": 7.608695652173914 }, "geometry": { "type": "Point", "coordinates": [ 0.127724445824066, 52.208166597205697 ] } },
{ "type": "Feature", "properties": { "visible_points": 16, "total_points": 100, "visibility_pct": 16.0 }, "geometry": { "type": "Point", "coordinates": [ 0.127927080628535, 52.208162945619165 ] } },
{ "type": "Feature", "properties": { "visible_points": 15, "total_points": 105, "visibility_pct": 14.285714285714285 }, "geometry": { "type": "Point", "coordinates": [ 0.128129715389327, 52.208159293684204 ] } },
{ "type": "Feature", "properties": { "visible_points": 19, "total_points": 107, "visibility_pct": 17.75700934579439 }, "geometry": { "type": "Point", "coordinates": [ 0.128332350106422, 52.208155641400843 ] } },
{ "type": "Feature", "properties": { "visible_points": 19, "total_points": 107, "visibility_pct": 17.75700934579439 }, "geometry": { "type": "Point", "coordinates": [ 0.128534984779826, 52.208151988769082 ] } },
{ "type": "Feature", "properties": { "visible_points": 18, "total_points": 105, "visibility_pct": 17.142857142857142 }, "geometry": { "type": "Point", "coordinates": [ 0.128737619409531, 52.208148335788884 ] } },
{ "type": "Feature", "properties": { "visible_points": 19, "total_points": 97, "visibility_pct": 19.587628865979383 }, "geometry": { "type": "Point", "coordinates": [ 0.128940253995534, 52.208144682460301 ] } },
{ "type": "Feature", "properties": { "visible_points": 11, "total_points": 87, "visibility_pct": 12.643678160919542 }, "geometry": { "type": "Point", "coordinates": [ 0.129142888537829, 52.208141028783267 ] } },
{ "type": "Feature", "properties": { "visible_points": 3, "total_points": 77, "visibility_pct": 3.8961038961038961 }, "geometry": { "type": "Point", "coordinates": [ 0.129345523036417, 52.20813737475784 ] } },
{ "type": "Feature", "properties": { "visible_points": 3, "total_points": 71, "visibility_pct": 4.225352112676056 }, "geometry": { "type": "Point", "coordinates": [ 0.127223011614878, 52.208283538879733 ] } },
{ "type": "Feature", "properties": { "visible_points": 0, "total_points": 83, "visibility_pct": 0.0 }, "geometry": { "type": "Point", "coordinates": [ 0.127425647023849, 52.208279888159197 ] } },
{ "type": "Feature", "properties": { "visible_points": 0, "total_points": 94, "visibility_pct": 0.0 }, "geometry": { "type": "Point", "coordinates": [ 0.12762828238915, 52.208276237090267 ] } },
{ "type": "Feature", "properties": { "visible_points": 16, "total_points": 105, "visibility_pct": 15.238095238095239 }, "geometry": { "type": "Point", "coordinates": [ 0.127830917710761, 52.208272585672916 ] } },
{ "type": "Feature", "properties": { "visible_points": 5, "total_points": 113, "visibility_pct": 4.4247787610619467 }, "geometry": { "type": "Point", "coordinates": [ 0.128033552988698, 52.208268933907149 ] } },
{ "type": "Feature", "properties": { "visible_points": 30, "total_points": 115, "visibility_pct": 26.086956521739129 }, "geometry": { "type": "Point", "coordinates": [ 0.128236188222944, 52.208265281792947 ] } },
{ "type": "Feature", "properties": { "visible_points": 23, "total_points": 115, "visibility_pct": 20.0 }, "geometry": { "type": "Point", "coordinates": [ 0.128438823413495, 52.208261629330366 ] } },
{ "type": "Feature", "properties": { "visible_points": 34, "total_points": 115, "visibility_pct": 29.565217391304348 }, "geometry": { "type": "Point", "coordinates": [ 0.128641458560352, 52.208257976519349 ] } },
{ "type": "Feature", "properties": { "visible_points": 20, "total_points": 110, "visibility_pct": 18.181818181818183 }, "geometry": { "type": "Point", "coordinates": [ 0.128844093663509, 52.208254323359924 ] } },
{ "type": "Feature", "properties": { "visible_points": 16, "total_points": 100, "visibility_pct": 16.0 }, "geometry": { "type": "Point", "coordinates": [ 0.129046728722963, 52.208250669852085 ] } },
{ "type": "Feature", "properties": { "visible_points": 0, "total_points": 89, "visibility_pct": 0.0 }, "geometry": { "type": "Point", "coordinates": [ 0.129249363738703, 52.208247015995831 ] } },
{ "type": "Feature", "properties": { "visible_points": 0, "total_points": 78, "visibility_pct": 0.0 }, "geometry": { "type": "Point", "coordinates": [ 0.129451998710731, 52.208243361791155 ] } },
{ "type": "Feature", "properties": { "visible_points": 0, "total_points": 81, "visibility_pct": 0.0 }, "geometry": { "type": "Point", "coordinates": [ 0.127329482598324, 52.208389527790636 ] } },
{ "type": "Feature", "properties": { "visible_points": 0, "total_points": 94, "visibility_pct": 0.0 }, "geometry": { "type": "Point", "coordinates": [ 0.12753211848077, 52.20838587689088 ] } },
{ "type": "Feature", "properties": { "visible_points": 24, "total_points": 106, "visibility_pct": 22.641509433962266 }, "geometry": { "type": "Point", "coordinates": [ 0.127734754319531, 52.208382225642708 ] } },
{ "type": "Feature", "properties": { "visible_points": 35, "total_points": 117, "visibility_pct": 29.914529914529915 }, "geometry": { "type": "Point", "coordinates": [ 0.127937390114615, 52.208378574046122 ] } },
{ "type": "Feature", "properties": { "visible_points": 36, "total_points": 120, "visibility_pct": 30.0 }, "geometry": { "type": "Point", "coordinates": [ 0.128140025866011, 52.208374922101122 ] } },
{ "type": "Feature", "properties": { "visible_points": 32, "total_points": 120, "visibility_pct": 26.666666666666668 }, "geometry": { "type": "Point", "coordinates": [ 0.128342661573713, 52.208371269807706 ] } },
{ "type": "Feature", "properties": { "visible_points": 32, "total_points": 120, "visibility_pct": 26.666666666666668 }, "geometry": { "type": "Point", "coordinates": [ 0.128545297237727, 52.208367617165862 ] } },
{ "type": "Feature", "properties": { "visible_points": 27, "total_points": 118, "visibility_pct": 22.881355932203391 }, "geometry": { "type": "Point", "coordinates": [ 0.128747932858039, 52.208363964175611 ] } },
{ "type": "Feature", "properties": { "visible_points": 23, "total_points": 111, "visibility_pct": 20.72072072072072 }, "geometry": { "type": "Point", "coordinates": [ 0.128950568434645, 52.208360310836952 ] } },
{ "type": "Feature", "properties": { "visible_points": 16, "total_points": 101, "visibility_pct": 15.841584158415841 }, "geometry": { "type": "Point", "coordinates": [ 0.129153203967549, 52.208356657149864 ] } },
{ "type": "Feature", "properties": { "visible_points": 13, "total_points": 89, "visibility_pct": 14.606741573033707 }, "geometry": { "type": "Point", "coordinates": [ 0.129355839456739, 52.208353003114368 ] } },
{ "type": "Feature", "properties": { "visible_points": 5, "total_points": 77, "visibility_pct": 6.4935064935064926 }, "geometry": { "type": "Point", "coordinates": [ 0.127233317699333, 52.20849916733814 ] } },
{ "type": "Feature", "properties": { "visible_points": 0, "total_points": 90, "visibility_pct": 0.0 }, "geometry": { "type": "Point", "coordinates": [ 0.127435954098927, 52.208495516607556 ] } },
{ "type": "Feature", "properties": { "visible_points": 28, "total_points": 102, "visibility_pct": 27.450980392156865 }, "geometry": { "type": "Point", "coordinates": [ 0.127638590454836, 52.208491865528565 ] } },
{ "type": "Feature", "properties": { "visible_points": 41, "total_points": 114, "visibility_pct": 35.964912280701753 }, "geometry": { "type": "Point", "coordinates": [ 0.127841226767072, 52.208488214101166 ] } },
{ "type": "Feature", "properties": { "visible_points": 44, "total_points": 120, "visibility_pct": 36.666666666666664 }, "geometry": { "type": "Point", "coordinates": [ 0.128043863035618, 52.208484562325339 ] } },
{ "type": "Feature", "properties": { "visible_points": 38, "total_points": 120, "visibility_pct": 31.666666666666664 }, "geometry": { "type": "Point", "coordinates": [ 0.128246499260483, 52.208480910201089 ] } },
{ "type": "Feature", "properties": { "visible_points": 45, "total_points": 120, "visibility_pct": 37.5 }, "geometry": { "type": "Point", "coordinates": [ 0.128449135441644, 52.208477257728426 ] } },
{ "type": "Feature", "properties": { "visible_points": 30, "total_points": 120, "visibility_pct": 25.0 }, "geometry": { "type": "Point", "coordinates": [ 0.128651771579119, 52.208473604907368 ] } },
{ "type": "Feature", "properties": { "visible_points": 23, "total_points": 115, "visibility_pct": 20.0 }, "geometry": { "type": "Point", "coordinates": [ 0.128854407672885, 52.208469951737861 ] } },
{ "type": "Feature", "properties": { "visible_points": 26, "total_points": 107, "visibility_pct": 24.299065420560748 }, "geometry": { "type": "Point", "coordinates": [ 0.129057043722948, 52.208466298219953 ] } },
{ "type": "Feature", "properties": { "visible_points": 0, "total_points": 97, "visibility_pct": 0.0 }, "geometry": { "type": "Point", "coordinates": [ 0.129259679729302, 52.208462644353631 ] } },
{ "type": "Feature", "properties": { "visible_points": 14, "total_points": 86, "visibility_pct": 16.279069767441861 }, "geometry": { "type": "Point", "coordinates": [ 0.129462315691945, 52.208458990138894 ] } },
{ "type": "Feature", "properties": { "visible_points": 0, "total_points": 42, "visibility_pct": 0.0 }, "geometry": { "type": "Point", "coordinates": [ 0.134730841784892, 52.208363803547719 ] } },
{ "type": "Feature", "properties": { "visible_points": 13, "total_points": 85, "visibility_pct": 15.294117647058824 }, "geometry": { "type": "Point", "coordinates": [ 0.127339789243612, 52.208605156240282 ] } },
{ "type": "Feature", "properties": { "visible_points": 28, "total_points": 98, "visibility_pct": 28.571428571428569 }, "geometry": { "type": "Point", "coordinates": [ 0.127542426116678, 52.208601505330456 ] } },
{ "type": "Feature", "properties": { "visible_points": 44, "total_points": 109, "visibility_pct": 40.366972477064223 }, "geometry": { "type": "Point", "coordinates": [ 0.127745062946065, 52.208597854072245 ] } },
{ "type": "Feature", "properties": { "visible_points": 46, "total_points": 117, "visibility_pct": 39.316239316239319 }, "geometry": { "type": "Point", "coordinates": [ 0.127947699731768, 52.208594202465605 ] } },
{ "type": "Feature", "properties": { "visible_points": 51, "total_points": 120, "visibility_pct": 42.5 }, "geometry": { "type": "Point", "coordinates": [ 0.128150336473785, 52.208590550510536 ] } },
{ "type": "Feature", "properties": { "visible_points": 53, "total_points": 120, "visibility_pct": 44.166666666666664 }, "geometry": { "type": "Point", "coordinates": [ 0.128352973172113, 52.208586898207074 ] } },
{ "type": "Feature", "properties": { "visible_points": 39, "total_points": 120, "visibility_pct": 32.5 }, "geometry": { "type": "Point", "coordinates": [ 0.128555609826738, 52.208583245555161 ] } },
{ "type": "Feature", "properties": { "visible_points": 39, "total_points": 118, "visibility_pct": 33.050847457627121 }, "geometry": { "type": "Point", "coordinates": [ 0.128758246437675, 52.208579592554855 ] } },
{ "type": "Feature", "properties": { "visible_points": 27, "total_points": 112, "visibility_pct": 24.107142857142858 }, "geometry": { "type": "Point", "coordinates": [ 0.128960883004899, 52.208575939206114 ] } },
{ "type": "Feature", "properties": { "visible_points": 0, "total_points": 103, "visibility_pct": 0.0 }, "geometry": { "type": "Point", "coordinates": [ 0.12916351952842, 52.208572285508957 ] } },
{ "type": "Feature", "properties": { "visible_points": 12, "total_points": 94, "visibility_pct": 12.76595744680851 }, "geometry": { "type": "Point", "coordinates": [ 0.129366156008225, 52.208568631463393 ] } },
{ "type": "Feature", "properties": { "visible_points": 0, "total_points": 50, "visibility_pct": 0.0 }, "geometry": { "type": "Point", "coordinates": [ 0.134634695109479, 52.208473450340833 ] } },
{ "type": "Feature", "properties": { "visible_points": 0, "total_points": 46, "visibility_pct": 0.0 }, "geometry": { "type": "Point", "coordinates": [ 0.134837330828744, 52.208469783212976 ] } },
{ "type": "Feature", "properties": { "visible_points": 5, "total_points": 79, "visibility_pct": 6.3291139240506329 }, "geometry": { "type": "Point", "coordinates": [ 0.127243623903813, 52.208714795721839 ] } },
{ "type": "Feature", "properties": { "visible_points": 0, "total_points": 92, "visibility_pct": 0.0 }, "geometry": { "type": "Point", "coordinates": [ 0.127446261300036, 52.208711145017773 ] } },
{ "type": "Feature", "properties": { "visible_points": 32, "total_points": 103, "visibility_pct": 31.067961165048541 }, "geometry": { "type": "Point", "coordinates": [ 0.12764889865159, 52.208707493959373 ] } },
{ "type": "Feature", "properties": { "visible_points": 48, "total_points": 113, "visibility_pct": 42.477876106194692 }, "geometry": { "type": "Point", "coordinates": [ 0.127851535954447, 52.208703842521921 ] } },
{ "type": "Feature", "properties": { "visible_points": 52, "total_points": 119, "visibility_pct": 43.69747899159664 }, "geometry": { "type": "Point", "coordinates": [ 0.12805417321363, 52.208700190736032 ] } },
{ "type": "Feature", "properties": { "visible_points": 54, "total_points": 120, "visibility_pct": 45.0 }, "geometry": { "type": "Point", "coordinates": [ 0.128256810429116, 52.208696538601743 ] } },
{ "type": "Feature", "properties": { "visible_points": 59, "total_points": 120, "visibility_pct": 49.166666666666664 }, "geometry": { "type": "Point", "coordinates": [ 0.128459447600908, 52.208692886119017 ] } },
{ "type": "Feature", "properties": { "visible_points": 53, "total_points": 120, "visibility_pct": 44.166666666666664 }, "geometry": { "type": "Point", "coordinates": [ 0.128662084729005, 52.208689233287878 ] } },
{ "type": "Feature", "properties": { "visible_points": 26, "total_points": 116, "visibility_pct": 22.413793103448278 }, "geometry": { "type": "Point", "coordinates": [ 0.128864721813398, 52.20868558010833 ] } },
{ "type": "Feature", "properties": { "visible_points": 19, "total_points": 109, "visibility_pct": 17.431192660550458 }, "geometry": { "type": "Point", "coordinates": [ 0.129067358854082, 52.208681926580347 ] } },
{ "type": "Feature", "properties": { "visible_points": 21, "total_points": 101, "visibility_pct": 20.792079207920793 }, "geometry": { "type": "Point", "coordinates": [ 0.12926999585106, 52.208678272703963 ] } },
{ "type": "Feature", "properties": { "visible_points": 18, "total_points": 91, "visibility_pct": 19.780219780219781 }, "geometry": { "type": "Point", "coordinates": [ 0.129472632804326, 52.208674618479144 ] } },
{ "type": "Feature", "properties": { "visible_points": 0, "total_points": 58, "visibility_pct": 0.0 }, "geometry": { "type": "Point", "coordinates": [ 0.134538547976057, 52.208583097093381 ] } },
{ "type": "Feature", "properties": { "visible_points": 1, "total_points": 54, "visibility_pct": 1.8518518518518516 }, "geometry": { "type": "Point", "coordinates": [ 0.134741184196076, 52.208579430088236 ] } },
{ "type": "Feature", "properties": { "visible_points": 1, "total_points": 85, "visibility_pct": 1.1764705882352942 }, "geometry": { "type": "Point", "coordinates": [ 0.127350095043979, 52.208820782910315 ] } },
{ "type": "Feature", "properties": { "visible_points": 38, "total_points": 97, "visibility_pct": 39.175257731958766 }, "geometry": { "type": "Point", "coordinates": [ 0.127552732984853, 52.208817132079311 ] } },
{ "type": "Feature", "properties": { "visible_points": 35, "total_points": 108, "visibility_pct": 32.407407407407405 }, "geometry": { "type": "Point", "coordinates": [ 0.127755370878479, 52.208813480888601 ] } },
{ "type": "Feature", "properties": { "visible_points": 56, "total_points": 116, "visibility_pct": 48.275862068965516 }, "geometry": { "type": "Point", "coordinates": [ 0.127958008696178, 52.208809829334278 ] } },
{ "type": "Feature", "properties": { "visible_points": 66, "total_points": 120, "visibility_pct": 55.000000000000007 }, "geometry": { "type": "Point", "coordinates": [ 0.128160646470206, 52.208806177431825 ] } },
{ "type": "Feature", "properties": { "visible_points": 64, "total_points": 120, "visibility_pct": 53.333333333333336 }, "geometry": { "type": "Point", "coordinates": [ 0.128363284200557, 52.208802525181262 ] } },
{ "type": "Feature", "properties": { "visible_points": 61, "total_points": 120, "visibility_pct": 50.833333333333329 }, "geometry": { "type": "Point", "coordinates": [ 0.128565921887226, 52.208798872582555 ] } },
{ "type": "Feature", "properties": { "visible_points": 54, "total_points": 119, "visibility_pct": 45.378151260504204 }, "geometry": { "type": "Point", "coordinates": [ 0.128768559530213, 52.208795219635718 ] } },
{ "type": "Feature", "properties": { "visible_points": 36, "total_points": 114, "visibility_pct": 31.578947368421051 }, "geometry": { "type": "Point", "coordinates": [ 0.128971197129517, 52.208791566340757 ] } },
{ "type": "Feature", "properties": { "visible_points": 26, "total_points": 107, "visibility_pct": 24.299065420560748 }, "geometry": { "type": "Point", "coordinates": [ 0.129173834685126, 52.208787912697673 ] } },
{ "type": "Feature", "properties": { "visible_points": 30, "total_points": 99, "visibility_pct": 30.303030303030305 }, "geometry": { "type": "Point", "coordinates": [ 0.129376472197039, 52.208784258706451 ] } },
{ "type": "Feature", "properties": { "visible_points": 2, "total_points": 62, "visibility_pct": 3.225806451612903 }, "geometry": { "type": "Point", "coordinates": [ 0.1346450371054, 52.208689076922965 ] } },
{ "type": "Feature", "properties": { "visible_points": 0, "total_points": 57, "visibility_pct": 0.0 }, "geometry": { "type": "Point", "coordinates": [ 0.13484767378343, 52.208685409695171 ] } },
{ "type": "Feature", "properties": { "visible_points": 29, "total_points": 91, "visibility_pct": 31.868131868131865 }, "geometry": { "type": "Point", "coordinates": [ 0.127456565317624, 52.208926768222156 ] } },
{ "type": "Feature", "properties": { "visible_points": 34, "total_points": 102, "visibility_pct": 33.333333333333329 }, "geometry": { "type": "Point", "coordinates": [ 0.127659203737119, 52.208923117242861 ] } },
{ "type": "Feature", "properties": { "visible_points": 52, "total_points": 112, "visibility_pct": 46.428571428571431 }, "geometry": { "type": "Point", "coordinates": [ 0.127861842112962, 52.208919465915727 ] } },
{ "type": "Feature", "properties": { "visible_points": 60, "total_points": 118, "visibility_pct": 50.847457627118644 }, "geometry": { "type": "Point", "coordinates": [ 0.128064480445157, 52.208915814240733 ] } },
{ "type": "Feature", "properties": { "visible_points": 68, "total_points": 120, "visibility_pct": 56.666666666666664 }, "geometry": { "type": "Point", "coordinates": [ 0.128267118733693, 52.208912162217942 ] } },
{ "type": "Feature", "properties": { "visible_points": 71, "total_points": 120, "visibility_pct": 59.166666666666664 }, "geometry": { "type": "Point", "coordinates": [ 0.128469756978567, 52.208908509847319 ] } },
{ "type": "Feature", "properties": { "visible_points": 68, "total_points": 120, "visibility_pct": 56.666666666666664 }, "geometry": { "type": "Point", "coordinates": [ 0.128672395179777, 52.208904857128836 ] } },
{ "type": "Feature", "properties": { "visible_points": 56, "total_points": 118, "visibility_pct": 47.457627118644069 }, "geometry": { "type": "Point", "coordinates": [ 0.128875033337317, 52.208901204062521 ] } },
{ "type": "Feature", "properties": { "visible_points": 36, "total_points": 113, "visibility_pct": 31.858407079646017 }, "geometry": { "type": "Point", "coordinates": [ 0.129077671451186, 52.208897550648381 ] } },
{ "type": "Feature", "properties": { "visible_points": 39, "total_points": 106, "visibility_pct": 36.79245283018868 }, "geometry": { "type": "Point", "coordinates": [ 0.129280309521377, 52.208893896886401 ] } },
{ "type": "Feature", "properties": { "visible_points": 33, "total_points": 98, "visibility_pct": 33.673469387755098 }, "geometry": { "type": "Point", "coordinates": [ 0.129482947547885, 52.208890242776612 ] } },
{ "type": "Feature", "properties": { "visible_points": 0, "total_points": 72, "visibility_pct": 0.0 }, "geometry": { "type": "Point", "coordinates": [ 0.134143614357393, 52.208806055540258 ] } },
{ "type": "Feature", "properties": { "visible_points": 0, "total_points": 72, "visibility_pct": 0.0 }, "geometry": { "type": "Point", "coordinates": [ 0.134346251663589, 52.208802389200798 ] } },
{ "type": "Feature", "properties": { "visible_points": 2, "total_points": 69, "visibility_pct": 2.8985507246376812 }, "geometry": { "type": "Point", "coordinates": [ 0.134548888926819, 52.208798722514665 ] } },
{ "type": "Feature", "properties": { "visible_points": 2, "total_points": 65, "visibility_pct": 3.0769230769230771 }, "geometry": { "type": "Point", "coordinates": [ 0.134751526147102, 52.208795055481815 ] } },
{ "type": "Feature", "properties": { "visible_points": 24, "total_points": 84, "visibility_pct": 28.571428571428569 }, "geometry": { "type": "Point", "coordinates": [ 0.127360397120801, 52.209036403938796 ] } },
{ "type": "Feature", "properties": { "visible_points": 44, "total_points": 96, "visibility_pct": 45.833333333333329 }, "geometry": { "type": "Point", "coordinates": [ 0.127563036057065, 52.209032753119928 ] } },
{ "type": "Feature", "properties": { "visible_points": 34, "total_points": 107, "visibility_pct": 31.775700934579437 }, "geometry": { "type": "Point", "coordinates": [ 0.127765674949685, 52.209029101953213 ] } },
{ "type": "Feature", "properties": { "visible_points": 64, "total_points": 115, "visibility_pct": 55.652173913043477 }, "geometry": { "type": "Point", "coordinates": [ 0.127968313798656, 52.209025450438659 ] } },
{ "type": "Feature", "properties": { "visible_points": 71, "total_points": 120, "visibility_pct": 59.166666666666664 }, "geometry": { "type": "Point", "coordinates": [ 0.128170952603964, 52.209021798576273 ] } },
{ "type": "Feature", "properties": { "visible_points": 79, "total_points": 120, "visibility_pct": 65.833333333333329 }, "geometry": { "type": "Point", "coordinates": [ 0.12837359136562, 52.209018146366056 ] } },
{ "type": "Feature", "properties": { "visible_points": 81, "total_points": 120, "visibility_pct": 67.5 }, "geometry": { "type": "Point", "coordinates": [ 0.128576230083614, 52.20901449380802 ] } },
{ "type": "Feature", "properties": { "visible_points": 66, "total_points": 120, "visibility_pct": 55.000000000000007 }, "geometry": { "type": "Point", "coordinates": [ 0.128778868757933, 52.209010840902131 ] } },
{ "type": "Feature", "properties": { "visible_points": 55, "total_points": 117, "visibility_pct": 47.008547008547005 }, "geometry": { "type": "Point", "coordinates": [ 0.128981507388585, 52.209007187648382 ] } },
{ "type": "Feature", "properties": { "visible_points": 52, "total_points": 112, "visibility_pct": 46.428571428571431 }, "geometry": { "type": "Point", "coordinates": [ 0.12918414597556, 52.209003534046815 ] } },
{ "type": "Feature", "properties": { "visible_points": 44, "total_points": 106, "visibility_pct": 41.509433962264154 }, "geometry": { "type": "Point", "coordinates": [ 0.129386784518857, 52.208999880097416 ] } },
{ "type": "Feature", "properties": { "visible_points": 0, "total_points": 99, "visibility_pct": 0.0 }, "geometry": { "type": "Point", "coordinates": [ 0.129589423018468, 52.208996225800185 ] } },
{ "type": "Feature", "properties": { "visible_points": 0, "total_points": 76, "visibility_pct": 0.0 }, "geometry": { "type": "Point", "coordinates": [ 0.134047463083087, 52.208915698894941 ] } },
{ "type": "Feature", "properties": { "visible_points": 3, "total_points": 77, "visibility_pct": 3.8961038961038961 }, "geometry": { "type": "Point", "coordinates": [ 0.134250100936861, 52.208912032773426 ] } },
{ "type": "Feature", "properties": { "visible_points": 4, "total_points": 77, "visibility_pct": 5.1948051948051948 }, "geometry": { "type": "Point", "coordinates": [ 0.134452738747461, 52.208908366303874 ] } },
{ "type": "Feature", "properties": { "visible_points": 2, "total_points": 74, "visibility_pct": 2.7027027027027026 }, "geometry": { "type": "Point", "coordinates": [ 0.134655376514888, 52.208904699486297 ] } },
{ "type": "Feature", "properties": { "visible_points": 38, "total_points": 90, "visibility_pct": 42.222222222222221 }, "geometry": { "type": "Point", "coordinates": [ 0.127466867903896, 52.209142388921215 ] } },
{ "type": "Feature", "properties": { "visible_points": 46, "total_points": 101, "visibility_pct": 45.544554455445549 }, "geometry": { "type": "Point", "coordinates": [ 0.127669507313295, 52.209138737914927 ] } },
{ "type": "Feature", "properties": { "visible_points": 68, "total_points": 111, "visibility_pct": 61.261261261261254 }, "geometry": { "type": "Point", "coordinates": [ 0.127872146679038, 52.209135086560799 ] } },
{ "type": "Feature", "properties": { "visible_points": 73, "total_points": 118, "visibility_pct": 61.864406779661017 }, "geometry": { "type": "Point", "coordinates": [ 0.128074786001131, 52.209131434858854 ] } },
{ "type": "Feature", "properties": { "visible_points": 78, "total_points": 120, "visibility_pct": 65.0 }, "geometry": { "type": "Point", "coordinates": [ 0.128277425279565, 52.209127782809034 ] } },
{ "type": "Feature", "properties": { "visible_points": 81, "total_points": 120, "visibility_pct": 67.5 }, "geometry": { "type": "Point", "coordinates": [ 0.12848006451434, 52.209124130411411 ] } },
{ "type": "Feature", "properties": { "visible_points": 77, "total_points": 120, "visibility_pct": 64.166666666666671 }, "geometry": { "type": "Point", "coordinates": [ 0.128682703705449, 52.209120477665934 ] } },
{ "type": "Feature", "properties": { "visible_points": 65, "total_points": 120, "visibility_pct": 54.166666666666664 }, "geometry": { "type": "Point", "coordinates": [ 0.128885342852883, 52.209116824572632 ] } },
{ "type": "Feature", "properties": { "visible_points": 61, "total_points": 117, "visibility_pct": 52.136752136752143 }, "geometry": { "type": "Point", "coordinates": [ 0.129087981956648, 52.209113171131477 ] } },
{ "type": "Feature", "properties": { "visible_points": 55, "total_points": 112, "visibility_pct": 49.107142857142854 }, "geometry": { "type": "Point", "coordinates": [ 0.129290621016732, 52.209109517342497 ] } },
{ "type": "Feature", "properties": { "visible_points": 34, "total_points": 106, "visibility_pct": 32.075471698113205 }, "geometry": { "type": "Point", "coordinates": [ 0.12949326003314, 52.209105863205664 ] } },
{ "type": "Feature", "properties": { "visible_points": 0, "total_points": 100, "visibility_pct": 0.0 }, "geometry": { "type": "Point", "coordinates": [ 0.12969589900585, 52.209102208721021 ] } },
{ "type": "Feature", "properties": { "visible_points": 0, "total_points": 82, "visibility_pct": 0.0 }, "geometry": { "type": "Point", "coordinates": [ 0.133951311196518, 52.209025341676558 ] } },
{ "type": "Feature", "properties": { "visible_points": 1, "total_points": 82, "visibility_pct": 1.2195121951219512 }, "geometry": { "type": "Point", "coordinates": [ 0.134153949557806, 52.209021675718489 ] } },
{ "type": "Feature", "properties": { "visible_points": 3, "total_points": 81, "visibility_pct": 3.7037037037037033 }, "geometry": { "type": "Point", "coordinates": [ 0.13435658787592, 52.209018009412375 ] } },
{ "type": "Feature", "properties": { "visible_points": 5, "total_points": 79, "visibility_pct": 6.3291139240506329 }, "geometry": { "type": "Point", "coordinates": [ 0.134559226150868, 52.20901434275823 ] } },
{ "type": "Feature", "properties": { "visible_points": 20, "total_points": 83, "visibility_pct": 24.096385542168676 }, "geometry": { "type": "Point", "coordinates": [ 0.127370699277606, 52.209252024646766 ] } },
{ "type": "Feature", "properties": { "visible_points": 46, "total_points": 95, "visibility_pct": 48.421052631578945 }, "geometry": { "type": "Point", "coordinates": [ 0.127573339203786, 52.209248373800897 ] } },
{ "type": "Feature", "properties": { "visible_points": 61, "total_points": 106, "visibility_pct": 57.547169811320757 }, "geometry": { "type": "Point", "coordinates": [ 0.127775979086306, 52.209244722607188 ] } },
{ "type": "Feature", "properties": { "visible_points": 75, "total_points": 115, "visibility_pct": 65.217391304347828 }, "geometry": { "type": "Point", "coordinates": [ 0.12797861892518, 52.209241071065648 ] } },
{ "type": "Feature", "properties": { "visible_points": 76, "total_points": 120, "visibility_pct": 63.333333333333329 }, "geometry": { "type": "Point", "coordinates": [ 0.128181258720405, 52.209237419176276 ] } },
{ "type": "Feature", "properties": { "visible_points": 89, "total_points": 120, "visibility_pct": 74.166666666666671 }, "geometry": { "type": "Point", "coordinates": [ 0.128383898471961, 52.20923376693905 ] } },
{ "type": "Feature", "properties": { "visible_points": 89, "total_points": 120, "visibility_pct": 74.166666666666671 }, "geometry": { "type": "Point", "coordinates": [ 0.128586538179854, 52.209230114354007 ] } },
{ "type": "Feature", "properties": { "visible_points": 73, "total_points": 120, "visibility_pct": 60.833333333333329 }, "geometry": { "type": "Point", "coordinates": [ 0.128789177844081, 52.20922646142111 ] } },
{ "type": "Feature", "properties": { "visible_points": 64, "total_points": 120, "visibility_pct": 53.333333333333336 }, "geometry": { "type": "Point", "coordinates": [ 0.128991817464632, 52.209222808140375 ] } },
{ "type": "Feature", "properties": { "visible_points": 54, "total_points": 117, "visibility_pct": 46.153846153846153 }, "geometry": { "type": "Point", "coordinates": [ 0.129194457041514, 52.2092191545118 ] } },
{ "type": "Feature", "properties": { "visible_points": 33, "total_points": 113, "visibility_pct": 29.20353982300885 }, "geometry": { "type": "Point", "coordinates": [ 0.129397096574708, 52.2092155005354 ] } },
{ "type": "Feature", "properties": { "visible_points": 14, "total_points": 108, "visibility_pct": 12.962962962962962 }, "geometry": { "type": "Point", "coordinates": [ 0.129599736064221, 52.209211846211147 ] } },
{ "type": "Feature", "properties": { "visible_points": 10, "total_points": 102, "visibility_pct": 9.8039215686274517 }, "geometry": { "type": "Point", "coordinates": [ 0.12980237551004, 52.209208191539062 ] } },
{ "type": "Feature", "properties": { "visible_points": 11, "total_points": 96, "visibility_pct": 11.458333333333332 }, "geometry": { "type": "Point", "coordinates": [ 0.130005014912174, 52.209204536519124 ] } },
{ "type": "Feature", "properties": { "visible_points": 0, "total_points": 90, "visibility_pct": 0.0 }, "geometry": { "type": "Point", "coordinates": [ 0.130207654270606, 52.209200881151389 ] } },
{ "type": "Feature", "properties": { "visible_points": 0, "total_points": 84, "visibility_pct": 0.0 }, "geometry": { "type": "Point", "coordinates": [ 0.130410293585331, 52.209197225435787 ] } },
{ "type": "Feature", "properties": { "visible_points": 0, "total_points": 87, "visibility_pct": 0.0 }, "geometry": { "type": "Point", "coordinates": [ 0.13385515884561, 52.209134984379617 ] } },
{ "type": "Feature", "properties": { "visible_points": 0, "total_points": 88, "visibility_pct": 0.0 }, "geometry": { "type": "Point", "coordinates": [ 0.134057797714411, 52.20913131858498 ] } },
{ "type": "Feature", "properties": { "visible_points": 1, "total_points": 87, "visibility_pct": 1.1494252873563218 }, "geometry": { "type": "Point", "coordinates": [ 0.134260436540046, 52.209127652442291 ] } },
{ "type": "Feature", "properties": { "visible_points": 3, "total_points": 85, "visibility_pct": 3.5294117647058822 }, "geometry": { "type": "Point", "coordinates": [ 0.134463075322506, 52.209123985951571 ] } },
{ "type": "Feature", "properties": { "visible_points": 0, "total_points": 89, "visibility_pct": 0.0 }, "geometry": { "type": "Point", "coordinates": [ 0.127477170621148, 52.209358009611073 ] } },
{ "type": "Feature", "properties": { "visible_points": 53, "total_points": 100, "visibility_pct": 53.0 }, "geometry": { "type": "Point", "coordinates": [ 0.127679811020459, 52.209354358577805 ] } },
{ "type": "Feature", "properties": { "visible_points": 69, "total_points": 111, "visibility_pct": 62.162162162162161 }, "geometry": { "type": "Point", "coordinates": [ 0.127882451376116, 52.209350707196691 ] } },
{ "type": "Feature", "properties": { "visible_points": 85, "total_points": 118, "visibility_pct": 72.033898305084747 }, "geometry": { "type": "Point", "coordinates": [ 0.128085091688122, 52.209347055467731 ] } },
{ "type": "Feature", "properties": { "visible_points": 91, "total_points": 120, "visibility_pct": 75.833333333333329 }, "geometry": { "type": "Point", "coordinates": [ 0.128287731956469, 52.209343403390932 ] } },
{ "type": "Feature", "properties": { "visible_points": 91, "total_points": 120, "visibility_pct": 75.833333333333329 }, "geometry": { "type": "Point", "coordinates": [ 0.128490372181154, 52.209339750966294 ] } },
{ "type": "Feature", "properties": { "visible_points": 85, "total_points": 120, "visibility_pct": 70.833333333333343 }, "geometry": { "type": "Point", "coordinates": [ 0.128693012362168, 52.209336098193816 ] } },
{ "type": "Feature", "properties": { "visible_points": 77, "total_points": 120, "visibility_pct": 64.166666666666671 }, "geometry": { "type": "Point", "coordinates": [ 0.128895652499515, 52.209332445073514 ] } },
{ "type": "Feature", "properties": { "visible_points": 70, "total_points": 120, "visibility_pct": 58.333333333333336 }, "geometry": { "type": "Point", "coordinates": [ 0.129098292593188, 52.209328791605358 ] } },
{ "type": "Feature", "properties": { "visible_points": 58, "total_points": 118, "visibility_pct": 49.152542372881356 }, "geometry": { "type": "Point", "coordinates": [ 0.12930093264318, 52.209325137789364 ] } },
{ "type": "Feature", "properties": { "visible_points": 51, "total_points": 114, "visibility_pct": 44.736842105263158 }, "geometry": { "type": "Point", "coordinates": [ 0.129503572649492, 52.20932148362553 ] } },
{ "type": "Feature", "properties": { "visible_points": 0, "total_points": 110, "visibility_pct": 0.0 }, "geometry": { "type": "Point", "coordinates": [ 0.129706212612113, 52.209317829113857 ] } },
{ "type": "Feature", "properties": { "visible_points": 27, "total_points": 105, "visibility_pct": 25.714285714285712 }, "geometry": { "type": "Point", "coordinates": [ 0.129908852531044, 52.209314174254338 ] } },
{ "type": "Feature", "properties": { "visible_points": 0, "total_points": 100, "visibility_pct": 0.0 }, "geometry": { "type": "Point", "coordinates": [ 0.130111492406275, 52.209310519046994 ] } },
{ "type": "Feature", "properties": { "visible_points": 0, "total_points": 95, "visibility_pct": 0.0 }, "geometry": { "type": "Point", "coordinates": [ 0.130314132237817, 52.209306863491797 ] } },
{ "type": "Feature", "properties": { "visible_points": 14, "total_points": 91, "visibility_pct": 15.384615384615385 }, "geometry": { "type": "Point", "coordinates": [ 0.130516772025645, 52.209303207588782 ] } },
{ "type": "Feature", "properties": { "visible_points": 27, "total_points": 87, "visibility_pct": 31.03448275862069 }, "geometry": { "type": "Point", "coordinates": [ 0.13071941176977, 52.209299551337907 ] } },
{ "type": "Feature", "properties": { "visible_points": 0, "total_points": 84, "visibility_pct": 0.0 }, "geometry": { "type": "Point", "coordinates": [ 0.13092205147018, 52.209295894739199 ] } },
{ "type": "Feature", "properties": { "visible_points": 0, "total_points": 82, "visibility_pct": 0.0 }, "geometry": { "type": "Point", "coordinates": [ 0.131124691126872, 52.209292237792653 ] } },
{ "type": "Feature", "properties": { "visible_points": 0, "total_points": 80, "visibility_pct": 0.0 }, "geometry": { "type": "Point", "coordinates": [ 0.13132733073985, 52.209288580498288 ] } },
{ "type": "Feature", "properties": { "visible_points": 0, "total_points": 79, "visibility_pct": 0.0 }, "geometry": { "type": "Point", "coordinates": [ 0.131529970309096, 52.209284922856071 ] } },
{ "type": "Feature", "properties": { "visible_points": 0, "total_points": 78, "visibility_pct": 0.0 }, "geometry": { "type": "Point", "coordinates": [ 0.131732609942789, 52.209281263904252 ] } },
{ "type": "Feature", "properties": { "visible_points": 0, "total_points": 76, "visibility_pct": 0.0 }, "geometry": { "type": "Point", "coordinates": [ 0.131935249701732, 52.209277602023235 ] } },
{ "type": "Feature", "properties": { "visible_points": 4, "total_points": 75, "visibility_pct": 5.3333333333333339 }, "geometry": { "type": "Point", "coordinates": [ 0.13213788946635, 52.209273939524351 ] } },
{ "type": "Feature", "properties": { "visible_points": 4, "total_points": 74, "visibility_pct": 5.4054054054054053 }, "geometry": { "type": "Point", "coordinates": [ 0.132340529187842, 52.209270276677451 ] } },
{ "type": "Feature", "properties": { "visible_points": 1, "total_points": 95, "visibility_pct": 1.0526315789473684 }, "geometry": { "type": "Point", "coordinates": [ 0.133961645406674, 52.209240961372878 ] } },
{ "type": "Feature", "properties": { "visible_points": 1, "total_points": 94, "visibility_pct": 1.0638297872340425 }, "geometry": { "type": "Point", "coordinates": [ 0.134164284739834, 52.209237295393635 ] } },
{ "type": "Feature", "properties": { "visible_points": 0, "total_points": 92, "visibility_pct": 0.0 }, "geometry": { "type": "Point", "coordinates": [ 0.134366924029818, 52.209233629066354 ] } },
{ "type": "Feature", "properties": { "visible_points": 3, "total_points": 88, "visibility_pct": 3.4090909090909087 }, "geometry": { "type": "Point", "coordinates": [ 0.13456956327663, 52.209229962391042 ] } },
{ "type": "Feature", "properties": { "visible_points": 29, "total_points": 82, "visibility_pct": 35.365853658536587 }, "geometry": { "type": "Point", "coordinates": [ 0.127381001565391, 52.209467645345505 ] } },
{ "type": "Feature", "properties": { "visible_points": 41, "total_points": 95, "visibility_pct": 43.15789473684211 }, "geometry": { "type": "Point", "coordinates": [ 0.127583642481484, 52.209463994472657 ] } },
{ "type": "Feature", "properties": { "visible_points": 64, "total_points": 106, "visibility_pct": 60.377358490566039 }, "geometry": { "type": "Point", "coordinates": [ 0.12778628335393, 52.209460343251962 ] } },
{ "type": "Feature", "properties": { "visible_points": 74, "total_points": 115, "visibility_pct": 64.347826086956516 }, "geometry": { "type": "Point", "coordinates": [ 0.12798892418272, 52.209456691683428 ] } },
{ "type": "Feature", "properties": { "visible_points": 87, "total_points": 120, "visibility_pct": 72.5 }, "geometry": { "type": "Point", "coordinates": [ 0.128191564967859, 52.209453039767055 ] } },
{ "type": "Feature", "properties": { "visible_points": 94, "total_points": 120, "visibility_pct": 78.333333333333329 }, "geometry": { "type": "Point", "coordinates": [ 0.128394205709337, 52.209449387502836 ] } },
{ "type": "Feature", "properties": { "visible_points": 89, "total_points": 120, "visibility_pct": 74.166666666666671 }, "geometry": { "type": "Point", "coordinates": [ 0.128596846407145, 52.209445734890792 ] } },
{ "type": "Feature", "properties": { "visible_points": 85, "total_points": 120, "visibility_pct": 70.833333333333343 }, "geometry": { "type": "Point", "coordinates": [ 0.12879948706129, 52.209442081930881 ] } },
{ "type": "Feature", "properties": { "visible_points": 77, "total_points": 120, "visibility_pct": 64.166666666666671 }, "geometry": { "type": "Point", "coordinates": [ 0.129002127671755, 52.209438428623145 ] } },
{ "type": "Feature", "properties": { "visible_points": 64, "total_points": 120, "visibility_pct": 53.333333333333336 }, "geometry": { "type": "Point", "coordinates": [ 0.129204768238551, 52.209434774967569 ] } },
{ "type": "Feature", "properties": { "visible_points": 58, "total_points": 119, "visibility_pct": 48.739495798319325 }, "geometry": { "type": "Point", "coordinates": [ 0.129407408761656, 52.20943112096414 ] } },
{ "type": "Feature", "properties": { "visible_points": 54, "total_points": 116, "visibility_pct": 46.551724137931032 }, "geometry": { "type": "Point", "coordinates": [ 0.129610049241082, 52.209427466612894 ] } },
{ "type": "Feature", "properties": { "visible_points": 46, "total_points": 113, "visibility_pct": 40.707964601769916 }, "geometry": { "type": "Point", "coordinates": [ 0.129812689676818, 52.209423811913787 ] } },
{ "type": "Feature", "properties": { "visible_points": 22, "total_points": 109, "visibility_pct": 20.183486238532112 }, "geometry": { "type": "Point", "coordinates": [ 0.130015330068859, 52.209420156866841 ] } },
{ "type": "Feature", "properties": { "visible_points": 0, "total_points": 105, "visibility_pct": 0.0 }, "geometry": { "type": "Point", "coordinates": [ 0.130217970417202, 52.209416501472063 ] } },
{ "type": "Feature", "properties": { "visible_points": 0, "total_points": 101, "visibility_pct": 0.0 }, "geometry": { "type": "Point", "coordinates": [ 0.130420610721841, 52.209412845729446 ] } },
{ "type": "Feature", "properties": { "visible_points": 34, "total_points": 98, "visibility_pct": 34.693877551020407 }, "geometry": { "type": "Point", "coordinates": [ 0.130623250982774, 52.209409189638997 ] } },
{ "type": "Feature", "properties": { "visible_points": 35, "total_points": 95, "visibility_pct": 36.84210526315789 }, "geometry": { "type": "Point", "coordinates": [ 0.1308258912, 52.20940553320068 ] } },
{ "type": "Feature", "properties": { "visible_points": 35, "total_points": 93, "visibility_pct": 37.634408602150536 }, "geometry": { "type": "Point", "coordinates": [ 0.131028531373505, 52.209401876414553 ] } },
{ "type": "Feature", "properties": { "visible_points": 37, "total_points": 91, "visibility_pct": 40.659340659340657 }, "geometry": { "type": "Point", "coordinates": [ 0.131231171503298, 52.209398219280558 ] } },
{ "type": "Feature", "properties": { "visible_points": 29, "total_points": 90, "visibility_pct": 32.222222222222221 }, "geometry": { "type": "Point", "coordinates": [ 0.131433811589364, 52.209394561798753 ] } },
{ "type": "Feature", "properties": { "visible_points": 13, "total_points": 89, "visibility_pct": 14.606741573033707 }, "geometry": { "type": "Point", "coordinates": [ 0.13163645165913, 52.209390903794116 ] } },
{ "type": "Feature", "properties": { "visible_points": 12, "total_points": 88, "visibility_pct": 13.636363636363635 }, "geometry": { "type": "Point", "coordinates": [ 0.131839091854511, 52.209387243098085 ] } },
{ "type": "Feature", "properties": { "visible_points": 18, "total_points": 87, "visibility_pct": 20.689655172413794 }, "geometry": { "type": "Point", "coordinates": [ 0.132041732126641, 52.209383580762662 ] } },
{ "type": "Feature", "properties": { "visible_points": 13, "total_points": 86, "visibility_pct": 15.11627906976744 }, "geometry": { "type": "Point", "coordinates": [ 0.132244372355638, 52.209379918079215 ] } },
{ "type": "Feature", "properties": { "visible_points": 24, "total_points": 85, "visibility_pct": 28.235294117647058 }, "geometry": { "type": "Point", "coordinates": [ 0.132447012541509, 52.209376255047722 ] } },
{ "type": "Feature", "properties": { "visible_points": 10, "total_points": 85, "visibility_pct": 11.76470588235294 }, "geometry": { "type": "Point", "coordinates": [ 0.132649652684241, 52.209372591668192 ] } },
{ "type": "Feature", "properties": { "visible_points": 0, "total_points": 87, "visibility_pct": 0.0 }, "geometry": { "type": "Point", "coordinates": [ 0.13285229278384, 52.209368927940631 ] } },
{ "type": "Feature", "properties": { "visible_points": 0, "total_points": 90, "visibility_pct": 0.0 }, "geometry": { "type": "Point", "coordinates": [ 0.133054932840289, 52.20936526386501 ] } },
{ "type": "Feature", "properties": { "visible_points": 0, "total_points": 101, "visibility_pct": 0.0 }, "geometry": { "type": "Point", "coordinates": [ 0.133865492634595, 52.209350604082196 ] } },
{ "type": "Feature", "properties": { "visible_points": 2, "total_points": 100, "visibility_pct": 2.0 }, "geometry": { "type": "Point", "coordinates": [ 0.134068132475273, 52.209346938266393 ] } },
{ "type": "Feature", "properties": { "visible_points": 3, "total_points": 99, "visibility_pct": 3.0303030303030303 }, "geometry": { "type": "Point", "coordinates": [ 0.134270772272786, 52.209343272102544 ] } },
{ "type": "Feature", "properties": { "visible_points": 5, "total_points": 94, "visibility_pct": 5.3191489361702127 }, "geometry": { "type": "Point", "coordinates": [ 0.134473412027122, 52.209339605590678 ] } },
{ "type": "Feature", "properties": { "visible_points": 31, "total_points": 89, "visibility_pct": 34.831460674157306 }, "geometry": { "type": "Point", "coordinates": [ 0.127487473469383, 52.209573630291729 ] } },
{ "type": "Feature", "properties": { "visible_points": 54, "total_points": 100, "visibility_pct": 54.0 }, "geometry": { "type": "Point", "coordinates": [ 0.127690114858616, 52.209569979231468 ] } },
{ "type": "Feature", "properties": { "visible_points": 71, "total_points": 111, "visibility_pct": 63.963963963963963 }, "geometry": { "type": "Point", "coordinates": [ 0.127892756204202, 52.20956632782336 ] } },
{ "type": "Feature", "properties": { "visible_points": 80, "total_points": 118, "visibility_pct": 67.796610169491515 }, "geometry": { "type": "Point", "coordinates": [ 0.128095397506125, 52.209562676067421 ] } },
{ "type": "Feature", "properties": { "visible_points": 84, "total_points": 120, "visibility_pct": 70.0 }, "geometry": { "type": "Point", "coordinates": [ 0.128298038764403, 52.209559023963628 ] } },
{ "type": "Feature", "properties": { "visible_points": 90, "total_points": 120, "visibility_pct": 75.0 }, "geometry": { "type": "Point", "coordinates": [ 0.128500679979007, 52.209555371511989 ] } },
{ "type": "Feature", "properties": { "visible_points": 92, "total_points": 120, "visibility_pct": 76.666666666666671 }, "geometry": { "type": "Point", "coordinates": [ 0.12870332114995, 52.209551718712518 ] } },
{ "type": "Feature", "properties": { "visible_points": 84, "total_points": 120, "visibility_pct": 70.0 }, "geometry": { "type": "Point", "coordinates": [ 0.128905962277211, 52.209548065565187 ] } },
{ "type": "Feature", "properties": { "visible_points": 76, "total_points": 120, "visibility_pct": 63.333333333333329 }, "geometry": { "type": "Point", "coordinates": [ 0.129108603360807, 52.209544412070017 ] } },
{ "type": "Feature", "properties": { "visible_points": 71, "total_points": 120, "visibility_pct": 59.166666666666664 }, "geometry": { "type": "Point", "coordinates": [ 0.129311244400722, 52.209540758227014 ] } },
{ "type": "Feature", "properties": { "visible_points": 69, "total_points": 120, "visibility_pct": 57.5 }, "geometry": { "type": "Point", "coordinates": [ 0.12951388539695, 52.209537104036173 ] } },
{ "type": "Feature", "properties": { "visible_points": 53, "total_points": 118, "visibility_pct": 44.915254237288138 }, "geometry": { "type": "Point", "coordinates": [ 0.129716526349488, 52.209533449497485 ] } },
{ "type": "Feature", "properties": { "visible_points": 53, "total_points": 116, "visibility_pct": 45.689655172413794 }, "geometry": { "type": "Point", "coordinates": [ 0.129919167258339, 52.209529794610951 ] } },
{ "type": "Feature", "properties": { "visible_points": 47, "total_points": 113, "visibility_pct": 41.592920353982301 }, "geometry": { "type": "Point", "coordinates": [ 0.130121808123492, 52.209526139376578 ] } },
{ "type": "Feature", "properties": { "visible_points": 49, "total_points": 110, "visibility_pct": 44.545454545454547 }, "geometry": { "type": "Point", "coordinates": [ 0.130324448944942, 52.209522483794359 ] } },
{ "type": "Feature", "properties": { "visible_points": 52, "total_points": 107, "visibility_pct": 48.598130841121495 }, "geometry": { "type": "Point", "coordinates": [ 0.13052708972269, 52.209518827864322 ] } },
{ "type": "Feature", "properties": { "visible_points": 54, "total_points": 105, "visibility_pct": 51.428571428571423 }, "geometry": { "type": "Point", "coordinates": [ 0.130729730456731, 52.209515171586411 ] } },
{ "type": "Feature", "properties": { "visible_points": 40, "total_points": 103, "visibility_pct": 38.834951456310677 }, "geometry": { "type": "Point", "coordinates": [ 0.130932371147052, 52.209511514960681 ] } },
{ "type": "Feature", "properties": { "visible_points": 41, "total_points": 101, "visibility_pct": 40.594059405940598 }, "geometry": { "type": "Point", "coordinates": [ 0.131135011793662, 52.209507857987099 ] } },
{ "type": "Feature", "properties": { "visible_points": 38, "total_points": 100, "visibility_pct": 38.0 }, "geometry": { "type": "Point", "coordinates": [ 0.131337652396549, 52.209504200665698 ] } },
{ "type": "Feature", "properties": { "visible_points": 0, "total_points": 99, "visibility_pct": 0.0 }, "geometry": { "type": "Point", "coordinates": [ 0.13154029295571, 52.209500542996437 ] } },
{ "type": "Feature", "properties": { "visible_points": 0, "total_points": 98, "visibility_pct": 0.0 }, "geometry": { "type": "Point", "coordinates": [ 0.131742933580149, 52.209496883868191 ] } },
{ "type": "Feature", "properties": { "visible_points": 8, "total_points": 98, "visibility_pct": 8.1632653061224492 }, "geometry": { "type": "Point", "coordinates": [ 0.131945574322557, 52.209493221922394 ] } },
{ "type": "Feature", "properties": { "visible_points": 18, "total_points": 97, "visibility_pct": 18.556701030927837 }, "geometry": { "type": "Point", "coordinates": [ 0.132148215059065, 52.209489559402385 ] } },
{ "type": "Feature", "properties": { "visible_points": 29, "total_points": 96, "visibility_pct": 30.208333333333332 }, "geometry": { "type": "Point", "coordinates": [ 0.132350855752446, 52.209485896534353 ] } },
{ "type": "Feature", "properties": { "visible_points": 22, "total_points": 95, "visibility_pct": 23.157894736842106 }, "geometry": { "type": "Point", "coordinates": [ 0.132553496402697, 52.209482233318262 ] } },
{ "type": "Feature", "properties": { "visible_points": 29, "total_points": 95, "visibility_pct": 30.526315789473685 }, "geometry": { "type": "Point", "coordinates": [ 0.132756137009802, 52.20947856975414 ] } },
{ "type": "Feature", "properties": { "visible_points": 29, "total_points": 97, "visibility_pct": 29.896907216494846 }, "geometry": { "type": "Point", "coordinates": [ 0.132958777573777, 52.209474905841979 ] } },
{ "type": "Feature", "properties": { "visible_points": 37, "total_points": 99, "visibility_pct": 37.373737373737377 }, "geometry": { "type": "Point", "coordinates": [ 0.133161418094601, 52.209471241581774 ] } },
{ "type": "Feature", "properties": { "visible_points": 1, "total_points": 102, "visibility_pct": 0.98039215686274506 }, "geometry": { "type": "Point", "coordinates": [ 0.133364058572276, 52.209467576973523 ] } },
{ "type": "Feature", "properties": { "visible_points": 0, "total_points": 105, "visibility_pct": 0.0 }, "geometry": { "type": "Point", "coordinates": [ 0.1335666990068, 52.209463912017249 ] } },
{ "type": "Feature", "properties": { "visible_points": 10, "total_points": 106, "visibility_pct": 9.433962264150944 }, "geometry": { "type": "Point", "coordinates": [ 0.133769339398164, 52.209460246712922 ] } },
{ "type": "Feature", "properties": { "visible_points": 1, "total_points": 105, "visibility_pct": 0.95238095238095244 }, "geometry": { "type": "Point", "coordinates": [ 0.133971979746368, 52.209456581060557 ] } },
{ "type": "Feature", "properties": { "visible_points": 4, "total_points": 104, "visibility_pct": 3.8461538461538463 }, "geometry": { "type": "Point", "coordinates": [ 0.134174620051407, 52.209452915060169 ] } },
{ "type": "Feature", "properties": { "visible_points": 1, "total_points": 82, "visibility_pct": 1.2195121951219512 }, "geometry": { "type": "Point", "coordinates": [ 0.127391303984146, 52.20968326603505 ] } },
{ "type": "Feature", "properties": { "visible_points": 0, "total_points": 95, "visibility_pct": 0.0 }, "geometry": { "type": "Point", "coordinates": [ 0.127593945890172, 52.209679615135208 ] } },
{ "type": "Feature", "properties": { "visible_points": 57, "total_points": 106, "visibility_pct": 53.773584905660378 }, "geometry": { "type": "Point", "coordinates": [ 0.127796587752555, 52.209675963887534 ] } },
{ "type": "Feature", "properties": { "visible_points": 75, "total_points": 115, "visibility_pct": 65.217391304347828 }, "geometry": { "type": "Point", "coordinates": [ 0.127999229571274, 52.209672312292 ] } },
{ "type": "Feature", "properties": { "visible_points": 81, "total_points": 120, "visibility_pct": 67.5 }, "geometry": { "type": "Point", "coordinates": [ 0.128201871346342, 52.209668660348633 ] } },
{ "type": "Feature", "properties": { "visible_points": 86, "total_points": 120, "visibility_pct": 71.666666666666671 }, "geometry": { "type": "Point", "coordinates": [ 0.128404513077749, 52.209665008057414 ] } },
{ "type": "Feature", "properties": { "visible_points": 89, "total_points": 120, "visibility_pct": 74.166666666666671 }, "geometry": { "type": "Point", "coordinates": [ 0.128607154765486, 52.209661355418369 ] } },
{ "type": "Feature", "properties": { "visible_points": 89, "total_points": 120, "visibility_pct": 74.166666666666671 }, "geometry": { "type": "Point", "coordinates": [ 0.128809796409557, 52.209657702431464 ] } },
{ "type": "Feature", "properties": { "visible_points": 84, "total_points": 120, "visibility_pct": 70.0 }, "geometry": { "type": "Point", "coordinates": [ 0.129012438009955, 52.209654049096713 ] } },
{ "type": "Feature", "properties": { "visible_points": 83, "total_points": 120, "visibility_pct": 69.166666666666671 }, "geometry": { "type": "Point", "coordinates": [ 0.129215079566672, 52.209650395414123 ] } },
{ "type": "Feature", "properties": { "visible_points": 78, "total_points": 120, "visibility_pct": 65.0 }, "geometry": { "type": "Point", "coordinates": [ 0.129417721079707, 52.209646741383686 ] } },
{ "type": "Feature", "properties": { "visible_points": 70, "total_points": 120, "visibility_pct": 58.333333333333336 }, "geometry": { "type": "Point", "coordinates": [ 0.129620362549058, 52.209643087005418 ] } },
{ "type": "Feature", "properties": { "visible_points": 61, "total_points": 120, "visibility_pct": 50.833333333333329 }, "geometry": { "type": "Point", "coordinates": [ 0.129823003974717, 52.209639432279296 ] } },
{ "type": "Feature", "properties": { "visible_points": 61, "total_points": 119, "visibility_pct": 51.260504201680668 }, "geometry": { "type": "Point", "coordinates": [ 0.13002564535668, 52.209635777205342 ] } },
{ "type": "Feature", "properties": { "visible_points": 56, "total_points": 117, "visibility_pct": 47.863247863247864 }, "geometry": { "type": "Point", "coordinates": [ 0.130228286694949, 52.209632121783542 ] } },
{ "type": "Feature", "properties": { "visible_points": 63, "total_points": 115, "visibility_pct": 54.782608695652172 }, "geometry": { "type": "Point", "coordinates": [ 0.130430927989512, 52.209628466013882 ] } },
{ "type": "Feature", "properties": { "visible_points": 61, "total_points": 113, "visibility_pct": 53.982300884955748 }, "geometry": { "type": "Point", "coordinates": [ 0.130633569240364, 52.209624809896404 ] } },
{ "type": "Feature", "properties": { "visible_points": 61, "total_points": 111, "visibility_pct": 54.954954954954957 }, "geometry": { "type": "Point", "coordinates": [ 0.130836210447506, 52.209621153431065 ] } },
{ "type": "Feature", "properties": { "visible_points": 57, "total_points": 110, "visibility_pct": 51.81818181818182 }, "geometry": { "type": "Point", "coordinates": [ 0.131038851610942, 52.209617496617888 ] } },
{ "type": "Feature", "properties": { "visible_points": 51, "total_points": 109, "visibility_pct": 46.788990825688074 }, "geometry": { "type": "Point", "coordinates": [ 0.131241492730647, 52.209613839456878 ] } },
{ "type": "Feature", "properties": { "visible_points": 50, "total_points": 108, "visibility_pct": 46.296296296296298 }, "geometry": { "type": "Point", "coordinates": [ 0.131444133806632, 52.20961018194803 ] } },
{ "type": "Feature", "properties": { "visible_points": 25, "total_points": 107, "visibility_pct": 23.364485981308412 }, "geometry": { "type": "Point", "coordinates": [ 0.131646774873495, 52.209606523873418 ] } },
{ "type": "Feature", "properties": { "visible_points": 35, "total_points": 107, "visibility_pct": 32.710280373831772 }, "geometry": { "type": "Point", "coordinates": [ 0.131849416054098, 52.209602863003497 ] } },
{ "type": "Feature", "properties": { "visible_points": 43, "total_points": 107, "visibility_pct": 40.186915887850468 }, "geometry": { "type": "Point", "coordinates": [ 0.13205205729812, 52.209599200646963 ] } },
{ "type": "Feature", "properties": { "visible_points": 43, "total_points": 106, "visibility_pct": 40.566037735849058 }, "geometry": { "type": "Point", "coordinates": [ 0.132254698499016, 52.20959553794237 ] } },
{ "type": "Feature", "properties": { "visible_points": 44, "total_points": 105, "visibility_pct": 41.904761904761905 }, "geometry": { "type": "Point", "coordinates": [ 0.132457339656782, 52.209591874889739 ] } },
{ "type": "Feature", "properties": { "visible_points": 38, "total_points": 104, "visibility_pct": 36.538461538461533 }, "geometry": { "type": "Point", "coordinates": [ 0.132659980771406, 52.209588211489077 ] } },
{ "type": "Feature", "properties": { "visible_points": 32, "total_points": 104, "visibility_pct": 30.76923076923077 }, "geometry": { "type": "Point", "coordinates": [ 0.132862621842899, 52.209584547740334 ] } },
{ "type": "Feature", "properties": { "visible_points": 21, "total_points": 105, "visibility_pct": 20.0 }, "geometry": { "type": "Point", "coordinates": [ 0.133065262871245, 52.209580883643596 ] } },
{ "type": "Feature", "properties": { "visible_points": 35, "total_points": 107, "visibility_pct": 32.710280373831772 }, "geometry": { "type": "Point", "coordinates": [ 0.13326790385644, 52.209577219198792 ] } },
{ "type": "Feature", "properties": { "visible_points": 29, "total_points": 109, "visibility_pct": 26.605504587155966 }, "geometry": { "type": "Point", "coordinates": [ 0.133470544798488, 52.209573554405964 ] } },
{ "type": "Feature", "properties": { "visible_points": 26, "total_points": 110, "visibility_pct": 23.636363636363637 }, "geometry": { "type": "Point", "coordinates": [ 0.133673185697381, 52.209569889265076 ] } },
{ "type": "Feature", "properties": { "visible_points": 27, "total_points": 110, "visibility_pct": 24.545454545454547 }, "geometry": { "type": "Point", "coordinates": [ 0.133875826553111, 52.20956622377615 ] } },
{ "type": "Feature", "properties": { "visible_points": 24, "total_points": 109, "visibility_pct": 22.018348623853214 }, "geometry": { "type": "Point", "coordinates": [ 0.134078467365683, 52.209562557939194 ] } },
{ "type": "Feature", "properties": { "visible_points": 4, "total_points": 105, "visibility_pct": 3.8095238095238098 }, "geometry": { "type": "Point", "coordinates": [ 0.134281108135077, 52.209558891754178 ] } },
{ "type": "Feature", "properties": { "visible_points": 0, "total_points": 89, "visibility_pct": 0.0 }, "geometry": { "type": "Point", "coordinates": [ 0.127497776448597, 52.209789250963176 ] } },
{ "type": "Feature", "properties": { "visible_points": 51, "total_points": 100, "visibility_pct": 51.0 }, "geometry": { "type": "Point", "coordinates": [ 0.127700418827772, 52.209785599875921 ] } },
{ "type": "Feature", "properties": { "visible_points": 70, "total_points": 111, "visibility_pct": 63.063063063063062 }, "geometry": { "type": "Point", "coordinates": [ 0.127903061163293, 52.209781948440821 ] } },
{ "type": "Feature", "properties": { "visible_points": 80, "total_points": 118, "visibility_pct": 67.796610169491515 }, "geometry": { "type": "Point", "coordinates": [ 0.128105703455158, 52.209778296657888 ] } },
{ "type": "Feature", "properties": { "visible_points": 83, "total_points": 120, "visibility_pct": 69.166666666666671 }, "geometry": { "type": "Point", "coordinates": [ 0.128308345703365, 52.209774644527108 ] } },
{ "type": "Feature", "properties": { "visible_points": 87, "total_points": 120, "visibility_pct": 72.5 }, "geometry": { "type": "Point", "coordinates": [ 0.128510987907906, 52.209770992048448 ] } },
{ "type": "Feature", "properties": { "visible_points": 83, "total_points": 120, "visibility_pct": 69.166666666666671 }, "geometry": { "type": "Point", "coordinates": [ 0.12871363006878, 52.209767339221976 ] } },
{ "type": "Feature", "properties": { "visible_points": 84, "total_points": 120, "visibility_pct": 70.0 }, "geometry": { "type": "Point", "coordinates": [ 0.128916272185984, 52.209763686047658 ] } },
{ "type": "Feature", "properties": { "visible_points": 89, "total_points": 120, "visibility_pct": 74.166666666666671 }, "geometry": { "type": "Point", "coordinates": [ 0.129118914259509, 52.20976003252548 ] } },
{ "type": "Feature", "properties": { "visible_points": 89, "total_points": 120, "visibility_pct": 74.166666666666671 }, "geometry": { "type": "Point", "coordinates": [ 0.129321556289355, 52.20975637865547 ] } },
{ "type": "Feature", "properties": { "visible_points": 84, "total_points": 120, "visibility_pct": 70.0 }, "geometry": { "type": "Point", "coordinates": [ 0.129524198275516, 52.209752724437614 ] } },
{ "type": "Feature", "properties": { "visible_points": 80, "total_points": 120, "visibility_pct": 66.666666666666657 }, "geometry": { "type": "Point", "coordinates": [ 0.129726840217987, 52.20974906987189 ] } },
{ "type": "Feature", "properties": { "visible_points": 78, "total_points": 120, "visibility_pct": 65.0 }, "geometry": { "type": "Point", "coordinates": [ 0.129929482116766, 52.209745414958334 ] } },
{ "type": "Feature", "properties": { "visible_points": 68, "total_points": 120, "visibility_pct": 56.666666666666664 }, "geometry": { "type": "Point", "coordinates": [ 0.130132123971848, 52.209741759696961 ] } },
{ "type": "Feature", "properties": { "visible_points": 72, "total_points": 120, "visibility_pct": 60.0 }, "geometry": { "type": "Point", "coordinates": [ 0.130334765783228, 52.20973810408772 ] } },
{ "type": "Feature", "properties": { "visible_points": 74, "total_points": 119, "visibility_pct": 62.184873949579831 }, "geometry": { "type": "Point", "coordinates": [ 0.130537407550904, 52.209734448130646 ] } },
{ "type": "Feature", "properties": { "visible_points": 73, "total_points": 118, "visibility_pct": 61.864406779661017 }, "geometry": { "type": "Point", "coordinates": [ 0.130740049274871, 52.209730791825727 ] } },
{ "type": "Feature", "properties": { "visible_points": 70, "total_points": 117, "visibility_pct": 59.82905982905983 }, "geometry": { "type": "Point", "coordinates": [ 0.130942690955121, 52.209727135172955 ] } },
{ "type": "Feature", "properties": { "visible_points": 64, "total_points": 116, "visibility_pct": 55.172413793103445 }, "geometry": { "type": "Point", "coordinates": [ 0.131145332591659, 52.209723478172329 ] } },
{ "type": "Feature", "properties": { "visible_points": 64, "total_points": 115, "visibility_pct": 55.652173913043477 }, "geometry": { "type": "Point", "coordinates": [ 0.131347974184466, 52.209719820823885 ] } },
{ "type": "Feature", "properties": { "visible_points": 56, "total_points": 115, "visibility_pct": 48.695652173913047 }, "geometry": { "type": "Point", "coordinates": [ 0.131550615733554, 52.209716163127595 ] } },
{ "type": "Feature", "properties": { "visible_points": 29, "total_points": 115, "visibility_pct": 25.217391304347824 }, "geometry": { "type": "Point", "coordinates": [ 0.131753257347742, 52.209712503823376 ] } },
{ "type": "Feature", "properties": { "visible_points": 50, "total_points": 115, "visibility_pct": 43.478260869565219 }, "geometry": { "type": "Point", "coordinates": [ 0.131955899072796, 52.209708841812947 ] } },
{ "type": "Feature", "properties": { "visible_points": 48, "total_points": 115, "visibility_pct": 41.739130434782609 }, "geometry": { "type": "Point", "coordinates": [ 0.132158540781209, 52.209705179271801 ] } },
{ "type": "Feature", "properties": { "visible_points": 52, "total_points": 114, "visibility_pct": 45.614035087719294 }, "geometry": { "type": "Point", "coordinates": [ 0.132361182446492, 52.20970151638263 ] } },
{ "type": "Feature", "properties": { "visible_points": 47, "total_points": 113, "visibility_pct": 41.592920353982301 }, "geometry": { "type": "Point", "coordinates": [ 0.13256382406864, 52.209697853145407 ] } },
{ "type": "Feature", "properties": { "visible_points": 47, "total_points": 112, "visibility_pct": 41.964285714285715 }, "geometry": { "type": "Point", "coordinates": [ 0.132766465647656, 52.209694189560146 ] } },
{ "type": "Feature", "properties": { "visible_points": 5, "total_points": 112, "visibility_pct": 4.4642857142857144 }, "geometry": { "type": "Point", "coordinates": [ 0.13296910718352, 52.209690525626826 ] } },
{ "type": "Feature", "properties": { "visible_points": 35, "total_points": 112, "visibility_pct": 31.25 }, "geometry": { "type": "Point", "coordinates": [ 0.133171748676245, 52.209686861345475 ] } },
{ "type": "Feature", "properties": { "visible_points": 35, "total_points": 113, "visibility_pct": 30.973451327433626 }, "geometry": { "type": "Point", "coordinates": [ 0.13337439012582, 52.209683196716085 ] } },
{ "type": "Feature", "properties": { "visible_points": 30, "total_points": 114, "visibility_pct": 26.315789473684209 }, "geometry": { "type": "Point", "coordinates": [ 0.133577031532239, 52.209679531738644 ] } },
{ "type": "Feature", "properties": { "visible_points": 25, "total_points": 114, "visibility_pct": 21.929824561403507 }, "geometry": { "type": "Point", "coordinates": [ 0.1337796728955, 52.209675866413157 ] } },
{ "type": "Feature", "properties": { "visible_points": 15, "total_points": 113, "visibility_pct": 13.274336283185843 }, "geometry": { "type": "Point", "coordinates": [ 0.1339823142156, 52.209672200739639 ] } },
{ "type": "Feature", "properties": { "visible_points": 11, "total_points": 111, "visibility_pct": 9.9099099099099099 }, "geometry": { "type": "Point", "coordinates": [ 0.134184955492535, 52.209668534718077 ] } },
{ "type": "Feature", "properties": { "visible_points": 0, "total_points": 106, "visibility_pct": 0.0 }, "geometry": { "type": "Point", "coordinates": [ 0.134387596726298, 52.209664868348469 ] } },
{ "type": "Feature", "properties": { "visible_points": 0, "total_points": 100, "visibility_pct": 0.0 }, "geometry": { "type": "Point", "coordinates": [ 0.134590237916886, 52.209661201630844 ] } },
{ "type": "Feature", "properties": { "visible_points": 27, "total_points": 82, "visibility_pct": 32.926829268292686 }, "geometry": { "type": "Point", "coordinates": [ 0.127401606533882, 52.209898886715365 ] } },
{ "type": "Feature", "properties": { "visible_points": 45, "total_points": 95, "visibility_pct": 47.368421052631575 }, "geometry": { "type": "Point", "coordinates": [ 0.127604249429856, 52.209895235788551 ] } },
{ "type": "Feature", "properties": { "visible_points": 67, "total_points": 106, "visibility_pct": 63.20754716981132 }, "geometry": { "type": "Point", "coordinates": [ 0.127806892282177, 52.209891584513883 ] } },
{ "type": "Feature", "properties": { "visible_points": 76, "total_points": 115, "visibility_pct": 66.086956521739125 }, "geometry": { "type": "Point", "coordinates": [ 0.128009535090839, 52.209887932891363 ] } },
{ "type": "Feature", "properties": { "visible_points": 79, "total_points": 120, "visibility_pct": 65.833333333333329 }, "geometry": { "type": "Point", "coordinates": [ 0.128212177855854, 52.209884280920988 ] } },
{ "type": "Feature", "properties": { "visible_points": 86, "total_points": 120, "visibility_pct": 71.666666666666671 }, "geometry": { "type": "Point", "coordinates": [ 0.128414820577201, 52.209880628602782 ] } },
{ "type": "Feature", "properties": { "visible_points": 84, "total_points": 120, "visibility_pct": 70.0 }, "geometry": { "type": "Point", "coordinates": [ 0.128617463254881, 52.20987697593673 ] } },
{ "type": "Feature", "properties": { "visible_points": 90, "total_points": 120, "visibility_pct": 75.0 }, "geometry": { "type": "Point", "coordinates": [ 0.128820105888891, 52.209873322922832 ] } },
{ "type": "Feature", "properties": { "visible_points": 94, "total_points": 120, "visibility_pct": 78.333333333333329 }, "geometry": { "type": "Point", "coordinates": [ 0.12902274847923, 52.209869669561073 ] } },
{ "type": "Feature", "properties": { "visible_points": 92, "total_points": 120, "visibility_pct": 76.666666666666671 }, "geometry": { "type": "Point", "coordinates": [ 0.129225391025886, 52.209866015851475 ] } },
{ "type": "Feature", "properties": { "visible_points": 93, "total_points": 120, "visibility_pct": 77.5 }, "geometry": { "type": "Point", "coordinates": [ 0.129428033528857, 52.209862361794023 ] } },
{ "type": "Feature", "properties": { "visible_points": 93, "total_points": 120, "visibility_pct": 77.5 }, "geometry": { "type": "Point", "coordinates": [ 0.129630675988149, 52.20985870738874 ] } },
{ "type": "Feature", "properties": { "visible_points": 85, "total_points": 120, "visibility_pct": 70.833333333333343 }, "geometry": { "type": "Point", "coordinates": [ 0.129833318403741, 52.209855052635611 ] } },
{ "type": "Feature", "properties": { "visible_points": 83, "total_points": 120, "visibility_pct": 69.166666666666671 }, "geometry": { "type": "Point", "coordinates": [ 0.130035960775644, 52.209851397534614 ] } },
{ "type": "Feature", "properties": { "visible_points": 83, "total_points": 120, "visibility_pct": 69.166666666666671 }, "geometry": { "type": "Point", "coordinates": [ 0.130238603103845, 52.209847742085799 ] } },
{ "type": "Feature", "properties": { "visible_points": 83, "total_points": 120, "visibility_pct": 69.166666666666671 }, "geometry": { "type": "Point", "coordinates": [ 0.130441245388342, 52.209844086289124 ] } },
{ "type": "Feature", "properties": { "visible_points": 83, "total_points": 120, "visibility_pct": 69.166666666666671 }, "geometry": { "type": "Point", "coordinates": [ 0.130643887629129, 52.20984043014461 ] } },
{ "type": "Feature", "properties": { "visible_points": 85, "total_points": 120, "visibility_pct": 70.833333333333343 }, "geometry": { "type": "Point", "coordinates": [ 0.130846529826211, 52.209836773652256 ] } },
{ "type": "Feature", "properties": { "visible_points": 78, "total_points": 120, "visibility_pct": 65.0 }, "geometry": { "type": "Point", "coordinates": [ 0.131049171979569, 52.209833116812035 ] } },
{ "type": "Feature", "properties": { "visible_points": 75, "total_points": 120, "visibility_pct": 62.5 }, "geometry": { "type": "Point", "coordinates": [ 0.131251814089212, 52.209829459623997 ] } },
{ "type": "Feature", "properties": { "visible_points": 75, "total_points": 120, "visibility_pct": 62.5 }, "geometry": { "type": "Point", "coordinates": [ 0.131454456155126, 52.209825802088091 ] } },
{ "type": "Feature", "properties": { "visible_points": 65, "total_points": 120, "visibility_pct": 54.166666666666664 }, "geometry": { "type": "Point", "coordinates": [ 0.13165709821828, 52.209822143943647 ] } },
{ "type": "Feature", "properties": { "visible_points": 61, "total_points": 120, "visibility_pct": 50.833333333333329 }, "geometry": { "type": "Point", "coordinates": [ 0.131859740383094, 52.209818482900332 ] } },
{ "type": "Feature", "properties": { "visible_points": 58, "total_points": 120, "visibility_pct": 48.333333333333336 }, "geometry": { "type": "Point", "coordinates": [ 0.132062382599024, 52.209814820522638 ] } },
{ "type": "Feature", "properties": { "visible_points": 61, "total_points": 120, "visibility_pct": 50.833333333333329 }, "geometry": { "type": "Point", "coordinates": [ 0.13226502477183, 52.209811157796921 ] } },
{ "type": "Feature", "properties": { "visible_points": 59, "total_points": 120, "visibility_pct": 49.166666666666664 }, "geometry": { "type": "Point", "coordinates": [ 0.132467666901498, 52.209807494723137 ] } },
{ "type": "Feature", "properties": { "visible_points": 54, "total_points": 119, "visibility_pct": 45.378151260504204 }, "geometry": { "type": "Point", "coordinates": [ 0.132670308988037, 52.209803831301329 ] } },
{ "type": "Feature", "properties": { "visible_points": 49, "total_points": 118, "visibility_pct": 41.525423728813557 }, "geometry": { "type": "Point", "coordinates": [ 0.132872951031433, 52.209800167531476 ] } },
{ "type": "Feature", "properties": { "visible_points": 46, "total_points": 117, "visibility_pct": 39.316239316239319 }, "geometry": { "type": "Point", "coordinates": [ 0.13307559303168, 52.209796503413571 ] } },
{ "type": "Feature", "properties": { "visible_points": 36, "total_points": 117, "visibility_pct": 30.76923076923077 }, "geometry": { "type": "Point", "coordinates": [ 0.133278234988785, 52.209792838947614 ] } },
{ "type": "Feature", "properties": { "visible_points": 33, "total_points": 117, "visibility_pct": 28.205128205128204 }, "geometry": { "type": "Point", "coordinates": [ 0.133480876902733, 52.209789174133611 ] } },
{ "type": "Feature", "properties": { "visible_points": 30, "total_points": 118, "visibility_pct": 25.423728813559322 }, "geometry": { "type": "Point", "coordinates": [ 0.133683518773532, 52.209785508971578 ] } },
{ "type": "Feature", "properties": { "visible_points": 15, "total_points": 118, "visibility_pct": 12.711864406779661 }, "geometry": { "type": "Point", "coordinates": [ 0.133886160601165, 52.209781843461506 ] } },
{ "type": "Feature", "properties": { "visible_points": 15, "total_points": 116, "visibility_pct": 12.931034482758621 }, "geometry": { "type": "Point", "coordinates": [ 0.134088802385634, 52.20977817760339 ] } },
{ "type": "Feature", "properties": { "visible_points": 15, "total_points": 111, "visibility_pct": 13.513513513513514 }, "geometry": { "type": "Point", "coordinates": [ 0.134291444126934, 52.209774511397214 ] } },
{ "type": "Feature", "properties": { "visible_points": 12, "total_points": 106, "visibility_pct": 11.320754716981133 }, "geometry": { "type": "Point", "coordinates": [ 0.134494085825059, 52.209770844843007 ] } },
{ "type": "Feature", "properties": { "visible_points": 5, "total_points": 100, "visibility_pct": 5.0 }, "geometry": { "type": "Point", "coordinates": [ 0.134696727480017, 52.209767177940755 ] } },
{ "type": "Feature", "properties": { "visible_points": 5, "total_points": 93, "visibility_pct": 5.376344086021505 }, "geometry": { "type": "Point", "coordinates": [ 0.134899369091783, 52.209763510690451 ] } },
{ "type": "Feature", "properties": { "visible_points": 38, "total_points": 89, "visibility_pct": 42.696629213483142 }, "geometry": { "type": "Point", "coordinates": [ 0.127508079558799, 52.210004871625408 ] } },
{ "type": "Feature", "properties": { "visible_points": 56, "total_points": 100, "visibility_pct": 56.000000000000007 }, "geometry": { "type": "Point", "coordinates": [ 0.12771072292792, 52.210001220511174 ] } },
{ "type": "Feature", "properties": { "visible_points": 74, "total_points": 111, "visibility_pct": 66.666666666666657 }, "geometry": { "type": "Point", "coordinates": [ 0.127913366253394, 52.209997569049079 ] } },
{ "type": "Feature", "properties": { "visible_points": 78, "total_points": 118, "visibility_pct": 66.101694915254242 }, "geometry": { "type": "Point", "coordinates": [ 0.128116009535206, 52.209993917239132 ] } },
{ "type": "Feature", "properties": { "visible_points": 82, "total_points": 120, "visibility_pct": 68.333333333333329 }, "geometry": { "type": "Point", "coordinates": [ 0.128318652773368, 52.209990265081352 ] } },
{ "type": "Feature", "properties": { "visible_points": 86, "total_points": 120, "visibility_pct": 71.666666666666671 }, "geometry": { "type": "Point", "coordinates": [ 0.12852129596785, 52.209986612575726 ] } },
{ "type": "Feature", "properties": { "visible_points": 88, "total_points": 120, "visibility_pct": 73.333333333333329 }, "geometry": { "type": "Point", "coordinates": [ 0.128723939118674, 52.20998295972224 ] } },
{ "type": "Feature", "properties": { "visible_points": 93, "total_points": 120, "visibility_pct": 77.5 }, "geometry": { "type": "Point", "coordinates": [ 0.128926582225826, 52.209979306520907 ] } },
{ "type": "Feature", "properties": { "visible_points": 101, "total_points": 120, "visibility_pct": 84.166666666666671 }, "geometry": { "type": "Point", "coordinates": [ 0.129129225289296, 52.209975652971721 ] } },
{ "type": "Feature", "properties": { "visible_points": 100, "total_points": 120, "visibility_pct": 83.333333333333343 }, "geometry": { "type": "Point", "coordinates": [ 0.129331868309088, 52.209971999074703 ] } },
{ "type": "Feature", "properties": { "visible_points": 100, "total_points": 120, "visibility_pct": 83.333333333333343 }, "geometry": { "type": "Point", "coordinates": [ 0.12953451128519, 52.209968344829818 ] } },
{ "type": "Feature", "properties": { "visible_points": 96, "total_points": 120, "visibility_pct": 80.0 }, "geometry": { "type": "Point", "coordinates": [ 0.129737154217606, 52.209964690237108 ] } },
{ "type": "Feature", "properties": { "visible_points": 85, "total_points": 120, "visibility_pct": 70.833333333333343 }, "geometry": { "type": "Point", "coordinates": [ 0.12993979710633, 52.209961035296537 ] } },
{ "type": "Feature", "properties": { "visible_points": 89, "total_points": 120, "visibility_pct": 74.166666666666671 }, "geometry": { "type": "Point", "coordinates": [ 0.130142439951352, 52.20995738000812 ] } },
{ "type": "Feature", "properties": { "visible_points": 90, "total_points": 120, "visibility_pct": 75.0 }, "geometry": { "type": "Point", "coordinates": [ 0.130345082752672, 52.209953724371871 ] } },
{ "type": "Feature", "properties": { "visible_points": 89, "total_points": 120, "visibility_pct": 74.166666666666671 }, "geometry": { "type": "Point", "coordinates": [ 0.13054772551029, 52.209950068387755 ] } },
{ "type": "Feature", "properties": { "visible_points": 93, "total_points": 120, "visibility_pct": 77.5 }, "geometry": { "type": "Point", "coordinates": [ 0.130750368224197, 52.209946412055814 ] } },
{ "type": "Feature", "properties": { "visible_points": 90, "total_points": 120, "visibility_pct": 75.0 }, "geometry": { "type": "Point", "coordinates": [ 0.130953010894384, 52.209942755376005 ] } },
{ "type": "Feature", "properties": { "visible_points": 78, "total_points": 120, "visibility_pct": 65.0 }, "geometry": { "type": "Point", "coordinates": [ 0.13115565352086, 52.209939098348364 ] } },
{ "type": "Feature", "properties": { "visible_points": 77, "total_points": 120, "visibility_pct": 64.166666666666671 }, "geometry": { "type": "Point", "coordinates": [ 0.131358296103607, 52.209935440972863 ] } },
{ "type": "Feature", "properties": { "visible_points": 68, "total_points": 120, "visibility_pct": 56.666666666666664 }, "geometry": { "type": "Point", "coordinates": [ 0.131560938642632, 52.209931783249516 ] } },
{ "type": "Feature", "properties": { "visible_points": 66, "total_points": 120, "visibility_pct": 55.000000000000007 }, "geometry": { "type": "Point", "coordinates": [ 0.13176358124556, 52.209928123769807 ] } },
{ "type": "Feature", "properties": { "visible_points": 67, "total_points": 120, "visibility_pct": 55.833333333333336 }, "geometry": { "type": "Point", "coordinates": [ 0.131966223952458, 52.209924461694882 ] } },
{ "type": "Feature", "properties": { "visible_points": 67, "total_points": 120, "visibility_pct": 55.833333333333336 }, "geometry": { "type": "Point", "coordinates": [ 0.132168866632784, 52.209920799132611 ] } },
{ "type": "Feature", "properties": { "visible_points": 62, "total_points": 120, "visibility_pct": 51.666666666666671 }, "geometry": { "type": "Point", "coordinates": [ 0.13237150926998, 52.209917136222288 ] } },
{ "type": "Feature", "properties": { "visible_points": 55, "total_points": 120, "visibility_pct": 45.833333333333329 }, "geometry": { "type": "Point", "coordinates": [ 0.132574151864042, 52.209913472963933 ] } },
{ "type": "Feature", "properties": { "visible_points": 52, "total_points": 120, "visibility_pct": 43.333333333333336 }, "geometry": { "type": "Point", "coordinates": [ 0.132776794414967, 52.209909809357526 ] } },
{ "type": "Feature", "properties": { "visible_points": 49, "total_points": 120, "visibility_pct": 40.833333333333336 }, "geometry": { "type": "Point", "coordinates": [ 0.132979436922749, 52.20990614540306 ] } },
{ "type": "Feature", "properties": { "visible_points": 43, "total_points": 120, "visibility_pct": 35.833333333333336 }, "geometry": { "type": "Point", "coordinates": [ 0.133182079387382, 52.209902481100556 ] } },
{ "type": "Feature", "properties": { "visible_points": 40, "total_points": 120, "visibility_pct": 33.333333333333329 }, "geometry": { "type": "Point", "coordinates": [ 0.133384721808867, 52.209898816450021 ] } },
{ "type": "Feature", "properties": { "visible_points": 33, "total_points": 120, "visibility_pct": 27.5 }, "geometry": { "type": "Point", "coordinates": [ 0.133587364187196, 52.209895151451406 ] } },
{ "type": "Feature", "properties": { "visible_points": 35, "total_points": 120, "visibility_pct": 29.166666666666668 }, "geometry": { "type": "Point", "coordinates": [ 0.133790006522366, 52.209891486104773 ] } },
{ "type": "Feature", "properties": { "visible_points": 26, "total_points": 119, "visibility_pct": 21.84873949579832 }, "geometry": { "type": "Point", "coordinates": [ 0.133992648814372, 52.209887820410103 ] } },
{ "type": "Feature", "properties": { "visible_points": 23, "total_points": 116, "visibility_pct": 19.827586206896552 }, "geometry": { "type": "Point", "coordinates": [ 0.134195291063216, 52.209884154367373 ] } },
{ "type": "Feature", "properties": { "visible_points": 18, "total_points": 112, "visibility_pct": 16.071428571428573 }, "geometry": { "type": "Point", "coordinates": [ 0.134397933268884, 52.209880487976612 ] } },
{ "type": "Feature", "properties": { "visible_points": 10, "total_points": 107, "visibility_pct": 9.3457943925233646 }, "geometry": { "type": "Point", "coordinates": [ 0.134600575431381, 52.209876821237785 ] } },
{ "type": "Feature", "properties": { "visible_points": 0, "total_points": 101, "visibility_pct": 0.0 }, "geometry": { "type": "Point", "coordinates": [ 0.134803217550691, 52.20987315415092 ] } },
{ "type": "Feature", "properties": { "visible_points": 0, "total_points": 95, "visibility_pct": 0.0 }, "geometry": { "type": "Point", "coordinates": [ 0.135005859626829, 52.209869486716023 ] } },
{ "type": "Feature", "properties": { "visible_points": 0, "total_points": 89, "visibility_pct": 0.0 }, "geometry": { "type": "Point", "coordinates": [ 0.135208501659771, 52.209865818933075 ] } },
{ "type": "Feature", "properties": { "visible_points": 0, "total_points": 83, "visibility_pct": 0.0 }, "geometry": { "type": "Point", "coordinates": [ 0.135411143649525, 52.209862150802074 ] } },
{ "type": "Feature", "properties": { "visible_points": 13, "total_points": 83, "visibility_pct": 15.66265060240964 }, "geometry": { "type": "Point", "coordinates": [ 0.127411909214596, 52.2101145073865 ] } },
{ "type": "Feature", "properties": { "visible_points": 46, "total_points": 95, "visibility_pct": 48.421052631578945 }, "geometry": { "type": "Point", "coordinates": [ 0.127614553100526, 52.210110856432678 ] } },
{ "type": "Feature", "properties": { "visible_points": 69, "total_points": 106, "visibility_pct": 65.094339622641513 }, "geometry": { "type": "Point", "coordinates": [ 0.127817196942803, 52.210107205131017 ] } },
{ "type": "Feature", "properties": { "visible_points": 75, "total_points": 115, "visibility_pct": 65.217391304347828 }, "geometry": { "type": "Point", "coordinates": [ 0.128019840741427, 52.21010355348151 ] } },
{ "type": "Feature", "properties": { "visible_points": 80, "total_points": 120, "visibility_pct": 66.666666666666657 }, "geometry": { "type": "Point", "coordinates": [ 0.128222484496394, 52.210099901484149 ] } },
{ "type": "Feature", "properties": { "visible_points": 83, "total_points": 120, "visibility_pct": 69.166666666666671 }, "geometry": { "type": "Point", "coordinates": [ 0.128425128207695, 52.210096249138935 ] } },
{ "type": "Feature", "properties": { "visible_points": 89, "total_points": 120, "visibility_pct": 74.166666666666671 }, "geometry": { "type": "Point", "coordinates": [ 0.128627771875328, 52.21009259644589 ] } },
{ "type": "Feature", "properties": { "visible_points": 86, "total_points": 120, "visibility_pct": 71.666666666666671 }, "geometry": { "type": "Point", "coordinates": [ 0.128830415499294, 52.210088943404969 ] } },
{ "type": "Feature", "properties": { "visible_points": 93, "total_points": 120, "visibility_pct": 77.5 }, "geometry": { "type": "Point", "coordinates": [ 0.129033059079583, 52.210085290016224 ] } },
{ "type": "Feature", "properties": { "visible_points": 96, "total_points": 120, "visibility_pct": 80.0 }, "geometry": { "type": "Point", "coordinates": [ 0.129235702616187, 52.210081636279604 ] } },
{ "type": "Feature", "properties": { "visible_points": 98, "total_points": 120, "visibility_pct": 81.666666666666671 }, "geometry": { "type": "Point", "coordinates": [ 0.129438346109118, 52.210077982195145 ] } },
{ "type": "Feature", "properties": { "visible_points": 97, "total_points": 120, "visibility_pct": 80.833333333333329 }, "geometry": { "type": "Point", "coordinates": [ 0.129640989558352, 52.21007432776284 ] } },
{ "type": "Feature", "properties": { "visible_points": 88, "total_points": 120, "visibility_pct": 73.333333333333329 }, "geometry": { "type": "Point", "coordinates": [ 0.129843632963899, 52.210070672982695 ] } },
{ "type": "Feature", "properties": { "visible_points": 95, "total_points": 120, "visibility_pct": 79.166666666666657 }, "geometry": { "type": "Point", "coordinates": [ 0.130046276325746, 52.210067017854691 ] } },
{ "type": "Feature", "properties": { "visible_points": 92, "total_points": 120, "visibility_pct": 76.666666666666671 }, "geometry": { "type": "Point", "coordinates": [ 0.130248919643899, 52.210063362378854 ] } },
{ "type": "Feature", "properties": { "visible_points": 92, "total_points": 120, "visibility_pct": 76.666666666666671 }, "geometry": { "type": "Point", "coordinates": [ 0.130451562918337, 52.210059706555136 ] } },
{ "type": "Feature", "properties": { "visible_points": 94, "total_points": 120, "visibility_pct": 78.333333333333329 }, "geometry": { "type": "Point", "coordinates": [ 0.130654206149076, 52.210056050383606 ] } },
{ "type": "Feature", "properties": { "visible_points": 94, "total_points": 120, "visibility_pct": 78.333333333333329 }, "geometry": { "type": "Point", "coordinates": [ 0.130856849336099, 52.210052393864217 ] } },
{ "type": "Feature", "properties": { "visible_points": 86, "total_points": 120, "visibility_pct": 71.666666666666671 }, "geometry": { "type": "Point", "coordinates": [ 0.131059492479407, 52.210048736996974 ] } },
{ "type": "Feature", "properties": { "visible_points": 79, "total_points": 120, "visibility_pct": 65.833333333333329 }, "geometry": { "type": "Point", "coordinates": [ 0.131262135578994, 52.210045079781885 ] } },
{ "type": "Feature", "properties": { "visible_points": 78, "total_points": 120, "visibility_pct": 65.0 }, "geometry": { "type": "Point", "coordinates": [ 0.131464778634849, 52.210041422218964 ] } },
{ "type": "Feature", "properties": { "visible_points": 68, "total_points": 120, "visibility_pct": 56.666666666666664 }, "geometry": { "type": "Point", "coordinates": [ 0.131667421693479, 52.210037764004802 ] } },
{ "type": "Feature", "properties": { "visible_points": 68, "total_points": 120, "visibility_pct": 56.666666666666664 }, "geometry": { "type": "Point", "coordinates": [ 0.131870064841504, 52.210034102788526 ] } },
{ "type": "Feature", "properties": { "visible_points": 71, "total_points": 120, "visibility_pct": 59.166666666666664 }, "geometry": { "type": "Point", "coordinates": [ 0.132072708029354, 52.210030440389716 ] } },
{ "type": "Feature", "properties": { "visible_points": 69, "total_points": 119, "visibility_pct": 57.983193277310932 }, "geometry": { "type": "Point", "coordinates": [ 0.132275351174083, 52.210026777642852 ] } },
{ "type": "Feature", "properties": { "visible_points": 62, "total_points": 118, "visibility_pct": 52.542372881355938 }, "geometry": { "type": "Point", "coordinates": [ 0.132477994275669, 52.21002311454793 ] } },
{ "type": "Feature", "properties": { "visible_points": 55, "total_points": 117, "visibility_pct": 47.008547008547005 }, "geometry": { "type": "Point", "coordinates": [ 0.132680637334127, 52.210019451104976 ] } },
{ "type": "Feature", "properties": { "visible_points": 52, "total_points": 116, "visibility_pct": 44.827586206896555 }, "geometry": { "type": "Point", "coordinates": [ 0.132883280349439, 52.210015787313964 ] } },
{ "type": "Feature", "properties": { "visible_points": 47, "total_points": 115, "visibility_pct": 40.869565217391305 }, "geometry": { "type": "Point", "coordinates": [ 0.133085923321609, 52.21001212317492 ] } },
{ "type": "Feature", "properties": { "visible_points": 42, "total_points": 115, "visibility_pct": 36.521739130434781 }, "geometry": { "type": "Point", "coordinates": [ 0.133288566250626, 52.210008458687831 ] } },
{ "type": "Feature", "properties": { "visible_points": 39, "total_points": 115, "visibility_pct": 33.913043478260867 }, "geometry": { "type": "Point", "coordinates": [ 0.133491209136494, 52.210004793852669 ] } },
{ "type": "Feature", "properties": { "visible_points": 36, "total_points": 116, "visibility_pct": 31.03448275862069 }, "geometry": { "type": "Point", "coordinates": [ 0.133693851979201, 52.210001128669475 ] } },
{ "type": "Feature", "properties": { "visible_points": 31, "total_points": 117, "visibility_pct": 26.495726495726498 }, "geometry": { "type": "Point", "coordinates": [ 0.133896494778754, 52.209997463138244 ] } },
{ "type": "Feature", "properties": { "visible_points": 23, "total_points": 117, "visibility_pct": 19.658119658119659 }, "geometry": { "type": "Point", "coordinates": [ 0.134099137535135, 52.209993797258946 ] } },
{ "type": "Feature", "properties": { "visible_points": 7, "total_points": 116, "visibility_pct": 6.0344827586206895 }, "geometry": { "type": "Point", "coordinates": [ 0.134301780248349, 52.20999013103161 ] } },
{ "type": "Feature", "properties": { "visible_points": 10, "total_points": 112, "visibility_pct": 8.9285714285714288 }, "geometry": { "type": "Point", "coordinates": [ 0.134504422918387, 52.20998646445625 ] } },
{ "type": "Feature", "properties": { "visible_points": 2, "total_points": 108, "visibility_pct": 1.8518518518518516 }, "geometry": { "type": "Point", "coordinates": [ 0.134707065545253, 52.209982797532824 ] } },
{ "type": "Feature", "properties": { "visible_points": 0, "total_points": 103, "visibility_pct": 0.0 }, "geometry": { "type": "Point", "coordinates": [ 0.134909708128935, 52.20997913026136 ] } },
{ "type": "Feature", "properties": { "visible_points": 0, "total_points": 98, "visibility_pct": 0.0 }, "geometry": { "type": "Point", "coordinates": [ 0.135112350669429, 52.209975462641843 ] } },
{ "type": "Feature", "properties": { "visible_points": 0, "total_points": 93, "visibility_pct": 0.0 }, "geometry": { "type": "Point", "coordinates": [ 0.135314993166735, 52.209971794674274 ] } },
{ "type": "Feature", "properties": { "visible_points": 9, "total_points": 89, "visibility_pct": 10.112359550561797 }, "geometry": { "type": "Point", "coordinates": [ 0.135517635620847, 52.209968126358667 ] } },
{ "type": "Feature", "properties": { "visible_points": 0, "total_points": 85, "visibility_pct": 0.0 }, "geometry": { "type": "Point", "coordinates": [ 0.135720278031761, 52.209964457695023 ] } },
{ "type": "Feature", "properties": { "visible_points": 0, "total_points": 80, "visibility_pct": 0.0 }, "geometry": { "type": "Point", "coordinates": [ 0.135922920399476, 52.209960788683333 ] } },
{ "type": "Feature", "properties": { "visible_points": 34, "total_points": 90, "visibility_pct": 37.777777777777779 }, "geometry": { "type": "Point", "coordinates": [ 0.127518382799984, 52.210220492278445 ] } },
{ "type": "Feature", "properties": { "visible_points": 57, "total_points": 101, "visibility_pct": 56.435643564356432 }, "geometry": { "type": "Point", "coordinates": [ 0.127721027159073, 52.210216841137196 ] } },
{ "type": "Feature", "properties": { "visible_points": 65, "total_points": 111, "visibility_pct": 58.558558558558559 }, "geometry": { "type": "Point", "coordinates": [ 0.127923671474505, 52.210213189648108 ] } },
{ "type": "Feature", "properties": { "visible_points": 76, "total_points": 118, "visibility_pct": 64.406779661016941 }, "geometry": { "type": "Point", "coordinates": [ 0.128126315746284, 52.210209537811174 ] } },
{ "type": "Feature", "properties": { "visible_points": 84, "total_points": 120, "visibility_pct": 70.0 }, "geometry": { "type": "Point", "coordinates": [ 0.1283289599744, 52.210205885626401 ] } },
{ "type": "Feature", "properties": { "visible_points": 86, "total_points": 120, "visibility_pct": 71.666666666666671 }, "geometry": { "type": "Point", "coordinates": [ 0.128531604158848, 52.21020223309376 ] } },
{ "type": "Feature", "properties": { "visible_points": 91, "total_points": 120, "visibility_pct": 75.833333333333329 }, "geometry": { "type": "Point", "coordinates": [ 0.128734248299632, 52.21019858021328 ] } },
{ "type": "Feature", "properties": { "visible_points": 99, "total_points": 120, "visibility_pct": 82.5 }, "geometry": { "type": "Point", "coordinates": [ 0.12893689239674, 52.210194926984947 ] } },
{ "type": "Feature", "properties": { "visible_points": 101, "total_points": 120, "visibility_pct": 84.166666666666671 }, "geometry": { "type": "Point", "coordinates": [ 0.129139536450168, 52.210191273408768 ] } },
{ "type": "Feature", "properties": { "visible_points": 94, "total_points": 120, "visibility_pct": 78.333333333333329 }, "geometry": { "type": "Point", "coordinates": [ 0.129342180459916, 52.210187619484721 ] } },
{ "type": "Feature", "properties": { "visible_points": 99, "total_points": 120, "visibility_pct": 82.5 }, "geometry": { "type": "Point", "coordinates": [ 0.129544824425976, 52.210183965212842 ] } },
{ "type": "Feature", "properties": { "visible_points": 96, "total_points": 120, "visibility_pct": 80.0 }, "geometry": { "type": "Point", "coordinates": [ 0.129747468348348, 52.210180310593103 ] } },
{ "type": "Feature", "properties": { "visible_points": 94, "total_points": 120, "visibility_pct": 78.333333333333329 }, "geometry": { "type": "Point", "coordinates": [ 0.129950112227026, 52.210176655625524 ] } },
{ "type": "Feature", "properties": { "visible_points": 90, "total_points": 120, "visibility_pct": 75.0 }, "geometry": { "type": "Point", "coordinates": [ 0.130152756062006, 52.210173000310085 ] } },
{ "type": "Feature", "properties": { "visible_points": 93, "total_points": 120, "visibility_pct": 77.5 }, "geometry": { "type": "Point", "coordinates": [ 0.130355399853278, 52.2101693446468 ] } },
{ "type": "Feature", "properties": { "visible_points": 94, "total_points": 120, "visibility_pct": 78.333333333333329 }, "geometry": { "type": "Point", "coordinates": [ 0.13055804360085, 52.210165688635648 ] } },
{ "type": "Feature", "properties": { "visible_points": 92, "total_points": 120, "visibility_pct": 76.666666666666671 }, "geometry": { "type": "Point", "coordinates": [ 0.130760687304706, 52.210162032276671 ] } },
{ "type": "Feature", "properties": { "visible_points": 86, "total_points": 120, "visibility_pct": 71.666666666666671 }, "geometry": { "type": "Point", "coordinates": [ 0.130963330964847, 52.210158375569847 ] } },
{ "type": "Feature", "properties": { "visible_points": 81, "total_points": 120, "visibility_pct": 67.5 }, "geometry": { "type": "Point", "coordinates": [ 0.131165974581273, 52.210154718515156 ] } },
{ "type": "Feature", "properties": { "visible_points": 76, "total_points": 119, "visibility_pct": 63.865546218487388 }, "geometry": { "type": "Point", "coordinates": [ 0.131368618153972, 52.21015106111264 ] } },
{ "type": "Feature", "properties": { "visible_points": 73, "total_points": 118, "visibility_pct": 61.864406779661017 }, "geometry": { "type": "Point", "coordinates": [ 0.131571261682943, 52.210147403362264 ] } },
{ "type": "Feature", "properties": { "visible_points": 75, "total_points": 117, "visibility_pct": 64.102564102564102 }, "geometry": { "type": "Point", "coordinates": [ 0.131773905273613, 52.210143743707484 ] } },
{ "type": "Feature", "properties": { "visible_points": 68, "total_points": 115, "visibility_pct": 59.130434782608695 }, "geometry": { "type": "Point", "coordinates": [ 0.131976548961539, 52.210140081568206 ] } },
{ "type": "Feature", "properties": { "visible_points": 69, "total_points": 113, "visibility_pct": 61.06194690265486 }, "geometry": { "type": "Point", "coordinates": [ 0.132179192613792, 52.210136418984803 ] } },
{ "type": "Feature", "properties": { "visible_points": 62, "total_points": 112, "visibility_pct": 55.357142857142861 }, "geometry": { "type": "Point", "coordinates": [ 0.132381836222912, 52.210132756053341 ] } },
{ "type": "Feature", "properties": { "visible_points": 56, "total_points": 111, "visibility_pct": 50.450450450450447 }, "geometry": { "type": "Point", "coordinates": [ 0.132584479788902, 52.210129092773848 ] } },
{ "type": "Feature", "properties": { "visible_points": 53, "total_points": 110, "visibility_pct": 48.18181818181818 }, "geometry": { "type": "Point", "coordinates": [ 0.132787123311755, 52.210125429146274 ] } },
{ "type": "Feature", "properties": { "visible_points": 46, "total_points": 109, "visibility_pct": 42.201834862385326 }, "geometry": { "type": "Point", "coordinates": [ 0.132989766791454, 52.210121765170683 ] } },
{ "type": "Feature", "properties": { "visible_points": 45, "total_points": 108, "visibility_pct": 41.666666666666671 }, "geometry": { "type": "Point", "coordinates": [ 0.133192410228014, 52.210118100847048 ] } },
{ "type": "Feature", "properties": { "visible_points": 43, "total_points": 108, "visibility_pct": 39.814814814814817 }, "geometry": { "type": "Point", "coordinates": [ 0.133395053621421, 52.210114436175331 ] } },
{ "type": "Feature", "properties": { "visible_points": 36, "total_points": 109, "visibility_pct": 33.027522935779821 }, "geometry": { "type": "Point", "coordinates": [ 0.133597696971672, 52.210110771155591 ] } },
{ "type": "Feature", "properties": { "visible_points": 31, "total_points": 111, "visibility_pct": 27.927927927927925 }, "geometry": { "type": "Point", "coordinates": [ 0.13380034027876, 52.210107105787785 ] } },
{ "type": "Feature", "properties": { "visible_points": 28, "total_points": 113, "visibility_pct": 24.778761061946902 }, "geometry": { "type": "Point", "coordinates": [ 0.134002983542691, 52.210103440071954 ] } },
{ "type": "Feature", "properties": { "visible_points": 22, "total_points": 113, "visibility_pct": 19.469026548672566 }, "geometry": { "type": "Point", "coordinates": [ 0.134205626763454, 52.210099774008064 ] } },
{ "type": "Feature", "properties": { "visible_points": 8, "total_points": 112, "visibility_pct": 7.1428571428571423 }, "geometry": { "type": "Point", "coordinates": [ 0.134408269941036, 52.210096107596122 ] } },
{ "type": "Feature", "properties": { "visible_points": 8, "total_points": 110, "visibility_pct": 7.2727272727272725 }, "geometry": { "type": "Point", "coordinates": [ 0.134610913075453, 52.210092440836142 ] } },
{ "type": "Feature", "properties": { "visible_points": 14, "total_points": 107, "visibility_pct": 13.084112149532709 }, "geometry": { "type": "Point", "coordinates": [ 0.134813556166684, 52.210088773728117 ] } },
{ "type": "Feature", "properties": { "visible_points": 9, "total_points": 102, "visibility_pct": 8.8235294117647065 }, "geometry": { "type": "Point", "coordinates": [ 0.135016199214733, 52.210085106272039 ] } },
{ "type": "Feature", "properties": { "visible_points": 0, "total_points": 99, "visibility_pct": 0.0 }, "geometry": { "type": "Point", "coordinates": [ 0.135218842219596, 52.210081438467903 ] } },
{ "type": "Feature", "properties": { "visible_points": 9, "total_points": 97, "visibility_pct": 9.2783505154639183 }, "geometry": { "type": "Point", "coordinates": [ 0.135421485181267, 52.210077770315721 ] } },
{ "type": "Feature", "properties": { "visible_points": 10, "total_points": 94, "visibility_pct": 10.638297872340425 }, "geometry": { "type": "Point", "coordinates": [ 0.135624128099736, 52.210074101815515 ] } },
{ "type": "Feature", "properties": { "visible_points": 9, "total_points": 92, "visibility_pct": 9.7826086956521738 }, "geometry": { "type": "Point", "coordinates": [ 0.135826770975009, 52.210070432967242 ] } },
{ "type": "Feature", "properties": { "visible_points": 5, "total_points": 85, "visibility_pct": 5.8823529411764701 }, "geometry": { "type": "Point", "coordinates": [ 0.136029413807079, 52.210066763770939 ] } },
{ "type": "Feature", "properties": { "visible_points": 3, "total_points": 75, "visibility_pct": 4.0 }, "geometry": { "type": "Point", "coordinates": [ 0.136232056595936, 52.210063094226584 ] } },
{ "type": "Feature", "properties": { "visible_points": 0, "total_points": 65, "visibility_pct": 0.0 }, "geometry": { "type": "Point", "coordinates": [ 0.136434699341586, 52.210059424334176 ] } },
{ "type": "Feature", "properties": { "visible_points": 1, "total_points": 55, "visibility_pct": 1.8181818181818181 }, "geometry": { "type": "Point", "coordinates": [ 0.13663734204402, 52.21005575409373 ] } },
{ "type": "Feature", "properties": { "visible_points": 19, "total_points": 85, "visibility_pct": 22.352941176470591 }, "geometry": { "type": "Point", "coordinates": [ 0.127422212026297, 52.210330128048419 ] } },
{ "type": "Feature", "properties": { "visible_points": 27, "total_points": 97, "visibility_pct": 27.835051546391753 }, "geometry": { "type": "Point", "coordinates": [ 0.127624856902193, 52.210326477067611 ] } },
{ "type": "Feature", "properties": { "visible_points": 60, "total_points": 107, "visibility_pct": 56.074766355140184 }, "geometry": { "type": "Point", "coordinates": [ 0.12782750173444, 52.210322825738963 ] } },
{ "type": "Feature", "properties": { "visible_points": 71, "total_points": 115, "visibility_pct": 61.739130434782609 }, "geometry": { "type": "Point", "coordinates": [ 0.12803014652303, 52.210319174062448 ] } },
{ "type": "Feature", "properties": { "visible_points": 80, "total_points": 120, "visibility_pct": 66.666666666666657 }, "geometry": { "type": "Point", "coordinates": [ 0.128232791267967, 52.210315522038094 ] } },
{ "type": "Feature", "properties": { "visible_points": 89, "total_points": 120, "visibility_pct": 74.166666666666671 }, "geometry": { "type": "Point", "coordinates": [ 0.128435435969232, 52.21031186966588 ] } },
{ "type": "Feature", "properties": { "visible_points": 94, "total_points": 120, "visibility_pct": 78.333333333333329 }, "geometry": { "type": "Point", "coordinates": [ 0.128638080626835, 52.210308216945826 ] } },
{ "type": "Feature", "properties": { "visible_points": 104, "total_points": 120, "visibility_pct": 86.666666666666671 }, "geometry": { "type": "Point", "coordinates": [ 0.128840725240762, 52.210304563877905 ] } },
{ "type": "Feature", "properties": { "visible_points": 104, "total_points": 120, "visibility_pct": 86.666666666666671 }, "geometry": { "type": "Point", "coordinates": [ 0.129043369811015, 52.210300910462145 ] } },
{ "type": "Feature", "properties": { "visible_points": 97, "total_points": 120, "visibility_pct": 80.833333333333329 }, "geometry": { "type": "Point", "coordinates": [ 0.129246014337592, 52.210297256698531 ] } },
{ "type": "Feature", "properties": { "visible_points": 95, "total_points": 120, "visibility_pct": 79.166666666666657 }, "geometry": { "type": "Point", "coordinates": [ 0.129448658820476, 52.210293602587058 ] } },
{ "type": "Feature", "properties": { "visible_points": 104, "total_points": 120, "visibility_pct": 86.666666666666671 }, "geometry": { "type": "Point", "coordinates": [ 0.129651303259678, 52.210289948127752 ] } },
{ "type": "Feature", "properties": { "visible_points": 97, "total_points": 120, "visibility_pct": 80.833333333333329 }, "geometry": { "type": "Point", "coordinates": [ 0.129853947655182, 52.210286293320578 ] } },
{ "type": "Feature", "properties": { "visible_points": 92, "total_points": 120, "visibility_pct": 76.666666666666671 }, "geometry": { "type": "Point", "coordinates": [ 0.130056592006995, 52.210282638165552 ] } },
{ "type": "Feature", "properties": { "visible_points": 87, "total_points": 120, "visibility_pct": 72.5 }, "geometry": { "type": "Point", "coordinates": [ 0.130259236315105, 52.210278982662679 ] } },
{ "type": "Feature", "properties": { "visible_points": 91, "total_points": 120, "visibility_pct": 75.833333333333329 }, "geometry": { "type": "Point", "coordinates": [ 0.130461880579505, 52.210275326811967 ] } },
{ "type": "Feature", "properties": { "visible_points": 89, "total_points": 120, "visibility_pct": 74.166666666666671 }, "geometry": { "type": "Point", "coordinates": [ 0.130664524800203, 52.21027167061338 ] } },
{ "type": "Feature", "properties": { "visible_points": 83, "total_points": 119, "visibility_pct": 69.747899159663859 }, "geometry": { "type": "Point", "coordinates": [ 0.130867168977185, 52.210268014066969 ] } },
{ "type": "Feature", "properties": { "visible_points": 83, "total_points": 117, "visibility_pct": 70.940170940170944 }, "geometry": { "type": "Point", "coordinates": [ 0.131069813110445, 52.210264357172676 ] } },
{ "type": "Feature", "properties": { "visible_points": 78, "total_points": 115, "visibility_pct": 67.826086956521735 }, "geometry": { "type": "Point", "coordinates": [ 0.131272457199989, 52.210260699930579 ] } },
{ "type": "Feature", "properties": { "visible_points": 76, "total_points": 113, "visibility_pct": 67.256637168141594 }, "geometry": { "type": "Point", "coordinates": [ 0.131475101245803, 52.210257042340608 ] } },
{ "type": "Feature", "properties": { "visible_points": 70, "total_points": 111, "visibility_pct": 63.063063063063062 }, "geometry": { "type": "Point", "coordinates": [ 0.131677745299102, 52.21025338405687 ] } },
{ "type": "Feature", "properties": { "visible_points": 66, "total_points": 109, "visibility_pct": 60.550458715596335 }, "geometry": { "type": "Point", "coordinates": [ 0.131880389429331, 52.210249722668124 ] } },
{ "type": "Feature", "properties": { "visible_points": 54, "total_points": 107, "visibility_pct": 50.467289719626166 }, "geometry": { "type": "Point", "coordinates": [ 0.132083033589112, 52.210246060248167 ] } },
{ "type": "Feature", "properties": { "visible_points": 55, "total_points": 105, "visibility_pct": 52.380952380952387 }, "geometry": { "type": "Point", "coordinates": [ 0.132285677705771, 52.210242397480158 ] } },
{ "type": "Feature", "properties": { "visible_points": 54, "total_points": 103, "visibility_pct": 52.427184466019419 }, "geometry": { "type": "Point", "coordinates": [ 0.132488321779295, 52.210238734364104 ] } },
{ "type": "Feature", "properties": { "visible_points": 48, "total_points": 102, "visibility_pct": 47.058823529411761 }, "geometry": { "type": "Point", "coordinates": [ 0.132690965809681, 52.210235070900005 ] } },
{ "type": "Feature", "properties": { "visible_points": 47, "total_points": 101, "visibility_pct": 46.534653465346537 }, "geometry": { "type": "Point", "coordinates": [ 0.132893609796924, 52.210231407087853 ] } },
{ "type": "Feature", "properties": { "visible_points": 44, "total_points": 100, "visibility_pct": 44.0 }, "geometry": { "type": "Point", "coordinates": [ 0.13309625374102, 52.210227742927657 ] } },
{ "type": "Feature", "properties": { "visible_points": 32, "total_points": 100, "visibility_pct": 32.0 }, "geometry": { "type": "Point", "coordinates": [ 0.133298897641971, 52.210224078419408 ] } },
{ "type": "Feature", "properties": { "visible_points": 0, "total_points": 101, "visibility_pct": 0.0 }, "geometry": { "type": "Point", "coordinates": [ 0.133501541499766, 52.210220413563107 ] } },
{ "type": "Feature", "properties": { "visible_points": 28, "total_points": 103, "visibility_pct": 27.184466019417474 }, "geometry": { "type": "Point", "coordinates": [ 0.133704185314403, 52.210216748358746 ] } },
{ "type": "Feature", "properties": { "visible_points": 27, "total_points": 104, "visibility_pct": 25.961538461538463 }, "geometry": { "type": "Point", "coordinates": [ 0.133906829085878, 52.210213082806355 ] } },
{ "type": "Feature", "properties": { "visible_points": 19, "total_points": 104, "visibility_pct": 18.269230769230766 }, "geometry": { "type": "Point", "coordinates": [ 0.134109472814188, 52.210209416905904 ] } },
{ "type": "Feature", "properties": { "visible_points": 15, "total_points": 105, "visibility_pct": 14.285714285714285 }, "geometry": { "type": "Point", "coordinates": [ 0.134312116499325, 52.210205750657423 ] } },
{ "type": "Feature", "properties": { "visible_points": 0, "total_points": 106, "visibility_pct": 0.0 }, "geometry": { "type": "Point", "coordinates": [ 0.134514760141292, 52.210202084060882 ] } },
{ "type": "Feature", "properties": { "visible_points": 13, "total_points": 105, "visibility_pct": 12.380952380952381 }, "geometry": { "type": "Point", "coordinates": [ 0.134717403740076, 52.210198417116281 ] } },
{ "type": "Feature", "properties": { "visible_points": 15, "total_points": 105, "visibility_pct": 14.285714285714285 }, "geometry": { "type": "Point", "coordinates": [ 0.134920047295686, 52.210194749823643 ] } },
{ "type": "Feature", "properties": { "visible_points": 11, "total_points": 102, "visibility_pct": 10.784313725490197 }, "geometry": { "type": "Point", "coordinates": [ 0.135122690808098, 52.210191082182938 ] } },
{ "type": "Feature", "properties": { "visible_points": 15, "total_points": 99, "visibility_pct": 15.151515151515152 }, "geometry": { "type": "Point", "coordinates": [ 0.135325334277332, 52.210187414194209 ] } },
{ "type": "Feature", "properties": { "visible_points": 17, "total_points": 98, "visibility_pct": 17.346938775510203 }, "geometry": { "type": "Point", "coordinates": [ 0.135527977703362, 52.210183745857428 ] } },
{ "type": "Feature", "properties": { "visible_points": 15, "total_points": 97, "visibility_pct": 15.463917525773196 }, "geometry": { "type": "Point", "coordinates": [ 0.135730621086196, 52.210180077172595 ] } },
{ "type": "Feature", "properties": { "visible_points": 15, "total_points": 94, "visibility_pct": 15.957446808510639 }, "geometry": { "type": "Point", "coordinates": [ 0.135933264425829, 52.210176408139723 ] } },
{ "type": "Feature", "properties": { "visible_points": 14, "total_points": 84, "visibility_pct": 16.666666666666664 }, "geometry": { "type": "Point", "coordinates": [ 0.136135907722257, 52.210172738758793 ] } },
{ "type": "Feature", "properties": { "visible_points": 9, "total_points": 75, "visibility_pct": 12.0 }, "geometry": { "type": "Point", "coordinates": [ 0.136338550975471, 52.21016906902981 ] } },
{ "type": "Feature", "properties": { "visible_points": 0, "total_points": 64, "visibility_pct": 0.0 }, "geometry": { "type": "Point", "coordinates": [ 0.136541194185469, 52.210165398952789 ] } },
{ "type": "Feature", "properties": { "visible_points": 5, "total_points": 53, "visibility_pct": 9.433962264150944 }, "geometry": { "type": "Point", "coordinates": [ 0.136743837352253, 52.210161728527716 ] } },
{ "type": "Feature", "properties": { "visible_points": 14, "total_points": 93, "visibility_pct": 15.053763440860216 }, "geometry": { "type": "Point", "coordinates": [ 0.127528686172162, 52.210436112922245 ] } },
{ "type": "Feature", "properties": { "visible_points": 59, "total_points": 103, "visibility_pct": 57.28155339805825 }, "geometry": { "type": "Point", "coordinates": [ 0.127731331521223, 52.210432461754024 ] } },
{ "type": "Feature", "properties": { "visible_points": 66, "total_points": 112, "visibility_pct": 58.928571428571431 }, "geometry": { "type": "Point", "coordinates": [ 0.127933976826635, 52.21042881023795 ] } },
{ "type": "Feature", "properties": { "visible_points": 75, "total_points": 118, "visibility_pct": 63.559322033898304 }, "geometry": { "type": "Point", "coordinates": [ 0.128136622088386, 52.210425158374022 ] } },
{ "type": "Feature", "properties": { "visible_points": 82, "total_points": 120, "visibility_pct": 68.333333333333329 }, "geometry": { "type": "Point", "coordinates": [ 0.128339267306476, 52.210421506162234 ] } },
{ "type": "Feature", "properties": { "visible_points": 90, "total_points": 120, "visibility_pct": 75.0 }, "geometry": { "type": "Point", "coordinates": [ 0.128541912480895, 52.2104178536026 ] } },
{ "type": "Feature", "properties": { "visible_points": 100, "total_points": 120, "visibility_pct": 83.333333333333343 }, "geometry": { "type": "Point", "coordinates": [ 0.128744557611652, 52.210414200695119 ] } },
{ "type": "Feature", "properties": { "visible_points": 95, "total_points": 120, "visibility_pct": 79.166666666666657 }, "geometry": { "type": "Point", "coordinates": [ 0.128947202698731, 52.210410547439764 ] } },
{ "type": "Feature", "properties": { "visible_points": 100, "total_points": 120, "visibility_pct": 83.333333333333343 }, "geometry": { "type": "Point", "coordinates": [ 0.129149847742129, 52.210406893836591 ] } },
{ "type": "Feature", "properties": { "visible_points": 100, "total_points": 120, "visibility_pct": 83.333333333333343 }, "geometry": { "type": "Point", "coordinates": [ 0.129352492741848, 52.210403239885537 ] } },
{ "type": "Feature", "properties": { "visible_points": 98, "total_points": 120, "visibility_pct": 81.666666666666671 }, "geometry": { "type": "Point", "coordinates": [ 0.129555137697877, 52.210399585586636 ] } },
{ "type": "Feature", "properties": { "visible_points": 97, "total_points": 120, "visibility_pct": 80.833333333333329 }, "geometry": { "type": "Point", "coordinates": [ 0.129757782610217, 52.210395930939882 ] } },
{ "type": "Feature", "properties": { "visible_points": 99, "total_points": 120, "visibility_pct": 82.5 }, "geometry": { "type": "Point", "coordinates": [ 0.129960427478865, 52.210392275945274 ] } },
{ "type": "Feature", "properties": { "visible_points": 87, "total_points": 120, "visibility_pct": 72.5 }, "geometry": { "type": "Point", "coordinates": [ 0.130163072303804, 52.210388620602821 ] } },
{ "type": "Feature", "properties": { "visible_points": 83, "total_points": 120, "visibility_pct": 69.166666666666671 }, "geometry": { "type": "Point", "coordinates": [ 0.130365717085049, 52.210384964912514 ] } },
{ "type": "Feature", "properties": { "visible_points": 85, "total_points": 118, "visibility_pct": 72.033898305084747 }, "geometry": { "type": "Point", "coordinates": [ 0.130568361822585, 52.210381308874346 ] } },
{ "type": "Feature", "properties": { "visible_points": 77, "total_points": 116, "visibility_pct": 66.379310344827587 }, "geometry": { "type": "Point", "coordinates": [ 0.130771006516405, 52.210377652488326 ] } },
{ "type": "Feature", "properties": { "visible_points": 75, "total_points": 113, "visibility_pct": 66.371681415929203 }, "geometry": { "type": "Point", "coordinates": [ 0.130973651166512, 52.210373995754466 ] } },
{ "type": "Feature", "properties": { "visible_points": 73, "total_points": 110, "visibility_pct": 66.363636363636374 }, "geometry": { "type": "Point", "coordinates": [ 0.131176295772895, 52.21037033867276 ] } },
{ "type": "Feature", "properties": { "visible_points": 66, "total_points": 107, "visibility_pct": 61.682242990654203 }, "geometry": { "type": "Point", "coordinates": [ 0.131378940335563, 52.210366681243194 ] } },
{ "type": "Feature", "properties": { "visible_points": 64, "total_points": 105, "visibility_pct": 60.952380952380956 }, "geometry": { "type": "Point", "coordinates": [ 0.131581584854492, 52.210363023465774 ] } },
{ "type": "Feature", "properties": { "visible_points": 0, "total_points": 102, "visibility_pct": 0.0 }, "geometry": { "type": "Point", "coordinates": [ 0.131784229431901, 52.210359363636407 ] } },
{ "type": "Feature", "properties": { "visible_points": 3, "total_points": 99, "visibility_pct": 3.0303030303030303 }, "geometry": { "type": "Point", "coordinates": [ 0.131986874100045, 52.210355701432924 ] } },
{ "type": "Feature", "properties": { "visible_points": 24, "total_points": 97, "visibility_pct": 24.742268041237114 }, "geometry": { "type": "Point", "coordinates": [ 0.132189518724236, 52.21035203882839 ] } },
{ "type": "Feature", "properties": { "visible_points": 0, "total_points": 95, "visibility_pct": 0.0 }, "geometry": { "type": "Point", "coordinates": [ 0.132392163305296, 52.210348375875789 ] } },
{ "type": "Feature", "properties": { "visible_points": 0, "total_points": 93, "visibility_pct": 0.0 }, "geometry": { "type": "Point", "coordinates": [ 0.132594807843219, 52.210344712575143 ] } },
{ "type": "Feature", "properties": { "visible_points": 1, "total_points": 92, "visibility_pct": 1.0869565217391304 }, "geometry": { "type": "Point", "coordinates": [ 0.132797452338009, 52.210341048926438 ] } },
{ "type": "Feature", "properties": { "visible_points": 22, "total_points": 91, "visibility_pct": 24.175824175824175 }, "geometry": { "type": "Point", "coordinates": [ 0.133000096789647, 52.210337384929694 ] } },
{ "type": "Feature", "properties": { "visible_points": 10, "total_points": 91, "visibility_pct": 10.989010989010989 }, "geometry": { "type": "Point", "coordinates": [ 0.133202741198142, 52.210333720584892 ] } },
{ "type": "Feature", "properties": { "visible_points": 0, "total_points": 92, "visibility_pct": 0.0 }, "geometry": { "type": "Point", "coordinates": [ 0.133405385563483, 52.210330055892037 ] } },
{ "type": "Feature", "properties": { "visible_points": 3, "total_points": 93, "visibility_pct": 3.225806451612903 }, "geometry": { "type": "Point", "coordinates": [ 0.133608029885667, 52.210326390851129 ] } },
{ "type": "Feature", "properties": { "visible_points": 13, "total_points": 94, "visibility_pct": 13.829787234042554 }, "geometry": { "type": "Point", "coordinates": [ 0.133810674164692, 52.210322725462184 ] } },
{ "type": "Feature", "properties": { "visible_points": 2, "total_points": 94, "visibility_pct": 2.1276595744680851 }, "geometry": { "type": "Point", "coordinates": [ 0.134013318400555, 52.210319059725187 ] } },
{ "type": "Feature", "properties": { "visible_points": 7, "total_points": 95, "visibility_pct": 7.3684210526315779 }, "geometry": { "type": "Point", "coordinates": [ 0.134215962593243, 52.210315393640123 ] } },
{ "type": "Feature", "properties": { "visible_points": 0, "total_points": 96, "visibility_pct": 0.0 }, "geometry": { "type": "Point", "coordinates": [ 0.134418606742766, 52.210311727207028 ] } },
{ "type": "Feature", "properties": { "visible_points": 14, "total_points": 97, "visibility_pct": 14.432989690721648 }, "geometry": { "type": "Point", "coordinates": [ 0.134621250849109, 52.210308060425888 ] } },
{ "type": "Feature", "properties": { "visible_points": 15, "total_points": 99, "visibility_pct": 15.151515151515152 }, "geometry": { "type": "Point", "coordinates": [ 0.134823894912267, 52.210304393296667 ] } },
{ "type": "Feature", "properties": { "visible_points": 0, "total_points": 100, "visibility_pct": 0.0 }, "geometry": { "type": "Point", "coordinates": [ 0.135026538932251, 52.210300725819415 ] } },
{ "type": "Feature", "properties": { "visible_points": 18, "total_points": 99, "visibility_pct": 18.181818181818183 }, "geometry": { "type": "Point", "coordinates": [ 0.135229182909039, 52.210297057994126 ] } },
{ "type": "Feature", "properties": { "visible_points": 14, "total_points": 98, "visibility_pct": 14.285714285714285 }, "geometry": { "type": "Point", "coordinates": [ 0.135431826842634, 52.21029338982077 ] } },
{ "type": "Feature", "properties": { "visible_points": 14, "total_points": 98, "visibility_pct": 14.285714285714285 }, "geometry": { "type": "Point", "coordinates": [ 0.135634470733032, 52.210289721299368 ] } },
{ "type": "Feature", "properties": { "visible_points": 16, "total_points": 95, "visibility_pct": 16.842105263157894 }, "geometry": { "type": "Point", "coordinates": [ 0.135837114580233, 52.210286052429907 ] } },
{ "type": "Feature", "properties": { "visible_points": 14, "total_points": 88, "visibility_pct": 15.909090909090908 }, "geometry": { "type": "Point", "coordinates": [ 0.136039758384227, 52.210282383212416 ] } },
{ "type": "Feature", "properties": { "visible_points": 11, "total_points": 79, "visibility_pct": 13.924050632911392 }, "geometry": { "type": "Point", "coordinates": [ 0.136242402145012, 52.210278713646872 ] } },
{ "type": "Feature", "properties": { "visible_points": 8, "total_points": 70, "visibility_pct": 11.428571428571429 }, "geometry": { "type": "Point", "coordinates": [ 0.136445045862582, 52.210275043733276 ] } },
{ "type": "Feature", "properties": { "visible_points": 4, "total_points": 60, "visibility_pct": 6.666666666666667 }, "geometry": { "type": "Point", "coordinates": [ 0.136647689536937, 52.210271373471649 ] } },
{ "type": "Feature", "properties": { "visible_points": 17, "total_points": 89, "visibility_pct": 19.101123595505616 }, "geometry": { "type": "Point", "coordinates": [ 0.127432514968977, 52.210545748701108 ] } },
{ "type": "Feature", "properties": { "visible_points": 0, "total_points": 100, "visibility_pct": 0.0 }, "geometry": { "type": "Point", "coordinates": [ 0.127635160834855, 52.21054209769332 ] } },
{ "type": "Feature", "properties": { "visible_points": 64, "total_points": 109, "visibility_pct": 58.715596330275233 }, "geometry": { "type": "Point", "coordinates": [ 0.127837806657086, 52.210538446337679 ] } },
{ "type": "Feature", "properties": { "visible_points": 71, "total_points": 116, "visibility_pct": 61.206896551724135 }, "geometry": { "type": "Point", "coordinates": [ 0.128040452435657, 52.210534794634185 ] } },
{ "type": "Feature", "properties": { "visible_points": 79, "total_points": 120, "visibility_pct": 65.833333333333329 }, "geometry": { "type": "Point", "coordinates": [ 0.128243098170571, 52.210531142582823 ] } },
{ "type": "Feature", "properties": { "visible_points": 87, "total_points": 120, "visibility_pct": 72.5 }, "geometry": { "type": "Point", "coordinates": [ 0.128445743861819, 52.210527490183622 ] } },
{ "type": "Feature", "properties": { "visible_points": 102, "total_points": 120, "visibility_pct": 85.0 }, "geometry": { "type": "Point", "coordinates": [ 0.128648389509397, 52.210523837436554 ] } },
{ "type": "Feature", "properties": { "visible_points": 103, "total_points": 120, "visibility_pct": 85.833333333333329 }, "geometry": { "type": "Point", "coordinates": [ 0.128851035113304, 52.21052018434164 ] } },
{ "type": "Feature", "properties": { "visible_points": 97, "total_points": 120, "visibility_pct": 80.833333333333329 }, "geometry": { "type": "Point", "coordinates": [ 0.129053680673533, 52.210516530898865 ] } },
{ "type": "Feature", "properties": { "visible_points": 94, "total_points": 120, "visibility_pct": 78.333333333333329 }, "geometry": { "type": "Point", "coordinates": [ 0.129256326190084, 52.210512877108243 ] } },
{ "type": "Feature", "properties": { "visible_points": 92, "total_points": 120, "visibility_pct": 76.666666666666671 }, "geometry": { "type": "Point", "coordinates": [ 0.129458971662948, 52.210509222969762 ] } },
{ "type": "Feature", "properties": { "visible_points": 88, "total_points": 120, "visibility_pct": 73.333333333333329 }, "geometry": { "type": "Point", "coordinates": [ 0.129661617092122, 52.210505568483413 ] } },
{ "type": "Feature", "properties": { "visible_points": 90, "total_points": 120, "visibility_pct": 75.0 }, "geometry": { "type": "Point", "coordinates": [ 0.129864262477604, 52.210501913649246 ] } },
{ "type": "Feature", "properties": { "visible_points": 88, "total_points": 120, "visibility_pct": 73.333333333333329 }, "geometry": { "type": "Point", "coordinates": [ 0.130066907819388, 52.210498258467204 ] } },
{ "type": "Feature", "properties": { "visible_points": 81, "total_points": 118, "visibility_pct": 68.644067796610159 }, "geometry": { "type": "Point", "coordinates": [ 0.130269553117467, 52.21049460293731 ] } },
{ "type": "Feature", "properties": { "visible_points": 78, "total_points": 115, "visibility_pct": 67.826086956521735 }, "geometry": { "type": "Point", "coordinates": [ 0.130472198371847, 52.210490947059554 ] } },
{ "type": "Feature", "properties": { "visible_points": 71, "total_points": 112, "visibility_pct": 63.392857142857139 }, "geometry": { "type": "Point", "coordinates": [ 0.130674843582511, 52.210487290833953 ] } },
{ "type": "Feature", "properties": { "visible_points": 64, "total_points": 108, "visibility_pct": 59.259259259259252 }, "geometry": { "type": "Point", "coordinates": [ 0.130877488749463, 52.210483634260491 ] } },
{ "type": "Feature", "properties": { "visible_points": 61, "total_points": 104, "visibility_pct": 58.653846153846153 }, "geometry": { "type": "Point", "coordinates": [ 0.131080133872695, 52.210479977339183 ] } },
{ "type": "Feature", "properties": { "visible_points": 62, "total_points": 101, "visibility_pct": 61.386138613861384 }, "geometry": { "type": "Point", "coordinates": [ 0.131282778952208, 52.210476320070036 ] } },
{ "type": "Feature", "properties": { "visible_points": 51, "total_points": 98, "visibility_pct": 52.040816326530617 }, "geometry": { "type": "Point", "coordinates": [ 0.131485423987988, 52.210472662453007 ] } },
{ "type": "Feature", "properties": { "visible_points": 39, "total_points": 94, "visibility_pct": 41.48936170212766 }, "geometry": { "type": "Point", "coordinates": [ 0.131688069035144, 52.21046900409987 ] } },
{ "type": "Feature", "properties": { "visible_points": 5, "total_points": 91, "visibility_pct": 5.4945054945054945 }, "geometry": { "type": "Point", "coordinates": [ 0.13189071414657, 52.210465342539095 ] } },
{ "type": "Feature", "properties": { "visible_points": 10, "total_points": 88, "visibility_pct": 11.363636363636363 }, "geometry": { "type": "Point", "coordinates": [ 0.132093359278306, 52.210461680098007 ] } },
{ "type": "Feature", "properties": { "visible_points": 15, "total_points": 86, "visibility_pct": 17.441860465116278 }, "geometry": { "type": "Point", "coordinates": [ 0.132296004366904, 52.210458017308873 ] } },
{ "type": "Feature", "properties": { "visible_points": 15, "total_points": 84, "visibility_pct": 17.857142857142858 }, "geometry": { "type": "Point", "coordinates": [ 0.132498649412374, 52.210454354171681 ] } },
{ "type": "Feature", "properties": { "visible_points": 15, "total_points": 82, "visibility_pct": 18.292682926829269 }, "geometry": { "type": "Point", "coordinates": [ 0.132701294414701, 52.210450690686436 ] } },
{ "type": "Feature", "properties": { "visible_points": 6, "total_points": 85, "visibility_pct": 7.0588235294117645 }, "geometry": { "type": "Point", "coordinates": [ 0.134322452879868, 52.210421370274595 ] } },
{ "type": "Feature", "properties": { "visible_points": 14, "total_points": 90, "visibility_pct": 15.555555555555555 }, "geometry": { "type": "Point", "coordinates": [ 0.134930386592033, 52.210410369377314 ] } },
{ "type": "Feature", "properties": { "visible_points": 15, "total_points": 93, "visibility_pct": 16.129032258064516 }, "geometry": { "type": "Point", "coordinates": [ 0.135133031076387, 52.210406701715442 ] } },
{ "type": "Feature", "properties": { "visible_points": 10, "total_points": 94, "visibility_pct": 10.638297872340425 }, "geometry": { "type": "Point", "coordinates": [ 0.135335675517549, 52.210403033705546 ] } },
{ "type": "Feature", "properties": { "visible_points": 0, "total_points": 94, "visibility_pct": 0.0 }, "geometry": { "type": "Point", "coordinates": [ 0.135538319915516, 52.210399365347577 ] } },
{ "type": "Feature", "properties": { "visible_points": 8, "total_points": 94, "visibility_pct": 8.5106382978723403 }, "geometry": { "type": "Point", "coordinates": [ 0.135740964270282, 52.210395696641555 ] } },
{ "type": "Feature", "properties": { "visible_points": 0, "total_points": 88, "visibility_pct": 0.0 }, "geometry": { "type": "Point", "coordinates": [ 0.135943608581848, 52.210392027587488 ] } },
{ "type": "Feature", "properties": { "visible_points": 10, "total_points": 81, "visibility_pct": 12.345679012345679 }, "geometry": { "type": "Point", "coordinates": [ 0.136146252850203, 52.210388358185376 ] } },
{ "type": "Feature", "properties": { "visible_points": 4, "total_points": 72, "visibility_pct": 5.5555555555555554 }, "geometry": { "type": "Point", "coordinates": [ 0.13634889707535, 52.210384688435198 ] } },
{ "type": "Feature", "properties": { "visible_points": 3, "total_points": 64, "visibility_pct": 4.6875 }, "geometry": { "type": "Point", "coordinates": [ 0.136551541257278, 52.210381018336982 ] } },
{ "type": "Feature", "properties": { "visible_points": 35, "total_points": 97, "visibility_pct": 36.082474226804123 }, "geometry": { "type": "Point", "coordinates": [ 0.127538989675332, 52.210651733556844 ] } },
{ "type": "Feature", "properties": { "visible_points": 58, "total_points": 106, "visibility_pct": 54.716981132075468 }, "geometry": { "type": "Point", "coordinates": [ 0.12774163601438, 52.210648082361644 ] } },
{ "type": "Feature", "properties": { "visible_points": 67, "total_points": 114, "visibility_pct": 58.771929824561411 }, "geometry": { "type": "Point", "coordinates": [ 0.127944282309779, 52.210644430818576 ] } },
{ "type": "Feature", "properties": { "visible_points": 75, "total_points": 119, "visibility_pct": 63.02521008403361 }, "geometry": { "type": "Point", "coordinates": [ 0.128146928561513, 52.21064077892764 ] } },
{ "type": "Feature", "properties": { "visible_points": 82, "total_points": 120, "visibility_pct": 68.333333333333329 }, "geometry": { "type": "Point", "coordinates": [ 0.128349574769591, 52.210637126688866 ] } },
{ "type": "Feature", "properties": { "visible_points": 95, "total_points": 120, "visibility_pct": 79.166666666666657 }, "geometry": { "type": "Point", "coordinates": [ 0.128552220934, 52.210633474102245 ] } },
{ "type": "Feature", "properties": { "visible_points": 99, "total_points": 120, "visibility_pct": 82.5 }, "geometry": { "type": "Point", "coordinates": [ 0.128754867054736, 52.210629821167743 ] } },
{ "type": "Feature", "properties": { "visible_points": 102, "total_points": 120, "visibility_pct": 85.0 }, "geometry": { "type": "Point", "coordinates": [ 0.128957513131798, 52.210626167885394 ] } },
{ "type": "Feature", "properties": { "visible_points": 100, "total_points": 120, "visibility_pct": 83.333333333333343 }, "geometry": { "type": "Point", "coordinates": [ 0.129160159165182, 52.210622514255178 ] } },
{ "type": "Feature", "properties": { "visible_points": 91, "total_points": 120, "visibility_pct": 75.833333333333329 }, "geometry": { "type": "Point", "coordinates": [ 0.129362805154882, 52.210618860277123 ] } },
{ "type": "Feature", "properties": { "visible_points": 86, "total_points": 120, "visibility_pct": 71.666666666666671 }, "geometry": { "type": "Point", "coordinates": [ 0.129565451100895, 52.210615205951207 ] } },
{ "type": "Feature", "properties": { "visible_points": 83, "total_points": 120, "visibility_pct": 69.166666666666671 }, "geometry": { "type": "Point", "coordinates": [ 0.129768097003211, 52.210611551277452 ] } },
{ "type": "Feature", "properties": { "visible_points": 77, "total_points": 119, "visibility_pct": 64.705882352941174 }, "geometry": { "type": "Point", "coordinates": [ 0.129970742861841, 52.210607896255816 ] } },
{ "type": "Feature", "properties": { "visible_points": 72, "total_points": 116, "visibility_pct": 62.068965517241381 }, "geometry": { "type": "Point", "coordinates": [ 0.130173388676762, 52.210604240886347 ] } },
{ "type": "Feature", "properties": { "visible_points": 66, "total_points": 112, "visibility_pct": 58.928571428571431 }, "geometry": { "type": "Point", "coordinates": [ 0.130376034447984, 52.210600585169011 ] } },
{ "type": "Feature", "properties": { "visible_points": 39, "total_points": 108, "visibility_pct": 36.111111111111107 }, "geometry": { "type": "Point", "coordinates": [ 0.130578680175494, 52.210596929103815 ] } },
{ "type": "Feature", "properties": { "visible_points": 54, "total_points": 103, "visibility_pct": 52.427184466019419 }, "geometry": { "type": "Point", "coordinates": [ 0.130781325859295, 52.210593272690787 ] } },
{ "type": "Feature", "properties": { "visible_points": 55, "total_points": 98, "visibility_pct": 56.12244897959183 }, "geometry": { "type": "Point", "coordinates": [ 0.13098397149938, 52.210589615929884 ] } },
{ "type": "Feature", "properties": { "visible_points": 46, "total_points": 94, "visibility_pct": 48.936170212765958 }, "geometry": { "type": "Point", "coordinates": [ 0.131186617095735, 52.210585958821127 ] } },
{ "type": "Feature", "properties": { "visible_points": 0, "total_points": 90, "visibility_pct": 0.0 }, "geometry": { "type": "Point", "coordinates": [ 0.13138926264838, 52.210582301364504 ] } },
{ "type": "Feature", "properties": { "visible_points": 9, "total_points": 86, "visibility_pct": 10.465116279069768 }, "geometry": { "type": "Point", "coordinates": [ 0.131591908157282, 52.210578643560062 ] } },
{ "type": "Feature", "properties": { "visible_points": 17, "total_points": 82, "visibility_pct": 20.73170731707317 }, "geometry": { "type": "Point", "coordinates": [ 0.131794553720425, 52.210574983556583 ] } },
{ "type": "Feature", "properties": { "visible_points": 8, "total_points": 74, "visibility_pct": 10.810810810810811 }, "geometry": { "type": "Point", "coordinates": [ 0.13442894367406, 52.2105273468093 ] } },
{ "type": "Feature", "properties": { "visible_points": 13, "total_points": 85, "visibility_pct": 15.294117647058824 }, "geometry": { "type": "Point", "coordinates": [ 0.135644813495977, 52.21050534077461 ] } },
{ "type": "Feature", "properties": { "visible_points": 10, "total_points": 83, "visibility_pct": 12.048192771084338 }, "geometry": { "type": "Point", "coordinates": [ 0.135847458315114, 52.210501671883975 ] } },
{ "type": "Feature", "properties": { "visible_points": 0, "total_points": 79, "visibility_pct": 0.0 }, "geometry": { "type": "Point", "coordinates": [ 0.136050103091044, 52.210498002645295 ] } },
{ "type": "Feature", "properties": { "visible_points": 0, "total_points": 73, "visibility_pct": 0.0 }, "geometry": { "type": "Point", "coordinates": [ 0.136252747823767, 52.21049433305857 ] } },
{ "type": "Feature", "properties": { "visible_points": 4, "total_points": 65, "visibility_pct": 6.1538461538461542 }, "geometry": { "type": "Point", "coordinates": [ 0.136455392513274, 52.210490663123764 ] } },
{ "type": "Feature", "properties": { "visible_points": 49, "total_points": 94, "visibility_pct": 52.12765957446809 }, "geometry": { "type": "Point", "coordinates": [ 0.127442818042642, 52.210761369344596 ] } },
{ "type": "Feature", "properties": { "visible_points": 52, "total_points": 104, "visibility_pct": 50.0 }, "geometry": { "type": "Point", "coordinates": [ 0.127645464898519, 52.210757718309829 ] } },
{ "type": "Feature", "properties": { "visible_points": 61, "total_points": 112, "visibility_pct": 54.464285714285708 }, "geometry": { "type": "Point", "coordinates": [ 0.127848111710741, 52.210754066927194 ] } },
{ "type": "Feature", "properties": { "visible_points": 68, "total_points": 118, "visibility_pct": 57.627118644067799 }, "geometry": { "type": "Point", "coordinates": [ 0.128050758479308, 52.210750415196706 ] } },
{ "type": "Feature", "properties": { "visible_points": 78, "total_points": 120, "visibility_pct": 65.0 }, "geometry": { "type": "Point", "coordinates": [ 0.128253405204211, 52.210746763118351 ] } },
{ "type": "Feature", "properties": { "visible_points": 92, "total_points": 120, "visibility_pct": 76.666666666666671 }, "geometry": { "type": "Point", "coordinates": [ 0.128456051885451, 52.210743110692157 ] } },
{ "type": "Feature", "properties": { "visible_points": 99, "total_points": 120, "visibility_pct": 82.5 }, "geometry": { "type": "Point", "coordinates": [ 0.128658698523022, 52.210739457918073 ] } },
{ "type": "Feature", "properties": { "visible_points": 103, "total_points": 120, "visibility_pct": 85.833333333333329 }, "geometry": { "type": "Point", "coordinates": [ 0.128861345116919, 52.210735804796144 ] } },
{ "type": "Feature", "properties": { "visible_points": 98, "total_points": 120, "visibility_pct": 81.666666666666671 }, "geometry": { "type": "Point", "coordinates": [ 0.12906399166714, 52.210732151326368 ] } },
{ "type": "Feature", "properties": { "visible_points": 93, "total_points": 120, "visibility_pct": 77.5 }, "geometry": { "type": "Point", "coordinates": [ 0.129266638173677, 52.210728497508747 ] } },
{ "type": "Feature", "properties": { "visible_points": 86, "total_points": 120, "visibility_pct": 71.666666666666671 }, "geometry": { "type": "Point", "coordinates": [ 0.129469284636528, 52.210724843343257 ] } },
{ "type": "Feature", "properties": { "visible_points": 78, "total_points": 120, "visibility_pct": 65.0 }, "geometry": { "type": "Point", "coordinates": [ 0.129671931055692, 52.210721188829893 ] } },
{ "type": "Feature", "properties": { "visible_points": 73, "total_points": 117, "visibility_pct": 62.393162393162392 }, "geometry": { "type": "Point", "coordinates": [ 0.129874577431154, 52.21071753396869 ] } },
{ "type": "Feature", "properties": { "visible_points": 68, "total_points": 113, "visibility_pct": 60.176991150442483 }, "geometry": { "type": "Point", "coordinates": [ 0.13007722376293, 52.210713878759627 ] } },
{ "type": "Feature", "properties": { "visible_points": 55, "total_points": 108, "visibility_pct": 50.925925925925931 }, "geometry": { "type": "Point", "coordinates": [ 0.130279870050996, 52.21071022320271 ] } },
{ "type": "Feature", "properties": { "visible_points": 23, "total_points": 103, "visibility_pct": 22.330097087378643 }, "geometry": { "type": "Point", "coordinates": [ 0.130482516295354, 52.210706567297926 ] } },
{ "type": "Feature", "properties": { "visible_points": 33, "total_points": 97, "visibility_pct": 34.020618556701031 }, "geometry": { "type": "Point", "coordinates": [ 0.130685162496005, 52.210702911045296 ] } },
{ "type": "Feature", "properties": { "visible_points": 0, "total_points": 92, "visibility_pct": 0.0 }, "geometry": { "type": "Point", "coordinates": [ 0.130887808652938, 52.210699254444812 ] } },
{ "type": "Feature", "properties": { "visible_points": 13, "total_points": 87, "visibility_pct": 14.942528735632186 }, "geometry": { "type": "Point", "coordinates": [ 0.131090454766155, 52.210695597496475 ] } },
{ "type": "Feature", "properties": { "visible_points": 16, "total_points": 82, "visibility_pct": 19.512195121951219 }, "geometry": { "type": "Point", "coordinates": [ 0.131293100835645, 52.210691940200277 ] } },
{ "type": "Feature", "properties": { "visible_points": 11, "total_points": 70, "visibility_pct": 15.714285714285714 }, "geometry": { "type": "Point", "coordinates": [ 0.13595395286753, 52.210607647026649 ] } },
{ "type": "Feature", "properties": { "visible_points": 8, "total_points": 67, "visibility_pct": 11.940298507462686 }, "geometry": { "type": "Point", "coordinates": [ 0.13615659810783, 52.210603977603341 ] } },
{ "type": "Feature", "properties": { "visible_points": 8, "total_points": 61, "visibility_pct": 13.114754098360656 }, "geometry": { "type": "Point", "coordinates": [ 0.136359243304916, 52.210600307831989 ] } },
{ "type": "Feature", "properties": { "visible_points": 39, "total_points": 92, "visibility_pct": 42.391304347826086 }, "geometry": { "type": "Point", "coordinates": [ 0.127346645936788, 52.210871005056575 ] } },
{ "type": "Feature", "properties": { "visible_points": 49, "total_points": 102, "visibility_pct": 48.03921568627451 }, "geometry": { "type": "Point", "coordinates": [ 0.127549293309496, 52.210867354182234 ] } },
{ "type": "Feature", "properties": { "visible_points": 57, "total_points": 110, "visibility_pct": 51.81818181818182 }, "geometry": { "type": "Point", "coordinates": [ 0.127751940638544, 52.210863702960026 ] } },
{ "type": "Feature", "properties": { "visible_points": 66, "total_points": 117, "visibility_pct": 56.410256410256409 }, "geometry": { "type": "Point", "coordinates": [ 0.127954587923937, 52.210860051389986 ] } },
{ "type": "Feature", "properties": { "visible_points": 80, "total_points": 120, "visibility_pct": 66.666666666666657 }, "geometry": { "type": "Point", "coordinates": [ 0.12815723516568, 52.210856399472078 ] } },
{ "type": "Feature", "properties": { "visible_points": 85, "total_points": 120, "visibility_pct": 70.833333333333343 }, "geometry": { "type": "Point", "coordinates": [ 0.12835988236375, 52.210852747206282 ] } },
{ "type": "Feature", "properties": { "visible_points": 94, "total_points": 120, "visibility_pct": 78.333333333333329 }, "geometry": { "type": "Point", "coordinates": [ 0.128562529518156, 52.210849094592646 ] } },
{ "type": "Feature", "properties": { "visible_points": 98, "total_points": 120, "visibility_pct": 81.666666666666671 }, "geometry": { "type": "Point", "coordinates": [ 0.12876517662889, 52.210845441631157 ] } },
{ "type": "Feature", "properties": { "visible_points": 97, "total_points": 120, "visibility_pct": 80.833333333333329 }, "geometry": { "type": "Point", "coordinates": [ 0.128967823695949, 52.210841788321794 ] } },
{ "type": "Feature", "properties": { "visible_points": 96, "total_points": 120, "visibility_pct": 80.0 }, "geometry": { "type": "Point", "coordinates": [ 0.129170470719327, 52.210838134664598 ] } },
{ "type": "Feature", "properties": { "visible_points": 83, "total_points": 120, "visibility_pct": 69.166666666666671 }, "geometry": { "type": "Point", "coordinates": [ 0.129373117699024, 52.210834480659521 ] } },
{ "type": "Feature", "properties": { "visible_points": 74, "total_points": 118, "visibility_pct": 62.711864406779661 }, "geometry": { "type": "Point", "coordinates": [ 0.129575764635028, 52.210830826306577 ] } },
{ "type": "Feature", "properties": { "visible_points": 71, "total_points": 114, "visibility_pct": 62.280701754385973 }, "geometry": { "type": "Point", "coordinates": [ 0.129778411527342, 52.2108271716058 ] } },
{ "type": "Feature", "properties": { "visible_points": 65, "total_points": 109, "visibility_pct": 59.633027522935777 }, "geometry": { "type": "Point", "coordinates": [ 0.129981058375955, 52.21082351655717 ] } },
{ "type": "Feature", "properties": { "visible_points": 58, "total_points": 103, "visibility_pct": 56.310679611650485 }, "geometry": { "type": "Point", "coordinates": [ 0.130183705180873, 52.210819861160665 ] } },
{ "type": "Feature", "properties": { "visible_points": 35, "total_points": 97, "visibility_pct": 36.082474226804123 }, "geometry": { "type": "Point", "coordinates": [ 0.130386351942088, 52.2108162054163 ] } },
{ "type": "Feature", "properties": { "visible_points": 29, "total_points": 92, "visibility_pct": 31.521739130434785 }, "geometry": { "type": "Point", "coordinates": [ 0.130588998659589, 52.210812549324082 ] } },
{ "type": "Feature", "properties": { "visible_points": 15, "total_points": 86, "visibility_pct": 17.441860465116278 }, "geometry": { "type": "Point", "coordinates": [ 0.130791645333377, 52.21080889288401 ] } },
{ "type": "Feature", "properties": { "visible_points": 8, "total_points": 55, "visibility_pct": 14.545454545454545 }, "geometry": { "type": "Point", "coordinates": [ 0.136263093632206, 52.210709952461613 ] } },
{ "type": "Feature", "properties": { "visible_points": 13, "total_points": 89, "visibility_pct": 14.606741573033707 }, "geometry": { "type": "Point", "coordinates": [ 0.127250473357769, 52.210980640692796 ] } },
{ "type": "Feature", "properties": { "visible_points": 43, "total_points": 100, "visibility_pct": 43.0 }, "geometry": { "type": "Point", "coordinates": [ 0.127453121247301, 52.210976989978882 ] } },
{ "type": "Feature", "properties": { "visible_points": 55, "total_points": 109, "visibility_pct": 50.458715596330272 }, "geometry": { "type": "Point", "coordinates": [ 0.127655769093183, 52.210973338917114 ] } },
{ "type": "Feature", "properties": { "visible_points": 66, "total_points": 116, "visibility_pct": 56.896551724137936 }, "geometry": { "type": "Point", "coordinates": [ 0.127858416895409, 52.210969687507493 ] } },
{ "type": "Feature", "properties": { "visible_points": 80, "total_points": 120, "visibility_pct": 66.666666666666657 }, "geometry": { "type": "Point", "coordinates": [ 0.12806106465398, 52.210966035750012 ] } },
{ "type": "Feature", "properties": { "visible_points": 90, "total_points": 120, "visibility_pct": 75.0 }, "geometry": { "type": "Point", "coordinates": [ 0.128263712368895, 52.210962383644677 ] } },
{ "type": "Feature", "properties": { "visible_points": 92, "total_points": 120, "visibility_pct": 76.666666666666671 }, "geometry": { "type": "Point", "coordinates": [ 0.128466360040135, 52.210958731191468 ] } },
{ "type": "Feature", "properties": { "visible_points": 93, "total_points": 120, "visibility_pct": 77.5 }, "geometry": { "type": "Point", "coordinates": [ 0.128669007667711, 52.210955078390377 ] } },
{ "type": "Feature", "properties": { "visible_points": 92, "total_points": 120, "visibility_pct": 76.666666666666671 }, "geometry": { "type": "Point", "coordinates": [ 0.128871655251607, 52.210951425241454 ] } },
{ "type": "Feature", "properties": { "visible_points": 90, "total_points": 120, "visibility_pct": 75.0 }, "geometry": { "type": "Point", "coordinates": [ 0.129074302791832, 52.210947771744678 ] } },
{ "type": "Feature", "properties": { "visible_points": 85, "total_points": 119, "visibility_pct": 71.428571428571431 }, "geometry": { "type": "Point", "coordinates": [ 0.129276950288369, 52.210944117900027 ] } },
{ "type": "Feature", "properties": { "visible_points": 72, "total_points": 116, "visibility_pct": 62.068965517241381 }, "geometry": { "type": "Point", "coordinates": [ 0.129479597741224, 52.210940463707516 ] } },
{ "type": "Feature", "properties": { "visible_points": 65, "total_points": 111, "visibility_pct": 58.558558558558559 }, "geometry": { "type": "Point", "coordinates": [ 0.129682245150383, 52.210936809167158 ] } },
{ "type": "Feature", "properties": { "visible_points": 60, "total_points": 105, "visibility_pct": 57.142857142857139 }, "geometry": { "type": "Point", "coordinates": [ 0.12988489251585, 52.210933154278933 ] } },
{ "type": "Feature", "properties": { "visible_points": 52, "total_points": 99, "visibility_pct": 52.525252525252533 }, "geometry": { "type": "Point", "coordinates": [ 0.130087539837619, 52.210929499042841 ] } },
{ "type": "Feature", "properties": { "visible_points": 0, "total_points": 92, "visibility_pct": 0.0 }, "geometry": { "type": "Point", "coordinates": [ 0.130290187115683, 52.210925843458909 ] } },
{ "type": "Feature", "properties": { "visible_points": 0, "total_points": 86, "visibility_pct": 0.0 }, "geometry": { "type": "Point", "coordinates": [ 0.130492834350038, 52.210922187527103 ] } },
{ "type": "Feature", "properties": { "visible_points": 2, "total_points": 87, "visibility_pct": 2.2988505747126435 }, "geometry": { "type": "Point", "coordinates": [ 0.127154300305572, 52.211090276253231 ] } },
{ "type": "Feature", "properties": { "visible_points": 40, "total_points": 98, "visibility_pct": 40.816326530612244 }, "geometry": { "type": "Point", "coordinates": [ 0.127356948711935, 52.211086625699757 ] } },
{ "type": "Feature", "properties": { "visible_points": 57, "total_points": 108, "visibility_pct": 52.777777777777779 }, "geometry": { "type": "Point", "coordinates": [ 0.127559597074653, 52.211082974798444 ] } },
{ "type": "Feature", "properties": { "visible_points": 68, "total_points": 115, "visibility_pct": 59.130434782608695 }, "geometry": { "type": "Point", "coordinates": [ 0.127762245393713, 52.211079323549228 ] } },
{ "type": "Feature", "properties": { "visible_points": 78, "total_points": 120, "visibility_pct": 65.0 }, "geometry": { "type": "Point", "coordinates": [ 0.127964893669124, 52.211075671952194 ] } },
{ "type": "Feature", "properties": { "visible_points": 88, "total_points": 120, "visibility_pct": 73.333333333333329 }, "geometry": { "type": "Point", "coordinates": [ 0.12816754190087, 52.211072020007279 ] } },
{ "type": "Feature", "properties": { "visible_points": 92, "total_points": 120, "visibility_pct": 76.666666666666671 }, "geometry": { "type": "Point", "coordinates": [ 0.128370190088959, 52.211068367714489 ] } },
{ "type": "Feature", "properties": { "visible_points": 86, "total_points": 120, "visibility_pct": 71.666666666666671 }, "geometry": { "type": "Point", "coordinates": [ 0.12857283823337, 52.211064715073867 ] } },
{ "type": "Feature", "properties": { "visible_points": 82, "total_points": 120, "visibility_pct": 68.333333333333329 }, "geometry": { "type": "Point", "coordinates": [ 0.128775486334114, 52.211061062085342 ] } },
{ "type": "Feature", "properties": { "visible_points": 84, "total_points": 120, "visibility_pct": 70.0 }, "geometry": { "type": "Point", "coordinates": [ 0.128978134391182, 52.211057408748992 ] } },
{ "type": "Feature", "properties": { "visible_points": 82, "total_points": 118, "visibility_pct": 69.491525423728817 }, "geometry": { "type": "Point", "coordinates": [ 0.129180782404569, 52.211053755064775 ] } },
{ "type": "Feature", "properties": { "visible_points": 74, "total_points": 114, "visibility_pct": 64.912280701754383 }, "geometry": { "type": "Point", "coordinates": [ 0.129383430374271, 52.21105010103269 ] } },
{ "type": "Feature", "properties": { "visible_points": 63, "total_points": 108, "visibility_pct": 58.333333333333336 }, "geometry": { "type": "Point", "coordinates": [ 0.12958607830028, 52.211046446652766 ] } },
{ "type": "Feature", "properties": { "visible_points": 58, "total_points": 102, "visibility_pct": 56.862745098039213 }, "geometry": { "type": "Point", "coordinates": [ 0.1297887261826, 52.211042791924939 ] } },
{ "type": "Feature", "properties": { "visible_points": 0, "total_points": 95, "visibility_pct": 0.0 }, "geometry": { "type": "Point", "coordinates": [ 0.129991374021225, 52.211039136849287 ] } },
{ "type": "Feature", "properties": { "visible_points": 13, "total_points": 87, "visibility_pct": 14.942528735632186 }, "geometry": { "type": "Point", "coordinates": [ 0.130194021816143, 52.211035481425775 ] } },
{ "type": "Feature", "properties": { "visible_points": 16, "total_points": 80, "visibility_pct": 20.0 }, "geometry": { "type": "Point", "coordinates": [ 0.130396669567357, 52.211031825654381 ] } },
{ "type": "Feature", "properties": { "visible_points": 0, "total_points": 85, "visibility_pct": 0.0 }, "geometry": { "type": "Point", "coordinates": [ 0.127058126780194, 52.211199911737864 ] } },
{ "type": "Feature", "properties": { "visible_points": 0, "total_points": 96, "visibility_pct": 0.0 }, "geometry": { "type": "Point", "coordinates": [ 0.127260775703396, 52.211196261344853 ] } },
{ "type": "Feature", "properties": { "visible_points": 57, "total_points": 106, "visibility_pct": 53.773584905660378 }, "geometry": { "type": "Point", "coordinates": [ 0.127463424582948, 52.211192610603959 ] } },
{ "type": "Feature", "properties": { "visible_points": 71, "total_points": 115, "visibility_pct": 61.739130434782609 }, "geometry": { "type": "Point", "coordinates": [ 0.127666073418849, 52.211188959515205 ] } },
{ "type": "Feature", "properties": { "visible_points": 85, "total_points": 120, "visibility_pct": 70.833333333333343 }, "geometry": { "type": "Point", "coordinates": [ 0.127868722211098, 52.211185308078591 ] } },
{ "type": "Feature", "properties": { "visible_points": 89, "total_points": 120, "visibility_pct": 74.166666666666671 }, "geometry": { "type": "Point", "coordinates": [ 0.128071370959683, 52.211181656294116 ] } },
{ "type": "Feature", "properties": { "visible_points": 89, "total_points": 120, "visibility_pct": 74.166666666666671 }, "geometry": { "type": "Point", "coordinates": [ 0.128274019664612, 52.211178004161773 ] } },
{ "type": "Feature", "properties": { "visible_points": 87, "total_points": 120, "visibility_pct": 72.5 }, "geometry": { "type": "Point", "coordinates": [ 0.128476668325875, 52.211174351681557 ] } },
{ "type": "Feature", "properties": { "visible_points": 84, "total_points": 120, "visibility_pct": 70.0 }, "geometry": { "type": "Point", "coordinates": [ 0.128679316943464, 52.2111706988535 ] } },
{ "type": "Feature", "properties": { "visible_points": 76, "total_points": 120, "visibility_pct": 63.333333333333329 }, "geometry": { "type": "Point", "coordinates": [ 0.128881965517376, 52.211167045677563 ] } },
{ "type": "Feature", "properties": { "visible_points": 74, "total_points": 116, "visibility_pct": 63.793103448275865 }, "geometry": { "type": "Point", "coordinates": [ 0.129084614047614, 52.211163392153757 ] } },
{ "type": "Feature", "properties": { "visible_points": 69, "total_points": 111, "visibility_pct": 62.162162162162161 }, "geometry": { "type": "Point", "coordinates": [ 0.129287262534168, 52.211159738282099 ] } },
{ "type": "Feature", "properties": { "visible_points": 62, "total_points": 105, "visibility_pct": 59.047619047619051 }, "geometry": { "type": "Point", "coordinates": [ 0.12948991097703, 52.211156084062587 ] } },
{ "type": "Feature", "properties": { "visible_points": 51, "total_points": 98, "visibility_pct": 52.040816326530617 }, "geometry": { "type": "Point", "coordinates": [ 0.129692559376205, 52.211152429495201 ] } },
{ "type": "Feature", "properties": { "visible_points": 17, "total_points": 90, "visibility_pct": 18.888888888888889 }, "geometry": { "type": "Point", "coordinates": [ 0.129895207731685, 52.211148774579954 ] } },
{ "type": "Feature", "properties": { "visible_points": 16, "total_points": 83, "visibility_pct": 19.277108433734941 }, "geometry": { "type": "Point", "coordinates": [ 0.130097856043462, 52.211145119316861 ] } },
{ "type": "Feature", "properties": { "visible_points": 0, "total_points": 84, "visibility_pct": 0.0 }, "geometry": { "type": "Point", "coordinates": [ 0.126961952781643, 52.211309547146755 ] } },
{ "type": "Feature", "properties": { "visible_points": 30, "total_points": 95, "visibility_pct": 31.578947368421051 }, "geometry": { "type": "Point", "coordinates": [ 0.127164602221675, 52.211305896914169 ] } },
{ "type": "Feature", "properties": { "visible_points": 53, "total_points": 105, "visibility_pct": 50.476190476190474 }, "geometry": { "type": "Point", "coordinates": [ 0.127367251618065, 52.211302246333723 ] } },
{ "type": "Feature", "properties": { "visible_points": 67, "total_points": 114, "visibility_pct": 58.771929824561411 }, "geometry": { "type": "Point", "coordinates": [ 0.127569900970808, 52.211298595405417 ] } },
{ "type": "Feature", "properties": { "visible_points": 82, "total_points": 120, "visibility_pct": 68.333333333333329 }, "geometry": { "type": "Point", "coordinates": [ 0.127772550279895, 52.211294944129222 ] } },
{ "type": "Feature", "properties": { "visible_points": 91, "total_points": 120, "visibility_pct": 75.833333333333329 }, "geometry": { "type": "Point", "coordinates": [ 0.12797519954533, 52.211291292505187 ] } },
{ "type": "Feature", "properties": { "visible_points": 89, "total_points": 120, "visibility_pct": 74.166666666666671 }, "geometry": { "type": "Point", "coordinates": [ 0.128177848767105, 52.211287640533264 ] } },
{ "type": "Feature", "properties": { "visible_points": 81, "total_points": 120, "visibility_pct": 67.5 }, "geometry": { "type": "Point", "coordinates": [ 0.128380497945206, 52.211283988213488 ] } },
{ "type": "Feature", "properties": { "visible_points": 81, "total_points": 120, "visibility_pct": 67.5 }, "geometry": { "type": "Point", "coordinates": [ 0.12858314707965, 52.211280335545858 ] } },
{ "type": "Feature", "properties": { "visible_points": 72, "total_points": 119, "visibility_pct": 60.504201680672267 }, "geometry": { "type": "Point", "coordinates": [ 0.128785796170413, 52.211276682530347 ] } },
{ "type": "Feature", "properties": { "visible_points": 70, "total_points": 114, "visibility_pct": 61.403508771929829 }, "geometry": { "type": "Point", "coordinates": [ 0.128988445217501, 52.211273029166989 ] } },
{ "type": "Feature", "properties": { "visible_points": 65, "total_points": 108, "visibility_pct": 60.185185185185183 }, "geometry": { "type": "Point", "coordinates": [ 0.129191094220906, 52.211269375455764 ] } },
{ "type": "Feature", "properties": { "visible_points": 55, "total_points": 102, "visibility_pct": 53.921568627450981 }, "geometry": { "type": "Point", "coordinates": [ 0.129393743180626, 52.211265721396657 ] } },
{ "type": "Feature", "properties": { "visible_points": 0, "total_points": 94, "visibility_pct": 0.0 }, "geometry": { "type": "Point", "coordinates": [ 0.129596392096661, 52.211262066989697 ] } },
{ "type": "Feature", "properties": { "visible_points": 9, "total_points": 86, "visibility_pct": 10.465116279069768 }, "geometry": { "type": "Point", "coordinates": [ 0.129799040968995, 52.211258412234869 ] } },
{ "type": "Feature", "properties": { "visible_points": 3, "total_points": 83, "visibility_pct": 3.6144578313253009 }, "geometry": { "type": "Point", "coordinates": [ 0.126865778309898, 52.211419182479865 ] } },
{ "type": "Feature", "properties": { "visible_points": 28, "total_points": 94, "visibility_pct": 29.787234042553191 }, "geometry": { "type": "Point", "coordinates": [ 0.127068428266773, 52.21141553240772 ] } },
{ "type": "Feature", "properties": { "visible_points": 58, "total_points": 104, "visibility_pct": 55.769230769230774 }, "geometry": { "type": "Point", "coordinates": [ 0.127271078180003, 52.211411881987708 ] } },
{ "type": "Feature", "properties": { "visible_points": 71, "total_points": 113, "visibility_pct": 62.831858407079643 }, "geometry": { "type": "Point", "coordinates": [ 0.127473728049588, 52.211408231219828 ] } },
{ "type": "Feature", "properties": { "visible_points": 77, "total_points": 120, "visibility_pct": 64.166666666666671 }, "geometry": { "type": "Point", "coordinates": [ 0.127676377875521, 52.21140458010408 ] } },
{ "type": "Feature", "properties": { "visible_points": 83, "total_points": 120, "visibility_pct": 69.166666666666671 }, "geometry": { "type": "Point", "coordinates": [ 0.127879027657796, 52.211400928640465 ] } },
{ "type": "Feature", "properties": { "visible_points": 89, "total_points": 120, "visibility_pct": 74.166666666666671 }, "geometry": { "type": "Point", "coordinates": [ 0.128081677396422, 52.21139727682899 ] } },
{ "type": "Feature", "properties": { "visible_points": 83, "total_points": 120, "visibility_pct": 69.166666666666671 }, "geometry": { "type": "Point", "coordinates": [ 0.128284327091374, 52.211393624669654 ] } },
{ "type": "Feature", "properties": { "visible_points": 72, "total_points": 120, "visibility_pct": 60.0 }, "geometry": { "type": "Point", "coordinates": [ 0.128486976742667, 52.211389972162465 ] } },
{ "type": "Feature", "properties": { "visible_points": 69, "total_points": 118, "visibility_pct": 58.474576271186443 }, "geometry": { "type": "Point", "coordinates": [ 0.128689626350283, 52.21138631930738 ] } },
{ "type": "Feature", "properties": { "visible_points": 66, "total_points": 112, "visibility_pct": 58.928571428571431 }, "geometry": { "type": "Point", "coordinates": [ 0.128892275914224, 52.211382666104434 ] } },
{ "type": "Feature", "properties": { "visible_points": 45, "total_points": 106, "visibility_pct": 42.452830188679243 }, "geometry": { "type": "Point", "coordinates": [ 0.129094925434487, 52.211379012553635 ] } },
{ "type": "Feature", "properties": { "visible_points": 0, "total_points": 99, "visibility_pct": 0.0 }, "geometry": { "type": "Point", "coordinates": [ 0.129297574911069, 52.211375358654976 ] } },
{ "type": "Feature", "properties": { "visible_points": 11, "total_points": 91, "visibility_pct": 12.087912087912088 }, "geometry": { "type": "Point", "coordinates": [ 0.129500224343957, 52.211371704408442 ] } },
{ "type": "Feature", "properties": { "visible_points": 18, "total_points": 82, "visibility_pct": 21.951219512195124 }, "geometry": { "type": "Point", "coordinates": [ 0.129702873733157, 52.211368049814041 ] } },
{ "type": "Feature", "properties": { "visible_points": 5, "total_points": 82, "visibility_pct": 6.0975609756097562 }, "geometry": { "type": "Point", "coordinates": [ 0.126769603364966, 52.211528817737189 ] } },
{ "type": "Feature", "properties": { "visible_points": 0, "total_points": 93, "visibility_pct": 0.0 }, "geometry": { "type": "Point", "coordinates": [ 0.126972253838681, 52.211525167825485 ] } },
{ "type": "Feature", "properties": { "visible_points": 56, "total_points": 103, "visibility_pct": 54.368932038834949 }, "geometry": { "type": "Point", "coordinates": [ 0.127174904268754, 52.211521517565913 ] } },
{ "type": "Feature", "properties": { "visible_points": 69, "total_points": 112, "visibility_pct": 61.607142857142861 }, "geometry": { "type": "Point", "coordinates": [ 0.127377554655183, 52.211517866958474 ] } },
{ "type": "Feature", "properties": { "visible_points": 82, "total_points": 119, "visibility_pct": 68.907563025210081 }, "geometry": { "type": "Point", "coordinates": [ 0.127580204997964, 52.211514216003181 ] } },
{ "type": "Feature", "properties": { "visible_points": 76, "total_points": 120, "visibility_pct": 63.333333333333329 }, "geometry": { "type": "Point", "coordinates": [ 0.127782855297094, 52.211510564699999 ] } },
{ "type": "Feature", "properties": { "visible_points": 80, "total_points": 120, "visibility_pct": 66.666666666666657 }, "geometry": { "type": "Point", "coordinates": [ 0.12798550555256, 52.211506913048957 ] } },
{ "type": "Feature", "properties": { "visible_points": 77, "total_points": 120, "visibility_pct": 64.166666666666671 }, "geometry": { "type": "Point", "coordinates": [ 0.128188155764369, 52.211503261050062 ] } },
{ "type": "Feature", "properties": { "visible_points": 70, "total_points": 120, "visibility_pct": 58.333333333333336 }, "geometry": { "type": "Point", "coordinates": [ 0.128390805932512, 52.211499608703278 ] } },
{ "type": "Feature", "properties": { "visible_points": 62, "total_points": 117, "visibility_pct": 52.991452991452995 }, "geometry": { "type": "Point", "coordinates": [ 0.128593456056984, 52.211495956008619 ] } },
{ "type": "Feature", "properties": { "visible_points": 62, "total_points": 111, "visibility_pct": 55.85585585585585 }, "geometry": { "type": "Point", "coordinates": [ 0.128796106137788, 52.211492302966121 ] } },
{ "type": "Feature", "properties": { "visible_points": 0, "total_points": 104, "visibility_pct": 0.0 }, "geometry": { "type": "Point", "coordinates": [ 0.128998756174904, 52.211488649575749 ] } },
{ "type": "Feature", "properties": { "visible_points": 0, "total_points": 96, "visibility_pct": 0.0 }, "geometry": { "type": "Point", "coordinates": [ 0.129201406168347, 52.211484995837523 ] } },
{ "type": "Feature", "properties": { "visible_points": 3, "total_points": 88, "visibility_pct": 3.4090909090909087 }, "geometry": { "type": "Point", "coordinates": [ 0.129404056118096, 52.211481341751409 ] } },
{ "type": "Feature", "properties": { "visible_points": 4, "total_points": 81, "visibility_pct": 4.9382716049382713 }, "geometry": { "type": "Point", "coordinates": [ 0.126673427946835, 52.211638452918727 ] } },
{ "type": "Feature", "properties": { "visible_points": 0, "total_points": 92, "visibility_pct": 0.0 }, "geometry": { "type": "Point", "coordinates": [ 0.1268760789374, 52.21163480316747 ] } },
{ "type": "Feature", "properties": { "visible_points": 52, "total_points": 102, "visibility_pct": 50.980392156862742 }, "geometry": { "type": "Point", "coordinates": [ 0.127078729884315, 52.211631153068346 ] } },
{ "type": "Feature", "properties": { "visible_points": 60, "total_points": 111, "visibility_pct": 54.054054054054056 }, "geometry": { "type": "Point", "coordinates": [ 0.127281380787593, 52.211627502621361 ] } },
{ "type": "Feature", "properties": { "visible_points": 78, "total_points": 118, "visibility_pct": 66.101694915254242 }, "geometry": { "type": "Point", "coordinates": [ 0.127484031647224, 52.211623851826481 ] } },
{ "type": "Feature", "properties": { "visible_points": 81, "total_points": 120, "visibility_pct": 67.5 }, "geometry": { "type": "Point", "coordinates": [ 0.1276866824632, 52.211620200683754 ] } },
{ "type": "Feature", "properties": { "visible_points": 77, "total_points": 120, "visibility_pct": 64.166666666666671 }, "geometry": { "type": "Point", "coordinates": [ 0.127889333235522, 52.211616549193153 ] } },
{ "type": "Feature", "properties": { "visible_points": 71, "total_points": 120, "visibility_pct": 59.166666666666664 }, "geometry": { "type": "Point", "coordinates": [ 0.128091983964186, 52.211612897354676 ] } },
{ "type": "Feature", "properties": { "visible_points": 67, "total_points": 120, "visibility_pct": 55.833333333333336 }, "geometry": { "type": "Point", "coordinates": [ 0.128294634649184, 52.211609245168333 ] } },
{ "type": "Feature", "properties": { "visible_points": 60, "total_points": 116, "visibility_pct": 51.724137931034484 }, "geometry": { "type": "Point", "coordinates": [ 0.128497285290517, 52.211605592634143 ] } },
{ "type": "Feature", "properties": { "visible_points": 58, "total_points": 110, "visibility_pct": 52.72727272727272 }, "geometry": { "type": "Point", "coordinates": [ 0.128699935888173, 52.211601939752057 ] } },
{ "type": "Feature", "properties": { "visible_points": 18, "total_points": 102, "visibility_pct": 17.647058823529413 }, "geometry": { "type": "Point", "coordinates": [ 0.128902586442157, 52.211598286522118 ] } },
{ "type": "Feature", "properties": { "visible_points": 0, "total_points": 94, "visibility_pct": 0.0 }, "geometry": { "type": "Point", "coordinates": [ 0.129105236952457, 52.211594632944305 ] } },
{ "type": "Feature", "properties": { "visible_points": 16, "total_points": 85, "visibility_pct": 18.823529411764707 }, "geometry": { "type": "Point", "coordinates": [ 0.129307887419074, 52.211590979018617 ] } },
{ "type": "Feature", "properties": { "visible_points": 16, "total_points": 80, "visibility_pct": 20.0 }, "geometry": { "type": "Point", "coordinates": [ 0.126577252055513, 52.211748088024493 ] } },
{ "type": "Feature", "properties": { "visible_points": 0, "total_points": 91, "visibility_pct": 0.0 }, "geometry": { "type": "Point", "coordinates": [ 0.126779903562918, 52.211744438433676 ] } },
{ "type": "Feature", "properties": { "visible_points": 42, "total_points": 101, "visibility_pct": 41.584158415841586 }, "geometry": { "type": "Point", "coordinates": [ 0.126982555026683, 52.211740788495 ] } },
{ "type": "Feature", "properties": { "visible_points": 54, "total_points": 110, "visibility_pct": 49.090909090909093 }, "geometry": { "type": "Point", "coordinates": [ 0.127185206446811, 52.211737138208434 ] } },
{ "type": "Feature", "properties": { "visible_points": 62, "total_points": 117, "visibility_pct": 52.991452991452995 }, "geometry": { "type": "Point", "coordinates": [ 0.127387857823297, 52.21173348757403 ] } },
{ "type": "Feature", "properties": { "visible_points": 75, "total_points": 120, "visibility_pct": 62.5 }, "geometry": { "type": "Point", "coordinates": [ 0.127590509156122, 52.211729836591729 ] } },
{ "type": "Feature", "properties": { "visible_points": 74, "total_points": 120, "visibility_pct": 61.666666666666671 }, "geometry": { "type": "Point", "coordinates": [ 0.127793160445299, 52.211726185261561 ] } },
{ "type": "Feature", "properties": { "visible_points": 65, "total_points": 120, "visibility_pct": 54.166666666666664 }, "geometry": { "type": "Point", "coordinates": [ 0.127995811690823, 52.21172253358354 ] } },
{ "type": "Feature", "properties": { "visible_points": 60, "total_points": 120, "visibility_pct": 50.0 }, "geometry": { "type": "Point", "coordinates": [ 0.128198462892676, 52.211718881557637 ] } },
{ "type": "Feature", "properties": { "visible_points": 60, "total_points": 115, "visibility_pct": 52.173913043478258 }, "geometry": { "type": "Point", "coordinates": [ 0.128401114050869, 52.211715229183852 ] } },
{ "type": "Feature", "properties": { "visible_points": 53, "total_points": 109, "visibility_pct": 48.623853211009177 }, "geometry": { "type": "Point", "coordinates": [ 0.128603765165387, 52.211711576462221 ] } },
{ "type": "Feature", "properties": { "visible_points": 44, "total_points": 101, "visibility_pct": 43.564356435643568 }, "geometry": { "type": "Point", "coordinates": [ 0.128806416236236, 52.211707923392716 ] } },
{ "type": "Feature", "properties": { "visible_points": 6, "total_points": 92, "visibility_pct": 6.5217391304347823 }, "geometry": { "type": "Point", "coordinates": [ 0.129009067263401, 52.211704269975321 ] } },
{ "type": "Feature", "properties": { "visible_points": 16, "total_points": 83, "visibility_pct": 19.277108433734941 }, "geometry": { "type": "Point", "coordinates": [ 0.129211718246884, 52.211700616210067 ] } },
{ "type": "Feature", "properties": { "visible_points": 23, "total_points": 79, "visibility_pct": 29.11392405063291 }, "geometry": { "type": "Point", "coordinates": [ 0.126481075690986, 52.211857723054479 ] } },
{ "type": "Feature", "properties": { "visible_points": 24, "total_points": 90, "visibility_pct": 26.666666666666668 }, "geometry": { "type": "Point", "coordinates": [ 0.126683727715237, 52.21185407362411 ] } },
{ "type": "Feature", "properties": { "visible_points": 42, "total_points": 100, "visibility_pct": 42.0 }, "geometry": { "type": "Point", "coordinates": [ 0.126886379695853, 52.211850423845874 ] } },
{ "type": "Feature", "properties": { "visible_points": 46, "total_points": 109, "visibility_pct": 42.201834862385326 }, "geometry": { "type": "Point", "coordinates": [ 0.127089031632835, 52.211846773719756 ] } },
{ "type": "Feature", "properties": { "visible_points": 58, "total_points": 116, "visibility_pct": 50.0 }, "geometry": { "type": "Point", "coordinates": [ 0.12729168352617, 52.211843123245785 ] } },
{ "type": "Feature", "properties": { "visible_points": 68, "total_points": 120, "visibility_pct": 56.666666666666664 }, "geometry": { "type": "Point", "coordinates": [ 0.127494335375856, 52.211839472423939 ] } },
{ "type": "Feature", "properties": { "visible_points": 72, "total_points": 120, "visibility_pct": 60.0 }, "geometry": { "type": "Point", "coordinates": [ 0.127696987181889, 52.211835821254212 ] } },
{ "type": "Feature", "properties": { "visible_points": 64, "total_points": 120, "visibility_pct": 53.333333333333336 }, "geometry": { "type": "Point", "coordinates": [ 0.127899638944268, 52.211832169736603 ] } },
{ "type": "Feature", "properties": { "visible_points": 58, "total_points": 120, "visibility_pct": 48.333333333333336 }, "geometry": { "type": "Point", "coordinates": [ 0.128102290662986, 52.211828517871155 ] } },
{ "type": "Feature", "properties": { "visible_points": 49, "total_points": 114, "visibility_pct": 42.982456140350877 }, "geometry": { "type": "Point", "coordinates": [ 0.128304942338039, 52.211824865657803 ] } },
{ "type": "Feature", "properties": { "visible_points": 48, "total_points": 107, "visibility_pct": 44.859813084112147 }, "geometry": { "type": "Point", "coordinates": [ 0.128507593969426, 52.211821213096613 ] } },
{ "type": "Feature", "properties": { "visible_points": 0, "total_points": 99, "visibility_pct": 0.0 }, "geometry": { "type": "Point", "coordinates": [ 0.128710245557136, 52.211817560187527 ] } },
{ "type": "Feature", "properties": { "visible_points": 0, "total_points": 90, "visibility_pct": 0.0 }, "geometry": { "type": "Point", "coordinates": [ 0.12891289710117, 52.211813906930573 ] } },
{ "type": "Feature", "properties": { "visible_points": 17, "total_points": 80, "visibility_pct": 21.25 }, "geometry": { "type": "Point", "coordinates": [ 0.129115548601523, 52.211810253325751 ] } },
{ "type": "Feature", "properties": { "visible_points": 38, "total_points": 89, "visibility_pct": 42.696629213483142 }, "geometry": { "type": "Point", "coordinates": [ 0.126587551394351, 52.21196370873875 ] } },
{ "type": "Feature", "properties": { "visible_points": 43, "total_points": 99, "visibility_pct": 43.43434343434344 }, "geometry": { "type": "Point", "coordinates": [ 0.126790203891827, 52.211960059120976 ] } },
{ "type": "Feature", "properties": { "visible_points": 44, "total_points": 108, "visibility_pct": 40.74074074074074 }, "geometry": { "type": "Point", "coordinates": [ 0.126992856345656, 52.211956409155313 ] } },
{ "type": "Feature", "properties": { "visible_points": 50, "total_points": 115, "visibility_pct": 43.478260869565219 }, "geometry": { "type": "Point", "coordinates": [ 0.127195508755848, 52.211952758841782 ] } },
{ "type": "Feature", "properties": { "visible_points": 60, "total_points": 120, "visibility_pct": 50.0 }, "geometry": { "type": "Point", "coordinates": [ 0.127398161122393, 52.211949108180356 ] } },
{ "type": "Feature", "properties": { "visible_points": 63, "total_points": 120, "visibility_pct": 52.5 }, "geometry": { "type": "Point", "coordinates": [ 0.127600813445288, 52.211945457171069 ] } },
{ "type": "Feature", "properties": { "visible_points": 53, "total_points": 120, "visibility_pct": 44.166666666666664 }, "geometry": { "type": "Point", "coordinates": [ 0.127803465724527, 52.211941805813922 ] } },
{ "type": "Feature", "properties": { "visible_points": 55, "total_points": 119, "visibility_pct": 46.218487394957982 }, "geometry": { "type": "Point", "coordinates": [ 0.128006117960109, 52.211938154108886 ] } },
{ "type": "Feature", "properties": { "visible_points": 46, "total_points": 113, "visibility_pct": 40.707964601769916 }, "geometry": { "type": "Point", "coordinates": [ 0.128208770152025, 52.211934502055996 ] } },
{ "type": "Feature", "properties": { "visible_points": 19, "total_points": 105, "visibility_pct": 18.095238095238095 }, "geometry": { "type": "Point", "coordinates": [ 0.12841142230028, 52.211930849655225 ] } },
{ "type": "Feature", "properties": { "visible_points": 30, "total_points": 97, "visibility_pct": 30.927835051546392 }, "geometry": { "type": "Point", "coordinates": [ 0.12861407440486, 52.211927196906579 ] } },
{ "type": "Feature", "properties": { "visible_points": 3, "total_points": 88, "visibility_pct": 3.4090909090909087 }, "geometry": { "type": "Point", "coordinates": [ 0.128816726465761, 52.211923543810059 ] } },
{ "type": "Feature", "properties": { "visible_points": 17, "total_points": 78, "visibility_pct": 21.794871794871796 }, "geometry": { "type": "Point", "coordinates": [ 0.129019378482984, 52.211919890365685 ] } },
{ "type": "Feature", "properties": { "visible_points": 37, "total_points": 88, "visibility_pct": 42.045454545454547 }, "geometry": { "type": "Point", "coordinates": [ 0.12649137460026, 52.212073343777611 ] } },
{ "type": "Feature", "properties": { "visible_points": 37, "total_points": 98, "visibility_pct": 37.755102040816325 }, "geometry": { "type": "Point", "coordinates": [ 0.126694027614583, 52.212069694320277 ] } },
{ "type": "Feature", "properties": { "visible_points": 41, "total_points": 107, "visibility_pct": 38.31775700934579 }, "geometry": { "type": "Point", "coordinates": [ 0.126896680585278, 52.212066044515062 ] } },
{ "type": "Feature", "properties": { "visible_points": 45, "total_points": 115, "visibility_pct": 39.130434782608695 }, "geometry": { "type": "Point", "coordinates": [ 0.127099333512327, 52.212062394361986 ] } },
{ "type": "Feature", "properties": { "visible_points": 49, "total_points": 120, "visibility_pct": 40.833333333333336 }, "geometry": { "type": "Point", "coordinates": [ 0.127301986395728, 52.212058743861022 ] } },
{ "type": "Feature", "properties": { "visible_points": 54, "total_points": 120, "visibility_pct": 45.0 }, "geometry": { "type": "Point", "coordinates": [ 0.127504639235491, 52.212055093012154 ] } },
{ "type": "Feature", "properties": { "visible_points": 48, "total_points": 120, "visibility_pct": 40.0 }, "geometry": { "type": "Point", "coordinates": [ 0.12770729203159, 52.212051441815461 ] } },
{ "type": "Feature", "properties": { "visible_points": 0, "total_points": 117, "visibility_pct": 0.0 }, "geometry": { "type": "Point", "coordinates": [ 0.127909944784038, 52.212047790270873 ] } },
{ "type": "Feature", "properties": { "visible_points": 33, "total_points": 111, "visibility_pct": 29.72972972972973 }, "geometry": { "type": "Point", "coordinates": [ 0.128112597492825, 52.212044138378403 ] } },
{ "type": "Feature", "properties": { "visible_points": 8, "total_points": 103, "visibility_pct": 7.7669902912621351 }, "geometry": { "type": "Point", "coordinates": [ 0.128315250157946, 52.212040486138065 ] } },
{ "type": "Feature", "properties": { "visible_points": 12, "total_points": 94, "visibility_pct": 12.76595744680851 }, "geometry": { "type": "Point", "coordinates": [ 0.128517902779396, 52.212036833549874 ] } },
{ "type": "Feature", "properties": { "visible_points": 15, "total_points": 85, "visibility_pct": 17.647058823529413 }, "geometry": { "type": "Point", "coordinates": [ 0.128720555357172, 52.212033180613787 ] } },
{ "type": "Feature", "properties": { "visible_points": 5, "total_points": 88, "visibility_pct": 5.6818181818181817 }, "geometry": { "type": "Point", "coordinates": [ 0.126395197332953, 52.212182978740699 ] } },
{ "type": "Feature", "properties": { "visible_points": 43, "total_points": 98, "visibility_pct": 43.877551020408163 }, "geometry": { "type": "Point", "coordinates": [ 0.126597850864136, 52.212179329443821 ] } },
{ "type": "Feature", "properties": { "visible_points": 37, "total_points": 107, "visibility_pct": 34.579439252336449 }, "geometry": { "type": "Point", "coordinates": [ 0.12680050435169, 52.212175679799046 ] } },
{ "type": "Feature", "properties": { "visible_points": 42, "total_points": 115, "visibility_pct": 36.521739130434781 }, "geometry": { "type": "Point", "coordinates": [ 0.127003157795598, 52.212172029806403 ] } },
{ "type": "Feature", "properties": { "visible_points": 43, "total_points": 120, "visibility_pct": 35.833333333333336 }, "geometry": { "type": "Point", "coordinates": [ 0.127205811195867, 52.212168379465879 ] } },
{ "type": "Feature", "properties": { "visible_points": 41, "total_points": 120, "visibility_pct": 34.166666666666664 }, "geometry": { "type": "Point", "coordinates": [ 0.12740846455249, 52.212164728777488 ] } },
{ "type": "Feature", "properties": { "visible_points": 27, "total_points": 118, "visibility_pct": 22.881355932203391 }, "geometry": { "type": "Point", "coordinates": [ 0.12761111786546, 52.212161077741214 ] } },
{ "type": "Feature", "properties": { "visible_points": 12, "total_points": 114, "visibility_pct": 10.526315789473683 }, "geometry": { "type": "Point", "coordinates": [ 0.127813771134771, 52.212157426357074 ] } },
{ "type": "Feature", "properties": { "visible_points": 10, "total_points": 108, "visibility_pct": 9.2592592592592595 }, "geometry": { "type": "Point", "coordinates": [ 0.128016424360426, 52.212153774625037 ] } },
{ "type": "Feature", "properties": { "visible_points": 0, "total_points": 100, "visibility_pct": 0.0 }, "geometry": { "type": "Point", "coordinates": [ 0.128219077542423, 52.212150122545161 ] } },
{ "type": "Feature", "properties": { "visible_points": 0, "total_points": 91, "visibility_pct": 0.0 }, "geometry": { "type": "Point", "coordinates": [ 0.128421730680743, 52.212146470117382 ] } },
{ "type": "Feature", "properties": { "visible_points": 12, "total_points": 82, "visibility_pct": 14.634146341463413 }, "geometry": { "type": "Point", "coordinates": [ 0.128624383775397, 52.212142817341729 ] } },
{ "type": "Feature", "properties": { "visible_points": 0, "total_points": 88, "visibility_pct": 0.0 }, "geometry": { "type": "Point", "coordinates": [ 0.126299019592428, 52.212292613628001 ] } },
{ "type": "Feature", "properties": { "visible_points": 30, "total_points": 98, "visibility_pct": 30.612244897959183 }, "geometry": { "type": "Point", "coordinates": [ 0.126501673640476, 52.212288964491556 ] } },
{ "type": "Feature", "properties": { "visible_points": 29, "total_points": 107, "visibility_pct": 27.102803738317753 }, "geometry": { "type": "Point", "coordinates": [ 0.126704327644889, 52.212285315007229 ] } },
{ "type": "Feature", "properties": { "visible_points": 19, "total_points": 115, "visibility_pct": 16.521739130434781 }, "geometry": { "type": "Point", "coordinates": [ 0.126906981605661, 52.212281665175041 ] } },
{ "type": "Feature", "properties": { "visible_points": 35, "total_points": 120, "visibility_pct": 29.166666666666668 }, "geometry": { "type": "Point", "coordinates": [ 0.127109635522794, 52.212278014994972 ] } },
{ "type": "Feature", "properties": { "visible_points": 35, "total_points": 118, "visibility_pct": 29.66101694915254 }, "geometry": { "type": "Point", "coordinates": [ 0.127312289396285, 52.212274364467021 ] } },
{ "type": "Feature", "properties": { "visible_points": 35, "total_points": 115, "visibility_pct": 30.434782608695656 }, "geometry": { "type": "Point", "coordinates": [ 0.127514943226123, 52.212270713591195 ] } },
{ "type": "Feature", "properties": { "visible_points": 13, "total_points": 110, "visibility_pct": 11.818181818181818 }, "geometry": { "type": "Point", "coordinates": [ 0.127717597012306, 52.212267062367495 ] } },
{ "type": "Feature", "properties": { "visible_points": 0, "total_points": 104, "visibility_pct": 0.0 }, "geometry": { "type": "Point", "coordinates": [ 0.127920250754837, 52.21226341079592 ] } },
{ "type": "Feature", "properties": { "visible_points": 0, "total_points": 96, "visibility_pct": 0.0 }, "geometry": { "type": "Point", "coordinates": [ 0.128122904453698, 52.212259758876456 ] } },
{ "type": "Feature", "properties": { "visible_points": 0, "total_points": 88, "visibility_pct": 0.0 }, "geometry": { "type": "Point", "coordinates": [ 0.128325558108902, 52.212256106609125 ] } },
{ "type": "Feature", "properties": { "visible_points": 10, "total_points": 79, "visibility_pct": 12.658227848101266 }, "geometry": { "type": "Point", "coordinates": [ 0.128528211720434, 52.212252453993905 ] } },
{ "type": "Feature", "properties": { "visible_points": 0, "total_points": 87, "visibility_pct": 0.0 }, "geometry": { "type": "Point", "coordinates": [ 0.126202841378687, 52.212402248439517 ] } },
{ "type": "Feature", "properties": { "visible_points": 23, "total_points": 98, "visibility_pct": 23.469387755102041 }, "geometry": { "type": "Point", "coordinates": [ 0.126405495943592, 52.212398599463526 ] } },
{ "type": "Feature", "properties": { "visible_points": 33, "total_points": 107, "visibility_pct": 30.841121495327101 }, "geometry": { "type": "Point", "coordinates": [ 0.12660815046487, 52.212394950139661 ] } },
{ "type": "Feature", "properties": { "visible_points": 29, "total_points": 114, "visibility_pct": 25.438596491228072 }, "geometry": { "type": "Point", "coordinates": [ 0.126810804942513, 52.212391300467907 ] } },
{ "type": "Feature", "properties": { "visible_points": 18, "total_points": 117, "visibility_pct": 15.384615384615385 }, "geometry": { "type": "Point", "coordinates": [ 0.127013459376511, 52.212387650448285 ] } },
{ "type": "Feature", "properties": { "visible_points": 9, "total_points": 114, "visibility_pct": 7.8947368421052628 }, "geometry": { "type": "Point", "coordinates": [ 0.12721611376687, 52.212384000080789 ] } },
{ "type": "Feature", "properties": { "visible_points": 17, "total_points": 110, "visibility_pct": 15.454545454545453 }, "geometry": { "type": "Point", "coordinates": [ 0.127418768113579, 52.212380349365411 ] } },
{ "type": "Feature", "properties": { "visible_points": 6, "total_points": 104, "visibility_pct": 5.7692307692307692 }, "geometry": { "type": "Point", "coordinates": [ 0.127621422416641, 52.212376698302151 ] } },
{ "type": "Feature", "properties": { "visible_points": 0, "total_points": 92, "visibility_pct": 0.0 }, "geometry": { "type": "Point", "coordinates": [ 0.128026730891784, 52.212369395131979 ] } },
{ "type": "Feature", "properties": { "visible_points": 0, "total_points": 84, "visibility_pct": 0.0 }, "geometry": { "type": "Point", "coordinates": [ 0.12822938506386, 52.212365743025096 ] } },
{ "type": "Feature", "properties": { "visible_points": 8, "total_points": 75, "visibility_pct": 10.666666666666668 }, "geometry": { "type": "Point", "coordinates": [ 0.128432039192268, 52.212362090570316 ] } },
{ "type": "Feature", "properties": { "visible_points": 12, "total_points": 85, "visibility_pct": 14.117647058823529 }, "geometry": { "type": "Point", "coordinates": [ 0.126106662691716, 52.212511883175232 ] } },
{ "type": "Feature", "properties": { "visible_points": 23, "total_points": 97, "visibility_pct": 23.711340206185564 }, "geometry": { "type": "Point", "coordinates": [ 0.12630931777349, 52.21250823435971 ] } },
{ "type": "Feature", "properties": { "visible_points": 32, "total_points": 105, "visibility_pct": 30.476190476190478 }, "geometry": { "type": "Point", "coordinates": [ 0.126511972811634, 52.212504585196292 ] } },
{ "type": "Feature", "properties": { "visible_points": 37, "total_points": 111, "visibility_pct": 33.333333333333329 }, "geometry": { "type": "Point", "coordinates": [ 0.126714627806141, 52.212500935684993 ] } },
{ "type": "Feature", "properties": { "visible_points": 34, "total_points": 113, "visibility_pct": 30.088495575221241 }, "geometry": { "type": "Point", "coordinates": [ 0.126917282757013, 52.212497285825819 ] } },
{ "type": "Feature", "properties": { "visible_points": 23, "total_points": 109, "visibility_pct": 21.100917431192663 }, "geometry": { "type": "Point", "coordinates": [ 0.127119937664244, 52.212493635618763 ] } },
{ "type": "Feature", "properties": { "visible_points": 19, "total_points": 104, "visibility_pct": 18.269230769230766 }, "geometry": { "type": "Point", "coordinates": [ 0.12732259252783, 52.212489985063826 ] } },
{ "type": "Feature", "properties": { "visible_points": 8, "total_points": 99, "visibility_pct": 8.0808080808080813 }, "geometry": { "type": "Point", "coordinates": [ 0.127525247347759, 52.212486334161028 ] } },
{ "type": "Feature", "properties": { "visible_points": 0, "total_points": 93, "visibility_pct": 0.0 }, "geometry": { "type": "Point", "coordinates": [ 0.127727902124042, 52.212482682910327 ] } },
{ "type": "Feature", "properties": { "visible_points": 4, "total_points": 86, "visibility_pct": 4.6511627906976747 }, "geometry": { "type": "Point", "coordinates": [ 0.12793055685666, 52.212479031311744 ] } },
{ "type": "Feature", "properties": { "visible_points": 7, "total_points": 79, "visibility_pct": 8.8607594936708853 }, "geometry": { "type": "Point", "coordinates": [ 0.128133211545621, 52.212475379365308 ] } },
{ "type": "Feature", "properties": { "visible_points": 0, "total_points": 82, "visibility_pct": 0.0 }, "geometry": { "type": "Point", "coordinates": [ 0.12601048353152, 52.212621517835188 ] } },
{ "type": "Feature", "properties": { "visible_points": 22, "total_points": 92, "visibility_pct": 23.913043478260871 }, "geometry": { "type": "Point", "coordinates": [ 0.126213139130158, 52.212617869180114 ] } },
{ "type": "Feature", "properties": { "visible_points": 28, "total_points": 100, "visibility_pct": 28.000000000000004 }, "geometry": { "type": "Point", "coordinates": [ 0.126415794685168, 52.212614220177137 ] } },
{ "type": "Feature", "properties": { "visible_points": 33, "total_points": 106, "visibility_pct": 31.132075471698112 }, "geometry": { "type": "Point", "coordinates": [ 0.126618450196555, 52.212610570826293 ] } },
{ "type": "Feature", "properties": { "visible_points": 33, "total_points": 107, "visibility_pct": 30.841121495327101 }, "geometry": { "type": "Point", "coordinates": [ 0.126821105664296, 52.212606921127559 ] } },
{ "type": "Feature", "properties": { "visible_points": 18, "total_points": 103, "visibility_pct": 17.475728155339805 }, "geometry": { "type": "Point", "coordinates": [ 0.127023761088401, 52.212603271080965 ] } },
{ "type": "Feature", "properties": { "visible_points": 0, "total_points": 98, "visibility_pct": 0.0 }, "geometry": { "type": "Point", "coordinates": [ 0.12722641646886, 52.212599620686468 ] } },
{ "type": "Feature", "properties": { "visible_points": 5, "total_points": 93, "visibility_pct": 5.376344086021505 }, "geometry": { "type": "Point", "coordinates": [ 0.12742907180567, 52.212595969944111 ] } },
{ "type": "Feature", "properties": { "visible_points": 4, "total_points": 86, "visibility_pct": 4.6511627906976747 }, "geometry": { "type": "Point", "coordinates": [ 0.12763172709883, 52.212592318853865 ] } },
{ "type": "Feature", "properties": { "visible_points": 7, "total_points": 80, "visibility_pct": 8.75 }, "geometry": { "type": "Point", "coordinates": [ 0.127834382348331, 52.212588667415723 ] } },
{ "type": "Feature", "properties": { "visible_points": 17, "total_points": 73, "visibility_pct": 23.287671232876711 }, "geometry": { "type": "Point", "coordinates": [ 0.125914303898088, 52.21273115241933 ] } },
{ "type": "Feature", "properties": { "visible_points": 20, "total_points": 83, "visibility_pct": 24.096385542168676 }, "geometry": { "type": "Point", "coordinates": [ 0.126116960013596, 52.212727503924718 ] } },
{ "type": "Feature", "properties": { "visible_points": 24, "total_points": 92, "visibility_pct": 26.086956521739129 }, "geometry": { "type": "Point", "coordinates": [ 0.126319616085481, 52.21272385508221 ] } },
{ "type": "Feature", "properties": { "visible_points": 28, "total_points": 99, "visibility_pct": 28.28282828282828 }, "geometry": { "type": "Point", "coordinates": [ 0.126522272113734, 52.212720205891813 ] } },
{ "type": "Feature", "properties": { "visible_points": 26, "total_points": 101, "visibility_pct": 25.742574257425744 }, "geometry": { "type": "Point", "coordinates": [ 0.126724928098352, 52.212716556353541 ] } },
{ "type": "Feature", "properties": { "visible_points": 8, "total_points": 96, "visibility_pct": 8.3333333333333321 }, "geometry": { "type": "Point", "coordinates": [ 0.126927584039337, 52.212712906467388 ] } },
{ "type": "Feature", "properties": { "visible_points": 0, "total_points": 91, "visibility_pct": 0.0 }, "geometry": { "type": "Point", "coordinates": [ 0.127130239936672, 52.212709256233346 ] } },
{ "type": "Feature", "properties": { "visible_points": 0, "total_points": 86, "visibility_pct": 0.0 }, "geometry": { "type": "Point", "coordinates": [ 0.127332895790365, 52.212705605651429 ] } },
{ "type": "Feature", "properties": { "visible_points": 5, "total_points": 80, "visibility_pct": 6.25 }, "geometry": { "type": "Point", "coordinates": [ 0.127535551600406, 52.212701954721624 ] } },
{ "type": "Feature", "properties": { "visible_points": 16, "total_points": 64, "visibility_pct": 25.0 }, "geometry": { "type": "Point", "coordinates": [ 0.125818123791417, 52.2128407869277 ] } },
{ "type": "Feature", "properties": { "visible_points": 16, "total_points": 73, "visibility_pct": 21.917808219178081 }, "geometry": { "type": "Point", "coordinates": [ 0.126020780423802, 52.212837138593535 ] } },
{ "type": "Feature", "properties": { "visible_points": 19, "total_points": 81, "visibility_pct": 23.456790123456788 }, "geometry": { "type": "Point", "coordinates": [ 0.126223437012557, 52.212833489911489 ] } },
{ "type": "Feature", "properties": { "visible_points": 18, "total_points": 89, "visibility_pct": 20.224719101123593 }, "geometry": { "type": "Point", "coordinates": [ 0.126426093557687, 52.212829840881547 ] } },
{ "type": "Feature", "properties": { "visible_points": 18, "total_points": 93, "visibility_pct": 19.35483870967742 }, "geometry": { "type": "Point", "coordinates": [ 0.126628750059184, 52.212826191503716 ] } },
{ "type": "Feature", "properties": { "visible_points": 0, "total_points": 89, "visibility_pct": 0.0 }, "geometry": { "type": "Point", "coordinates": [ 0.126831406517045, 52.212822541778038 ] } },
{ "type": "Feature", "properties": { "visible_points": 0, "total_points": 84, "visibility_pct": 0.0 }, "geometry": { "type": "Point", "coordinates": [ 0.127034062931265, 52.21281889170443 ] } },
{ "type": "Feature", "properties": { "visible_points": 10, "total_points": 78, "visibility_pct": 12.820512820512819 }, "geometry": { "type": "Point", "coordinates": [ 0.127236719301838, 52.212815241282954 ] } },
{ "type": "Feature", "properties": { "visible_points": 0, "total_points": 63, "visibility_pct": 0.0 }, "geometry": { "type": "Point", "coordinates": [ 0.125924600360764, 52.212946773186566 ] } },
{ "type": "Feature", "properties": { "visible_points": 17, "total_points": 70, "visibility_pct": 24.285714285714285 }, "geometry": { "type": "Point", "coordinates": [ 0.126127257466397, 52.212943124664967 ] } },
{ "type": "Feature", "properties": { "visible_points": 0, "total_points": 77, "visibility_pct": 0.0 }, "geometry": { "type": "Point", "coordinates": [ 0.126329914528407, 52.212939475795494 ] } },
{ "type": "Feature", "properties": { "visible_points": 0, "total_points": 83, "visibility_pct": 0.0 }, "geometry": { "type": "Point", "coordinates": [ 0.12653257154678, 52.212935826578139 ] } },
{ "type": "Feature", "properties": { "visible_points": 2, "total_points": 81, "visibility_pct": 2.4691358024691357 }, "geometry": { "type": "Point", "coordinates": [ 0.126735228521528, 52.212932177012881 ] } },
{ "type": "Feature", "properties": { "visible_points": 0, "total_points": 53, "visibility_pct": 0.0 }, "geometry": { "type": "Point", "coordinates": [ 0.125828419824486, 52.21305640770381 ] } },
{ "type": "Feature", "properties": { "visible_points": 10, "total_points": 60, "visibility_pct": 16.666666666666664 }, "geometry": { "type": "Point", "coordinates": [ 0.126031077446998, 52.213052759342673 ] } },
{ "type": "Feature", "properties": { "visible_points": 2, "total_points": 66, "visibility_pct": 3.0303030303030303 }, "geometry": { "type": "Point", "coordinates": [ 0.126233735025885, 52.213049110633648 ] } },
{ "type": "Feature", "properties": { "visible_points": 9, "total_points": 71, "visibility_pct": 12.676056338028168 }, "geometry": { "type": "Point", "coordinates": [ 0.126436392561145, 52.213045461576762 ] } },
{ "type": "Feature", "properties": { "visible_points": 0, "total_points": 44, "visibility_pct": 0.0 }, "geometry": { "type": "Point", "coordinates": [ 0.125732238814958, 52.213166042145254 ] } },
{ "type": "Feature", "properties": { "visible_points": 6, "total_points": 50, "visibility_pct": 12.0 }, "geometry": { "type": "Point", "coordinates": [ 0.12593489695435, 52.2131623939446 ] } }
]
}
