{
"type": "FeatureCollection",
"name": "COLCH_85_NACH",
"crs": { "type": "name", "properties": { "name": "urn:ogc:def:crs:OGC:1.3:CRS84" } },
"features": [
{ "type": "Feature", "properties": { "id": 26225, "nach": 0.25028003429970763 }, "geometry": { "type": "LineString", "coordinates": [ [ 0.962794, 51.8766414 ], [ 0.9633444, 51.8764866 ], [ 0.964957, 51.876034 ], [ 0.9660675, 51.8757213 ], [ 0.9672718, 51.8753829 ], [ 0.9679801, 51.8751839 ], [ 0.9685743, 51.8750143 ], [ 0.9688397, 51.87494 ], [ 0.9692806, 51.8748234 ], [ 0.9695494, 51.8747476 ], [ 0.969803, 51.8746641 ] ] } },
{ "type": "Feature", "properties": { "id": 212, "nach": 0.51729578500804652 }, "geometry": { "type": "LineString", "coordinates": [ [ 0.9634343, 51.8718908 ], [ 0.9638754, 51.8715745 ] ] } },
{ "type": "Feature", "properties": { "id": 25986, "nach": 0.54399232996466196 }, "geometry": { "type": "LineString", "coordinates": [ [ 0.9653503, 51.872577100000015 ], [ 0.9648543, 51.872157799999989 ], [ 0.964325, 51.8718389 ], [ 0.9638754, 51.8715745 ] ] } },
{ "type": "Feature", "properties": { "id": 25983, "nach": 0.54136242545640234 }, "geometry": { "type": "LineString", "coordinates": [ [ 0.9630122, 51.870311400000013 ], [ 0.9630716, 51.870343200000015 ], [ 0.9630838, 51.870390800000017 ], [ 0.9631157, 51.8705354 ], [ 0.9631514, 51.8706864 ], [ 0.9631918, 51.8708326 ], [ 0.9632348, 51.8709282 ], [ 0.9632835, 51.8710183 ], [ 0.963412, 51.8711967 ], [ 0.9634956, 51.871287 ], [ 0.9635811, 51.8713701 ], [ 0.963724, 51.8714756 ], [ 0.9638754, 51.8715745 ] ] } },
{ "type": "Feature", "properties": { "id": 26061, "nach": 0.45874580877270166 }, "geometry": { "type": "LineString", "coordinates": [ [ 0.9630197, 51.8716674 ], [ 0.9634343, 51.8718908 ] ] } },
{ "type": "Feature", "properties": { "id": 26064, "nach": 0.45874580877270166 }, "geometry": { "type": "LineString", "coordinates": [ [ 0.96384, 51.872136 ], [ 0.9634343, 51.8718908 ] ] } },
{ "type": "Feature", "properties": { "id": 25982, "nach": 0.3900739089411161 }, "geometry": { "type": "LineString", "coordinates": [ [ 0.9630122, 51.870311400000013 ], [ 0.962964, 51.8703 ] ] } },
{ "type": "Feature", "properties": { "id": 36502, "nach": 0.54021161041057819 }, "geometry": { "type": "LineString", "coordinates": [ [ 0.9630651, 51.869975 ], [ 0.963059, 51.870067400000011 ], [ 0.9630355, 51.8701556 ], [ 0.9630102, 51.8702624 ], [ 0.9630122, 51.870311400000013 ] ] } },
{ "type": "Feature", "properties": { "id": 36165, "nach": 0.38079425697729802 }, "geometry": { "type": "LineString", "coordinates": [ [ 0.9628942, 51.8702941 ], [ 0.962964, 51.8703 ] ] } },
{ "type": "Feature", "properties": { "id": 26069, "nach": 0.43459038240692727 }, "geometry": { "type": "LineString", "coordinates": [ [ 0.9630356, 51.8699723 ], [ 0.9630217, 51.8700613 ], [ 0.962964, 51.8703 ] ] } },
{ "type": "Feature", "properties": { "id": 36548, "nach": 0.36752137525260792 }, "geometry": { "type": "LineString", "coordinates": [ [ 0.9598292, 51.8741064 ], [ 0.9603915, 51.873469900000011 ], [ 0.9608998, 51.8729516 ], [ 0.9611859, 51.8726786 ], [ 0.9615135, 51.872415599999989 ], [ 0.9621356, 51.87192970000001 ], [ 0.9622801, 51.8718019 ], [ 0.962376, 51.8717027 ], [ 0.9624521, 51.871631699999988 ], [ 0.9625181, 51.871568 ], [ 0.9625951, 51.871455 ], [ 0.9626596, 51.8713482 ], [ 0.9627147, 51.8712402 ], [ 0.9627728, 51.871103599999984 ], [ 0.962813, 51.8709922 ], [ 0.9628472, 51.8708608 ], [ 0.9628987, 51.8706026 ], [ 0.962964, 51.8703 ] ] } },
{ "type": "Feature", "properties": { "id": 36167, "nach": 0.42269381003594692 }, "geometry": { "type": "LineString", "coordinates": [ [ 0.9628942, 51.8702941 ], [ 0.9629631, 51.870054399999987 ], [ 0.9629938, 51.8699012 ], [ 0.9630109, 51.8697546 ] ] } },
{ "type": "Feature", "properties": { "id": 36551, "nach": 0.39988809372157569 }, "geometry": { "type": "LineString", "coordinates": [ [ 0.9597887, 51.8740896 ], [ 0.9600471, 51.87379 ], [ 0.9605084, 51.8732953 ], [ 0.9608853, 51.8729061 ], [ 0.9611324, 51.8726662 ], [ 0.9614113, 51.872450300000011 ], [ 0.9619809, 51.8719969 ], [ 0.9621556, 51.8718584 ], [ 0.9623225, 51.8717063 ], [ 0.9625156, 51.8714614 ], [ 0.9626246, 51.8712514 ], [ 0.9627168, 51.871032 ], [ 0.9627723, 51.870821599999985 ], [ 0.9628326, 51.8705472 ], [ 0.9628942, 51.8702941 ] ] } },
{ "type": "Feature", "properties": { "id": 36499, "nach": 0.40211321871058292 }, "geometry": { "type": "LineString", "coordinates": [ [ 0.9630651, 51.869975 ], [ 0.9630356, 51.8699723 ] ] } },
{ "type": "Feature", "properties": { "id": 36174, "nach": 0.46996172117165058 }, "geometry": { "type": "LineString", "coordinates": [ [ 0.9630662, 51.8697554 ], [ 0.9630567, 51.8698366 ], [ 0.9630356, 51.8699723 ] ] } },
{ "type": "Feature", "properties": { "id": 36547, "nach": 0.35844062321336773 }, "geometry": { "type": "LineString", "coordinates": [ [ 0.9598292, 51.8741064 ], [ 0.9597137, 51.8742372 ], [ 0.9595362, 51.8744832 ] ] } },
{ "type": "Feature", "properties": { "id": 36549, "nach": 0.28213819144183161 }, "geometry": { "type": "LineString", "coordinates": [ [ 0.9597887, 51.8740896 ], [ 0.9598292, 51.8741064 ] ] } },
{ "type": "Feature", "properties": { "id": 25974, "nach": 0.58819402489565731 }, "geometry": { "type": "LineString", "coordinates": [ [ 0.9630829, 51.8682559 ], [ 0.9630542, 51.8680851 ], [ 0.9629778, 51.8677456 ] ] } },
{ "type": "Feature", "properties": { "id": 404, "nach": 0.52678335503183127 }, "geometry": { "type": "LineString", "coordinates": [ [ 0.9657751, 51.8682626 ], [ 0.9653153, 51.8684376 ], [ 0.9649597, 51.8685919 ], [ 0.9648154, 51.8686833 ], [ 0.964686, 51.8687873 ] ] } },
{ "type": "Feature", "properties": { "id": 549, "nach": 0.58566560944344759 }, "geometry": { "type": "LineString", "coordinates": [ [ 0.9640045, 51.8692225 ], [ 0.9643612, 51.869029 ], [ 0.964686, 51.8687873 ] ] } },
{ "type": "Feature", "properties": { "id": 167, "nach": 0.54917334260654305 }, "geometry": { "type": "LineString", "coordinates": [ [ 0.9663908, 51.869799699999987 ], [ 0.9662582, 51.8697991 ], [ 0.9660805, 51.8697902 ], [ 0.9659316, 51.8697613 ], [ 0.9658192, 51.869718 ], [ 0.9657502, 51.8696785 ], [ 0.9655509, 51.8695365 ], [ 0.9653103, 51.8693515 ], [ 0.9650365, 51.869072200000019 ], [ 0.9648774, 51.8689055 ], [ 0.9648351, 51.8688668 ], [ 0.964686, 51.8687873 ] ] } },
{ "type": "Feature", "properties": { "id": 550, "nach": 0.58345041440326106 }, "geometry": { "type": "LineString", "coordinates": [ [ 0.9640045, 51.8692225 ], [ 0.9638779, 51.869265800000015 ], [ 0.9637535, 51.8693109 ], [ 0.9635086, 51.8693724 ], [ 0.9633213, 51.869386399999989 ], [ 0.9631257, 51.869368200000011 ], [ 0.9630983, 51.8693657 ] ] } },
{ "type": "Feature", "properties": { "id": 25978, "nach": 0.477004942605261 }, "geometry": { "type": "LineString", "coordinates": [ [ 0.9649475, 51.8703487 ], [ 0.9647973, 51.8702012 ], [ 0.9646846, 51.870079 ], [ 0.9646471, 51.8700311 ], [ 0.9646342, 51.8699752 ], [ 0.9646347, 51.869916600000018 ], [ 0.9646069, 51.8698557 ], [ 0.9644157, 51.8696522 ], [ 0.9642443, 51.869472600000016 ], [ 0.9640045, 51.8692225 ] ] } },
{ "type": "Feature", "properties": { "id": 57449, "nach": 0.60798596442530795 }, "geometry": { "type": "LineString", "coordinates": [ [ 0.9630957, 51.8693991 ], [ 0.9630983, 51.8693657 ] ] } },
{ "type": "Feature", "properties": { "id": 28262, "nach": 0.598389716118638 }, "geometry": { "type": "LineString", "coordinates": [ [ 0.9631103, 51.8691187 ], [ 0.9630983, 51.8693657 ] ] } },
{ "type": "Feature", "properties": { "id": 57450, "nach": 0.6030473338752329 }, "geometry": { "type": "LineString", "coordinates": [ [ 0.9630957, 51.8693991 ], [ 0.963094, 51.8694211 ], [ 0.963088, 51.8695269 ], [ 0.9630812, 51.8695868 ] ] } },
{ "type": "Feature", "properties": { "id": 60434, "nach": 0.42256980612505468 }, "geometry": { "type": "LineString", "coordinates": [ [ 0.9628588, 51.869397 ], [ 0.9630957, 51.8693991 ] ] } },
{ "type": "Feature", "properties": { "id": 28263, "nach": 0.59157318450796481 }, "geometry": { "type": "LineString", "coordinates": [ [ 0.9631103, 51.8691187 ], [ 0.9631257, 51.8688863 ], [ 0.9631167, 51.868536700000014 ], [ 0.9630829, 51.8682559 ] ] } },
{ "type": "Feature", "properties": { "id": 28261, "nach": 0.54377355315303966 }, "geometry": { "type": "LineString", "coordinates": [ [ 0.9631103, 51.8691187 ], [ 0.962572, 51.8691102 ] ] } },
{ "type": "Feature", "properties": { "id": 168, "nach": 0.41752526045196975 }, "geometry": { "type": "LineString", "coordinates": [ [ 0.941647, 51.8811598 ], [ 0.9405373, 51.881237200000015 ], [ 0.9404277, 51.8812351 ], [ 0.9403382, 51.8812238 ], [ 0.9402635, 51.8812092 ], [ 0.940183, 51.8811838 ], [ 0.9401203, 51.8811571 ] ] } },
{ "type": "Feature", "properties": { "id": 169, "nach": 0.48098903320322739 }, "geometry": { "type": "LineString", "coordinates": [ [ 0.941647, 51.8811598 ], [ 0.940066, 51.881365099999989 ], [ 0.9400321, 51.8813709 ] ] } },
{ "type": "Feature", "properties": { "id": 3520, "nach": 0.47964591609489393 }, "geometry": { "type": "LineString", "coordinates": [ [ 0.9450524, 51.8809078 ], [ 0.9418069, 51.881146 ], [ 0.941647, 51.8811598 ] ] } },
{ "type": "Feature", "properties": { "id": 35008, "nach": 0.57360019944952967 }, "geometry": { "type": "LineString", "coordinates": [ [ 0.9401203, 51.8811571 ], [ 0.9399889, 51.8812603 ], [ 0.9400321, 51.8813709 ] ] } },
{ "type": "Feature", "properties": { "id": 35009, "nach": 0.47393959278810721 }, "geometry": { "type": "LineString", "coordinates": [ [ 0.9401203, 51.8811571 ], [ 0.9400291, 51.8810938 ], [ 0.9399634, 51.8810334 ], [ 0.9399251, 51.8809734 ], [ 0.9398949, 51.8808899 ], [ 0.9398809, 51.8808167 ], [ 0.9398822, 51.8807366 ], [ 0.939897, 51.8806401 ] ] } },
{ "type": "Feature", "properties": { "id": 73936, "nach": 0.55924500921653253 }, "geometry": { "type": "LineString", "coordinates": [ [ 0.9400904, 51.8804958 ], [ 0.9400753, 51.8805159 ], [ 0.9399369, 51.880711200000015 ], [ 0.9399235, 51.8807485 ], [ 0.9399271, 51.8807813 ], [ 0.9399456, 51.8808702 ], [ 0.9399626, 51.8809299 ], [ 0.9399813, 51.8809772 ], [ 0.9400104, 51.881017 ], [ 0.9400448, 51.8810507 ], [ 0.940084899999989, 51.8810808 ], [ 0.9401605, 51.8811282 ], [ 0.9401203, 51.8811571 ] ] } },
{ "type": "Feature", "properties": { "id": 29730, "nach": 0.52476554433117917 }, "geometry": { "type": "LineString", "coordinates": [ [ 0.9400786, 51.8814997 ], [ 0.9400321, 51.8813709 ] ] } },
{ "type": "Feature", "properties": { "id": 29728, "nach": 0.5575299811237493 }, "geometry": { "type": "LineString", "coordinates": [ [ 0.9400321, 51.8813709 ], [ 0.939897, 51.8813901 ] ] } },
{ "type": "Feature", "properties": { "id": 956, "nach": 0.56900093806523255 }, "geometry": { "type": "LineString", "coordinates": [ [ 0.9397567, 51.881416 ], [ 0.9392484, 51.8815195 ], [ 0.9386377, 51.8816527 ] ] } },
{ "type": "Feature", "properties": { "id": 31337, "nach": 0.60871181322818768 }, "geometry": { "type": "LineString", "coordinates": [ [ 0.9397029, 51.88082880000001 ], [ 0.9395308, 51.88103850000001 ], [ 0.9394866, 51.8811357 ], [ 0.9394668, 51.881238600000017 ], [ 0.9394551, 51.8813079 ], [ 0.9394239, 51.8813639 ], [ 0.9393841, 51.881408 ], [ 0.9393264, 51.8814379 ], [ 0.9391193, 51.8815059 ], [ 0.9386377, 51.8816527 ] ] } },
{ "type": "Feature", "properties": { "id": 170, "nach": 0.65708686547105311 }, "geometry": { "type": "LineString", "coordinates": [ [ 0.9386377, 51.8816527 ], [ 0.936524274322017, 51.882326914439481 ] ] } },
{ "type": "Feature", "properties": { "id": 234, "nach": 0.52498984222676937 }, "geometry": { "type": "LineString", "coordinates": [ [ 0.933316, 51.8839076 ], [ 0.9333615, 51.8839435 ], [ 0.9332743, 51.8839908 ], [ 0.9333379, 51.8840369 ] ] } },
{ "type": "Feature", "properties": { "id": 71501, "nach": 0.57093650042978072 }, "geometry": { "type": "LineString", "coordinates": [ [ 0.9332397, 51.8838493 ], [ 0.933316, 51.8839076 ] ] } },
{ "type": "Feature", "properties": { "id": 235, "nach": 0.50978378642371025 }, "geometry": { "type": "LineString", "coordinates": [ [ 0.933316, 51.8839076 ], [ 0.9330586, 51.884048700000015 ], [ 0.9330158, 51.8841354 ] ] } },
{ "type": "Feature", "properties": { "id": 170, "nach": 0.65708686547105311 }, "geometry": { "type": "LineString", "coordinates": [ [ 0.936524274322017, 51.882326914439481 ], [ 0.933316, 51.8839076 ] ] } },
{ "type": "Feature", "properties": { "id": 171, "nach": 0.4202747990993807 }, "geometry": { "type": "LineString", "coordinates": [ [ 0.9524526, 51.8805956 ], [ 0.9523422, 51.8806363 ], [ 0.9522468, 51.8806893 ], [ 0.9519804, 51.8808228 ], [ 0.9517281, 51.8809232 ] ] } },
{ "type": "Feature", "properties": { "id": 26221, "nach": 0.47147219302297416 }, "geometry": { "type": "LineString", "coordinates": [ [ 0.9550367, 51.8791206 ], [ 0.9547337, 51.879274 ], [ 0.9545273, 51.8793863 ], [ 0.9543934, 51.8794569 ], [ 0.9538879, 51.8797247 ], [ 0.9533442, 51.8800135 ], [ 0.9528537, 51.8802883 ], [ 0.952611, 51.8804584 ], [ 0.9524526, 51.8805956 ] ] } },
{ "type": "Feature", "properties": { "id": 24195, "nach": 0.42341907361675918 }, "geometry": { "type": "LineString", "coordinates": [ [ 0.9524, 51.880707600000015 ], [ 0.952424, 51.880671300000017 ], [ 0.9524526, 51.8805956 ] ] } },
{ "type": "Feature", "properties": { "id": 422, "nach": 0.36140430273668922 }, "geometry": { "type": "LineString", "coordinates": [ [ 0.9522485, 51.880892 ], [ 0.9517281, 51.8809232 ] ] } },
{ "type": "Feature", "properties": { "id": 10604, "nach": 0.44361907857183075 }, "geometry": { "type": "LineString", "coordinates": [ [ 0.9517281, 51.8809232 ], [ 0.9513016, 51.8809454 ] ] } },
{ "type": "Feature", "properties": { "id": 26222, "nach": 0.40898508428070335 }, "geometry": { "type": "LineString", "coordinates": [ [ 0.9550367, 51.8791206 ], [ 0.9552814, 51.8790008 ], [ 0.9555414, 51.878867 ], [ 0.9558271, 51.878717 ], [ 0.9563914, 51.8784114 ], [ 0.9568995, 51.878138 ], [ 0.957231, 51.8779564 ], [ 0.9574435, 51.8778166 ], [ 0.9575182, 51.8777589 ], [ 0.9575719, 51.8777099 ], [ 0.9576817, 51.8776191 ], [ 0.9578054, 51.8775095 ], [ 0.9579759, 51.8773567 ] ] } },
{ "type": "Feature", "properties": { "id": 40859, "nach": 0.48914074333422675 }, "geometry": { "type": "LineString", "coordinates": [ [ 0.9546455, 51.87898830000001 ], [ 0.9547991, 51.8790459 ], [ 0.9550367, 51.8791206 ] ] } },
{ "type": "Feature", "properties": { "id": 26060, "nach": 0.38338227697326549 }, "geometry": { "type": "LineString", "coordinates": [ [ 0.9630197, 51.8716674 ], [ 0.9629162, 51.8717384 ] ] } },
{ "type": "Feature", "properties": { "id": 26062, "nach": 0.38338227697326549 }, "geometry": { "type": "LineString", "coordinates": [ [ 0.9630197, 51.8716674 ], [ 0.9631444, 51.8715819 ] ] } },
{ "type": "Feature", "properties": { "id": 26065, "nach": 0.38338227697326549 }, "geometry": { "type": "LineString", "coordinates": [ [ 0.96384, 51.872136 ], [ 0.9637346, 51.8722075 ] ] } },
{ "type": "Feature", "properties": { "id": 26066, "nach": 0.38338227697326549 }, "geometry": { "type": "LineString", "coordinates": [ [ 0.96384, 51.872136 ], [ 0.9639153, 51.8720849 ] ] } },
{ "type": "Feature", "properties": { "id": 26224, "nach": 0.19639604423198465 }, "geometry": { "type": "LineString", "coordinates": [ [ 0.962794, 51.8766414 ], [ 0.9628401, 51.8765484 ], [ 0.9628971, 51.876292 ], [ 0.9629472, 51.8760815 ], [ 0.962994, 51.8757328 ], [ 0.9630909, 51.8753902 ], [ 0.9631511, 51.875124 ], [ 0.9631712, 51.8748949 ], [ 0.9630274, 51.8748846 ], [ 0.9627065, 51.8748619 ], [ 0.9622185, 51.874835 ], [ 0.9618675, 51.8748268 ], [ 0.9614764, 51.8748516 ], [ 0.9611522, 51.874833 ], [ 0.9609282, 51.874818500000011 ], [ 0.960517, 51.8747257 ], [ 0.960136, 51.8746142 ], [ 0.9598318, 51.874539900000016 ], [ 0.9595362, 51.8744832 ] ] } },
{ "type": "Feature", "properties": { "id": 26223, "nach": 0.30988330938777114 }, "geometry": { "type": "LineString", "coordinates": [ [ 0.962794, 51.8766414 ], [ 0.9625313, 51.87671970000001 ] ] } },
{ "type": "Feature", "properties": { "id": 71504, "nach": 0.6040682526050396 }, "geometry": { "type": "LineString", "coordinates": [ [ 0.933366, 51.8840559 ], [ 0.9333379, 51.8840369 ] ] } },
{ "type": "Feature", "properties": { "id": 236, "nach": 0.58145207570555035 }, "geometry": { "type": "LineString", "coordinates": [ [ 0.9330158, 51.8841354 ], [ 0.9331746, 51.8841004 ], [ 0.9333379, 51.8840369 ] ] } },
{ "type": "Feature", "properties": { "id": 231, "nach": 0.53263087555813615 }, "geometry": { "type": "LineString", "coordinates": [ [ 0.9333379, 51.8840369 ], [ 0.936696866518161, 51.882402496066192 ] ] } },
{ "type": "Feature", "properties": { "id": 71506, "nach": 0.55899569940624372 }, "geometry": { "type": "LineString", "coordinates": [ [ 0.933366, 51.8840559 ], [ 0.9333235, 51.8840785 ], [ 0.9332522, 51.8841241 ], [ 0.9332296, 51.8841944 ], [ 0.9332178, 51.884265500000012 ], [ 0.9332213, 51.8843498 ], [ 0.9332466, 51.8844702 ], [ 0.9332795, 51.8846511 ], [ 0.9332996, 51.8847075 ], [ 0.9333448, 51.8847457 ], [ 0.9334066, 51.884786 ], [ 0.9335129, 51.8848286 ], [ 0.9336168, 51.884868100000013 ] ] } },
{ "type": "Feature", "properties": { "id": 71505, "nach": 0.56033231966207775 }, "geometry": { "type": "LineString", "coordinates": [ [ 0.933366, 51.8840559 ], [ 0.9333744, 51.8840514 ], [ 0.9337522, 51.8838485 ], [ 0.9341566, 51.8836949 ], [ 0.9354183, 51.883037900000012 ], [ 0.9362101, 51.8826592 ], [ 0.9365403, 51.8825317 ] ] } },
{ "type": "Feature", "properties": { "id": 955, "nach": 0.42494398900237629 }, "geometry": { "type": "LineString", "coordinates": [ [ 0.9397567, 51.881416 ], [ 0.9398287, 51.8815446 ] ] } },
{ "type": "Feature", "properties": { "id": 31340, "nach": 0.48400416334088286 }, "geometry": { "type": "LineString", "coordinates": [ [ 0.9398287, 51.8815446 ], [ 0.9399565, 51.8815186 ] ] } },
{ "type": "Feature", "properties": { "id": 231, "nach": 0.53263087555813615 }, "geometry": { "type": "LineString", "coordinates": [ [ 0.936696866518161, 51.882402496066192 ], [ 0.9398287, 51.8815446 ] ] } },
{ "type": "Feature", "properties": { "id": 71503, "nach": 0.5497748385537371 }, "geometry": { "type": "LineString", "coordinates": [ [ 0.9332397, 51.8838493 ], [ 0.933068, 51.8839349 ], [ 0.9329371, 51.8839914 ], [ 0.932849, 51.8839902 ], [ 0.9327306, 51.8839839 ], [ 0.9326316, 51.8839799 ], [ 0.9325506, 51.883957 ], [ 0.9324772, 51.8839259 ], [ 0.9324361, 51.8838838 ], [ 0.9324057, 51.8838437 ], [ 0.9323823, 51.8837969 ], [ 0.9323437, 51.883715 ] ] } },
{ "type": "Feature", "properties": { "id": 76174, "nach": 0.49851493377121453 }, "geometry": { "type": "LineString", "coordinates": [ [ 0.9337249, 51.8835938 ], [ 0.9332397, 51.8838493 ] ] } },
{ "type": "Feature", "properties": { "id": 915, "nach": 0.70043457287095079 }, "geometry": { "type": "LineString", "coordinates": [ [ 0.9324587, 51.8840959 ], [ 0.9326481, 51.8840745 ], [ 0.9328393, 51.884088100000014 ], [ 0.9330158, 51.8841354 ] ] } },
{ "type": "Feature", "properties": { "id": 241, "nach": 0.68034423610486028 }, "geometry": { "type": "LineString", "coordinates": [ [ 0.9331115, 51.88472920000001 ], [ 0.9331487, 51.884644399999985 ], [ 0.9331691, 51.8845574 ], [ 0.9331723, 51.8844696 ], [ 0.9331583, 51.8843822 ], [ 0.9331273, 51.8842964 ], [ 0.9330797, 51.8842136 ], [ 0.9330158, 51.8841354 ] ] } },
{ "type": "Feature", "properties": { "id": 914, "nach": 0.64502462823090001 }, "geometry": { "type": "LineString", "coordinates": [ [ 0.9324587, 51.8840959 ], [ 0.932365, 51.8841709 ], [ 0.9322957, 51.8842558 ], [ 0.9322528, 51.8843472 ] ] } },
{ "type": "Feature", "properties": { "id": 61927, "nach": 0.70675168034532021 }, "geometry": { "type": "LineString", "coordinates": [ [ 0.9322243, 51.8837352 ], [ 0.932285099999988, 51.8838522 ], [ 0.932356199999989, 51.8839666 ], [ 0.932375, 51.8839965 ], [ 0.9324587, 51.8840959 ] ] } },
{ "type": "Feature", "properties": { "id": 11600, "nach": 0.68713640719951818 }, "geometry": { "type": "LineString", "coordinates": [ [ 0.9335973, 51.8849302 ], [ 0.9334148, 51.8848793 ], [ 0.9332092, 51.884788300000011 ], [ 0.9331115, 51.88472920000001 ] ] } },
{ "type": "Feature", "properties": { "id": 920, "nach": 0.53627378877209086 }, "geometry": { "type": "LineString", "coordinates": [ [ 0.9322795, 51.8847246 ], [ 0.9324076, 51.8847684 ], [ 0.9325484, 51.8847956 ], [ 0.9326952, 51.8848053 ], [ 0.9328422, 51.88479730000001 ], [ 0.9329838, 51.8847718 ], [ 0.9331115, 51.88472920000001 ] ] } },
{ "type": "Feature", "properties": { "id": 11598, "nach": 0.6796868294036631 }, "geometry": { "type": "LineString", "coordinates": [ [ 0.9335973, 51.8849302 ], [ 0.9335724, 51.8849782 ] ] } },
{ "type": "Feature", "properties": { "id": 11599, "nach": 0.70138754624552047 }, "geometry": { "type": "LineString", "coordinates": [ [ 0.9335973, 51.8849302 ], [ 0.9337089, 51.8849541 ], [ 0.9338559, 51.8849716 ], [ 0.9340498, 51.884986899999987 ] ] } },
{ "type": "Feature", "properties": { "id": 25037, "nach": 0.65555516131422664 }, "geometry": { "type": "LineString", "coordinates": [ [ 0.9336168, 51.884868100000013 ], [ 0.9335973, 51.8849302 ] ] } },
{ "type": "Feature", "properties": { "id": 922, "nach": 0.63298098669085379 }, "geometry": { "type": "LineString", "coordinates": [ [ 0.9322795, 51.8847246 ], [ 0.9322375, 51.88460030000001 ], [ 0.9322285, 51.88447330000001 ], [ 0.9322528, 51.8843472 ] ] } },
{ "type": "Feature", "properties": { "id": 921, "nach": 0.47114063666629297 }, "geometry": { "type": "LineString", "coordinates": [ [ 0.9322795, 51.8847246 ], [ 0.9321058, 51.8847198 ], [ 0.932033199999989, 51.8847367 ], [ 0.9319654, 51.884779 ], [ 0.9318459, 51.8849205 ] ] } },
{ "type": "Feature", "properties": { "id": 15968, "nach": 0.61862531982689717 }, "geometry": { "type": "LineString", "coordinates": [ [ 0.9320222, 51.884916400000023 ], [ 0.9320943, 51.8848551 ], [ 0.9322325, 51.8848118 ], [ 0.9322795, 51.8847246 ] ] } },
{ "type": "Feature", "properties": { "id": 359, "nach": 0.27984546444997055 }, "geometry": { "type": "LineString", "coordinates": [ [ 0.9580611, 51.8815531 ], [ 0.9580833, 51.8816184 ] ] } },
{ "type": "Feature", "properties": { "id": 360, "nach": 0.27951447539680552 }, "geometry": { "type": "LineString", "coordinates": [ [ 0.9580611, 51.8815531 ], [ 0.9590653, 51.881542 ], [ 0.9595601, 51.8815385 ], [ 0.9601021, 51.8815348 ], [ 0.9621606, 51.8815175 ], [ 0.9626382, 51.8815165 ], [ 0.9633146, 51.8815238 ], [ 0.963725, 51.8815305 ], [ 0.963793, 51.8815316 ] ] } },
{ "type": "Feature", "properties": { "id": 363, "nach": 0.2715854064429607 }, "geometry": { "type": "LineString", "coordinates": [ [ 0.9518037, 51.8812712 ], [ 0.9527421, 51.8812795 ], [ 0.9532228, 51.88128050000001 ], [ 0.9535749, 51.8812859 ], [ 0.9540549, 51.8813164 ], [ 0.9545299, 51.8813515 ], [ 0.9548922, 51.8813822 ], [ 0.9561527, 51.8814877 ], [ 0.9566993, 51.8815198 ], [ 0.9569002, 51.8815297 ], [ 0.9577274, 51.8815505 ], [ 0.9580611, 51.8815531 ] ] } },
{ "type": "Feature", "properties": { "id": 33528, "nach": 0.16753134551149437 }, "geometry": { "type": "LineString", "coordinates": [ [ 0.9580833, 51.8816184 ], [ 0.9578366, 51.8816184 ], [ 0.9575524, 51.8816047 ], [ 0.9570641, 51.8815678 ], [ 0.9565096, 51.8815533 ], [ 0.9558673, 51.8814997 ], [ 0.9553099, 51.8814541 ], [ 0.954549, 51.8813906 ], [ 0.9535133, 51.8813221 ], [ 0.9528379, 51.881318 ], [ 0.9518036, 51.8813237 ] ] } },
{ "type": "Feature", "properties": { "id": 33527, "nach": 0.25932191584157849 }, "geometry": { "type": "LineString", "coordinates": [ [ 0.9580833, 51.8816184 ], [ 0.958274, 51.8815932 ], [ 0.9592189, 51.8815752 ], [ 0.9606923, 51.881563 ], [ 0.9619327, 51.8815563 ], [ 0.9633087, 51.881556 ], [ 0.9638133, 51.8815876 ], [ 0.9643184, 51.8816021 ], [ 0.9644446, 51.8816096 ] ] } },
{ "type": "Feature", "properties": { "id": 33526, "nach": 0.0 }, "geometry": { "type": "LineString", "coordinates": [ [ 0.9580833, 51.8816184 ], [ 0.9581201, 51.881706800000011 ], [ 0.9582055, 51.8818391 ], [ 0.9583777, 51.8820468 ], [ 0.9585145, 51.8822353 ], [ 0.9587625, 51.8825964 ], [ 0.9589911, 51.8829697 ], [ 0.9590862, 51.8831595 ], [ 0.9591969, 51.8833829 ], [ 0.9593947, 51.8838287 ], [ 0.9595469, 51.884183500000013 ], [ 0.9596579, 51.8844023 ], [ 0.9597916, 51.8846128 ], [ 0.9598587, 51.8847275 ], [ 0.9602927, 51.88526730000001 ], [ 0.9605078, 51.8854929 ], [ 0.9611924, 51.8862584 ], [ 0.9617608, 51.8868928 ], [ 0.9622325, 51.8874177 ], [ 0.9627128, 51.8879514 ], [ 0.9629619, 51.8882338 ], [ 0.9632223, 51.8885262 ], [ 0.9636437, 51.88899940000001 ], [ 0.9638675, 51.8892485 ] ] } },
{ "type": "Feature", "properties": { "id": 33519, "nach": 0.35731746323100322 }, "geometry": { "type": "LineString", "coordinates": [ [ 0.9518036, 51.8813237 ], [ 0.9518037, 51.8812712 ] ] } },
{ "type": "Feature", "properties": { "id": 362, "nach": 0.37643545292293867 }, "geometry": { "type": "LineString", "coordinates": [ [ 0.9518037, 51.8812712 ], [ 0.9519187, 51.8812171 ], [ 0.9520084, 51.8811769 ], [ 0.9520846, 51.8811254 ], [ 0.9521455, 51.8810643 ], [ 0.9521943, 51.8809891 ], [ 0.9522485, 51.880892 ] ] } },
{ "type": "Feature", "properties": { "id": 16786, "nach": 0.35363921681240812 }, "geometry": { "type": "LineString", "coordinates": [ [ 0.9510858, 51.8812688 ], [ 0.9518037, 51.8812712 ] ] } },
{ "type": "Feature", "properties": { "id": 33521, "nach": 0.20566441562941754 }, "geometry": { "type": "LineString", "coordinates": [ [ 0.9518036, 51.8813237 ], [ 0.9513781, 51.8813212 ], [ 0.9510184, 51.8813212 ] ] } },
{ "type": "Feature", "properties": { "id": 33522, "nach": 0.27449491658319985 }, "geometry": { "type": "LineString", "coordinates": [ [ 0.9518036, 51.8813237 ], [ 0.9518148, 51.881437 ], [ 0.9518845, 51.8815099 ], [ 0.9520669, 51.8815463 ], [ 0.9530271, 51.8815265 ], [ 0.9532524, 51.8815463 ], [ 0.9533812, 51.881596 ], [ 0.9534402, 51.8816523 ], [ 0.9536279, 51.8826258 ] ] } },
{ "type": "Feature", "properties": { "id": 421, "nach": 0.40371236540405769 }, "geometry": { "type": "LineString", "coordinates": [ [ 0.9522485, 51.880892 ], [ 0.9524, 51.880707600000015 ] ] } },
{ "type": "Feature", "properties": { "id": 424, "nach": 0.29690506355336727 }, "geometry": { "type": "LineString", "coordinates": [ [ 0.9527224, 51.8808819 ], [ 0.9524043, 51.8808887 ], [ 0.9522485, 51.880892 ] ] } },
{ "type": "Feature", "properties": { "id": 25972, "nach": 0.39684602476832098 }, "geometry": { "type": "LineString", "coordinates": [ [ 0.9630829, 51.8682559 ], [ 0.9631466, 51.8682706 ], [ 0.9635816, 51.8682575 ], [ 0.9636859, 51.8681617 ], [ 0.9638805, 51.8680929 ], [ 0.9641019, 51.8680573 ], [ 0.9643073, 51.8680223 ], [ 0.964272, 51.867912300000015 ], [ 0.9642381, 51.8678355 ], [ 0.9641953, 51.8677315 ], [ 0.9641423, 51.867607 ], [ 0.9640746, 51.867436600000012 ], [ 0.9640793, 51.8674052 ], [ 0.9640892, 51.8673623 ], [ 0.9641175, 51.8673183 ], [ 0.9641613, 51.8672789 ], [ 0.9642225, 51.8672481 ], [ 0.9643928, 51.8671883 ], [ 0.9645645, 51.8671305 ], [ 0.9646905, 51.8670784 ] ] } },
{ "type": "Feature", "properties": { "id": 423, "nach": 0.31552406025006663 }, "geometry": { "type": "LineString", "coordinates": [ [ 0.9527224, 51.8808819 ], [ 0.9525457, 51.8808237 ], [ 0.9524682, 51.880779700000012 ], [ 0.9524, 51.880707600000015 ] ] } },
{ "type": "Feature", "properties": { "id": 27331, "nach": 0.13547488319075515 }, "geometry": { "type": "LineString", "coordinates": [ [ 0.9637994, 51.881413400000014 ], [ 0.9632343, 51.881417 ], [ 0.9626469, 51.8814234 ], [ 0.9621582, 51.881427 ], [ 0.9613602, 51.881433800000011 ], [ 0.9607422, 51.8814404 ], [ 0.9600838, 51.8814454 ], [ 0.9595349, 51.8814511 ], [ 0.959218, 51.8814532 ], [ 0.958569, 51.8814601 ], [ 0.9581575, 51.8814631 ], [ 0.957852, 51.8814625 ], [ 0.9576846, 51.8814616 ], [ 0.9569931, 51.8814335 ], [ 0.9567379, 51.8814185 ], [ 0.9561655, 51.8813669 ], [ 0.9557732, 51.881318300000011 ], [ 0.9553586, 51.8812555 ], [ 0.9546711, 51.88114 ], [ 0.9539153, 51.8809953 ], [ 0.9536008, 51.8809439 ], [ 0.9532479, 51.880909 ], [ 0.9527224, 51.8808819 ] ] } },
{ "type": "Feature", "properties": { "id": 63679, "nach": 0.63806453701477628 }, "geometry": { "type": "LineString", "coordinates": [ [ 0.9373662, 51.8864133 ], [ 0.9374191, 51.8864348 ], [ 0.9380058, 51.88668 ] ] } },
{ "type": "Feature", "properties": { "id": 63678, "nach": 0.63393816635141986 }, "geometry": { "type": "LineString", "coordinates": [ [ 0.9373662, 51.8864133 ], [ 0.9368954, 51.8862217 ], [ 0.9366527, 51.886151500000011 ] ] } },
{ "type": "Feature", "properties": { "id": 63680, "nach": 0.49364725375893476 }, "geometry": { "type": "LineString", "coordinates": [ [ 0.9369666, 51.886761 ], [ 0.9373662, 51.8864133 ] ] } },
{ "type": "Feature", "properties": { "id": 9160, "nach": 0.67537046414801605 }, "geometry": { "type": "LineString", "coordinates": [ [ 0.9389294, 51.885581300000013 ], [ 0.9391766, 51.8856862 ] ] } },
{ "type": "Feature", "properties": { "id": 74803, "nach": 0.68640727616344355 }, "geometry": { "type": "LineString", "coordinates": [ [ 0.9390812, 51.88576170000001 ], [ 0.9391766, 51.8856862 ] ] } },
{ "type": "Feature", "properties": { "id": 25752, "nach": 0.68505994679689708 }, "geometry": { "type": "LineString", "coordinates": [ [ 0.9394224, 51.885778 ], [ 0.9391766, 51.8856862 ] ] } },
{ "type": "Feature", "properties": { "id": 25733, "nach": 0.68814236724745115 }, "geometry": { "type": "LineString", "coordinates": [ [ 0.9387389, 51.8855101 ], [ 0.9389294, 51.885581300000013 ] ] } },
{ "type": "Feature", "properties": { "id": 25740, "nach": 0.5837241983262329 }, "geometry": { "type": "LineString", "coordinates": [ [ 0.9392308, 51.8855563 ], [ 0.9389294, 51.885581300000013 ] ] } },
{ "type": "Feature", "properties": { "id": 74804, "nach": 0.66932427150943796 }, "geometry": { "type": "LineString", "coordinates": [ [ 0.9390812, 51.88576170000001 ], [ 0.9389537, 51.8858626 ] ] } },
{ "type": "Feature", "properties": { "id": 74805, "nach": 0.57984857763209696 }, "geometry": { "type": "LineString", "coordinates": [ [ 0.9390812, 51.88576170000001 ], [ 0.9391656, 51.8858453 ], [ 0.939295, 51.8860174 ], [ 0.9395461, 51.8861087 ], [ 0.9394475, 51.8861962 ] ] } },
{ "type": "Feature", "properties": { "id": 25753, "nach": 0.66763331588866381 }, "geometry": { "type": "LineString", "coordinates": [ [ 0.9394224, 51.885778 ], [ 0.9393653, 51.8855825 ] ] } },
{ "type": "Feature", "properties": { "id": 29714, "nach": 0.65305290728297483 }, "geometry": { "type": "LineString", "coordinates": [ [ 0.9365633, 51.8850614 ], [ 0.9365902, 51.884992300000015 ] ] } },
{ "type": "Feature", "properties": { "id": 76581, "nach": 0.63105242382749571 }, "geometry": { "type": "LineString", "coordinates": [ [ 0.9366276, 51.8848645 ], [ 0.9365902, 51.884992300000015 ] ] } },
{ "type": "Feature", "properties": { "id": 15927, "nach": 0.6833531150494222 }, "geometry": { "type": "LineString", "coordinates": [ [ 0.937444, 51.8851273 ], [ 0.937269, 51.885089700000016 ], [ 0.9369428, 51.8850368 ], [ 0.9365902, 51.884992300000015 ] ] } },
{ "type": "Feature", "properties": { "id": 25698, "nach": 0.69410518797714382 }, "geometry": { "type": "LineString", "coordinates": [ [ 0.936063, 51.88494570000001 ], [ 0.9361703, 51.8849529 ], [ 0.9365902, 51.884992300000015 ] ] } },
{ "type": "Feature", "properties": { "id": 29713, "nach": 0.63523055356075608 }, "geometry": { "type": "LineString", "coordinates": [ [ 0.9365633, 51.8850614 ], [ 0.9364964, 51.8852066 ] ] } },
{ "type": "Feature", "properties": { "id": 71354, "nach": 0.61048555467476273 }, "geometry": { "type": "LineString", "coordinates": [ [ 0.9362013, 51.885013 ], [ 0.9363463, 51.885028 ], [ 0.9365633, 51.8850614 ] ] } },
{ "type": "Feature", "properties": { "id": 71335, "nach": 0.64022030274778763 }, "geometry": { "type": "LineString", "coordinates": [ [ 0.9369272, 51.8850998 ], [ 0.9368465, 51.8850861 ], [ 0.9366387, 51.8850671 ], [ 0.9365633, 51.8850614 ] ] } },
{ "type": "Feature", "properties": { "id": 76582, "nach": 0.62366826085427052 }, "geometry": { "type": "LineString", "coordinates": [ [ 0.9366276, 51.8848645 ], [ 0.9367073, 51.884592 ], [ 0.9368192, 51.88457660000001 ] ] } },
{ "type": "Feature", "properties": { "id": 76586, "nach": 0.32811499210124034 }, "geometry": { "type": "LineString", "coordinates": [ [ 0.9375163, 51.8850031 ], [ 0.9373094, 51.8849692 ], [ 0.9366276, 51.8848645 ] ] } },
{ "type": "Feature", "properties": { "id": 15926, "nach": 0.67079534238689531 }, "geometry": { "type": "LineString", "coordinates": [ [ 0.937444, 51.8851273 ], [ 0.9377067, 51.8851745 ], [ 0.9380197, 51.88527160000001 ] ] } },
{ "type": "Feature", "properties": { "id": 76585, "nach": 0.6461486688294148 }, "geometry": { "type": "LineString", "coordinates": [ [ 0.9375163, 51.8850031 ], [ 0.937444, 51.8851273 ] ] } },
{ "type": "Feature", "properties": { "id": 25699, "nach": 0.70220614680002325 }, "geometry": { "type": "LineString", "coordinates": [ [ 0.936063, 51.88494570000001 ], [ 0.9356983, 51.8849308 ], [ 0.9354816, 51.8849336 ] ] } },
{ "type": "Feature", "properties": { "id": 25700, "nach": 0.55354655327735125 }, "geometry": { "type": "LineString", "coordinates": [ [ 0.936063, 51.88494570000001 ], [ 0.9361293, 51.8848643 ], [ 0.9361666, 51.8847778 ], [ 0.9361959, 51.884747700000013 ], [ 0.9362721, 51.8845744 ], [ 0.936308, 51.8844908 ], [ 0.9363766, 51.8843447 ], [ 0.9363797, 51.8842597 ] ] } },
{ "type": "Feature", "properties": { "id": 2862, "nach": 0.40406971389699037 }, "geometry": { "type": "LineString", "coordinates": [ [ 0.9515024, 51.8748983 ], [ 0.9515357, 51.8748675 ], [ 0.9517389, 51.8747031 ], [ 0.9519019, 51.8745713 ], [ 0.9521008, 51.87441050000001 ], [ 0.9522316, 51.8742894 ] ] } },
{ "type": "Feature", "properties": { "id": 63258, "nach": 0.4377660128012546 }, "geometry": { "type": "LineString", "coordinates": [ [ 0.9573453, 51.8759043 ], [ 0.9571152, 51.8758981 ], [ 0.9570328, 51.8758825 ], [ 0.9568003, 51.875831400000017 ], [ 0.9565476, 51.87575720000001 ], [ 0.9562149, 51.8756412 ], [ 0.9558078, 51.87548970000001 ], [ 0.9554072, 51.8753565 ], [ 0.9551022, 51.8752519 ], [ 0.9546413, 51.8750852 ], [ 0.953899, 51.874826400000011 ], [ 0.953719, 51.8747637 ], [ 0.952799, 51.8744422 ], [ 0.9522316, 51.8742894 ] ] } },
{ "type": "Feature", "properties": { "id": 940, "nach": 0.47693642494383703 }, "geometry": { "type": "LineString", "coordinates": [ [ 0.9505085, 51.874003900000012 ], [ 0.9512024, 51.8741055 ], [ 0.9518416, 51.874220200000011 ], [ 0.9522316, 51.8742894 ] ] } },
{ "type": "Feature", "properties": { "id": 2861, "nach": 0.34848505235300697 }, "geometry": { "type": "LineString", "coordinates": [ [ 0.9515024, 51.8748983 ], [ 0.9514392, 51.8748713 ], [ 0.9512762, 51.8747949 ], [ 0.9511572, 51.874766 ], [ 0.9504105, 51.874384 ], [ 0.9502586, 51.8744949 ], [ 0.9510025, 51.8748708 ], [ 0.951327, 51.8749559 ], [ 0.951412, 51.874989800000016 ] ] } },
{ "type": "Feature", "properties": { "id": 63259, "nach": 0.0 }, "geometry": { "type": "LineString", "coordinates": [ [ 0.9573453, 51.8759043 ], [ 0.9574363, 51.87578280000001 ], [ 0.9575143, 51.8756763 ], [ 0.957755, 51.875604 ], [ 0.9579209, 51.875632199999984 ], [ 0.9582461, 51.8757044 ], [ 0.9586455, 51.8757856 ] ] } },
{ "type": "Feature", "properties": { "id": 63260, "nach": 0.43743637543739167 }, "geometry": { "type": "LineString", "coordinates": [ [ 0.9573453, 51.8759043 ], [ 0.9575574, 51.8759101 ], [ 0.9579186, 51.8758962 ], [ 0.9581587, 51.87589710000001 ] ] } },
{ "type": "Feature", "properties": { "id": 59860, "nach": 0.51081187822632013 }, "geometry": { "type": "LineString", "coordinates": [ [ 0.9504434, 51.8741661 ], [ 0.9505085, 51.874003900000012 ] ] } },
{ "type": "Feature", "properties": { "id": 2601, "nach": 0.3787072280561985 }, "geometry": { "type": "LineString", "coordinates": [ [ 0.9531032, 51.8693694 ], [ 0.9530988, 51.8693881 ], [ 0.9530819, 51.8694605 ], [ 0.9530656, 51.869651599999983 ], [ 0.9530815, 51.8697456 ], [ 0.9532453, 51.8711328 ], [ 0.95325, 51.8712634 ], [ 0.9532164, 51.8713677 ], [ 0.9521242, 51.8724511 ], [ 0.9505176, 51.87394050000001 ], [ 0.9505085, 51.874003900000012 ] ] } },
{ "type": "Feature", "properties": { "id": 51130, "nach": 0.48941510784788878 }, "geometry": { "type": "LineString", "coordinates": [ [ 0.9493334, 51.8738101 ], [ 0.9498555, 51.8738939 ], [ 0.9505085, 51.874003900000012 ] ] } },
{ "type": "Feature", "properties": { "id": 55847, "nach": 0.42730109270758765 }, "geometry": { "type": "LineString", "coordinates": [ [ 0.9513476, 51.8756342 ], [ 0.9513571, 51.875618500000016 ], [ 0.9513843, 51.8755737 ], [ 0.9514006, 51.8754051 ], [ 0.9513563, 51.875211900000011 ], [ 0.9513709, 51.8750904 ], [ 0.951412, 51.874989800000016 ] ] } },
{ "type": "Feature", "properties": { "id": 55848, "nach": 0.49950027462654489 }, "geometry": { "type": "LineString", "coordinates": [ [ 0.9513476, 51.8756342 ], [ 0.9513143, 51.87568910000001 ], [ 0.9511845, 51.875808 ] ] } },
{ "type": "Feature", "properties": { "id": 55849, "nach": 0.42333653384585068 }, "geometry": { "type": "LineString", "coordinates": [ [ 0.9510701, 51.8755002 ], [ 0.9513476, 51.8756342 ] ] } },
{ "type": "Feature", "properties": { "id": 24246, "nach": 0.5329504251350784 }, "geometry": { "type": "LineString", "coordinates": [ [ 0.9568915, 51.8675902 ], [ 0.957333, 51.8675334 ], [ 0.957384, 51.8675417 ], [ 0.9582555, 51.8674141 ] ] } },
{ "type": "Feature", "properties": { "id": 24249, "nach": 0.54034021998105575 }, "geometry": { "type": "LineString", "coordinates": [ [ 0.9568915, 51.8675902 ], [ 0.9569008, 51.8675428 ], [ 0.9569145, 51.8674521 ], [ 0.9569078, 51.8674045 ], [ 0.9568799, 51.8673155 ] ] } },
{ "type": "Feature", "properties": { "id": 30089, "nach": 0.43093063205507171 }, "geometry": { "type": "LineString", "coordinates": [ [ 0.954025, 51.8686417 ], [ 0.9542713, 51.868604 ], [ 0.9541334, 51.8681933 ], [ 0.9540682, 51.8679973 ], [ 0.9560115, 51.8677022 ], [ 0.9568353, 51.8675767 ], [ 0.9568915, 51.8675902 ] ] } },
{ "type": "Feature", "properties": { "id": 25938, "nach": 0.42266805229328586 }, "geometry": { "type": "LineString", "coordinates": [ [ 0.9572537, 51.8679816 ], [ 0.9571781, 51.8679667 ], [ 0.9571025, 51.8679482 ], [ 0.9570148, 51.867914399999989 ], [ 0.9569662, 51.8678752 ], [ 0.956937, 51.867822 ], [ 0.9569258, 51.8677774 ], [ 0.9569058, 51.867698399999988 ], [ 0.9568942, 51.8676437 ], [ 0.9568915, 51.8675902 ] ] } },
{ "type": "Feature", "properties": { "id": 48619, "nach": 0.40251149830079269 }, "geometry": { "type": "LineString", "coordinates": [ [ 0.9566039, 51.8684621 ], [ 0.9565809, 51.868357700000011 ], [ 0.9565918, 51.8683168 ], [ 0.9566175, 51.8682792 ], [ 0.9566526, 51.868255 ], [ 0.9566986, 51.868233200000013 ], [ 0.9567933, 51.8682023 ], [ 0.957109, 51.8681077 ], [ 0.9571652, 51.868089500000011 ], [ 0.957184, 51.8680774 ], [ 0.9572086, 51.8680519 ], [ 0.9572537, 51.8679816 ] ] } },
{ "type": "Feature", "properties": { "id": 635, "nach": 0.37898426709554073 }, "geometry": { "type": "LineString", "coordinates": [ [ 0.9564301, 51.8673786 ], [ 0.9563057, 51.8670531 ], [ 0.9562003, 51.8667554 ] ] } },
{ "type": "Feature", "properties": { "id": 634, "nach": 0.52405349648683253 }, "geometry": { "type": "LineString", "coordinates": [ [ 0.9564301, 51.8673786 ], [ 0.9568799, 51.8673155 ] ] } },
{ "type": "Feature", "properties": { "id": 637, "nach": 0.5118620412852064 }, "geometry": { "type": "LineString", "coordinates": [ [ 0.9552377, 51.8675549 ], [ 0.9564301, 51.8673786 ] ] } },
{ "type": "Feature", "properties": { "id": 639, "nach": 0.50399909837872159 }, "geometry": { "type": "LineString", "coordinates": [ [ 0.9545084, 51.867656 ], [ 0.9552377, 51.8675549 ] ] } },
{ "type": "Feature", "properties": { "id": 53869, "nach": 0.37599148599431131 }, "geometry": { "type": "LineString", "coordinates": [ [ 0.955136, 51.866668 ], [ 0.9551936, 51.8667268 ], [ 0.9552366, 51.866822 ], [ 0.9552379, 51.8669115 ], [ 0.95524, 51.8669439 ], [ 0.9551456, 51.8670146 ], [ 0.9551528, 51.8670852 ], [ 0.9551681, 51.8672146 ], [ 0.9551886, 51.8673779 ], [ 0.9552377, 51.8675549 ] ] } },
{ "type": "Feature", "properties": { "id": 643, "nach": 0.49104410535281862 }, "geometry": { "type": "LineString", "coordinates": [ [ 0.9537334, 51.8678883 ], [ 0.9538088, 51.8678387 ], [ 0.9539139, 51.8677863 ], [ 0.9540453, 51.8677384 ], [ 0.9541676, 51.8677113 ], [ 0.9542961, 51.86769120000001 ], [ 0.9545084, 51.867656 ] ] } },
{ "type": "Feature", "properties": { "id": 670, "nach": 0.44872080755647475 }, "geometry": { "type": "LineString", "coordinates": [ [ 0.9544035, 51.8673052 ], [ 0.9544175, 51.8673959 ], [ 0.9544604, 51.867523500000011 ], [ 0.9545084, 51.867656 ] ] } },
{ "type": "Feature", "properties": { "id": 646, "nach": 0.49208725669799863 }, "geometry": { "type": "LineString", "coordinates": [ [ 0.9533421, 51.86825120000001 ], [ 0.9536132, 51.8679905 ], [ 0.9537334, 51.8678883 ] ] } },
{ "type": "Feature", "properties": { "id": 672, "nach": 0.37615544894737901 }, "geometry": { "type": "LineString", "coordinates": [ [ 0.9534669, 51.8676614 ], [ 0.9535548, 51.86774960000001 ], [ 0.9535759, 51.8678249 ], [ 0.9537334, 51.8678883 ] ] } },
{ "type": "Feature", "properties": { "id": 75507, "nach": 0.36935103574717815 }, "geometry": { "type": "LineString", "coordinates": [ [ 0.9543384, 51.8668059 ], [ 0.9542449, 51.8668956 ], [ 0.9542134, 51.8669603 ], [ 0.9542347, 51.8670757 ], [ 0.9543545, 51.867080100000017 ], [ 0.9544035, 51.8673052 ] ] } },
{ "type": "Feature", "properties": { "id": 75506, "nach": 0.37304630889550994 }, "geometry": { "type": "LineString", "coordinates": [ [ 0.9539511, 51.8674523 ], [ 0.9540995, 51.8673506 ], [ 0.9541534, 51.8673324 ], [ 0.9542001, 51.867323 ], [ 0.9544035, 51.8673052 ] ] } },
{ "type": "Feature", "properties": { "id": 649, "nach": 0.4953687509444808 }, "geometry": { "type": "LineString", "coordinates": [ [ 0.9530112, 51.8684621 ], [ 0.9531539, 51.8684014 ], [ 0.9532381, 51.8683452 ], [ 0.9533113, 51.86828 ], [ 0.9533421, 51.86825120000001 ] ] } },
{ "type": "Feature", "properties": { "id": 673, "nach": 0.37234533962591254 }, "geometry": { "type": "LineString", "coordinates": [ [ 0.9540425, 51.8683216 ], [ 0.9536907, 51.86834240000001 ], [ 0.9535614, 51.868337 ], [ 0.9534914, 51.8683105 ], [ 0.9533421, 51.86825120000001 ] ] } },
{ "type": "Feature", "properties": { "id": 652, "nach": 0.5252981186138358 }, "geometry": { "type": "LineString", "coordinates": [ [ 0.9523813, 51.8683086 ], [ 0.9524595, 51.868376 ], [ 0.9525414, 51.86842020000001 ], [ 0.9526377, 51.8684542 ], [ 0.9527493, 51.8684711 ], [ 0.9528809, 51.868475 ], [ 0.9530112, 51.8684621 ] ] } },
{ "type": "Feature", "properties": { "id": 675, "nach": 0.48548058520571152 }, "geometry": { "type": "LineString", "coordinates": [ [ 0.9532877, 51.8687159 ], [ 0.9532233, 51.8686532 ], [ 0.9531722, 51.8685972 ], [ 0.9531326, 51.8685361 ], [ 0.9531034, 51.8684928 ], [ 0.9530112, 51.8684621 ] ] } },
{ "type": "Feature", "properties": { "id": 655, "nach": 0.51635209826217099 }, "geometry": { "type": "LineString", "coordinates": [ [ 0.9523552, 51.8677919 ], [ 0.9523401, 51.867842 ], [ 0.952326, 51.867926 ], [ 0.952322399999989, 51.8680817 ], [ 0.9523237, 51.8681553 ], [ 0.9523308, 51.8682095 ], [ 0.9523483, 51.86826210000001 ], [ 0.9523813, 51.8683086 ] ] } },
{ "type": "Feature", "properties": { "id": 686, "nach": 0.44619208758822809 }, "geometry": { "type": "LineString", "coordinates": [ [ 0.9515908, 51.868541599999986 ], [ 0.9521055, 51.8683893 ], [ 0.9522329, 51.8683516 ], [ 0.9523813, 51.8683086 ] ] } },
{ "type": "Feature", "properties": { "id": 678, "nach": 0.47277954663348054 }, "geometry": { "type": "LineString", "coordinates": [ [ 0.9534533, 51.868780799999989 ], [ 0.9533586, 51.86875220000001 ], [ 0.9532877, 51.8687159 ] ] } },
{ "type": "Feature", "properties": { "id": 50462, "nach": 0.37527750114351804 }, "geometry": { "type": "LineString", "coordinates": [ [ 0.9528854, 51.8687806 ], [ 0.9529823, 51.8687752 ], [ 0.9530454, 51.868762400000016 ], [ 0.953175, 51.8687302 ], [ 0.9532877, 51.8687159 ] ] } },
{ "type": "Feature", "properties": { "id": 658, "nach": 0.52922651657169351 }, "geometry": { "type": "LineString", "coordinates": [ [ 0.952617, 51.8674932 ], [ 0.9524276, 51.8676807 ], [ 0.9523552, 51.8677919 ] ] } },
{ "type": "Feature", "properties": { "id": 30109, "nach": 0.46850396336860689 }, "geometry": { "type": "LineString", "coordinates": [ [ 0.9520122, 51.8677504 ], [ 0.9521198, 51.8677602 ], [ 0.9522265, 51.8677766 ], [ 0.9523552, 51.8677919 ] ] } },
{ "type": "Feature", "properties": { "id": 689, "nach": 0.42786870813809885 }, "geometry": { "type": "LineString", "coordinates": [ [ 0.9515417, 51.8684789 ], [ 0.9515908, 51.868541599999986 ] ] } },
{ "type": "Feature", "properties": { "id": 688, "nach": 0.36802109933657046 }, "geometry": { "type": "LineString", "coordinates": [ [ 0.9521345, 51.8687719 ], [ 0.9516707, 51.8686343 ], [ 0.9515908, 51.868541599999986 ] ] } },
{ "type": "Feature", "properties": { "id": 661, "nach": 0.53440332611909525 }, "geometry": { "type": "LineString", "coordinates": [ [ 0.9532384, 51.8669166 ], [ 0.9531647, 51.8669805 ], [ 0.952995, 51.8671406 ], [ 0.9528541, 51.8672807 ], [ 0.952617, 51.8674932 ] ] } },
{ "type": "Feature", "properties": { "id": 683, "nach": 0.37693423019045669 }, "geometry": { "type": "LineString", "coordinates": [ [ 0.9523577, 51.8669563 ], [ 0.9521054, 51.8672746 ], [ 0.9524982, 51.8674499 ], [ 0.952617, 51.8674932 ] ] } },
{ "type": "Feature", "properties": { "id": 30110, "nach": 0.42122808817020313 }, "geometry": { "type": "LineString", "coordinates": [ [ 0.9520122, 51.8677504 ], [ 0.9519722, 51.8677467 ], [ 0.9519392, 51.8677525 ], [ 0.9518766, 51.867783 ], [ 0.9517979, 51.8678289 ], [ 0.9517296, 51.8678739 ], [ 0.9516657, 51.8679121 ], [ 0.9515194, 51.8680088 ], [ 0.9515023, 51.8680312 ] ] } },
{ "type": "Feature", "properties": { "id": 30111, "nach": 0.40363722987786482 }, "geometry": { "type": "LineString", "coordinates": [ [ 0.9520122, 51.8677504 ], [ 0.9520356, 51.8675944 ], [ 0.9519755, 51.8675796 ], [ 0.9517643, 51.8674299 ], [ 0.9515339, 51.8673676 ], [ 0.9512722, 51.8673528 ], [ 0.9511426, 51.8673113 ] ] } },
{ "type": "Feature", "properties": { "id": 23049, "nach": 0.54157819648197547 }, "geometry": { "type": "LineString", "coordinates": [ [ 0.9533963, 51.8667601 ], [ 0.9532384, 51.8669166 ] ] } },
{ "type": "Feature", "properties": { "id": 684, "nach": 0.38467999995777447 }, "geometry": { "type": "LineString", "coordinates": [ [ 0.9535292, 51.8671537 ], [ 0.9534895, 51.8670434 ], [ 0.9534591, 51.8670131 ], [ 0.9533911, 51.8669764 ], [ 0.9532384, 51.8669166 ] ] } },
{ "type": "Feature", "properties": { "id": 23051, "nach": 0.54854108753097042 }, "geometry": { "type": "LineString", "coordinates": [ [ 0.9533963, 51.8667601 ], [ 0.9535179, 51.86665270000001 ], [ 0.9536491, 51.8665311 ], [ 0.9537917, 51.8664374 ] ] } },
{ "type": "Feature", "properties": { "id": 31078, "nach": 0.47844696379476287 }, "geometry": { "type": "LineString", "coordinates": [ [ 0.9529009, 51.866556 ], [ 0.9533963, 51.8667601 ] ] } },
{ "type": "Feature", "properties": { "id": 667, "nach": 0.5238736404306783 }, "geometry": { "type": "LineString", "coordinates": [ [ 0.9546559, 51.8662716 ], [ 0.9545443, 51.8662875 ], [ 0.9541358, 51.866346 ], [ 0.9539481, 51.8663848 ], [ 0.9537917, 51.8664374 ] ] } },
{ "type": "Feature", "properties": { "id": 53884, "nach": 0.47453462294660226 }, "geometry": { "type": "LineString", "coordinates": [ [ 0.9537913, 51.865671 ], [ 0.9537804, 51.8656783 ], [ 0.9536867, 51.8657579 ], [ 0.9535908, 51.8658592 ], [ 0.9535367, 51.8659457 ], [ 0.9535036, 51.8660644 ], [ 0.9535321, 51.8661857 ], [ 0.9536473, 51.866309900000012 ], [ 0.9537917, 51.8664374 ] ] } },
{ "type": "Feature", "properties": { "id": 682, "nach": 0.45539425377801834 }, "geometry": { "type": "LineString", "coordinates": [ [ 0.9540448, 51.8687029 ], [ 0.9539507, 51.8687242 ], [ 0.9538632, 51.868740699999989 ], [ 0.9537857, 51.868752200000017 ], [ 0.9537049, 51.8687621 ], [ 0.9536389, 51.8687703 ], [ 0.9535697, 51.868772 ], [ 0.9534905, 51.8687769 ], [ 0.9534533, 51.868780799999989 ] ] } },
{ "type": "Feature", "properties": { "id": 2602, "nach": 0.41982549998483931 }, "geometry": { "type": "LineString", "coordinates": [ [ 0.9531032, 51.8693694 ], [ 0.953168, 51.869255499999987 ], [ 0.9533375, 51.8691295 ], [ 0.953361, 51.869055 ], [ 0.953446, 51.8688783 ], [ 0.9534533, 51.868780799999989 ] ] } },
{ "type": "Feature", "properties": { "id": 30090, "nach": 0.38045865996936057 }, "geometry": { "type": "LineString", "coordinates": [ [ 0.9540791, 51.868768600000017 ], [ 0.9540448, 51.8687029 ] ] } },
{ "type": "Feature", "properties": { "id": 30087, "nach": 0.44480152221590424 }, "geometry": { "type": "LineString", "coordinates": [ [ 0.954025, 51.8686417 ], [ 0.9540448, 51.8687029 ] ] } },
{ "type": "Feature", "properties": { "id": 2604, "nach": 0.31480985250854193 }, "geometry": { "type": "LineString", "coordinates": [ [ 0.9499293, 51.8688735 ], [ 0.9501314, 51.8689868 ], [ 0.9502022, 51.86899380000002 ], [ 0.9503662, 51.869069300000014 ], [ 0.9507764, 51.8692043 ], [ 0.9509675, 51.869226 ], [ 0.951159, 51.869267 ], [ 0.9512834, 51.8692655 ], [ 0.9514592, 51.869281900000011 ], [ 0.9516413, 51.8693262 ], [ 0.9518259, 51.8693401 ], [ 0.9524128, 51.8693254 ], [ 0.9525228, 51.8693342 ], [ 0.9526561, 51.8693554 ], [ 0.952824, 51.869364 ], [ 0.9529916, 51.8693684 ], [ 0.9531032, 51.8693694 ] ] } },
{ "type": "Feature", "properties": { "id": 30088, "nach": 0.38061763444689223 }, "geometry": { "type": "LineString", "coordinates": [ [ 0.954025, 51.8686417 ], [ 0.9540141, 51.8686249 ] ] } },
{ "type": "Feature", "properties": { "id": 25980, "nach": 0.40702437285282439 }, "geometry": { "type": "LineString", "coordinates": [ [ 0.9515023, 51.8680312 ], [ 0.9514938, 51.8680574 ], [ 0.9514878, 51.8680924 ], [ 0.9515128, 51.8681581 ], [ 0.9515099, 51.8682075 ], [ 0.9514505, 51.8682916 ], [ 0.9514397, 51.8683262 ], [ 0.9514485, 51.868358600000015 ], [ 0.951491, 51.868418 ], [ 0.9515417, 51.8684789 ] ] } },
{ "type": "Feature", "properties": { "id": 30101, "nach": 0.36814037816251899 }, "geometry": { "type": "LineString", "coordinates": [ [ 0.9505688, 51.8680198 ], [ 0.9511453, 51.8682618 ], [ 0.9511777, 51.8684218 ], [ 0.9512506, 51.8685567 ], [ 0.9515417, 51.8684789 ] ] } },
{ "type": "Feature", "properties": { "id": 30099, "nach": 0.43511297108866276 }, "geometry": { "type": "LineString", "coordinates": [ [ 0.9507426, 51.8677877 ], [ 0.9512425, 51.8679994 ], [ 0.9515023, 51.8680312 ] ] } },
{ "type": "Feature", "properties": { "id": 30102, "nach": 0.41685944648258094 }, "geometry": { "type": "LineString", "coordinates": [ [ 0.9505688, 51.8680198 ], [ 0.950398, 51.8682599 ], [ 0.9499827, 51.8687574 ], [ 0.9499293, 51.8688735 ] ] } },
{ "type": "Feature", "properties": { "id": 30100, "nach": 0.41464658441281305 }, "geometry": { "type": "LineString", "coordinates": [ [ 0.9505688, 51.8680198 ], [ 0.9506166, 51.867868500000014 ], [ 0.9507426, 51.8677877 ] ] } },
{ "type": "Feature", "properties": { "id": 919, "nach": 0.57241459359396762 }, "geometry": { "type": "LineString", "coordinates": [ [ 0.9318422, 51.88436 ], [ 0.9319027, 51.8843405 ], [ 0.9319536, 51.8843316 ], [ 0.9320724, 51.884331 ], [ 0.9321375, 51.8843339 ], [ 0.9322528, 51.8843472 ] ] } },
{ "type": "Feature", "properties": { "id": 17888, "nach": 0.53991214211413108 }, "geometry": { "type": "LineString", "coordinates": [ [ 0.9319186, 51.884447 ], [ 0.9318422, 51.88436 ] ] } },
{ "type": "Feature", "properties": { "id": 61928, "nach": 0.6476136867516894 }, "geometry": { "type": "LineString", "coordinates": [ [ 0.9322243, 51.8837352 ], [ 0.9321205, 51.8837487 ], [ 0.9321744, 51.8838711 ], [ 0.9319845, 51.8841057 ], [ 0.931809, 51.884286499999988 ], [ 0.9318422, 51.88436 ] ] } },
{ "type": "Feature", "properties": { "id": 15966, "nach": 0.65287655908721076 }, "geometry": { "type": "LineString", "coordinates": [ [ 0.9313489, 51.884738199999987 ], [ 0.9314584, 51.884658400000014 ], [ 0.9318422, 51.88436 ] ] } },
{ "type": "Feature", "properties": { "id": 61925, "nach": 0.66855849342550999 }, "geometry": { "type": "LineString", "coordinates": [ [ 0.9322243, 51.8837352 ], [ 0.9323437, 51.883715 ] ] } },
{ "type": "Feature", "properties": { "id": 61926, "nach": 0.71008815140429971 }, "geometry": { "type": "LineString", "coordinates": [ [ 0.9322243, 51.8837352 ], [ 0.9321963, 51.88367 ], [ 0.9321493, 51.8835291 ] ] } },
{ "type": "Feature", "properties": { "id": 17890, "nach": 0.40063209311141845 }, "geometry": { "type": "LineString", "coordinates": [ [ 0.9319186, 51.884447 ], [ 0.931729, 51.884536099999984 ], [ 0.9316321, 51.884644200000011 ], [ 0.9315667, 51.8846954 ], [ 0.9314274, 51.8847639 ] ] } },
{ "type": "Feature", "properties": { "id": 17889, "nach": 0.51469593434711125 }, "geometry": { "type": "LineString", "coordinates": [ [ 0.9319186, 51.884447 ], [ 0.9320169, 51.884451300000016 ], [ 0.9320427, 51.8845018 ], [ 0.931941, 51.8846008 ], [ 0.931782, 51.8848924 ] ] } },
{ "type": "Feature", "properties": { "id": 15965, "nach": 0.71007794257964496 }, "geometry": { "type": "LineString", "coordinates": [ [ 0.9313489, 51.884738199999987 ], [ 0.9308726, 51.8850964 ] ] } },
{ "type": "Feature", "properties": { "id": 15970, "nach": 0.67773418099794858 }, "geometry": { "type": "LineString", "coordinates": [ [ 0.9314274, 51.8847639 ], [ 0.9313489, 51.884738199999987 ] ] } },
{ "type": "Feature", "properties": { "id": 25041, "nach": 0.67321704677769623 }, "geometry": { "type": "LineString", "coordinates": [ [ 0.9318459, 51.8849205 ], [ 0.931898, 51.8849419 ], [ 0.9319543, 51.8848812 ], [ 0.9320222, 51.884916400000023 ] ] } },
{ "type": "Feature", "properties": { "id": 25042, "nach": 0.68350507348997647 }, "geometry": { "type": "LineString", "coordinates": [ [ 0.9318459, 51.8849205 ], [ 0.931814, 51.8849065 ], [ 0.931782, 51.8848924 ] ] } },
{ "type": "Feature", "properties": { "id": 25040, "nach": 0.57111126538597101 }, "geometry": { "type": "LineString", "coordinates": [ [ 0.9318459, 51.8849205 ], [ 0.930613569442157, 51.886197856561338 ] ] } },
{ "type": "Feature", "properties": { "id": 59861, "nach": 0.53164616252168106 }, "geometry": { "type": "LineString", "coordinates": [ [ 0.9504434, 51.8741661 ], [ 0.9502417, 51.8743056 ], [ 0.9500017, 51.8744671 ], [ 0.9500284, 51.8745261 ], [ 0.9501363, 51.874598 ] ] } },
{ "type": "Feature", "properties": { "id": 75538, "nach": 0.49113234438566894 }, "geometry": { "type": "LineString", "coordinates": [ [ 0.9496497, 51.8742175 ], [ 0.950095, 51.874138 ], [ 0.9504434, 51.8741661 ] ] } },
{ "type": "Feature", "properties": { "id": 51131, "nach": 0.49029723157418453 }, "geometry": { "type": "LineString", "coordinates": [ [ 0.9493334, 51.8738101 ], [ 0.9492432, 51.8737956 ], [ 0.9485601, 51.8736842 ], [ 0.9480709, 51.8736075 ] ] } },
{ "type": "Feature", "properties": { "id": 51132, "nach": 0.47600504952176431 }, "geometry": { "type": "LineString", "coordinates": [ [ 0.9493334, 51.8738101 ], [ 0.9493973, 51.8737154 ], [ 0.9495129, 51.8735564 ], [ 0.9496582, 51.8734055 ], [ 0.9497506, 51.8732913 ] ] } },
{ "type": "Feature", "properties": { "id": 38500, "nach": 0.47557703275448737 }, "geometry": { "type": "LineString", "coordinates": [ [ 0.9481178, 51.8735285 ], [ 0.948085, 51.8735837 ], [ 0.9480709, 51.8736075 ] ] } },
{ "type": "Feature", "properties": { "id": 42070, "nach": 0.53425222654342919 }, "geometry": { "type": "LineString", "coordinates": [ [ 0.9477881, 51.8735722 ], [ 0.9480709, 51.8736075 ] ] } },
{ "type": "Feature", "properties": { "id": 38501, "nach": 0.38857837860008382 }, "geometry": { "type": "LineString", "coordinates": [ [ 0.9481178, 51.8735285 ], [ 0.9482493, 51.8734457 ], [ 0.9484215, 51.8734107 ], [ 0.9485604, 51.8733563 ], [ 0.9488587, 51.873005 ], [ 0.9489364, 51.8728808 ], [ 0.9489874, 51.872745 ], [ 0.949003, 51.872578 ], [ 0.9490405, 51.872376 ], [ 0.9491183, 51.8720563 ] ] } },
{ "type": "Feature", "properties": { "id": 38502, "nach": 0.39651329152542109 }, "geometry": { "type": "LineString", "coordinates": [ [ 0.9481178, 51.8735285 ], [ 0.9484317, 51.8729208 ], [ 0.9485765, 51.8725565 ], [ 0.9485684, 51.872506800000011 ] ] } },
{ "type": "Feature", "properties": { "id": 42071, "nach": 0.47873777370408643 }, "geometry": { "type": "LineString", "coordinates": [ [ 0.9477881, 51.8735722 ], [ 0.9475991, 51.8735478 ], [ 0.9473077, 51.8735145 ], [ 0.946723, 51.8734731 ], [ 0.9460229, 51.8734267 ], [ 0.9450198, 51.8733571 ], [ 0.9443868, 51.8733008 ], [ 0.9441159, 51.873274299999984 ] ] } },
{ "type": "Feature", "properties": { "id": 75540, "nach": 0.55875730044166516 }, "geometry": { "type": "LineString", "coordinates": [ [ 0.9477655, 51.8736389 ], [ 0.9477881, 51.8735722 ] ] } },
{ "type": "Feature", "properties": { "id": 30516, "nach": 0.47748139290741193 }, "geometry": { "type": "LineString", "coordinates": [ [ 0.9420965, 51.875913699999984 ], [ 0.9421666, 51.8759166 ] ] } },
{ "type": "Feature", "properties": { "id": 952, "nach": 0.62776880617593844 }, "geometry": { "type": "LineString", "coordinates": [ [ 0.9421568, 51.8761781 ], [ 0.9421603, 51.876103799999989 ], [ 0.9421639, 51.8760055 ], [ 0.9421666, 51.8759166 ] ] } },
{ "type": "Feature", "properties": { "id": 4834, "nach": 0.46386505557580276 }, "geometry": { "type": "LineString", "coordinates": [ [ 0.9421687, 51.8756873 ], [ 0.9421674, 51.8757914 ], [ 0.9421666, 51.8759166 ] ] } },
{ "type": "Feature", "properties": { "id": 35003, "nach": 0.62189519727298181 }, "geometry": { "type": "LineString", "coordinates": [ [ 0.9432576, 51.8757525 ], [ 0.9432472, 51.8757948 ], [ 0.9429387, 51.8757681 ], [ 0.942629, 51.875754 ], [ 0.9425853, 51.875766900000016 ], [ 0.9425345, 51.8757989 ], [ 0.9424853, 51.8758212 ], [ 0.9422593, 51.8759149 ], [ 0.9421666, 51.8759166 ] ] } },
{ "type": "Feature", "properties": { "id": 30517, "nach": 0.44810394438099577 }, "geometry": { "type": "LineString", "coordinates": [ [ 0.9420965, 51.875913699999984 ], [ 0.942034, 51.8758718 ], [ 0.9420375, 51.87578460000001 ], [ 0.9420371, 51.8757073 ], [ 0.9420273, 51.8756055 ], [ 0.9420067, 51.8754853 ], [ 0.941992, 51.8753464 ], [ 0.9419783, 51.8752032 ], [ 0.9418047, 51.8751332 ], [ 0.9416973, 51.8750608 ], [ 0.9416436, 51.8749384 ], [ 0.9415808, 51.8748151 ], [ 0.9414968, 51.874734599999989 ], [ 0.9414022, 51.8746569 ], [ 0.9413232, 51.874571699999983 ], [ 0.9412482, 51.8744379 ], [ 0.9411817, 51.8742675 ], [ 0.941123, 51.8741488 ], [ 0.9409333, 51.8739802 ], [ 0.940813, 51.8736852 ], [ 0.9406499, 51.873474800000011 ], [ 0.9406347, 51.8733727 ], [ 0.9406836, 51.8732606 ], [ 0.9406521, 51.8731861 ], [ 0.940557, 51.873098 ], [ 0.9403835, 51.8729353 ], [ 0.9403677, 51.8727438 ], [ 0.9403493, 51.8725393 ], [ 0.9404828, 51.8723863 ] ] } },
{ "type": "Feature", "properties": { "id": 30521, "nach": 0.38970645384448022 }, "geometry": { "type": "LineString", "coordinates": [ [ 0.9419518, 51.8770151 ], [ 0.9420158, 51.876827300000016 ], [ 0.9420528, 51.8766278 ], [ 0.9420541, 51.876594100000013 ], [ 0.9420108, 51.8765237 ], [ 0.9419819, 51.876481800000015 ], [ 0.9419876, 51.8764183 ], [ 0.9420208, 51.8762727 ], [ 0.942024, 51.876117 ], [ 0.9420014, 51.8761166 ], [ 0.9420033, 51.8760554 ], [ 0.9420334, 51.8760438 ], [ 0.9420823, 51.8759512 ], [ 0.9420965, 51.875913699999984 ] ] } },
{ "type": "Feature", "properties": { "id": 17723, "nach": 0.5571144036596678 }, "geometry": { "type": "LineString", "coordinates": [ [ 0.9427878, 51.8770081 ], [ 0.9425496, 51.8768839 ], [ 0.9424689, 51.876819799999986 ], [ 0.9424296, 51.8767572 ], [ 0.9423922, 51.8766495 ], [ 0.942303, 51.8762862 ], [ 0.9422844, 51.8762451 ], [ 0.942255, 51.8762134 ], [ 0.9421568, 51.8761781 ] ] } },
{ "type": "Feature", "properties": { "id": 36507, "nach": 0.59878598605318367 }, "geometry": { "type": "LineString", "coordinates": [ [ 0.9420352, 51.876981300000011 ], [ 0.9421137, 51.8767072 ], [ 0.9421568, 51.8761781 ] ] } },
{ "type": "Feature", "properties": { "id": 35002, "nach": 0.39266570930754791 }, "geometry": { "type": "LineString", "coordinates": [ [ 0.9432576, 51.8757525 ], [ 0.9429618, 51.8757282 ], [ 0.9423863, 51.875693599999984 ], [ 0.9421687, 51.8756873 ] ] } },
{ "type": "Feature", "properties": { "id": 59836, "nach": 0.4234717347939706 }, "geometry": { "type": "LineString", "coordinates": [ [ 0.9421656, 51.8754482 ], [ 0.9421653, 51.8754676 ], [ 0.9421639, 51.8755445 ], [ 0.9421687, 51.8756873 ] ] } },
{ "type": "Feature", "properties": { "id": 35000, "nach": 0.51304662033197812 }, "geometry": { "type": "LineString", "coordinates": [ [ 0.9432576, 51.8757525 ], [ 0.9434946, 51.875770100000011 ] ] } },
{ "type": "Feature", "properties": { "id": 35001, "nach": 0.61491783315699289 }, "geometry": { "type": "LineString", "coordinates": [ [ 0.9432576, 51.8757525 ], [ 0.9432666, 51.8757128 ] ] } },
{ "type": "Feature", "properties": { "id": 55803, "nach": 0.57238022433269231 }, "geometry": { "type": "LineString", "coordinates": [ [ 0.9432143, 51.8772704 ], [ 0.942989, 51.8771288 ], [ 0.9427878, 51.8770081 ] ] } },
{ "type": "Feature", "properties": { "id": 26928, "nach": 0.49457089247344715 }, "geometry": { "type": "LineString", "coordinates": [ [ 0.9420637, 51.8772776 ], [ 0.9421421, 51.8772204 ], [ 0.9422365, 51.8771663 ], [ 0.9422697, 51.877157 ], [ 0.9423797, 51.8771542 ], [ 0.9425102, 51.877128 ], [ 0.9427878, 51.8770081 ] ] } },
{ "type": "Feature", "properties": { "id": 17729, "nach": 0.50832508934144294 }, "geometry": { "type": "LineString", "coordinates": [ [ 0.9443985, 51.8764695 ], [ 0.944212, 51.8765566 ], [ 0.9439593, 51.8765946 ], [ 0.943547, 51.8767513 ], [ 0.943368, 51.8768325 ], [ 0.9427878, 51.8770081 ] ] } },
{ "type": "Feature", "properties": { "id": 36509, "nach": 0.5573354674588259 }, "geometry": { "type": "LineString", "coordinates": [ [ 0.9420352, 51.876981300000011 ], [ 0.9421311, 51.8771464 ], [ 0.9420637, 51.8772776 ] ] } },
{ "type": "Feature", "properties": { "id": 36506, "nach": 0.51949702299600597 }, "geometry": { "type": "LineString", "coordinates": [ [ 0.9420352, 51.876981300000011 ], [ 0.9419518, 51.8770151 ] ] } },
{ "type": "Feature", "properties": { "id": 36511, "nach": 0.51495298642546194 }, "geometry": { "type": "LineString", "coordinates": [ [ 0.941906, 51.8772921 ], [ 0.9419778, 51.8771534 ], [ 0.9420352, 51.876981300000011 ] ] } },
{ "type": "Feature", "properties": { "id": 29137, "nach": 0.57726753406063513 }, "geometry": { "type": "LineString", "coordinates": [ [ 0.9406806, 51.8794454 ], [ 0.9406387, 51.8795761 ] ] } },
{ "type": "Feature", "properties": { "id": 954, "nach": 0.63390531344545564 }, "geometry": { "type": "LineString", "coordinates": [ [ 0.9406387, 51.8795761 ], [ 0.9405504, 51.8795761 ], [ 0.9404862, 51.8795836 ], [ 0.9404202, 51.879613 ], [ 0.9403809, 51.8796388 ] ] } },
{ "type": "Feature", "properties": { "id": 23721, "nach": 0.59605783967745252 }, "geometry": { "type": "LineString", "coordinates": [ [ 0.9407751, 51.8797743 ], [ 0.9407838, 51.8797179 ], [ 0.9407666, 51.8796613 ], [ 0.9407111, 51.8796117 ], [ 0.9406387, 51.8795761 ] ] } },
{ "type": "Feature", "properties": { "id": 29140, "nach": 0.55140411953705204 }, "geometry": { "type": "LineString", "coordinates": [ [ 0.9406806, 51.8794454 ], [ 0.9407355, 51.8793368 ], [ 0.9409155, 51.8788807 ], [ 0.9411519, 51.8784228 ], [ 0.9412474, 51.87827320000001 ] ] } },
{ "type": "Feature", "properties": { "id": 29139, "nach": 0.57582552052910874 }, "geometry": { "type": "LineString", "coordinates": [ [ 0.9406806, 51.8794454 ], [ 0.9407624, 51.8794605 ] ] } },
{ "type": "Feature", "properties": { "id": 35038, "nach": 0.52226522004886233 }, "geometry": { "type": "LineString", "coordinates": [ [ 0.9405993, 51.8794346 ], [ 0.9406806, 51.8794454 ] ] } },
{ "type": "Feature", "properties": { "id": 29128, "nach": 0.59358799849404176 }, "geometry": { "type": "LineString", "coordinates": [ [ 0.9401277, 51.8795454 ], [ 0.9403809, 51.8796388 ] ] } },
{ "type": "Feature", "properties": { "id": 23719, "nach": 0.58264702911981703 }, "geometry": { "type": "LineString", "coordinates": [ [ 0.9403809, 51.8796388 ], [ 0.9403608, 51.8796776 ], [ 0.9403577, 51.8797281 ], [ 0.9403977, 51.8797892 ], [ 0.9404846, 51.8798324 ] ] } },
{ "type": "Feature", "properties": { "id": 24187, "nach": 0.56320402531312586 }, "geometry": { "type": "LineString", "coordinates": [ [ 0.939897, 51.8813901 ], [ 0.9397567, 51.881416 ] ] } },
{ "type": "Feature", "properties": { "id": 31336, "nach": 0.44851077125873479 }, "geometry": { "type": "LineString", "coordinates": [ [ 0.9397029, 51.88082880000001 ], [ 0.9396264, 51.8810111 ], [ 0.9396087, 51.8810847 ], [ 0.9396246, 51.8811515 ], [ 0.9397139, 51.8813318 ], [ 0.9397567, 51.881416 ] ] } },
{ "type": "Feature", "properties": { "id": 957, "nach": 0.60424414810721183 }, "geometry": { "type": "LineString", "coordinates": [ [ 0.9322787, 51.8833079 ], [ 0.9323325, 51.8832858 ], [ 0.9323523, 51.8832723 ] ] } },
{ "type": "Feature", "properties": { "id": 10608, "nach": 0.43351863198284901 }, "geometry": { "type": "LineString", "coordinates": [ [ 0.931951, 51.8832579 ], [ 0.9320203, 51.8832988 ], [ 0.9320897, 51.8833185 ], [ 0.9321519, 51.8833247 ], [ 0.9322083, 51.88332230000001 ], [ 0.9322787, 51.8833079 ] ] } },
{ "type": "Feature", "properties": { "id": 17887, "nach": 0.6023107139088778 }, "geometry": { "type": "LineString", "coordinates": [ [ 0.9321493, 51.8835291 ], [ 0.9321817, 51.8834504 ], [ 0.93222, 51.8833929 ], [ 0.9322787, 51.8833079 ] ] } },
{ "type": "Feature", "properties": { "id": 64799, "nach": 0.53475807957429 }, "geometry": { "type": "LineString", "coordinates": [ [ 0.9323523, 51.8832723 ], [ 0.932376, 51.8832561 ], [ 0.9324088, 51.8832162 ], [ 0.9324202, 51.8831868 ], [ 0.9324227, 51.8831497 ], [ 0.9324089, 51.8831153 ], [ 0.932395, 51.8830942 ] ] } },
{ "type": "Feature", "properties": { "id": 64800, "nach": 0.56655991356860924 }, "geometry": { "type": "LineString", "coordinates": [ [ 0.9323523, 51.8832723 ], [ 0.9324784, 51.883234 ], [ 0.9325716, 51.8832057 ] ] } },
{ "type": "Feature", "properties": { "id": 958, "nach": 0.68922570896925606 }, "geometry": { "type": "LineString", "coordinates": [ [ 0.9321526, 51.8827514 ], [ 0.9321374, 51.8828672 ], [ 0.93212, 51.8829116 ], [ 0.9320904, 51.882956 ], [ 0.93206, 51.882987 ], [ 0.9320281, 51.8830223 ] ] } },
{ "type": "Feature", "properties": { "id": 28654, "nach": 0.69791702897550745 }, "geometry": { "type": "LineString", "coordinates": [ [ 0.9310881, 51.8809326 ], [ 0.9311465, 51.8809881 ], [ 0.9313429, 51.8812316 ], [ 0.9314949, 51.8814301 ], [ 0.9316509, 51.8816459 ], [ 0.9318055, 51.88189040000001 ], [ 0.9319147, 51.8821037 ], [ 0.9320022, 51.882338500000024 ], [ 0.9320812, 51.8825481 ], [ 0.9321526, 51.8827514 ] ] } },
{ "type": "Feature", "properties": { "id": 1042, "nach": 0.56030265221075615 }, "geometry": { "type": "LineString", "coordinates": [ [ 0.932358, 51.883058100000014 ], [ 0.9322996, 51.8829909 ], [ 0.9322705, 51.882944 ], [ 0.9322216, 51.8828399 ], [ 0.9321526, 51.8827514 ] ] } },
{ "type": "Feature", "properties": { "id": 1043, "nach": 0.57271991954461543 }, "geometry": { "type": "LineString", "coordinates": [ [ 0.932358, 51.883058100000014 ], [ 0.9322936, 51.8830253 ], [ 0.932208, 51.8830059 ], [ 0.9321416, 51.883004 ], [ 0.9320905, 51.8830086 ], [ 0.9320281, 51.8830223 ] ] } },
{ "type": "Feature", "properties": { "id": 24271, "nach": 0.70178196375336266 }, "geometry": { "type": "LineString", "coordinates": [ [ 0.9320281, 51.8830223 ], [ 0.9319796, 51.8830497 ], [ 0.9319353, 51.8830856 ] ] } },
{ "type": "Feature", "properties": { "id": 28653, "nach": 0.63451995649078363 }, "geometry": { "type": "LineString", "coordinates": [ [ 0.9310881, 51.8809326 ], [ 0.9310722, 51.8808006 ] ] } },
{ "type": "Feature", "properties": { "id": 29094, "nach": 0.66333387959736367 }, "geometry": { "type": "LineString", "coordinates": [ [ 0.9309133, 51.8808248 ], [ 0.9310881, 51.8809326 ] ] } },
{ "type": "Feature", "properties": { "id": 69511, "nach": 0.41783491914607701 }, "geometry": { "type": "LineString", "coordinates": [ [ 0.9296783, 51.885849400000012 ], [ 0.9297909, 51.8859018 ] ] } },
{ "type": "Feature", "properties": { "id": 69503, "nach": 0.63711349009787532 }, "geometry": { "type": "LineString", "coordinates": [ [ 0.9295982, 51.886061300000023 ], [ 0.9296396, 51.8860227 ], [ 0.9297909, 51.8859018 ] ] } },
{ "type": "Feature", "properties": { "id": 69493, "nach": 0.6374727663101537 }, "geometry": { "type": "LineString", "coordinates": [ [ 0.9300443, 51.885708700000023 ], [ 0.929971, 51.885759 ], [ 0.9297909, 51.8859018 ] ] } },
{ "type": "Feature", "properties": { "id": 69510, "nach": 0.70367496190191614 }, "geometry": { "type": "LineString", "coordinates": [ [ 0.9296783, 51.885849400000012 ], [ 0.9296159, 51.8858249 ] ] } },
{ "type": "Feature", "properties": { "id": 69513, "nach": 0.64876650566463001 }, "geometry": { "type": "LineString", "coordinates": [ [ 0.9296783, 51.885849400000012 ], [ 0.9297258, 51.8857985 ], [ 0.9297482, 51.8857824 ], [ 0.9298076, 51.8857727 ], [ 0.9298743, 51.8857537 ], [ 0.9299475, 51.8857122 ], [ 0.9299971, 51.8856828 ] ] } },
{ "type": "Feature", "properties": { "id": 69512, "nach": 0.66269166644162925 }, "geometry": { "type": "LineString", "coordinates": [ [ 0.9296783, 51.885849400000012 ], [ 0.9296192, 51.885903200000016 ], [ 0.9295968, 51.8859217 ], [ 0.9295973, 51.8859524 ], [ 0.9295824, 51.8859857 ], [ 0.929574, 51.8860027 ], [ 0.9295408, 51.8860324 ] ] } },
{ "type": "Feature", "properties": { "id": 69502, "nach": 0.66806127425510575 }, "geometry": { "type": "LineString", "coordinates": [ [ 0.9295982, 51.886061300000023 ], [ 0.9295356, 51.8861197 ], [ 0.9294069, 51.8862265 ], [ 0.9290161, 51.8865312 ] ] } },
{ "type": "Feature", "properties": { "id": 69505, "nach": 0.6433639727346695 }, "geometry": { "type": "LineString", "coordinates": [ [ 0.9295982, 51.886061300000023 ], [ 0.929643, 51.8860839 ], [ 0.9296618, 51.886093200000012 ] ] } },
{ "type": "Feature", "properties": { "id": 69507, "nach": 0.66810879136846213 }, "geometry": { "type": "LineString", "coordinates": [ [ 0.9295408, 51.8860324 ], [ 0.9295516, 51.8860379 ], [ 0.9295982, 51.886061300000023 ] ] } },
{ "type": "Feature", "properties": { "id": 69492, "nach": 0.68776429664036198 }, "geometry": { "type": "LineString", "coordinates": [ [ 0.9300443, 51.885708700000023 ], [ 0.9302645, 51.8855577 ] ] } },
{ "type": "Feature", "properties": { "id": 69494, "nach": 0.64800123026208956 }, "geometry": { "type": "LineString", "coordinates": [ [ 0.9300443, 51.885708700000023 ], [ 0.9300903, 51.8857309 ], [ 0.9300966, 51.8857346 ] ] } },
{ "type": "Feature", "properties": { "id": 69495, "nach": 0.68132303332277311 }, "geometry": { "type": "LineString", "coordinates": [ [ 0.9300443, 51.885708700000023 ], [ 0.9300138, 51.8856918 ], [ 0.9299971, 51.8856828 ] ] } },
{ "type": "Feature", "properties": { "id": 17870, "nach": 0.55870317733131869 }, "geometry": { "type": "LineString", "coordinates": [ [ 0.9293943, 51.8867315 ], [ 0.9290161, 51.8865312 ] ] } },
{ "type": "Feature", "properties": { "id": 56396, "nach": 0.6598222526781059 }, "geometry": { "type": "LineString", "coordinates": [ [ 0.9285785, 51.8868735 ], [ 0.9290161, 51.8865312 ] ] } },
{ "type": "Feature", "properties": { "id": 34024, "nach": 0.48205739856715524 }, "geometry": { "type": "LineString", "coordinates": [ [ 0.9296674, 51.8865186 ], [ 0.9293943, 51.8867315 ] ] } },
{ "type": "Feature", "properties": { "id": 41315, "nach": 0.47538180460360069 }, "geometry": { "type": "LineString", "coordinates": [ [ 0.9291977, 51.8870973 ], [ 0.9293506, 51.8869881 ], [ 0.9291739, 51.8869043 ], [ 0.9293943, 51.8867315 ] ] } },
{ "type": "Feature", "properties": { "id": 55958, "nach": 0.52144987796353948 }, "geometry": { "type": "LineString", "coordinates": [ [ 0.9268216, 51.885016499999985 ], [ 0.9269195, 51.8849642 ], [ 0.9269579, 51.884946800000016 ], [ 0.9270035, 51.8848706 ], [ 0.927025, 51.8847514 ], [ 0.9270276, 51.8845875 ], [ 0.927033, 51.8842829 ], [ 0.927041099999988, 51.8840809 ], [ 0.9270706, 51.883900500000017 ], [ 0.9270974, 51.8837697 ], [ 0.9270974, 51.8836836 ], [ 0.9271108, 51.8836339 ], [ 0.9271591, 51.8836041 ], [ 0.9272047, 51.8836008 ], [ 0.927556, 51.883607399999988 ], [ 0.9277082, 51.883608900000013 ] ] } },
{ "type": "Feature", "properties": { "id": 55959, "nach": 0.69698454129623277 }, "geometry": { "type": "LineString", "coordinates": [ [ 0.9271394, 51.8852141 ], [ 0.9274364, 51.8852831 ] ] } },
{ "type": "Feature", "properties": { "id": 32626, "nach": 0.59075449050681395 }, "geometry": { "type": "LineString", "coordinates": [ [ 0.9277082, 51.883608900000013 ], [ 0.9276815, 51.8838959 ], [ 0.927649, 51.8841524 ], [ 0.9276224, 51.8843767 ], [ 0.9275794, 51.884757 ], [ 0.9275143, 51.8850607 ], [ 0.9274577, 51.8852183 ], [ 0.9274364, 51.8852831 ] ] } },
{ "type": "Feature", "properties": { "id": 74003, "nach": 0.70697544476657448 }, "geometry": { "type": "LineString", "coordinates": [ [ 0.9278325, 51.8853728 ], [ 0.9277991, 51.8853648 ], [ 0.9275447, 51.8853098 ], [ 0.9274364, 51.8852831 ] ] } },
{ "type": "Feature", "properties": { "id": 47239, "nach": 0.61127078063076956 }, "geometry": { "type": "LineString", "coordinates": [ [ 0.9277329, 51.8833728 ], [ 0.9277244, 51.883435 ], [ 0.9277082, 51.883608900000013 ] ] } },
{ "type": "Feature", "properties": { "id": 74004, "nach": 0.49147512678249328 }, "geometry": { "type": "LineString", "coordinates": [ [ 0.9278325, 51.8853728 ], [ 0.9277834, 51.8854529 ], [ 0.9277592, 51.8855092 ], [ 0.9276412, 51.8856152 ], [ 0.927683, 51.8856424 ] ] } },
{ "type": "Feature", "properties": { "id": 74002, "nach": 0.70728537998596663 }, "geometry": { "type": "LineString", "coordinates": [ [ 0.9278325, 51.8853728 ], [ 0.9279754, 51.885407 ], [ 0.928090399999989, 51.885435200000011 ], [ 0.9281309, 51.8854443 ], [ 0.9282171, 51.8854638 ] ] } },
{ "type": "Feature", "properties": { "id": 64801, "nach": 0.61996390897330933 }, "geometry": { "type": "LineString", "coordinates": [ [ 0.932395, 51.8830942 ], [ 0.9323888, 51.8830848 ], [ 0.932358, 51.883058100000014 ] ] } },
{ "type": "Feature", "properties": { "id": 28800, "nach": 0.67610443104571649 }, "geometry": { "type": "LineString", "coordinates": [ [ 0.9303309, 51.8808682 ], [ 0.9302162, 51.8809378 ] ] } },
{ "type": "Feature", "properties": { "id": 22856, "nach": 0.67130529989193011 }, "geometry": { "type": "LineString", "coordinates": [ [ 0.9298001, 51.8811957 ], [ 0.9302162, 51.8809378 ] ] } },
{ "type": "Feature", "properties": { "id": 26962, "nach": 0.46638670292414025 }, "geometry": { "type": "LineString", "coordinates": [ [ 0.9307646, 51.8811723 ], [ 0.9308665, 51.881260100000013 ], [ 0.9307077, 51.881343 ], [ 0.9304793, 51.8811861 ], [ 0.9303429, 51.8810419 ], [ 0.9302162, 51.8809378 ] ] } },
{ "type": "Feature", "properties": { "id": 28803, "nach": 0.56768486266118545 }, "geometry": { "type": "LineString", "coordinates": [ [ 0.9303309, 51.8808682 ], [ 0.9302602, 51.880806100000022 ], [ 0.9302854, 51.8807683 ], [ 0.930306, 51.8807033 ], [ 0.9302988, 51.880631100000016 ], [ 0.9302449, 51.8805306 ], [ 0.9301882, 51.8804906 ], [ 0.9300344, 51.8804618 ], [ 0.9296278, 51.8803901 ], [ 0.9295319, 51.8803729 ] ] } },
{ "type": "Feature", "properties": { "id": 64720, "nach": 0.61590946809548552 }, "geometry": { "type": "LineString", "coordinates": [ [ 0.9304052, 51.8808231 ], [ 0.9303309, 51.8808682 ] ] } },
{ "type": "Feature", "properties": { "id": 29096, "nach": 0.61924200924055173 }, "geometry": { "type": "LineString", "coordinates": [ [ 0.9309133, 51.8808248 ], [ 0.9308444, 51.8809063 ], [ 0.9303309, 51.8808682 ] ] } },
{ "type": "Feature", "properties": { "id": 47978, "nach": 0.66169499595941028 }, "geometry": { "type": "LineString", "coordinates": [ [ 0.9294369, 51.881432 ], [ 0.9298001, 51.8811957 ] ] } },
{ "type": "Feature", "properties": { "id": 51382, "nach": 0.48899394980008909 }, "geometry": { "type": "LineString", "coordinates": [ [ 0.9299998, 51.8813173 ], [ 0.9298001, 51.8811957 ] ] } },
{ "type": "Feature", "properties": { "id": 47977, "nach": 0.47588837526527933 }, "geometry": { "type": "LineString", "coordinates": [ [ 0.9296595, 51.8811131 ], [ 0.9297071, 51.881131 ], [ 0.9298001, 51.8811957 ] ] } },
{ "type": "Feature", "properties": { "id": 1047, "nach": 0.61192447646386994 }, "geometry": { "type": "LineString", "coordinates": [ [ 0.9313678, 51.8803548 ], [ 0.9312416, 51.8803794 ], [ 0.9311633, 51.8803938 ] ] } },
{ "type": "Feature", "properties": { "id": 1339, "nach": 0.68895824756528312 }, "geometry": { "type": "LineString", "coordinates": [ [ 0.9319714, 51.8797583 ], [ 0.9317081, 51.8800244 ], [ 0.9315405, 51.8802001 ], [ 0.9313678, 51.8803548 ] ] } },
{ "type": "Feature", "properties": { "id": 70277, "nach": 0.66544381658345098 }, "geometry": { "type": "LineString", "coordinates": [ [ 0.931250799999989, 51.8804683 ], [ 0.9313006, 51.8804202 ], [ 0.9313678, 51.8803548 ] ] } },
{ "type": "Feature", "properties": { "id": 70272, "nach": 0.53670373743695288 }, "geometry": { "type": "LineString", "coordinates": [ [ 0.9311633, 51.8803938 ], [ 0.9311511, 51.8803614 ], [ 0.9308672, 51.8803281 ], [ 0.9305313, 51.8802897 ], [ 0.9302223, 51.880273799999983 ], [ 0.9298737, 51.8802616 ], [ 0.9296207, 51.8802548 ], [ 0.929533, 51.8802506 ] ] } },
{ "type": "Feature", "properties": { "id": 70275, "nach": 0.45713233743386894 }, "geometry": { "type": "LineString", "coordinates": [ [ 0.931250799999989, 51.8804683 ], [ 0.9311827, 51.8804452 ], [ 0.9311633, 51.8803938 ] ] } },
{ "type": "Feature", "properties": { "id": 70274, "nach": 0.59253192145023337 }, "geometry": { "type": "LineString", "coordinates": [ [ 0.9311633, 51.8803938 ], [ 0.9311074, 51.8804036 ], [ 0.9309514, 51.880415600000013 ] ] } },
{ "type": "Feature", "properties": { "id": 37026, "nach": 0.65157468993943191 }, "geometry": { "type": "LineString", "coordinates": [ [ 0.9321979, 51.8798478 ], [ 0.9319714, 51.8797583 ] ] } },
{ "type": "Feature", "properties": { "id": 2643, "nach": 0.59866476296192528 }, "geometry": { "type": "LineString", "coordinates": [ [ 0.9315542, 51.8796157 ], [ 0.9317608, 51.8796899 ], [ 0.9319714, 51.8797583 ] ] } },
{ "type": "Feature", "properties": { "id": 1342, "nach": 0.61320808111871938 }, "geometry": { "type": "LineString", "coordinates": [ [ 0.9326258, 51.8790982 ], [ 0.9324833, 51.8792185 ], [ 0.9322955, 51.8794134 ], [ 0.9319714, 51.8797583 ] ] } },
{ "type": "Feature", "properties": { "id": 1049, "nach": 0.64067428367056756 }, "geometry": { "type": "LineString", "coordinates": [ [ 0.9297935, 51.8803114 ], [ 0.9301536, 51.8803921 ], [ 0.930316, 51.8804472 ], [ 0.9305367, 51.880563699999989 ] ] } },
{ "type": "Feature", "properties": { "id": 1054, "nach": 0.67108465829420616 }, "geometry": { "type": "LineString", "coordinates": [ [ 0.9295318, 51.8803036 ], [ 0.9297138, 51.8803032 ], [ 0.9297935, 51.8803114 ] ] } },
{ "type": "Feature", "properties": { "id": 24275, "nach": 0.5979079185077083 }, "geometry": { "type": "LineString", "coordinates": [ [ 0.930816, 51.880392300000011 ], [ 0.9306488, 51.8803587 ], [ 0.9299968, 51.8802993 ], [ 0.9297935, 51.8803114 ] ] } },
{ "type": "Feature", "properties": { "id": 3113, "nach": 0.64608578841221376 }, "geometry": { "type": "LineString", "coordinates": [ [ 0.9305367, 51.880563699999989 ], [ 0.9305475, 51.880607900000015 ] ] } },
{ "type": "Feature", "properties": { "id": 24274, "nach": 0.46184303529784393 }, "geometry": { "type": "LineString", "coordinates": [ [ 0.930816, 51.880392300000011 ], [ 0.9307649, 51.8803957 ], [ 0.9306728, 51.880418 ], [ 0.9306216, 51.8804431 ], [ 0.9306191, 51.8804443 ], [ 0.9305627, 51.880494400000011 ], [ 0.9305367, 51.880563699999989 ] ] } },
{ "type": "Feature", "properties": { "id": 21184, "nach": 0.60744989927438409 }, "geometry": { "type": "LineString", "coordinates": [ [ 0.9295319, 51.8803729 ], [ 0.9295318, 51.8803036 ] ] } },
{ "type": "Feature", "properties": { "id": 7498, "nach": 0.64971435798558497 }, "geometry": { "type": "LineString", "coordinates": [ [ 0.929533, 51.8802506 ], [ 0.9295318, 51.8803036 ] ] } },
{ "type": "Feature", "properties": { "id": 1056, "nach": 0.64812578056700865 }, "geometry": { "type": "LineString", "coordinates": [ [ 0.9275258, 51.8803348 ], [ 0.9280502, 51.88033020000001 ], [ 0.9283994, 51.8803246 ], [ 0.9287538, 51.8803187 ], [ 0.9289255, 51.8803154 ], [ 0.9293045, 51.8803035 ], [ 0.9295318, 51.8803036 ] ] } },
{ "type": "Feature", "properties": { "id": 32879, "nach": 0.56675415206613988 }, "geometry": { "type": "LineString", "coordinates": [ [ 0.9287007, 51.8803737 ], [ 0.9290181, 51.8803627 ], [ 0.9295319, 51.8803729 ] ] } },
{ "type": "Feature", "properties": { "id": 24183, "nach": 0.64084380955710163 }, "geometry": { "type": "LineString", "coordinates": [ [ 0.9295631, 51.8799375 ], [ 0.9295586, 51.880033099999984 ], [ 0.9295466, 51.880165700000013 ], [ 0.929533, 51.8802506 ] ] } },
{ "type": "Feature", "properties": { "id": 7504, "nach": 0.64215029607444141 }, "geometry": { "type": "LineString", "coordinates": [ [ 0.9272641, 51.8802466 ], [ 0.9273742, 51.8802729 ], [ 0.9275243, 51.880284 ], [ 0.9284046, 51.8802683 ], [ 0.9288512, 51.8802624 ], [ 0.9292385, 51.880256300000013 ], [ 0.9294471, 51.880253 ], [ 0.929533, 51.8802506 ] ] } },
{ "type": "Feature", "properties": { "id": 1055, "nach": 0.57778373327475474 }, "geometry": { "type": "LineString", "coordinates": [ [ 0.9275258, 51.8803348 ], [ 0.927231, 51.8802739 ] ] } },
{ "type": "Feature", "properties": { "id": 23828, "nach": 0.61966729536472986 }, "geometry": { "type": "LineString", "coordinates": [ [ 0.9271741, 51.880373099999986 ], [ 0.9275258, 51.8803348 ] ] } },
{ "type": "Feature", "properties": { "id": 23825, "nach": 0.51780577524154481 }, "geometry": { "type": "LineString", "coordinates": [ [ 0.927231, 51.8802739 ], [ 0.9272641, 51.8802466 ] ] } },
{ "type": "Feature", "properties": { "id": 23826, "nach": 0.6123169713699439 }, "geometry": { "type": "LineString", "coordinates": [ [ 0.927231, 51.8802739 ], [ 0.927167499999989, 51.880252499999983 ], [ 0.9271163, 51.8802336 ], [ 0.9270493, 51.88021 ] ] } },
{ "type": "Feature", "properties": { "id": 23830, "nach": 0.55924929137975088 }, "geometry": { "type": "LineString", "coordinates": [ [ 0.9271741, 51.880373099999986 ], [ 0.9271935, 51.8803266 ], [ 0.927231, 51.8802739 ] ] } },
{ "type": "Feature", "properties": { "id": 1057, "nach": 0.63249420678831603 }, "geometry": { "type": "LineString", "coordinates": [ [ 0.9269834, 51.88037820000001 ], [ 0.9271741, 51.880373099999986 ] ] } },
{ "type": "Feature", "properties": { "id": 1058, "nach": 0.49749383213391213 }, "geometry": { "type": "LineString", "coordinates": [ [ 0.9269834, 51.88037820000001 ], [ 0.9270363, 51.880338 ], [ 0.927055, 51.8803116 ], [ 0.9270667, 51.880263 ], [ 0.9270493, 51.88021 ] ] } },
{ "type": "Feature", "properties": { "id": 3110, "nach": 0.64064937030617131 }, "geometry": { "type": "LineString", "coordinates": [ [ 0.9268883, 51.8804094 ], [ 0.9269834, 51.88037820000001 ] ] } },
{ "type": "Feature", "properties": { "id": 29088, "nach": 0.5451510104872781 }, "geometry": { "type": "LineString", "coordinates": [ [ 0.9271952, 51.8804428 ], [ 0.9271741, 51.880373099999986 ] ] } },
{ "type": "Feature", "properties": { "id": 23821, "nach": 0.61896861524444213 }, "geometry": { "type": "LineString", "coordinates": [ [ 0.9270493, 51.88021 ], [ 0.9270186, 51.8801763 ], [ 0.9270062, 51.8801693 ], [ 0.9269534, 51.880139300000017 ] ] } },
{ "type": "Feature", "properties": { "id": 1059, "nach": 0.65447147829453511 }, "geometry": { "type": "LineString", "coordinates": [ [ 0.9266082, 51.8803372 ], [ 0.9265998, 51.8804422 ] ] } },
{ "type": "Feature", "properties": { "id": 1060, "nach": 0.49416586721000283 }, "geometry": { "type": "LineString", "coordinates": [ [ 0.9266082, 51.8803372 ], [ 0.9266776, 51.880383299999984 ], [ 0.9267573, 51.8804085 ], [ 0.9268406, 51.8804143 ], [ 0.9268883, 51.8804094 ] ] } },
{ "type": "Feature", "properties": { "id": 3111, "nach": 0.6578270658221228 }, "geometry": { "type": "LineString", "coordinates": [ [ 0.9265842, 51.880270700000011 ], [ 0.9266082, 51.8803372 ] ] } },
{ "type": "Feature", "properties": { "id": 32886, "nach": 0.48664865328562873 }, "geometry": { "type": "LineString", "coordinates": [ [ 0.9265998, 51.8804422 ], [ 0.9266598, 51.88045970000001 ], [ 0.9267142, 51.8804771 ] ] } },
{ "type": "Feature", "properties": { "id": 32884, "nach": 0.46117973526014794 }, "geometry": { "type": "LineString", "coordinates": [ [ 0.9265998, 51.8804422 ], [ 0.9265089, 51.8804393 ] ] } },
{ "type": "Feature", "properties": { "id": 32885, "nach": 0.65094567872596476 }, "geometry": { "type": "LineString", "coordinates": [ [ 0.9265998, 51.8804422 ], [ 0.9265932, 51.880482699999988 ], [ 0.9265916, 51.8805462 ] ] } },
{ "type": "Feature", "properties": { "id": 23831, "nach": 0.63123825246071597 }, "geometry": { "type": "LineString", "coordinates": [ [ 0.9267142, 51.8804771 ], [ 0.9268883, 51.8804094 ] ] } },
{ "type": "Feature", "properties": { "id": 1061, "nach": 0.5699533898595579 }, "geometry": { "type": "LineString", "coordinates": [ [ 0.9269534, 51.880139300000017 ], [ 0.9268791, 51.8800084 ] ] } },
{ "type": "Feature", "properties": { "id": 1062, "nach": 0.56120209908652985 }, "geometry": { "type": "LineString", "coordinates": [ [ 0.9269534, 51.880139300000017 ], [ 0.9268757, 51.8801199 ], [ 0.9268204, 51.8801166 ], [ 0.9267159, 51.880132799999984 ] ] } },
{ "type": "Feature", "properties": { "id": 32877, "nach": 0.56781585442903515 }, "geometry": { "type": "LineString", "coordinates": [ [ 0.9268791, 51.8800084 ], [ 0.9268192, 51.8800235 ], [ 0.9267449, 51.8800296 ] ] } },
{ "type": "Feature", "properties": { "id": 39479, "nach": 0.53864117473223605 }, "geometry": { "type": "LineString", "coordinates": [ [ 0.9269431, 51.8799943 ], [ 0.9268791, 51.8800084 ] ] } },
{ "type": "Feature", "properties": { "id": 32876, "nach": 0.56687908647618623 }, "geometry": { "type": "LineString", "coordinates": [ [ 0.9268791, 51.8800084 ], [ 0.9268331, 51.8799389 ], [ 0.926805, 51.8798771 ] ] } },
{ "type": "Feature", "properties": { "id": 3112, "nach": 0.66503102592075891 }, "geometry": { "type": "LineString", "coordinates": [ [ 0.9267159, 51.880132799999984 ], [ 0.9266522, 51.8801625 ], [ 0.9266489, 51.880164 ], [ 0.9266217, 51.8801857 ] ] } },
{ "type": "Feature", "properties": { "id": 23817, "nach": 0.64831878546731625 }, "geometry": { "type": "LineString", "coordinates": [ [ 0.9267449, 51.8800296 ], [ 0.9267357, 51.88007360000001 ], [ 0.9267159, 51.880132799999984 ] ] } },
{ "type": "Feature", "properties": { "id": 1063, "nach": 0.54630385672251103 }, "geometry": { "type": "LineString", "coordinates": [ [ 0.9266217, 51.8801857 ], [ 0.9264807, 51.8801853 ] ] } },
{ "type": "Feature", "properties": { "id": 1064, "nach": 0.65078952799199663 }, "geometry": { "type": "LineString", "coordinates": [ [ 0.9266217, 51.8801857 ], [ 0.9265897, 51.8802336 ], [ 0.9265842, 51.880270700000011 ] ] } },
{ "type": "Feature", "properties": { "id": 32873, "nach": 0.54559159020322623 }, "geometry": { "type": "LineString", "coordinates": [ [ 0.9266684, 51.8800459 ], [ 0.9266397, 51.8801214 ], [ 0.9264794, 51.880165 ], [ 0.9264807, 51.8801853 ] ] } },
{ "type": "Feature", "properties": { "id": 23822, "nach": 0.45604292131348101 }, "geometry": { "type": "LineString", "coordinates": [ [ 0.9264541, 51.8802356 ], [ 0.9265842, 51.880270700000011 ] ] } },
{ "type": "Feature", "properties": { "id": 3496, "nach": 0.66434181892097399 }, "geometry": { "type": "LineString", "coordinates": [ [ 0.92552, 51.8818454 ], [ 0.9262868, 51.8818098 ] ] } },
{ "type": "Feature", "properties": { "id": 23837, "nach": 0.68512936258027202 }, "geometry": { "type": "LineString", "coordinates": [ [ 0.9263481, 51.8820118 ], [ 0.9263175, 51.8819386 ], [ 0.9262868, 51.8818098 ] ] } },
{ "type": "Feature", "properties": { "id": 3494, "nach": 0.68727482431649589 }, "geometry": { "type": "LineString", "coordinates": [ [ 0.9263914, 51.8809687 ], [ 0.9263637, 51.8811155 ], [ 0.9263405, 51.88126 ], [ 0.9263092, 51.8814812 ], [ 0.9262862, 51.8816724 ], [ 0.9262868, 51.8818098 ] ] } },
{ "type": "Feature", "properties": { "id": 23836, "nach": 0.68603513726910947 }, "geometry": { "type": "LineString", "coordinates": [ [ 0.9263481, 51.8820118 ], [ 0.9263651, 51.882045 ], [ 0.9263821, 51.8820763 ], [ 0.9264086, 51.8821423 ] ] } },
{ "type": "Feature", "properties": { "id": 23840, "nach": 0.0 }, "geometry": { "type": "LineString", "coordinates": [ [ 0.9264801, 51.88242060000001 ], [ 0.9263826, 51.8823247 ], [ 0.9263181, 51.8821687 ], [ 0.9263481, 51.8820118 ] ] } },
{ "type": "Feature", "properties": { "id": 54444, "nach": 0.70100140750598339 }, "geometry": { "type": "LineString", "coordinates": [ [ 0.9264306, 51.8808677 ], [ 0.9263914, 51.8809687 ] ] } },
{ "type": "Feature", "properties": { "id": 46937, "nach": 0.6408111427398816 }, "geometry": { "type": "LineString", "coordinates": [ [ 0.9263171, 51.880963200000011 ], [ 0.9263914, 51.8809687 ] ] } },
{ "type": "Feature", "properties": { "id": 9185, "nach": 0.68876908562755423 }, "geometry": { "type": "LineString", "coordinates": [ [ 0.9265916, 51.8805462 ], [ 0.9265298, 51.8806669 ] ] } },
{ "type": "Feature", "properties": { "id": 29091, "nach": 0.40252440960908359 }, "geometry": { "type": "LineString", "coordinates": [ [ 0.9264481, 51.8806516 ], [ 0.9265298, 51.8806669 ] ] } },
{ "type": "Feature", "properties": { "id": 54446, "nach": 0.69338495975760317 }, "geometry": { "type": "LineString", "coordinates": [ [ 0.9264306, 51.8808677 ], [ 0.9264429, 51.880836100000018 ], [ 0.9265298, 51.8806669 ] ] } },
{ "type": "Feature", "properties": { "id": 32889, "nach": 0.51574841652542036 }, "geometry": { "type": "LineString", "coordinates": [ [ 0.9268278, 51.8805505 ], [ 0.92674, 51.8805988 ], [ 0.9266153, 51.880676 ], [ 0.9265298, 51.8806669 ] ] } },
{ "type": "Feature", "properties": { "id": 9186, "nach": 0.62844180745164646 }, "geometry": { "type": "LineString", "coordinates": [ [ 0.9265916, 51.8805462 ], [ 0.9266666, 51.8805084 ], [ 0.9267142, 51.8804771 ] ] } },
{ "type": "Feature", "properties": { "id": 32881, "nach": 0.59228718603873287 }, "geometry": { "type": "LineString", "coordinates": [ [ 0.9265089, 51.8804393 ], [ 0.9264481, 51.8806516 ] ] } },
{ "type": "Feature", "properties": { "id": 54450, "nach": 0.59628706405932552 }, "geometry": { "type": "LineString", "coordinates": [ [ 0.9263619, 51.8808585 ], [ 0.9263847, 51.8808052 ], [ 0.9264481, 51.8806516 ] ] } },
{ "type": "Feature", "properties": { "id": 54449, "nach": 0.58428197888030653 }, "geometry": { "type": "LineString", "coordinates": [ [ 0.9263619, 51.8808585 ], [ 0.9264306, 51.8808677 ] ] } },
{ "type": "Feature", "properties": { "id": 32887, "nach": 0.42191471666722868 }, "geometry": { "type": "LineString", "coordinates": [ [ 0.9268278, 51.8805505 ], [ 0.9267142, 51.8804771 ] ] } },
{ "type": "Feature", "properties": { "id": 32888, "nach": 0.51760766382846413 }, "geometry": { "type": "LineString", "coordinates": [ [ 0.9268278, 51.8805505 ], [ 0.9269533, 51.8804939 ], [ 0.9270653, 51.880461200000013 ], [ 0.9271952, 51.8804428 ] ] } },
{ "type": "Feature", "properties": { "id": 37362, "nach": 0.59469947159203795 }, "geometry": { "type": "LineString", "coordinates": [ [ 0.9276635, 51.87927530000001 ], [ 0.9272962, 51.879106700000023 ] ] } },
{ "type": "Feature", "properties": { "id": 4864, "nach": 0.69093105339007621 }, "geometry": { "type": "LineString", "coordinates": [ [ 0.9267517, 51.87979450000001 ], [ 0.9267571, 51.8797287 ], [ 0.9267714, 51.8796662 ], [ 0.9268074, 51.8795983 ], [ 0.9268569, 51.8795089 ], [ 0.9269145, 51.8794295 ], [ 0.9270005, 51.879339300000012 ], [ 0.9272962, 51.879106700000023 ] ] } },
{ "type": "Feature", "properties": { "id": 7438, "nach": 0.68511295692361718 }, "geometry": { "type": "LineString", "coordinates": [ [ 0.9279787, 51.8786201 ], [ 0.9278182, 51.8787136 ], [ 0.9276956, 51.8787959 ], [ 0.927585, 51.878882 ], [ 0.9272962, 51.879106700000023 ] ] } },
{ "type": "Feature", "properties": { "id": 37368, "nach": 0.56856332544739452 }, "geometry": { "type": "LineString", "coordinates": [ [ 0.9278009, 51.879347 ], [ 0.9276635, 51.87927530000001 ] ] } },
{ "type": "Feature", "properties": { "id": 37367, "nach": 0.46281868153104805 }, "geometry": { "type": "LineString", "coordinates": [ [ 0.9273738, 51.8795608 ], [ 0.9275025, 51.8794035 ], [ 0.9276635, 51.87927530000001 ] ] } },
{ "type": "Feature", "properties": { "id": 4863, "nach": 0.64441554605922013 }, "geometry": { "type": "LineString", "coordinates": [ [ 0.9267517, 51.87979450000001 ], [ 0.926725, 51.8799221 ] ] } },
{ "type": "Feature", "properties": { "id": 7505, "nach": 0.64434837612055351 }, "geometry": { "type": "LineString", "coordinates": [ [ 0.926805, 51.8798771 ], [ 0.9267517, 51.87979450000001 ] ] } },
{ "type": "Feature", "properties": { "id": 73969, "nach": 0.49316414244721712 }, "geometry": { "type": "LineString", "coordinates": [ [ 0.9291093, 51.8791875 ], [ 0.9279787, 51.8786201 ] ] } },
{ "type": "Feature", "properties": { "id": 37024, "nach": 0.44879448480658835 }, "geometry": { "type": "LineString", "coordinates": [ [ 0.9321979, 51.8798478 ], [ 0.9316637, 51.8804023 ] ] } },
{ "type": "Feature", "properties": { "id": 37037, "nach": 0.5828647663381018 }, "geometry": { "type": "LineString", "coordinates": [ [ 0.9323893, 51.87991920000001 ], [ 0.9321979, 51.8798478 ] ] } },
{ "type": "Feature", "properties": { "id": 73945, "nach": 0.60888712609373064 }, "geometry": { "type": "LineString", "coordinates": [ [ 0.9324183, 51.8796171 ], [ 0.9321979, 51.8798478 ] ] } },
{ "type": "Feature", "properties": { "id": 2654, "nach": 0.58536457005068188 }, "geometry": { "type": "LineString", "coordinates": [ [ 0.931416, 51.8795609 ], [ 0.9315542, 51.8796157 ] ] } },
{ "type": "Feature", "properties": { "id": 2648, "nach": 0.42934036950696808 }, "geometry": { "type": "LineString", "coordinates": [ [ 0.9317505, 51.8794281 ], [ 0.931719, 51.8794557 ], [ 0.931645, 51.8795366 ], [ 0.9315542, 51.8796157 ] ] } },
{ "type": "Feature", "properties": { "id": 2651, "nach": 0.48892051592745867 }, "geometry": { "type": "LineString", "coordinates": [ [ 0.932452, 51.8787609 ], [ 0.9324452, 51.8789491 ], [ 0.9326258, 51.8790982 ] ] } },
{ "type": "Feature", "properties": { "id": 1346, "nach": 0.59615471477812365 }, "geometry": { "type": "LineString", "coordinates": [ [ 0.9338079, 51.8787189 ], [ 0.9334183, 51.8788237 ], [ 0.9331211, 51.8789222 ], [ 0.9328463, 51.8790143 ], [ 0.9326258, 51.8790982 ] ] } },
{ "type": "Feature", "properties": { "id": 2652, "nach": 0.45783490490434592 }, "geometry": { "type": "LineString", "coordinates": [ [ 0.932452, 51.8787609 ], [ 0.9324961, 51.8784741 ], [ 0.9325105, 51.8783906 ] ] } },
{ "type": "Feature", "properties": { "id": 2653, "nach": 0.15236488716334851 }, "geometry": { "type": "LineString", "coordinates": [ [ 0.932452, 51.8787609 ], [ 0.9321712, 51.8787537 ], [ 0.9321328, 51.8787565 ], [ 0.9320981, 51.878769300000023 ], [ 0.9316407, 51.8790987 ], [ 0.9316267, 51.879129699999986 ], [ 0.9316549, 51.8791652 ], [ 0.9320297, 51.8793616 ], [ 0.9321267, 51.8794034 ], [ 0.9320874, 51.8794408 ], [ 0.9320497, 51.8794767 ], [ 0.932014, 51.8794679 ], [ 0.9318826, 51.8794398 ], [ 0.9318295, 51.8794663 ], [ 0.9317505, 51.8794281 ] ] } },
{ "type": "Feature", "properties": { "id": 74103, "nach": 0.5914168226241977 }, "geometry": { "type": "LineString", "coordinates": [ [ 0.9338512, 51.8787021 ], [ 0.9338079, 51.8787189 ] ] } },
{ "type": "Feature", "properties": { "id": 73957, "nach": 0.47013287661706393 }, "geometry": { "type": "LineString", "coordinates": [ [ 0.9338824, 51.8788012 ], [ 0.9338079, 51.8787189 ] ] } },
{ "type": "Feature", "properties": { "id": 74104, "nach": 0.5852696023137206 }, "geometry": { "type": "LineString", "coordinates": [ [ 0.9338512, 51.8787021 ], [ 0.9339491, 51.8786641 ], [ 0.9340422, 51.8786429 ], [ 0.9341547, 51.8786657 ], [ 0.9341997, 51.878681700000016 ] ] } },
{ "type": "Feature", "properties": { "id": 74105, "nach": 0.33770259830819699 }, "geometry": { "type": "LineString", "coordinates": [ [ 0.9338512, 51.8787021 ], [ 0.9337119, 51.878547 ], [ 0.933942, 51.878465 ], [ 0.9335509, 51.8783187 ], [ 0.9334704, 51.87825010000001 ] ] } },
{ "type": "Feature", "properties": { "id": 73959, "nach": 0.38206087673511102 }, "geometry": { "type": "LineString", "coordinates": [ [ 0.9338824, 51.8788012 ], [ 0.933893, 51.878813 ], [ 0.9339884, 51.8788906 ], [ 0.9341284, 51.878962 ] ] } },
{ "type": "Feature", "properties": { "id": 73958, "nach": 0.41832098208396207 }, "geometry": { "type": "LineString", "coordinates": [ [ 0.9338824, 51.8788012 ], [ 0.9336258, 51.87903110000002 ] ] } },
{ "type": "Feature", "properties": { "id": 74092, "nach": 0.35672986050984629 }, "geometry": { "type": "LineString", "coordinates": [ [ 0.9343474, 51.878734299999984 ], [ 0.9341284, 51.878962 ] ] } },
{ "type": "Feature", "properties": { "id": 1355, "nach": 0.55484088398138409 }, "geometry": { "type": "LineString", "coordinates": [ [ 0.9344358, 51.879065 ], [ 0.9343352, 51.8790317 ], [ 0.9341284, 51.878962 ] ] } },
{ "type": "Feature", "properties": { "id": 1352, "nach": 0.55762609405831776 }, "geometry": { "type": "LineString", "coordinates": [ [ 0.9340327, 51.8790498 ], [ 0.9340716, 51.878997 ], [ 0.9341284, 51.878962 ] ] } },
{ "type": "Feature", "properties": { "id": 74091, "nach": 0.55386215100223168 }, "geometry": { "type": "LineString", "coordinates": [ [ 0.9343474, 51.878734299999984 ], [ 0.9341997, 51.878681700000016 ] ] } },
{ "type": "Feature", "properties": { "id": 74093, "nach": 0.54602997062701586 }, "geometry": { "type": "LineString", "coordinates": [ [ 0.9343474, 51.878734299999984 ], [ 0.9344757, 51.878779900000019 ], [ 0.934562, 51.8788145 ], [ 0.9346361, 51.87887150000001 ], [ 0.9346551, 51.8789027 ] ] } },
{ "type": "Feature", "properties": { "id": 10602, "nach": 0.55433220591593613 }, "geometry": { "type": "LineString", "coordinates": [ [ 0.9346551, 51.8789027 ], [ 0.9346545, 51.8789574 ], [ 0.9345884, 51.879016 ], [ 0.9344358, 51.879065 ] ] } },
{ "type": "Feature", "properties": { "id": 11141, "nach": 0.40357377620179052 }, "geometry": { "type": "LineString", "coordinates": [ [ 0.9338341, 51.8797774 ], [ 0.9344081, 51.8791998 ], [ 0.9344454, 51.879130100000019 ], [ 0.9344358, 51.879065 ] ] } },
{ "type": "Feature", "properties": { "id": 1360, "nach": 0.56144530131506798 }, "geometry": { "type": "LineString", "coordinates": [ [ 0.9339572, 51.8790995 ], [ 0.9340327, 51.8790498 ] ] } },
{ "type": "Feature", "properties": { "id": 26242, "nach": 0.0 }, "geometry": { "type": "LineString", "coordinates": [ [ 0.9335273, 51.8795663 ], [ 0.9337121, 51.879635200000017 ], [ 0.93422, 51.8791137 ], [ 0.9340327, 51.8790498 ] ] } },
{ "type": "Feature", "properties": { "id": 26237, "nach": 0.5625242535795042 }, "geometry": { "type": "LineString", "coordinates": [ [ 0.9337395, 51.8790658 ], [ 0.933778, 51.879076499999989 ], [ 0.9338459, 51.8790845 ], [ 0.9339572, 51.8790995 ] ] } },
{ "type": "Feature", "properties": { "id": 26243, "nach": 0.35182651508302393 }, "geometry": { "type": "LineString", "coordinates": [ [ 0.9335273, 51.8795663 ], [ 0.9339208, 51.879152200000014 ], [ 0.9339572, 51.8790995 ] ] } },
{ "type": "Feature", "properties": { "id": 26241, "nach": 0.42703830674003984 }, "geometry": { "type": "LineString", "coordinates": [ [ 0.9335273, 51.8795663 ], [ 0.9333283, 51.879494 ] ] } },
{ "type": "Feature", "properties": { "id": 37011, "nach": 0.59642753265271498 }, "geometry": { "type": "LineString", "coordinates": [ [ 0.9350242, 51.878679 ], [ 0.9348612, 51.8788365 ], [ 0.9346551, 51.8789027 ] ] } },
{ "type": "Feature", "properties": { "id": 73960, "nach": 0.46944948710720269 }, "geometry": { "type": "LineString", "coordinates": [ [ 0.933136, 51.87952030000001 ], [ 0.9338341, 51.8797774 ] ] } },
{ "type": "Feature", "properties": { "id": 37034, "nach": 0.44378649317811997 }, "geometry": { "type": "LineString", "coordinates": [ [ 0.9338702, 51.8797911 ], [ 0.9338341, 51.8797774 ] ] } },
{ "type": "Feature", "properties": { "id": 2638, "nach": 0.5192226798784132 }, "geometry": { "type": "LineString", "coordinates": [ [ 0.9343787, 51.8784312 ], [ 0.9343015, 51.8785296 ], [ 0.9341997, 51.878681700000016 ] ] } },
{ "type": "Feature", "properties": { "id": 74095, "nach": 0.54771137221906185 }, "geometry": { "type": "LineString", "coordinates": [ [ 0.934335, 51.8784161 ], [ 0.9343787, 51.8784312 ] ] } },
{ "type": "Feature", "properties": { "id": 37010, "nach": 0.50595073407519409 }, "geometry": { "type": "LineString", "coordinates": [ [ 0.9350242, 51.878679 ], [ 0.9348138, 51.8785892 ], [ 0.9347401, 51.8785562 ], [ 0.9343787, 51.8784312 ] ] } },
{ "type": "Feature", "properties": { "id": 26236, "nach": 0.35184828179404831 }, "geometry": { "type": "LineString", "coordinates": [ [ 0.9337395, 51.8790658 ], [ 0.9333283, 51.879494 ] ] } },
{ "type": "Feature", "properties": { "id": 73954, "nach": 0.56627120080098425 }, "geometry": { "type": "LineString", "coordinates": [ [ 0.9336258, 51.87903110000002 ], [ 0.9337395, 51.8790658 ] ] } },
{ "type": "Feature", "properties": { "id": 17194, "nach": 0.56527947078361207 }, "geometry": { "type": "LineString", "coordinates": [ [ 0.9306589, 51.8874367 ], [ 0.9312117, 51.8877603 ] ] } },
{ "type": "Feature", "properties": { "id": 43342, "nach": 0.66507658112875101 }, "geometry": { "type": "LineString", "coordinates": [ [ 0.9316713, 51.887622700000016 ], [ 0.9323228, 51.887427700000011 ], [ 0.9327026, 51.8873249 ] ] } },
{ "type": "Feature", "properties": { "id": 17197, "nach": 0.57795488145038609 }, "geometry": { "type": "LineString", "coordinates": [ [ 0.9300944, 51.88790070000001 ], [ 0.9306589, 51.8874367 ] ] } },
{ "type": "Feature", "properties": { "id": 23016, "nach": 0.46491189650045039 }, "geometry": { "type": "LineString", "coordinates": [ [ 0.9323131, 51.8870031 ], [ 0.9320673, 51.8871071 ], [ 0.9319469, 51.8871304 ], [ 0.9317548, 51.8871235 ], [ 0.9311835, 51.8870364 ], [ 0.9306589, 51.8874367 ] ] } },
{ "type": "Feature", "properties": { "id": 59856, "nach": 0.42670623420555115 }, "geometry": { "type": "LineString", "coordinates": [ [ 0.9501906, 51.874558 ], [ 0.9501363, 51.874598 ] ] } },
{ "type": "Feature", "properties": { "id": 55852, "nach": 0.54765765040307923 }, "geometry": { "type": "LineString", "coordinates": [ [ 0.950019, 51.8747112 ], [ 0.9500455, 51.8746921 ], [ 0.9501243, 51.8746272 ], [ 0.9501363, 51.874598 ] ] } },
{ "type": "Feature", "properties": { "id": 55851, "nach": 0.56124490401337146 }, "geometry": { "type": "LineString", "coordinates": [ [ 0.950019, 51.8747112 ], [ 0.9496652, 51.8749849 ], [ 0.9496682, 51.8750352 ], [ 0.949639, 51.8750558 ] ] } },
{ "type": "Feature", "properties": { "id": 55853, "nach": 0.42766238436864823 }, "geometry": { "type": "LineString", "coordinates": [ [ 0.9500569, 51.8747321 ], [ 0.950019, 51.8747112 ] ] } },
{ "type": "Feature", "properties": { "id": 17731, "nach": 0.42783995005536007 }, "geometry": { "type": "LineString", "coordinates": [ [ 0.948215, 51.8763612 ], [ 0.9486525, 51.8762344 ] ] } },
{ "type": "Feature", "properties": { "id": 2594, "nach": 0.65147142202266672 }, "geometry": { "type": "LineString", "coordinates": [ [ 0.9487632, 51.8763853 ], [ 0.9487437, 51.8763304 ], [ 0.9486525, 51.8762344 ] ] } },
{ "type": "Feature", "properties": { "id": 26214, "nach": 0.65383112865097182 }, "geometry": { "type": "LineString", "coordinates": [ [ 0.9486364, 51.876038900000012 ], [ 0.9485689, 51.8761451 ], [ 0.9486525, 51.8762344 ] ] } },
{ "type": "Feature", "properties": { "id": 17732, "nach": 0.45224876360973681 }, "geometry": { "type": "LineString", "coordinates": [ [ 0.948215, 51.8763612 ], [ 0.9484657, 51.8763724 ], [ 0.9487632, 51.8763853 ] ] } },
{ "type": "Feature", "properties": { "id": 38505, "nach": 0.44099497123950471 }, "geometry": { "type": "LineString", "coordinates": [ [ 0.948145, 51.876394900000015 ], [ 0.948215, 51.8763612 ] ] } },
{ "type": "Feature", "properties": { "id": 2599, "nach": 0.6565146766805755 }, "geometry": { "type": "LineString", "coordinates": [ [ 0.9482858, 51.8769024 ], [ 0.948377, 51.876881399999988 ], [ 0.9484776, 51.8768524 ], [ 0.9485993, 51.87677690000001 ], [ 0.9486629, 51.876717 ], [ 0.9487, 51.8766623 ], [ 0.9487397, 51.8765974 ], [ 0.9487625, 51.87652210000001 ], [ 0.9487632, 51.8763853 ] ] } },
{ "type": "Feature", "properties": { "id": 2945, "nach": 0.44140831667319258 }, "geometry": { "type": "LineString", "coordinates": [ [ 0.9491582, 51.876403100000012 ], [ 0.9489904, 51.8764033 ], [ 0.9487632, 51.8763853 ] ] } },
{ "type": "Feature", "properties": { "id": 26216, "nach": 0.50693214162102651 }, "geometry": { "type": "LineString", "coordinates": [ [ 0.9486364, 51.876038900000012 ], [ 0.9489678, 51.8761337 ], [ 0.9489949, 51.8760373 ], [ 0.9490553, 51.8759229 ], [ 0.9491313, 51.8758118 ], [ 0.9491921, 51.8757532 ], [ 0.9492064, 51.8757394 ], [ 0.9492569, 51.8757099 ], [ 0.9492899, 51.87569 ], [ 0.9493291, 51.875679 ], [ 0.9495012, 51.8756406 ], [ 0.9497891, 51.8756015 ] ] } },
{ "type": "Feature", "properties": { "id": 26215, "nach": 0.0 }, "geometry": { "type": "LineString", "coordinates": [ [ 0.9486364, 51.876038900000012 ], [ 0.9482744, 51.876037599999989 ], [ 0.9476396, 51.8761694 ], [ 0.9475538, 51.8759941 ], [ 0.9474651, 51.8758335 ] ] } },
{ "type": "Feature", "properties": { "id": 41869, "nach": 0.64490908520678103 }, "geometry": { "type": "LineString", "coordinates": [ [ 0.9485679, 51.8760018 ], [ 0.9486364, 51.876038900000012 ] ] } },
{ "type": "Feature", "properties": { "id": 3550, "nach": 0.65303096388575543 }, "geometry": { "type": "LineString", "coordinates": [ [ 0.9478403, 51.8771447 ], [ 0.948108, 51.876994099999983 ], [ 0.9482858, 51.8769024 ] ] } },
{ "type": "Feature", "properties": { "id": 42073, "nach": 0.54419633975886061 }, "geometry": { "type": "LineString", "coordinates": [ [ 0.9471115, 51.8766162 ], [ 0.9471359, 51.8765964 ], [ 0.947185, 51.8765639 ], [ 0.9472925, 51.8764874 ], [ 0.9474752, 51.8765894 ], [ 0.9476127, 51.8766679 ], [ 0.9477313, 51.876735 ], [ 0.9478567, 51.8768104 ], [ 0.9479883, 51.8768784 ], [ 0.9480841, 51.8769022 ], [ 0.948173, 51.8769113 ], [ 0.9482858, 51.8769024 ] ] } },
{ "type": "Feature", "properties": { "id": 3554, "nach": 0.58546731393316875 }, "geometry": { "type": "LineString", "coordinates": [ [ 0.948642, 51.8774327 ], [ 0.9486235, 51.877425099999989 ], [ 0.9485927, 51.8774117 ], [ 0.9485727, 51.877401300000017 ], [ 0.9485465, 51.8773889 ], [ 0.9485203, 51.8773775 ], [ 0.9484803, 51.877360399999986 ], [ 0.9484036, 51.87733870000001 ], [ 0.9483107, 51.8773032 ], [ 0.948223, 51.8772653 ], [ 0.9481044, 51.8772272 ], [ 0.948044299999989, 51.8772092 ], [ 0.9479195, 51.8771711 ], [ 0.9478403, 51.8771447 ] ] } },
{ "type": "Feature", "properties": { "id": 41876, "nach": 0.62857523690059569 }, "geometry": { "type": "LineString", "coordinates": [ [ 0.94775, 51.8771135 ], [ 0.9478104, 51.8771333 ], [ 0.9478403, 51.8771447 ] ] } },
{ "type": "Feature", "properties": { "id": 42072, "nach": 0.53084360110419482 }, "geometry": { "type": "LineString", "coordinates": [ [ 0.9471115, 51.8766162 ], [ 0.9469228, 51.8767227 ] ] } },
{ "type": "Feature", "properties": { "id": 42076, "nach": 0.43534033548258938 }, "geometry": { "type": "LineString", "coordinates": [ [ 0.9472579, 51.8768755 ], [ 0.9474146, 51.8767747 ], [ 0.9471115, 51.8766162 ] ] } },
{ "type": "Feature", "properties": { "id": 30103, "nach": 0.4030410909475825 }, "geometry": { "type": "LineString", "coordinates": [ [ 0.94949, 51.8684193 ], [ 0.949558, 51.8684604 ], [ 0.9495924, 51.8685877 ], [ 0.9497423, 51.8687439 ], [ 0.9499293, 51.8688735 ] ] } },
{ "type": "Feature", "properties": { "id": 30104, "nach": 0.32022283457927175 }, "geometry": { "type": "LineString", "coordinates": [ [ 0.94949, 51.8684193 ], [ 0.9492755, 51.8684593 ], [ 0.9490368, 51.8683618 ], [ 0.9485916, 51.8681594 ], [ 0.9484499, 51.86811440000001 ], [ 0.9483528, 51.8680894 ], [ 0.9481302, 51.867912 ], [ 0.9480452, 51.867882 ], [ 0.947944, 51.8677295 ], [ 0.9478186, 51.8676246 ], [ 0.947774, 51.8675171 ], [ 0.9478833, 51.8673222 ] ] } },
{ "type": "Feature", "properties": { "id": 30105, "nach": 0.3131665004353415 }, "geometry": { "type": "LineString", "coordinates": [ [ 0.94949, 51.8684193 ], [ 0.9497693, 51.86812190000002 ], [ 0.9499959, 51.8678495 ], [ 0.9502064, 51.8675546 ] ] } },
{ "type": "Feature", "properties": { "id": 30235, "nach": 0.41826053260253043 }, "geometry": { "type": "LineString", "coordinates": [ [ 0.9378172, 51.8796512 ], [ 0.9379637, 51.8795042 ], [ 0.9382008, 51.879242 ], [ 0.9383504, 51.8790699 ], [ 0.9384898, 51.8790114 ] ] } },
{ "type": "Feature", "properties": { "id": 29426, "nach": 0.36801694872617152 }, "geometry": { "type": "LineString", "coordinates": [ [ 0.9356731, 51.878921600000012 ], [ 0.9361519, 51.87842 ], [ 0.9362272, 51.878433300000012 ], [ 0.9364014, 51.878511 ], [ 0.9365516, 51.878573800000012 ], [ 0.9366934, 51.8786318 ], [ 0.936821, 51.8786808 ], [ 0.9369597, 51.8787304 ], [ 0.9371252, 51.878795100000012 ], [ 0.9372377, 51.87884360000001 ], [ 0.9373908, 51.8788996 ], [ 0.9375156, 51.8789276 ], [ 0.9376261, 51.878920600000015 ], [ 0.937861, 51.8789155 ], [ 0.9379081, 51.8789319 ], [ 0.9379552, 51.878960500000012 ], [ 0.9380176, 51.878989 ], [ 0.938089899999989, 51.8790015 ], [ 0.9381354, 51.8790009 ], [ 0.9381839, 51.8789999 ], [ 0.9382427, 51.879001 ], [ 0.9383189, 51.8789975 ], [ 0.9383828, 51.8790002 ], [ 0.9384898, 51.8790114 ] ] } },
{ "type": "Feature", "properties": { "id": 29431, "nach": 0.41108153158515126 }, "geometry": { "type": "LineString", "coordinates": [ [ 0.9410905, 51.87823680000001 ], [ 0.9411279, 51.8781752 ], [ 0.9408598, 51.878128 ], [ 0.9407271, 51.878093 ], [ 0.9406077, 51.8780847 ], [ 0.9404925, 51.8780973 ], [ 0.9403845, 51.8781459 ], [ 0.9402324, 51.8782659 ], [ 0.9400254, 51.8784238 ], [ 0.9398514, 51.8785526 ], [ 0.939678, 51.878677600000017 ], [ 0.9395267, 51.8787745 ], [ 0.9394185, 51.878834400000017 ], [ 0.9392515, 51.878903200000018 ], [ 0.9390795, 51.8789482 ], [ 0.9389292, 51.8789791 ], [ 0.9388005, 51.87899 ], [ 0.9386561, 51.87899680000001 ], [ 0.9384898, 51.8790114 ] ] } },
{ "type": "Feature", "properties": { "id": 30236, "nach": 0.55753102502630347 }, "geometry": { "type": "LineString", "coordinates": [ [ 0.9378172, 51.8796512 ], [ 0.9377319, 51.8797098 ], [ 0.9376514, 51.8797065 ], [ 0.9373418, 51.8795873 ], [ 0.9370455, 51.8794733 ], [ 0.9367736, 51.879363 ], [ 0.9363258, 51.8791962 ], [ 0.9358269, 51.8790041 ], [ 0.9357496, 51.8789594 ], [ 0.9356731, 51.878921600000012 ] ] } },
{ "type": "Feature", "properties": { "id": 47066, "nach": 0.57439180623858055 }, "geometry": { "type": "LineString", "coordinates": [ [ 0.9378726, 51.8796731 ], [ 0.9378172, 51.8796512 ] ] } },
{ "type": "Feature", "properties": { "id": 37012, "nach": 0.61224772966161911 }, "geometry": { "type": "LineString", "coordinates": [ [ 0.9350242, 51.878679 ], [ 0.9350659, 51.8786931 ], [ 0.9349163, 51.878856799999987 ], [ 0.9349118, 51.8788681 ], [ 0.9349235, 51.8788779 ], [ 0.9349403, 51.8788806 ], [ 0.934955, 51.8788752 ], [ 0.9351213, 51.8787042 ], [ 0.935548, 51.8788664 ], [ 0.9353735, 51.8790322 ], [ 0.9353674, 51.879045100000013 ], [ 0.9353849, 51.8790559 ], [ 0.9354043, 51.8790559 ], [ 0.935419, 51.8790476 ], [ 0.9355397, 51.8789183 ], [ 0.9355633, 51.8788939 ], [ 0.9356117, 51.8788695 ], [ 0.9356731, 51.878921600000012 ] ] } },
{ "type": "Feature", "properties": { "id": 76897, "nach": 0.5702805552914737 }, "geometry": { "type": "LineString", "coordinates": [ [ 0.9358674, 51.8790677 ], [ 0.9357999, 51.8790421 ], [ 0.9357064, 51.879007 ], [ 0.9356759, 51.8789921 ], [ 0.9356551, 51.878969800000014 ], [ 0.9356564, 51.8789466 ], [ 0.9356731, 51.878921600000012 ] ] } },
{ "type": "Feature", "properties": { "id": 29430, "nach": 0.45633459186035835 }, "geometry": { "type": "LineString", "coordinates": [ [ 0.9410905, 51.87823680000001 ], [ 0.9408952, 51.8785586 ], [ 0.9409404, 51.8785656 ], [ 0.9411273, 51.8782456 ] ] } },
{ "type": "Feature", "properties": { "id": 2613, "nach": 0.48749031445576874 }, "geometry": { "type": "LineString", "coordinates": [ [ 0.9334704, 51.87825010000001 ], [ 0.933291, 51.8783174 ], [ 0.9330927, 51.8783613 ], [ 0.9329733, 51.8783852 ], [ 0.9328067, 51.8784003 ], [ 0.9326721, 51.8784037 ], [ 0.9325105, 51.8783906 ] ] } },
{ "type": "Feature", "properties": { "id": 76523, "nach": 0.45521822384660043 }, "geometry": { "type": "LineString", "coordinates": [ [ 0.9300008, 51.87933970000001 ], [ 0.9301343, 51.8792608 ], [ 0.9303461, 51.8791508 ], [ 0.930638, 51.8790184 ], [ 0.930669399999988, 51.8790057 ], [ 0.9309298, 51.8788753 ], [ 0.9311789, 51.8787801 ], [ 0.931927, 51.878437300000016 ], [ 0.9321788, 51.8783219 ], [ 0.9322997, 51.8783515 ], [ 0.9323964, 51.8783729 ], [ 0.9325105, 51.8783906 ] ] } },
{ "type": "Feature", "properties": { "id": 2615, "nach": 0.4742393844838329 }, "geometry": { "type": "LineString", "coordinates": [ [ 0.933632, 51.878169800000016 ], [ 0.9334704, 51.87825010000001 ] ] } },
{ "type": "Feature", "properties": { "id": 76522, "nach": 0.38939239333939329 }, "geometry": { "type": "LineString", "coordinates": [ [ 0.9300008, 51.87933970000001 ], [ 0.9302927, 51.8795707 ] ] } },
{ "type": "Feature", "properties": { "id": 76525, "nach": 0.49585176748448428 }, "geometry": { "type": "LineString", "coordinates": [ [ 0.9297452, 51.8794787 ], [ 0.9299369, 51.8793774 ], [ 0.9300008, 51.87933970000001 ] ] } },
{ "type": "Feature", "properties": { "id": 74096, "nach": 0.45802808946325596 }, "geometry": { "type": "LineString", "coordinates": [ [ 0.934335, 51.8784161 ], [ 0.9341738, 51.8783604 ], [ 0.9339777, 51.8782919 ], [ 0.9337857, 51.8782265 ], [ 0.933632, 51.878169800000016 ] ] } },
{ "type": "Feature", "properties": { "id": 28670, "nach": 0.0 }, "geometry": { "type": "LineString", "coordinates": [ [ 0.9396342, 51.8716535 ], [ 0.9395999, 51.8716891 ], [ 0.9394198, 51.871832 ], [ 0.9392557, 51.8719823 ], [ 0.9391325, 51.872111 ], [ 0.9389982, 51.8722823 ], [ 0.9389106, 51.8724069 ], [ 0.9386909, 51.872740300000018 ], [ 0.9384743, 51.8730995 ], [ 0.938337, 51.8732797 ], [ 0.9381911, 51.8734281 ], [ 0.9380108, 51.8736135 ], [ 0.9378649, 51.8738149 ], [ 0.9375902, 51.8742282 ], [ 0.9373671, 51.874578 ], [ 0.9372752, 51.8747585 ], [ 0.9372212, 51.8748959 ], [ 0.9371783, 51.875092 ], [ 0.9371362, 51.8752523 ], [ 0.9370753, 51.8754099 ], [ 0.9369905, 51.8755698 ], [ 0.9368882, 51.8758063 ], [ 0.9367433, 51.876032900000013 ], [ 0.9366214, 51.876184800000011 ], [ 0.9365994, 51.8762034 ], [ 0.9365728, 51.8762241 ], [ 0.936495, 51.87627470000001 ], [ 0.93632, 51.8763849 ], [ 0.9361912, 51.8764856 ], [ 0.935805, 51.8767929 ], [ 0.9357361, 51.876819 ], [ 0.9355843, 51.8768474 ], [ 0.9355272, 51.8768573 ], [ 0.9354616, 51.8768777 ], [ 0.9353844, 51.8769095 ], [ 0.9352299, 51.8769837 ], [ 0.934981, 51.8770896 ], [ 0.9347149, 51.877216800000014 ], [ 0.9344403, 51.877344 ], [ 0.9342736, 51.8774316 ], [ 0.9341426, 51.8775228 ], [ 0.9339854, 51.8776884 ], [ 0.9338909, 51.8778898 ], [ 0.9338223, 51.8779851 ], [ 0.933632, 51.878169800000016 ] ] } },
{ "type": "Feature", "properties": { "id": 74094, "nach": 0.51034936922635576 }, "geometry": { "type": "LineString", "coordinates": [ [ 0.934335, 51.8784161 ], [ 0.9345166, 51.8782233 ] ] } },
{ "type": "Feature", "properties": { "id": 28672, "nach": 0.075972051579048128 }, "geometry": { "type": "LineString", "coordinates": [ [ 0.9396342, 51.8716535 ], [ 0.9396811, 51.8716213 ], [ 0.9398227, 51.8715127 ], [ 0.9399833, 51.87141110000001 ], [ 0.9402394, 51.8712799 ] ] } },
{ "type": "Feature", "properties": { "id": 28671, "nach": 0.33163927304644897 }, "geometry": { "type": "LineString", "coordinates": [ [ 0.9396342, 51.8716535 ], [ 0.9396623, 51.8716365 ], [ 0.9397723, 51.8716389 ], [ 0.9398801, 51.8716505 ] ] } },
{ "type": "Feature", "properties": { "id": 30037, "nach": 0.0 }, "geometry": { "type": "LineString", "coordinates": [ [ 0.9499371, 51.8652841 ], [ 0.9498124, 51.8653628 ], [ 0.949769, 51.8653804 ], [ 0.9496759, 51.8654183 ], [ 0.9495249, 51.8654629 ], [ 0.9494072, 51.8655187 ], [ 0.9491784, 51.8657462 ], [ 0.9489522, 51.8659805 ], [ 0.9486963, 51.8661773 ], [ 0.9485011, 51.86629270000001 ], [ 0.9482883, 51.866402500000014 ], [ 0.9479706, 51.8665672 ], [ 0.9477479, 51.8666852 ], [ 0.9471422, 51.8669951 ], [ 0.9468483, 51.8671369 ], [ 0.9466407, 51.8671989 ], [ 0.9465704, 51.8672349 ], [ 0.9463524, 51.867346400000017 ], [ 0.9462635, 51.8673912 ], [ 0.9461752, 51.8674548 ], [ 0.945931, 51.8676607 ], [ 0.9458461, 51.8677381 ], [ 0.9456646, 51.8678456 ], [ 0.9453488, 51.8680397 ], [ 0.9451519, 51.8681607 ], [ 0.9448801, 51.8683128 ], [ 0.9446475, 51.86843 ], [ 0.9442808, 51.86855820000001 ], [ 0.9439859, 51.8686761 ], [ 0.9435118, 51.868898 ], [ 0.9431452, 51.8690449 ], [ 0.9428877, 51.86921670000001 ], [ 0.9425951, 51.8693967 ], [ 0.9423874, 51.8695385 ], [ 0.9421796, 51.8696967 ], [ 0.9420478, 51.8697944 ], [ 0.9420034, 51.8698668 ], [ 0.9420114, 51.8699334 ], [ 0.9420706, 51.8699781 ], [ 0.9420853, 51.869986800000014 ], [ 0.9420973, 51.8699938 ], [ 0.9422083, 51.870059 ], [ 0.9423111, 51.870129 ], [ 0.9423195, 51.8701636 ], [ 0.9423153, 51.8702291 ], [ 0.9422868, 51.8702911 ], [ 0.9420932, 51.8704264 ], [ 0.9419333, 51.8705346 ], [ 0.9417726, 51.8706274 ], [ 0.9416829, 51.8706979 ], [ 0.9416243, 51.8708049 ], [ 0.941547, 51.8708685 ], [ 0.9414805, 51.8709276 ], [ 0.9413792, 51.8709921 ], [ 0.9412645, 51.8710003 ], [ 0.9411188, 51.870977300000021 ], [ 0.9410401, 51.870972 ], [ 0.9409714, 51.8710018 ], [ 0.9407981, 51.871069 ], [ 0.9405763, 51.8711503 ], [ 0.9403409, 51.8712397 ], [ 0.9402394, 51.8712799 ] ] } },
{ "type": "Feature", "properties": { "id": 2623, "nach": 0.31177503446966376 }, "geometry": { "type": "LineString", "coordinates": [ [ 0.9398801, 51.8716505 ], [ 0.939859, 51.8716036 ], [ 0.9398884, 51.8715389 ], [ 0.9399669, 51.8714741 ], [ 0.9401275, 51.8713428 ], [ 0.9402394, 51.8712799 ] ] } },
{ "type": "Feature", "properties": { "id": 29150, "nach": 0.40214661863765866 }, "geometry": { "type": "LineString", "coordinates": [ [ 0.9405961, 51.871924300000011 ], [ 0.9404379, 51.8718634 ], [ 0.9402574, 51.8718052 ], [ 0.9399467, 51.8716958 ], [ 0.9398801, 51.8716505 ] ] } },
{ "type": "Feature", "properties": { "id": 29152, "nach": 0.43523183874192928 }, "geometry": { "type": "LineString", "coordinates": [ [ 0.9405961, 51.871924300000011 ], [ 0.940625, 51.8719354 ], [ 0.9406806, 51.871953 ], [ 0.940731, 51.8719696 ], [ 0.9407785, 51.8719926 ], [ 0.9407939, 51.8720039 ] ] } },
{ "type": "Feature", "properties": { "id": 28667, "nach": 0.45938994596444244 }, "geometry": { "type": "LineString", "coordinates": [ [ 0.9407939, 51.8720039 ], [ 0.9408208, 51.8720192 ] ] } },
{ "type": "Feature", "properties": { "id": 2634, "nach": 0.41877779582151203 }, "geometry": { "type": "LineString", "coordinates": [ [ 0.9404828, 51.8723863 ], [ 0.9405919, 51.8722479 ], [ 0.9406961, 51.8721388 ], [ 0.9408208, 51.8720192 ] ] } },
{ "type": "Feature", "properties": { "id": 2629, "nach": 0.43827143202071073 }, "geometry": { "type": "LineString", "coordinates": [ [ 0.9411127, 51.872109099999989 ], [ 0.9410145, 51.8720755 ], [ 0.9409429, 51.872047 ], [ 0.9408208, 51.8720192 ] ] } },
{ "type": "Feature", "properties": { "id": 2635, "nach": 0.36641854106422095 }, "geometry": { "type": "LineString", "coordinates": [ [ 0.9404828, 51.8723863 ], [ 0.9405423, 51.8723992 ], [ 0.9406308, 51.8723908 ], [ 0.9407264, 51.8723472 ], [ 0.9408054, 51.87228 ], [ 0.9409334, 51.872208500000013 ], [ 0.9411127, 51.872109099999989 ] ] } },
{ "type": "Feature", "properties": { "id": 2630, "nach": 0.46313285598712278 }, "geometry": { "type": "LineString", "coordinates": [ [ 0.9441159, 51.873274299999984 ], [ 0.9440944, 51.873218 ], [ 0.9438551, 51.8731819 ], [ 0.9435489, 51.8730968 ], [ 0.9433688, 51.8730606 ], [ 0.9432305, 51.8729791 ], [ 0.943095, 51.872868500000017 ], [ 0.9429379, 51.8727958 ], [ 0.9428999, 51.872787700000011 ], [ 0.9428089, 51.8727447 ], [ 0.9427419, 51.8727434 ], [ 0.9425272, 51.8726294 ], [ 0.942414, 51.8725917 ], [ 0.9423737, 51.8725681 ], [ 0.9418781, 51.8723763 ], [ 0.9417329, 51.872297 ], [ 0.9416104, 51.8722534 ], [ 0.9414706, 51.872219600000015 ], [ 0.9413132, 51.87216870000001 ], [ 0.9411127, 51.872109099999989 ] ] } },
{ "type": "Feature", "properties": { "id": 59835, "nach": 0.34829343537298874 }, "geometry": { "type": "LineString", "coordinates": [ [ 0.9421656, 51.8754482 ], [ 0.9421674, 51.875345599999982 ], [ 0.9421426, 51.8751271 ], [ 0.9420789, 51.8748737 ], [ 0.9420046, 51.8746661 ], [ 0.9419381, 51.874452 ], [ 0.9419133, 51.8742947 ], [ 0.9419322, 51.874145700000014 ], [ 0.941977, 51.874028099999983 ], [ 0.942023, 51.8739188 ], [ 0.942115, 51.8737746 ], [ 0.9422566, 51.8736369 ], [ 0.9425503, 51.87346 ], [ 0.9429963, 51.8733048 ], [ 0.9434599, 51.8732436 ], [ 0.9441159, 51.873274299999984 ] ] } },
{ "type": "Feature", "properties": { "id": 59834, "nach": 0.40275187494852016 }, "geometry": { "type": "LineString", "coordinates": [ [ 0.9421656, 51.8754482 ], [ 0.9426419, 51.8756737 ], [ 0.9432666, 51.8757128 ] ] } },
{ "type": "Feature", "properties": { "id": 74097, "nach": 0.47996409133083101 }, "geometry": { "type": "LineString", "coordinates": [ [ 0.9345372, 51.8781502 ], [ 0.9345166, 51.8782233 ] ] } },
{ "type": "Feature", "properties": { "id": 74102, "nach": 0.0 }, "geometry": { "type": "LineString", "coordinates": [ [ 0.935029, 51.8781229 ], [ 0.935073, 51.8782649 ], [ 0.9350612, 51.878314800000012 ], [ 0.9350049, 51.8783545 ], [ 0.9349244, 51.8783694 ], [ 0.9348439, 51.8783545 ], [ 0.9345166, 51.8782233 ] ] } },
{ "type": "Feature", "properties": { "id": 74101, "nach": 0.42900954147467907 }, "geometry": { "type": "LineString", "coordinates": [ [ 0.935029, 51.8781229 ], [ 0.9348279, 51.8780856 ], [ 0.9345372, 51.8781502 ] ] } },
{ "type": "Feature", "properties": { "id": 2656, "nach": 0.52016294532077589 }, "geometry": { "type": "LineString", "coordinates": [ [ 0.931416, 51.8795609 ], [ 0.9312772, 51.8795075 ], [ 0.9310757, 51.8794225 ], [ 0.9309146, 51.8792971 ] ] } },
{ "type": "Feature", "properties": { "id": 28588, "nach": 0.54362915219848662 }, "geometry": { "type": "LineString", "coordinates": [ [ 0.9313004, 51.879671 ], [ 0.931416, 51.8795609 ] ] } },
{ "type": "Feature", "properties": { "id": 2649, "nach": 0.37023662738308877 }, "geometry": { "type": "LineString", "coordinates": [ [ 0.9317505, 51.8794281 ], [ 0.9316297, 51.8793646 ], [ 0.9315047, 51.879298900000023 ], [ 0.931407799999989, 51.8792604 ], [ 0.9313091, 51.8792121 ], [ 0.9311932, 51.8791439 ], [ 0.931088, 51.8792 ], [ 0.9309896, 51.8792494 ], [ 0.9309146, 51.8792971 ] ] } },
{ "type": "Feature", "properties": { "id": 28556, "nach": 0.52340563480637614 }, "geometry": { "type": "LineString", "coordinates": [ [ 0.9307331, 51.8793515 ], [ 0.9308882, 51.8792723 ], [ 0.9309146, 51.8792971 ] ] } },
{ "type": "Feature", "properties": { "id": 28557, "nach": 0.2038525182136367 }, "geometry": { "type": "LineString", "coordinates": [ [ 0.9307331, 51.8793515 ], [ 0.9307799, 51.879394 ], [ 0.9309285, 51.879512 ], [ 0.9309713, 51.8795532 ] ] } },
{ "type": "Feature", "properties": { "id": 28555, "nach": 0.52478651271549315 }, "geometry": { "type": "LineString", "coordinates": [ [ 0.9307331, 51.8793515 ], [ 0.9302927, 51.8795707 ] ] } },
{ "type": "Feature", "properties": { "id": 28590, "nach": 0.50610592982760583 }, "geometry": { "type": "LineString", "coordinates": [ [ 0.9313004, 51.879671 ], [ 0.9310806, 51.8795888 ], [ 0.9310189, 51.87957560000001 ], [ 0.9309713, 51.8795532 ] ] } },
{ "type": "Feature", "properties": { "id": 28589, "nach": 0.52253627266721703 }, "geometry": { "type": "LineString", "coordinates": [ [ 0.9313004, 51.879671 ], [ 0.9312481, 51.8797208 ], [ 0.9312226, 51.8797484 ] ] } },
{ "type": "Feature", "properties": { "id": 2863, "nach": 0.51710657167289631 }, "geometry": { "type": "LineString", "coordinates": [ [ 0.947513, 51.8740179 ], [ 0.9476376, 51.8740576 ], [ 0.9478815, 51.8741383 ], [ 0.9480751, 51.8742042 ], [ 0.9486093, 51.8744046 ] ] } },
{ "type": "Feature", "properties": { "id": 41859, "nach": 0.54754447577265042 }, "geometry": { "type": "LineString", "coordinates": [ [ 0.9474562, 51.8741986 ], [ 0.9474521, 51.8741692 ], [ 0.9474709, 51.8741066 ], [ 0.9474492, 51.8741029 ], [ 0.9474589, 51.874074899999989 ], [ 0.9474703, 51.8740632 ], [ 0.9474864, 51.8740563 ], [ 0.947513, 51.8740179 ] ] } },
{ "type": "Feature", "properties": { "id": 17789, "nach": 0.55708104536069825 }, "geometry": { "type": "LineString", "coordinates": [ [ 0.9474366, 51.8740128 ], [ 0.9474601, 51.8740094 ], [ 0.947513, 51.8740179 ] ] } },
{ "type": "Feature", "properties": { "id": 35024, "nach": 0.50772540334522964 }, "geometry": { "type": "LineString", "coordinates": [ [ 0.9486093, 51.8744046 ], [ 0.9487388, 51.8742901 ] ] } },
{ "type": "Feature", "properties": { "id": 35023, "nach": 0.41196957800177347 }, "geometry": { "type": "LineString", "coordinates": [ [ 0.9486093, 51.8744046 ], [ 0.9486714, 51.874430600000011 ] ] } },
{ "type": "Feature", "properties": { "id": 41857, "nach": 0.56175828959765761 }, "geometry": { "type": "LineString", "coordinates": [ [ 0.9474562, 51.8741986 ], [ 0.9474559, 51.8743554 ] ] } },
{ "type": "Feature", "properties": { "id": 59867, "nach": 0.42206464838121427 }, "geometry": { "type": "LineString", "coordinates": [ [ 0.9475465, 51.8741167 ], [ 0.9474904, 51.8741772 ], [ 0.9474562, 51.8741986 ] ] } },
{ "type": "Feature", "properties": { "id": 2934, "nach": 0.50377034953227928 }, "geometry": { "type": "LineString", "coordinates": [ [ 0.9545169, 51.8789593 ], [ 0.9537566, 51.8789692 ] ] } },
{ "type": "Feature", "properties": { "id": 38476, "nach": 0.51416445671842415 }, "geometry": { "type": "LineString", "coordinates": [ [ 0.9531856, 51.8790587 ], [ 0.9534267, 51.8790387 ], [ 0.9537566, 51.8789692 ] ] } },
{ "type": "Feature", "properties": { "id": 38468, "nach": 0.38670777121770233 }, "geometry": { "type": "LineString", "coordinates": [ [ 0.9533758, 51.8787106 ], [ 0.9536091, 51.878795100000012 ], [ 0.9537191, 51.8788861 ], [ 0.9537566, 51.8789692 ] ] } },
{ "type": "Feature", "properties": { "id": 40858, "nach": 0.48785424260692417 }, "geometry": { "type": "LineString", "coordinates": [ [ 0.9546455, 51.87898830000001 ], [ 0.9545908, 51.8789678 ], [ 0.9545169, 51.8789593 ] ] } },
{ "type": "Feature", "properties": { "id": 69862, "nach": 0.39592305174845616 }, "geometry": { "type": "LineString", "coordinates": [ [ 0.9580155, 51.8760257 ], [ 0.9578471, 51.8762188 ], [ 0.957778, 51.8763491 ], [ 0.9578919, 51.876454 ], [ 0.958064, 51.8765669 ], [ 0.9581493, 51.8766822 ], [ 0.9580133, 51.8768865 ], [ 0.9577294, 51.8771414 ], [ 0.9573876, 51.877482699999987 ], [ 0.9572118, 51.8775619 ], [ 0.9569569, 51.8777393 ], [ 0.956876, 51.8778488 ], [ 0.9568243, 51.8779487 ], [ 0.9567348, 51.878072 ], [ 0.9565523, 51.8781783 ], [ 0.956418, 51.8782601 ], [ 0.9563233, 51.8783027 ], [ 0.956201, 51.8784004 ], [ 0.9560719, 51.8784706 ], [ 0.9559238, 51.8785099 ], [ 0.9556466, 51.8785641 ], [ 0.9554779, 51.87861620000001 ], [ 0.9553143, 51.878663 ], [ 0.955087, 51.8787246 ], [ 0.9549252, 51.8787608 ], [ 0.9548047, 51.8788012 ], [ 0.9547169, 51.878847900000018 ], [ 0.9546256, 51.8789096 ], [ 0.9545169, 51.8789593 ] ] } },
{ "type": "Feature", "properties": { "id": 48084, "nach": 0.51572909394441324 }, "geometry": { "type": "LineString", "coordinates": [ [ 0.952468, 51.8788909 ], [ 0.9527057, 51.8789748 ], [ 0.9529247, 51.8790471 ], [ 0.9531856, 51.8790587 ] ] } },
{ "type": "Feature", "properties": { "id": 76133, "nach": 0.36158186327187464 }, "geometry": { "type": "LineString", "coordinates": [ [ 0.9516886, 51.8793941 ], [ 0.9517959, 51.8793696 ], [ 0.9519622, 51.8793299 ], [ 0.9520802, 51.8793315 ], [ 0.9523967, 51.8793779 ], [ 0.9525362, 51.879376200000017 ], [ 0.9527964, 51.8793382 ], [ 0.95296, 51.8793083 ], [ 0.9530324, 51.8792719 ], [ 0.9531317, 51.8791809 ], [ 0.9531856, 51.8790587 ] ] } },
{ "type": "Feature", "properties": { "id": 63261, "nach": 0.40750064466037456 }, "geometry": { "type": "LineString", "coordinates": [ [ 0.9527374, 51.88018240000001 ], [ 0.9527692, 51.8801628 ], [ 0.9529408, 51.88002370000001 ], [ 0.9535462, 51.879698800000014 ], [ 0.9540719, 51.8794074 ], [ 0.9544703, 51.8791163 ], [ 0.9544998, 51.8790692 ], [ 0.9546455, 51.87898830000001 ] ] } },
{ "type": "Feature", "properties": { "id": 69863, "nach": 0.35257166282416058 }, "geometry": { "type": "LineString", "coordinates": [ [ 0.9580155, 51.8760257 ], [ 0.9576894, 51.8760194 ], [ 0.957116, 51.8760227 ], [ 0.9568849, 51.8759745 ], [ 0.9566484, 51.8759274 ], [ 0.9564084, 51.8758757 ], [ 0.9560596, 51.8758006 ], [ 0.9559143, 51.875769400000017 ], [ 0.9557276, 51.875729700000015 ], [ 0.9555906, 51.875695 ], [ 0.9554153, 51.875636 ], [ 0.9552649, 51.8755796 ], [ 0.9550921, 51.8755118 ], [ 0.9549803, 51.875466600000017 ], [ 0.9548035, 51.8753913 ], [ 0.9545697, 51.8752997 ], [ 0.9543502, 51.8752056 ], [ 0.9542282, 51.8751592 ], [ 0.9540412, 51.8750826 ], [ 0.9538562, 51.8750061 ], [ 0.9536712, 51.8749333 ], [ 0.9534923, 51.874859200000024 ], [ 0.9533724, 51.8748166 ], [ 0.9532443, 51.8747664 ], [ 0.9531305, 51.874718699999988 ], [ 0.9529516, 51.8746496 ], [ 0.9527362, 51.8745756 ], [ 0.9524739, 51.874479 ], [ 0.9522034, 51.874457 ], [ 0.9520097, 51.8745375 ], [ 0.9519049, 51.874613600000011 ], [ 0.9517687, 51.8747215 ], [ 0.9514841, 51.8749549 ], [ 0.9514221, 51.875053200000011 ], [ 0.9513956, 51.8751351 ], [ 0.9514168, 51.875276 ], [ 0.9514646, 51.8754803 ], [ 0.9515071, 51.87557540000001 ], [ 0.9517141, 51.8757141 ], [ 0.9516469, 51.875783 ] ] } },
{ "type": "Feature", "properties": { "id": 69864, "nach": 0.42759332931655708 }, "geometry": { "type": "LineString", "coordinates": [ [ 0.9580155, 51.8760257 ], [ 0.958091, 51.8760271 ], [ 0.9581914, 51.875932 ] ] } },
{ "type": "Feature", "properties": { "id": 55855, "nach": 0.5744654347268775 }, "geometry": { "type": "LineString", "coordinates": [ [ 0.9492653, 51.8753246 ], [ 0.9492558, 51.8753412 ] ] } },
{ "type": "Feature", "properties": { "id": 55863, "nach": 0.59971968642610518 }, "geometry": { "type": "LineString", "coordinates": [ [ 0.948774, 51.875573 ], [ 0.9488865, 51.8756322 ], [ 0.949053, 51.8754797 ], [ 0.9492558, 51.8753412 ] ] } },
{ "type": "Feature", "properties": { "id": 2941, "nach": 0.43318086615121426 }, "geometry": { "type": "LineString", "coordinates": [ [ 0.9493442, 51.8751774 ], [ 0.9492903, 51.8752286 ], [ 0.9492549, 51.8752929 ], [ 0.9492558, 51.8753412 ] ] } },
{ "type": "Feature", "properties": { "id": 2942, "nach": 0.5780110568940886 }, "geometry": { "type": "LineString", "coordinates": [ [ 0.9497891, 51.8756015 ], [ 0.9496529, 51.8755356 ], [ 0.9495386, 51.8755024 ], [ 0.9494527, 51.875461 ], [ 0.9493975, 51.8754274 ], [ 0.9493336, 51.8753962 ], [ 0.9492784, 51.8753607 ], [ 0.9492558, 51.8753412 ] ] } },
{ "type": "Feature", "properties": { "id": 55856, "nach": 0.55882353102455451 }, "geometry": { "type": "LineString", "coordinates": [ [ 0.9492653, 51.8753246 ], [ 0.9493209, 51.8752278 ], [ 0.949639, 51.8750558 ] ] } },
{ "type": "Feature", "properties": { "id": 55857, "nach": 0.43404698156018101 }, "geometry": { "type": "LineString", "coordinates": [ [ 0.9492653, 51.8753246 ], [ 0.9493426, 51.8753525 ], [ 0.9493795, 51.8753312 ], [ 0.9493892, 51.8753377 ] ] } },
{ "type": "Feature", "properties": { "id": 55862, "nach": 0.5571745245234615 }, "geometry": { "type": "LineString", "coordinates": [ [ 0.948774, 51.875573 ], [ 0.9486826, 51.8755324 ], [ 0.9483813, 51.875394 ], [ 0.9481822, 51.8753021 ] ] } },
{ "type": "Feature", "properties": { "id": 55864, "nach": 0.55426710647941335 }, "geometry": { "type": "LineString", "coordinates": [ [ 0.948774, 51.875573 ], [ 0.9486099, 51.8756515 ], [ 0.9483942, 51.8757547 ] ] } },
{ "type": "Feature", "properties": { "id": 41933, "nach": 0.59504110085015072 }, "geometry": { "type": "LineString", "coordinates": [ [ 0.9511845, 51.875808 ], [ 0.9511326, 51.8757868 ], [ 0.950921, 51.8758525 ], [ 0.9506486, 51.8759435 ], [ 0.9505347, 51.8759806 ], [ 0.9503928, 51.8759137 ], [ 0.9503003, 51.875865 ], [ 0.950168, 51.8757945 ], [ 0.9500235, 51.8757216 ], [ 0.9498768, 51.875645200000022 ], [ 0.9497891, 51.8756015 ] ] } },
{ "type": "Feature", "properties": { "id": 41931, "nach": 0.57265249655329109 }, "geometry": { "type": "LineString", "coordinates": [ [ 0.9511845, 51.875808 ], [ 0.9508869, 51.876085200000013 ], [ 0.9507762, 51.8762046 ], [ 0.9506049, 51.8763354 ] ] } },
{ "type": "Feature", "properties": { "id": 41932, "nach": 0.5154342963261328 }, "geometry": { "type": "LineString", "coordinates": [ [ 0.9511845, 51.875808 ], [ 0.9512614, 51.8758409 ], [ 0.9513143, 51.8757833 ], [ 0.9514095, 51.87572440000001 ], [ 0.9514684, 51.8757116 ], [ 0.9515421, 51.8757182 ], [ 0.9515998, 51.8757582 ], [ 0.9516469, 51.875783 ] ] } },
{ "type": "Feature", "properties": { "id": 35013, "nach": 0.54278032632595152 }, "geometry": { "type": "LineString", "coordinates": [ [ 0.9499858, 51.876824 ], [ 0.9499794, 51.8768524 ] ] } },
{ "type": "Feature", "properties": { "id": 14345, "nach": 0.47059242897922099 }, "geometry": { "type": "LineString", "coordinates": [ [ 0.9514629, 51.8786202 ], [ 0.9514487, 51.8786153 ], [ 0.951296, 51.8785479 ], [ 0.9511753, 51.8784608 ], [ 0.9510439, 51.878224 ], [ 0.9509605, 51.878077 ], [ 0.9507776, 51.8778047 ], [ 0.9505215, 51.8775713 ], [ 0.95028, 51.8773505 ], [ 0.9500052, 51.8770807 ], [ 0.9499833, 51.8769201 ], [ 0.9499794, 51.8768524 ] ] } },
{ "type": "Feature", "properties": { "id": 3556, "nach": 0.50918921749039714 }, "geometry": { "type": "LineString", "coordinates": [ [ 0.9510598, 51.8783748 ], [ 0.9510181, 51.8783005 ], [ 0.950987, 51.8782327 ], [ 0.9506597, 51.8777809 ], [ 0.9504808, 51.877607700000013 ], [ 0.9502976, 51.87744150000001 ], [ 0.9499459, 51.8771015 ], [ 0.9499134, 51.877008600000011 ], [ 0.9498962, 51.87686930000001 ], [ 0.9499794, 51.8768524 ] ] } },
{ "type": "Feature", "properties": { "id": 35015, "nach": 0.54754233056010959 }, "geometry": { "type": "LineString", "coordinates": [ [ 0.9500737, 51.8767498 ], [ 0.9499858, 51.876824 ] ] } },
{ "type": "Feature", "properties": { "id": 35018, "nach": 0.40217097324549189 }, "geometry": { "type": "LineString", "coordinates": [ [ 0.9490528, 51.8762502 ], [ 0.9492991, 51.876340100000014 ], [ 0.9494575, 51.8764251 ], [ 0.9495676, 51.8764846 ], [ 0.9496635, 51.8765526 ], [ 0.9499858, 51.876824 ] ] } },
{ "type": "Feature", "properties": { "id": 59863, "nach": 0.56411588658736811 }, "geometry": { "type": "LineString", "coordinates": [ [ 0.9515582, 51.8786587 ], [ 0.9514629, 51.8786202 ] ] } },
{ "type": "Feature", "properties": { "id": 76125, "nach": 0.55323955597141772 }, "geometry": { "type": "LineString", "coordinates": [ [ 0.9512476, 51.8785746 ], [ 0.9512606, 51.87858090000001 ], [ 0.9513178, 51.878599 ], [ 0.9513715, 51.8786177 ], [ 0.9514322, 51.8786371 ], [ 0.9514629, 51.8786202 ] ] } },
{ "type": "Feature", "properties": { "id": 3558, "nach": 0.52673554803713341 }, "geometry": { "type": "LineString", "coordinates": [ [ 0.9510598, 51.8783748 ], [ 0.9509205, 51.8783352 ], [ 0.9508604, 51.8783143 ], [ 0.9507633, 51.87828 ], [ 0.9506355, 51.8782448 ], [ 0.9504984, 51.878204900000014 ], [ 0.9503828, 51.878175400000011 ], [ 0.9502118, 51.87813830000001 ], [ 0.9500824, 51.8781012 ], [ 0.9499191, 51.8780508 ], [ 0.9498498, 51.878029 ], [ 0.9496757, 51.87797290000001 ], [ 0.9495818, 51.8779405 ], [ 0.9495217, 51.8779148 ], [ 0.9494801, 51.8778968 ], [ 0.9493984, 51.8778616 ], [ 0.9493183, 51.8778216 ], [ 0.9491381, 51.8777151 ], [ 0.9490595, 51.8776638 ], [ 0.9488639, 51.8775477 ], [ 0.9487175, 51.8774745 ], [ 0.9486805, 51.87745360000001 ], [ 0.948642, 51.8774327 ] ] } },
{ "type": "Feature", "properties": { "id": 14342, "nach": 0.56498197609036405 }, "geometry": { "type": "LineString", "coordinates": [ [ 0.9511181, 51.878467799999981 ], [ 0.9510831, 51.878426 ], [ 0.9510598, 51.8783748 ] ] } },
{ "type": "Feature", "properties": { "id": 35017, "nach": 0.40014682224040948 }, "geometry": { "type": "LineString", "coordinates": [ [ 0.9500737, 51.8767498 ], [ 0.9498694, 51.8765173 ], [ 0.9496909, 51.876349 ], [ 0.9495878, 51.8762711 ], [ 0.9494414, 51.8761961 ], [ 0.9490933, 51.8760773 ] ] } },
{ "type": "Feature", "properties": { "id": 35016, "nach": 0.55246803794603916 }, "geometry": { "type": "LineString", "coordinates": [ [ 0.9500737, 51.8767498 ], [ 0.9502201, 51.87662610000001 ], [ 0.9502714, 51.876586 ] ] } },
{ "type": "Feature", "properties": { "id": 2955, "nach": 0.55805323946810126 }, "geometry": { "type": "LineString", "coordinates": [ [ 0.9504783, 51.87642420000001 ], [ 0.9504483, 51.8764462 ], [ 0.9502714, 51.876586 ] ] } },
{ "type": "Feature", "properties": { "id": 2953, "nach": 0.3996413758771129 }, "geometry": { "type": "LineString", "coordinates": [ [ 0.9491926, 51.8759544 ], [ 0.9495129, 51.8760593 ], [ 0.9496948, 51.8761301 ], [ 0.9498169, 51.8761952 ], [ 0.9499273, 51.8762829 ], [ 0.9502714, 51.876586 ] ] } },
{ "type": "Feature", "properties": { "id": 2958, "nach": 0.5655865786610319 }, "geometry": { "type": "LineString", "coordinates": [ [ 0.9506049, 51.8763354 ], [ 0.9504783, 51.87642420000001 ] ] } },
{ "type": "Feature", "properties": { "id": 2957, "nach": 0.40291717876043931 }, "geometry": { "type": "LineString", "coordinates": [ [ 0.9493854, 51.8758118 ], [ 0.9496519, 51.8758961 ], [ 0.949813, 51.875974 ], [ 0.949975, 51.8760603 ], [ 0.9501752, 51.8761855 ], [ 0.9504783, 51.87642420000001 ] ] } },
{ "type": "Feature", "properties": { "id": 2961, "nach": 0.40453939867325561 }, "geometry": { "type": "LineString", "coordinates": [ [ 0.9495219, 51.8757124 ], [ 0.9498929, 51.8758518 ], [ 0.9500871, 51.8759423 ], [ 0.9502908, 51.8760663 ], [ 0.9506049, 51.8763354 ] ] } },
{ "type": "Feature", "properties": { "id": 36552, "nach": 0.2667035577454831 }, "geometry": { "type": "LineString", "coordinates": [ [ 0.9594764, 51.8744697 ], [ 0.9595362, 51.8744832 ] ] } },
{ "type": "Feature", "properties": { "id": 36515, "nach": 0.33665502371299466 }, "geometry": { "type": "LineString", "coordinates": [ [ 0.9587324, 51.8758877 ], [ 0.9587783, 51.8757745 ], [ 0.9588168, 51.875649099999983 ], [ 0.9589311, 51.8754364 ], [ 0.9591369, 51.8750882 ], [ 0.959484, 51.874560200000012 ], [ 0.9595362, 51.8744832 ] ] } },
{ "type": "Feature", "properties": { "id": 36553, "nach": 0.37803750002701964 }, "geometry": { "type": "LineString", "coordinates": [ [ 0.9594764, 51.8744697 ], [ 0.9594654, 51.8744835 ], [ 0.9591852, 51.874906200000012 ], [ 0.9590875, 51.875065 ], [ 0.9588788, 51.8753835 ], [ 0.9587318, 51.875629 ], [ 0.9586813, 51.8757363 ], [ 0.9586455, 51.8757856 ] ] } },
{ "type": "Feature", "properties": { "id": 36554, "nach": 0.38672408963680033 }, "geometry": { "type": "LineString", "coordinates": [ [ 0.9594764, 51.8744697 ], [ 0.9596783, 51.8742175 ], [ 0.9597887, 51.8740896 ] ] } },
{ "type": "Feature", "properties": { "id": 36513, "nach": 0.39022278578932196 }, "geometry": { "type": "LineString", "coordinates": [ [ 0.9587324, 51.8758877 ], [ 0.958724, 51.8759127 ] ] } },
{ "type": "Feature", "properties": { "id": 36514, "nach": 0.27993477815558698 }, "geometry": { "type": "LineString", "coordinates": [ [ 0.9587324, 51.8758877 ], [ 0.9586016, 51.875821899999984 ] ] } },
{ "type": "Feature", "properties": { "id": 46939, "nach": 0.6556514835737991 }, "geometry": { "type": "LineString", "coordinates": [ [ 0.9263171, 51.880963200000011 ], [ 0.9262465, 51.880958 ], [ 0.9261137, 51.8809583 ], [ 0.9259958, 51.8809569 ], [ 0.9258616, 51.8809114 ], [ 0.92558, 51.8809202 ], [ 0.925287, 51.8809375 ], [ 0.9249687, 51.8809565 ], [ 0.9247884, 51.8809657 ], [ 0.9245224, 51.880977399999985 ], [ 0.9242964, 51.8809811 ], [ 0.9240543, 51.88098380000001 ], [ 0.9239022, 51.8809757 ], [ 0.9238121, 51.8810348 ], [ 0.9237116, 51.8810978 ], [ 0.9236343, 51.8811483 ], [ 0.9235302, 51.8812098 ], [ 0.9234333, 51.8812754 ], [ 0.9233818, 51.8812876 ] ] } },
{ "type": "Feature", "properties": { "id": 64722, "nach": 0.64089705509592509 }, "geometry": { "type": "LineString", "coordinates": [ [ 0.9305475, 51.880607900000015 ], [ 0.9305514, 51.880624100000013 ], [ 0.9305984, 51.88067740000001 ], [ 0.9306893, 51.8807237 ], [ 0.9307435, 51.8807375 ] ] } },
{ "type": "Feature", "properties": { "id": 64723, "nach": 0.47859879458520521 }, "geometry": { "type": "LineString", "coordinates": [ [ 0.9305475, 51.880607900000015 ], [ 0.9305078, 51.8806711 ], [ 0.9304747, 51.8807217 ], [ 0.9304401, 51.8807664 ], [ 0.9304052, 51.8808231 ] ] } },
{ "type": "Feature", "properties": { "id": 3114, "nach": 0.64630397810018614 }, "geometry": { "type": "LineString", "coordinates": [ [ 0.930779, 51.880746600000023 ], [ 0.9308677, 51.8807993 ], [ 0.9309133, 51.8808248 ] ] } },
{ "type": "Feature", "properties": { "id": 3115, "nach": 0.59897051478988617 }, "geometry": { "type": "LineString", "coordinates": [ [ 0.930779, 51.880746600000023 ], [ 0.9308499, 51.8807433 ], [ 0.930915, 51.8807402 ], [ 0.9310189, 51.8806945 ], [ 0.9310771, 51.8806452 ] ] } },
{ "type": "Feature", "properties": { "id": 64724, "nach": 0.67392123170327733 }, "geometry": { "type": "LineString", "coordinates": [ [ 0.9307435, 51.8807375 ], [ 0.930779, 51.880746600000023 ] ] } },
{ "type": "Feature", "properties": { "id": 29095, "nach": 0.58451419139733851 }, "geometry": { "type": "LineString", "coordinates": [ [ 0.9309133, 51.8808248 ], [ 0.9310722, 51.8808006 ] ] } },
{ "type": "Feature", "properties": { "id": 24273, "nach": 0.666294930827942 }, "geometry": { "type": "LineString", "coordinates": [ [ 0.9310771, 51.8806452 ], [ 0.9310964, 51.8806132 ] ] } },
{ "type": "Feature", "properties": { "id": 28657, "nach": 0.63497079850756755 }, "geometry": { "type": "LineString", "coordinates": [ [ 0.9310722, 51.8808006 ], [ 0.931072, 51.880735799999989 ], [ 0.9310771, 51.8806452 ] ] } },
{ "type": "Feature", "properties": { "id": 3116, "nach": 0.65889903438481912 }, "geometry": { "type": "LineString", "coordinates": [ [ 0.9310964, 51.8806132 ], [ 0.9312201, 51.880499700000016 ], [ 0.931250799999989, 51.8804683 ] ] } },
{ "type": "Feature", "properties": { "id": 3117, "nach": 0.49954017343490215 }, "geometry": { "type": "LineString", "coordinates": [ [ 0.9310964, 51.8806132 ], [ 0.9311034, 51.8805443 ], [ 0.9310642, 51.8804763 ], [ 0.931014, 51.8804386 ], [ 0.9309514, 51.880415600000013 ] ] } },
{ "type": "Feature", "properties": { "id": 70276, "nach": 0.5312488862293423 }, "geometry": { "type": "LineString", "coordinates": [ [ 0.931250799999989, 51.8804683 ], [ 0.9313109, 51.880489500000017 ], [ 0.9312117, 51.8806339 ], [ 0.9311673, 51.8807409 ], [ 0.9311635, 51.8807999 ] ] } },
{ "type": "Feature", "properties": { "id": 37041, "nach": 0.60759327311604217 }, "geometry": { "type": "LineString", "coordinates": [ [ 0.9309514, 51.880415600000013 ], [ 0.9309137, 51.8804018 ], [ 0.930816, 51.880392300000011 ] ] } },
{ "type": "Feature", "properties": { "id": 54447, "nach": 0.55398108603939455 }, "geometry": { "type": "LineString", "coordinates": [ [ 0.9263619, 51.8808585 ], [ 0.9263171, 51.880963200000011 ] ] } },
{ "type": "Feature", "properties": { "id": 40853, "nach": 0.52922433169000793 }, "geometry": { "type": "LineString", "coordinates": [ [ 0.9452308, 51.8804434 ], [ 0.9452054, 51.880481 ], [ 0.9450461, 51.8806651 ], [ 0.9449715, 51.880745 ], [ 0.9450043, 51.8808205 ], [ 0.9450524, 51.8809078 ] ] } },
{ "type": "Feature", "properties": { "id": 10606, "nach": 0.45596275332660008 }, "geometry": { "type": "LineString", "coordinates": [ [ 0.9513016, 51.8809454 ], [ 0.9503279, 51.8809851 ], [ 0.9495468, 51.880985100000011 ], [ 0.9485625, 51.880941 ], [ 0.9473048, 51.8808638 ], [ 0.9468118, 51.8808473 ], [ 0.9463511, 51.8808509 ], [ 0.9457361, 51.880871 ], [ 0.9450524, 51.8809078 ] ] } },
{ "type": "Feature", "properties": { "id": 40855, "nach": 0.34391159716719566 }, "geometry": { "type": "LineString", "coordinates": [ [ 0.9458339, 51.8803013 ], [ 0.9452308, 51.8804434 ] ] } },
{ "type": "Feature", "properties": { "id": 48842, "nach": 0.53940044937388121 }, "geometry": { "type": "LineString", "coordinates": [ [ 0.9453467, 51.8801761 ], [ 0.9453251, 51.8802725 ], [ 0.9452308, 51.8804434 ] ] } },
{ "type": "Feature", "properties": { "id": 76138, "nach": 0.0 }, "geometry": { "type": "LineString", "coordinates": [ [ 0.9514496, 51.8804795 ], [ 0.9512204, 51.8806081 ], [ 0.9505374, 51.880711 ], [ 0.9499397, 51.8806432 ], [ 0.949586, 51.8807286 ], [ 0.9490331, 51.8807662 ], [ 0.9486957, 51.8807185 ], [ 0.9483949, 51.8807537 ], [ 0.9476631, 51.8806834 ], [ 0.947533, 51.8806432 ], [ 0.947037, 51.8806307 ], [ 0.9461019, 51.8806206 ], [ 0.9455206, 51.880595500000013 ], [ 0.9452863, 51.8805407 ], [ 0.9452308, 51.8804434 ] ] } },
{ "type": "Feature", "properties": { "id": 59807, "nach": 0.43909425588047146 }, "geometry": { "type": "LineString", "coordinates": [ [ 0.9450196, 51.8798425 ], [ 0.9453125, 51.8795311 ] ] } },
{ "type": "Feature", "properties": { "id": 3526, "nach": 0.5977065169221385 }, "geometry": { "type": "LineString", "coordinates": [ [ 0.9451362, 51.8792698 ], [ 0.9452417, 51.8794251 ], [ 0.9453125, 51.8795311 ] ] } },
{ "type": "Feature", "properties": { "id": 48841, "nach": 0.59747342399065584 }, "geometry": { "type": "LineString", "coordinates": [ [ 0.9453467, 51.8801761 ], [ 0.9453845, 51.8800081 ], [ 0.945385, 51.879759600000014 ], [ 0.9453125, 51.8795311 ] ] } },
{ "type": "Feature", "properties": { "id": 3529, "nach": 0.60045607605238538 }, "geometry": { "type": "LineString", "coordinates": [ [ 0.9451321, 51.8791747 ], [ 0.9451362, 51.8792698 ] ] } },
{ "type": "Feature", "properties": { "id": 17634, "nach": 0.51475339745682669 }, "geometry": { "type": "LineString", "coordinates": [ [ 0.9449404, 51.8794408 ], [ 0.9451362, 51.8792698 ] ] } },
{ "type": "Feature", "properties": { "id": 17637, "nach": 0.43908087802584544 }, "geometry": { "type": "LineString", "coordinates": [ [ 0.9449778, 51.8790168 ], [ 0.9449403, 51.8790639 ], [ 0.9451362, 51.8792698 ] ] } },
{ "type": "Feature", "properties": { "id": 48844, "nach": 0.59124643602695492 }, "geometry": { "type": "LineString", "coordinates": [ [ 0.9453467, 51.8801761 ], [ 0.9451195, 51.8801665 ], [ 0.9443887, 51.8800288 ], [ 0.9442079, 51.8800264 ], [ 0.9441156, 51.8800763 ], [ 0.9440426, 51.880128499999984 ], [ 0.9439503, 51.880233 ], [ 0.9438118, 51.8803066 ], [ 0.9436657, 51.880347 ], [ 0.9435118, 51.88036360000001 ], [ 0.9432528, 51.88035 ], [ 0.9428748, 51.8803105 ] ] } },
{ "type": "Feature", "properties": { "id": 76140, "nach": 0.60177939091396893 }, "geometry": { "type": "LineString", "coordinates": [ [ 0.9454868, 51.880165899999987 ], [ 0.9454002, 51.8801784 ], [ 0.9453467, 51.8801761 ] ] } },
{ "type": "Feature", "properties": { "id": 3532, "nach": 0.58722533636248198 }, "geometry": { "type": "LineString", "coordinates": [ [ 0.9453752, 51.8789493 ], [ 0.9451321, 51.8791747 ] ] } },
{ "type": "Feature", "properties": { "id": 17644, "nach": 0.4802163102826838 }, "geometry": { "type": "LineString", "coordinates": [ [ 0.9454615, 51.8792171 ], [ 0.945319, 51.8791599 ], [ 0.9451321, 51.8791747 ] ] } },
{ "type": "Feature", "properties": { "id": 17635, "nach": 0.43784895429628978 }, "geometry": { "type": "LineString", "coordinates": [ [ 0.9449404, 51.8794408 ], [ 0.944692, 51.8793449 ] ] } },
{ "type": "Feature", "properties": { "id": 17636, "nach": 0.43907113274687687 }, "geometry": { "type": "LineString", "coordinates": [ [ 0.9449371, 51.8794876 ], [ 0.9449404, 51.8794408 ] ] } },
{ "type": "Feature", "properties": { "id": 3535, "nach": 0.60388154337580102 }, "geometry": { "type": "LineString", "coordinates": [ [ 0.9455445, 51.8787823 ], [ 0.9453752, 51.8789493 ] ] } },
{ "type": "Feature", "properties": { "id": 17639, "nach": 0.49486048832595797 }, "geometry": { "type": "LineString", "coordinates": [ [ 0.9456482, 51.8790473 ], [ 0.9453752, 51.8789493 ] ] } },
{ "type": "Feature", "properties": { "id": 17643, "nach": 0.48618403378865227 }, "geometry": { "type": "LineString", "coordinates": [ [ 0.9454615, 51.8792171 ], [ 0.9456482, 51.8790473 ] ] } },
{ "type": "Feature", "properties": { "id": 17645, "nach": 0.43882792875040766 }, "geometry": { "type": "LineString", "coordinates": [ [ 0.9454604, 51.8792582 ], [ 0.9454615, 51.8792171 ] ] } },
{ "type": "Feature", "properties": { "id": 3538, "nach": 0.60453868350561535 }, "geometry": { "type": "LineString", "coordinates": [ [ 0.9455019, 51.8786499 ], [ 0.9455445, 51.8787823 ] ] } },
{ "type": "Feature", "properties": { "id": 17631, "nach": 0.38410041114839943 }, "geometry": { "type": "LineString", "coordinates": [ [ 0.9456415, 51.8786974 ], [ 0.9455445, 51.8787823 ] ] } },
{ "type": "Feature", "properties": { "id": 17641, "nach": 0.44049511476633008 }, "geometry": { "type": "LineString", "coordinates": [ [ 0.9457254, 51.8790104 ], [ 0.9456482, 51.8790473 ] ] } },
{ "type": "Feature", "properties": { "id": 17671, "nach": 0.61813696747718638 }, "geometry": { "type": "LineString", "coordinates": [ [ 0.9454708, 51.8786399 ], [ 0.9455019, 51.8786499 ] ] } },
{ "type": "Feature", "properties": { "id": 17632, "nach": 0.47841073758753538 }, "geometry": { "type": "LineString", "coordinates": [ [ 0.9456415, 51.8786974 ], [ 0.9455019, 51.8786499 ] ] } },
{ "type": "Feature", "properties": { "id": 17630, "nach": 0.44521510838757117 }, "geometry": { "type": "LineString", "coordinates": [ [ 0.9456415, 51.8786974 ], [ 0.9457399, 51.878658 ] ] } },
{ "type": "Feature", "properties": { "id": 17672, "nach": 0.58411531536168515 }, "geometry": { "type": "LineString", "coordinates": [ [ 0.9454708, 51.8786399 ], [ 0.9450643, 51.8784809 ], [ 0.9451342, 51.8784243 ] ] } },
{ "type": "Feature", "properties": { "id": 17676, "nach": 0.56158868603301948 }, "geometry": { "type": "LineString", "coordinates": [ [ 0.9458702, 51.8773563 ], [ 0.9457615, 51.8779444 ], [ 0.945613, 51.8785093 ], [ 0.9454708, 51.8786399 ] ] } },
{ "type": "Feature", "properties": { "id": 55796, "nach": 0.59043068799210052 }, "geometry": { "type": "LineString", "coordinates": [ [ 0.945147, 51.878397 ], [ 0.9451342, 51.8784243 ] ] } },
{ "type": "Feature", "properties": { "id": 44882, "nach": 0.0 }, "geometry": { "type": "LineString", "coordinates": [ [ 0.9450822, 51.878099800000015 ], [ 0.9453682, 51.878213100000011 ], [ 0.9452011, 51.878372 ], [ 0.9451342, 51.8784243 ] ] } },
{ "type": "Feature", "properties": { "id": 55798, "nach": 0.56874228991848652 }, "geometry": { "type": "LineString", "coordinates": [ [ 0.945147, 51.878397 ], [ 0.9447599, 51.8784418 ], [ 0.9444432, 51.8783142 ] ] } },
{ "type": "Feature", "properties": { "id": 55797, "nach": 0.52010145557172816 }, "geometry": { "type": "LineString", "coordinates": [ [ 0.945147, 51.878397 ], [ 0.9451491, 51.8783603 ], [ 0.9451174, 51.8782279 ], [ 0.9450822, 51.878099800000015 ] ] } },
{ "type": "Feature", "properties": { "id": 44884, "nach": 0.53747343015427573 }, "geometry": { "type": "LineString", "coordinates": [ [ 0.9449421, 51.878019399999985 ], [ 0.9450581, 51.8780658 ], [ 0.9450822, 51.878099800000015 ] ] } },
{ "type": "Feature", "properties": { "id": 44878, "nach": 0.63510564816140358 }, "geometry": { "type": "LineString", "coordinates": [ [ 0.9448117, 51.877967 ], [ 0.9444432, 51.8783142 ] ] } },
{ "type": "Feature", "properties": { "id": 17710, "nach": 0.65698605198104376 }, "geometry": { "type": "LineString", "coordinates": [ [ 0.9442285, 51.8785192 ], [ 0.9444432, 51.8783142 ] ] } },
{ "type": "Feature", "properties": { "id": 76122, "nach": 0.55137284733432168 }, "geometry": { "type": "LineString", "coordinates": [ [ 0.9450948, 51.8777093 ], [ 0.9448117, 51.877967 ] ] } },
{ "type": "Feature", "properties": { "id": 44883, "nach": 0.63150063502462062 }, "geometry": { "type": "LineString", "coordinates": [ [ 0.9449421, 51.878019399999985 ], [ 0.9448117, 51.877967 ] ] } },
{ "type": "Feature", "properties": { "id": 17711, "nach": 0.6582618696130762 }, "geometry": { "type": "LineString", "coordinates": [ [ 0.9442285, 51.8785192 ], [ 0.9441391, 51.8786069 ] ] } },
{ "type": "Feature", "properties": { "id": 17713, "nach": 0.43935813691811793 }, "geometry": { "type": "LineString", "coordinates": [ [ 0.9444954, 51.8788025 ], [ 0.9443931, 51.8786055 ], [ 0.9442285, 51.8785192 ] ] } },
{ "type": "Feature", "properties": { "id": 17679, "nach": 0.45247019959442836 }, "geometry": { "type": "LineString", "coordinates": [ [ 0.9455844, 51.8772033 ], [ 0.9455312, 51.877254 ], [ 0.9455742, 51.8772858 ], [ 0.9457029, 51.8773441 ] ] } },
{ "type": "Feature", "properties": { "id": 25594, "nach": 0.6167917174395452 }, "geometry": { "type": "LineString", "coordinates": [ [ 0.9456122, 51.8771768 ], [ 0.9455844, 51.8772033 ] ] } },
{ "type": "Feature", "properties": { "id": 41882, "nach": 0.62405380962431356 }, "geometry": { "type": "LineString", "coordinates": [ [ 0.9458966, 51.8772595 ], [ 0.9457295, 51.877192200000017 ], [ 0.9455844, 51.8772033 ] ] } },
{ "type": "Feature", "properties": { "id": 25595, "nach": 0.52499538144618396 }, "geometry": { "type": "LineString", "coordinates": [ [ 0.9456122, 51.8771768 ], [ 0.9458152, 51.8769867 ] ] } },
{ "type": "Feature", "properties": { "id": 4814, "nach": 0.49580317464300311 }, "geometry": { "type": "LineString", "coordinates": [ [ 0.9459993, 51.8768432 ], [ 0.9460695, 51.8768668 ], [ 0.9460702, 51.8769734 ], [ 0.945917, 51.8770233 ], [ 0.9458152, 51.8769867 ] ] } },
{ "type": "Feature", "properties": { "id": 25611, "nach": 0.6004819032069757 }, "geometry": { "type": "LineString", "coordinates": [ [ 0.9454405, 51.8771072 ], [ 0.9456122, 51.8771768 ] ] } },
{ "type": "Feature", "properties": { "id": 38503, "nach": 0.44690909990409317 }, "geometry": { "type": "LineString", "coordinates": [ [ 0.9461856, 51.8766633 ], [ 0.9459993, 51.8768432 ] ] } },
{ "type": "Feature", "properties": { "id": 17715, "nach": 0.53847538375940462 }, "geometry": { "type": "LineString", "coordinates": [ [ 0.9488654, 51.8784017 ], [ 0.9490625, 51.8782779 ], [ 0.9491046, 51.8782089 ], [ 0.9490916, 51.8780795 ], [ 0.9490169, 51.8779211 ], [ 0.9489064, 51.8777311 ], [ 0.9487946, 51.8776321 ], [ 0.9487098, 51.8775511 ], [ 0.948642, 51.8774327 ] ] } },
{ "type": "Feature", "properties": { "id": 41877, "nach": 0.4505317345783888 }, "geometry": { "type": "LineString", "coordinates": [ [ 0.94775, 51.8771135 ], [ 0.9477197, 51.8771041 ], [ 0.9476931, 51.8770945 ], [ 0.9476298, 51.8770722 ], [ 0.9475878, 51.8770531 ] ] } },
{ "type": "Feature", "properties": { "id": 41880, "nach": 0.62783168324212801 }, "geometry": { "type": "LineString", "coordinates": [ [ 0.9466088, 51.8777844 ], [ 0.946837, 51.8776503 ], [ 0.94775, 51.8771135 ] ] } },
{ "type": "Feature", "properties": { "id": 17718, "nach": 0.59949996609624401 }, "geometry": { "type": "LineString", "coordinates": [ [ 0.9489914, 51.878463 ], [ 0.9488654, 51.8784017 ] ] } },
{ "type": "Feature", "properties": { "id": 41885, "nach": 0.56624003782654753 }, "geometry": { "type": "LineString", "coordinates": [ [ 0.9468697, 51.8779704 ], [ 0.9472372, 51.8780068 ], [ 0.9474897, 51.8781788 ], [ 0.9476598, 51.8783477 ], [ 0.9477718, 51.8784163 ], [ 0.9479015, 51.8784644 ], [ 0.9481236, 51.878507 ], [ 0.9483539, 51.8785282 ], [ 0.9485334, 51.878526 ], [ 0.9488166, 51.8784324 ], [ 0.9488654, 51.8784017 ] ] } },
{ "type": "Feature", "properties": { "id": 76126, "nach": 0.58563466667829089 }, "geometry": { "type": "LineString", "coordinates": [ [ 0.9512476, 51.8785746 ], [ 0.9512162, 51.8785593 ], [ 0.9511765, 51.8785319 ], [ 0.951152, 51.8785103 ], [ 0.9511181, 51.878467799999981 ] ] } },
{ "type": "Feature", "properties": { "id": 17719, "nach": 0.57021850057157564 }, "geometry": { "type": "LineString", "coordinates": [ [ 0.9489914, 51.878463 ], [ 0.9493834, 51.8782475 ], [ 0.9495163, 51.8782383 ], [ 0.9497727, 51.8782779 ], [ 0.9503091, 51.8783905 ], [ 0.9509986, 51.8785018 ], [ 0.9511181, 51.878467799999981 ] ] } },
{ "type": "Feature", "properties": { "id": 25613, "nach": 0.47717632097236046 }, "geometry": { "type": "LineString", "coordinates": [ [ 0.9454405, 51.8771072 ], [ 0.9454379, 51.8771095 ], [ 0.9453438, 51.877117 ], [ 0.944945, 51.8769981 ], [ 0.9448308, 51.8769827 ], [ 0.9447355, 51.8769895 ], [ 0.9446437, 51.877014 ], [ 0.9444519, 51.8771186 ], [ 0.9443471, 51.87722990000001 ], [ 0.9443307, 51.8772473 ] ] } },
{ "type": "Feature", "properties": { "id": 17722, "nach": 0.479093531987068 }, "geometry": { "type": "LineString", "coordinates": [ [ 0.9448551, 51.877510700000016 ], [ 0.9446023, 51.8774299 ], [ 0.9443307, 51.8772473 ] ] } },
{ "type": "Feature", "properties": { "id": 25607, "nach": 0.44236303358608703 }, "geometry": { "type": "LineString", "coordinates": [ [ 0.9444155, 51.876750199999989 ], [ 0.9443432, 51.8768191 ], [ 0.9443143, 51.8768935 ], [ 0.9442576, 51.8771245 ], [ 0.9443307, 51.8772473 ] ] } },
{ "type": "Feature", "properties": { "id": 25612, "nach": 0.59310579476687508 }, "geometry": { "type": "LineString", "coordinates": [ [ 0.9454405, 51.8771072 ], [ 0.9460765, 51.8765525 ], [ 0.9462275, 51.8764207 ] ] } },
{ "type": "Feature", "properties": { "id": 25608, "nach": 0.56120804704432092 }, "geometry": { "type": "LineString", "coordinates": [ [ 0.9449307, 51.8775349 ], [ 0.9448551, 51.877510700000016 ] ] } },
{ "type": "Feature", "properties": { "id": 55804, "nach": 0.54991762384349685 }, "geometry": { "type": "LineString", "coordinates": [ [ 0.9432143, 51.8772704 ], [ 0.9436161, 51.8775228 ], [ 0.9438024, 51.8776006 ], [ 0.9440797, 51.8775796 ], [ 0.9444086, 51.8775615 ], [ 0.9448551, 51.877510700000016 ] ] } },
{ "type": "Feature", "properties": { "id": 4826, "nach": 0.59411926681842131 }, "geometry": { "type": "LineString", "coordinates": [ [ 0.9454379, 51.876177 ], [ 0.9462275, 51.8764207 ] ] } },
{ "type": "Feature", "properties": { "id": 4824, "nach": 0.55574850053458247 }, "geometry": { "type": "LineString", "coordinates": [ [ 0.9469228, 51.8767227 ], [ 0.9465451, 51.8765479 ], [ 0.9462275, 51.8764207 ] ] } },
{ "type": "Feature", "properties": { "id": 4830, "nach": 0.58969193597979053 }, "geometry": { "type": "LineString", "coordinates": [ [ 0.9446654, 51.8759703 ], [ 0.9450345, 51.8760604 ], [ 0.9454379, 51.876177 ] ] } },
{ "type": "Feature", "properties": { "id": 4835, "nach": 0.44597106969187916 }, "geometry": { "type": "LineString", "coordinates": [ [ 0.945727, 51.8757991 ], [ 0.9455586, 51.876019700000015 ], [ 0.9454379, 51.876177 ] ] } },
{ "type": "Feature", "properties": { "id": 4825, "nach": 0.44905385729722208 }, "geometry": { "type": "LineString", "coordinates": [ [ 0.9467736, 51.8768562 ], [ 0.9469228, 51.8767227 ] ] } },
{ "type": "Feature", "properties": { "id": 42075, "nach": 0.45562097767068227 }, "geometry": { "type": "LineString", "coordinates": [ [ 0.9472579, 51.8768755 ], [ 0.9469228, 51.8767227 ] ] } },
{ "type": "Feature", "properties": { "id": 42078, "nach": 0.44404547487961016 }, "geometry": { "type": "LineString", "coordinates": [ [ 0.9467491, 51.8770684 ], [ 0.9468564, 51.8771131 ], [ 0.9472579, 51.8768755 ] ] } },
{ "type": "Feature", "properties": { "id": 17739, "nach": 0.58894149250829098 }, "geometry": { "type": "LineString", "coordinates": [ [ 0.9434946, 51.875770100000011 ], [ 0.9437299, 51.8758007 ], [ 0.9442878, 51.87588550000001 ], [ 0.9446654, 51.8759703 ] ] } },
{ "type": "Feature", "properties": { "id": 4836, "nach": 0.44568843899110544 }, "geometry": { "type": "LineString", "coordinates": [ [ 0.9444423, 51.8762882 ], [ 0.9445691, 51.8761076 ], [ 0.9446654, 51.8759703 ] ] } },
{ "type": "Feature", "properties": { "id": 30513, "nach": 0.56686400949801441 }, "geometry": { "type": "LineString", "coordinates": [ [ 0.9435007, 51.8757189 ], [ 0.9434946, 51.875770100000011 ] ] } },
{ "type": "Feature", "properties": { "id": 35054, "nach": 0.51196111928243837 }, "geometry": { "type": "LineString", "coordinates": [ [ 0.9411879, 51.8782608 ], [ 0.9412474, 51.87827320000001 ] ] } },
{ "type": "Feature", "properties": { "id": 4844, "nach": 0.48155500977408416 }, "geometry": { "type": "LineString", "coordinates": [ [ 0.9413871, 51.878301 ], [ 0.9412474, 51.87827320000001 ] ] } },
{ "type": "Feature", "properties": { "id": 17708, "nach": 0.53871293504519802 }, "geometry": { "type": "LineString", "coordinates": [ [ 0.941373, 51.878052800000013 ], [ 0.9412984, 51.878175900000016 ], [ 0.9412474, 51.87827320000001 ] ] } },
{ "type": "Feature", "properties": { "id": 35053, "nach": 0.49878172645775115 }, "geometry": { "type": "LineString", "coordinates": [ [ 0.9411879, 51.8782608 ], [ 0.9411273, 51.8782456 ] ] } },
{ "type": "Feature", "properties": { "id": 35055, "nach": 0.49445553122878627 }, "geometry": { "type": "LineString", "coordinates": [ [ 0.9411879, 51.8782608 ], [ 0.9413137, 51.8780321 ] ] } },
{ "type": "Feature", "properties": { "id": 35056, "nach": 0.49131807961721258 }, "geometry": { "type": "LineString", "coordinates": [ [ 0.9411879, 51.8782608 ], [ 0.9408803, 51.878776 ], [ 0.9406373, 51.8793873 ], [ 0.9405993, 51.8794346 ] ] } },
{ "type": "Feature", "properties": { "id": 55869, "nach": 0.60528182994260893 }, "geometry": { "type": "LineString", "coordinates": [ [ 0.9414197, 51.878252 ], [ 0.9413871, 51.878301 ] ] } },
{ "type": "Feature", "properties": { "id": 55879, "nach": 0.49049261588053716 }, "geometry": { "type": "LineString", "coordinates": [ [ 0.9424226, 51.8789099 ], [ 0.9422622, 51.8788793 ], [ 0.9419875, 51.8788104 ], [ 0.9417901, 51.8786991 ], [ 0.9416098, 51.8785614 ], [ 0.9414734, 51.8783606 ], [ 0.9413871, 51.878301 ] ] } },
{ "type": "Feature", "properties": { "id": 29125, "nach": 0.57918750093897708 }, "geometry": { "type": "LineString", "coordinates": [ [ 0.9407624, 51.8794605 ], [ 0.9407707, 51.879434 ], [ 0.9407892, 51.8793982 ], [ 0.9410105, 51.8788718 ], [ 0.9411328, 51.8786024 ], [ 0.9412599, 51.8783876 ], [ 0.9412798, 51.8783645 ], [ 0.9413392, 51.8783499 ], [ 0.9413678, 51.8783175 ], [ 0.9413871, 51.878301 ] ] } },
{ "type": "Feature", "properties": { "id": 30526, "nach": 0.41666285076797921 }, "geometry": { "type": "LineString", "coordinates": [ [ 0.9413137, 51.8780321 ], [ 0.941373, 51.878052800000013 ] ] } },
{ "type": "Feature", "properties": { "id": 36512, "nach": 0.53732252487231291 }, "geometry": { "type": "LineString", "coordinates": [ [ 0.941906, 51.8772921 ], [ 0.9418296, 51.877410500000011 ], [ 0.9414856, 51.877872700000012 ], [ 0.941373, 51.878052800000013 ] ] } },
{ "type": "Feature", "properties": { "id": 29146, "nach": 0.45232418218734788 }, "geometry": { "type": "LineString", "coordinates": [ [ 0.941499, 51.8780871 ], [ 0.9414471, 51.8780721 ], [ 0.941373, 51.878052800000013 ] ] } },
{ "type": "Feature", "properties": { "id": 4857, "nach": 0.62279933655849873 }, "geometry": { "type": "LineString", "coordinates": [ [ 0.9440823, 51.8786727 ], [ 0.9440008, 51.878763 ] ] } },
{ "type": "Feature", "properties": { "id": 4851, "nach": 0.61317547332867428 }, "geometry": { "type": "LineString", "coordinates": [ [ 0.9435556, 51.8791727 ], [ 0.9440008, 51.878763 ] ] } },
{ "type": "Feature", "properties": { "id": 4843, "nach": 0.56688424242430513 }, "geometry": { "type": "LineString", "coordinates": [ [ 0.9440008, 51.878763 ], [ 0.9441908, 51.8788377 ] ] } },
{ "type": "Feature", "properties": { "id": 4855, "nach": 0.0 }, "geometry": { "type": "LineString", "coordinates": [ [ 0.9442662, 51.8788636 ], [ 0.9443579, 51.8787781 ], [ 0.9440823, 51.8786727 ] ] } },
{ "type": "Feature", "properties": { "id": 17705, "nach": 0.62397934174809266 }, "geometry": { "type": "LineString", "coordinates": [ [ 0.9441391, 51.8786069 ], [ 0.9440989, 51.8786462 ], [ 0.9440823, 51.8786727 ] ] } },
{ "type": "Feature", "properties": { "id": 4852, "nach": 0.53226976952095362 }, "geometry": { "type": "LineString", "coordinates": [ [ 0.9435556, 51.8791727 ], [ 0.9431869, 51.8790394 ] ] } },
{ "type": "Feature", "properties": { "id": 4861, "nach": 0.48514062652373768 }, "geometry": { "type": "LineString", "coordinates": [ [ 0.9437406, 51.8792556 ], [ 0.9436321, 51.8792098 ], [ 0.9435556, 51.8791727 ] ] } },
{ "type": "Feature", "properties": { "id": 58722, "nach": 0.5987146122581769 }, "geometry": { "type": "LineString", "coordinates": [ [ 0.9421819, 51.8801385 ], [ 0.9423521, 51.8801699 ], [ 0.9424397, 51.8800787 ], [ 0.9426449, 51.8798949 ], [ 0.9428276, 51.8797327 ], [ 0.9429926, 51.879576400000012 ], [ 0.9430998, 51.8794785 ], [ 0.9431963, 51.8793835 ], [ 0.9432275, 51.87936160000001 ], [ 0.9432867, 51.8793465 ], [ 0.9433867, 51.8793318 ], [ 0.9435556, 51.8791727 ] ] } },
{ "type": "Feature", "properties": { "id": 35042, "nach": 0.2323359163664839 }, "geometry": { "type": "LineString", "coordinates": [ [ 0.9441908, 51.8788377 ], [ 0.9440523, 51.8789508 ], [ 0.9437406, 51.8792556 ] ] } },
{ "type": "Feature", "properties": { "id": 35041, "nach": 0.55527892211403784 }, "geometry": { "type": "LineString", "coordinates": [ [ 0.9441908, 51.8788377 ], [ 0.9442662, 51.8788636 ] ] } },
{ "type": "Feature", "properties": { "id": 55868, "nach": 0.56598837474743335 }, "geometry": { "type": "LineString", "coordinates": [ [ 0.9414197, 51.878252 ], [ 0.941499, 51.8780871 ] ] } },
{ "type": "Feature", "properties": { "id": 55873, "nach": 0.5474849828228896 }, "geometry": { "type": "LineString", "coordinates": [ [ 0.9420906, 51.8781371 ], [ 0.9420183, 51.878133700000014 ], [ 0.9419427, 51.8781134 ], [ 0.9418823, 51.8780982 ], [ 0.9418223, 51.8780929 ], [ 0.9417572, 51.8781046 ], [ 0.9417127, 51.8781205 ], [ 0.9416726, 51.8781381 ], [ 0.9416376, 51.8781623 ], [ 0.9416195, 51.8781807 ], [ 0.9416008, 51.87820820000001 ], [ 0.9415568, 51.8782702 ], [ 0.9415295, 51.8782735 ], [ 0.9414882, 51.878265399999989 ], [ 0.9414197, 51.878252 ] ] } },
{ "type": "Feature", "properties": { "id": 55878, "nach": 0.60225773323901566 }, "geometry": { "type": "LineString", "coordinates": [ [ 0.9424226, 51.8789099 ], [ 0.9425877, 51.8789313 ], [ 0.9426468, 51.8789407 ] ] } },
{ "type": "Feature", "properties": { "id": 55880, "nach": 0.59328543331607275 }, "geometry": { "type": "LineString", "coordinates": [ [ 0.9422743, 51.8790501 ], [ 0.9424226, 51.8789099 ] ] } },
{ "type": "Feature", "properties": { "id": 29143, "nach": 0.54506864840398317 }, "geometry": { "type": "LineString", "coordinates": [ [ 0.9410645, 51.8797998 ], [ 0.940988, 51.8797735 ], [ 0.9409555, 51.8797482 ], [ 0.940784, 51.8795312 ], [ 0.9407705, 51.879504 ], [ 0.9407624, 51.8794605 ] ] } },
{ "type": "Feature", "properties": { "id": 59849, "nach": 0.53264380701608061 }, "geometry": { "type": "LineString", "coordinates": [ [ 0.9431498, 51.8790318 ], [ 0.9431869, 51.8790394 ] ] } },
{ "type": "Feature", "properties": { "id": 35032, "nach": 0.43281635414923086 }, "geometry": { "type": "LineString", "coordinates": [ [ 0.9436914, 51.8785769 ], [ 0.9431869, 51.8790394 ] ] } },
{ "type": "Feature", "properties": { "id": 59850, "nach": 0.53330399763970393 }, "geometry": { "type": "LineString", "coordinates": [ [ 0.9431498, 51.8790318 ], [ 0.9429333, 51.8789872 ] ] } },
{ "type": "Feature", "properties": { "id": 59851, "nach": 0.43911826942642201 }, "geometry": { "type": "LineString", "coordinates": [ [ 0.9431498, 51.8790318 ], [ 0.9430429, 51.8792159 ] ] } },
{ "type": "Feature", "properties": { "id": 59847, "nach": 0.43721818494592812 }, "geometry": { "type": "LineString", "coordinates": [ [ 0.9435854, 51.8794006 ], [ 0.9437406, 51.8792556 ] ] } },
{ "type": "Feature", "properties": { "id": 58721, "nach": 0.61943202373634476 }, "geometry": { "type": "LineString", "coordinates": [ [ 0.9421819, 51.8801385 ], [ 0.9421436, 51.8801865 ] ] } },
{ "type": "Feature", "properties": { "id": 58723, "nach": 0.52750558254698354 }, "geometry": { "type": "LineString", "coordinates": [ [ 0.9421819, 51.8801385 ], [ 0.9419757, 51.880083500000012 ], [ 0.9413517, 51.8799048 ] ] } },
{ "type": "Feature", "properties": { "id": 35052, "nach": 0.54093564500807678 }, "geometry": { "type": "LineString", "coordinates": [ [ 0.9444694, 51.8790486 ], [ 0.9444403, 51.8789907 ], [ 0.9443959, 51.878942 ], [ 0.9443404, 51.878901600000013 ], [ 0.9442662, 51.8788636 ] ] } },
{ "type": "Feature", "properties": { "id": 59843, "nach": 0.5051949053284952 }, "geometry": { "type": "LineString", "coordinates": [ [ 0.9446233, 51.8790488 ], [ 0.9444694, 51.8790486 ] ] } },
{ "type": "Feature", "properties": { "id": 35057, "nach": 0.42675554509463998 }, "geometry": { "type": "LineString", "coordinates": [ [ 0.9438897, 51.8793141 ], [ 0.9439789, 51.8793268 ], [ 0.9440911, 51.879333899999985 ], [ 0.9442314, 51.8793093 ], [ 0.9443376, 51.8792613 ], [ 0.9444191, 51.8791957 ], [ 0.9444592, 51.879128099999988 ], [ 0.9444694, 51.8790486 ] ] } },
{ "type": "Feature", "properties": { "id": 55897, "nach": 0.62158039302952484 }, "geometry": { "type": "LineString", "coordinates": [ [ 0.9433606, 51.878376 ], [ 0.9441391, 51.8786069 ] ] } },
{ "type": "Feature", "properties": { "id": 23814, "nach": 0.63168603689335823 }, "geometry": { "type": "LineString", "coordinates": [ [ 0.926725, 51.8799221 ], [ 0.9267449, 51.8800296 ] ] } },
{ "type": "Feature", "properties": { "id": 32874, "nach": 0.53821784490962055 }, "geometry": { "type": "LineString", "coordinates": [ [ 0.9266684, 51.8800459 ], [ 0.9266564, 51.8799628 ], [ 0.926725, 51.8799221 ] ] } },
{ "type": "Feature", "properties": { "id": 73970, "nach": 0.50750540099721075 }, "geometry": { "type": "LineString", "coordinates": [ [ 0.9291093, 51.8791875 ], [ 0.9292311, 51.8792486 ] ] } },
{ "type": "Feature", "properties": { "id": 73972, "nach": 0.4446115700974429 }, "geometry": { "type": "LineString", "coordinates": [ [ 0.929324, 51.8787073 ], [ 0.9290799, 51.8788266 ], [ 0.929273, 51.8789748 ], [ 0.9292744, 51.8790178 ], [ 0.9292409, 51.8790625 ], [ 0.9291093, 51.8791875 ] ] } },
{ "type": "Feature", "properties": { "id": 41197, "nach": 0.66348791570493015 }, "geometry": { "type": "LineString", "coordinates": [ [ 0.9290751, 51.8875994 ], [ 0.9291738, 51.8875424 ] ] } },
{ "type": "Feature", "properties": { "id": 17145, "nach": 0.55624225019176576 }, "geometry": { "type": "LineString", "coordinates": [ [ 0.9315333, 51.8857427 ], [ 0.9314171, 51.885702899999984 ] ] } },
{ "type": "Feature", "properties": { "id": 17147, "nach": 0.4992860247587364 }, "geometry": { "type": "LineString", "coordinates": [ [ 0.9312971, 51.88567 ], [ 0.9314171, 51.885702899999984 ] ] } },
{ "type": "Feature", "properties": { "id": 17132, "nach": 0.64518056646829558 }, "geometry": { "type": "LineString", "coordinates": [ [ 0.9320886, 51.8849464 ], [ 0.9319096, 51.885106 ], [ 0.9317657, 51.8852782 ], [ 0.9316802, 51.8853672 ], [ 0.931558, 51.8855442 ], [ 0.9314171, 51.885702899999984 ] ] } },
{ "type": "Feature", "properties": { "id": 17879, "nach": 0.62765099604996066 }, "geometry": { "type": "LineString", "coordinates": [ [ 0.9308546, 51.8862936 ], [ 0.9310162, 51.8861479 ], [ 0.9310886, 51.8860552 ], [ 0.9312066, 51.8859037 ], [ 0.9313394, 51.885761300000013 ], [ 0.9314171, 51.885702899999984 ] ] } },
{ "type": "Feature", "properties": { "id": 17144, "nach": 0.51263963586741612 }, "geometry": { "type": "LineString", "coordinates": [ [ 0.9315333, 51.8857427 ], [ 0.9308614, 51.8863375 ] ] } },
{ "type": "Feature", "properties": { "id": 68634, "nach": 0.55822804399826764 }, "geometry": { "type": "LineString", "coordinates": [ [ 0.9323751, 51.8849366 ], [ 0.932295599999989, 51.8849393 ], [ 0.9321688, 51.8849638 ], [ 0.9320466, 51.8850814 ], [ 0.9319044, 51.885268 ], [ 0.9317202, 51.885528300000011 ], [ 0.9315333, 51.8857427 ] ] } },
{ "type": "Feature", "properties": { "id": 17148, "nach": 0.57327031461373934 }, "geometry": { "type": "LineString", "coordinates": [ [ 0.9312971, 51.88567 ], [ 0.9315216, 51.885447800000016 ], [ 0.9320222, 51.884916400000023 ] ] } },
{ "type": "Feature", "properties": { "id": 17137, "nach": 0.68070505220706867 }, "geometry": { "type": "LineString", "coordinates": [ [ 0.9312971, 51.88567 ], [ 0.930717802974053, 51.886232692458414 ] ] } },
{ "type": "Feature", "properties": { "id": 17131, "nach": 0.69915192743398624 }, "geometry": { "type": "LineString", "coordinates": [ [ 0.9320886, 51.8849464 ], [ 0.9321343, 51.884915600000021 ], [ 0.9321985, 51.8848951 ], [ 0.9323169, 51.8848738 ], [ 0.9324909, 51.8848724 ], [ 0.9327563, 51.8848627 ], [ 0.9330354, 51.8848569 ], [ 0.9331848, 51.8848723 ], [ 0.9333404, 51.884907300000016 ], [ 0.9335724, 51.8849782 ] ] } },
{ "type": "Feature", "properties": { "id": 17130, "nach": 0.70178224530303912 }, "geometry": { "type": "LineString", "coordinates": [ [ 0.9320886, 51.8849464 ], [ 0.9320222, 51.884916400000023 ] ] } },
{ "type": "Feature", "properties": { "id": 17877, "nach": 0.67607331177064667 }, "geometry": { "type": "LineString", "coordinates": [ [ 0.9308546, 51.8862936 ], [ 0.9308614, 51.8863375 ] ] } },
{ "type": "Feature", "properties": { "id": 41196, "nach": 0.47238465163966337 }, "geometry": { "type": "LineString", "coordinates": [ [ 0.9302803, 51.886734 ], [ 0.9307091, 51.8863614 ], [ 0.9308546, 51.8862936 ] ] } },
{ "type": "Feature", "properties": { "id": 69482, "nach": 0.73630874061757456 }, "geometry": { "type": "LineString", "coordinates": [ [ 0.9308546, 51.8862936 ], [ 0.930613569442157, 51.886197856561338 ] ] } },
{ "type": "Feature", "properties": { "id": 29719, "nach": 0.60870759408266595 }, "geometry": { "type": "LineString", "coordinates": [ [ 0.9345922, 51.8850467 ], [ 0.9344848, 51.8850505 ], [ 0.9343373, 51.8850406 ], [ 0.9342274, 51.8850381 ], [ 0.9338813, 51.8850439 ], [ 0.9337808, 51.8850216 ], [ 0.9336413, 51.8849959 ], [ 0.9335724, 51.8849782 ] ] } },
{ "type": "Feature", "properties": { "id": 29717, "nach": 0.65793875061302642 }, "geometry": { "type": "LineString", "coordinates": [ [ 0.9345922, 51.8850467 ], [ 0.9345725, 51.8849654 ] ] } },
{ "type": "Feature", "properties": { "id": 29718, "nach": 0.65830066938208487 }, "geometry": { "type": "LineString", "coordinates": [ [ 0.9345922, 51.8850467 ], [ 0.9346416, 51.8851882 ], [ 0.9346777, 51.8852987 ] ] } },
{ "type": "Feature", "properties": { "id": 29720, "nach": 0.60701864465442568 }, "geometry": { "type": "LineString", "coordinates": [ [ 0.9345922, 51.8850467 ], [ 0.9346753, 51.8850414 ], [ 0.9348952, 51.8850199 ], [ 0.9351795, 51.8849884 ], [ 0.935336, 51.8849878 ] ] } },
{ "type": "Feature", "properties": { "id": 71497, "nach": 0.65910880775326419 }, "geometry": { "type": "LineString", "coordinates": [ [ 0.9324407, 51.8837275 ], [ 0.9323437, 51.883715 ] ] } },
{ "type": "Feature", "properties": { "id": 64797, "nach": 0.36319427914980534 }, "geometry": { "type": "LineString", "coordinates": [ [ 0.9325716, 51.8832057 ], [ 0.9325831, 51.883233 ], [ 0.9324212, 51.883299 ], [ 0.9323517, 51.8833375 ], [ 0.9322897, 51.883385700000012 ], [ 0.932258799999989, 51.8834435 ], [ 0.9323437, 51.883715 ] ] } },
{ "type": "Feature", "properties": { "id": 71498, "nach": 0.64481693676695173 }, "geometry": { "type": "LineString", "coordinates": [ [ 0.9324407, 51.8837275 ], [ 0.9327477, 51.883294600000013 ], [ 0.9327561, 51.8832781 ], [ 0.9327575, 51.88326210000001 ], [ 0.9327509, 51.8832263 ], [ 0.9327334, 51.8831495 ] ] } },
{ "type": "Feature", "properties": { "id": 71496, "nach": 0.50652492686269657 }, "geometry": { "type": "LineString", "coordinates": [ [ 0.9324407, 51.8837275 ], [ 0.9324131, 51.8837665 ] ] } },
{ "type": "Feature", "properties": { "id": 64803, "nach": 0.51902259485759072 }, "geometry": { "type": "LineString", "coordinates": [ [ 0.9325512, 51.88313 ], [ 0.9325485, 51.8831509 ], [ 0.9325716, 51.8832057 ] ] } },
{ "type": "Feature", "properties": { "id": 64798, "nach": 0.51488398324980544 }, "geometry": { "type": "LineString", "coordinates": [ [ 0.9325716, 51.8832057 ], [ 0.9326147, 51.883194300000014 ], [ 0.9326769, 51.8831777 ], [ 0.9327092, 51.8831552 ] ] } },
{ "type": "Feature", "properties": { "id": 28656, "nach": 0.58745533710393294 }, "geometry": { "type": "LineString", "coordinates": [ [ 0.9310722, 51.8808006 ], [ 0.9311635, 51.8807999 ] ] } },
{ "type": "Feature", "properties": { "id": 37048, "nach": 0.60447306164965453 }, "geometry": { "type": "LineString", "coordinates": [ [ 0.9325867, 51.8829846 ], [ 0.932457, 51.8829622 ], [ 0.93237, 51.8829256 ], [ 0.9323212, 51.8828821 ], [ 0.932286, 51.882842700000012 ], [ 0.9322581, 51.8827608 ], [ 0.9322333, 51.882684300000015 ], [ 0.9321208, 51.8824062 ], [ 0.9320902, 51.8823224 ], [ 0.9320071, 51.882096199999985 ], [ 0.9318928, 51.881865700000013 ], [ 0.9318484, 51.8817933 ], [ 0.9316151, 51.8814564 ], [ 0.9314118, 51.8811871 ], [ 0.9312197, 51.880976 ], [ 0.9311862, 51.8809081 ], [ 0.9311635, 51.8807999 ] ] } },
{ "type": "Feature", "properties": { "id": 37050, "nach": 0.60307567305618137 }, "geometry": { "type": "LineString", "coordinates": [ [ 0.9325867, 51.8829846 ], [ 0.93281, 51.8829649 ], [ 0.9330657, 51.8828753 ] ] } },
{ "type": "Feature", "properties": { "id": 64802, "nach": 0.45811556785809876 }, "geometry": { "type": "LineString", "coordinates": [ [ 0.9325512, 51.88313 ], [ 0.932558, 51.8830773 ], [ 0.9325867, 51.8829846 ] ] } },
{ "type": "Feature", "properties": { "id": 24185, "nach": 0.62069143211793121 }, "geometry": { "type": "LineString", "coordinates": [ [ 0.9296711, 51.879571200000015 ], [ 0.9296289, 51.8795887 ], [ 0.9296095, 51.8796797 ], [ 0.9295631, 51.8799375 ] ] } },
{ "type": "Feature", "properties": { "id": 76526, "nach": 0.51950145680956938 }, "geometry": { "type": "LineString", "coordinates": [ [ 0.9297452, 51.8794787 ], [ 0.9296938, 51.8795058 ], [ 0.9296302, 51.8795362 ], [ 0.9295921, 51.87956 ], [ 0.9295833, 51.8796294 ], [ 0.9295724, 51.8796888 ], [ 0.9295631, 51.8799375 ] ] } },
{ "type": "Feature", "properties": { "id": 41946, "nach": 0.63746123790631226 }, "geometry": { "type": "LineString", "coordinates": [ [ 0.9270013, 51.88006750000001 ], [ 0.9270138, 51.8800831 ], [ 0.9270536, 51.880116700000023 ], [ 0.9271276, 51.8801755 ], [ 0.9271915, 51.8802088 ], [ 0.9272641, 51.8802466 ] ] } },
{ "type": "Feature", "properties": { "id": 41945, "nach": 0.52626742184216102 }, "geometry": { "type": "LineString", "coordinates": [ [ 0.9270013, 51.88006750000001 ], [ 0.927055, 51.8800515 ], [ 0.9271001, 51.880094700000015 ], [ 0.9271753, 51.8801466 ], [ 0.9272588, 51.8801959 ], [ 0.927344, 51.880223800000024 ], [ 0.9274432, 51.8802397 ], [ 0.9275798, 51.8802397 ], [ 0.9277325, 51.8802133 ], [ 0.927673, 51.8801477 ], [ 0.9276766, 51.8801095 ], [ 0.927722699999989, 51.8800665 ], [ 0.9283375, 51.8797676 ], [ 0.9289576, 51.8794091 ], [ 0.9292311, 51.8792486 ] ] } },
{ "type": "Feature", "properties": { "id": 41944, "nach": 0.63871013398788101 }, "geometry": { "type": "LineString", "coordinates": [ [ 0.9270013, 51.88006750000001 ], [ 0.9269431, 51.8799943 ] ] } },
{ "type": "Feature", "properties": { "id": 39480, "nach": 0.62213671996530673 }, "geometry": { "type": "LineString", "coordinates": [ [ 0.9269431, 51.8799943 ], [ 0.926914, 51.8799574 ], [ 0.926805, 51.8798771 ] ] } },
{ "type": "Feature", "properties": { "id": 23018, "nach": 0.39775195742063174 }, "geometry": { "type": "LineString", "coordinates": [ [ 0.9298665, 51.8788803 ], [ 0.9307134, 51.8784826 ], [ 0.9317387, 51.8780091 ], [ 0.9336287, 51.8771517 ], [ 0.933678, 51.8771099 ] ] } },
{ "type": "Feature", "properties": { "id": 28552, "nach": 0.49719079119082393 }, "geometry": { "type": "LineString", "coordinates": [ [ 0.9292311, 51.8792486 ], [ 0.9294727, 51.87908370000001 ], [ 0.929691099999989, 51.8789663 ], [ 0.9298665, 51.8788803 ] ] } },
{ "type": "Feature", "properties": { "id": 54139, "nach": 0.44408140287610415 }, "geometry": { "type": "LineString", "coordinates": [ [ 0.9295751, 51.8786564 ], [ 0.9297795, 51.8788116 ], [ 0.9298665, 51.8788803 ] ] } },
{ "type": "Feature", "properties": { "id": 25719, "nach": 0.69135352812446604 }, "geometry": { "type": "LineString", "coordinates": [ [ 0.9381503, 51.8853024 ], [ 0.9380197, 51.88527160000001 ] ] } },
{ "type": "Feature", "properties": { "id": 29710, "nach": 0.66120998914354456 }, "geometry": { "type": "LineString", "coordinates": [ [ 0.9379768, 51.8853374 ], [ 0.9380197, 51.88527160000001 ] ] } },
{ "type": "Feature", "properties": { "id": 25720, "nach": 0.60171911072870909 }, "geometry": { "type": "LineString", "coordinates": [ [ 0.9381503, 51.8853024 ], [ 0.9382203, 51.8852438 ] ] } },
{ "type": "Feature", "properties": { "id": 25735, "nach": 0.69101987004553334 }, "geometry": { "type": "LineString", "coordinates": [ [ 0.9387389, 51.8855101 ], [ 0.9385352, 51.8854313 ], [ 0.9382895, 51.88534270000001 ], [ 0.9381503, 51.8853024 ] ] } },
{ "type": "Feature", "properties": { "id": 29709, "nach": 0.67151297920565578 }, "geometry": { "type": "LineString", "coordinates": [ [ 0.9379768, 51.8853374 ], [ 0.9378512, 51.8855298 ] ] } },
{ "type": "Feature", "properties": { "id": 29712, "nach": 0.4983820255913724 }, "geometry": { "type": "LineString", "coordinates": [ [ 0.9379768, 51.8853374 ], [ 0.9380589, 51.8853601 ], [ 0.9381729, 51.885392399999986 ], [ 0.93837, 51.8854578 ], [ 0.9385108, 51.885510800000013 ], [ 0.938657, 51.885582 ], [ 0.9388636, 51.885697 ], [ 0.9388957, 51.885726 ], [ 0.9388984, 51.8857508 ], [ 0.9388662, 51.8857881 ], [ 0.9388394, 51.8858055 ], [ 0.938855499999988, 51.8858245 ] ] } },
{ "type": "Feature", "properties": { "id": 71336, "nach": 0.62730896503212519 }, "geometry": { "type": "LineString", "coordinates": [ [ 0.9369272, 51.8850998 ], [ 0.9371201, 51.8851325 ], [ 0.9374701, 51.8852003 ], [ 0.9377142, 51.8852599 ], [ 0.9378698, 51.8853046 ], [ 0.9379768, 51.8853374 ] ] } },
{ "type": "Feature", "properties": { "id": 25734, "nach": 0.64633865064896501 }, "geometry": { "type": "LineString", "coordinates": [ [ 0.9387389, 51.8855101 ], [ 0.9390972, 51.8852166 ] ] } },
{ "type": "Feature", "properties": { "id": 25739, "nach": 0.53417741815350739 }, "geometry": { "type": "LineString", "coordinates": [ [ 0.9392308, 51.8855563 ], [ 0.9394314, 51.8853771 ] ] } },
{ "type": "Feature", "properties": { "id": 25742, "nach": 0.59597832113483773 }, "geometry": { "type": "LineString", "coordinates": [ [ 0.9393653, 51.8855825 ], [ 0.9392308, 51.8855563 ] ] } },
{ "type": "Feature", "properties": { "id": 25694, "nach": 0.61521373608237251 }, "geometry": { "type": "LineString", "coordinates": [ [ 0.9340452, 51.88492260000001 ], [ 0.9340498, 51.884986899999987 ] ] } },
{ "type": "Feature", "properties": { "id": 15915, "nach": 0.71816870131444988 }, "geometry": { "type": "LineString", "coordinates": [ [ 0.9345725, 51.8849654 ], [ 0.9344225, 51.884977 ], [ 0.9342645, 51.884980600000013 ], [ 0.9340498, 51.884986899999987 ] ] } },
{ "type": "Feature", "properties": { "id": 25696, "nach": 0.58982705892724285 }, "geometry": { "type": "LineString", "coordinates": [ [ 0.9340452, 51.88492260000001 ], [ 0.9340427, 51.8848881 ], [ 0.9340104, 51.8848427 ], [ 0.933944, 51.8848215 ], [ 0.9338305, 51.8848105 ], [ 0.9337176, 51.884762100000017 ], [ 0.9336616, 51.8847396 ], [ 0.9335978, 51.8847258 ], [ 0.9335582, 51.8846906 ], [ 0.9335534, 51.884613100000017 ] ] } },
{ "type": "Feature", "properties": { "id": 25697, "nach": 0.66900034782023543 }, "geometry": { "type": "LineString", "coordinates": [ [ 0.9340452, 51.88492260000001 ], [ 0.933837, 51.8849239 ], [ 0.9336168, 51.884868100000013 ] ] } },
{ "type": "Feature", "properties": { "id": 25695, "nach": 0.64289064449564526 }, "geometry": { "type": "LineString", "coordinates": [ [ 0.9340452, 51.88492260000001 ], [ 0.934173, 51.8849163 ] ] } },
{ "type": "Feature", "properties": { "id": 15935, "nach": 0.68661501183486995 }, "geometry": { "type": "LineString", "coordinates": [ [ 0.9354816, 51.8849336 ], [ 0.9352949, 51.8849361 ], [ 0.9349, 51.8849467 ], [ 0.9345725, 51.8849654 ] ] } },
{ "type": "Feature", "properties": { "id": 32387, "nach": 0.6531358429292935 }, "geometry": { "type": "LineString", "coordinates": [ [ 0.9282384, 51.882193 ], [ 0.9281539, 51.882241500000013 ] ] } },
{ "type": "Feature", "properties": { "id": 32372, "nach": 0.65717688400698493 }, "geometry": { "type": "LineString", "coordinates": [ [ 0.9279355, 51.8824111 ], [ 0.9279824, 51.882353 ], [ 0.9281539, 51.882241500000013 ] ] } },
{ "type": "Feature", "properties": { "id": 56244, "nach": 0.53086395772984984 }, "geometry": { "type": "LineString", "coordinates": [ [ 0.9292143, 51.882880500000013 ], [ 0.9291503, 51.8828562 ], [ 0.9285746, 51.8825202 ], [ 0.928460199999989, 51.8824304 ], [ 0.9281539, 51.882241500000013 ] ] } },
{ "type": "Feature", "properties": { "id": 32386, "nach": 0.64904842222492809 }, "geometry": { "type": "LineString", "coordinates": [ [ 0.9282384, 51.882193 ], [ 0.9286989, 51.8819002 ] ] } },
{ "type": "Feature", "properties": { "id": 32389, "nach": 0.49439433678645017 }, "geometry": { "type": "LineString", "coordinates": [ [ 0.9277171, 51.8818459 ], [ 0.9277949, 51.8819088 ], [ 0.9280298, 51.8820669 ], [ 0.9282384, 51.882193 ] ] } },
{ "type": "Feature", "properties": { "id": 32374, "nach": 0.63933185846800067 }, "geometry": { "type": "LineString", "coordinates": [ [ 0.9279355, 51.8824111 ], [ 0.92787, 51.8823591 ], [ 0.9278002, 51.8823012 ], [ 0.9276339, 51.88223 ], [ 0.9276436, 51.8822142 ], [ 0.927547, 51.8821811 ], [ 0.9273898, 51.8821538 ], [ 0.9272682, 51.8821336 ], [ 0.9271049, 51.8821254 ] ] } },
{ "type": "Feature", "properties": { "id": 32376, "nach": 0.62886398417846123 }, "geometry": { "type": "LineString", "coordinates": [ [ 0.9278303, 51.8825999 ], [ 0.9278773, 51.8824832 ], [ 0.9279355, 51.8824111 ] ] } },
{ "type": "Feature", "properties": { "id": 56243, "nach": 0.452581437843809 }, "geometry": { "type": "LineString", "coordinates": [ [ 0.9292143, 51.882880500000013 ], [ 0.9296394, 51.8830423 ] ] } },
{ "type": "Feature", "properties": { "id": 56246, "nach": 0.45218224085187858 }, "geometry": { "type": "LineString", "coordinates": [ [ 0.9290828, 51.8832137 ], [ 0.929107, 51.8830582 ], [ 0.9292143, 51.882880500000013 ] ] } },
{ "type": "Feature", "properties": { "id": 10605, "nach": 0.44104185040002497 }, "geometry": { "type": "LineString", "coordinates": [ [ 0.9513016, 51.8809454 ], [ 0.9511615, 51.8810276 ], [ 0.9510967, 51.8811032 ], [ 0.9510903, 51.8811775 ], [ 0.9510858, 51.8812688 ] ] } },
{ "type": "Feature", "properties": { "id": 30738, "nach": 0.41064723414514326 }, "geometry": { "type": "LineString", "coordinates": [ [ 0.9510184, 51.8813212 ], [ 0.9510858, 51.8812688 ] ] } },
{ "type": "Feature", "properties": { "id": 29732, "nach": 0.17890293566900831 }, "geometry": { "type": "LineString", "coordinates": [ [ 0.9400786, 51.8814997 ], [ 0.9406892, 51.8813967 ], [ 0.9417165, 51.8812834 ], [ 0.9429943, 51.8812201 ], [ 0.9456299, 51.8811116 ], [ 0.9468934, 51.8810563 ], [ 0.9477507, 51.8810933 ], [ 0.9480828, 51.8811148 ], [ 0.9483829, 51.8811383 ], [ 0.9489799, 51.8811972 ], [ 0.9494144, 51.8812286 ], [ 0.9499548, 51.8812584 ], [ 0.9502996, 51.8812672 ], [ 0.9507839, 51.8812678 ], [ 0.9510858, 51.8812688 ] ] } },
{ "type": "Feature", "properties": { "id": 10607, "nach": 0.69169029874344989 }, "geometry": { "type": "LineString", "coordinates": [ [ 0.931951, 51.8832579 ], [ 0.9319701, 51.8833057 ], [ 0.9320319, 51.8833886 ], [ 0.9320871, 51.8834704 ], [ 0.9321493, 51.8835291 ] ] } },
{ "type": "Feature", "properties": { "id": 24272, "nach": 0.691177566671898 }, "geometry": { "type": "LineString", "coordinates": [ [ 0.9319078, 51.8831976 ], [ 0.9319261, 51.8832292 ], [ 0.931951, 51.8832579 ] ] } },
{ "type": "Feature", "properties": { "id": 10609, "nach": 0.60810005983792892 }, "geometry": { "type": "LineString", "coordinates": [ [ 0.931665, 51.8831601 ], [ 0.9319078, 51.8831976 ] ] } },
{ "type": "Feature", "properties": { "id": 10612, "nach": 0.67123830195926071 }, "geometry": { "type": "LineString", "coordinates": [ [ 0.931147699999989, 51.883563599999981 ], [ 0.9311028, 51.8835321 ], [ 0.9310763, 51.8835082 ], [ 0.9310379, 51.8834537 ], [ 0.9310277, 51.8833949 ], [ 0.9310371, 51.883335700000011 ], [ 0.9310673, 51.883282700000017 ], [ 0.9311177, 51.883236 ], [ 0.9312133, 51.883189 ], [ 0.9313146, 51.8831659 ], [ 0.9314378, 51.8831606 ], [ 0.931665, 51.8831601 ] ] } },
{ "type": "Feature", "properties": { "id": 24269, "nach": 0.64460950751236079 }, "geometry": { "type": "LineString", "coordinates": [ [ 0.9319353, 51.8830856 ], [ 0.931665, 51.8831601 ] ] } },
{ "type": "Feature", "properties": { "id": 24270, "nach": 0.66310884247263346 }, "geometry": { "type": "LineString", "coordinates": [ [ 0.9319353, 51.8830856 ], [ 0.9319111, 51.8831221 ], [ 0.9319035, 51.8831474 ], [ 0.9319078, 51.8831976 ] ] } },
{ "type": "Feature", "properties": { "id": 26601, "nach": 0.65005586985872632 }, "geometry": { "type": "LineString", "coordinates": [ [ 0.9312878, 51.8836247 ], [ 0.931147699999989, 51.883563599999981 ] ] } },
{ "type": "Feature", "properties": { "id": 26605, "nach": 0.62310830500233538 }, "geometry": { "type": "LineString", "coordinates": [ [ 0.931184, 51.8836862 ], [ 0.931217, 51.88365970000001 ], [ 0.9311612, 51.8836187 ], [ 0.9310985, 51.8835903 ], [ 0.931147699999989, 51.883563599999981 ] ] } },
{ "type": "Feature", "properties": { "id": 26602, "nach": 0.48555912069363827 }, "geometry": { "type": "LineString", "coordinates": [ [ 0.9312878, 51.8836247 ], [ 0.9315188, 51.8837255 ], [ 0.9316751, 51.8837937 ], [ 0.9318321, 51.8838622 ] ] } },
{ "type": "Feature", "properties": { "id": 25036, "nach": 0.63493610739708484 }, "geometry": { "type": "LineString", "coordinates": [ [ 0.9313499, 51.883569500000014 ], [ 0.9312878, 51.8836247 ] ] } },
{ "type": "Feature", "properties": { "id": 26604, "nach": 0.61794783299202594 }, "geometry": { "type": "LineString", "coordinates": [ [ 0.931184, 51.8836862 ], [ 0.9313164, 51.8837446 ], [ 0.9312895, 51.8837725 ], [ 0.9312054, 51.883735900000012 ] ] } },
{ "type": "Feature", "properties": { "id": 10614, "nach": 0.44273778407494851 }, "geometry": { "type": "LineString", "coordinates": [ [ 0.9318321, 51.8838622 ], [ 0.9318592, 51.8837924 ] ] } },
{ "type": "Feature", "properties": { "id": 10623, "nach": 0.49153138129933416 }, "geometry": { "type": "LineString", "coordinates": [ [ 0.9314191, 51.8844075 ], [ 0.931503, 51.8843613 ], [ 0.9317715, 51.8841093 ], [ 0.9317976, 51.8840637 ], [ 0.9318104, 51.883979600000011 ], [ 0.9318321, 51.8838622 ] ] } },
{ "type": "Feature", "properties": { "id": 10617, "nach": 0.45765204365217876 }, "geometry": { "type": "LineString", "coordinates": [ [ 0.9318592, 51.8837924 ], [ 0.9313499, 51.883569500000014 ] ] } },
{ "type": "Feature", "properties": { "id": 10618, "nach": 0.40528067416934699 }, "geometry": { "type": "LineString", "coordinates": [ [ 0.9318592, 51.8837924 ], [ 0.9318905, 51.8837266 ], [ 0.931815, 51.88364270000001 ] ] } },
{ "type": "Feature", "properties": { "id": 13780, "nach": 0.49962294927073475 }, "geometry": { "type": "LineString", "coordinates": [ [ 0.9312474, 51.8843649 ], [ 0.9313403, 51.884403 ], [ 0.9314191, 51.8844075 ] ] } },
{ "type": "Feature", "properties": { "id": 13782, "nach": 0.0 }, "geometry": { "type": "LineString", "coordinates": [ [ 0.9305907, 51.8849397 ], [ 0.9307224, 51.8849866 ], [ 0.9308354, 51.8849647 ], [ 0.9313479, 51.884518 ], [ 0.9314203, 51.884435599999989 ], [ 0.9314191, 51.8844075 ] ] } },
{ "type": "Feature", "properties": { "id": 10621, "nach": 0.61955566573635767 }, "geometry": { "type": "LineString", "coordinates": [ [ 0.931418, 51.88350890000001 ], [ 0.9313499, 51.883569500000014 ] ] } },
{ "type": "Feature", "properties": { "id": 10619, "nach": 0.3035459597372418 }, "geometry": { "type": "LineString", "coordinates": [ [ 0.931815, 51.88364270000001 ], [ 0.9318079, 51.883534400000016 ] ] } },
{ "type": "Feature", "properties": { "id": 10620, "nach": 0.46155940417746494 }, "geometry": { "type": "LineString", "coordinates": [ [ 0.931815, 51.88364270000001 ], [ 0.9317283, 51.8836063 ] ] } },
{ "type": "Feature", "properties": { "id": 55007, "nach": 0.47214396108843554 }, "geometry": { "type": "LineString", "coordinates": [ [ 0.9318079, 51.883534400000016 ], [ 0.9318876, 51.8834626 ] ] } },
{ "type": "Feature", "properties": { "id": 55008, "nach": 0.52080279034584265 }, "geometry": { "type": "LineString", "coordinates": [ [ 0.9318079, 51.883534400000016 ], [ 0.9317374, 51.8835043 ], [ 0.9315252, 51.8834134 ] ] } },
{ "type": "Feature", "properties": { "id": 55011, "nach": 0.21670294438519908 }, "geometry": { "type": "LineString", "coordinates": [ [ 0.9317283, 51.8836063 ], [ 0.9316838, 51.883552 ], [ 0.9315238, 51.8834835 ], [ 0.9314716, 51.8834612 ] ] } },
{ "type": "Feature", "properties": { "id": 55012, "nach": 0.51602125126767506 }, "geometry": { "type": "LineString", "coordinates": [ [ 0.9317283, 51.8836063 ], [ 0.9316302, 51.8835997 ], [ 0.931470199999989, 51.8835312 ], [ 0.931418, 51.88350890000001 ] ] } },
{ "type": "Feature", "properties": { "id": 55010, "nach": 0.58776037462918229 }, "geometry": { "type": "LineString", "coordinates": [ [ 0.9314716, 51.8834612 ], [ 0.931418, 51.88350890000001 ] ] } },
{ "type": "Feature", "properties": { "id": 13778, "nach": 0.53221701672374766 }, "geometry": { "type": "LineString", "coordinates": [ [ 0.9312474, 51.8843649 ], [ 0.9310708, 51.884284300000012 ] ] } },
{ "type": "Feature", "properties": { "id": 13779, "nach": 0.22260841098647655 }, "geometry": { "type": "LineString", "coordinates": [ [ 0.9312474, 51.8843649 ], [ 0.9316253, 51.8840293 ], [ 0.931453699999989, 51.8839515 ] ] } },
{ "type": "Feature", "properties": { "id": 13781, "nach": 0.24181077577272667 }, "geometry": { "type": "LineString", "coordinates": [ [ 0.9305907, 51.8849397 ], [ 0.9312474, 51.8843649 ] ] } },
{ "type": "Feature", "properties": { "id": 10629, "nach": 0.52308559952731204 }, "geometry": { "type": "LineString", "coordinates": [ [ 0.9304579, 51.8840068 ], [ 0.9306545, 51.884090700000016 ] ] } },
{ "type": "Feature", "properties": { "id": 35004, "nach": 0.58233441094213712 }, "geometry": { "type": "LineString", "coordinates": [ [ 0.9307488, 51.8841452 ], [ 0.9306545, 51.884090700000016 ] ] } },
{ "type": "Feature", "properties": { "id": 10626, "nach": 0.46348831550022523 }, "geometry": { "type": "LineString", "coordinates": [ [ 0.9306545, 51.884090700000016 ], [ 0.9310584, 51.8837368 ], [ 0.9310489, 51.883693 ], [ 0.9309082, 51.88362080000001 ] ] } },
{ "type": "Feature", "properties": { "id": 28627, "nach": 0.45418760739353359 }, "geometry": { "type": "LineString", "coordinates": [ [ 0.9297552, 51.88462590000001 ], [ 0.929921, 51.884693 ], [ 0.9299829, 51.8846713 ], [ 0.9306545, 51.884090700000016 ] ] } },
{ "type": "Feature", "properties": { "id": 10627, "nach": 0.13457227805691868 }, "geometry": { "type": "LineString", "coordinates": [ [ 0.9304579, 51.8840068 ], [ 0.9309082, 51.88362080000001 ] ] } },
{ "type": "Feature", "properties": { "id": 10630, "nach": 0.47250889113150774 }, "geometry": { "type": "LineString", "coordinates": [ [ 0.9302682, 51.8839277 ], [ 0.9304579, 51.8840068 ] ] } },
{ "type": "Feature", "properties": { "id": 28626, "nach": 0.11130304570978009 }, "geometry": { "type": "LineString", "coordinates": [ [ 0.9297552, 51.88462590000001 ], [ 0.9304579, 51.8840068 ] ] } },
{ "type": "Feature", "properties": { "id": 35005, "nach": 0.60546619929769896 }, "geometry": { "type": "LineString", "coordinates": [ [ 0.9307488, 51.8841452 ], [ 0.9308852, 51.8842036 ] ] } },
{ "type": "Feature", "properties": { "id": 35007, "nach": 0.61351786963194943 }, "geometry": { "type": "LineString", "coordinates": [ [ 0.9307488, 51.8841452 ], [ 0.9307608, 51.8841252 ], [ 0.9312054, 51.883735900000012 ] ] } },
{ "type": "Feature", "properties": { "id": 35006, "nach": 0.64165519968233908 }, "geometry": { "type": "LineString", "coordinates": [ [ 0.9307488, 51.8841452 ], [ 0.9307358, 51.8841635 ], [ 0.9299699, 51.8848267 ], [ 0.9302055, 51.88492990000001 ], [ 0.9302464, 51.884893 ], [ 0.9305727, 51.8850407 ] ] } },
{ "type": "Feature", "properties": { "id": 28625, "nach": 0.0 }, "geometry": { "type": "LineString", "coordinates": [ [ 0.9309082, 51.88362080000001 ], [ 0.9307669, 51.8835483 ], [ 0.9307099, 51.8835458 ], [ 0.9302682, 51.8839277 ] ] } },
{ "type": "Feature", "properties": { "id": 10631, "nach": 0.075933934613246379 }, "geometry": { "type": "LineString", "coordinates": [ [ 0.9302682, 51.8839277 ], [ 0.9295886, 51.8845159 ], [ 0.9295933, 51.8845604 ], [ 0.9297552, 51.88462590000001 ] ] } },
{ "type": "Feature", "properties": { "id": 13775, "nach": 0.57235248634123537 }, "geometry": { "type": "LineString", "coordinates": [ [ 0.9310708, 51.884284300000012 ], [ 0.9308852, 51.8842036 ] ] } },
{ "type": "Feature", "properties": { "id": 10634, "nach": 0.49839048045738432 }, "geometry": { "type": "LineString", "coordinates": [ [ 0.9308852, 51.8842036 ], [ 0.9302491, 51.884765100000017 ], [ 0.9302854, 51.884811300000017 ], [ 0.930399, 51.884859600000013 ] ] } },
{ "type": "Feature", "properties": { "id": 28628, "nach": 0.0 }, "geometry": { "type": "LineString", "coordinates": [ [ 0.931453699999989, 51.8839515 ], [ 0.9314966, 51.88391510000001 ], [ 0.931349, 51.883842200000011 ], [ 0.9312686, 51.8838538 ], [ 0.9308852, 51.8842036 ] ] } },
{ "type": "Feature", "properties": { "id": 13773, "nach": 0.22260644700678692 }, "geometry": { "type": "LineString", "coordinates": [ [ 0.9310708, 51.884284300000012 ], [ 0.930399, 51.884859600000013 ] ] } },
{ "type": "Feature", "properties": { "id": 13774, "nach": 0.46237128475412975 }, "geometry": { "type": "LineString", "coordinates": [ [ 0.9310708, 51.884284300000012 ], [ 0.931453699999989, 51.8839515 ] ] } },
{ "type": "Feature", "properties": { "id": 13777, "nach": 0.44782273059711086 }, "geometry": { "type": "LineString", "coordinates": [ [ 0.930399, 51.884859600000013 ], [ 0.9305907, 51.8849397 ] ] } },
{ "type": "Feature", "properties": { "id": 40189, "nach": 0.66428912113999217 }, "geometry": { "type": "LineString", "coordinates": [ [ 0.9343328, 51.8818871 ], [ 0.9338436, 51.8822353 ] ] } },
{ "type": "Feature", "properties": { "id": 25032, "nach": 0.6867206719678598 }, "geometry": { "type": "LineString", "coordinates": [ [ 0.9331368, 51.882809300000012 ], [ 0.9333091, 51.8826604 ], [ 0.9335381, 51.8824665 ], [ 0.9338436, 51.8822353 ] ] } },
{ "type": "Feature", "properties": { "id": 11126, "nach": 0.59258722874171899 }, "geometry": { "type": "LineString", "coordinates": [ [ 0.9332399, 51.881891 ], [ 0.9333179, 51.8819785 ], [ 0.9334305, 51.882058500000014 ], [ 0.9335731, 51.8820935 ], [ 0.9338436, 51.8822353 ] ] } },
{ "type": "Feature", "properties": { "id": 40188, "nach": 0.66368690654945228 }, "geometry": { "type": "LineString", "coordinates": [ [ 0.9343328, 51.8818871 ], [ 0.9344304, 51.8818177 ] ] } },
{ "type": "Feature", "properties": { "id": 40190, "nach": 0.48237838115383636 }, "geometry": { "type": "LineString", "coordinates": [ [ 0.9343328, 51.8818871 ], [ 0.9346725, 51.8820415 ], [ 0.9346897, 51.8820571 ], [ 0.9346879, 51.8820759 ], [ 0.9346667, 51.8821103 ], [ 0.9345475, 51.8821987 ] ] } },
{ "type": "Feature", "properties": { "id": 37014, "nach": 0.69132532462309726 }, "geometry": { "type": "LineString", "coordinates": [ [ 0.9330657, 51.8828753 ], [ 0.9331368, 51.882809300000012 ] ] } },
{ "type": "Feature", "properties": { "id": 37032, "nach": 0.48907153461341241 }, "geometry": { "type": "LineString", "coordinates": [ [ 0.9323849, 51.8824864 ], [ 0.9326612, 51.88270820000001 ], [ 0.9327417, 51.882738 ], [ 0.9328221, 51.8827215 ], [ 0.9329348, 51.8827364 ], [ 0.9331368, 51.882809300000012 ] ] } },
{ "type": "Feature", "properties": { "id": 11127, "nach": 0.57762822486395893 }, "geometry": { "type": "LineString", "coordinates": [ [ 0.9333586, 51.8817398 ], [ 0.9332399, 51.881891 ] ] } },
{ "type": "Feature", "properties": { "id": 17883, "nach": 0.54429459627481747 }, "geometry": { "type": "LineString", "coordinates": [ [ 0.9329429, 51.8819943 ], [ 0.9332399, 51.881891 ] ] } },
{ "type": "Feature", "properties": { "id": 33764, "nach": 0.53867235154195336 }, "geometry": { "type": "LineString", "coordinates": [ [ 0.9339276, 51.8814869 ], [ 0.9338311, 51.8815449 ], [ 0.9336299, 51.8816459 ], [ 0.9333586, 51.8817398 ] ] } },
{ "type": "Feature", "properties": { "id": 11136, "nach": 0.55321387547145862 }, "geometry": { "type": "LineString", "coordinates": [ [ 0.9331567, 51.881524700000014 ], [ 0.9331894, 51.881577 ], [ 0.9332739, 51.8816494 ], [ 0.9333586, 51.8817398 ] ] } },
{ "type": "Feature", "properties": { "id": 17884, "nach": 0.46754405533687388 }, "geometry": { "type": "LineString", "coordinates": [ [ 0.9329429, 51.8819943 ], [ 0.9326869, 51.8818646 ], [ 0.9324948, 51.8817901 ] ] } },
{ "type": "Feature", "properties": { "id": 33770, "nach": 0.45710929368289849 }, "geometry": { "type": "LineString", "coordinates": [ [ 0.9323358, 51.8820267 ], [ 0.9322709, 51.8820871 ], [ 0.9324101, 51.8821695 ], [ 0.9326092, 51.8822551 ], [ 0.9326496, 51.8822254 ], [ 0.9327848, 51.882125699999982 ], [ 0.9329429, 51.8819943 ] ] } },
{ "type": "Feature", "properties": { "id": 33763, "nach": 0.42717430224579123 }, "geometry": { "type": "LineString", "coordinates": [ [ 0.9339276, 51.8814869 ], [ 0.9341154, 51.8813876 ], [ 0.9341288, 51.8813346 ], [ 0.9339593, 51.881190599999989 ] ] } },
{ "type": "Feature", "properties": { "id": 33768, "nach": 0.57173247688643047 }, "geometry": { "type": "LineString", "coordinates": [ [ 0.9344304, 51.8818177 ], [ 0.9341744, 51.881674 ], [ 0.9339276, 51.8814869 ] ] } },
{ "type": "Feature", "properties": { "id": 11137, "nach": 0.49065051708279017 }, "geometry": { "type": "LineString", "coordinates": [ [ 0.9331567, 51.881524700000014 ], [ 0.9331762, 51.8814895 ], [ 0.9332685, 51.8813838 ], [ 0.9333821, 51.8812647 ], [ 0.9335394, 51.8811115 ], [ 0.933631, 51.8810886 ] ] } },
{ "type": "Feature", "properties": { "id": 33769, "nach": 0.46772429193880177 }, "geometry": { "type": "LineString", "coordinates": [ [ 0.9328302, 51.8814345 ], [ 0.9330393, 51.88151160000001 ], [ 0.9331567, 51.881524700000014 ] ] } },
{ "type": "Feature", "properties": { "id": 11134, "nach": 0.4203724145044378 }, "geometry": { "type": "LineString", "coordinates": [ [ 0.933631, 51.8810886 ], [ 0.9337367, 51.8811041 ], [ 0.9338257, 51.8811309 ], [ 0.9339593, 51.881190599999989 ] ] } },
{ "type": "Feature", "properties": { "id": 76173, "nach": 0.47026670320742953 }, "geometry": { "type": "LineString", "coordinates": [ [ 0.9343425, 51.8810346 ], [ 0.9342691, 51.8810487 ], [ 0.9341256, 51.8811087 ], [ 0.9339593, 51.881190599999989 ] ] } },
{ "type": "Feature", "properties": { "id": 37020, "nach": 0.45945825976263693 }, "geometry": { "type": "LineString", "coordinates": [ [ 0.9339997, 51.8806468 ], [ 0.9339424, 51.8806743 ], [ 0.9338589, 51.8807223 ], [ 0.9337699, 51.8808092 ], [ 0.9336969, 51.880886 ], [ 0.9336476, 51.8809571 ], [ 0.9336362, 51.8810533 ], [ 0.933631, 51.8810886 ] ] } },
{ "type": "Feature", "properties": { "id": 76171, "nach": 0.57795226234431607 }, "geometry": { "type": "LineString", "coordinates": [ [ 0.9343425, 51.8810346 ], [ 0.9343791, 51.8811351 ], [ 0.9345159, 51.8812947 ], [ 0.9345806, 51.8813625 ], [ 0.9346835, 51.8814217 ], [ 0.9347102, 51.8814741 ], [ 0.9346882, 51.8815306 ], [ 0.9346835, 51.8815614 ], [ 0.9347557, 51.88164290000001 ] ] } },
{ "type": "Feature", "properties": { "id": 76172, "nach": 0.53830934552636167 }, "geometry": { "type": "LineString", "coordinates": [ [ 0.9343425, 51.8810346 ], [ 0.9343107, 51.8809475 ], [ 0.9341528, 51.8807306 ], [ 0.9340277, 51.8806386 ], [ 0.934024, 51.880584 ] ] } },
{ "type": "Feature", "properties": { "id": 37019, "nach": 0.46038037662510312 }, "geometry": { "type": "LineString", "coordinates": [ [ 0.9339997, 51.8806468 ], [ 0.9340707, 51.8806867 ] ] } },
{ "type": "Feature", "properties": { "id": 37055, "nach": 0.46808349630987839 }, "geometry": { "type": "LineString", "coordinates": [ [ 0.934024, 51.880584 ], [ 0.9339997, 51.8806468 ] ] } },
{ "type": "Feature", "properties": { "id": 73962, "nach": 0.54974747507418309 }, "geometry": { "type": "LineString", "coordinates": [ [ 0.933136, 51.87952030000001 ], [ 0.9329719, 51.8794599 ], [ 0.9326681, 51.8797804 ], [ 0.932501, 51.8799524 ], [ 0.9324434, 51.879932100000012 ] ] } },
{ "type": "Feature", "properties": { "id": 73961, "nach": 0.51520325514484733 }, "geometry": { "type": "LineString", "coordinates": [ [ 0.933136, 51.87952030000001 ], [ 0.9332075, 51.8794492 ] ] } },
{ "type": "Feature", "properties": { "id": 76616, "nach": 0.6101877307977106 }, "geometry": { "type": "LineString", "coordinates": [ [ 0.9377813, 51.8846809 ], [ 0.9376518, 51.8847792 ] ] } },
{ "type": "Feature", "properties": { "id": 15928, "nach": 0.64682013138961292 }, "geometry": { "type": "LineString", "coordinates": [ [ 0.9375602, 51.884927699999984 ], [ 0.9376518, 51.8847792 ] ] } },
{ "type": "Feature", "properties": { "id": 25655, "nach": 0.57940697696161991 }, "geometry": { "type": "LineString", "coordinates": [ [ 0.9370209, 51.8844788 ], [ 0.9376518, 51.8847792 ] ] } },
{ "type": "Feature", "properties": { "id": 76618, "nach": 0.627989515013746 }, "geometry": { "type": "LineString", "coordinates": [ [ 0.9377813, 51.8846809 ], [ 0.9378768, 51.8846085 ], [ 0.9379079, 51.8845959 ] ] } },
{ "type": "Feature", "properties": { "id": 76617, "nach": 0.54909352268267797 }, "geometry": { "type": "LineString", "coordinates": [ [ 0.9377813, 51.8846809 ], [ 0.9371258, 51.8843961 ] ] } },
{ "type": "Feature", "properties": { "id": 76584, "nach": 0.64167855092205672 }, "geometry": { "type": "LineString", "coordinates": [ [ 0.9375163, 51.8850031 ], [ 0.9375602, 51.884927699999984 ] ] } },
{ "type": "Feature", "properties": { "id": 25706, "nach": 0.54757825088926482 }, "geometry": { "type": "LineString", "coordinates": [ [ 0.937920299999989, 51.88510010000001 ], [ 0.9375602, 51.884927699999984 ] ] } },
{ "type": "Feature", "properties": { "id": 76612, "nach": 0.56455335999138279 }, "geometry": { "type": "LineString", "coordinates": [ [ 0.9371258, 51.8843961 ], [ 0.9370209, 51.8844788 ] ] } },
{ "type": "Feature", "properties": { "id": 76621, "nach": 0.54451589723802518 }, "geometry": { "type": "LineString", "coordinates": [ [ 0.9368026, 51.884378 ], [ 0.9368499, 51.8843974 ], [ 0.9370209, 51.8844788 ] ] } },
{ "type": "Feature", "properties": { "id": 25667, "nach": 0.53969345078665221 }, "geometry": { "type": "LineString", "coordinates": [ [ 0.9368192, 51.88457660000001 ], [ 0.9369073, 51.884569 ], [ 0.9370209, 51.8844788 ] ] } },
{ "type": "Feature", "properties": { "id": 12214, "nach": 0.62758699239896543 }, "geometry": { "type": "LineString", "coordinates": [ [ 0.9381583, 51.8845864 ], [ 0.9381086, 51.884575 ], [ 0.9380575, 51.8845706 ] ] } },
{ "type": "Feature", "properties": { "id": 76590, "nach": 0.62444701509831091 }, "geometry": { "type": "LineString", "coordinates": [ [ 0.9379079, 51.8845959 ], [ 0.9379851, 51.8845645 ], [ 0.9380575, 51.8845706 ] ] } },
{ "type": "Feature", "properties": { "id": 25632, "nach": 0.48117669830835275 }, "geometry": { "type": "LineString", "coordinates": [ [ 0.9374679, 51.8841264 ], [ 0.937997, 51.8843751 ], [ 0.9380703, 51.8844248 ], [ 0.9380786, 51.8844912 ], [ 0.9380575, 51.8845706 ] ] } },
{ "type": "Feature", "properties": { "id": 25677, "nach": 0.54642881912054664 }, "geometry": { "type": "LineString", "coordinates": [ [ 0.9384207, 51.8847063 ], [ 0.9381583, 51.8845864 ] ] } },
{ "type": "Feature", "properties": { "id": 76601, "nach": 0.61336522485979084 }, "geometry": { "type": "LineString", "coordinates": [ [ 0.9382493, 51.8845146 ], [ 0.9381583, 51.8845864 ] ] } },
{ "type": "Feature", "properties": { "id": 76592, "nach": 0.27683840365833851 }, "geometry": { "type": "LineString", "coordinates": [ [ 0.9379079, 51.8845959 ], [ 0.9380422, 51.8846673 ], [ 0.9380727, 51.8846692 ], [ 0.9383239, 51.8847825 ] ] } },
{ "type": "Feature", "properties": { "id": 25629, "nach": 0.49033888851457563 }, "geometry": { "type": "LineString", "coordinates": [ [ 0.9374679, 51.8841264 ], [ 0.9372823, 51.8840391 ] ] } },
{ "type": "Feature", "properties": { "id": 25631, "nach": 0.56019824022955256 }, "geometry": { "type": "LineString", "coordinates": [ [ 0.9374679, 51.8841264 ], [ 0.9375431, 51.8840662 ] ] } },
{ "type": "Feature", "properties": { "id": 76613, "nach": 0.55160472999716537 }, "geometry": { "type": "LineString", "coordinates": [ [ 0.9371258, 51.8843961 ], [ 0.9374679, 51.8841264 ] ] } },
{ "type": "Feature", "properties": { "id": 29109, "nach": 0.56955428844334999 }, "geometry": { "type": "LineString", "coordinates": [ [ 0.9384483, 51.88471890000001 ], [ 0.9384207, 51.8847063 ] ] } },
{ "type": "Feature", "properties": { "id": 76587, "nach": 0.44603476890719645 }, "geometry": { "type": "LineString", "coordinates": [ [ 0.9383239, 51.8847825 ], [ 0.9384207, 51.8847063 ] ] } },
{ "type": "Feature", "properties": { "id": 76600, "nach": 0.55179587520479978 }, "geometry": { "type": "LineString", "coordinates": [ [ 0.9382493, 51.8845146 ], [ 0.9383175, 51.8844608 ] ] } },
{ "type": "Feature", "properties": { "id": 76602, "nach": 0.61355603728113595 }, "geometry": { "type": "LineString", "coordinates": [ [ 0.9382493, 51.8845146 ], [ 0.9385384, 51.884643 ] ] } },
{ "type": "Feature", "properties": { "id": 34145, "nach": 0.53831850087828503 }, "geometry": { "type": "LineString", "coordinates": [ [ 0.9383175, 51.8844608 ], [ 0.9386537, 51.8842291 ] ] } },
{ "type": "Feature", "properties": { "id": 29114, "nach": 0.62727312527984647 }, "geometry": { "type": "LineString", "coordinates": [ [ 0.9388651, 51.88436810000001 ], [ 0.9386537, 51.8842291 ] ] } },
{ "type": "Feature", "properties": { "id": 74780, "nach": 0.6197824278522085 }, "geometry": { "type": "LineString", "coordinates": [ [ 0.9377001, 51.8837245 ], [ 0.9378142, 51.8837821 ], [ 0.9380338, 51.88390290000001 ], [ 0.9384622, 51.8841267 ], [ 0.9386537, 51.8842291 ] ] } },
{ "type": "Feature", "properties": { "id": 34147, "nach": 0.53831089585632563 }, "geometry": { "type": "LineString", "coordinates": [ [ 0.9383175, 51.8844608 ], [ 0.9375431, 51.8840662 ] ] } },
{ "type": "Feature", "properties": { "id": 76597, "nach": 0.63961975890403067 }, "geometry": { "type": "LineString", "coordinates": [ [ 0.9385384, 51.884643 ], [ 0.9388651, 51.88436810000001 ] ] } },
{ "type": "Feature", "properties": { "id": 74725, "nach": 0.64759590542353751 }, "geometry": { "type": "LineString", "coordinates": [ [ 0.9389434, 51.8844101 ], [ 0.9388651, 51.88436810000001 ] ] } },
{ "type": "Feature", "properties": { "id": 74779, "nach": 0.64592184354164817 }, "geometry": { "type": "LineString", "coordinates": [ [ 0.9377001, 51.8837245 ], [ 0.9376011, 51.8836745 ] ] } },
{ "type": "Feature", "properties": { "id": 74781, "nach": 0.56385580618480446 }, "geometry": { "type": "LineString", "coordinates": [ [ 0.9377001, 51.8837245 ], [ 0.93773, 51.883716800000016 ], [ 0.9378418, 51.8837187 ], [ 0.9379414, 51.8837294 ], [ 0.937978, 51.8836779 ], [ 0.9380542, 51.883647800000013 ], [ 0.9380806, 51.883635899999987 ], [ 0.9382239, 51.8836291 ] ] } },
{ "type": "Feature", "properties": { "id": 25703, "nach": 0.57615220052364269 }, "geometry": { "type": "LineString", "coordinates": [ [ 0.9402448, 51.8850392 ], [ 0.940586499999989, 51.88516640000001 ], [ 0.9411967, 51.885454900000013 ], [ 0.9413815, 51.8855442 ] ] } },
{ "type": "Feature", "properties": { "id": 76593, "nach": 0.58714014787076441 }, "geometry": { "type": "LineString", "coordinates": [ [ 0.9399899, 51.885293 ], [ 0.9402448, 51.8850392 ] ] } },
{ "type": "Feature", "properties": { "id": 27297, "nach": 0.61187247944436529 }, "geometry": { "type": "LineString", "coordinates": [ [ 0.9399617, 51.8849232 ], [ 0.9402448, 51.8850392 ] ] } },
{ "type": "Feature", "properties": { "id": 74721, "nach": 0.48411877933311753 }, "geometry": { "type": "LineString", "coordinates": [ [ 0.9401373, 51.8847325 ], [ 0.9401533, 51.8847126 ] ] } },
{ "type": "Feature", "properties": { "id": 74724, "nach": 0.62393728523065362 }, "geometry": { "type": "LineString", "coordinates": [ [ 0.9401373, 51.8847325 ], [ 0.9401107, 51.8848241 ], [ 0.940064099999989, 51.88487 ], [ 0.9400223, 51.88490250000001 ] ] } },
{ "type": "Feature", "properties": { "id": 74722, "nach": 0.6373118942957392 }, "geometry": { "type": "LineString", "coordinates": [ [ 0.9401373, 51.8847325 ], [ 0.9399131, 51.884621 ] ] } },
{ "type": "Feature", "properties": { "id": 76188, "nach": 0.55991074196756552 }, "geometry": { "type": "LineString", "coordinates": [ [ 0.9402728, 51.8847987 ], [ 0.9401373, 51.8847325 ] ] } },
{ "type": "Feature", "properties": { "id": 76130, "nach": 0.50564086970629596 }, "geometry": { "type": "LineString", "coordinates": [ [ 0.9515246, 51.8791667 ], [ 0.9513685, 51.8790946 ], [ 0.9513202, 51.878971200000016 ], [ 0.9512907, 51.8787055 ], [ 0.9512476, 51.8785746 ] ] } },
{ "type": "Feature", "properties": { "id": 76154, "nach": 0.59509057929730236 }, "geometry": { "type": "LineString", "coordinates": [ [ 0.9487568, 51.8786618 ], [ 0.9489914, 51.878463 ] ] } },
{ "type": "Feature", "properties": { "id": 59865, "nach": 0.55675401003882119 }, "geometry": { "type": "LineString", "coordinates": [ [ 0.9515582, 51.8786587 ], [ 0.95158, 51.8787366 ], [ 0.9516128, 51.878788400000012 ], [ 0.951745, 51.8788324 ], [ 0.9518298, 51.8788139 ], [ 0.9518928, 51.8787831 ] ] } },
{ "type": "Feature", "properties": { "id": 26611, "nach": 0.59443031518251999 }, "geometry": { "type": "LineString", "coordinates": [ [ 0.9307959, 51.8850666 ], [ 0.9308726, 51.8850964 ] ] } },
{ "type": "Feature", "properties": { "id": 41312, "nach": 0.69880494630653978 }, "geometry": { "type": "LineString", "coordinates": [ [ 0.9305598, 51.8853381 ], [ 0.9308726, 51.8850964 ] ] } },
{ "type": "Feature", "properties": { "id": 26610, "nach": 0.57314555892861663 }, "geometry": { "type": "LineString", "coordinates": [ [ 0.9307959, 51.8850666 ], [ 0.9309278, 51.8849556 ], [ 0.9308912, 51.884938800000015 ], [ 0.9307609, 51.885028 ], [ 0.9307144, 51.8850337 ] ] } },
{ "type": "Feature", "properties": { "id": 55013, "nach": 0.69943728177616216 }, "geometry": { "type": "LineString", "coordinates": [ [ 0.9304142, 51.8854502 ], [ 0.9305598, 51.8853381 ] ] } },
{ "type": "Feature", "properties": { "id": 41314, "nach": 0.49935605516375181 }, "geometry": { "type": "LineString", "coordinates": [ [ 0.9306689, 51.8855817 ], [ 0.9308043, 51.885462500000017 ], [ 0.9307471, 51.8854281 ], [ 0.9306448, 51.885378899999978 ], [ 0.9305598, 51.8853381 ] ] } },
{ "type": "Feature", "properties": { "id": 25683, "nach": 0.61037019043527108 }, "geometry": { "type": "LineString", "coordinates": [ [ 0.9354843, 51.8848516 ], [ 0.9354816, 51.8849336 ] ] } },
{ "type": "Feature", "properties": { "id": 34699, "nach": 0.65817706148092769 }, "geometry": { "type": "LineString", "coordinates": [ [ 0.9352969, 51.8852487 ], [ 0.9351152, 51.8852277 ], [ 0.9348455, 51.8852638 ], [ 0.9346777, 51.8852987 ] ] } },
{ "type": "Feature", "properties": { "id": 34698, "nach": 0.48097184043112873 }, "geometry": { "type": "LineString", "coordinates": [ [ 0.9352969, 51.8852487 ], [ 0.9353184, 51.8851825 ], [ 0.9352621, 51.885065 ], [ 0.935336, 51.8849878 ] ] } },
{ "type": "Feature", "properties": { "id": 34707, "nach": 0.65854481603899651 }, "geometry": { "type": "LineString", "coordinates": [ [ 0.9355303, 51.8854226 ], [ 0.9354471, 51.8853563 ], [ 0.9352969, 51.8852487 ] ] } },
{ "type": "Feature", "properties": { "id": 15921, "nach": 0.4961911706368457 }, "geometry": { "type": "LineString", "coordinates": [ [ 0.9367516, 51.8852585 ], [ 0.9364964, 51.8852066 ] ] } },
{ "type": "Feature", "properties": { "id": 71351, "nach": 0.6241047840958589 }, "geometry": { "type": "LineString", "coordinates": [ [ 0.9361774, 51.885175099999984 ], [ 0.9361891, 51.8851489 ], [ 0.9364964, 51.8852066 ] ] } },
{ "type": "Feature", "properties": { "id": 71350, "nach": 0.62610960424500572 }, "geometry": { "type": "LineString", "coordinates": [ [ 0.9361774, 51.885175099999984 ], [ 0.9360354, 51.8854037 ] ] } },
{ "type": "Feature", "properties": { "id": 71355, "nach": 0.45732084411773705 }, "geometry": { "type": "LineString", "coordinates": [ [ 0.9362013, 51.885013 ], [ 0.9361659, 51.8850812 ], [ 0.9361553, 51.8851446 ], [ 0.9361774, 51.885175099999984 ] ] } },
{ "type": "Feature", "properties": { "id": 25736, "nach": 0.62139202305640318 }, "geometry": { "type": "LineString", "coordinates": [ [ 0.9375219, 51.885543200000015 ], [ 0.9378512, 51.8855298 ] ] } },
{ "type": "Feature", "properties": { "id": 71356, "nach": 0.64843769255005168 }, "geometry": { "type": "LineString", "coordinates": [ [ 0.9382769, 51.8857755 ], [ 0.9382144, 51.8857484 ], [ 0.9379798, 51.8856321 ], [ 0.9378512, 51.8855298 ] ] } },
{ "type": "Feature", "properties": { "id": 71339, "nach": 0.59812172769874727 }, "geometry": { "type": "LineString", "coordinates": [ [ 0.9366969, 51.8855584 ], [ 0.9368955, 51.8856345 ], [ 0.9373301, 51.8857172 ], [ 0.9374561, 51.8856096 ], [ 0.9375219, 51.885543200000015 ] ] } },
{ "type": "Feature", "properties": { "id": 71345, "nach": 0.52491873032018666 }, "geometry": { "type": "LineString", "coordinates": [ [ 0.9372837, 51.8855257 ], [ 0.9373767, 51.8855335 ], [ 0.9375219, 51.885543200000015 ] ] } },
{ "type": "Feature", "properties": { "id": 71357, "nach": 0.42598848842431658 }, "geometry": { "type": "LineString", "coordinates": [ [ 0.9382769, 51.8857755 ], [ 0.9382963, 51.88577930000001 ], [ 0.9384061, 51.8856898 ], [ 0.9388184, 51.885853 ], [ 0.938855499999988, 51.8858245 ] ] } },
{ "type": "Feature", "properties": { "id": 71361, "nach": 0.64623024351889646 }, "geometry": { "type": "LineString", "coordinates": [ [ 0.9386276, 51.8861432 ], [ 0.9381358, 51.8859303 ], [ 0.9382801, 51.8857904 ], [ 0.9382769, 51.8857755 ] ] } },
{ "type": "Feature", "properties": { "id": 76588, "nach": 0.47920349517238003 }, "geometry": { "type": "LineString", "coordinates": [ [ 0.9383239, 51.8847825 ], [ 0.937920299999989, 51.88510010000001 ] ] } },
{ "type": "Feature", "properties": { "id": 25718, "nach": 0.55815020553870964 }, "geometry": { "type": "LineString", "coordinates": [ [ 0.9382203, 51.8852438 ], [ 0.937920299999989, 51.88510010000001 ] ] } },
{ "type": "Feature", "properties": { "id": 76606, "nach": 0.48924124396284008 }, "geometry": { "type": "LineString", "coordinates": [ [ 0.9392661, 51.88511840000001 ], [ 0.9393737, 51.8851722 ] ] } },
{ "type": "Feature", "properties": { "id": 76607, "nach": 0.61806896251589893 }, "geometry": { "type": "LineString", "coordinates": [ [ 0.9392661, 51.88511840000001 ], [ 0.9392356, 51.8851031 ] ] } },
{ "type": "Feature", "properties": { "id": 76611, "nach": 0.60101198164832781 }, "geometry": { "type": "LineString", "coordinates": [ [ 0.9393754, 51.8850402 ], [ 0.9392661, 51.88511840000001 ] ] } },
{ "type": "Feature", "properties": { "id": 25682, "nach": 0.59612493961869928 }, "geometry": { "type": "LineString", "coordinates": [ [ 0.9354843, 51.8848516 ], [ 0.9354901, 51.8846764 ] ] } },
{ "type": "Feature", "properties": { "id": 25685, "nach": 0.51810220626958692 }, "geometry": { "type": "LineString", "coordinates": [ [ 0.9346958, 51.88489830000001 ], [ 0.9354843, 51.8848516 ] ] } },
{ "type": "Feature", "properties": { "id": 15957, "nach": 0.48034661218742358 }, "geometry": { "type": "LineString", "coordinates": [ [ 0.9357219, 51.8833972 ], [ 0.9360164, 51.8834973 ] ] } },
{ "type": "Feature", "properties": { "id": 15958, "nach": 0.53269165602621105 }, "geometry": { "type": "LineString", "coordinates": [ [ 0.9368512, 51.8837875 ], [ 0.9360164, 51.8834973 ] ] } },
{ "type": "Feature", "properties": { "id": 15955, "nach": 0.51290302860042225 }, "geometry": { "type": "LineString", "coordinates": [ [ 0.9357175, 51.8838039 ], [ 0.9358319, 51.88368160000001 ], [ 0.9360164, 51.8834973 ] ] } },
{ "type": "Feature", "properties": { "id": 15960, "nach": 0.57018211502129612 }, "geometry": { "type": "LineString", "coordinates": [ [ 0.9368512, 51.8837875 ], [ 0.9367692, 51.883857199999987 ], [ 0.9367249, 51.8838958 ], [ 0.9365182, 51.8841163 ], [ 0.9364743, 51.884165200000012 ], [ 0.9364069, 51.8842103 ], [ 0.9363797, 51.8842597 ] ] } },
{ "type": "Feature", "properties": { "id": 25624, "nach": 0.60850640414999535 }, "geometry": { "type": "LineString", "coordinates": [ [ 0.937188, 51.8838959 ], [ 0.9368512, 51.8837875 ] ] } },
{ "type": "Feature", "properties": { "id": 15953, "nach": 0.4922827910143836 }, "geometry": { "type": "LineString", "coordinates": [ [ 0.9357175, 51.8838039 ], [ 0.935525899999989, 51.8841426 ] ] } },
{ "type": "Feature", "properties": { "id": 25621, "nach": 0.53094439743276856 }, "geometry": { "type": "LineString", "coordinates": [ [ 0.9353472, 51.8836637 ], [ 0.9357175, 51.8838039 ] ] } },
{ "type": "Feature", "properties": { "id": 15947, "nach": 0.5719032123702561 }, "geometry": { "type": "LineString", "coordinates": [ [ 0.935525899999989, 51.8841426 ], [ 0.9355088, 51.8842253 ], [ 0.935494, 51.8843739 ] ] } },
{ "type": "Feature", "properties": { "id": 25674, "nach": 0.55216977517425803 }, "geometry": { "type": "LineString", "coordinates": [ [ 0.9354901, 51.8846764 ], [ 0.9354974, 51.8844536 ], [ 0.935494, 51.8843739 ] ] } },
{ "type": "Feature", "properties": { "id": 25645, "nach": 0.5861993129445221 }, "geometry": { "type": "LineString", "coordinates": [ [ 0.9347647, 51.8842981 ], [ 0.9348659, 51.8843297 ], [ 0.9351195, 51.884370700000012 ], [ 0.935494, 51.8843739 ] ] } },
{ "type": "Feature", "properties": { "id": 15949, "nach": 0.57791962318446066 }, "geometry": { "type": "LineString", "coordinates": [ [ 0.9363797, 51.8842597 ], [ 0.9357287, 51.8841804 ], [ 0.935525899999989, 51.8841426 ] ] } },
{ "type": "Feature", "properties": { "id": 25675, "nach": 0.52299502194589675 }, "geometry": { "type": "LineString", "coordinates": [ [ 0.9354901, 51.8846764 ], [ 0.935326, 51.8846795 ], [ 0.9352793, 51.8846589 ], [ 0.934848699999989, 51.884593 ] ] } },
{ "type": "Feature", "properties": { "id": 25643, "nach": 0.58550429242857616 }, "geometry": { "type": "LineString", "coordinates": [ [ 0.9347647, 51.8842981 ], [ 0.9347167, 51.8842831 ] ] } },
{ "type": "Feature", "properties": { "id": 25664, "nach": 0.37057139058579602 }, "geometry": { "type": "LineString", "coordinates": [ [ 0.9345577, 51.8845361 ], [ 0.9347647, 51.8842981 ] ] } },
{ "type": "Feature", "properties": { "id": 15945, "nach": 0.47942591778168531 }, "geometry": { "type": "LineString", "coordinates": [ [ 0.9345471, 51.8839896 ], [ 0.9343461, 51.8841074 ] ] } },
{ "type": "Feature", "properties": { "id": 25637, "nach": 0.56548393142043263 }, "geometry": { "type": "LineString", "coordinates": [ [ 0.9347167, 51.8842831 ], [ 0.934626899999989, 51.8842551 ], [ 0.9343461, 51.8841074 ] ] } },
{ "type": "Feature", "properties": { "id": 25648, "nach": 0.50599961625034362 }, "geometry": { "type": "LineString", "coordinates": [ [ 0.934069, 51.8843313 ], [ 0.934246299999988, 51.8841761 ], [ 0.9343461, 51.8841074 ] ] } },
{ "type": "Feature", "properties": { "id": 25638, "nach": 0.52324902383271188 }, "geometry": { "type": "LineString", "coordinates": [ [ 0.9347167, 51.8842831 ], [ 0.9348335, 51.8841824 ], [ 0.9350908, 51.8839114 ], [ 0.9352584, 51.8837483 ], [ 0.9353472, 51.8836637 ] ] } },
{ "type": "Feature", "properties": { "id": 25660, "nach": 0.59165985035503177 }, "geometry": { "type": "LineString", "coordinates": [ [ 0.9345016, 51.8845202 ], [ 0.9345648, 51.8844501 ], [ 0.9347167, 51.8842831 ] ] } },
{ "type": "Feature", "properties": { "id": 25646, "nach": 0.49398152096637932 }, "geometry": { "type": "LineString", "coordinates": [ [ 0.934069, 51.8843313 ], [ 0.9338243, 51.8842414 ] ] } },
{ "type": "Feature", "properties": { "id": 25663, "nach": 0.40870099722413611 }, "geometry": { "type": "LineString", "coordinates": [ [ 0.9339589, 51.8845302 ], [ 0.9339806, 51.8845112 ], [ 0.9340291, 51.884453899999983 ], [ 0.9339696, 51.8844183 ], [ 0.934069, 51.8843313 ] ] } },
{ "type": "Feature", "properties": { "id": 70907, "nach": 0.57294864540339863 }, "geometry": { "type": "LineString", "coordinates": [ [ 0.9368391, 51.8843264 ], [ 0.936655, 51.8842971 ], [ 0.9363797, 51.8842597 ] ] } },
{ "type": "Feature", "properties": { "id": 70905, "nach": 0.62627912199353686 }, "geometry": { "type": "LineString", "coordinates": [ [ 0.9368391, 51.8843264 ], [ 0.9368717, 51.8843055 ] ] } },
{ "type": "Feature", "properties": { "id": 76620, "nach": 0.62162704730782836 }, "geometry": { "type": "LineString", "coordinates": [ [ 0.9368026, 51.884378 ], [ 0.9368124, 51.8843534 ], [ 0.9368391, 51.8843264 ] ] } },
{ "type": "Feature", "properties": { "id": 25620, "nach": 0.48156920388033997 }, "geometry": { "type": "LineString", "coordinates": [ [ 0.9353472, 51.8836637 ], [ 0.9352277, 51.8836218 ] ] } },
{ "type": "Feature", "properties": { "id": 34663, "nach": 0.64723685483001936 }, "geometry": { "type": "LineString", "coordinates": [ [ 0.9372598, 51.8839292 ], [ 0.937188, 51.8838959 ] ] } },
{ "type": "Feature", "properties": { "id": 25641, "nach": 0.60046809115518074 }, "geometry": { "type": "LineString", "coordinates": [ [ 0.9368717, 51.8843055 ], [ 0.9368126, 51.8842841 ], [ 0.937188, 51.8838959 ] ] } },
{ "type": "Feature", "properties": { "id": 76169, "nach": 0.33318871573729625 }, "geometry": { "type": "LineString", "coordinates": [ [ 0.9339537, 51.884535200000016 ], [ 0.9338514, 51.8846345 ], [ 0.9337877, 51.8846266 ], [ 0.9336794, 51.8845927 ], [ 0.9335534, 51.884613100000017 ] ] } },
{ "type": "Feature", "properties": { "id": 25653, "nach": 0.57275868002751773 }, "geometry": { "type": "LineString", "coordinates": [ [ 0.9334985, 51.884457400000016 ], [ 0.933491899999989, 51.8845408 ], [ 0.9335534, 51.884613100000017 ] ] } },
{ "type": "Feature", "properties": { "id": 76170, "nach": 0.49395066894561895 }, "geometry": { "type": "LineString", "coordinates": [ [ 0.9339537, 51.884535200000016 ], [ 0.9341334, 51.884599399999985 ], [ 0.9343565, 51.8846783 ] ] } },
{ "type": "Feature", "properties": { "id": 25654, "nach": 0.0 }, "geometry": { "type": "LineString", "coordinates": [ [ 0.9334985, 51.884457400000016 ], [ 0.9334819, 51.884409 ], [ 0.9334568, 51.884372900000017 ], [ 0.9334885, 51.8842792 ], [ 0.9335403, 51.884216300000013 ], [ 0.9336187, 51.8841658 ], [ 0.9338243, 51.8842414 ] ] } },
{ "type": "Feature", "properties": { "id": 25652, "nach": 0.55444165272351509 }, "geometry": { "type": "LineString", "coordinates": [ [ 0.9334985, 51.884457400000016 ], [ 0.9335603, 51.8844347 ], [ 0.9336504, 51.8844162 ] ] } },
{ "type": "Feature", "properties": { "id": 15973, "nach": 0.67607448882945986 }, "geometry": { "type": "LineString", "coordinates": [ [ 0.931782, 51.8848924 ], [ 0.9314274, 51.8847639 ] ] } },
{ "type": "Feature", "properties": { "id": 30741, "nach": 0.2351409417149424 }, "geometry": { "type": "LineString", "coordinates": [ [ 0.9510184, 51.8813212 ], [ 0.9502721, 51.88130610000001 ], [ 0.9493474, 51.8812593 ], [ 0.9485631, 51.8811891 ], [ 0.9477807, 51.881129200000011 ], [ 0.9472616, 51.881107 ], [ 0.946307, 51.8811413 ], [ 0.9455751, 51.8811655 ], [ 0.9426036, 51.8813021 ], [ 0.9417668, 51.8813497 ], [ 0.9408556, 51.8814445 ], [ 0.940098, 51.8815498 ] ] } },
{ "type": "Feature", "properties": { "id": 30739, "nach": 0.38509666006086352 }, "geometry": { "type": "LineString", "coordinates": [ [ 0.9510184, 51.8813212 ], [ 0.9509696, 51.8813823 ] ] } },
{ "type": "Feature", "properties": { "id": 25730, "nach": 0.48704011474604142 }, "geometry": { "type": "LineString", "coordinates": [ [ 0.9401029, 51.8854861 ], [ 0.9399558, 51.885440600000017 ] ] } },
{ "type": "Feature", "properties": { "id": 68633, "nach": 0.48124029370245658 }, "geometry": { "type": "LineString", "coordinates": [ [ 0.9323751, 51.8849366 ], [ 0.9324971, 51.8849324 ] ] } },
{ "type": "Feature", "properties": { "id": 68635, "nach": 0.48137411891613918 }, "geometry": { "type": "LineString", "coordinates": [ [ 0.9323824, 51.885002 ], [ 0.9323751, 51.8849366 ] ] } },
{ "type": "Feature", "properties": { "id": 47884, "nach": 0.61833580415398481 }, "geometry": { "type": "LineString", "coordinates": [ [ 0.9303844, 51.8867296 ], [ 0.9308614, 51.8863375 ] ] } },
{ "type": "Feature", "properties": { "id": 23009, "nach": 0.66072384658133332 }, "geometry": { "type": "LineString", "coordinates": [ [ 0.9322807, 51.8868988 ], [ 0.9320899, 51.8868266 ], [ 0.9308614, 51.8863375 ] ] } },
{ "type": "Feature", "properties": { "id": 47883, "nach": 0.5996313171042339 }, "geometry": { "type": "LineString", "coordinates": [ [ 0.9303844, 51.8867296 ], [ 0.930299, 51.8867826 ] ] } },
{ "type": "Feature", "properties": { "id": 47885, "nach": 0.52292859695531813 }, "geometry": { "type": "LineString", "coordinates": [ [ 0.9303844, 51.8867296 ], [ 0.9302803, 51.886734 ] ] } },
{ "type": "Feature", "properties": { "id": 23014, "nach": 0.66367150760723403 }, "geometry": { "type": "LineString", "coordinates": [ [ 0.9323131, 51.8870031 ], [ 0.9322807, 51.8868988 ] ] } },
{ "type": "Feature", "properties": { "id": 23010, "nach": 0.50499250396225015 }, "geometry": { "type": "LineString", "coordinates": [ [ 0.9324229, 51.8866713 ], [ 0.9322807, 51.8868988 ] ] } },
{ "type": "Feature", "properties": { "id": 41195, "nach": 0.63370552991993134 }, "geometry": { "type": "LineString", "coordinates": [ [ 0.9302803, 51.886734 ], [ 0.9302384, 51.88671690000001 ], [ 0.930198, 51.8866987 ] ] } },
{ "type": "Feature", "properties": { "id": 69461, "nach": 0.57733095590018957 }, "geometry": { "type": "LineString", "coordinates": [ [ 0.9291039, 51.8875032 ], [ 0.9296107, 51.887152 ], [ 0.930198, 51.8866987 ] ] } },
{ "type": "Feature", "properties": { "id": 17137, "nach": 0.68070505220706867 }, "geometry": { "type": "LineString", "coordinates": [ [ 0.930717802974053, 51.886232692458414 ], [ 0.930198, 51.8866987 ] ] } },
{ "type": "Feature", "properties": { "id": 41252, "nach": 0.64206669036621644 }, "geometry": { "type": "LineString", "coordinates": [ [ 0.9302424, 51.8867521 ], [ 0.9302803, 51.886734 ] ] } },
{ "type": "Feature", "properties": { "id": 29970, "nach": 0.66925059687235477 }, "geometry": { "type": "LineString", "coordinates": [ [ 0.9293713, 51.8874821 ], [ 0.9292449, 51.88757 ] ] } },
{ "type": "Feature", "properties": { "id": 69454, "nach": 0.49641582611754476 }, "geometry": { "type": "LineString", "coordinates": [ [ 0.9291371, 51.8876355 ], [ 0.9292449, 51.88757 ] ] } },
{ "type": "Feature", "properties": { "id": 41191, "nach": 0.66090158940227917 }, "geometry": { "type": "LineString", "coordinates": [ [ 0.9291738, 51.8875424 ], [ 0.9291873, 51.8875506 ], [ 0.9292449, 51.88757 ] ] } },
{ "type": "Feature", "properties": { "id": 29971, "nach": 0.70455171390484272 }, "geometry": { "type": "LineString", "coordinates": [ [ 0.9293713, 51.8874821 ], [ 0.9297485, 51.88767570000001 ], [ 0.9297083, 51.8877055 ], [ 0.9300944, 51.88790070000001 ] ] } },
{ "type": "Feature", "properties": { "id": 29975, "nach": 0.65934804511983569 }, "geometry": { "type": "LineString", "coordinates": [ [ 0.930299, 51.8867826 ], [ 0.9302086, 51.886848 ], [ 0.9300717, 51.8869517 ], [ 0.9293713, 51.8874821 ] ] } },
{ "type": "Feature", "properties": { "id": 69460, "nach": 0.49075513172149737 }, "geometry": { "type": "LineString", "coordinates": [ [ 0.9291039, 51.8875032 ], [ 0.9291738, 51.8875424 ] ] } },
{ "type": "Feature", "properties": { "id": 41253, "nach": 0.51438259105748163 }, "geometry": { "type": "LineString", "coordinates": [ [ 0.9302424, 51.8867521 ], [ 0.930119, 51.8868308 ], [ 0.929942, 51.8869748 ], [ 0.9294417, 51.8873423 ], [ 0.9291738, 51.8875424 ] ] } },
{ "type": "Feature", "properties": { "id": 69467, "nach": 0.57354615431132927 }, "geometry": { "type": "LineString", "coordinates": [ [ 0.929015, 51.887564800000014 ], [ 0.9291039, 51.8875032 ] ] } },
{ "type": "Feature", "properties": { "id": 17241, "nach": 0.55005065515213547 }, "geometry": { "type": "LineString", "coordinates": [ [ 0.9383792, 51.8863642 ], [ 0.938123, 51.88624260000001 ], [ 0.938050499999988, 51.8862279 ], [ 0.9379352, 51.8862361 ], [ 0.9378088, 51.8862166 ], [ 0.9375357, 51.8861239 ], [ 0.9374308, 51.886096 ], [ 0.9371864, 51.8860643 ], [ 0.9371778, 51.8860042 ], [ 0.9366588, 51.8858494 ], [ 0.9365574, 51.8857995 ], [ 0.9361323, 51.8857223 ] ] } },
{ "type": "Feature", "properties": { "id": 17204, "nach": 0.55483045037194623 }, "geometry": { "type": "LineString", "coordinates": [ [ 0.9336095, 51.8857801 ], [ 0.9331356, 51.88560540000001 ] ] } },
{ "type": "Feature", "properties": { "id": 17192, "nach": 0.48096608221826598 }, "geometry": { "type": "LineString", "coordinates": [ [ 0.9333541, 51.8850801 ], [ 0.9331356, 51.88560540000001 ] ] } },
{ "type": "Feature", "properties": { "id": 25537, "nach": 0.46231405297182743 }, "geometry": { "type": "LineString", "coordinates": [ [ 0.9316241, 51.88653690000001 ], [ 0.9316885, 51.8864839 ], [ 0.9320211, 51.8861595 ], [ 0.932244, 51.8859183 ], [ 0.9324744, 51.88569840000001 ], [ 0.9327544, 51.8856343 ], [ 0.9331356, 51.88560540000001 ] ] } },
{ "type": "Feature", "properties": { "id": 28966, "nach": 0.56901895604436814 }, "geometry": { "type": "LineString", "coordinates": [ [ 0.9337944, 51.8859124 ], [ 0.9336095, 51.8857801 ] ] } },
{ "type": "Feature", "properties": { "id": 74709, "nach": 0.5633322441494556 }, "geometry": { "type": "LineString", "coordinates": [ [ 0.9334191, 51.8862519 ], [ 0.9336095, 51.8857801 ] ] } },
{ "type": "Feature", "properties": { "id": 34154, "nach": 0.66510975794729832 }, "geometry": { "type": "LineString", "coordinates": [ [ 0.9326382, 51.887224600000017 ], [ 0.9325809, 51.887129400000013 ], [ 0.9324136, 51.88705920000001 ], [ 0.9323131, 51.8870031 ] ] } },
{ "type": "Feature", "properties": { "id": 34148, "nach": 0.69816147772640624 }, "geometry": { "type": "LineString", "coordinates": [ [ 0.9331882, 51.88715 ], [ 0.9336895, 51.886913 ] ] } },
{ "type": "Feature", "properties": { "id": 74703, "nach": 0.68232637665575024 }, "geometry": { "type": "LineString", "coordinates": [ [ 0.9337563, 51.8868762 ], [ 0.9336895, 51.886913 ] ] } },
{ "type": "Feature", "properties": { "id": 17225, "nach": 0.68791245470501872 }, "geometry": { "type": "LineString", "coordinates": [ [ 0.934109, 51.887152800000017 ], [ 0.9336895, 51.886913 ] ] } },
{ "type": "Feature", "properties": { "id": 34149, "nach": 0.65551073407959104 }, "geometry": { "type": "LineString", "coordinates": [ [ 0.9331882, 51.88715 ], [ 0.9330938, 51.8871947 ], [ 0.9327026, 51.8873249 ] ] } },
{ "type": "Feature", "properties": { "id": 34150, "nach": 0.65984904702319569 }, "geometry": { "type": "LineString", "coordinates": [ [ 0.9331882, 51.88715 ], [ 0.9331003, 51.8870983 ], [ 0.9328084, 51.8871793 ] ] } },
{ "type": "Feature", "properties": { "id": 74710, "nach": 0.54550757145121886 }, "geometry": { "type": "LineString", "coordinates": [ [ 0.9334191, 51.8862519 ], [ 0.9331594, 51.88689560000001 ], [ 0.9331882, 51.88715 ] ] } },
{ "type": "Feature", "properties": { "id": 74704, "nach": 0.67302181786091764 }, "geometry": { "type": "LineString", "coordinates": [ [ 0.9337563, 51.8868762 ], [ 0.9337924, 51.8868564 ], [ 0.9344108, 51.8864984 ], [ 0.9344241, 51.8864791 ] ] } },
{ "type": "Feature", "properties": { "id": 74707, "nach": 0.52345728112051926 }, "geometry": { "type": "LineString", "coordinates": [ [ 0.93375, 51.88644 ], [ 0.9334968, 51.8865719 ], [ 0.9334364, 51.886619 ], [ 0.9334458, 51.886657899999989 ], [ 0.9335424, 51.8867258 ], [ 0.9337563, 51.8868762 ] ] } },
{ "type": "Feature", "properties": { "id": 17231, "nach": 0.68714686320199969 }, "geometry": { "type": "LineString", "coordinates": [ [ 0.9342817, 51.8872349 ], [ 0.934109, 51.887152800000017 ] ] } },
{ "type": "Feature", "properties": { "id": 17229, "nach": 0.0 }, "geometry": { "type": "LineString", "coordinates": [ [ 0.9345606, 51.8869864 ], [ 0.9344211, 51.8869003 ], [ 0.934109, 51.887152800000017 ] ] } },
{ "type": "Feature", "properties": { "id": 28965, "nach": 0.53927480063640354 }, "geometry": { "type": "LineString", "coordinates": [ [ 0.9337944, 51.8859124 ], [ 0.9341492, 51.8862388 ] ] } },
{ "type": "Feature", "properties": { "id": 69866, "nach": 0.59067998311077197 }, "geometry": { "type": "LineString", "coordinates": [ [ 0.9343131, 51.88565950000001 ], [ 0.9340578, 51.885798400000013 ], [ 0.9337944, 51.8859124 ] ] } },
{ "type": "Feature", "properties": { "id": 74711, "nach": 0.49527344886142538 }, "geometry": { "type": "LineString", "coordinates": [ [ 0.9334191, 51.8862519 ], [ 0.933474, 51.8862614 ], [ 0.93375, 51.88644 ] ] } },
{ "type": "Feature", "properties": { "id": 17209, "nach": 0.48841515803873065 }, "geometry": { "type": "LineString", "coordinates": [ [ 0.9341492, 51.8862388 ], [ 0.9344927, 51.8860105 ], [ 0.9348744, 51.8859037 ], [ 0.934869, 51.8858226 ] ] } },
{ "type": "Feature", "properties": { "id": 17211, "nach": 0.56824646482938623 }, "geometry": { "type": "LineString", "coordinates": [ [ 0.9344241, 51.8864791 ], [ 0.9341492, 51.8862388 ] ] } },
{ "type": "Feature", "properties": { "id": 74706, "nach": 0.45490565561061364 }, "geometry": { "type": "LineString", "coordinates": [ [ 0.93375, 51.88644 ], [ 0.9337798, 51.8864245 ], [ 0.9341492, 51.8862388 ] ] } },
{ "type": "Feature", "properties": { "id": 34709, "nach": 0.66999223263727936 }, "geometry": { "type": "LineString", "coordinates": [ [ 0.935374, 51.8861544 ], [ 0.9351884, 51.8861892 ], [ 0.9344241, 51.8864791 ] ] } },
{ "type": "Feature", "properties": { "id": 34710, "nach": 0.65374331729307822 }, "geometry": { "type": "LineString", "coordinates": [ [ 0.935374, 51.8861544 ], [ 0.9356223, 51.8861078 ], [ 0.9359762, 51.8860603 ] ] } },
{ "type": "Feature", "properties": { "id": 73712, "nach": 0.58474663101987479 }, "geometry": { "type": "LineString", "coordinates": [ [ 0.9353472, 51.8857526 ], [ 0.9353506, 51.8857967 ], [ 0.9352943, 51.8858712 ], [ 0.9353372, 51.8860682 ], [ 0.935374, 51.8861544 ] ] } },
{ "type": "Feature", "properties": { "id": 17217, "nach": 0.65627907950478792 }, "geometry": { "type": "LineString", "coordinates": [ [ 0.9361323, 51.8857223 ], [ 0.9359762, 51.8860603 ] ] } },
{ "type": "Feature", "properties": { "id": 17234, "nach": 0.64226188932268169 }, "geometry": { "type": "LineString", "coordinates": [ [ 0.9366527, 51.886151500000011 ], [ 0.9364452, 51.8860915 ], [ 0.9359762, 51.8860603 ] ] } },
{ "type": "Feature", "properties": { "id": 74713, "nach": 0.66711885535406135 }, "geometry": { "type": "LineString", "coordinates": [ [ 0.9362569, 51.885452100000016 ], [ 0.9361323, 51.8857223 ] ] } },
{ "type": "Feature", "properties": { "id": 73714, "nach": 0.45934536321659614 }, "geometry": { "type": "LineString", "coordinates": [ [ 0.9353472, 51.8857526 ], [ 0.9356731, 51.8857948 ], [ 0.9357485, 51.8856581 ], [ 0.9361323, 51.8857223 ] ] } },
{ "type": "Feature", "properties": { "id": 17233, "nach": 0.54238552702212928 }, "geometry": { "type": "LineString", "coordinates": [ [ 0.9366527, 51.886151500000011 ], [ 0.936302, 51.8866497 ] ] } },
{ "type": "Feature", "properties": { "id": 74714, "nach": 0.61008157920468487 }, "geometry": { "type": "LineString", "coordinates": [ [ 0.9362569, 51.885452100000016 ], [ 0.9366355, 51.88553490000001 ], [ 0.9366969, 51.8855584 ] ] } },
{ "type": "Feature", "properties": { "id": 74712, "nach": 0.66320290182932717 }, "geometry": { "type": "LineString", "coordinates": [ [ 0.9362569, 51.885452100000016 ], [ 0.9360354, 51.8854037 ] ] } },
{ "type": "Feature", "properties": { "id": 73713, "nach": 0.59136264863573573 }, "geometry": { "type": "LineString", "coordinates": [ [ 0.9353472, 51.8857526 ], [ 0.935342499999989, 51.8856908 ], [ 0.9352218, 51.8855666 ] ] } },
{ "type": "Feature", "properties": { "id": 71366, "nach": 0.53549554890164075 }, "geometry": { "type": "LineString", "coordinates": [ [ 0.9353688, 51.886625 ], [ 0.9353837, 51.8865806 ], [ 0.9354512, 51.8865324 ], [ 0.9355442, 51.886510900000012 ], [ 0.9356423, 51.8865175 ], [ 0.936141799999988, 51.8866095 ], [ 0.936302, 51.8866497 ] ] } },
{ "type": "Feature", "properties": { "id": 71367, "nach": 0.54243818941970012 }, "geometry": { "type": "LineString", "coordinates": [ [ 0.9353688, 51.886625 ], [ 0.9352898, 51.8866333 ], [ 0.9352603, 51.8866878 ], [ 0.935177, 51.8868647 ], [ 0.9351373, 51.886903 ], [ 0.9350399, 51.886964900000024 ] ] } },
{ "type": "Feature", "properties": { "id": 17230, "nach": 0.61996260279553839 }, "geometry": { "type": "LineString", "coordinates": [ [ 0.9342817, 51.8872349 ], [ 0.9345606, 51.8869864 ] ] } },
{ "type": "Feature", "properties": { "id": 34586, "nach": 0.66525169704118003 }, "geometry": { "type": "LineString", "coordinates": [ [ 0.9344664, 51.8877173 ], [ 0.9344865, 51.8875213 ], [ 0.9344704, 51.8874319 ], [ 0.9343491, 51.8873776 ], [ 0.934339799999988, 51.8873072 ], [ 0.9342822, 51.8872732 ], [ 0.9342817, 51.8872349 ] ] } },
{ "type": "Feature", "properties": { "id": 71362, "nach": 0.61642524611951843 }, "geometry": { "type": "LineString", "coordinates": [ [ 0.9350399, 51.886964900000024 ], [ 0.9345606, 51.8869864 ] ] } },
{ "type": "Feature", "properties": { "id": 73721, "nach": 0.6142236452551465 }, "geometry": { "type": "LineString", "coordinates": [ [ 0.935558, 51.887043 ], [ 0.9351507, 51.8869599 ], [ 0.9350399, 51.886964900000024 ] ] } },
{ "type": "Feature", "properties": { "id": 25604, "nach": 0.45310441645943283 }, "geometry": { "type": "LineString", "coordinates": [ [ 0.9454639, 51.8777082 ], [ 0.9454225, 51.8776857 ] ] } },
{ "type": "Feature", "properties": { "id": 25605, "nach": 0.64764436457414165 }, "geometry": { "type": "LineString", "coordinates": [ [ 0.9454639, 51.8777082 ], [ 0.9458702, 51.8773563 ] ] } },
{ "type": "Feature", "properties": { "id": 76119, "nach": 0.64706461792267389 }, "geometry": { "type": "LineString", "coordinates": [ [ 0.945335, 51.8778062 ], [ 0.9454639, 51.8777082 ] ] } },
{ "type": "Feature", "properties": { "id": 17612, "nach": 0.52808823432654095 }, "geometry": { "type": "LineString", "coordinates": [ [ 0.9467362, 51.87544410000001 ], [ 0.9465391, 51.8756803 ] ] } },
{ "type": "Feature", "properties": { "id": 17776, "nach": 0.53188940997325618 }, "geometry": { "type": "LineString", "coordinates": [ [ 0.9474651, 51.8758335 ], [ 0.9469895, 51.875827 ], [ 0.9465391, 51.8756803 ] ] } },
{ "type": "Feature", "properties": { "id": 38504, "nach": 0.42388578248599917 }, "geometry": { "type": "LineString", "coordinates": [ [ 0.9459399, 51.8760978 ], [ 0.9461772, 51.8758263 ], [ 0.9463133, 51.87580470000001 ], [ 0.9463614, 51.8757507 ], [ 0.9465391, 51.8756803 ] ] } },
{ "type": "Feature", "properties": { "id": 17690, "nach": 0.57405682558650095 }, "geometry": { "type": "LineString", "coordinates": [ [ 0.9464948, 51.8752259 ], [ 0.9464873, 51.8752851 ], [ 0.9466923, 51.8753557 ], [ 0.9467362, 51.87544410000001 ] ] } },
{ "type": "Feature", "properties": { "id": 17621, "nach": 0.53062620159517804 }, "geometry": { "type": "LineString", "coordinates": [ [ 0.9474704, 51.8752214 ], [ 0.9472038, 51.8753136 ], [ 0.9469088, 51.8753798 ], [ 0.9467362, 51.87544410000001 ] ] } },
{ "type": "Feature", "properties": { "id": 44895, "nach": 0.53932265654914835 }, "geometry": { "type": "LineString", "coordinates": [ [ 0.9482176, 51.8758555 ], [ 0.9481028, 51.8758372 ], [ 0.9474651, 51.8758335 ] ] } },
{ "type": "Feature", "properties": { "id": 17688, "nach": 0.45696785054161665 }, "geometry": { "type": "LineString", "coordinates": [ [ 0.9464948, 51.8752259 ], [ 0.9468501, 51.8747785 ] ] } },
{ "type": "Feature", "properties": { "id": 17689, "nach": 0.57507274984925572 }, "geometry": { "type": "LineString", "coordinates": [ [ 0.9464948, 51.8752259 ], [ 0.9463103, 51.875208 ], [ 0.9460478, 51.8751218 ] ] } },
{ "type": "Feature", "properties": { "id": 17623, "nach": 0.46168213843351313 }, "geometry": { "type": "LineString", "coordinates": [ [ 0.9478082, 51.8749636 ], [ 0.9474704, 51.8752214 ] ] } },
{ "type": "Feature", "properties": { "id": 41867, "nach": 0.51179536975536799 }, "geometry": { "type": "LineString", "coordinates": [ [ 0.9478989, 51.8751044 ], [ 0.9474704, 51.8752214 ] ] } },
{ "type": "Feature", "properties": { "id": 17627, "nach": 0.4461354364497982 }, "geometry": { "type": "LineString", "coordinates": [ [ 0.9468501, 51.8747785 ], [ 0.9472651, 51.8742882 ] ] } },
{ "type": "Feature", "properties": { "id": 41854, "nach": 0.56453851239829766 }, "geometry": { "type": "LineString", "coordinates": [ [ 0.9474559, 51.8743554 ], [ 0.9472651, 51.8742882 ] ] } },
{ "type": "Feature", "properties": { "id": 75535, "nach": 0.60458906329320528 }, "geometry": { "type": "LineString", "coordinates": [ [ 0.9468415, 51.874187 ], [ 0.9471369, 51.8742374 ], [ 0.9472651, 51.8742882 ] ] } },
{ "type": "Feature", "properties": { "id": 17790, "nach": 0.56270338115319396 }, "geometry": { "type": "LineString", "coordinates": [ [ 0.9474366, 51.8740128 ], [ 0.9474093, 51.8740964 ], [ 0.9473819, 51.8741799 ], [ 0.9472651, 51.8742882 ] ] } },
{ "type": "Feature", "properties": { "id": 41851, "nach": 0.40324520584849038 }, "geometry": { "type": "LineString", "coordinates": [ [ 0.947768, 51.874914 ], [ 0.9477413, 51.8748885 ], [ 0.9476595, 51.8749033 ], [ 0.9475122, 51.8748932 ], [ 0.9473856, 51.8749159 ], [ 0.9468501, 51.8747785 ] ] } },
{ "type": "Feature", "properties": { "id": 41855, "nach": 0.59495074954503291 }, "geometry": { "type": "LineString", "coordinates": [ [ 0.9474559, 51.8743554 ], [ 0.9477885, 51.8748506 ], [ 0.947768, 51.874914 ] ] } },
{ "type": "Feature", "properties": { "id": 41862, "nach": 0.47226612896312664 }, "geometry": { "type": "LineString", "coordinates": [ [ 0.9485295, 51.87453 ], [ 0.9484054, 51.8746535 ], [ 0.9482622, 51.8746412 ], [ 0.9481351, 51.874476899999976 ], [ 0.9479801, 51.8743182 ], [ 0.9479565, 51.874303500000011 ], [ 0.9479144, 51.8742829 ], [ 0.9478394, 51.8742582 ], [ 0.9478101, 51.874254 ], [ 0.9477877, 51.8742552 ], [ 0.9477566, 51.874260200000016 ], [ 0.9477295, 51.8742677 ], [ 0.9474559, 51.8743554 ] ] } },
{ "type": "Feature", "properties": { "id": 75534, "nach": 0.57068281367987439 }, "geometry": { "type": "LineString", "coordinates": [ [ 0.9468415, 51.874187 ], [ 0.9466995, 51.8741628 ] ] } },
{ "type": "Feature", "properties": { "id": 75536, "nach": 0.53295913686267327 }, "geometry": { "type": "LineString", "coordinates": [ [ 0.9468415, 51.874187 ], [ 0.9467449, 51.8743882 ], [ 0.9463077, 51.8743253 ], [ 0.9457418, 51.8742921 ] ] } },
{ "type": "Feature", "properties": { "id": 26191, "nach": 0.57053663209550309 }, "geometry": { "type": "LineString", "coordinates": [ [ 0.9475636, 51.8738458 ], [ 0.9474901, 51.8739243 ], [ 0.9474366, 51.8740128 ] ] } },
{ "type": "Feature", "properties": { "id": 41850, "nach": 0.6006318907355882 }, "geometry": { "type": "LineString", "coordinates": [ [ 0.947768, 51.874914 ], [ 0.9478082, 51.8749636 ] ] } },
{ "type": "Feature", "properties": { "id": 41927, "nach": 0.46101921261043594 }, "geometry": { "type": "LineString", "coordinates": [ [ 0.9481238, 51.8749911 ], [ 0.9478082, 51.8749636 ] ] } },
{ "type": "Feature", "properties": { "id": 41866, "nach": 0.60005367289692291 }, "geometry": { "type": "LineString", "coordinates": [ [ 0.9478989, 51.8751044 ], [ 0.9478082, 51.8749636 ] ] } },
{ "type": "Feature", "properties": { "id": 55822, "nach": 0.61827727439987912 }, "geometry": { "type": "LineString", "coordinates": [ [ 0.94809, 51.8751226 ], [ 0.9478989, 51.8751044 ] ] } },
{ "type": "Feature", "properties": { "id": 55888, "nach": 0.50669651507690483 }, "geometry": { "type": "LineString", "coordinates": [ [ 0.9488538, 51.8748698 ], [ 0.948831, 51.8749527 ], [ 0.9487762, 51.8749877 ], [ 0.9486646, 51.8750574 ], [ 0.948545, 51.8750566 ], [ 0.9481577, 51.8749967 ], [ 0.9481238, 51.8749911 ] ] } },
{ "type": "Feature", "properties": { "id": 55823, "nach": 0.4906182041934149 }, "geometry": { "type": "LineString", "coordinates": [ [ 0.94809, 51.8751226 ], [ 0.9481181, 51.8750684 ], [ 0.9481238, 51.8749911 ] ] } },
{ "type": "Feature", "properties": { "id": 41881, "nach": 0.66580584868178216 }, "geometry": { "type": "LineString", "coordinates": [ [ 0.9458966, 51.8772595 ], [ 0.9458702, 51.8773563 ] ] } },
{ "type": "Feature", "properties": { "id": 41883, "nach": 0.65176713560839938 }, "geometry": { "type": "LineString", "coordinates": [ [ 0.9458966, 51.8772595 ], [ 0.9461765, 51.8774828 ], [ 0.9466088, 51.8777844 ] ] } },
{ "type": "Feature", "properties": { "id": 17681, "nach": 0.43034325085026143 }, "geometry": { "type": "LineString", "coordinates": [ [ 0.945213, 51.875356899999986 ], [ 0.9451439, 51.8754795 ] ] } },
{ "type": "Feature", "properties": { "id": 17692, "nach": 0.54148807445118607 }, "geometry": { "type": "LineString", "coordinates": [ [ 0.9448214, 51.8749844 ], [ 0.9450359, 51.8750688 ], [ 0.9451646, 51.8752013 ], [ 0.945213, 51.875356899999986 ] ] } },
{ "type": "Feature", "properties": { "id": 17686, "nach": 0.53908449701798666 }, "geometry": { "type": "LineString", "coordinates": [ [ 0.9460478, 51.8751218 ], [ 0.9458465, 51.8750793 ], [ 0.9456483, 51.8751071 ], [ 0.9454007, 51.8752344 ], [ 0.945213, 51.875356899999986 ] ] } },
{ "type": "Feature", "properties": { "id": 17695, "nach": 0.61473053698965763 }, "geometry": { "type": "LineString", "coordinates": [ [ 0.9445539, 51.874994 ], [ 0.9448214, 51.8749844 ] ] } },
{ "type": "Feature", "properties": { "id": 17774, "nach": 0.58602755680020269 }, "geometry": { "type": "LineString", "coordinates": [ [ 0.9453576, 51.8746093 ], [ 0.9453495, 51.8747077 ], [ 0.9453481, 51.8747249 ], [ 0.9453324, 51.8747521 ], [ 0.9452828, 51.8747905 ], [ 0.9452282, 51.8748269 ], [ 0.9451684, 51.8748592 ], [ 0.9450816, 51.8749004 ], [ 0.9449722, 51.87494 ], [ 0.9448214, 51.8749844 ] ] } },
{ "type": "Feature", "properties": { "id": 17770, "nach": 0.4932281532722842 }, "geometry": { "type": "LineString", "coordinates": [ [ 0.945558, 51.8747275 ], [ 0.9456346, 51.8748251 ], [ 0.9456881, 51.874908 ], [ 0.9457927, 51.8750166 ], [ 0.9459258, 51.87507990000001 ], [ 0.9460478, 51.8751218 ] ] } },
{ "type": "Feature", "properties": { "id": 59814, "nach": 0.41001048194125406 }, "geometry": { "type": "LineString", "coordinates": [ [ 0.9457451, 51.8746467 ], [ 0.9457671, 51.874686 ], [ 0.9457843, 51.8747305 ], [ 0.9457992, 51.8747816 ], [ 0.9458125, 51.8748223 ], [ 0.9458338, 51.8748542 ], [ 0.9458544, 51.8748874 ], [ 0.9458774, 51.8749274 ], [ 0.9459104, 51.8749799 ], [ 0.9459418, 51.8750288 ], [ 0.9459754, 51.875073199999989 ], [ 0.9460478, 51.8751218 ] ] } },
{ "type": "Feature", "properties": { "id": 59812, "nach": 0.39787294725101913 }, "geometry": { "type": "LineString", "coordinates": [ [ 0.9457451, 51.8746467 ], [ 0.945558, 51.8747275 ] ] } },
{ "type": "Feature", "properties": { "id": 17773, "nach": 0.50839729198278039 }, "geometry": { "type": "LineString", "coordinates": [ [ 0.9453576, 51.8746093 ], [ 0.9454729, 51.8746667 ], [ 0.945558, 51.8747275 ] ] } },
{ "type": "Feature", "properties": { "id": 75530, "nach": 0.41805635077319514 }, "geometry": { "type": "LineString", "coordinates": [ [ 0.9457454, 51.874336800000016 ], [ 0.9457568, 51.87447610000001 ], [ 0.9457359, 51.8746316 ], [ 0.9457451, 51.8746467 ] ] } },
{ "type": "Feature", "properties": { "id": 17697, "nach": 0.38277502573415306 }, "geometry": { "type": "LineString", "coordinates": [ [ 0.9441601, 51.8750478 ], [ 0.9445539, 51.874994 ] ] } },
{ "type": "Feature", "properties": { "id": 17742, "nach": 0.61325878403662226 }, "geometry": { "type": "LineString", "coordinates": [ [ 0.9442622, 51.8752982 ], [ 0.9443153, 51.87517660000001 ], [ 0.9443198, 51.8751692 ], [ 0.9443641, 51.8750952 ], [ 0.9443691, 51.8750869 ], [ 0.9443818, 51.875078800000011 ], [ 0.9444493, 51.8750355 ], [ 0.9445539, 51.874994 ] ] } },
{ "type": "Feature", "properties": { "id": 17772, "nach": 0.45803854676043138 }, "geometry": { "type": "LineString", "coordinates": [ [ 0.9453576, 51.8746093 ], [ 0.9453395, 51.8746004 ], [ 0.9445927, 51.8742401 ] ] } },
{ "type": "Feature", "properties": { "id": 75526, "nach": 0.58155297166913056 }, "geometry": { "type": "LineString", "coordinates": [ [ 0.9453389, 51.8743253 ], [ 0.9453576, 51.8746093 ] ] } },
{ "type": "Feature", "properties": { "id": 17761, "nach": 0.52184433795242413 }, "geometry": { "type": "LineString", "coordinates": [ [ 0.9440724, 51.8743842 ], [ 0.9441402, 51.8746565 ], [ 0.944134, 51.874996 ], [ 0.9441601, 51.8750478 ] ] } },
{ "type": "Feature", "properties": { "id": 17743, "nach": 0.53157949390853998 }, "geometry": { "type": "LineString", "coordinates": [ [ 0.9442622, 51.8752982 ], [ 0.9442511, 51.875222899999983 ], [ 0.9442272, 51.8751508 ], [ 0.9441601, 51.8750478 ] ] } },
{ "type": "Feature", "properties": { "id": 59808, "nach": 0.63344224225545631 }, "geometry": { "type": "LineString", "coordinates": [ [ 0.9441701, 51.8752975 ], [ 0.9442622, 51.8752982 ] ] } },
{ "type": "Feature", "properties": { "id": 17781, "nach": 0.43542509119068273 }, "geometry": { "type": "LineString", "coordinates": [ [ 0.9440527, 51.8756702 ], [ 0.9441664, 51.8753971 ], [ 0.9442622, 51.8752982 ] ] } },
{ "type": "Feature", "properties": { "id": 44886, "nach": 0.51544118509754666 }, "geometry": { "type": "LineString", "coordinates": [ [ 0.9441781, 51.8743799 ], [ 0.9440724, 51.8743842 ] ] } },
{ "type": "Feature", "properties": { "id": 17765, "nach": 0.39910885600822055 }, "geometry": { "type": "LineString", "coordinates": [ [ 0.9436149, 51.8741744 ], [ 0.9437216, 51.8742757 ], [ 0.9438291, 51.8743311 ], [ 0.9440724, 51.8743842 ] ] } },
{ "type": "Feature", "properties": { "id": 76142, "nach": 0.53416089338235528 }, "geometry": { "type": "LineString", "coordinates": [ [ 0.9482422, 51.8790928 ], [ 0.9477452, 51.8793423 ] ] } },
{ "type": "Feature", "properties": { "id": 76145, "nach": 0.50722083539693663 }, "geometry": { "type": "LineString", "coordinates": [ [ 0.9479526, 51.8794541 ], [ 0.9477452, 51.8793423 ] ] } },
{ "type": "Feature", "properties": { "id": 48840, "nach": 0.57318934682479472 }, "geometry": { "type": "LineString", "coordinates": [ [ 0.9468912, 51.8795713 ], [ 0.9470665, 51.87952520000001 ], [ 0.9472248, 51.8794832 ], [ 0.9477452, 51.8793423 ] ] } },
{ "type": "Feature", "properties": { "id": 76148, "nach": 0.45934957757133243 }, "geometry": { "type": "LineString", "coordinates": [ [ 0.9482766, 51.8792598 ], [ 0.9482422, 51.8790928 ] ] } },
{ "type": "Feature", "properties": { "id": 76155, "nach": 0.55496261465401386 }, "geometry": { "type": "LineString", "coordinates": [ [ 0.9487568, 51.8786618 ], [ 0.9486783, 51.8787283 ], [ 0.948335, 51.8790462 ], [ 0.9482422, 51.8790928 ] ] } },
{ "type": "Feature", "properties": { "id": 76147, "nach": 0.46934942651483508 }, "geometry": { "type": "LineString", "coordinates": [ [ 0.9479526, 51.8794541 ], [ 0.9480663, 51.879515500000011 ], [ 0.9482459, 51.8796089 ], [ 0.9484061, 51.8796872 ] ] } },
{ "type": "Feature", "properties": { "id": 76149, "nach": 0.42983624789043123 }, "geometry": { "type": "LineString", "coordinates": [ [ 0.9482766, 51.8792598 ], [ 0.9479526, 51.8794541 ] ] } },
{ "type": "Feature", "properties": { "id": 48838, "nach": 0.47314637140485039 }, "geometry": { "type": "LineString", "coordinates": [ [ 0.9468912, 51.8795713 ], [ 0.9469243, 51.879498400000017 ], [ 0.9469236, 51.8792298 ], [ 0.9469643, 51.878993900000012 ], [ 0.9469894, 51.878880700000011 ], [ 0.9470028, 51.8787255 ], [ 0.9470532, 51.8785993 ], [ 0.9468697, 51.8779704 ] ] } },
{ "type": "Feature", "properties": { "id": 76139, "nach": 0.57900737709172256 }, "geometry": { "type": "LineString", "coordinates": [ [ 0.9454868, 51.880165899999987 ], [ 0.9455438, 51.8801576 ], [ 0.9457079, 51.8801095 ], [ 0.9459489, 51.8800089 ], [ 0.9467972, 51.8796372 ], [ 0.9468505, 51.8796067 ], [ 0.9468912, 51.8795713 ] ] } },
{ "type": "Feature", "properties": { "id": 55899, "nach": 0.57183488078680678 }, "geometry": { "type": "LineString", "coordinates": [ [ 0.9433606, 51.878376 ], [ 0.9432685, 51.8784041 ], [ 0.9432015, 51.8784359 ], [ 0.9426725, 51.8789219 ], [ 0.9426468, 51.8789407 ] ] } },
{ "type": "Feature", "properties": { "id": 55898, "nach": 0.58886294980491305 }, "geometry": { "type": "LineString", "coordinates": [ [ 0.9433606, 51.878376 ], [ 0.9432291, 51.8783373 ], [ 0.9430615, 51.8782948 ] ] } },
{ "type": "Feature", "properties": { "id": 55901, "nach": 0.4436819686830954 }, "geometry": { "type": "LineString", "coordinates": [ [ 0.9437464, 51.8781945 ], [ 0.9437538, 51.87820820000001 ], [ 0.9437511, 51.8782219 ], [ 0.9437123, 51.8782584 ], [ 0.9436679, 51.878283 ], [ 0.9435941, 51.8783167 ], [ 0.9435289, 51.8783406 ], [ 0.9433606, 51.878376 ] ] } },
{ "type": "Feature", "properties": { "id": 30527, "nach": 0.498784240071938 }, "geometry": { "type": "LineString", "coordinates": [ [ 0.9413137, 51.8780321 ], [ 0.941464, 51.8778162 ], [ 0.9415908, 51.8776669 ], [ 0.9417669, 51.8774117 ], [ 0.9418778, 51.8772014 ] ] } },
{ "type": "Feature", "properties": { "id": 36510, "nach": 0.44413608739413857 }, "geometry": { "type": "LineString", "coordinates": [ [ 0.941906, 51.8772921 ], [ 0.9418778, 51.8772014 ] ] } },
{ "type": "Feature", "properties": { "id": 55865, "nach": 0.57428246338006106 }, "geometry": { "type": "LineString", "coordinates": [ [ 0.9416554, 51.8778937 ], [ 0.941499, 51.8780871 ] ] } },
{ "type": "Feature", "properties": { "id": 41884, "nach": 0.58842168666038708 }, "geometry": { "type": "LineString", "coordinates": [ [ 0.9468697, 51.8779704 ], [ 0.9466088, 51.8777844 ] ] } },
{ "type": "Feature", "properties": { "id": 76164, "nach": 0.54852562905267066 }, "geometry": { "type": "LineString", "coordinates": [ [ 0.9489551, 51.8790318 ], [ 0.9488128, 51.87888130000001 ], [ 0.9487543, 51.8787519 ], [ 0.9487568, 51.8786618 ] ] } },
{ "type": "Feature", "properties": { "id": 25610, "nach": 0.55702209744041176 }, "geometry": { "type": "LineString", "coordinates": [ [ 0.9449307, 51.8775349 ], [ 0.9448798, 51.8774254 ], [ 0.9449127, 51.8773719 ] ] } },
{ "type": "Feature", "properties": { "id": 76124, "nach": 0.58602859750493097 }, "geometry": { "type": "LineString", "coordinates": [ [ 0.9450948, 51.8777093 ], [ 0.9452189, 51.8775963 ], [ 0.9449307, 51.8775349 ] ] } },
{ "type": "Feature", "properties": { "id": 55805, "nach": 0.5328459035538996 }, "geometry": { "type": "LineString", "coordinates": [ [ 0.9432143, 51.8772704 ], [ 0.9430694, 51.877385 ], [ 0.9429643, 51.877552100000017 ], [ 0.9428814, 51.8777197 ], [ 0.9427343, 51.877873 ], [ 0.9425353, 51.8781131 ], [ 0.9425548, 51.8781886 ] ] } },
{ "type": "Feature", "properties": { "id": 55867, "nach": 0.5689759327938011 }, "geometry": { "type": "LineString", "coordinates": [ [ 0.9416554, 51.8778937 ], [ 0.9417143, 51.8778131 ], [ 0.9417859, 51.8776776 ], [ 0.9420172, 51.8773468 ], [ 0.9420637, 51.8772776 ] ] } },
{ "type": "Feature", "properties": { "id": 24279, "nach": 0.43341484709997136 }, "geometry": { "type": "LineString", "coordinates": [ [ 0.9443369, 51.8766195 ], [ 0.9443985, 51.8764695 ] ] } },
{ "type": "Feature", "properties": { "id": 17744, "nach": 0.42948595233153919 }, "geometry": { "type": "LineString", "coordinates": [ [ 0.9445953, 51.8761553 ], [ 0.9445374, 51.876249100000017 ], [ 0.9443985, 51.8764695 ] ] } },
{ "type": "Feature", "properties": { "id": 17735, "nach": 0.44387184090020781 }, "geometry": { "type": "LineString", "coordinates": [ [ 0.9435643, 51.8755621 ], [ 0.9435429, 51.8757475 ], [ 0.9438055, 51.87578 ] ] } },
{ "type": "Feature", "properties": { "id": 30515, "nach": 0.63935763548225844 }, "geometry": { "type": "LineString", "coordinates": [ [ 0.9435007, 51.8757189 ], [ 0.9435268, 51.875558700000013 ], [ 0.9435643, 51.8755621 ] ] } },
{ "type": "Feature", "properties": { "id": 59810, "nach": 0.63580963532332246 }, "geometry": { "type": "LineString", "coordinates": [ [ 0.9441701, 51.8752975 ], [ 0.9440489, 51.8753395 ], [ 0.9439139, 51.8753448 ], [ 0.9436113, 51.875315299999983 ], [ 0.9435643, 51.8755621 ] ] } },
{ "type": "Feature", "properties": { "id": 30514, "nach": 0.61316660568390191 }, "geometry": { "type": "LineString", "coordinates": [ [ 0.9435007, 51.8757189 ], [ 0.9432666, 51.8757128 ] ] } },
{ "type": "Feature", "properties": { "id": 59811, "nach": 0.43941267156509395 }, "geometry": { "type": "LineString", "coordinates": [ [ 0.9439254, 51.8752758 ], [ 0.9441701, 51.8752975 ] ] } },
{ "type": "Feature", "properties": { "id": 55828, "nach": 0.54781886620825804 }, "geometry": { "type": "LineString", "coordinates": [ [ 0.9456943, 51.8740528 ], [ 0.945339, 51.8740433 ] ] } },
{ "type": "Feature", "properties": { "id": 75508, "nach": 0.41236309984530656 }, "geometry": { "type": "LineString", "coordinates": [ [ 0.9450484, 51.8740603 ], [ 0.945339, 51.8740433 ] ] } },
{ "type": "Feature", "properties": { "id": 75511, "nach": 0.51189951963711233 }, "geometry": { "type": "LineString", "coordinates": [ [ 0.9453376, 51.8738981 ], [ 0.945339, 51.8740433 ] ] } },
{ "type": "Feature", "properties": { "id": 17783, "nach": 0.53081828428139144 }, "geometry": { "type": "LineString", "coordinates": [ [ 0.9453345, 51.8742576 ], [ 0.945339, 51.8740433 ] ] } },
{ "type": "Feature", "properties": { "id": 55830, "nach": 0.46088102495032923 }, "geometry": { "type": "LineString", "coordinates": [ [ 0.9456943, 51.8740528 ], [ 0.9457019, 51.8738976 ], [ 0.9456942, 51.873866 ] ] } },
{ "type": "Feature", "properties": { "id": 75519, "nach": 0.55189337226185986 }, "geometry": { "type": "LineString", "coordinates": [ [ 0.9460802, 51.8740907 ], [ 0.9456943, 51.8740528 ] ] } },
{ "type": "Feature", "properties": { "id": 75532, "nach": 0.35984062933537664 }, "geometry": { "type": "LineString", "coordinates": [ [ 0.9457418, 51.8742921 ], [ 0.945741, 51.87428280000001 ], [ 0.9456747, 51.874259 ], [ 0.9456943, 51.8740528 ] ] } },
{ "type": "Feature", "properties": { "id": 75512, "nach": 0.23059890031002989 }, "geometry": { "type": "LineString", "coordinates": [ [ 0.9453376, 51.8738981 ], [ 0.9450484, 51.8740603 ] ] } },
{ "type": "Feature", "properties": { "id": 75510, "nach": 0.49615446995804435 }, "geometry": { "type": "LineString", "coordinates": [ [ 0.9453376, 51.8738981 ], [ 0.9453373, 51.8738664 ] ] } },
{ "type": "Feature", "properties": { "id": 75525, "nach": 0.534847542463046 }, "geometry": { "type": "LineString", "coordinates": [ [ 0.9453389, 51.8743253 ], [ 0.9453345, 51.8742576 ] ] } },
{ "type": "Feature", "properties": { "id": 75515, "nach": 0.39925991992438792 }, "geometry": { "type": "LineString", "coordinates": [ [ 0.9450397, 51.874092 ], [ 0.9450374, 51.8741687 ], [ 0.9449863, 51.8742711 ], [ 0.9453345, 51.8742576 ] ] } },
{ "type": "Feature", "properties": { "id": 17752, "nach": 0.48361183747594827 }, "geometry": { "type": "LineString", "coordinates": [ [ 0.9446833, 51.8740566 ], [ 0.9450406, 51.874062699999989 ] ] } },
{ "type": "Feature", "properties": { "id": 75513, "nach": 0.39532623835154096 }, "geometry": { "type": "LineString", "coordinates": [ [ 0.9450397, 51.874092 ], [ 0.9450406, 51.874062699999989 ] ] } },
{ "type": "Feature", "properties": { "id": 17787, "nach": 0.46827041888837956 }, "geometry": { "type": "LineString", "coordinates": [ [ 0.9453373, 51.8738664 ], [ 0.9450007, 51.8738575 ], [ 0.9450446, 51.8739448 ], [ 0.9450406, 51.874062699999989 ] ] } },
{ "type": "Feature", "properties": { "id": 17763, "nach": 0.37068020999475165 }, "geometry": { "type": "LineString", "coordinates": [ [ 0.9441148, 51.873707700000011 ], [ 0.9444207, 51.873739 ], [ 0.9446212, 51.873864 ], [ 0.9446833, 51.8740566 ] ] } },
{ "type": "Feature", "properties": { "id": 17756, "nach": 0.41251425392740809 }, "geometry": { "type": "LineString", "coordinates": [ [ 0.9445927, 51.8742401 ], [ 0.9446768, 51.874131 ], [ 0.9446833, 51.8740566 ] ] } },
{ "type": "Feature", "properties": { "id": 44889, "nach": 0.48138062675623727 }, "geometry": { "type": "LineString", "coordinates": [ [ 0.9443133, 51.874145 ], [ 0.9444509, 51.8741141 ], [ 0.9446833, 51.8740566 ] ] } },
{ "type": "Feature", "properties": { "id": 55840, "nach": 0.39255778673022956 }, "geometry": { "type": "LineString", "coordinates": [ [ 0.9456326, 51.873818600000014 ], [ 0.9453608, 51.873807 ], [ 0.9453373, 51.8738664 ] ] } },
{ "type": "Feature", "properties": { "id": 17766, "nach": 0.075302134586344494 }, "geometry": { "type": "LineString", "coordinates": [ [ 0.9436149, 51.8741744 ], [ 0.9435821, 51.87411 ], [ 0.9435757, 51.8739892 ], [ 0.9436116, 51.8739073 ], [ 0.9437157, 51.8738049 ], [ 0.9437947, 51.8737603 ], [ 0.9439692, 51.873705500000014 ], [ 0.9441148, 51.873707700000011 ] ] } },
{ "type": "Feature", "properties": { "id": 44891, "nach": 0.3621366187138646 }, "geometry": { "type": "LineString", "coordinates": [ [ 0.9443133, 51.874145 ], [ 0.9442956, 51.8739814 ], [ 0.9441148, 51.873707700000011 ] ] } },
{ "type": "Feature", "properties": { "id": 44887, "nach": 0.43698957678970374 }, "geometry": { "type": "LineString", "coordinates": [ [ 0.9441781, 51.8743799 ], [ 0.9442676, 51.8743763 ], [ 0.9443658, 51.8743554 ], [ 0.9445274, 51.8742872 ], [ 0.9445927, 51.8742401 ] ] } },
{ "type": "Feature", "properties": { "id": 44892, "nach": 0.3309469048987711 }, "geometry": { "type": "LineString", "coordinates": [ [ 0.9443133, 51.874145 ], [ 0.9442105, 51.8741609 ], [ 0.94406, 51.8741784 ], [ 0.943899, 51.8741816 ], [ 0.9437698, 51.8741773 ], [ 0.9437043, 51.8741751 ], [ 0.9436149, 51.8741744 ] ] } },
{ "type": "Feature", "properties": { "id": 44890, "nach": 0.48651074121955606 }, "geometry": { "type": "LineString", "coordinates": [ [ 0.9443133, 51.874145 ], [ 0.9442863, 51.8742205 ], [ 0.9441781, 51.8743799 ] ] } },
{ "type": "Feature", "properties": { "id": 75529, "nach": 0.53178288265211038 }, "geometry": { "type": "LineString", "coordinates": [ [ 0.9457454, 51.874336800000016 ], [ 0.9453389, 51.8743253 ] ] } },
{ "type": "Feature", "properties": { "id": 44893, "nach": 0.53563593851724534 }, "geometry": { "type": "LineString", "coordinates": [ [ 0.9482176, 51.8758555 ], [ 0.9485679, 51.8760018 ] ] } },
{ "type": "Feature", "properties": { "id": 55858, "nach": 0.43138774109574274 }, "geometry": { "type": "LineString", "coordinates": [ [ 0.9483942, 51.8757547 ], [ 0.9482176, 51.8758555 ] ] } },
{ "type": "Feature", "properties": { "id": 55838, "nach": 0.40271076659846838 }, "geometry": { "type": "LineString", "coordinates": [ [ 0.9456326, 51.873818600000014 ], [ 0.9456942, 51.873866 ] ] } },
{ "type": "Feature", "properties": { "id": 75518, "nach": 0.0 }, "geometry": { "type": "LineString", "coordinates": [ [ 0.9457401, 51.8738707 ], [ 0.945798, 51.873833500000018 ], [ 0.9457551, 51.8737813 ], [ 0.9457046, 51.873785 ], [ 0.9456326, 51.873818600000014 ] ] } },
{ "type": "Feature", "properties": { "id": 69500, "nach": 0.64932737653922157 }, "geometry": { "type": "LineString", "coordinates": [ [ 0.9296618, 51.886093200000012 ], [ 0.929731899999989, 51.8860198 ], [ 0.9298463, 51.8859294 ], [ 0.9298792, 51.885902 ] ] } },
{ "type": "Feature", "properties": { "id": 69488, "nach": 0.64386338950051036 }, "geometry": { "type": "LineString", "coordinates": [ [ 0.9300966, 51.8857346 ], [ 0.9299673, 51.8858364 ], [ 0.9298792, 51.885902 ] ] } },
{ "type": "Feature", "properties": { "id": 69482, "nach": 0.73630874061757456 }, "geometry": { "type": "LineString", "coordinates": [ [ 0.930717802974053, 51.886232692458414 ], [ 0.9298792, 51.885902 ] ] } },
{ "type": "Feature", "properties": { "id": 33513, "nach": 0.0 }, "geometry": { "type": "LineString", "coordinates": [ [ 0.9536279, 51.8826258 ], [ 0.9534484, 51.882627 ], [ 0.9533605, 51.8826162 ], [ 0.9530509, 51.882518400000016 ], [ 0.9529347, 51.8825 ], [ 0.9527769, 51.8824965 ], [ 0.9526318, 51.882541 ], [ 0.9525649, 51.8826029 ], [ 0.9525367, 51.882672 ], [ 0.952477, 51.8828164 ], [ 0.9523426, 51.8830221 ], [ 0.9520963, 51.883269399999989 ], [ 0.9518475, 51.8834291 ], [ 0.9515495, 51.8834278 ], [ 0.9509971, 51.883254099999988 ], [ 0.9507403, 51.883278 ], [ 0.9505503, 51.883306200000014 ], [ 0.9499768, 51.88311070000001 ], [ 0.9499251, 51.8829875 ], [ 0.9495067, 51.8827822 ], [ 0.9497641, 51.882557 ], [ 0.9502577, 51.8820405 ], [ 0.9505836, 51.8817234 ], [ 0.9509331, 51.8814264 ], [ 0.9509696, 51.8813823 ] ] } },
{ "type": "Feature", "properties": { "id": 30470, "nach": 0.39773915445708596 }, "geometry": { "type": "LineString", "coordinates": [ [ 0.958724, 51.8759127 ], [ 0.95868, 51.8762172 ], [ 0.95857, 51.8765479 ], [ 0.9582631, 51.8769935 ], [ 0.9579759, 51.8773567 ] ] } },
{ "type": "Feature", "properties": { "id": 26209, "nach": 0.29188719841689126 }, "geometry": { "type": "LineString", "coordinates": [ [ 0.9625313, 51.87671970000001 ], [ 0.96228, 51.8767893 ], [ 0.9621021, 51.8768405 ], [ 0.9618113, 51.8769245 ], [ 0.9610276, 51.8771455 ], [ 0.9607414, 51.8772258 ], [ 0.960514, 51.8772897 ], [ 0.9604345, 51.8773154 ], [ 0.96017, 51.8773866 ], [ 0.9599422, 51.8774421 ], [ 0.9598479, 51.8774582 ], [ 0.9597386, 51.8774762 ], [ 0.9596845, 51.8774848 ], [ 0.9595744, 51.8774924 ], [ 0.9594209, 51.877492 ], [ 0.9592456, 51.877485499999985 ], [ 0.9590409, 51.8774671 ], [ 0.9587328, 51.8774334 ], [ 0.958248, 51.8773756 ], [ 0.9579759, 51.8773567 ] ] } },
{ "type": "Feature", "properties": { "id": 36152, "nach": 0.37220070890560358 }, "geometry": { "type": "LineString", "coordinates": [ [ 0.9584187, 51.8759012 ], [ 0.958724, 51.8759127 ] ] } },
{ "type": "Feature", "properties": { "id": 26211, "nach": 0.27830730902338768 }, "geometry": { "type": "LineString", "coordinates": [ [ 0.9633124, 51.8797679 ], [ 0.9628257, 51.8785557 ], [ 0.9627399, 51.878052299999986 ], [ 0.9625313, 51.87671970000001 ] ] } },
{ "type": "Feature", "properties": { "id": 54138, "nach": 0.44520160627087185 }, "geometry": { "type": "LineString", "coordinates": [ [ 0.9294399, 51.8786093 ], [ 0.9293541, 51.878551 ], [ 0.9293313, 51.8785299 ], [ 0.9293336, 51.8785153 ], [ 0.9293459, 51.878500200000012 ], [ 0.9293838, 51.8784798 ], [ 0.9293996, 51.8784642 ], [ 0.9294083, 51.878448500000012 ], [ 0.9294035, 51.8784303 ], [ 0.9293213, 51.8783612 ], [ 0.9292534, 51.8782967 ], [ 0.9292241, 51.8782652 ], [ 0.9292163, 51.8782393 ], [ 0.9292178, 51.8782092 ], [ 0.9292331, 51.8781772 ], [ 0.9291666, 51.8780996 ] ] } },
{ "type": "Feature", "properties": { "id": 32878, "nach": 0.57824309681656083 }, "geometry": { "type": "LineString", "coordinates": [ [ 0.9287007, 51.8803737 ], [ 0.9286816, 51.8803979 ], [ 0.9285917, 51.88041 ], [ 0.9283127, 51.8804398 ], [ 0.9281143, 51.880453 ], [ 0.9279426, 51.8805027 ], [ 0.9278962, 51.8805395 ], [ 0.927894, 51.8805782 ], [ 0.9277828, 51.8807381 ], [ 0.9276071, 51.8809549 ] ] } },
{ "type": "Feature", "properties": { "id": 32880, "nach": 0.57417008864009556 }, "geometry": { "type": "LineString", "coordinates": [ [ 0.9287007, 51.8803737 ], [ 0.9283891, 51.8803838 ], [ 0.9282225, 51.8803901 ], [ 0.9275186, 51.88040130000001 ], [ 0.9272898, 51.880428 ], [ 0.9271952, 51.8804428 ] ] } },
{ "type": "Feature", "properties": { "id": 47979, "nach": 0.65887687013000196 }, "geometry": { "type": "LineString", "coordinates": [ [ 0.9294369, 51.881432 ], [ 0.9293662, 51.881478 ] ] } },
{ "type": "Feature", "properties": { "id": 22860, "nach": 0.65758604131871556 }, "geometry": { "type": "LineString", "coordinates": [ [ 0.9290177, 51.8816936 ], [ 0.9293662, 51.881478 ] ] } },
{ "type": "Feature", "properties": { "id": 51379, "nach": 0.530737866677085 }, "geometry": { "type": "LineString", "coordinates": [ [ 0.929545, 51.8815875 ], [ 0.9293662, 51.881478 ] ] } },
{ "type": "Feature", "properties": { "id": 47983, "nach": 0.46618282920999038 }, "geometry": { "type": "LineString", "coordinates": [ [ 0.9289066, 51.8810695 ], [ 0.9293266, 51.8813637 ], [ 0.9294369, 51.881432 ] ] } },
{ "type": "Feature", "properties": { "id": 26959, "nach": 0.6495953784473667 }, "geometry": { "type": "LineString", "coordinates": [ [ 0.9286989, 51.8819002 ], [ 0.9290177, 51.8816936 ] ] } },
{ "type": "Feature", "properties": { "id": 32378, "nach": 0.53182930745495127 }, "geometry": { "type": "LineString", "coordinates": [ [ 0.9283845, 51.8813107 ], [ 0.9290177, 51.8816936 ] ] } },
{ "type": "Feature", "properties": { "id": 51380, "nach": 0.46027934791517811 }, "geometry": { "type": "LineString", "coordinates": [ [ 0.929545, 51.8815875 ], [ 0.9302463, 51.882017 ] ] } },
{ "type": "Feature", "properties": { "id": 51383, "nach": 0.42624651453116813 }, "geometry": { "type": "LineString", "coordinates": [ [ 0.9299998, 51.8813173 ], [ 0.929545, 51.8815875 ] ] } },
{ "type": "Feature", "properties": { "id": 51384, "nach": 0.45218653669256831 }, "geometry": { "type": "LineString", "coordinates": [ [ 0.9299998, 51.8813173 ], [ 0.9305468, 51.8816502 ], [ 0.9306333, 51.88170310000001 ], [ 0.9311699, 51.8820311 ] ] } },
{ "type": "Feature", "properties": { "id": 47976, "nach": 0.0 }, "geometry": { "type": "LineString", "coordinates": [ [ 0.9296595, 51.8811131 ], [ 0.9293094, 51.8810937 ], [ 0.929265, 51.8810873 ], [ 0.9292284, 51.8810679 ], [ 0.9292284, 51.8810324 ], [ 0.9292728, 51.8807889 ], [ 0.929278, 51.8807647 ], [ 0.9293016, 51.8807405 ], [ 0.9293434, 51.8807276 ], [ 0.9296935, 51.88075820000001 ], [ 0.9297271, 51.880782 ], [ 0.9297035, 51.8808939 ], [ 0.9296781, 51.8810147 ], [ 0.9296595, 51.8811131 ] ] } },
{ "type": "Feature", "properties": { "id": 26961, "nach": 0.53952812895919966 }, "geometry": { "type": "LineString", "coordinates": [ [ 0.9286989, 51.8819002 ], [ 0.9292337, 51.8822492 ] ] } },
{ "type": "Feature", "properties": { "id": 48845, "nach": 0.54404573217146845 }, "geometry": { "type": "LineString", "coordinates": [ [ 0.9280581, 51.8811263 ], [ 0.9283845, 51.8813107 ] ] } },
{ "type": "Feature", "properties": { "id": 32390, "nach": 0.46181117846689246 }, "geometry": { "type": "LineString", "coordinates": [ [ 0.9277171, 51.8818459 ], [ 0.9277063, 51.8817896 ], [ 0.9277332, 51.8817316 ], [ 0.9277922, 51.881667 ], [ 0.9278834, 51.8815975 ], [ 0.928098, 51.8814684 ], [ 0.9283845, 51.8813107 ] ] } },
{ "type": "Feature", "properties": { "id": 34152, "nach": 0.54584163016038989 }, "geometry": { "type": "LineString", "coordinates": [ [ 0.9326382, 51.887224600000017 ], [ 0.9327026, 51.8873249 ] ] } },
{ "type": "Feature", "properties": { "id": 34153, "nach": 0.65960356759692107 }, "geometry": { "type": "LineString", "coordinates": [ [ 0.9326382, 51.887224600000017 ], [ 0.9328084, 51.8871793 ] ] } },
{ "type": "Feature", "properties": { "id": 23757, "nach": 0.6583803161614068 }, "geometry": { "type": "LineString", "coordinates": [ [ 0.9264086, 51.8821423 ], [ 0.926539799999988, 51.8821517 ], [ 0.9266097, 51.882154 ], [ 0.9267767, 51.8821495 ], [ 0.9271049, 51.8821254 ] ] } },
{ "type": "Feature", "properties": { "id": 32385, "nach": 0.56259261615792056 }, "geometry": { "type": "LineString", "coordinates": [ [ 0.9271386, 51.8814893 ], [ 0.9271212, 51.8815444 ], [ 0.9270945, 51.8817678 ], [ 0.9270856, 51.881998100000011 ], [ 0.9271049, 51.8821254 ] ] } },
{ "type": "Feature", "properties": { "id": 32382, "nach": 0.47177465510096439 }, "geometry": { "type": "LineString", "coordinates": [ [ 0.9270358, 51.882728299999989 ], [ 0.9270492, 51.8824701 ], [ 0.9270646, 51.8822314 ], [ 0.9271049, 51.8821254 ] ] } },
{ "type": "Feature", "properties": { "id": 23839, "nach": 0.69054424884924348 }, "geometry": { "type": "LineString", "coordinates": [ [ 0.9264801, 51.88242060000001 ], [ 0.9264486, 51.8822965 ], [ 0.9264337, 51.8822074 ], [ 0.9264086, 51.8821423 ] ] } },
{ "type": "Feature", "properties": { "id": 32384, "nach": 0.55221642670058979 }, "geometry": { "type": "LineString", "coordinates": [ [ 0.9271386, 51.8814893 ], [ 0.9271931, 51.881316 ], [ 0.9272451, 51.8812468 ], [ 0.927433, 51.8811021 ], [ 0.9276071, 51.8809549 ] ] } },
{ "type": "Feature", "properties": { "id": 32391, "nach": 0.46000566729805731 }, "geometry": { "type": "LineString", "coordinates": [ [ 0.9277171, 51.8818459 ], [ 0.9274247, 51.8817151 ], [ 0.927355, 51.8816339 ], [ 0.9272289, 51.8815511 ], [ 0.9271914, 51.8815263 ], [ 0.9271386, 51.8814893 ] ] } },
{ "type": "Feature", "properties": { "id": 23716, "nach": 0.45582599762473763 }, "geometry": { "type": "LineString", "coordinates": [ [ 0.9394932, 51.8793106 ], [ 0.9395547, 51.8792541 ] ] } },
{ "type": "Feature", "properties": { "id": 29127, "nach": 0.59371523883872757 }, "geometry": { "type": "LineString", "coordinates": [ [ 0.9401277, 51.8795454 ], [ 0.9394932, 51.8793106 ] ] } },
{ "type": "Feature", "properties": { "id": 47068, "nach": 0.58689361067347334 }, "geometry": { "type": "LineString", "coordinates": [ [ 0.9378726, 51.8796731 ], [ 0.9382617, 51.8792694 ], [ 0.9384588, 51.8791651 ], [ 0.9387092, 51.8790994 ], [ 0.9389158, 51.8791091 ], [ 0.9394008, 51.8792752 ], [ 0.9394932, 51.8793106 ] ] } },
{ "type": "Feature", "properties": { "id": 29129, "nach": 0.558051560107369 }, "geometry": { "type": "LineString", "coordinates": [ [ 0.9401277, 51.8795454 ], [ 0.9400529, 51.8796044 ] ] } },
{ "type": "Feature", "properties": { "id": 35039, "nach": 0.54426976704289376 }, "geometry": { "type": "LineString", "coordinates": [ [ 0.9405993, 51.8794346 ], [ 0.9405659, 51.8794663 ], [ 0.9405094, 51.8794922 ], [ 0.940438, 51.8795139 ], [ 0.9403333, 51.8795392 ], [ 0.9402636, 51.879537 ], [ 0.9401786, 51.8795051 ], [ 0.9401277, 51.8795454 ] ] } },
{ "type": "Feature", "properties": { "id": 47065, "nach": 0.574653074361685 }, "geometry": { "type": "LineString", "coordinates": [ [ 0.9378726, 51.8796731 ], [ 0.9377591, 51.8797883 ] ] } },
{ "type": "Feature", "properties": { "id": 47067, "nach": 0.53048622906075793 }, "geometry": { "type": "LineString", "coordinates": [ [ 0.9378726, 51.8796731 ], [ 0.9379596, 51.8797074 ] ] } },
{ "type": "Feature", "properties": { "id": 35043, "nach": 0.58875114354015223 }, "geometry": { "type": "LineString", "coordinates": [ [ 0.9403575, 51.8800161 ], [ 0.9404846, 51.8798324 ] ] } },
{ "type": "Feature", "properties": { "id": 23723, "nach": 0.43944592007977035 }, "geometry": { "type": "LineString", "coordinates": [ [ 0.9404846, 51.8798324 ], [ 0.9405716, 51.8798445 ], [ 0.9406423, 51.8798358 ], [ 0.9407149, 51.8798139 ], [ 0.9407751, 51.8797743 ] ] } },
{ "type": "Feature", "properties": { "id": 35028, "nach": 0.59954812424430148 }, "geometry": { "type": "LineString", "coordinates": [ [ 0.9410088, 51.8798558 ], [ 0.9407751, 51.8797743 ] ] } },
{ "type": "Feature", "properties": { "id": 35029, "nach": 0.60601481405527602 }, "geometry": { "type": "LineString", "coordinates": [ [ 0.9410088, 51.8798558 ], [ 0.9410645, 51.8797998 ] ] } },
{ "type": "Feature", "properties": { "id": 35047, "nach": 0.61698606965776037 }, "geometry": { "type": "LineString", "coordinates": [ [ 0.9409821, 51.879895 ], [ 0.9410088, 51.8798558 ] ] } },
{ "type": "Feature", "properties": { "id": 38484, "nach": 0.59564087860208925 }, "geometry": { "type": "LineString", "coordinates": [ [ 0.9416774, 51.8800681 ], [ 0.9415171, 51.8800203 ], [ 0.9412817, 51.8799416 ], [ 0.9410088, 51.8798558 ] ] } },
{ "type": "Feature", "properties": { "id": 35044, "nach": 0.63269918122458613 }, "geometry": { "type": "LineString", "coordinates": [ [ 0.9403575, 51.8800161 ], [ 0.9404347, 51.880035800000016 ] ] } },
{ "type": "Feature", "properties": { "id": 35045, "nach": 0.63317405211024724 }, "geometry": { "type": "LineString", "coordinates": [ [ 0.9403575, 51.8800161 ], [ 0.9402731, 51.879994500000016 ] ] } },
{ "type": "Feature", "properties": { "id": 35046, "nach": 0.62892493442030972 }, "geometry": { "type": "LineString", "coordinates": [ [ 0.9403575, 51.8800161 ], [ 0.940179, 51.880258800000014 ], [ 0.9400136, 51.8804812 ], [ 0.939897, 51.8806401 ] ] } },
{ "type": "Feature", "properties": { "id": 55810, "nach": 0.54480179328381872 }, "geometry": { "type": "LineString", "coordinates": [ [ 0.9373382, 51.8802315 ], [ 0.9377591, 51.8797883 ] ] } },
{ "type": "Feature", "properties": { "id": 76906, "nach": 0.56611838082822952 }, "geometry": { "type": "LineString", "coordinates": [ [ 0.9373604, 51.879634100000011 ], [ 0.9376978, 51.8797621 ], [ 0.9377591, 51.8797883 ] ] } },
{ "type": "Feature", "properties": { "id": 55812, "nach": 0.52168858664113804 }, "geometry": { "type": "LineString", "coordinates": [ [ 0.9373382, 51.8802315 ], [ 0.9368737, 51.8807115 ], [ 0.9367609, 51.8808498 ], [ 0.9367101, 51.8809618 ] ] } },
{ "type": "Feature", "properties": { "id": 55890, "nach": 0.47261161146523234 }, "geometry": { "type": "LineString", "coordinates": [ [ 0.9374206, 51.88026210000001 ], [ 0.9373382, 51.8802315 ] ] } },
{ "type": "Feature", "properties": { "id": 76905, "nach": 0.50661873767304799 }, "geometry": { "type": "LineString", "coordinates": [ [ 0.9373604, 51.879634100000011 ], [ 0.9367489, 51.8794021 ], [ 0.9358674, 51.8790677 ] ] } },
{ "type": "Feature", "properties": { "id": 76904, "nach": 0.52716536705077155 }, "geometry": { "type": "LineString", "coordinates": [ [ 0.9373604, 51.879634100000011 ], [ 0.9371247, 51.8798352 ] ] } },
{ "type": "Feature", "properties": { "id": 32872, "nach": 0.46787279226096395 }, "geometry": { "type": "LineString", "coordinates": [ [ 0.9266684, 51.8800459 ], [ 0.9267449, 51.8800296 ] ] } },
{ "type": "Feature", "properties": { "id": 32883, "nach": 0.58177163521078945 }, "geometry": { "type": "LineString", "coordinates": [ [ 0.9265089, 51.8804393 ], [ 0.9265288, 51.88037520000001 ], [ 0.9264325, 51.8802951 ], [ 0.9264541, 51.8802356 ] ] } },
{ "type": "Feature", "properties": { "id": 28537, "nach": 0.57110327519174053 }, "geometry": { "type": "LineString", "coordinates": [ [ 0.9302927, 51.8795707 ], [ 0.9301524, 51.879641 ] ] } },
{ "type": "Feature", "properties": { "id": 24184, "nach": 0.61430508905885661 }, "geometry": { "type": "LineString", "coordinates": [ [ 0.9296711, 51.879571200000015 ], [ 0.9300741, 51.879591 ], [ 0.9301524, 51.879641 ] ] } },
{ "type": "Feature", "properties": { "id": 28645, "nach": 0.56664764841553372 }, "geometry": { "type": "LineString", "coordinates": [ [ 0.9301119, 51.8797037 ], [ 0.9301177, 51.8796584 ], [ 0.9301524, 51.879641 ] ] } },
{ "type": "Feature", "properties": { "id": 28567, "nach": 0.50402453518037549 }, "geometry": { "type": "LineString", "coordinates": [ [ 0.9305459, 51.8797407 ], [ 0.9302927, 51.8795707 ] ] } },
{ "type": "Feature", "properties": { "id": 76527, "nach": 0.28314368616356628 }, "geometry": { "type": "LineString", "coordinates": [ [ 0.9297452, 51.8794787 ], [ 0.9297781, 51.8795008 ], [ 0.9298537, 51.87946920000001 ], [ 0.9298667, 51.879481 ], [ 0.9296711, 51.879571200000015 ] ] } },
{ "type": "Feature", "properties": { "id": 28644, "nach": 0.54985654739070944 }, "geometry": { "type": "LineString", "coordinates": [ [ 0.9301119, 51.8797037 ], [ 0.9301012, 51.87983590000001 ] ] } },
{ "type": "Feature", "properties": { "id": 28564, "nach": 0.50360900153973076 }, "geometry": { "type": "LineString", "coordinates": [ [ 0.9300865, 51.8799946 ], [ 0.9301012, 51.87983590000001 ] ] } },
{ "type": "Feature", "properties": { "id": 76521, "nach": 0.45077625490327522 }, "geometry": { "type": "LineString", "coordinates": [ [ 0.930072, 51.8797986 ], [ 0.9299437, 51.8797929 ], [ 0.9299398, 51.8798291 ], [ 0.9301012, 51.87983590000001 ] ] } },
{ "type": "Feature", "properties": { "id": 28565, "nach": 0.44906350588070004 }, "geometry": { "type": "LineString", "coordinates": [ [ 0.9300865, 51.8799946 ], [ 0.9298886, 51.8799851 ] ] } },
{ "type": "Feature", "properties": { "id": 28583, "nach": 0.44405363081569249 }, "geometry": { "type": "LineString", "coordinates": [ [ 0.9304964, 51.880059 ], [ 0.9301298, 51.88004260000001 ], [ 0.930085, 51.8800107 ], [ 0.9300865, 51.8799946 ] ] } },
{ "type": "Feature", "properties": { "id": 24188, "nach": 0.44834743651929421 }, "geometry": { "type": "LineString", "coordinates": [ [ 0.939897, 51.8813901 ], [ 0.9398012, 51.8811991 ], [ 0.9397387, 51.881062 ], [ 0.9397286, 51.8810143 ], [ 0.9397281, 51.8809795 ], [ 0.9397344, 51.8809397 ], [ 0.9398168, 51.8807364 ] ] } },
{ "type": "Feature", "properties": { "id": 34998, "nach": 0.42374644764140557 }, "geometry": { "type": "LineString", "coordinates": [ [ 0.9399565, 51.8815186 ], [ 0.939897, 51.8813901 ] ] } },
{ "type": "Feature", "properties": { "id": 31339, "nach": 0.6213563721980172 }, "geometry": { "type": "LineString", "coordinates": [ [ 0.9398168, 51.8807364 ], [ 0.939897, 51.8806401 ] ] } },
{ "type": "Feature", "properties": { "id": 31338, "nach": 0.6151465469013635 }, "geometry": { "type": "LineString", "coordinates": [ [ 0.9398168, 51.8807364 ], [ 0.9397029, 51.88082880000001 ] ] } },
{ "type": "Feature", "properties": { "id": 37053, "nach": 0.67191226231282863 }, "geometry": { "type": "LineString", "coordinates": [ [ 0.9327334, 51.8831495 ], [ 0.9327975, 51.8831216 ], [ 0.9328512, 51.8830907 ], [ 0.9328885, 51.8830604 ], [ 0.9329308, 51.8830163 ], [ 0.9330024, 51.882934 ], [ 0.9330657, 51.8828753 ] ] } },
{ "type": "Feature", "properties": { "id": 37051, "nach": 0.60507028152104025 }, "geometry": { "type": "LineString", "coordinates": [ [ 0.9327334, 51.8831495 ], [ 0.9327092, 51.8831552 ] ] } },
{ "type": "Feature", "properties": { "id": 25035, "nach": 0.59448525891223014 }, "geometry": { "type": "LineString", "coordinates": [ [ 0.9327092, 51.8831552 ], [ 0.9326753, 51.8831387 ], [ 0.9326148, 51.8831354 ], [ 0.9325715, 51.883132599999989 ], [ 0.9325512, 51.88313 ] ] } },
{ "type": "Feature", "properties": { "id": 64804, "nach": 0.60277122533465466 }, "geometry": { "type": "LineString", "coordinates": [ [ 0.9325512, 51.88313 ], [ 0.9325183, 51.88312590000001 ], [ 0.9324597, 51.8831153 ], [ 0.932395, 51.8830942 ] ] } },
{ "type": "Feature", "properties": { "id": 69462, "nach": 0.46832852665709618 }, "geometry": { "type": "LineString", "coordinates": [ [ 0.9294205, 51.887197200000017 ], [ 0.929067, 51.887457 ], [ 0.9289799, 51.887518 ], [ 0.9289589, 51.8875327 ] ] } },
{ "type": "Feature", "properties": { "id": 69463, "nach": 0.44670942598874414 }, "geometry": { "type": "LineString", "coordinates": [ [ 0.9294205, 51.887197200000017 ], [ 0.9293536, 51.8872908 ], [ 0.9291074, 51.8874681 ], [ 0.929091, 51.8874851 ], [ 0.9290919, 51.8874941 ], [ 0.9291039, 51.8875032 ] ] } },
{ "type": "Feature", "properties": { "id": 25040, "nach": 0.57111126538597101 }, "geometry": { "type": "LineString", "coordinates": [ [ 0.930613569442157, 51.886197856561338 ], [ 0.9294205, 51.887197200000017 ] ] } },
{ "type": "Feature", "properties": { "id": 25601, "nach": 0.44599373493607636 }, "geometry": { "type": "LineString", "coordinates": [ [ 0.9449127, 51.8773719 ], [ 0.9450857, 51.8772254 ] ] } },
{ "type": "Feature", "properties": { "id": 25600, "nach": 0.52137760140479983 }, "geometry": { "type": "LineString", "coordinates": [ [ 0.9449127, 51.8773719 ], [ 0.9447652, 51.8773187 ] ] } },
{ "type": "Feature", "properties": { "id": 25597, "nach": 0.44553711242168625 }, "geometry": { "type": "LineString", "coordinates": [ [ 0.9447652, 51.8773187 ], [ 0.9448439, 51.8772479 ] ] } },
{ "type": "Feature", "properties": { "id": 25603, "nach": 0.44574732358625502 }, "geometry": { "type": "LineString", "coordinates": [ [ 0.944724, 51.8773039 ], [ 0.9447652, 51.8773187 ] ] } },
{ "type": "Feature", "properties": { "id": 76121, "nach": 0.62980234974389204 }, "geometry": { "type": "LineString", "coordinates": [ [ 0.945335, 51.8778062 ], [ 0.9452887, 51.8778414 ], [ 0.9451564, 51.87797230000001 ], [ 0.9449421, 51.878019399999985 ] ] } },
{ "type": "Feature", "properties": { "id": 76123, "nach": 0.54053085366680054 }, "geometry": { "type": "LineString", "coordinates": [ [ 0.9450948, 51.8777093 ], [ 0.945335, 51.8778062 ] ] } },
{ "type": "Feature", "properties": { "id": 34664, "nach": 0.57998697821272815 }, "geometry": { "type": "LineString", "coordinates": [ [ 0.9372598, 51.8839292 ], [ 0.9375431, 51.8840662 ] ] } },
{ "type": "Feature", "properties": { "id": 34665, "nach": 0.65110705886305609 }, "geometry": { "type": "LineString", "coordinates": [ [ 0.9372598, 51.8839292 ], [ 0.937322, 51.8838795 ], [ 0.9373193, 51.8838017 ], [ 0.9373247, 51.8837388 ], [ 0.9374883, 51.8837123 ], [ 0.9376011, 51.8836745 ] ] } },
{ "type": "Feature", "properties": { "id": 76615, "nach": 0.53604657314626292 }, "geometry": { "type": "LineString", "coordinates": [ [ 0.9371258, 51.8843961 ], [ 0.936943, 51.8843337 ], [ 0.9368717, 51.8843055 ] ] } },
{ "type": "Feature", "properties": { "id": 25649, "nach": 0.50950714882074599 }, "geometry": { "type": "LineString", "coordinates": [ [ 0.9336504, 51.8844162 ], [ 0.9338243, 51.8842414 ] ] } },
{ "type": "Feature", "properties": { "id": 25662, "nach": 0.45113645539825031 }, "geometry": { "type": "LineString", "coordinates": [ [ 0.9339589, 51.8845302 ], [ 0.9336504, 51.8844162 ] ] } },
{ "type": "Feature", "properties": { "id": 25666, "nach": 0.50814030380320985 }, "geometry": { "type": "LineString", "coordinates": [ [ 0.9345577, 51.8845361 ], [ 0.9345016, 51.8845202 ] ] } },
{ "type": "Feature", "properties": { "id": 76166, "nach": 0.61195421416313167 }, "geometry": { "type": "LineString", "coordinates": [ [ 0.9343565, 51.8846783 ], [ 0.9344138, 51.8846176 ], [ 0.9345016, 51.8845202 ] ] } },
{ "type": "Feature", "properties": { "id": 25670, "nach": 0.49996377067276371 }, "geometry": { "type": "LineString", "coordinates": [ [ 0.934848699999989, 51.884593 ], [ 0.9345577, 51.8845361 ] ] } },
{ "type": "Feature", "properties": { "id": 76619, "nach": 0.59787468590224813 }, "geometry": { "type": "LineString", "coordinates": [ [ 0.9368026, 51.884378 ], [ 0.9367675, 51.8844658 ], [ 0.9368192, 51.88457660000001 ] ] } },
{ "type": "Feature", "properties": { "id": 76167, "nach": 0.61872033793996872 }, "geometry": { "type": "LineString", "coordinates": [ [ 0.9343565, 51.8846783 ], [ 0.9342391, 51.8848027 ], [ 0.934234399999989, 51.8848566 ], [ 0.934173, 51.8849163 ] ] } },
{ "type": "Feature", "properties": { "id": 25687, "nach": 0.44286397647190801 }, "geometry": { "type": "LineString", "coordinates": [ [ 0.9346958, 51.88489830000001 ], [ 0.9347803, 51.8847866 ], [ 0.9348287, 51.884695 ], [ 0.934848699999989, 51.884593 ] ] } },
{ "type": "Feature", "properties": { "id": 25692, "nach": 0.54221044366012094 }, "geometry": { "type": "LineString", "coordinates": [ [ 0.934173, 51.8849163 ], [ 0.9343547, 51.8849185 ], [ 0.9346958, 51.88489830000001 ] ] } },
{ "type": "Feature", "properties": { "id": 29111, "nach": 0.61369950227123837 }, "geometry": { "type": "LineString", "coordinates": [ [ 0.9384483, 51.88471890000001 ], [ 0.9385234, 51.8847532 ], [ 0.9387205, 51.8848493 ] ] } },
{ "type": "Feature", "properties": { "id": 76596, "nach": 0.5951472348857112 }, "geometry": { "type": "LineString", "coordinates": [ [ 0.9385384, 51.884643 ], [ 0.9384483, 51.88471890000001 ] ] } },
{ "type": "Feature", "properties": { "id": 25717, "nach": 0.52828649241685033 }, "geometry": { "type": "LineString", "coordinates": [ [ 0.9382203, 51.8852438 ], [ 0.9387205, 51.8848493 ] ] } },
{ "type": "Feature", "properties": { "id": 25709, "nach": 0.59952738812667949 }, "geometry": { "type": "LineString", "coordinates": [ [ 0.9392356, 51.8851031 ], [ 0.9390169, 51.8849938 ], [ 0.9387205, 51.8848493 ] ] } },
{ "type": "Feature", "properties": { "id": 25715, "nach": 0.65224148394938097 }, "geometry": { "type": "LineString", "coordinates": [ [ 0.9390972, 51.8852166 ], [ 0.9392356, 51.8851031 ] ] } },
{ "type": "Feature", "properties": { "id": 27298, "nach": 0.680178787690083 }, "geometry": { "type": "LineString", "coordinates": [ [ 0.9399617, 51.8849232 ], [ 0.9399064, 51.8848976 ] ] } },
{ "type": "Feature", "properties": { "id": 76605, "nach": 0.66384725162644276 }, "geometry": { "type": "LineString", "coordinates": [ [ 0.9396238, 51.885158 ], [ 0.939625, 51.885119200000013 ], [ 0.9397359, 51.885106400000019 ], [ 0.9398344, 51.8850209 ], [ 0.9398311, 51.8849581 ], [ 0.9399064, 51.8848976 ] ] } },
{ "type": "Feature", "properties": { "id": 74726, "nach": 0.61985457369391472 }, "geometry": { "type": "LineString", "coordinates": [ [ 0.9389434, 51.8844101 ], [ 0.9394072, 51.884659200000016 ], [ 0.9396406, 51.8847739 ], [ 0.9399064, 51.8848976 ] ] } },
{ "type": "Feature", "properties": { "id": 55975, "nach": 0.6705176892792909 }, "geometry": { "type": "LineString", "coordinates": [ [ 0.9400223, 51.88490250000001 ], [ 0.9399617, 51.8849232 ] ] } },
{ "type": "Feature", "properties": { "id": 76603, "nach": 0.66481864956003067 }, "geometry": { "type": "LineString", "coordinates": [ [ 0.9396238, 51.885158 ], [ 0.939623, 51.8851816 ] ] } },
{ "type": "Feature", "properties": { "id": 76610, "nach": 0.62324370385334904 }, "geometry": { "type": "LineString", "coordinates": [ [ 0.9393754, 51.8850402 ], [ 0.9396238, 51.885158 ] ] } },
{ "type": "Feature", "properties": { "id": 74730, "nach": 0.56377570573100932 }, "geometry": { "type": "LineString", "coordinates": [ [ 0.9393481, 51.8841616 ], [ 0.939210399999989, 51.8842635 ], [ 0.93911, 51.884327 ], [ 0.9389434, 51.8844101 ] ] } },
{ "type": "Feature", "properties": { "id": 76594, "nach": 0.53253829378854367 }, "geometry": { "type": "LineString", "coordinates": [ [ 0.9399899, 51.885293 ], [ 0.9399746, 51.8853083 ], [ 0.939623, 51.8851816 ] ] } },
{ "type": "Feature", "properties": { "id": 76595, "nach": 0.57948877738544768 }, "geometry": { "type": "LineString", "coordinates": [ [ 0.9399899, 51.885293 ], [ 0.9402396, 51.8854021 ], [ 0.9401881, 51.8854523 ] ] } },
{ "type": "Feature", "properties": { "id": 25722, "nach": 0.51558140560484744 }, "geometry": { "type": "LineString", "coordinates": [ [ 0.9394314, 51.8853771 ], [ 0.9390972, 51.8852166 ] ] } },
{ "type": "Feature", "properties": { "id": 25726, "nach": 0.65800376764339963 }, "geometry": { "type": "LineString", "coordinates": [ [ 0.9396155, 51.885425199999986 ], [ 0.939623, 51.8851816 ] ] } },
{ "type": "Feature", "properties": { "id": 25725, "nach": 0.4117037651744811 }, "geometry": { "type": "LineString", "coordinates": [ [ 0.9396155, 51.885425199999986 ], [ 0.9394314, 51.8853771 ] ] } },
{ "type": "Feature", "properties": { "id": 25744, "nach": 0.67229137067403977 }, "geometry": { "type": "LineString", "coordinates": [ [ 0.9393653, 51.8855825 ], [ 0.9396155, 51.885425199999986 ] ] } },
{ "type": "Feature", "properties": { "id": 25747, "nach": 0.56110926352957391 }, "geometry": { "type": "LineString", "coordinates": [ [ 0.9399556, 51.8855986 ], [ 0.9396797, 51.8854579 ], [ 0.9396155, 51.885425199999986 ] ] } },
{ "type": "Feature", "properties": { "id": 71341, "nach": 0.4792610618302458 }, "geometry": { "type": "LineString", "coordinates": [ [ 0.936795, 51.885365600000014 ], [ 0.9366969, 51.8855584 ] ] } },
{ "type": "Feature", "properties": { "id": 71344, "nach": 0.49384438545928233 }, "geometry": { "type": "LineString", "coordinates": [ [ 0.9372837, 51.8855257 ], [ 0.9372539, 51.885523200000016 ], [ 0.9371182, 51.8855125 ] ] } },
{ "type": "Feature", "properties": { "id": 71346, "nach": 0.52092614694258133 }, "geometry": { "type": "LineString", "coordinates": [ [ 0.9372837, 51.8855257 ], [ 0.9373142, 51.8854527 ], [ 0.9372045, 51.8854292 ], [ 0.936795, 51.885365600000014 ] ] } },
{ "type": "Feature", "properties": { "id": 30106, "nach": 0.42585802200829204 }, "geometry": { "type": "LineString", "coordinates": [ [ 0.9511426, 51.8673113 ], [ 0.9507426, 51.8677877 ] ] } },
{ "type": "Feature", "properties": { "id": 36500, "nach": 0.49081861541490607 }, "geometry": { "type": "LineString", "coordinates": [ [ 0.9630651, 51.869975 ], [ 0.9631507, 51.86998830000001 ], [ 0.9634013, 51.8699898 ] ] } },
{ "type": "Feature", "properties": { "id": 36501, "nach": 0.55721438819959179 }, "geometry": { "type": "LineString", "coordinates": [ [ 0.9630651, 51.869975 ], [ 0.9630813, 51.86986490000001 ], [ 0.9630939, 51.8697564 ] ] } },
{ "type": "Feature", "properties": { "id": 26071, "nach": 0.41715357214762494 }, "geometry": { "type": "LineString", "coordinates": [ [ 0.9634013, 51.8699898 ], [ 0.9634649, 51.8699473 ] ] } },
{ "type": "Feature", "properties": { "id": 42260, "nach": 0.41143881199631843 }, "geometry": { "type": "LineString", "coordinates": [ [ 0.9636447, 51.870103 ], [ 0.9636708, 51.8700489 ], [ 0.9634013, 51.8699898 ] ] } },
{ "type": "Feature", "properties": { "id": 36172, "nach": 0.35069991588702609 }, "geometry": { "type": "LineString", "coordinates": [ [ 0.9630662, 51.8697554 ], [ 0.9630109, 51.8697546 ] ] } },
{ "type": "Feature", "properties": { "id": 36173, "nach": 0.30957383077728862 }, "geometry": { "type": "LineString", "coordinates": [ [ 0.9630662, 51.8697554 ], [ 0.9630939, 51.8697564 ] ] } },
{ "type": "Feature", "properties": { "id": 36313, "nach": 0.48050517462234926 }, "geometry": { "type": "LineString", "coordinates": [ [ 0.9630762, 51.8696426 ], [ 0.9630662, 51.8697554 ] ] } },
{ "type": "Feature", "properties": { "id": 67228, "nach": 0.49534828702952571 }, "geometry": { "type": "LineString", "coordinates": [ [ 0.9282171, 51.8854638 ], [ 0.9281747, 51.8855277 ], [ 0.9280808, 51.8855526 ], [ 0.9280231, 51.8855741 ], [ 0.9279722, 51.8856105 ], [ 0.9279537, 51.8855982 ] ] } },
{ "type": "Feature", "properties": { "id": 67226, "nach": 0.70821282443093114 }, "geometry": { "type": "LineString", "coordinates": [ [ 0.9282171, 51.8854638 ], [ 0.9282762, 51.8854772 ], [ 0.9286149, 51.88556160000001 ], [ 0.9287789, 51.8856025 ] ] } },
{ "type": "Feature", "properties": { "id": 26190, "nach": 0.33698927627774472 }, "geometry": { "type": "LineString", "coordinates": [ [ 0.9475636, 51.8738458 ], [ 0.9475683, 51.8738622 ], [ 0.9475952, 51.8738857 ], [ 0.9479075, 51.8739882 ], [ 0.9482, 51.8740891 ], [ 0.9486553, 51.874254900000011 ], [ 0.9487388, 51.8742901 ] ] } },
{ "type": "Feature", "properties": { "id": 35025, "nach": 0.5679961430641135 }, "geometry": { "type": "LineString", "coordinates": [ [ 0.9476191, 51.8737752 ], [ 0.9475636, 51.8738458 ] ] } },
{ "type": "Feature", "properties": { "id": 59866, "nach": 0.41100012510825557 }, "geometry": { "type": "LineString", "coordinates": [ [ 0.9487957, 51.8743224 ], [ 0.9487388, 51.8742901 ] ] } },
{ "type": "Feature", "properties": { "id": 35021, "nach": 0.49048758150233762 }, "geometry": { "type": "LineString", "coordinates": [ [ 0.9487388, 51.8742901 ], [ 0.9488614, 51.8741709 ] ] } },
{ "type": "Feature", "properties": { "id": 26240, "nach": 0.57223542242886583 }, "geometry": { "type": "LineString", "coordinates": [ [ 0.9335417, 51.8789989 ], [ 0.9334321, 51.878970099999989 ], [ 0.9333418, 51.8789747 ], [ 0.9332725, 51.8789912 ] ] } },
{ "type": "Feature", "properties": { "id": 26206, "nach": 0.56674569487471238 }, "geometry": { "type": "LineString", "coordinates": [ [ 0.9332725, 51.8789912 ], [ 0.932866, 51.87914090000001 ], [ 0.9327406, 51.8792798 ] ] } },
{ "type": "Feature", "properties": { "id": 73963, "nach": 0.44709230266829486 }, "geometry": { "type": "LineString", "coordinates": [ [ 0.9331265, 51.8791475 ], [ 0.9332725, 51.8789912 ] ] } },
{ "type": "Feature", "properties": { "id": 73953, "nach": 0.56733842401471379 }, "geometry": { "type": "LineString", "coordinates": [ [ 0.9336258, 51.87903110000002 ], [ 0.9335417, 51.8789989 ] ] } },
{ "type": "Feature", "properties": { "id": 26247, "nach": 0.18715545958137408 }, "geometry": { "type": "LineString", "coordinates": [ [ 0.9331335, 51.8794219 ], [ 0.9335417, 51.8789989 ] ] } },
{ "type": "Feature", "properties": { "id": 26230, "nach": 0.57449613234641506 }, "geometry": { "type": "LineString", "coordinates": [ [ 0.9327406, 51.8792798 ], [ 0.9324183, 51.8796171 ] ] } },
{ "type": "Feature", "properties": { "id": 26246, "nach": 0.2107310001921541 }, "geometry": { "type": "LineString", "coordinates": [ [ 0.9329351, 51.8793512 ], [ 0.9327406, 51.8792798 ] ] } },
{ "type": "Feature", "properties": { "id": 55859, "nach": 0.62706852662066959 }, "geometry": { "type": "LineString", "coordinates": [ [ 0.9483942, 51.8757547 ], [ 0.9484626, 51.8758569 ], [ 0.9485679, 51.8760018 ] ] } },
{ "type": "Feature", "properties": { "id": 73947, "nach": 0.52769050352906322 }, "geometry": { "type": "LineString", "coordinates": [ [ 0.932614, 51.8796853 ], [ 0.9324183, 51.8796171 ] ] } },
{ "type": "Feature", "properties": { "id": 26249, "nach": 0.43815511220382602 }, "geometry": { "type": "LineString", "coordinates": [ [ 0.9331335, 51.8794219 ], [ 0.9329351, 51.8793512 ] ] } },
{ "type": "Feature", "properties": { "id": 73964, "nach": 0.47543996385527987 }, "geometry": { "type": "LineString", "coordinates": [ [ 0.9331265, 51.8791475 ], [ 0.9329351, 51.8793512 ] ] } },
{ "type": "Feature", "properties": { "id": 73948, "nach": 0.51954314154968273 }, "geometry": { "type": "LineString", "coordinates": [ [ 0.932614, 51.8796853 ], [ 0.9327206, 51.8795744 ], [ 0.9328134, 51.8794778 ], [ 0.9328821, 51.8794064 ], [ 0.9329351, 51.8793512 ] ] } },
{ "type": "Feature", "properties": { "id": 73949, "nach": 0.47483440808244254 }, "geometry": { "type": "LineString", "coordinates": [ [ 0.9332075, 51.8794492 ], [ 0.9333283, 51.879494 ] ] } },
{ "type": "Feature", "properties": { "id": 73950, "nach": 0.38076009134702371 }, "geometry": { "type": "LineString", "coordinates": [ [ 0.9332075, 51.8794492 ], [ 0.9331335, 51.8794219 ] ] } },
{ "type": "Feature", "properties": { "id": 73956, "nach": 0.43844143742954739 }, "geometry": { "type": "LineString", "coordinates": [ [ 0.9336258, 51.87903110000002 ], [ 0.9332075, 51.8794492 ] ] } },
{ "type": "Feature", "properties": { "id": 28629, "nach": 0.57379051823233496 }, "geometry": { "type": "LineString", "coordinates": [ [ 0.9305727, 51.8850407 ], [ 0.9307144, 51.8850337 ] ] } },
{ "type": "Feature", "properties": { "id": 28630, "nach": 0.63208234242149552 }, "geometry": { "type": "LineString", "coordinates": [ [ 0.9305727, 51.8850407 ], [ 0.9305614, 51.8850576 ], [ 0.9306526, 51.8851152 ], [ 0.9304641, 51.885269 ], [ 0.93041, 51.885248200000014 ], [ 0.9302457, 51.8853833 ] ] } },
{ "type": "Feature", "properties": { "id": 55871, "nach": 0.49160314497142971 }, "geometry": { "type": "LineString", "coordinates": [ [ 0.9420906, 51.8781371 ], [ 0.9420346, 51.8781098 ], [ 0.9416554, 51.8778937 ] ] } },
{ "type": "Feature", "properties": { "id": 26963, "nach": 0.46426826965418377 }, "geometry": { "type": "LineString", "coordinates": [ [ 0.9293269, 51.8821773 ], [ 0.9292337, 51.8822492 ] ] } },
{ "type": "Feature", "properties": { "id": 26966, "nach": 0.46083228129823911 }, "geometry": { "type": "LineString", "coordinates": [ [ 0.9295253, 51.8824297 ], [ 0.9292337, 51.8822492 ] ] } },
{ "type": "Feature", "properties": { "id": 26965, "nach": 0.0 }, "geometry": { "type": "LineString", "coordinates": [ [ 0.9293269, 51.8821773 ], [ 0.9293242, 51.8821277 ], [ 0.9294798, 51.8820399 ], [ 0.929799, 51.8822303 ], [ 0.9296058, 51.8823446 ], [ 0.9293269, 51.8821773 ] ] } },
{ "type": "Feature", "properties": { "id": 27092, "nach": 0.66987817980567088 }, "geometry": { "type": "LineString", "coordinates": [ [ 0.9373627, 51.8833532 ], [ 0.9373965, 51.8834864 ], [ 0.9374617, 51.8835921 ], [ 0.9376011, 51.8836745 ] ] } },
{ "type": "Feature", "properties": { "id": 27105, "nach": 0.68758708495394949 }, "geometry": { "type": "LineString", "coordinates": [ [ 0.9373036, 51.8828441 ], [ 0.9373169, 51.8829875 ], [ 0.9373627, 51.8833532 ] ] } },
{ "type": "Feature", "properties": { "id": 74735, "nach": 0.58442947628853892 }, "geometry": { "type": "LineString", "coordinates": [ [ 0.9380545, 51.883571700000012 ], [ 0.9379332, 51.883530600000014 ], [ 0.937738, 51.883470399999986 ], [ 0.93749, 51.8833738 ], [ 0.9373627, 51.8833532 ] ] } },
{ "type": "Feature", "properties": { "id": 27106, "nach": 0.70078392646907151 }, "geometry": { "type": "LineString", "coordinates": [ [ 0.9373036, 51.8828441 ], [ 0.9372315, 51.88276050000001 ], [ 0.93714, 51.8827043 ], [ 0.937017, 51.8826615 ] ] } },
{ "type": "Feature", "properties": { "id": 76197, "nach": 0.58591070627834807 }, "geometry": { "type": "LineString", "coordinates": [ [ 0.9377072, 51.8829174 ], [ 0.9373036, 51.8828441 ] ] } },
{ "type": "Feature", "properties": { "id": 74734, "nach": 0.60767105899289975 }, "geometry": { "type": "LineString", "coordinates": [ [ 0.9380545, 51.883571700000012 ], [ 0.9382239, 51.8836291 ] ] } },
{ "type": "Feature", "properties": { "id": 76201, "nach": 0.50485758930384539 }, "geometry": { "type": "LineString", "coordinates": [ [ 0.9382098, 51.8831395 ], [ 0.9381028, 51.8832081 ], [ 0.9380196, 51.883331500000011 ], [ 0.9380072, 51.8833676 ], [ 0.9380054, 51.8834768 ], [ 0.9380545, 51.883571700000012 ] ] } },
{ "type": "Feature", "properties": { "id": 29132, "nach": 0.67077043839245942 }, "geometry": { "type": "LineString", "coordinates": [ [ 0.9365403, 51.8825317 ], [ 0.9366952, 51.8826004 ], [ 0.937017, 51.8826615 ] ] } },
{ "type": "Feature", "properties": { "id": 34659, "nach": 0.71003788693813796 }, "geometry": { "type": "LineString", "coordinates": [ [ 0.937017, 51.8826615 ], [ 0.936524274322017, 51.882326914439481 ] ] } },
{ "type": "Feature", "properties": { "id": 59609, "nach": 0.48725606081186273 }, "geometry": { "type": "LineString", "coordinates": [ [ 0.9361233, 51.8823994 ], [ 0.9360836, 51.8823627 ] ] } },
{ "type": "Feature", "properties": { "id": 37060, "nach": 0.65481970850628357 }, "geometry": { "type": "LineString", "coordinates": [ [ 0.9353731, 51.88244550000001 ], [ 0.9354652, 51.8824809 ], [ 0.9356941, 51.8824656 ], [ 0.9359488, 51.8823947 ], [ 0.9360836, 51.8823627 ] ] } },
{ "type": "Feature", "properties": { "id": 34659, "nach": 0.71003788693813796 }, "geometry": { "type": "LineString", "coordinates": [ [ 0.936781290168661, 51.882439466720221 ], [ 0.9360836, 51.8823627 ] ] } },
{ "type": "Feature", "properties": { "id": 29131, "nach": 0.67141663391176609 }, "geometry": { "type": "LineString", "coordinates": [ [ 0.9365403, 51.8825317 ], [ 0.936781290168661, 51.882439466720221 ] ] } },
{ "type": "Feature", "properties": { "id": 76198, "nach": 0.47545962109138173 }, "geometry": { "type": "LineString", "coordinates": [ [ 0.9377072, 51.8829174 ], [ 0.9378767, 51.8829622 ], [ 0.9382512, 51.883113 ] ] } },
{ "type": "Feature", "properties": { "id": 76203, "nach": 0.55713883979731849 }, "geometry": { "type": "LineString", "coordinates": [ [ 0.9382098, 51.8831395 ], [ 0.9377545, 51.8829506 ], [ 0.9377072, 51.8829174 ] ] } },
{ "type": "Feature", "properties": { "id": 27116, "nach": 0.53832822018080395 }, "geometry": { "type": "LineString", "coordinates": [ [ 0.9389537, 51.8858626 ], [ 0.938855499999988, 51.8858245 ] ] } },
{ "type": "Feature", "properties": { "id": 71353, "nach": 0.61247976143299421 }, "geometry": { "type": "LineString", "coordinates": [ [ 0.9362013, 51.885013 ], [ 0.9359641, 51.8849992 ], [ 0.935669, 51.8849868 ], [ 0.935336, 51.8849878 ] ] } },
{ "type": "Feature", "properties": { "id": 76185, "nach": 0.61186974037147956 }, "geometry": { "type": "LineString", "coordinates": [ [ 0.9402135, 51.8848605 ], [ 0.9400223, 51.88490250000001 ] ] } },
{ "type": "Feature", "properties": { "id": 49791, "nach": 0.70974684371477348 }, "geometry": { "type": "LineString", "coordinates": [ [ 0.9287789, 51.8856025 ], [ 0.9296159, 51.8858249 ] ] } },
{ "type": "Feature", "properties": { "id": 27398, "nach": 0.56286892240256736 }, "geometry": { "type": "LineString", "coordinates": [ [ 0.9302457, 51.8853833 ], [ 0.9300796, 51.8855331 ], [ 0.9300186, 51.8855795 ], [ 0.9299349, 51.885645 ], [ 0.9297966, 51.8856739 ], [ 0.9297202, 51.88571060000001 ], [ 0.9296638, 51.885772500000016 ], [ 0.9296159, 51.8858249 ] ] } },
{ "type": "Feature", "properties": { "id": 49794, "nach": 0.48211425425216409 }, "geometry": { "type": "LineString", "coordinates": [ [ 0.9277866, 51.8861488 ], [ 0.9283247, 51.885807 ], [ 0.928457, 51.8857274 ], [ 0.9286384, 51.8857154 ], [ 0.9287789, 51.8856025 ] ] } },
{ "type": "Feature", "properties": { "id": 69516, "nach": 0.61486624042097371 }, "geometry": { "type": "LineString", "coordinates": [ [ 0.9303319, 51.88541810000001 ], [ 0.9303026, 51.8854067 ], [ 0.9302457, 51.8853833 ] ] } },
{ "type": "Feature", "properties": { "id": 69514, "nach": 0.53635590224249607 }, "geometry": { "type": "LineString", "coordinates": [ [ 0.9303319, 51.88541810000001 ], [ 0.9304142, 51.8854502 ] ] } },
{ "type": "Feature", "properties": { "id": 69517, "nach": 0.61875797124698639 }, "geometry": { "type": "LineString", "coordinates": [ [ 0.9303319, 51.88541810000001 ], [ 0.93026, 51.8854672 ], [ 0.930233, 51.885504500000017 ], [ 0.9301667, 51.8855673 ], [ 0.9300609, 51.8856359 ], [ 0.9299971, 51.8856828 ] ] } },
{ "type": "Feature", "properties": { "id": 69518, "nach": 0.50472892395910418 }, "geometry": { "type": "LineString", "coordinates": [ [ 0.9304009, 51.885363 ], [ 0.9303319, 51.88541810000001 ] ] } },
{ "type": "Feature", "properties": { "id": 74979, "nach": 0.4842943483232644 }, "geometry": { "type": "LineString", "coordinates": [ [ 0.9622923, 51.8691117 ], [ 0.962572, 51.8691102 ] ] } },
{ "type": "Feature", "properties": { "id": 42258, "nach": 0.48593295140471998 }, "geometry": { "type": "LineString", "coordinates": [ [ 0.9625119, 51.8688156 ], [ 0.962541, 51.8690525 ], [ 0.962572, 51.8691102 ] ] } },
{ "type": "Feature", "properties": { "id": 74981, "nach": 0.3991110672618321 }, "geometry": { "type": "LineString", "coordinates": [ [ 0.9622923, 51.8691117 ], [ 0.9622675, 51.869111799999985 ], [ 0.9621381, 51.869089 ], [ 0.9620302, 51.868992 ], [ 0.9620071, 51.868868 ], [ 0.9615595, 51.8689121 ], [ 0.9612507, 51.86894250000001 ] ] } },
{ "type": "Feature", "properties": { "id": 74982, "nach": 0.41069187698673149 }, "geometry": { "type": "LineString", "coordinates": [ [ 0.9622233, 51.869428400000011 ], [ 0.9622923, 51.8691117 ] ] } },
{ "type": "Feature", "properties": { "id": 42257, "nach": 0.40680257246401491 }, "geometry": { "type": "LineString", "coordinates": [ [ 0.9625119, 51.8688156 ], [ 0.9624913, 51.8686477 ], [ 0.9625094, 51.8686088 ], [ 0.9625785, 51.8685855 ], [ 0.9628251, 51.86858 ] ] } },
{ "type": "Feature", "properties": { "id": 42259, "nach": 0.41034727923838571 }, "geometry": { "type": "LineString", "coordinates": [ [ 0.9628476, 51.8688278 ], [ 0.9625119, 51.8688156 ] ] } },
{ "type": "Feature", "properties": { "id": 28568, "nach": 0.49993663255366483 }, "geometry": { "type": "LineString", "coordinates": [ [ 0.9305459, 51.8797407 ], [ 0.9309713, 51.8795532 ] ] } },
{ "type": "Feature", "properties": { "id": 28585, "nach": 0.23298388611991949 }, "geometry": { "type": "LineString", "coordinates": [ [ 0.9304964, 51.880059 ], [ 0.930514, 51.879945 ], [ 0.9305459, 51.8797407 ] ] } },
{ "type": "Feature", "properties": { "id": 28561, "nach": 0.45105443289721386 }, "geometry": { "type": "LineString", "coordinates": [ [ 0.9312226, 51.8797484 ], [ 0.9314219, 51.879813500000019 ] ] } },
{ "type": "Feature", "properties": { "id": 28584, "nach": 0.4368760064473548 }, "geometry": { "type": "LineString", "coordinates": [ [ 0.9304964, 51.880059 ], [ 0.9307393, 51.88007180000001 ], [ 0.9308797, 51.880074 ], [ 0.9309274, 51.8800616 ], [ 0.9309818, 51.8800099 ], [ 0.9312226, 51.8797484 ] ] } },
{ "type": "Feature", "properties": { "id": 48847, "nach": 0.5543108317477613 }, "geometry": { "type": "LineString", "coordinates": [ [ 0.9280581, 51.8811263 ], [ 0.9280179, 51.8811036 ], [ 0.9277627, 51.8809675 ], [ 0.9276071, 51.8809549 ] ] } },
{ "type": "Feature", "properties": { "id": 48848, "nach": 0.55980288101019549 }, "geometry": { "type": "LineString", "coordinates": [ [ 0.9282798, 51.8809789 ], [ 0.9280581, 51.8811263 ] ] } },
{ "type": "Feature", "properties": { "id": 64721, "nach": 0.60521249385398312 }, "geometry": { "type": "LineString", "coordinates": [ [ 0.9304052, 51.8808231 ], [ 0.9304563, 51.880807200000014 ], [ 0.9305197, 51.8807895 ], [ 0.9305741, 51.8807746 ], [ 0.9306184, 51.8807651 ], [ 0.9307435, 51.8807375 ] ] } },
{ "type": "Feature", "properties": { "id": 69865, "nach": 0.58896356305264974 }, "geometry": { "type": "LineString", "coordinates": [ [ 0.9343131, 51.88565950000001 ], [ 0.9343287, 51.885651 ], [ 0.9347605, 51.8855964 ] ] } },
{ "type": "Feature", "properties": { "id": 76014, "nach": 0.41498343341622496 }, "geometry": { "type": "LineString", "coordinates": [ [ 0.9346654, 51.8853006 ], [ 0.9344653, 51.8853313 ], [ 0.9342459, 51.8853609 ], [ 0.93423, 51.8854015 ], [ 0.9343131, 51.88565950000001 ] ] } },
{ "type": "Feature", "properties": { "id": 54451, "nach": 0.4841186874837794 }, "geometry": { "type": "LineString", "coordinates": [ [ 0.9261083, 51.8808213 ], [ 0.9263619, 51.8808585 ] ] } },
{ "type": "Feature", "properties": { "id": 76609, "nach": 0.5431268838691643 }, "geometry": { "type": "LineString", "coordinates": [ [ 0.9393754, 51.8850402 ], [ 0.9385384, 51.884643 ] ] } },
{ "type": "Feature", "properties": { "id": 55806, "nach": 0.58727223661256933 }, "geometry": { "type": "LineString", "coordinates": [ [ 0.9399997, 51.8795944 ], [ 0.9400529, 51.8796044 ] ] } },
{ "type": "Feature", "properties": { "id": 30508, "nach": 0.56046323012013721 }, "geometry": { "type": "LineString", "coordinates": [ [ 0.9402731, 51.879994500000016 ], [ 0.9402873, 51.8799338 ], [ 0.9402819, 51.8799067 ], [ 0.940167, 51.8796737 ], [ 0.9401371, 51.8796441 ], [ 0.9400529, 51.8796044 ] ] } },
{ "type": "Feature", "properties": { "id": 55808, "nach": 0.57557713734781246 }, "geometry": { "type": "LineString", "coordinates": [ [ 0.9399997, 51.8795944 ], [ 0.9388372, 51.8791747 ], [ 0.9385486, 51.8791809 ], [ 0.9383514, 51.879287700000013 ], [ 0.9380958, 51.87956890000001 ], [ 0.9379596, 51.8797074 ] ] } },
{ "type": "Feature", "properties": { "id": 55809, "nach": 0.46081866545231703 }, "geometry": { "type": "LineString", "coordinates": [ [ 0.9400077, 51.8796422 ], [ 0.9399997, 51.8795944 ] ] } },
{ "type": "Feature", "properties": { "id": 73914, "nach": 0.61131780131531266 }, "geometry": { "type": "LineString", "coordinates": [ [ 0.9400686, 51.8802673 ], [ 0.9401739, 51.88013 ], [ 0.9402731, 51.879994500000016 ] ] } },
{ "type": "Feature", "properties": { "id": 29731, "nach": 0.50771714764001807 }, "geometry": { "type": "LineString", "coordinates": [ [ 0.9400786, 51.8814997 ], [ 0.940098, 51.8815498 ] ] } },
{ "type": "Feature", "properties": { "id": 29131, "nach": 0.67141663391176609 }, "geometry": { "type": "LineString", "coordinates": [ [ 0.936781290168661, 51.882439466720221 ], [ 0.940098, 51.8815498 ] ] } },
{ "type": "Feature", "properties": { "id": 34999, "nach": 0.44114067072996194 }, "geometry": { "type": "LineString", "coordinates": [ [ 0.9399565, 51.8815186 ], [ 0.9400786, 51.8814997 ] ] } },
{ "type": "Feature", "properties": { "id": 55892, "nach": 0.525254307396536 }, "geometry": { "type": "LineString", "coordinates": [ [ 0.9374206, 51.88026210000001 ], [ 0.9373501, 51.8803424 ], [ 0.9373394, 51.8803537 ], [ 0.9371776, 51.8805177 ], [ 0.9370035, 51.8806943 ], [ 0.9368888, 51.8808107 ], [ 0.9368298, 51.8809266 ], [ 0.9368031, 51.881071900000016 ], [ 0.9367795, 51.8812006 ], [ 0.9367708, 51.8812478 ], [ 0.9366942, 51.88126110000001 ] ] } },
{ "type": "Feature", "properties": { "id": 37004, "nach": 0.60262893108228621 }, "geometry": { "type": "LineString", "coordinates": [ [ 0.9367101, 51.8809618 ], [ 0.9367125, 51.8811588 ], [ 0.9366942, 51.88126110000001 ] ] } },
{ "type": "Feature", "properties": { "id": 38489, "nach": 0.62787844125893966 }, "geometry": { "type": "LineString", "coordinates": [ [ 0.9366033, 51.8813893 ], [ 0.9366661, 51.8813196 ], [ 0.9366942, 51.88126110000001 ] ] } },
{ "type": "Feature", "properties": { "id": 55891, "nach": 0.52747875166247293 }, "geometry": { "type": "LineString", "coordinates": [ [ 0.9374206, 51.88026210000001 ], [ 0.9375076, 51.8801759 ], [ 0.937731, 51.8799397 ], [ 0.9378079, 51.8798616 ], [ 0.9379596, 51.8797074 ] ] } },
{ "type": "Feature", "properties": { "id": 55889, "nach": 0.55736112677030325 }, "geometry": { "type": "LineString", "coordinates": [ [ 0.9374206, 51.88026210000001 ], [ 0.9377751, 51.8803809 ] ] } },
{ "type": "Feature", "properties": { "id": 76908, "nach": 0.57288034073874095 }, "geometry": { "type": "LineString", "coordinates": [ [ 0.9362137, 51.8807708 ], [ 0.9363215, 51.8808442 ], [ 0.9365448, 51.880923 ], [ 0.9367101, 51.8809618 ] ] } },
{ "type": "Feature", "properties": { "id": 38490, "nach": 0.66049999551621508 }, "geometry": { "type": "LineString", "coordinates": [ [ 0.9366033, 51.8813893 ], [ 0.9364864, 51.8814229 ], [ 0.9362326, 51.881419 ], [ 0.9359884, 51.8814152 ] ] } },
{ "type": "Feature", "properties": { "id": 57302, "nach": 0.60905714148861656 }, "geometry": { "type": "LineString", "coordinates": [ [ 0.936791, 51.8814579 ], [ 0.9366863, 51.8814287 ], [ 0.9366033, 51.8813893 ] ] } },
{ "type": "Feature", "properties": { "id": 55875, "nach": 0.6141864990530076 }, "geometry": { "type": "LineString", "coordinates": [ [ 0.9413517, 51.8799048 ], [ 0.9410645, 51.8797998 ] ] } },
{ "type": "Feature", "properties": { "id": 73925, "nach": 0.55950485628828561 }, "geometry": { "type": "LineString", "coordinates": [ [ 0.9404237, 51.8800506 ], [ 0.9404347, 51.880035800000016 ] ] } },
{ "type": "Feature", "properties": { "id": 35049, "nach": 0.61630041584984219 }, "geometry": { "type": "LineString", "coordinates": [ [ 0.9409821, 51.879895 ], [ 0.9409315, 51.879882100000017 ], [ 0.9408739, 51.87988230000002 ], [ 0.9406802, 51.879920199999987 ], [ 0.9405065, 51.8799654 ], [ 0.9404816, 51.8799826 ], [ 0.9404347, 51.880035800000016 ] ] } },
{ "type": "Feature", "properties": { "id": 73935, "nach": 0.43748832714116992 }, "geometry": { "type": "LineString", "coordinates": [ [ 0.9400904, 51.8804958 ], [ 0.9403967, 51.8800869 ], [ 0.9404237, 51.8800506 ] ] } },
{ "type": "Feature", "properties": { "id": 73930, "nach": 0.52041164063605583 }, "geometry": { "type": "LineString", "coordinates": [ [ 0.9404174, 51.880398 ], [ 0.9403745, 51.8802581 ], [ 0.9403651, 51.8801678 ], [ 0.9404416, 51.8800553 ], [ 0.9404237, 51.8800506 ] ] } },
{ "type": "Feature", "properties": { "id": 38480, "nach": 0.54347924345814846 }, "geometry": { "type": "LineString", "coordinates": [ [ 0.9416315, 51.8801274 ], [ 0.9415126, 51.8800497 ], [ 0.9412991, 51.8799867 ], [ 0.9409821, 51.879895 ] ] } },
{ "type": "Feature", "properties": { "id": 55881, "nach": 0.59285721675450564 }, "geometry": { "type": "LineString", "coordinates": [ [ 0.9422743, 51.8790501 ], [ 0.9413517, 51.8799048 ] ] } },
{ "type": "Feature", "properties": { "id": 76899, "nach": 0.54096973805115178 }, "geometry": { "type": "LineString", "coordinates": [ [ 0.9358674, 51.8790677 ], [ 0.9357564, 51.8791837 ], [ 0.9357564, 51.8792313 ], [ 0.9358265, 51.8794792 ], [ 0.9356864, 51.8796839 ], [ 0.9357307, 51.879770399999984 ] ] } },
{ "type": "Feature", "properties": { "id": 71342, "nach": 0.51909987900276022 }, "geometry": { "type": "LineString", "coordinates": [ [ 0.936795, 51.885365600000014 ], [ 0.9368683, 51.88522170000001 ], [ 0.9369272, 51.8850998 ] ] } },
{ "type": "Feature", "properties": { "id": 41251, "nach": 0.62588234282086008 }, "geometry": { "type": "LineString", "coordinates": [ [ 0.9302424, 51.8867521 ], [ 0.930299, 51.8867826 ] ] } },
{ "type": "Feature", "properties": { "id": 30095, "nach": 0.075896047482770693 }, "geometry": { "type": "LineString", "coordinates": [ [ 0.9502064, 51.8675546 ], [ 0.9498867, 51.8675596 ], [ 0.9489882, 51.8675946 ], [ 0.9485713, 51.867512100000013 ], [ 0.9478833, 51.8673222 ] ] } },
{ "type": "Feature", "properties": { "id": 33250, "nach": 0.29446858746666549 }, "geometry": { "type": "LineString", "coordinates": [ [ 0.948724, 51.8667069 ], [ 0.9488478, 51.8666878 ], [ 0.9491879, 51.8667642 ], [ 0.9492967, 51.8667646 ], [ 0.9503028, 51.8670057 ], [ 0.9507165, 51.8673475 ], [ 0.9504177, 51.8675066 ], [ 0.9502064, 51.8675546 ] ] } },
{ "type": "Feature", "properties": { "id": 33245, "nach": 0.46446684110044095 }, "geometry": { "type": "LineString", "coordinates": [ [ 0.9518451, 51.866367100000012 ], [ 0.951784, 51.8664628 ], [ 0.9515412, 51.866716600000011 ], [ 0.9513544, 51.8670087 ], [ 0.9511426, 51.8673113 ] ] } },
{ "type": "Feature", "properties": { "id": 36158, "nach": 0.4111439540316289 }, "geometry": { "type": "LineString", "coordinates": [ [ 0.9586016, 51.875821899999984 ], [ 0.9584668, 51.8758804 ], [ 0.9584187, 51.8759012 ] ] } },
{ "type": "Feature", "properties": { "id": 36503, "nach": 0.39379015953359403 }, "geometry": { "type": "LineString", "coordinates": [ [ 0.9581914, 51.875932 ], [ 0.9582431, 51.8759425 ], [ 0.9582967, 51.875945 ], [ 0.9583531, 51.87593840000001 ], [ 0.9583893, 51.875925100000011 ], [ 0.9584187, 51.8759012 ] ] } },
{ "type": "Feature", "properties": { "id": 36491, "nach": 0.40860058909531383 }, "geometry": { "type": "LineString", "coordinates": [ [ 0.9581587, 51.87589710000001 ], [ 0.9582348, 51.875896 ], [ 0.9584187, 51.8759012 ] ] } },
{ "type": "Feature", "properties": { "id": 73913, "nach": 0.58733136746086323 }, "geometry": { "type": "LineString", "coordinates": [ [ 0.9400686, 51.8802673 ], [ 0.9400125, 51.8803406 ], [ 0.9397774, 51.8806104 ], [ 0.9396748, 51.880716 ], [ 0.9395193, 51.88087 ], [ 0.9390645, 51.8813288 ], [ 0.9390226, 51.881361 ], [ 0.9389743, 51.8813866 ], [ 0.9388799, 51.8814263 ], [ 0.9387849, 51.8814471 ], [ 0.9386816, 51.8814612 ], [ 0.9386383, 51.8814659 ], [ 0.9385393, 51.8814767 ], [ 0.938379, 51.8814895 ], [ 0.9381819, 51.88149640000001 ], [ 0.9380506, 51.881501 ], [ 0.9376567, 51.8815024 ], [ 0.9376199, 51.8814772 ], [ 0.936791, 51.8814579 ] ] } },
{ "type": "Feature", "properties": { "id": 73921, "nach": 0.53238510715317999 }, "geometry": { "type": "LineString", "coordinates": [ [ 0.9398202, 51.8801225 ], [ 0.9398345, 51.8801853 ], [ 0.9400686, 51.8802673 ] ] } },
{ "type": "Feature", "properties": { "id": 30523, "nach": 0.52354696461952943 }, "geometry": { "type": "LineString", "coordinates": [ [ 0.9418778, 51.8772014 ], [ 0.9419518, 51.8770151 ] ] } },
{ "type": "Feature", "properties": { "id": 59597, "nach": 0.32171435983014529 }, "geometry": { "type": "LineString", "coordinates": [ [ 0.9496661, 51.8813431 ], [ 0.949824, 51.881355 ], [ 0.9500368, 51.881365200000012 ], [ 0.9503926, 51.8813751 ], [ 0.9509696, 51.8813823 ] ] } },
{ "type": "Feature", "properties": { "id": 38485, "nach": 0.60342906671729557 }, "geometry": { "type": "LineString", "coordinates": [ [ 0.9421346, 51.880217600000016 ], [ 0.9421436, 51.8801865 ] ] } },
{ "type": "Feature", "properties": { "id": 73457, "nach": 0.59206124713089825 }, "geometry": { "type": "LineString", "coordinates": [ [ 0.9424361, 51.8802447 ], [ 0.9423663, 51.8802316 ], [ 0.9421436, 51.8801865 ] ] } },
{ "type": "Feature", "properties": { "id": 38483, "nach": 0.59358934537443364 }, "geometry": { "type": "LineString", "coordinates": [ [ 0.9416774, 51.8800681 ], [ 0.9419022, 51.8801314 ], [ 0.9421436, 51.8801865 ] ] } },
{ "type": "Feature", "properties": { "id": 38486, "nach": 0.55221117264687147 }, "geometry": { "type": "LineString", "coordinates": [ [ 0.9421346, 51.880217600000016 ], [ 0.9420888, 51.8802279 ], [ 0.9418214, 51.8801538 ], [ 0.9416315, 51.8801274 ] ] } },
{ "type": "Feature", "properties": { "id": 63252, "nach": 0.57252211007553366 }, "geometry": { "type": "LineString", "coordinates": [ [ 0.9419791, 51.8804649 ], [ 0.9420223, 51.8804198 ], [ 0.9421346, 51.880217600000016 ] ] } },
{ "type": "Feature", "properties": { "id": 73456, "nach": 0.58164946290472908 }, "geometry": { "type": "LineString", "coordinates": [ [ 0.9424361, 51.8802447 ], [ 0.9425412, 51.88026450000001 ], [ 0.9426947, 51.8802865 ], [ 0.9428748, 51.8803105 ] ] } },
{ "type": "Feature", "properties": { "id": 73459, "nach": 0.43350765020262544 }, "geometry": { "type": "LineString", "coordinates": [ [ 0.943214, 51.879500299999989 ], [ 0.9424975, 51.8801701 ], [ 0.9424361, 51.8802447 ] ] } },
{ "type": "Feature", "properties": { "id": 38482, "nach": 0.24213706227713963 }, "geometry": { "type": "LineString", "coordinates": [ [ 0.9416774, 51.8800681 ], [ 0.9416315, 51.8801274 ] ] } },
{ "type": "Feature", "properties": { "id": 45471, "nach": 0.47442079918728758 }, "geometry": { "type": "LineString", "coordinates": [ [ 0.9426015, 51.8806277 ], [ 0.9427233, 51.880515 ], [ 0.9428225, 51.8804342 ], [ 0.9428748, 51.8803105 ] ] } },
{ "type": "Feature", "properties": { "id": 63256, "nach": 0.50948866349529165 }, "geometry": { "type": "LineString", "coordinates": [ [ 0.9422873, 51.8805922 ], [ 0.9423078, 51.8805707 ], [ 0.9423308, 51.8805484 ], [ 0.9423716, 51.88053810000001 ], [ 0.9425242, 51.88059890000001 ], [ 0.9426015, 51.8806277 ] ] } },
{ "type": "Feature", "properties": { "id": 63249, "nach": 0.43558080374169178 }, "geometry": { "type": "LineString", "coordinates": [ [ 0.9428398, 51.8805817 ], [ 0.9429948, 51.880655 ], [ 0.9428958, 51.8807277 ], [ 0.9426015, 51.8806277 ] ] } },
{ "type": "Feature", "properties": { "id": 32375, "nach": 0.54767673302628972 }, "geometry": { "type": "LineString", "coordinates": [ [ 0.9278303, 51.8825999 ], [ 0.9273711, 51.8825876 ] ] } },
{ "type": "Feature", "properties": { "id": 32371, "nach": 0.46951186845658277 }, "geometry": { "type": "LineString", "coordinates": [ [ 0.9273925, 51.882379 ], [ 0.9273711, 51.8825876 ] ] } },
{ "type": "Feature", "properties": { "id": 32381, "nach": 0.47106211448736257 }, "geometry": { "type": "LineString", "coordinates": [ [ 0.927355, 51.8827267 ], [ 0.9273711, 51.8825876 ] ] } },
{ "type": "Feature", "properties": { "id": 47238, "nach": 0.61170521117826715 }, "geometry": { "type": "LineString", "coordinates": [ [ 0.9277329, 51.8833728 ], [ 0.9277764, 51.8830533 ], [ 0.9278188, 51.882703800000016 ], [ 0.9278234, 51.8826169 ], [ 0.9278303, 51.8825999 ] ] } },
{ "type": "Feature", "properties": { "id": 47241, "nach": 0.4723660678892157 }, "geometry": { "type": "LineString", "coordinates": [ [ 0.9282795, 51.8834787 ], [ 0.9281962, 51.883426 ], [ 0.9281166, 51.883401500000012 ], [ 0.9277329, 51.8833728 ] ] } },
{ "type": "Feature", "properties": { "id": 55843, "nach": 0.49352154519327462 }, "geometry": { "type": "LineString", "coordinates": [ [ 0.9518504, 51.8758996 ], [ 0.951723, 51.875827700000016 ], [ 0.9516469, 51.875783 ] ] } },
{ "type": "Feature", "properties": { "id": 55845, "nach": 0.41765046583903087 }, "geometry": { "type": "LineString", "coordinates": [ [ 0.951944, 51.8758691 ], [ 0.9518504, 51.8758996 ] ] } },
{ "type": "Feature", "properties": { "id": 55844, "nach": 0.41732315180238833 }, "geometry": { "type": "LineString", "coordinates": [ [ 0.9518063, 51.875968200000017 ], [ 0.9518504, 51.8758996 ] ] } },
{ "type": "Feature", "properties": { "id": 37046, "nach": 0.67222509983821432 }, "geometry": { "type": "LineString", "coordinates": [ [ 0.9347557, 51.88164290000001 ], [ 0.9344304, 51.8818177 ] ] } },
{ "type": "Feature", "properties": { "id": 37045, "nach": 0.68040075290065238 }, "geometry": { "type": "LineString", "coordinates": [ [ 0.9347557, 51.88164290000001 ], [ 0.9348626, 51.8816013 ] ] } },
{ "type": "Feature", "properties": { "id": 34019, "nach": 0.5008945392428904 }, "geometry": { "type": "LineString", "coordinates": [ [ 0.9305058, 51.8856737 ], [ 0.9305901, 51.8856031 ] ] } },
{ "type": "Feature", "properties": { "id": 34020, "nach": 0.50119338767632315 }, "geometry": { "type": "LineString", "coordinates": [ [ 0.9305058, 51.8856737 ], [ 0.9304399, 51.8857289 ] ] } },
{ "type": "Feature", "properties": { "id": 69497, "nach": 0.57804802467895555 }, "geometry": { "type": "LineString", "coordinates": [ [ 0.930365, 51.885606 ], [ 0.9305058, 51.8856737 ] ] } },
{ "type": "Feature", "properties": { "id": 69496, "nach": 0.53900683052416265 }, "geometry": { "type": "LineString", "coordinates": [ [ 0.930365, 51.885606 ], [ 0.9302645, 51.8855577 ] ] } },
{ "type": "Feature", "properties": { "id": 69498, "nach": 0.56180389026678568 }, "geometry": { "type": "LineString", "coordinates": [ [ 0.930365, 51.885606 ], [ 0.9303273, 51.8856372 ], [ 0.930317, 51.885635200000017 ], [ 0.9302683, 51.8856393 ], [ 0.9302078, 51.8856602 ], [ 0.9301253, 51.8857139 ], [ 0.9300966, 51.8857346 ] ] } },
{ "type": "Feature", "properties": { "id": 55015, "nach": 0.69501125640272055 }, "geometry": { "type": "LineString", "coordinates": [ [ 0.9304142, 51.8854502 ], [ 0.930358, 51.8854936 ], [ 0.9302645, 51.8855577 ] ] } },
{ "type": "Feature", "properties": { "id": 34155, "nach": 0.50513671809714755 }, "geometry": { "type": "LineString", "coordinates": [ [ 0.9327729, 51.8869713 ], [ 0.9327909, 51.8870468 ], [ 0.9328024, 51.8871108 ], [ 0.9328084, 51.8871793 ] ] } },
{ "type": "Feature", "properties": { "id": 37059, "nach": 0.64963352725861323 }, "geometry": { "type": "LineString", "coordinates": [ [ 0.9353731, 51.88244550000001 ], [ 0.9354564, 51.882345 ], [ 0.935492, 51.882212 ], [ 0.9354479, 51.8821229 ], [ 0.9352595, 51.8819464 ], [ 0.9352218, 51.8819111 ], [ 0.9350427, 51.881755400000017 ], [ 0.9348626, 51.8816013 ] ] } },
{ "type": "Feature", "properties": { "id": 74695, "nach": 0.54934760389625814 }, "geometry": { "type": "LineString", "coordinates": [ [ 0.9348578, 51.8827017 ], [ 0.9353731, 51.88244550000001 ] ] } },
{ "type": "Feature", "properties": { "id": 76013, "nach": 0.46178070180284941 }, "geometry": { "type": "LineString", "coordinates": [ [ 0.9346654, 51.8853006 ], [ 0.9347605, 51.8855964 ] ] } },
{ "type": "Feature", "properties": { "id": 34705, "nach": 0.604862524594586 }, "geometry": { "type": "LineString", "coordinates": [ [ 0.9352218, 51.8855666 ], [ 0.9350609, 51.885603 ], [ 0.9347605, 51.8855964 ] ] } },
{ "type": "Feature", "properties": { "id": 34706, "nach": 0.64115347074316753 }, "geometry": { "type": "LineString", "coordinates": [ [ 0.9355303, 51.8854226 ], [ 0.9353881, 51.8855053 ], [ 0.9352218, 51.8855666 ] ] } },
{ "type": "Feature", "properties": { "id": 71349, "nach": 0.64246865821138921 }, "geometry": { "type": "LineString", "coordinates": [ [ 0.9360354, 51.8854037 ], [ 0.9360248, 51.8854014 ], [ 0.9357744, 51.8853533 ], [ 0.9355303, 51.8854226 ] ] } },
{ "type": "Feature", "properties": { "id": 73934, "nach": 0.55302795736543564 }, "geometry": { "type": "LineString", "coordinates": [ [ 0.9400904, 51.8804958 ], [ 0.9403718, 51.880560299999985 ] ] } },
{ "type": "Feature", "properties": { "id": 41860, "nach": 0.42215156805225551 }, "geometry": { "type": "LineString", "coordinates": [ [ 0.9485295, 51.87453 ], [ 0.948573, 51.8744867 ] ] } },
{ "type": "Feature", "properties": { "id": 55884, "nach": 0.48451682249214345 }, "geometry": { "type": "LineString", "coordinates": [ [ 0.9488806, 51.874698900000013 ], [ 0.9485295, 51.87453 ] ] } },
{ "type": "Feature", "properties": { "id": 35022, "nach": 0.33082330472432131 }, "geometry": { "type": "LineString", "coordinates": [ [ 0.9488614, 51.8741709 ], [ 0.9486154, 51.8740784 ], [ 0.9483424, 51.8739817 ], [ 0.9477815, 51.8737908 ], [ 0.947643, 51.8737775 ], [ 0.9476191, 51.8737752 ] ] } },
{ "type": "Feature", "properties": { "id": 75543, "nach": 0.48851848892202449 }, "geometry": { "type": "LineString", "coordinates": [ [ 0.9491032, 51.8742777 ], [ 0.9488614, 51.8741709 ] ] } },
{ "type": "Feature", "properties": { "id": 75541, "nach": 0.56391647202469641 }, "geometry": { "type": "LineString", "coordinates": [ [ 0.9477655, 51.8736389 ], [ 0.9477636, 51.8736444 ], [ 0.9476191, 51.8737752 ] ] } },
{ "type": "Feature", "properties": { "id": 75542, "nach": 0.25307995172983339 }, "geometry": { "type": "LineString", "coordinates": [ [ 0.9477655, 51.8736389 ], [ 0.9479975, 51.8737042 ], [ 0.9484186, 51.8738317 ], [ 0.948593, 51.8738698 ], [ 0.9489068, 51.8738814 ], [ 0.9490597, 51.873946 ], [ 0.9491106, 51.874037 ], [ 0.9492206, 51.8740933 ], [ 0.9495049, 51.8742093 ], [ 0.9496497, 51.8742175 ] ] } },
{ "type": "Feature", "properties": { "id": 35027, "nach": 0.39979830000198174 }, "geometry": { "type": "LineString", "coordinates": [ [ 0.9498365, 51.8747371 ], [ 0.9499202, 51.874664 ], [ 0.9493677, 51.8743945 ], [ 0.9491032, 51.8742777 ] ] } },
{ "type": "Feature", "properties": { "id": 75544, "nach": 0.48622488402924052 }, "geometry": { "type": "LineString", "coordinates": [ [ 0.9491032, 51.8742777 ], [ 0.949376, 51.8742527 ], [ 0.9496497, 51.8742175 ] ] } },
{ "type": "Feature", "properties": { "id": 52370, "nach": 0.53601510721474599 }, "geometry": { "type": "LineString", "coordinates": [ [ 0.9429333, 51.8789872 ], [ 0.94276, 51.8789588 ], [ 0.9426468, 51.8789407 ] ] } },
{ "type": "Feature", "properties": { "id": 55882, "nach": 0.0 }, "geometry": { "type": "LineString", "coordinates": [ [ 0.9422743, 51.8790501 ], [ 0.9423603, 51.8790723 ], [ 0.9423853, 51.879050800000023 ], [ 0.9425942, 51.879086900000011 ], [ 0.9426143, 51.8790699 ], [ 0.942452, 51.8790027 ], [ 0.9424672, 51.8789803 ], [ 0.9425775, 51.8789945 ], [ 0.9426468, 51.8789407 ] ] } },
{ "type": "Feature", "properties": { "id": 52368, "nach": 0.43414429948601363 }, "geometry": { "type": "LineString", "coordinates": [ [ 0.9429333, 51.8789872 ], [ 0.9434668, 51.8784808 ] ] } },
{ "type": "Feature", "properties": { "id": 59852, "nach": 0.4390650195553184 }, "geometry": { "type": "LineString", "coordinates": [ [ 0.9428263, 51.8791678 ], [ 0.9429333, 51.8789872 ] ] } },
{ "type": "Feature", "properties": { "id": 59845, "nach": 0.42317826064751907 }, "geometry": { "type": "LineString", "coordinates": [ [ 0.9446233, 51.8790488 ], [ 0.9447041, 51.8790489 ], [ 0.9447104, 51.879122700000011 ], [ 0.9446954, 51.8791974 ], [ 0.9446497, 51.8792635 ], [ 0.9445859, 51.87932450000001 ], [ 0.9444936, 51.8793857 ], [ 0.9443645, 51.8794337 ], [ 0.9442069, 51.8794587 ], [ 0.9440706, 51.8794612 ] ] } },
{ "type": "Feature", "properties": { "id": 59848, "nach": 0.4316807528510988 }, "geometry": { "type": "LineString", "coordinates": [ [ 0.9447516, 51.8789186 ], [ 0.9446233, 51.8790488 ] ] } },
{ "type": "Feature", "properties": { "id": 63247, "nach": 0.56674935802983695 }, "geometry": { "type": "LineString", "coordinates": [ [ 0.9413808, 51.880497100000014 ], [ 0.9415554, 51.88022320000001 ], [ 0.9416315, 51.8801274 ] ] } },
{ "type": "Feature", "properties": { "id": 36168, "nach": 0.40248243868222761 }, "geometry": { "type": "LineString", "coordinates": [ [ 0.9586455, 51.8757856 ], [ 0.9586016, 51.875821899999984 ] ] } },
{ "type": "Feature", "properties": { "id": 36504, "nach": 0.38084221947481184 }, "geometry": { "type": "LineString", "coordinates": [ [ 0.9581914, 51.875932 ], [ 0.9581774, 51.87592020000001 ], [ 0.9581587, 51.87589710000001 ] ] } },
{ "type": "Feature", "properties": { "id": 36498, "nach": 0.45304155823645059 }, "geometry": { "type": "LineString", "coordinates": [ [ 0.9630812, 51.8695868 ], [ 0.9630391, 51.869604700000011 ], [ 0.9630348, 51.8696285 ], [ 0.9630109, 51.8697546 ] ] } },
{ "type": "Feature", "properties": { "id": 36496, "nach": 0.59193882629649264 }, "geometry": { "type": "LineString", "coordinates": [ [ 0.9630812, 51.8695868 ], [ 0.9630794, 51.8696101 ], [ 0.9630762, 51.8696426 ] ] } },
{ "type": "Feature", "properties": { "id": 36494, "nach": 0.5634572112307108 }, "geometry": { "type": "LineString", "coordinates": [ [ 0.9631034, 51.8696446 ], [ 0.9630939, 51.8697564 ] ] } },
{ "type": "Feature", "properties": { "id": 36493, "nach": 0.57230659971613351 }, "geometry": { "type": "LineString", "coordinates": [ [ 0.9631034, 51.8696446 ], [ 0.9630762, 51.8696426 ] ] } },
{ "type": "Feature", "properties": { "id": 36495, "nach": 0.4218319018565338 }, "geometry": { "type": "LineString", "coordinates": [ [ 0.9631034, 51.8696446 ], [ 0.9632362, 51.8696543 ], [ 0.9633142, 51.8696568 ] ] } },
{ "type": "Feature", "properties": { "id": 76907, "nach": 0.46983585775604342 }, "geometry": { "type": "LineString", "coordinates": [ [ 0.9362137, 51.8807708 ], [ 0.9360273, 51.88064390000001 ] ] } },
{ "type": "Feature", "properties": { "id": 76911, "nach": 0.55838752039362693 }, "geometry": { "type": "LineString", "coordinates": [ [ 0.9365236, 51.8805422 ], [ 0.9364126, 51.8806612 ], [ 0.9362137, 51.8807708 ] ] } },
{ "type": "Feature", "properties": { "id": 37038, "nach": 0.47566342018017593 }, "geometry": { "type": "LineString", "coordinates": [ [ 0.93622, 51.8811866 ], [ 0.9363799, 51.8812129 ] ] } },
{ "type": "Feature", "properties": { "id": 37039, "nach": 0.5512353591717658 }, "geometry": { "type": "LineString", "coordinates": [ [ 0.93622, 51.8811866 ], [ 0.9361642, 51.881189300000017 ], [ 0.9360929, 51.8812069 ], [ 0.9360372, 51.8812463 ], [ 0.9359992, 51.8813424 ], [ 0.9359884, 51.8814152 ] ] } },
{ "type": "Feature", "properties": { "id": 37040, "nach": 0.4709402610061274 }, "geometry": { "type": "LineString", "coordinates": [ [ 0.93622, 51.8811866 ], [ 0.9362583, 51.8810355 ], [ 0.9360561, 51.8809137 ] ] } },
{ "type": "Feature", "properties": { "id": 37057, "nach": 0.46182361952696871 }, "geometry": { "type": "LineString", "coordinates": [ [ 0.9340342, 51.8805643 ], [ 0.934024, 51.880584 ] ] } },
{ "type": "Feature", "properties": { "id": 37044, "nach": 0.667815311134761 }, "geometry": { "type": "LineString", "coordinates": [ [ 0.9348626, 51.8816013 ], [ 0.9349558, 51.8815715 ], [ 0.9350873, 51.8815336 ], [ 0.9353461, 51.881476100000015 ], [ 0.935578, 51.881442 ], [ 0.9357796, 51.8814206 ], [ 0.9359884, 51.8814152 ] ] } },
{ "type": "Feature", "properties": { "id": 37031, "nach": 0.076126607400382698 }, "geometry": { "type": "LineString", "coordinates": [ [ 0.9316637, 51.8804023 ], [ 0.9315001, 51.8805591 ], [ 0.9314649, 51.8806004 ], [ 0.9314488, 51.88063360000001 ], [ 0.9314663, 51.8806674 ], [ 0.931521, 51.8806872 ], [ 0.9315751, 51.880704 ], [ 0.9316247, 51.8806944 ], [ 0.9316704, 51.8806587 ], [ 0.9318598, 51.8804736 ] ] } },
{ "type": "Feature", "properties": { "id": 37036, "nach": 0.56230112681012956 }, "geometry": { "type": "LineString", "coordinates": [ [ 0.9323893, 51.87991920000001 ], [ 0.9324434, 51.879932100000012 ] ] } },
{ "type": "Feature", "properties": { "id": 37029, "nach": 0.44631808964767161 }, "geometry": { "type": "LineString", "coordinates": [ [ 0.9318598, 51.8804736 ], [ 0.9320288, 51.8802966 ], [ 0.9323893, 51.87991920000001 ] ] } },
{ "type": "Feature", "properties": { "id": 37035, "nach": 0.37652374799886679 }, "geometry": { "type": "LineString", "coordinates": [ [ 0.9323893, 51.87991920000001 ], [ 0.932614, 51.8796853 ] ] } },
{ "type": "Feature", "properties": { "id": 74697, "nach": 0.46727744399273158 }, "geometry": { "type": "LineString", "coordinates": [ [ 0.9348578, 51.8827017 ], [ 0.9347206, 51.8827699 ], [ 0.9347062, 51.8827823 ], [ 0.9346861, 51.882797 ], [ 0.9346599, 51.882814 ], [ 0.9342247, 51.8830374 ] ] } },
{ "type": "Feature", "properties": { "id": 74696, "nach": 0.47400636540822016 }, "geometry": { "type": "LineString", "coordinates": [ [ 0.9348578, 51.8827017 ], [ 0.934771, 51.882631 ] ] } },
{ "type": "Feature", "properties": { "id": 37370, "nach": 0.45569577385090032 }, "geometry": { "type": "LineString", "coordinates": [ [ 0.9278009, 51.879347 ], [ 0.9278646, 51.879380299999987 ], [ 0.9276823, 51.8795161 ], [ 0.9275964, 51.8796651 ], [ 0.9275884, 51.8797297 ] ] } },
{ "type": "Feature", "properties": { "id": 37372, "nach": 0.52989025623118358 }, "geometry": { "type": "LineString", "coordinates": [ [ 0.9280873, 51.8792081 ], [ 0.9278968, 51.8792594 ], [ 0.9278009, 51.879347 ] ] } },
{ "type": "Feature", "properties": { "id": 37366, "nach": 0.0 }, "geometry": { "type": "LineString", "coordinates": [ [ 0.9273738, 51.8795608 ], [ 0.9271887, 51.8795426 ], [ 0.9270117, 51.8795773 ], [ 0.9269715, 51.879776 ], [ 0.9269956, 51.8799184 ], [ 0.9271807, 51.8799615 ], [ 0.9273014, 51.87989360000001 ], [ 0.9273059, 51.8797238 ], [ 0.9273738, 51.8795608 ] ] } },
{ "type": "Feature", "properties": { "id": 37374, "nach": 0.44979660086051348 }, "geometry": { "type": "LineString", "coordinates": [ [ 0.9280773, 51.879003 ], [ 0.9283395, 51.8791292 ], [ 0.9282349, 51.87917130000001 ], [ 0.9281347, 51.8792043 ], [ 0.9280873, 51.8792081 ] ] } },
{ "type": "Feature", "properties": { "id": 37375, "nach": 0.4491715684138966 }, "geometry": { "type": "LineString", "coordinates": [ [ 0.9277037, 51.8791915 ], [ 0.9279022, 51.8790491 ], [ 0.9280256, 51.8791104 ], [ 0.9280873, 51.8792081 ] ] } },
{ "type": "Feature", "properties": { "id": 38469, "nach": 0.41294016842871917 }, "geometry": { "type": "LineString", "coordinates": [ [ 0.9512327, 51.8793696 ], [ 0.9510986, 51.8792852 ] ] } },
{ "type": "Feature", "properties": { "id": 76132, "nach": 0.34842071082498499 }, "geometry": { "type": "LineString", "coordinates": [ [ 0.9516886, 51.8793941 ], [ 0.9516511, 51.8794027 ], [ 0.9515197, 51.87940930000002 ], [ 0.9513721, 51.8794093 ], [ 0.9512327, 51.8793696 ] ] } },
{ "type": "Feature", "properties": { "id": 76129, "nach": 0.44674164634929858 }, "geometry": { "type": "LineString", "coordinates": [ [ 0.9515246, 51.8791667 ], [ 0.9514741, 51.8792073 ], [ 0.9512327, 51.8793696 ] ] } },
{ "type": "Feature", "properties": { "id": 76135, "nach": 0.41734193465864494 }, "geometry": { "type": "LineString", "coordinates": [ [ 0.9516886, 51.8793941 ], [ 0.9517319, 51.879612 ], [ 0.9518727, 51.8796832 ], [ 0.9520592, 51.8797138 ], [ 0.9522778, 51.8797966 ], [ 0.9526372, 51.8799142 ], [ 0.9527766, 51.8800243 ], [ 0.9527284, 51.8801576 ], [ 0.9527374, 51.88018240000001 ] ] } },
{ "type": "Feature", "properties": { "id": 76134, "nach": 0.44998381168447765 }, "geometry": { "type": "LineString", "coordinates": [ [ 0.9516886, 51.8793941 ], [ 0.951685, 51.8793761 ], [ 0.9516354, 51.879246100000017 ], [ 0.9515495, 51.8791782 ], [ 0.9515246, 51.8791667 ] ] } },
{ "type": "Feature", "properties": { "id": 76128, "nach": 0.36191493158735982 }, "geometry": { "type": "LineString", "coordinates": [ [ 0.9515246, 51.8791667 ], [ 0.9516511, 51.87906490000001 ], [ 0.9517262, 51.8789855 ], [ 0.9518979, 51.878972200000014 ], [ 0.9520507, 51.8788299 ] ] } },
{ "type": "Feature", "properties": { "id": 59857, "nach": 0.55137195563609143 }, "geometry": { "type": "LineString", "coordinates": [ [ 0.9518928, 51.8787831 ], [ 0.9520507, 51.8788299 ] ] } },
{ "type": "Feature", "properties": { "id": 48083, "nach": 0.54798156007352228 }, "geometry": { "type": "LineString", "coordinates": [ [ 0.952468, 51.8788909 ], [ 0.9522862, 51.8788268 ], [ 0.9520507, 51.8788299 ] ] } },
{ "type": "Feature", "properties": { "id": 48085, "nach": 0.48442017815557969 }, "geometry": { "type": "LineString", "coordinates": [ [ 0.9523328, 51.879043800000012 ], [ 0.952468, 51.8788909 ] ] } },
{ "type": "Feature", "properties": { "id": 63246, "nach": 0.4896599009761044 }, "geometry": { "type": "LineString", "coordinates": [ [ 0.9413808, 51.880497100000014 ], [ 0.9418454, 51.8806045 ] ] } },
{ "type": "Feature", "properties": { "id": 73941, "nach": 0.52192548574385256 }, "geometry": { "type": "LineString", "coordinates": [ [ 0.9412501, 51.880727800000017 ], [ 0.9413808, 51.880497100000014 ] ] } },
{ "type": "Feature", "properties": { "id": 73940, "nach": 0.55062676429889157 }, "geometry": { "type": "LineString", "coordinates": [ [ 0.9407731, 51.8806758 ], [ 0.9408627, 51.88063720000001 ], [ 0.9409029, 51.8806124 ], [ 0.9409244, 51.8805768 ], [ 0.9409539, 51.8805462 ], [ 0.9410169, 51.880532100000011 ], [ 0.9411215, 51.8805404 ], [ 0.9411899, 51.8805321 ], [ 0.9412382, 51.8804799 ], [ 0.9413808, 51.880497100000014 ] ] } },
{ "type": "Feature", "properties": { "id": 63250, "nach": 0.50936243088868827 }, "geometry": { "type": "LineString", "coordinates": [ [ 0.9419791, 51.8804649 ], [ 0.9418454, 51.8806045 ] ] } },
{ "type": "Feature", "properties": { "id": 76108, "nach": 0.55735191776569226 }, "geometry": { "type": "LineString", "coordinates": [ [ 0.9422074, 51.8805592 ], [ 0.9419791, 51.8804649 ] ] } },
{ "type": "Feature", "properties": { "id": 57300, "nach": 0.54399007869492011 }, "geometry": { "type": "LineString", "coordinates": [ [ 0.936791, 51.8814579 ], [ 0.9368111, 51.8816126 ] ] } },
{ "type": "Feature", "properties": { "id": 59823, "nach": 0.48741919937331679 }, "geometry": { "type": "LineString", "coordinates": [ [ 0.9501715, 51.8804407 ], [ 0.9499111, 51.8804509 ], [ 0.9493429, 51.8804735 ], [ 0.948808, 51.8804479 ], [ 0.9482575, 51.8804144 ], [ 0.9475398, 51.8803982 ], [ 0.9469398, 51.8803818 ], [ 0.9464485, 51.880346 ], [ 0.9458339, 51.8803013 ] ] } },
{ "type": "Feature", "properties": { "id": 76141, "nach": 0.51012913508505464 }, "geometry": { "type": "LineString", "coordinates": [ [ 0.9454868, 51.880165899999987 ], [ 0.9456178, 51.8802334 ], [ 0.9458339, 51.8803013 ] ] } },
{ "type": "Feature", "properties": { "id": 76137, "nach": 0.46394186204736787 }, "geometry": { "type": "LineString", "coordinates": [ [ 0.9514496, 51.8804795 ], [ 0.9512028, 51.8805205 ], [ 0.9508878, 51.8804893 ] ] } },
{ "type": "Feature", "properties": { "id": 76136, "nach": 0.44974040559605566 }, "geometry": { "type": "LineString", "coordinates": [ [ 0.9514496, 51.8804795 ], [ 0.9517603, 51.8804279 ], [ 0.952222, 51.8803516 ], [ 0.9525224, 51.8803152 ], [ 0.9526435, 51.8802404 ], [ 0.9527374, 51.88018240000001 ] ] } },
{ "type": "Feature", "properties": { "id": 59824, "nach": 0.45148273853269261 }, "geometry": { "type": "LineString", "coordinates": [ [ 0.9501715, 51.8804407 ], [ 0.9501079, 51.8803654 ], [ 0.9500679, 51.8803052 ], [ 0.9500062, 51.880225 ], [ 0.9499695, 51.8801669 ] ] } },
{ "type": "Feature", "properties": { "id": 59829, "nach": 0.42758214996132127 }, "geometry": { "type": "LineString", "coordinates": [ [ 0.9508878, 51.8804893 ], [ 0.9503337, 51.8804344 ], [ 0.9501715, 51.8804407 ] ] } },
{ "type": "Feature", "properties": { "id": 41310, "nach": 0.488889393778207 }, "geometry": { "type": "LineString", "coordinates": [ [ 0.9291018, 51.8872244 ], [ 0.9288865, 51.88737380000002 ], [ 0.9288396, 51.8874164 ], [ 0.9288218, 51.8874621 ] ] } },
{ "type": "Feature", "properties": { "id": 55883, "nach": 0.45342612251305958 }, "geometry": { "type": "LineString", "coordinates": [ [ 0.9488806, 51.874698900000013 ], [ 0.9491039, 51.8747992 ] ] } },
{ "type": "Feature", "properties": { "id": 55886, "nach": 0.45007415316175908 }, "geometry": { "type": "LineString", "coordinates": [ [ 0.9488538, 51.8748698 ], [ 0.9488806, 51.874698900000013 ] ] } },
{ "type": "Feature", "properties": { "id": 41872, "nach": 0.4933399180430923 }, "geometry": { "type": "LineString", "coordinates": [ [ 0.9491039, 51.8747992 ], [ 0.949639, 51.8750558 ] ] } },
{ "type": "Feature", "properties": { "id": 55887, "nach": 0.45979088536585844 }, "geometry": { "type": "LineString", "coordinates": [ [ 0.9488538, 51.8748698 ], [ 0.9491039, 51.8747992 ] ] } },
{ "type": "Feature", "properties": { "id": 55821, "nach": 0.62891313920046943 }, "geometry": { "type": "LineString", "coordinates": [ [ 0.94809, 51.8751226 ], [ 0.9481822, 51.8753021 ] ] } },
{ "type": "Feature", "properties": { "id": 55860, "nach": 0.60122442972102697 }, "geometry": { "type": "LineString", "coordinates": [ [ 0.9483942, 51.8757547 ], [ 0.9482455, 51.8755102 ], [ 0.9481822, 51.8753021 ] ] } },
{ "type": "Feature", "properties": { "id": 63253, "nach": 0.43785761989557043 }, "geometry": { "type": "LineString", "coordinates": [ [ 0.9422873, 51.8805922 ], [ 0.9420341, 51.880803 ] ] } },
{ "type": "Feature", "properties": { "id": 63257, "nach": 0.4358560373674561 }, "geometry": { "type": "LineString", "coordinates": [ [ 0.9428464, 51.8808081 ], [ 0.9422873, 51.8805922 ] ] } },
{ "type": "Feature", "properties": { "id": 76107, "nach": 0.54582743303531112 }, "geometry": { "type": "LineString", "coordinates": [ [ 0.9422074, 51.8805592 ], [ 0.9422873, 51.8805922 ] ] } },
{ "type": "Feature", "properties": { "id": 47982, "nach": 0.0 }, "geometry": { "type": "LineString", "coordinates": [ [ 0.9289066, 51.8810695 ], [ 0.9284587, 51.8807762 ], [ 0.928444, 51.8807133 ], [ 0.9284869, 51.8806611 ], [ 0.9286341, 51.8806563 ], [ 0.9288192, 51.8806513 ], [ 0.9289603, 51.8806562 ], [ 0.928975, 51.8807058 ], [ 0.9289066, 51.8810695 ] ] } },
{ "type": "Feature", "properties": { "id": 48088, "nach": 0.40576551774653447 }, "geometry": { "type": "LineString", "coordinates": [ [ 0.9526803, 51.8791765 ], [ 0.9523328, 51.879043800000012 ] ] } },
{ "type": "Feature", "properties": { "id": 48089, "nach": 0.40879216462431323 }, "geometry": { "type": "LineString", "coordinates": [ [ 0.9521684, 51.878981799999984 ], [ 0.9523328, 51.879043800000012 ] ] } },
{ "type": "Feature", "properties": { "id": 48853, "nach": 0.46457950078873184 }, "geometry": { "type": "LineString", "coordinates": [ [ 0.9284076, 51.8808873 ], [ 0.9282798, 51.8809789 ] ] } },
{ "type": "Feature", "properties": { "id": 48852, "nach": 0.46093357162079202 }, "geometry": { "type": "LineString", "coordinates": [ [ 0.9285726, 51.8809766 ], [ 0.928428, 51.8810681 ], [ 0.9282798, 51.8809789 ] ] } },
{ "type": "Feature", "properties": { "id": 48854, "nach": 0.45985562518567014 }, "geometry": { "type": "LineString", "coordinates": [ [ 0.9282445, 51.8807798 ], [ 0.9281, 51.8808793 ], [ 0.9282798, 51.8809789 ] ] } },
{ "type": "Feature", "properties": { "id": 51129, "nach": 0.39837477531839055 }, "geometry": { "type": "LineString", "coordinates": [ [ 0.9497506, 51.8732913 ], [ 0.9498035, 51.873266799999989 ], [ 0.9498497, 51.8732362 ], [ 0.9500314, 51.873016 ] ] } },
{ "type": "Feature", "properties": { "id": 51133, "nach": 0.40049227824540212 }, "geometry": { "type": "LineString", "coordinates": [ [ 0.9494171, 51.8731914 ], [ 0.9497506, 51.8732913 ] ] } },
{ "type": "Feature", "properties": { "id": 55005, "nach": 0.075763375280247985 }, "geometry": { "type": "LineString", "coordinates": [ [ 0.9318876, 51.8834626 ], [ 0.9318446, 51.8834089 ], [ 0.9316846, 51.8833404 ], [ 0.9316324, 51.883318 ], [ 0.9315788, 51.8833657 ] ] } },
{ "type": "Feature", "properties": { "id": 55006, "nach": 0.47833756945005229 }, "geometry": { "type": "LineString", "coordinates": [ [ 0.9315788, 51.8833657 ], [ 0.9315737, 51.88337030000001 ], [ 0.9315252, 51.8834134 ] ] } },
{ "type": "Feature", "properties": { "id": 55009, "nach": 0.57075266810853231 }, "geometry": { "type": "LineString", "coordinates": [ [ 0.9315252, 51.8834134 ], [ 0.9314768, 51.8834565 ], [ 0.9314716, 51.8834612 ] ] } },
{ "type": "Feature", "properties": { "id": 55872, "nach": 0.56958383191286865 }, "geometry": { "type": "LineString", "coordinates": [ [ 0.9420906, 51.8781371 ], [ 0.942197, 51.8781618 ], [ 0.9425548, 51.8781886 ] ] } },
{ "type": "Feature", "properties": { "id": 55894, "nach": 0.57173530425451924 }, "geometry": { "type": "LineString", "coordinates": [ [ 0.9430615, 51.8782948 ], [ 0.942606799999989, 51.878188299999984 ], [ 0.9425548, 51.8781886 ] ] } },
{ "type": "Feature", "properties": { "id": 76118, "nach": 0.46832688988845605 }, "geometry": { "type": "LineString", "coordinates": [ [ 0.9426504, 51.8784949 ], [ 0.94263, 51.8784722 ], [ 0.942699, 51.8782871 ], [ 0.9426928, 51.8782685 ], [ 0.9426512, 51.878227500000015 ], [ 0.9425548, 51.8781886 ] ] } },
{ "type": "Feature", "properties": { "id": 76116, "nach": 0.46974437838986388 }, "geometry": { "type": "LineString", "coordinates": [ [ 0.9426504, 51.8784949 ], [ 0.9426891, 51.8784836 ], [ 0.9428557, 51.8784495 ], [ 0.9429654, 51.878399400000013 ], [ 0.9430287, 51.87834740000001 ], [ 0.9430615, 51.8782948 ] ] } },
{ "type": "Feature", "properties": { "id": 76115, "nach": 0.44151551080655072 }, "geometry": { "type": "LineString", "coordinates": [ [ 0.9426504, 51.8784949 ], [ 0.9425622, 51.8785207 ] ] } },
{ "type": "Feature", "properties": { "id": 76117, "nach": 0.43920725512813086 }, "geometry": { "type": "LineString", "coordinates": [ [ 0.9426504, 51.8784949 ], [ 0.9427158, 51.8785678 ], [ 0.942681, 51.8787557 ] ] } },
{ "type": "Feature", "properties": { "id": 55817, "nach": 0.51977535474713477 }, "geometry": { "type": "LineString", "coordinates": [ [ 0.9380059, 51.8804472 ], [ 0.9377751, 51.8803809 ] ] } },
{ "type": "Feature", "properties": { "id": 55816, "nach": 0.44617522526615688 }, "geometry": { "type": "LineString", "coordinates": [ [ 0.9379802, 51.8802393 ], [ 0.9378624, 51.8803614 ], [ 0.9378245, 51.8803802 ], [ 0.9377751, 51.8803809 ] ] } },
{ "type": "Feature", "properties": { "id": 55820, "nach": 0.44545251794174545 }, "geometry": { "type": "LineString", "coordinates": [ [ 0.93799, 51.8805322 ], [ 0.9380059, 51.8804472 ] ] } },
{ "type": "Feature", "properties": { "id": 59853, "nach": 0.43898214151606579 }, "geometry": { "type": "LineString", "coordinates": [ [ 0.9385495, 51.8804591 ], [ 0.9385077, 51.880495 ], [ 0.9384702, 51.8805063 ], [ 0.9384241, 51.8805076 ], [ 0.9380799, 51.8804617 ], [ 0.9380059, 51.8804472 ] ] } },
{ "type": "Feature", "properties": { "id": 59855, "nach": 0.0 }, "geometry": { "type": "LineString", "coordinates": [ [ 0.9385495, 51.8804591 ], [ 0.9383017, 51.8803681 ], [ 0.9389152, 51.8797499 ], [ 0.939452, 51.8799504 ], [ 0.938825, 51.880560200000012 ], [ 0.9385495, 51.8804591 ] ] } },
{ "type": "Feature", "properties": { "id": 55835, "nach": 0.41633748063216902 }, "geometry": { "type": "LineString", "coordinates": [ [ 0.946809, 51.8739431 ], [ 0.9469212, 51.8739135 ] ] } },
{ "type": "Feature", "properties": { "id": 55837, "nach": 0.43833604238340507 }, "geometry": { "type": "LineString", "coordinates": [ [ 0.946809, 51.8739431 ], [ 0.9467607, 51.8740348 ], [ 0.9467364, 51.8740827 ], [ 0.9466995, 51.8741628 ] ] } },
{ "type": "Feature", "properties": { "id": 75524, "nach": 0.38419949044698187 }, "geometry": { "type": "LineString", "coordinates": [ [ 0.9461281, 51.8739108 ], [ 0.946706, 51.8739704 ], [ 0.946809, 51.8739431 ] ] } },
{ "type": "Feature", "properties": { "id": 75516, "nach": 0.39056344564828183 }, "geometry": { "type": "LineString", "coordinates": [ [ 0.9457401, 51.8738707 ], [ 0.9456942, 51.873866 ] ] } },
{ "type": "Feature", "properties": { "id": 75522, "nach": 0.39010335727343426 }, "geometry": { "type": "LineString", "coordinates": [ [ 0.9461281, 51.8739108 ], [ 0.9457401, 51.8738707 ] ] } },
{ "type": "Feature", "properties": { "id": 75521, "nach": 0.55543895342007887 }, "geometry": { "type": "LineString", "coordinates": [ [ 0.9460802, 51.8740907 ], [ 0.9462921, 51.8741115 ], [ 0.9466995, 51.8741628 ] ] } },
{ "type": "Feature", "properties": { "id": 75523, "nach": 0.46021535847541606 }, "geometry": { "type": "LineString", "coordinates": [ [ 0.9461281, 51.8739108 ], [ 0.9460802, 51.8740907 ] ] } },
{ "type": "Feature", "properties": { "id": 75531, "nach": 0.54079517828835466 }, "geometry": { "type": "LineString", "coordinates": [ [ 0.9457418, 51.8742921 ], [ 0.9457454, 51.874336800000016 ] ] } },
{ "type": "Feature", "properties": { "id": 76184, "nach": 0.5875270287802854 }, "geometry": { "type": "LineString", "coordinates": [ [ 0.9402135, 51.8848605 ], [ 0.9403416, 51.8848324 ] ] } },
{ "type": "Feature", "properties": { "id": 76189, "nach": 0.5124976933965002 }, "geometry": { "type": "LineString", "coordinates": [ [ 0.9402728, 51.8847987 ], [ 0.9402135, 51.8848605 ] ] } },
{ "type": "Feature", "properties": { "id": 57299, "nach": 0.46942787914756429 }, "geometry": { "type": "LineString", "coordinates": [ [ 0.9370551, 51.8816179 ], [ 0.9368111, 51.8816126 ] ] } },
{ "type": "Feature", "properties": { "id": 73912, "nach": 0.45828230358225286 }, "geometry": { "type": "LineString", "coordinates": [ [ 0.9361626, 51.881900299999977 ], [ 0.9363505, 51.881864200000017 ], [ 0.9368257, 51.8817122 ], [ 0.9368111, 51.8816126 ] ] } },
{ "type": "Feature", "properties": { "id": 76151, "nach": 0.43054160884735965 }, "geometry": { "type": "LineString", "coordinates": [ [ 0.9500083, 51.8799102 ], [ 0.9503359, 51.8802284 ] ] } },
{ "type": "Feature", "properties": { "id": 59830, "nach": 0.4366180754700501 }, "geometry": { "type": "LineString", "coordinates": [ [ 0.9508878, 51.8804893 ], [ 0.9507624, 51.8804464 ], [ 0.9507284, 51.8804206 ], [ 0.950697, 51.8803641 ], [ 0.9506064, 51.88032050000001 ], [ 0.9504722, 51.8802793 ], [ 0.9503359, 51.8802284 ] ] } },
{ "type": "Feature", "properties": { "id": 59818, "nach": 0.40651630389085286 }, "geometry": { "type": "LineString", "coordinates": [ [ 0.9499695, 51.8801669 ], [ 0.9501418, 51.8801938 ], [ 0.9502568, 51.8802024 ], [ 0.9503359, 51.8802284 ] ] } },
{ "type": "Feature", "properties": { "id": 76153, "nach": 0.43456104485916613 }, "geometry": { "type": "LineString", "coordinates": [ [ 0.9500083, 51.8799102 ], [ 0.9499343, 51.8800738 ], [ 0.9499695, 51.8801669 ] ] } },
{ "type": "Feature", "properties": { "id": 76159, "nach": 0.48427593324484874 }, "geometry": { "type": "LineString", "coordinates": [ [ 0.9490371, 51.8791186 ], [ 0.9490501, 51.879132300000016 ], [ 0.9495369, 51.8795279 ], [ 0.9500083, 51.8799102 ] ] } },
{ "type": "Feature", "properties": { "id": 59832, "nach": 0.36153085781096378 }, "geometry": { "type": "LineString", "coordinates": [ [ 0.9494017, 51.8799776 ], [ 0.949473, 51.8799922 ], [ 0.949569, 51.88001 ], [ 0.9496723, 51.8800454 ], [ 0.949774, 51.8800867 ], [ 0.94988, 51.8801266 ], [ 0.9499695, 51.8801669 ] ] } },
{ "type": "Feature", "properties": { "id": 76158, "nach": 0.38333173489939865 }, "geometry": { "type": "LineString", "coordinates": [ [ 0.9490371, 51.8791186 ], [ 0.9494017, 51.8799776 ] ] } },
{ "type": "Feature", "properties": { "id": 76160, "nach": 0.41218255495956302 }, "geometry": { "type": "LineString", "coordinates": [ [ 0.9492462, 51.879952800000019 ], [ 0.9492689, 51.879956099999987 ], [ 0.9494017, 51.8799776 ] ] } },
{ "type": "Feature", "properties": { "id": 76161, "nach": 0.44191520598335948 }, "geometry": { "type": "LineString", "coordinates": [ [ 0.9492462, 51.879952800000019 ], [ 0.9491276, 51.8799358 ], [ 0.9489776, 51.8799237 ], [ 0.9488608, 51.87991920000001 ], [ 0.9487709, 51.8799129 ], [ 0.948676, 51.8798719 ], [ 0.9485585, 51.8797944 ], [ 0.9484545, 51.879713 ], [ 0.9484061, 51.8796872 ] ] } },
{ "type": "Feature", "properties": { "id": 76150, "nach": 0.37936215693330083 }, "geometry": { "type": "LineString", "coordinates": [ [ 0.9482766, 51.8792598 ], [ 0.948322, 51.8794801 ], [ 0.9484061, 51.8796872 ] ] } },
{ "type": "Feature", "properties": { "id": 76165, "nach": 0.38236755743657141 }, "geometry": { "type": "LineString", "coordinates": [ [ 0.9489551, 51.8790318 ], [ 0.9489053, 51.8793453 ], [ 0.949161, 51.879788499999989 ], [ 0.9492462, 51.879952800000019 ] ] } },
{ "type": "Feature", "properties": { "id": 76163, "nach": 0.52310541100549557 }, "geometry": { "type": "LineString", "coordinates": [ [ 0.9489551, 51.8790318 ], [ 0.9490371, 51.8791186 ] ] } },
{ "type": "Feature", "properties": { "id": 76104, "nach": 0.43849649769960819 }, "geometry": { "type": "LineString", "coordinates": [ [ 0.9412161, 51.8807878 ], [ 0.9411193, 51.8809584 ] ] } },
{ "type": "Feature", "properties": { "id": 76103, "nach": 0.45276364519989204 }, "geometry": { "type": "LineString", "coordinates": [ [ 0.9412161, 51.8807878 ], [ 0.9412501, 51.880727800000017 ] ] } },
{ "type": "Feature", "properties": { "id": 76112, "nach": 0.42660161558543896 }, "geometry": { "type": "LineString", "coordinates": [ [ 0.9416569, 51.8807944 ], [ 0.9415523, 51.8808997 ], [ 0.94154, 51.8809097 ], [ 0.9414603, 51.8808871 ], [ 0.9412161, 51.8807878 ] ] } },
{ "type": "Feature", "properties": { "id": 76111, "nach": 0.46011005663224497 }, "geometry": { "type": "LineString", "coordinates": [ [ 0.9416569, 51.8807944 ], [ 0.9418454, 51.8806045 ] ] } },
{ "type": "Feature", "properties": { "id": 76113, "nach": 0.38736261679428946 }, "geometry": { "type": "LineString", "coordinates": [ [ 0.9416569, 51.8807944 ], [ 0.9416975, 51.8808135 ], [ 0.9418514, 51.8807512 ], [ 0.9419178, 51.8807611 ], [ 0.9419603, 51.8807703 ], [ 0.9419691, 51.8807638 ], [ 0.9422074, 51.8805592 ] ] } },
{ "type": "Feature", "properties": { "id": 73944, "nach": 0.44087627343694497 }, "geometry": { "type": "LineString", "coordinates": [ [ 0.9410248, 51.880684400000014 ], [ 0.9412501, 51.880727800000017 ] ] } },
{ "type": "Feature", "properties": { "id": 73938, "nach": 0.56169901388262089 }, "geometry": { "type": "LineString", "coordinates": [ [ 0.9407731, 51.8806758 ], [ 0.9403718, 51.880560299999985 ] ] } },
{ "type": "Feature", "properties": { "id": 73939, "nach": 0.45336267583887419 }, "geometry": { "type": "LineString", "coordinates": [ [ 0.9407731, 51.8806758 ], [ 0.9408922, 51.8807101 ], [ 0.9409498, 51.8806613 ], [ 0.9409877, 51.8806728 ] ] } },
{ "type": "Feature", "properties": { "id": 76109, "nach": 0.43927568574390302 }, "geometry": { "type": "LineString", "coordinates": [ [ 0.9422074, 51.8805592 ], [ 0.9424469, 51.8803536 ] ] } },
{ "type": "Feature", "properties": { "id": 69499, "nach": 0.50515165127422257 }, "geometry": { "type": "LineString", "coordinates": [ [ 0.9296618, 51.886093200000012 ], [ 0.9296338, 51.8861226 ] ] } },
{ "type": "Feature", "properties": { "id": 69509, "nach": 0.50489555137410724 }, "geometry": { "type": "LineString", "coordinates": [ [ 0.9295065, 51.8860582 ], [ 0.9295408, 51.8860324 ] ] } },
{ "type": "Feature", "properties": { "id": 73933, "nach": 0.5105954833731029 }, "geometry": { "type": "LineString", "coordinates": [ [ 0.9403718, 51.880560299999985 ], [ 0.9404402, 51.8804518 ], [ 0.9404556, 51.880440299999989 ] ] } },
{ "type": "Feature", "properties": { "id": 73929, "nach": 0.50714160195772295 }, "geometry": { "type": "LineString", "coordinates": [ [ 0.9404174, 51.880398 ], [ 0.9403944, 51.8804186 ], [ 0.9404556, 51.880440299999989 ] ] } },
{ "type": "Feature", "properties": { "id": 73919, "nach": 0.45311481735458298 }, "geometry": { "type": "LineString", "coordinates": [ [ 0.9398202, 51.8801225 ], [ 0.9397637, 51.879874 ] ] } },
{ "type": "Feature", "properties": { "id": 73922, "nach": 0.45681283387252264 }, "geometry": { "type": "LineString", "coordinates": [ [ 0.9397347, 51.880207 ], [ 0.9398202, 51.8801225 ] ] } },
{ "type": "Feature", "properties": { "id": 73918, "nach": 0.0 }, "geometry": { "type": "LineString", "coordinates": [ [ 0.9397637, 51.879874 ], [ 0.9398876, 51.8797298 ], [ 0.9394258, 51.8795594 ], [ 0.9392877, 51.8797145 ], [ 0.9397637, 51.879874 ] ] } },
{ "type": "Feature", "properties": { "id": 73924, "nach": 0.0 }, "geometry": { "type": "LineString", "coordinates": [ [ 0.9397347, 51.880207 ], [ 0.9393249, 51.8806124 ], [ 0.9391922, 51.8805644 ], [ 0.9395921, 51.8801547 ], [ 0.9397347, 51.880207 ] ] } },
{ "type": "Feature", "properties": { "id": 74728, "nach": 0.62580496576285327 }, "geometry": { "type": "LineString", "coordinates": [ [ 0.9393481, 51.8841616 ], [ 0.9392565, 51.8840978 ] ] } },
{ "type": "Feature", "properties": { "id": 74821, "nach": 0.6128132358274565 }, "geometry": { "type": "LineString", "coordinates": [ [ 0.9390647, 51.8840347 ], [ 0.9392565, 51.8840978 ] ] } },
{ "type": "Feature", "properties": { "id": 74784, "nach": 0.47764392270367784 }, "geometry": { "type": "LineString", "coordinates": [ [ 0.9392479, 51.8839894 ], [ 0.939263, 51.884042 ], [ 0.9392565, 51.8840978 ] ] } },
{ "type": "Feature", "properties": { "id": 74795, "nach": 0.62469773285205032 }, "geometry": { "type": "LineString", "coordinates": [ [ 0.9396193, 51.8843629 ], [ 0.9394943, 51.8842634 ], [ 0.9393481, 51.8841616 ] ] } },
{ "type": "Feature", "properties": { "id": 74823, "nach": 0.61277290628573899 }, "geometry": { "type": "LineString", "coordinates": [ [ 0.9390647, 51.8840347 ], [ 0.9390126, 51.8840175 ], [ 0.93873, 51.883889500000016 ], [ 0.9386263, 51.883813 ] ] } },
{ "type": "Feature", "properties": { "id": 74822, "nach": 0.40623312694576841 }, "geometry": { "type": "LineString", "coordinates": [ [ 0.9390647, 51.8840347 ], [ 0.9392479, 51.8839894 ] ] } },
{ "type": "Feature", "properties": { "id": 74787, "nach": 0.39116891638909473 }, "geometry": { "type": "LineString", "coordinates": [ [ 0.9396949, 51.8837675 ], [ 0.9396285, 51.88377830000001 ], [ 0.9395514, 51.8837841 ], [ 0.9394872, 51.883815 ], [ 0.9393646, 51.88388350000001 ], [ 0.9392969, 51.8839311 ], [ 0.9392619, 51.8839635 ], [ 0.9392479, 51.8839894 ] ] } },
{ "type": "Feature", "properties": { "id": 76194, "nach": 0.56079264965948838 }, "geometry": { "type": "LineString", "coordinates": [ [ 0.9399068, 51.884559 ], [ 0.9399131, 51.884621 ] ] } },
{ "type": "Feature", "properties": { "id": 74794, "nach": 0.61813626814086742 }, "geometry": { "type": "LineString", "coordinates": [ [ 0.9396193, 51.8843629 ], [ 0.939663, 51.8843976 ], [ 0.9399131, 51.884621 ] ] } },
{ "type": "Feature", "properties": { "id": 76195, "nach": 0.53117004467325779 }, "geometry": { "type": "LineString", "coordinates": [ [ 0.9399068, 51.884559 ], [ 0.9398947, 51.8844398 ], [ 0.9398713, 51.884319500000011 ] ] } },
{ "type": "Feature", "properties": { "id": 76196, "nach": 0.35173432612429006 }, "geometry": { "type": "LineString", "coordinates": [ [ 0.9399068, 51.884559 ], [ 0.9400581, 51.8845513 ], [ 0.940218399999989, 51.884514100000011 ], [ 0.940441, 51.8843779 ], [ 0.9405779, 51.8842546 ] ] } },
{ "type": "Feature", "properties": { "id": 74796, "nach": 0.45415452812036722 }, "geometry": { "type": "LineString", "coordinates": [ [ 0.9396193, 51.8843629 ], [ 0.939674, 51.8843663 ], [ 0.939741699999988, 51.8843634 ], [ 0.9398094, 51.884349 ], [ 0.9398713, 51.884319500000011 ] ] } },
{ "type": "Feature", "properties": { "id": 76187, "nach": 0.55811747792383803 }, "geometry": { "type": "LineString", "coordinates": [ [ 0.9402728, 51.8847987 ], [ 0.9403416, 51.8848324 ] ] } },
{ "type": "Feature", "properties": { "id": 76193, "nach": 0.46426582498807972 }, "geometry": { "type": "LineString", "coordinates": [ [ 0.9408482, 51.8844086 ], [ 0.9405371, 51.8846185 ], [ 0.9402728, 51.8847987 ] ] } },
{ "type": "Feature", "properties": { "id": 74777, "nach": 0.62221694341389733 }, "geometry": { "type": "LineString", "coordinates": [ [ 0.9384358, 51.8837093 ], [ 0.9382665, 51.8836435 ], [ 0.9382239, 51.8836291 ] ] } },
{ "type": "Feature", "properties": { "id": 74776, "nach": 0.60153302005067899 }, "geometry": { "type": "LineString", "coordinates": [ [ 0.9384358, 51.8837093 ], [ 0.938541, 51.8837502 ], [ 0.9386263, 51.883813 ] ] } },
{ "type": "Feature", "properties": { "id": 74778, "nach": 0.52135857367283445 }, "geometry": { "type": "LineString", "coordinates": [ [ 0.9384358, 51.8837093 ], [ 0.9385558, 51.8837106 ], [ 0.9386584, 51.8836975 ] ] } },
{ "type": "Feature", "properties": { "id": 76200, "nach": 0.45122693523326851 }, "geometry": { "type": "LineString", "coordinates": [ [ 0.9382098, 51.8831395 ], [ 0.9382512, 51.883113 ] ] } },
{ "type": "Feature", "properties": { "id": 76202, "nach": 0.54120944556363582 }, "geometry": { "type": "LineString", "coordinates": [ [ 0.9382098, 51.8831395 ], [ 0.9386066, 51.8832871 ], [ 0.9387501, 51.8833703 ], [ 0.9388413, 51.883415800000023 ], [ 0.9389155, 51.8834432 ] ] } },
{ "type": "Feature", "properties": { "id": 74774, "nach": 0.42883317732686571 }, "geometry": { "type": "LineString", "coordinates": [ [ 0.9391035, 51.8834562 ], [ 0.9390356, 51.8834308 ], [ 0.9386467, 51.8832728 ], [ 0.9384001, 51.8831858 ], [ 0.9382512, 51.883113 ] ] } },
{ "type": "Feature", "properties": { "id": 74878, "nach": 0.45704297980422542 }, "geometry": { "type": "LineString", "coordinates": [ [ 0.9390363, 51.883492 ], [ 0.9391035, 51.8834562 ] ] } },
{ "type": "Feature", "properties": { "id": 75030, "nach": 0.38111446125833071 }, "geometry": { "type": "LineString", "coordinates": [ [ 0.9426519, 51.8854181 ], [ 0.942536, 51.8853478 ], [ 0.9421752, 51.8851055 ], [ 0.9417833, 51.8848461 ], [ 0.9413091, 51.8845839 ], [ 0.9407497, 51.8842581 ], [ 0.9400821, 51.8838624 ], [ 0.9396896, 51.883675900000014 ], [ 0.9391035, 51.8834562 ] ] } },
{ "type": "Feature", "properties": { "id": 74771, "nach": 0.48951388653463362 }, "geometry": { "type": "LineString", "coordinates": [ [ 0.9386584, 51.8836975 ], [ 0.9386301, 51.8837455 ], [ 0.9386263, 51.883813 ] ] } },
{ "type": "Feature", "properties": { "id": 74884, "nach": 0.52621432197660178 }, "geometry": { "type": "LineString", "coordinates": [ [ 0.938916, 51.8835572 ], [ 0.938807099999989, 51.8836254 ], [ 0.9386584, 51.8836975 ] ] } },
{ "type": "Feature", "properties": { "id": 74883, "nach": 0.47970814709831594 }, "geometry": { "type": "LineString", "coordinates": [ [ 0.938916, 51.8835572 ], [ 0.9389274, 51.88355 ], [ 0.9390363, 51.883492 ] ] } },
{ "type": "Feature", "properties": { "id": 74885, "nach": 0.45400520358283225 }, "geometry": { "type": "LineString", "coordinates": [ [ 0.9389155, 51.8834432 ], [ 0.938916, 51.8835572 ] ] } },
{ "type": "Feature", "properties": { "id": 74879, "nach": 0.55048925268735116 }, "geometry": { "type": "LineString", "coordinates": [ [ 0.9390363, 51.883492 ], [ 0.9396949, 51.8837675 ] ] } },
{ "type": "Feature", "properties": { "id": 74886, "nach": 0.53064423924786319 }, "geometry": { "type": "LineString", "coordinates": [ [ 0.9389155, 51.8834432 ], [ 0.9389781, 51.8834663 ], [ 0.9390363, 51.883492 ] ] } },
{ "type": "Feature", "properties": { "id": 74789, "nach": 0.55355250803226819 }, "geometry": { "type": "LineString", "coordinates": [ [ 0.9400826, 51.8839657 ], [ 0.9398164, 51.883800600000015 ], [ 0.9396949, 51.8837675 ] ] } },
{ "type": "Feature", "properties": { "id": 74792, "nach": 0.51960884722130318 }, "geometry": { "type": "LineString", "coordinates": [ [ 0.9398713, 51.884319500000011 ], [ 0.9399799, 51.8842265 ], [ 0.9400604, 51.8841487 ], [ 0.9400885, 51.884055 ], [ 0.9400826, 51.8839657 ] ] } },
{ "type": "Feature", "properties": { "id": 76181, "nach": 0.50664546118464127 }, "geometry": { "type": "LineString", "coordinates": [ [ 0.9405779, 51.8842546 ], [ 0.9402297, 51.8840473 ], [ 0.9400826, 51.8839657 ] ] } },
{ "type": "Feature", "properties": { "id": 76191, "nach": 0.51983766575506052 }, "geometry": { "type": "LineString", "coordinates": [ [ 0.9408482, 51.8844086 ], [ 0.9408151, 51.884382 ], [ 0.9405779, 51.8842546 ] ] } },
{ "type": "Feature", "properties": { "id": 74870, "nach": 0.56176149134668396 }, "geometry": { "type": "LineString", "coordinates": [ [ 0.9416476, 51.8848671 ], [ 0.9414095, 51.8847211 ], [ 0.9411198, 51.8846251 ] ] } },
{ "type": "Feature", "properties": { "id": 75027, "nach": 0.52441280723558481 }, "geometry": { "type": "LineString", "coordinates": [ [ 0.9405981, 51.8847797 ], [ 0.9408016, 51.8847037 ], [ 0.9408431, 51.8846287 ], [ 0.9409562, 51.884593600000017 ], [ 0.9411198, 51.8846251 ] ] } },
{ "type": "Feature", "properties": { "id": 76192, "nach": 0.51141953414016994 }, "geometry": { "type": "LineString", "coordinates": [ [ 0.9408482, 51.8844086 ], [ 0.9409784, 51.8845132 ], [ 0.9411198, 51.8846251 ] ] } },
{ "type": "Feature", "properties": { "id": 74872, "nach": 0.52552821310298237 }, "geometry": { "type": "LineString", "coordinates": [ [ 0.9416476, 51.8848671 ], [ 0.9415829, 51.884970800000012 ], [ 0.9415213, 51.8850696 ], [ 0.941475, 51.88514 ], [ 0.9414273, 51.8852056 ] ] } },
{ "type": "Feature", "properties": { "id": 74876, "nach": 0.52307367379827152 }, "geometry": { "type": "LineString", "coordinates": [ [ 0.9425811, 51.8854681 ], [ 0.9424687, 51.8853815 ], [ 0.9422669, 51.8852437 ], [ 0.9419788, 51.8850677 ], [ 0.9418063, 51.8849622 ], [ 0.9416537, 51.8848566 ], [ 0.9416476, 51.8848671 ] ] } },
{ "type": "Feature", "properties": { "id": 75028, "nach": 0.54534776089718617 }, "geometry": { "type": "LineString", "coordinates": [ [ 0.9405981, 51.8847797 ], [ 0.9404587, 51.8848091 ], [ 0.9403416, 51.8848324 ] ] } },
{ "type": "Feature", "properties": { "id": 75026, "nach": 0.39740330118531952 }, "geometry": { "type": "LineString", "coordinates": [ [ 0.9405981, 51.8847797 ], [ 0.9405715, 51.8849425 ] ] } },
{ "type": "Feature", "properties": { "id": 75025, "nach": 0.5868705495119847 }, "geometry": { "type": "LineString", "coordinates": [ [ 0.9405715, 51.8849425 ], [ 0.9408177, 51.8850572 ], [ 0.9409925, 51.8851531 ] ] } },
{ "type": "Feature", "properties": { "id": 75023, "nach": 0.58782257056667664 }, "geometry": { "type": "LineString", "coordinates": [ [ 0.9405715, 51.8849425 ], [ 0.9403416, 51.8848324 ] ] } },
{ "type": "Feature", "properties": { "id": 76892, "nach": 0.41221033869159301 }, "geometry": { "type": "LineString", "coordinates": [ [ 0.9356026, 51.8800304 ], [ 0.9355673, 51.8800356 ], [ 0.9355206, 51.8800702 ], [ 0.9354552, 51.8801639 ], [ 0.9354786, 51.8802922 ], [ 0.9355439, 51.8804219 ], [ 0.9356397, 51.8805199 ], [ 0.9358125, 51.8805891 ], [ 0.9360273, 51.88064390000001 ] ] } },
{ "type": "Feature", "properties": { "id": 76895, "nach": 0.43330645762283748 }, "geometry": { "type": "LineString", "coordinates": [ [ 0.9357307, 51.879770399999984 ], [ 0.9355953, 51.879828 ], [ 0.935565, 51.8799736 ], [ 0.9356026, 51.8800304 ] ] } },
{ "type": "Feature", "properties": { "id": 76913, "nach": 0.54592357887284504 }, "geometry": { "type": "LineString", "coordinates": [ [ 0.9361041, 51.8798639 ], [ 0.9359946, 51.8798223 ], [ 0.9358101, 51.8797704 ], [ 0.9357307, 51.879770399999984 ] ] } },
{ "type": "Feature", "properties": { "id": 76915, "nach": 0.52997090431946803 }, "geometry": { "type": "LineString", "coordinates": [ [ 0.9361041, 51.8798639 ], [ 0.9362001, 51.8799938 ], [ 0.9362748, 51.880063 ], [ 0.9363449, 51.880161 ], [ 0.9364406, 51.8803037 ], [ 0.936506, 51.8804089 ], [ 0.9365236, 51.8805422 ] ] } },
{ "type": "Feature", "properties": { "id": 76918, "nach": 0.46856999924172654 }, "geometry": { "type": "LineString", "coordinates": [ [ 0.9369208, 51.8801166 ], [ 0.9368842, 51.8801048 ], [ 0.9367838, 51.8800558 ], [ 0.9366157, 51.8800342 ], [ 0.9364383, 51.8799909 ], [ 0.9361041, 51.8798639 ] ] } },
{ "type": "Feature", "properties": { "id": 76902, "nach": 0.0 }, "geometry": { "type": "LineString", "coordinates": [ [ 0.9371247, 51.8798352 ], [ 0.9370967, 51.8798064 ], [ 0.937001, 51.8797617 ], [ 0.9368095, 51.8796767 ], [ 0.936499, 51.8795686 ], [ 0.9362795, 51.879496500000016 ], [ 0.9361417, 51.8794706 ], [ 0.9360366, 51.8794778 ], [ 0.9359876, 51.8795239 ], [ 0.9359969, 51.879575800000012 ], [ 0.936116, 51.8796205 ], [ 0.9362982, 51.879698300000015 ], [ 0.9366694, 51.8798252 ], [ 0.9367932, 51.879812200000011 ], [ 0.9371247, 51.8798352 ] ] } },
{ "type": "Feature", "properties": { "id": 76917, "nach": 0.51852813668484121 }, "geometry": { "type": "LineString", "coordinates": [ [ 0.9369208, 51.8801166 ], [ 0.936987, 51.880045699999989 ], [ 0.9371247, 51.8798352 ] ] } },
{ "type": "Feature", "properties": { "id": 76916, "nach": 0.48256000968687413 }, "geometry": { "type": "LineString", "coordinates": [ [ 0.9369208, 51.8801166 ], [ 0.9365236, 51.8805422 ] ] } },
{ "type": "Feature", "properties": { "id": 34659, "nach": 0.71003788693813796 }, "geometry": { "type": "LineString", "coordinates": [ [ 0.936524274322017, 51.882326914439481 ], [ 0.936696866518161, 51.882402496066192 ] ] } },
{ "type": "Feature", "properties": { "id": 34659, "nach": 0.71003788693813796 }, "geometry": { "type": "LineString", "coordinates": [ [ 0.936696866518161, 51.882402496066192 ], [ 0.936781290168661, 51.882439466720221 ] ] } },
{ "type": "Feature", "properties": { "id": 69482, "nach": 0.73630874061757456 }, "geometry": { "type": "LineString", "coordinates": [ [ 0.930613569442157, 51.886197856561338 ], [ 0.930717802974053, 51.886232692458414 ] ] } }
]
}
