{
"type": "FeatureCollection",
"name": "PETER_256_NACH",
"crs": { "type": "name", "properties": { "name": "urn:ogc:def:crs:OGC:1.3:CRS84" } },
"features": [
{ "type": "Feature", "properties": { "id": 195, "nach": 0.58508029203843614 }, "geometry": { "type": "LineString", "coordinates": [ [ -0.2963891, 52.572723300000014 ], [ -0.2963402, 52.572789499999985 ], [ -0.2962771, 52.5728511 ], [ -0.2962009, 52.5729071 ] ] } },
{ "type": "Feature", "properties": { "id": 151, "nach": 0.47281904020973881 }, "geometry": { "type": "LineString", "coordinates": [ [ -0.299868067686279, 52.571992805201589 ], [ -0.2963891, 52.572723300000014 ] ] } },
{ "type": "Feature", "properties": { "id": 205, "nach": 0.65643238365276002 }, "geometry": { "type": "LineString", "coordinates": [ [ -0.2963891, 52.572723300000014 ], [ -0.296317795814949, 52.572277082944794 ] ] } },
{ "type": "Feature", "properties": { "id": 199, "nach": 0.30762494237922955 }, "geometry": { "type": "LineString", "coordinates": [ [ -0.2952469, 52.573041 ], [ -0.2949322, 52.57304580000001 ], [ -0.2946233, 52.5730778 ], [ -0.2944018, 52.5731358 ], [ -0.2912286, 52.5741618 ] ] } },
{ "type": "Feature", "properties": { "id": 197, "nach": 0.34593981935933948 }, "geometry": { "type": "LineString", "coordinates": [ [ -0.2962009, 52.5729071 ], [ -0.296077, 52.572972900000011 ], [ -0.2959351, 52.5730238 ], [ -0.2957803, 52.573057799999987 ], [ -0.2956178, 52.5730739 ], [ -0.2954532, 52.5730714 ] ] } },
{ "type": "Feature", "properties": { "id": 196, "nach": 0.62869753754724755 }, "geometry": { "type": "LineString", "coordinates": [ [ -0.2962009, 52.5729071 ], [ -0.295990577056664, 52.573534160717138 ] ] } },
{ "type": "Feature", "properties": { "id": 30160, "nach": 0.53755694767437578 }, "geometry": { "type": "LineString", "coordinates": [ [ -0.2961653, 52.575013 ], [ -0.2958103, 52.574969 ] ] } },
{ "type": "Feature", "properties": { "id": 25572, "nach": 0.58329835088695814 }, "geometry": { "type": "LineString", "coordinates": [ [ -0.2958103, 52.574969 ], [ -0.2957454, 52.575109 ], [ -0.2956326, 52.575298 ], [ -0.2954876, 52.5755239 ], [ -0.2952359, 52.575873 ], [ -0.2948487, 52.576247500000015 ] ] } },
{ "type": "Feature", "properties": { "id": 196, "nach": 0.62869753754724755 }, "geometry": { "type": "LineString", "coordinates": [ [ -0.295990577056664, 52.573534160717138 ], [ -0.2958103, 52.574969 ] ] } },
{ "type": "Feature", "properties": { "id": 198, "nach": 0.56048857624453996 }, "geometry": { "type": "LineString", "coordinates": [ [ -0.2954532, 52.5730714 ], [ -0.2953485, 52.57306 ], [ -0.2952469, 52.573041 ] ] } },
{ "type": "Feature", "properties": { "id": 8356, "nach": 0.5774158298164116 }, "geometry": { "type": "LineString", "coordinates": [ [ -0.2954532, 52.5730714 ], [ -0.295846575959286, 52.573542367927793 ] ] } },
{ "type": "Feature", "properties": { "id": 200, "nach": 0.64025897100882334 }, "geometry": { "type": "LineString", "coordinates": [ [ -0.2952469, 52.573041 ], [ -0.294748923834841, 52.572789991872725 ] ] } },
{ "type": "Feature", "properties": { "id": 221, "nach": 0.28242219470539298 }, "geometry": { "type": "LineString", "coordinates": [ [ -0.299845383985959, 52.571837824696921 ], [ -0.2911189, 52.5740886 ] ] } },
{ "type": "Feature", "properties": { "id": 224, "nach": 0.0 }, "geometry": { "type": "LineString", "coordinates": [ [ -0.2911189, 52.5740886 ], [ -0.281157527201769, 52.58392349559211 ] ] } },
{ "type": "Feature", "properties": { "id": 224, "nach": 0.0 }, "geometry": { "type": "LineString", "coordinates": [ [ -0.285464421710556, 52.577181326920986 ], [ -0.2810334, 52.5849656 ] ] } },
{ "type": "Feature", "properties": { "id": 44519, "nach": 0.61057675264853573 }, "geometry": { "type": "LineString", "coordinates": [ [ -0.2950126, 52.5763173 ], [ -0.2948487, 52.576247500000015 ] ] } },
{ "type": "Feature", "properties": { "id": 1008, "nach": 0.61480422172488747 }, "geometry": { "type": "LineString", "coordinates": [ [ -0.2948487, 52.576247500000015 ], [ -0.2945261, 52.5765073 ], [ -0.2942324, 52.5767211 ], [ -0.2935838, 52.5770917 ], [ -0.2930127, 52.577352500000011 ], [ -0.2928827, 52.5774457 ] ] } },
{ "type": "Feature", "properties": { "id": 44518, "nach": 0.62538004858655816 }, "geometry": { "type": "LineString", "coordinates": [ [ -0.2950126, 52.5763173 ], [ -0.2955913, 52.5765629 ] ] } },
{ "type": "Feature", "properties": { "id": 44520, "nach": 0.44458385348854135 }, "geometry": { "type": "LineString", "coordinates": [ [ -0.2950126, 52.5763173 ], [ -0.2950633, 52.5762643 ], [ -0.295042, 52.5762149 ], [ -0.2950385, 52.576189 ], [ -0.2951376, 52.5760837 ], [ -0.295403, 52.5758041 ], [ -0.2955623, 52.5755675 ], [ -0.2957087, 52.5753792 ], [ -0.2957834, 52.5753054 ], [ -0.2958379, 52.5751423 ], [ -0.2959142, 52.5750131 ], [ -0.2961533, 52.575045800000012 ], [ -0.2961653, 52.575013 ] ] } },
{ "type": "Feature", "properties": { "id": 44521, "nach": 0.50707144015544414 }, "geometry": { "type": "LineString", "coordinates": [ [ -0.2950126, 52.5763173 ], [ -0.2949748, 52.5763568 ], [ -0.2948757, 52.5763482 ], [ -0.2947129, 52.576445 ], [ -0.2943165, 52.5767375 ], [ -0.2940369, 52.5769096 ], [ -0.2936193, 52.57713540000001 ], [ -0.2932123, 52.5773268 ], [ -0.2930495, 52.5774064 ], [ -0.293007, 52.577486 ], [ -0.292938, 52.5775849 ], [ -0.2929104, 52.5776627 ], [ -0.2928504, 52.5776844 ] ] } },
{ "type": "Feature", "properties": { "id": 44505, "nach": 0.58423084096196809 }, "geometry": { "type": "LineString", "coordinates": [ [ -0.2928827, 52.5774457 ], [ -0.2928833, 52.57749 ], [ -0.2928553, 52.5775491 ] ] } },
{ "type": "Feature", "properties": { "id": 44507, "nach": 0.59814602340034784 }, "geometry": { "type": "LineString", "coordinates": [ [ -0.2927178, 52.5772831 ], [ -0.2927295, 52.5772864 ], [ -0.2928025, 52.57732510000001 ], [ -0.2928548, 52.5773747 ], [ -0.2928825, 52.5774311 ], [ -0.2928827, 52.5774457 ] ] } },
{ "type": "Feature", "properties": { "id": 1009, "nach": 0.57204597295321835 }, "geometry": { "type": "LineString", "coordinates": [ [ -0.2915284, 52.5777486 ], [ -0.2920544, 52.5775564 ], [ -0.2921984, 52.5774671 ] ] } },
{ "type": "Feature", "properties": { "id": 5314, "nach": 0.55664321420061036 }, "geometry": { "type": "LineString", "coordinates": [ [ -0.2923543, 52.5776387 ], [ -0.2920901, 52.5776607 ], [ -0.2915284, 52.5777486 ] ] } },
{ "type": "Feature", "properties": { "id": 11408, "nach": 0.66057718555815348 }, "geometry": { "type": "LineString", "coordinates": [ [ -0.2915284, 52.5777486 ], [ -0.290756021263861, 52.578010017157858 ] ] } },
{ "type": "Feature", "properties": { "id": 5315, "nach": 0.59981292862679025 }, "geometry": { "type": "LineString", "coordinates": [ [ -0.2923543, 52.5776387 ], [ -0.2922851, 52.577603 ], [ -0.2922335, 52.5775576 ], [ -0.2922032, 52.5775055 ], [ -0.2921984, 52.5774671 ] ] } },
{ "type": "Feature", "properties": { "id": 44522, "nach": 0.63351781448599476 }, "geometry": { "type": "LineString", "coordinates": [ [ -0.2921984, 52.5774671 ], [ -0.2921963, 52.5774505 ], [ -0.2922226, 52.5773812 ] ] } },
{ "type": "Feature", "properties": { "id": 38274, "nach": 0.61033900897932625 }, "geometry": { "type": "LineString", "coordinates": [ [ -0.290147, 52.5784031 ], [ -0.2900139, 52.578328 ] ] } },
{ "type": "Feature", "properties": { "id": 18026, "nach": 0.65855072606534037 }, "geometry": { "type": "LineString", "coordinates": [ [ -0.2896019, 52.5785477 ], [ -0.2900139, 52.578328 ] ] } },
{ "type": "Feature", "properties": { "id": 11408, "nach": 0.66057718555815348 }, "geometry": { "type": "LineString", "coordinates": [ [ -0.290756021263861, 52.578010017157858 ], [ -0.2900139, 52.578328 ] ] } },
{ "type": "Feature", "properties": { "id": 67699, "nach": 0.63025655808331971 }, "geometry": { "type": "LineString", "coordinates": [ [ -0.2880092, 52.5814413 ], [ -0.2880001, 52.5808025 ] ] } },
{ "type": "Feature", "properties": { "id": 11442, "nach": 0.66480016666140429 }, "geometry": { "type": "LineString", "coordinates": [ [ -0.288115, 52.5802942 ], [ -0.2880001, 52.5808025 ] ] } },
{ "type": "Feature", "properties": { "id": 11647, "nach": 0.60057233966143408 }, "geometry": { "type": "LineString", "coordinates": [ [ -0.286905, 52.580851900000013 ], [ -0.2870245, 52.5808085 ], [ -0.2870805, 52.5807752 ], [ -0.2871929, 52.5807516 ], [ -0.2880001, 52.5808025 ] ] } },
{ "type": "Feature", "properties": { "id": 67695, "nach": 0.40805519636026844 }, "geometry": { "type": "LineString", "coordinates": [ [ -0.2879351, 52.5817175 ], [ -0.287907, 52.581617300000012 ], [ -0.2880092, 52.5814413 ] ] } },
{ "type": "Feature", "properties": { "id": 67708, "nach": 0.55859520748797098 }, "geometry": { "type": "LineString", "coordinates": [ [ -0.2879231, 52.5814959 ], [ -0.2880092, 52.5814413 ] ] } },
{ "type": "Feature", "properties": { "id": 67701, "nach": 0.67168074241224107 }, "geometry": { "type": "LineString", "coordinates": [ [ -0.2880092, 52.5814413 ], [ -0.28801828277818, 52.581913991214492 ] ] } },
{ "type": "Feature", "properties": { "id": 38270, "nach": 0.65022188942804593 }, "geometry": { "type": "LineString", "coordinates": [ [ -0.288215, 52.5803118 ], [ -0.288115, 52.5802942 ] ] } },
{ "type": "Feature", "properties": { "id": 18024, "nach": 0.66632357661642216 }, "geometry": { "type": "LineString", "coordinates": [ [ -0.2883519, 52.5797743 ], [ -0.2882659, 52.5799349 ], [ -0.288115, 52.5802942 ] ] } },
{ "type": "Feature", "properties": { "id": 74135, "nach": 0.65163109706900246 }, "geometry": { "type": "LineString", "coordinates": [ [ -0.286992, 52.58103710000001 ], [ -0.286905, 52.580851900000013 ] ] } },
{ "type": "Feature", "properties": { "id": 30194, "nach": 0.63236594838370763 }, "geometry": { "type": "LineString", "coordinates": [ [ -0.2863067, 52.580791 ], [ -0.2867636, 52.5808602 ], [ -0.286905, 52.580851900000013 ] ] } },
{ "type": "Feature", "properties": { "id": 45476, "nach": 0.60668333400952379 }, "geometry": { "type": "LineString", "coordinates": [ [ -0.2863538, 52.580748599999986 ], [ -0.2868516, 52.580814900000014 ], [ -0.286905, 52.580851900000013 ] ] } },
{ "type": "Feature", "properties": { "id": 1014, "nach": 0.62064721826620306 }, "geometry": { "type": "LineString", "coordinates": [ [ -0.2880106, 52.58239 ], [ -0.288037, 52.5826158 ], [ -0.2880657, 52.5826799 ], [ -0.2881427, 52.58279850000001 ] ] } },
{ "type": "Feature", "properties": { "id": 67697, "nach": 0.69280133056171944 }, "geometry": { "type": "LineString", "coordinates": [ [ -0.28802, 52.5819833 ], [ -0.2880251, 52.5821102 ], [ -0.2880106, 52.58239 ] ] } },
{ "type": "Feature", "properties": { "id": 5333, "nach": 0.66317652497878155 }, "geometry": { "type": "LineString", "coordinates": [ [ -0.2877784, 52.5828284 ], [ -0.2878867, 52.5827509 ], [ -0.2879167, 52.5827149 ], [ -0.287962, 52.5826191 ], [ -0.2880106, 52.58239 ] ] } },
{ "type": "Feature", "properties": { "id": 1016, "nach": 0.62404779498016527 }, "geometry": { "type": "LineString", "coordinates": [ [ -0.2881427, 52.58279850000001 ], [ -0.2882303, 52.5828299 ], [ -0.2883001, 52.5828748 ], [ -0.2883469, 52.5829296 ] ] } },
{ "type": "Feature", "properties": { "id": 5332, "nach": 0.44827786584734258 }, "geometry": { "type": "LineString", "coordinates": [ [ -0.2877784, 52.5828284 ], [ -0.2878613, 52.5827989 ], [ -0.2879539, 52.5827835 ], [ -0.28805, 52.5827834 ], [ -0.2881427, 52.58279850000001 ] ] } },
{ "type": "Feature", "properties": { "id": 67701, "nach": 0.67168074241224107 }, "geometry": { "type": "LineString", "coordinates": [ [ -0.28801828277818, 52.581913991214492 ], [ -0.28802, 52.5819833 ] ] } },
{ "type": "Feature", "properties": { "id": 67696, "nach": 0.70071236785189528 }, "geometry": { "type": "LineString", "coordinates": [ [ -0.28802, 52.5819833 ], [ -0.2879975361852, 52.581912971904579 ] ] } },
{ "type": "Feature", "properties": { "id": 5385, "nach": 0.50465515085612234 }, "geometry": { "type": "LineString", "coordinates": [ [ -0.2883469, 52.5829296 ], [ -0.2883671, 52.5829928 ], [ -0.2883566, 52.583056900000017 ], [ -0.2883162, 52.58311650000001 ] ] } },
{ "type": "Feature", "properties": { "id": 5386, "nach": 0.60814395701219337 }, "geometry": { "type": "LineString", "coordinates": [ [ -0.2883469, 52.5829296 ], [ -0.2885229, 52.5830041 ], [ -0.288597, 52.5830287 ] ] } },
{ "type": "Feature", "properties": { "id": 1044, "nach": 0.67397548996493439 }, "geometry": { "type": "LineString", "coordinates": [ [ -0.2877706, 52.583174 ], [ -0.2877168, 52.5831406 ], [ -0.2876757, 52.583101099999986 ] ] } },
{ "type": "Feature", "properties": { "id": 5291, "nach": 0.63622418205224862 }, "geometry": { "type": "LineString", "coordinates": [ [ -0.2877173, 52.5836998 ], [ -0.287819, 52.5834067 ], [ -0.2878432, 52.5832959 ], [ -0.2878271, 52.5832454 ], [ -0.2877706, 52.583174 ] ] } },
{ "type": "Feature", "properties": { "id": 39928, "nach": 0.61271184472658402 }, "geometry": { "type": "LineString", "coordinates": [ [ -0.28817, 52.5832001 ], [ -0.2880698, 52.583221 ], [ -0.2879639, 52.5832235 ], [ -0.2878612, 52.5832074 ], [ -0.2877706, 52.583174 ] ] } },
{ "type": "Feature", "properties": { "id": 5422, "nach": 0.63887484977584086 }, "geometry": { "type": "LineString", "coordinates": [ [ -0.2876757, 52.583101099999986 ], [ -0.2873645, 52.5829591 ] ] } },
{ "type": "Feature", "properties": { "id": 5423, "nach": 0.61015541965501796 }, "geometry": { "type": "LineString", "coordinates": [ [ -0.2876757, 52.583101099999986 ], [ -0.2876468, 52.583051300000022 ], [ -0.2876382, 52.5829987 ], [ -0.2876503, 52.582946300000017 ] ] } },
{ "type": "Feature", "properties": { "id": 36849, "nach": 0.57976775918645318 }, "geometry": { "type": "LineString", "coordinates": [ [ -0.296008, 52.576962299999984 ], [ -0.296136, 52.5771561 ] ] } },
{ "type": "Feature", "properties": { "id": 5364, "nach": 0.53977413974484301 }, "geometry": { "type": "LineString", "coordinates": [ [ -0.2966484, 52.5774087 ], [ -0.2965311, 52.5773568 ], [ -0.2963481, 52.5772749 ], [ -0.2962195, 52.577220600000011 ], [ -0.296136, 52.5771561 ] ] } },
{ "type": "Feature", "properties": { "id": 5342, "nach": 0.51869013082081483 }, "geometry": { "type": "LineString", "coordinates": [ [ -0.2952452, 52.5775186 ], [ -0.2952566, 52.57748010000001 ], [ -0.2952678, 52.5774353 ], [ -0.2952995, 52.577390800000011 ], [ -0.2953912, 52.5773264 ], [ -0.296136, 52.5771561 ] ] } },
{ "type": "Feature", "properties": { "id": 36850, "nach": 0.60928754526321904 }, "geometry": { "type": "LineString", "coordinates": [ [ -0.296008, 52.576962299999984 ], [ -0.2959697, 52.576880300000013 ], [ -0.2958815, 52.5767148 ], [ -0.2955913, 52.5765629 ] ] } },
{ "type": "Feature", "properties": { "id": 55648, "nach": 0.60994437965441828 }, "geometry": { "type": "LineString", "coordinates": [ [ -0.2964319, 52.5768363 ], [ -0.2964195, 52.5768531 ], [ -0.2963876, 52.5768705 ], [ -0.2963062, 52.5768941 ], [ -0.296008, 52.576962299999984 ] ] } },
{ "type": "Feature", "properties": { "id": 45501, "nach": 0.53199747451680135 }, "geometry": { "type": "LineString", "coordinates": [ [ -0.2964971, 52.5777235 ], [ -0.2966484, 52.5774087 ] ] } },
{ "type": "Feature", "properties": { "id": 70052, "nach": 0.48636228298606821 }, "geometry": { "type": "LineString", "coordinates": [ [ -0.2980935, 52.577488 ], [ -0.2980832, 52.577496 ], [ -0.2979859, 52.577542499999986 ], [ -0.2978928, 52.5775606 ], [ -0.2978076, 52.5775633 ], [ -0.2969223, 52.5774852 ], [ -0.2968462, 52.577470700000013 ], [ -0.2967312, 52.5774373 ], [ -0.2966484, 52.5774087 ] ] } },
{ "type": "Feature", "properties": { "id": 5462, "nach": 0.55485216429140305 }, "geometry": { "type": "LineString", "coordinates": [ [ -0.2951466, 52.5780249 ], [ -0.2952671, 52.5778888 ], [ -0.2952834, 52.5778429 ], [ -0.2952856, 52.5777401 ], [ -0.295274, 52.5776772 ], [ -0.2952507, 52.5775895 ], [ -0.2952404, 52.577549 ], [ -0.2952452, 52.5775186 ] ] } },
{ "type": "Feature", "properties": { "id": 44510, "nach": 0.47117570632000894 }, "geometry": { "type": "LineString", "coordinates": [ [ -0.2945107, 52.577224200000011 ], [ -0.2946652, 52.577377600000013 ], [ -0.2948811, 52.5774754 ], [ -0.2952452, 52.5775186 ] ] } },
{ "type": "Feature", "properties": { "id": 5484, "nach": 0.65149048178053848 }, "geometry": { "type": "LineString", "coordinates": [ [ -0.2882101, 52.585047 ], [ -0.2881141, 52.5851524 ] ] } },
{ "type": "Feature", "properties": { "id": 45564, "nach": 0.6373263350248517 }, "geometry": { "type": "LineString", "coordinates": [ [ -0.288229, 52.5854267 ], [ -0.288204, 52.5853227 ], [ -0.2881715, 52.5852377 ], [ -0.2881477, 52.5851938 ], [ -0.2881141, 52.5851524 ] ] } },
{ "type": "Feature", "properties": { "id": 38260, "nach": 0.65746091266805629 }, "geometry": { "type": "LineString", "coordinates": [ [ -0.2877027, 52.5849696 ], [ -0.2878781, 52.5850568 ], [ -0.2881141, 52.5851524 ] ] } },
{ "type": "Feature", "properties": { "id": 45567, "nach": 0.4770286525313146 }, "geometry": { "type": "LineString", "coordinates": [ [ -0.2883808, 52.5851619 ], [ -0.2882101, 52.585047 ] ] } },
{ "type": "Feature", "properties": { "id": 5499, "nach": 0.64436664474800265 }, "geometry": { "type": "LineString", "coordinates": [ [ -0.2884283, 52.5849358 ], [ -0.2882979, 52.5849877 ], [ -0.2882101, 52.585047 ] ] } },
{ "type": "Feature", "properties": { "id": 45566, "nach": 0.53435503797479167 }, "geometry": { "type": "LineString", "coordinates": [ [ -0.2883808, 52.5851619 ], [ -0.288229, 52.5854267 ] ] } },
{ "type": "Feature", "properties": { "id": 54449, "nach": 0.6527585394204245 }, "geometry": { "type": "LineString", "coordinates": [ [ -0.2881321, 52.58573470000001 ], [ -0.2881645, 52.585698100000016 ], [ -0.2881932, 52.585625599999986 ], [ -0.288229, 52.5854267 ] ] } },
{ "type": "Feature", "properties": { "id": 38261, "nach": 0.60515723821646883 }, "geometry": { "type": "LineString", "coordinates": [ [ -0.2877027, 52.5849696 ], [ -0.2875013, 52.5849029 ], [ -0.2871832, 52.5848365 ] ] } },
{ "type": "Feature", "properties": { "id": 38266, "nach": 0.50456373111350417 }, "geometry": { "type": "LineString", "coordinates": [ [ -0.288196, 52.5840154 ], [ -0.2881712, 52.58404980000001 ], [ -0.2880863, 52.5841315 ], [ -0.2880084, 52.5841917 ], [ -0.2879376, 52.5842885 ], [ -0.2878881, 52.5843702 ], [ -0.287881, 52.584443300000011 ], [ -0.2878739, 52.5845551 ], [ -0.2878279, 52.5846175 ], [ -0.2877571, 52.5846906 ], [ -0.2876934, 52.5847465 ], [ -0.2876651, 52.584796 ], [ -0.2876616, 52.5848261 ], [ -0.2876934, 52.5848712 ], [ -0.2877111, 52.5849314 ], [ -0.2877218, 52.584968 ], [ -0.2877027, 52.5849696 ] ] } },
{ "type": "Feature", "properties": { "id": 54120, "nach": 0.61279306768824349 }, "geometry": { "type": "LineString", "coordinates": [ [ -0.2870181, 52.58583260000001 ], [ -0.2870812, 52.58569270000001 ], [ -0.2871145, 52.5856417 ], [ -0.2871636, 52.5855773 ], [ -0.2872033, 52.5855214 ], [ -0.2872156, 52.5854733 ], [ -0.2872047, 52.5854003 ], [ -0.2872263, 52.5853164 ], [ -0.2873041, 52.5852583 ], [ -0.2873784, 52.5851959 ], [ -0.2874705, 52.5851271 ], [ -0.2875696, 52.5850712 ], [ -0.2877027, 52.5849696 ] ] } },
{ "type": "Feature", "properties": { "id": 5501, "nach": 0.46509469898330302 }, "geometry": { "type": "LineString", "coordinates": [ [ -0.2886652, 52.5849001 ], [ -0.2887926, 52.584864 ], [ -0.2891036, 52.584656 ] ] } },
{ "type": "Feature", "properties": { "id": 5502, "nach": 0.55033984250396728 }, "geometry": { "type": "LineString", "coordinates": [ [ -0.2886652, 52.5849001 ], [ -0.2885361, 52.5849069 ], [ -0.2884283, 52.5849358 ] ] } },
{ "type": "Feature", "properties": { "id": 54116, "nach": 0.48609063296491878 }, "geometry": { "type": "LineString", "coordinates": [ [ -0.2890678, 52.585109 ], [ -0.2886652, 52.5849001 ] ] } },
{ "type": "Feature", "properties": { "id": 5322, "nach": 0.66068621967641794 }, "geometry": { "type": "LineString", "coordinates": [ [ -0.2871832, 52.5848365 ], [ -0.2873493, 52.58455690000001 ], [ -0.2877173, 52.5836998 ] ] } },
{ "type": "Feature", "properties": { "id": 39929, "nach": 0.57632654702732544 }, "geometry": { "type": "LineString", "coordinates": [ [ -0.28817, 52.5832001 ], [ -0.2880386, 52.5832906 ], [ -0.2879126, 52.5834164 ], [ -0.2877173, 52.5836998 ] ] } },
{ "type": "Feature", "properties": { "id": 42011, "nach": 0.62274621429740662 }, "geometry": { "type": "LineString", "coordinates": [ [ -0.2866514, 52.5857494 ], [ -0.2871832, 52.5848365 ] ] } },
{ "type": "Feature", "properties": { "id": 44504, "nach": 0.6272213067032627 }, "geometry": { "type": "LineString", "coordinates": [ [ -0.2925869, 52.5776679 ], [ -0.2925286, 52.5776719 ], [ -0.2924378, 52.5776624 ], [ -0.2923543, 52.5776387 ] ] } },
{ "type": "Feature", "properties": { "id": 42010, "nach": 0.66277346605135923 }, "geometry": { "type": "LineString", "coordinates": [ [ -0.2866514, 52.5857494 ], [ -0.2863125, 52.5863972 ] ] } },
{ "type": "Feature", "properties": { "id": 54285, "nach": 0.69110537282479401 }, "geometry": { "type": "LineString", "coordinates": [ [ -0.2863944, 52.5856404 ], [ -0.2866514, 52.5857494 ] ] } },
{ "type": "Feature", "properties": { "id": 42015, "nach": 0.67447099643315733 }, "geometry": { "type": "LineString", "coordinates": [ [ -0.2867224, 52.5857652 ], [ -0.2866514, 52.5857494 ] ] } },
{ "type": "Feature", "properties": { "id": 5436, "nach": 0.66661470959604208 }, "geometry": { "type": "LineString", "coordinates": [ [ -0.2876503, 52.582946300000017 ], [ -0.2876985, 52.582881 ], [ -0.2877784, 52.5828284 ] ] } },
{ "type": "Feature", "properties": { "id": 5476, "nach": 0.58617620397066106 }, "geometry": { "type": "LineString", "coordinates": [ [ -0.2933871, 52.5786202 ], [ -0.2937829, 52.5785752 ], [ -0.2941465, 52.5783729 ], [ -0.2943134, 52.5783105 ], [ -0.2944799, 52.5782704 ], [ -0.2947099, 52.5782275 ], [ -0.2948668, 52.5781787 ], [ -0.2949822, 52.5781281 ], [ -0.2951466, 52.5780249 ] ] } },
{ "type": "Feature", "properties": { "id": 45552, "nach": 0.49807440342215947 }, "geometry": { "type": "LineString", "coordinates": [ [ -0.2964141, 52.5780802 ], [ -0.2962095, 52.5780716 ], [ -0.2961106, 52.578077200000017 ], [ -0.2960673, 52.5780887 ], [ -0.2959444, 52.5781128 ], [ -0.2957925, 52.5780937 ], [ -0.295497, 52.5780808 ], [ -0.2953448, 52.5780884 ], [ -0.2951466, 52.5780249 ] ] } },
{ "type": "Feature", "properties": { "id": 44509, "nach": 0.43666387749845453 }, "geometry": { "type": "LineString", "coordinates": [ [ -0.2945107, 52.577224200000011 ], [ -0.294467, 52.5771808 ] ] } },
{ "type": "Feature", "properties": { "id": 44517, "nach": 0.46502802820041295 }, "geometry": { "type": "LineString", "coordinates": [ [ -0.2948664, 52.5770136 ], [ -0.2947043, 52.5771555 ], [ -0.2945107, 52.577224200000011 ] ] } },
{ "type": "Feature", "properties": { "id": 54450, "nach": 0.47162915484539086 }, "geometry": { "type": "LineString", "coordinates": [ [ -0.2875238, 52.5854491 ], [ -0.2881321, 52.58573470000001 ] ] } },
{ "type": "Feature", "properties": { "id": 45502, "nach": 0.43121474758458361 }, "geometry": { "type": "LineString", "coordinates": [ [ -0.2964971, 52.5777235 ], [ -0.2964779, 52.577758 ], [ -0.2963624, 52.577758 ] ] } },
{ "type": "Feature", "properties": { "id": 45551, "nach": 0.54779664560340302 }, "geometry": { "type": "LineString", "coordinates": [ [ -0.2964141, 52.5780802 ], [ -0.2964255, 52.57804010000001 ], [ -0.2965257, 52.5777695 ], [ -0.2964971, 52.5777235 ] ] } },
{ "type": "Feature", "properties": { "id": 70051, "nach": 0.40596330785107498 }, "geometry": { "type": "LineString", "coordinates": [ [ -0.2980935, 52.577488 ], [ -0.2981556, 52.5774402 ], [ -0.2981933, 52.5773745 ], [ -0.2981971, 52.5773105 ], [ -0.2981643, 52.577217 ], [ -0.2981055, 52.5770888 ] ] } },
{ "type": "Feature", "properties": { "id": 70054, "nach": 0.40915520330535698 }, "geometry": { "type": "LineString", "coordinates": [ [ -0.2983994, 52.5777557 ], [ -0.298338, 52.5777031 ], [ -0.2982709, 52.5776369 ], [ -0.2982324, 52.5775808 ], [ -0.2981636, 52.5775269 ], [ -0.2980935, 52.577488 ] ] } },
{ "type": "Feature", "properties": { "id": 5457, "nach": 0.64438203438834463 }, "geometry": { "type": "LineString", "coordinates": [ [ -0.2883162, 52.58311650000001 ], [ -0.2882528, 52.5831645 ], [ -0.28817, 52.5832001 ] ] } },
{ "type": "Feature", "properties": { "id": 11459, "nach": 0.63387153390913309 }, "geometry": { "type": "LineString", "coordinates": [ [ -0.288597, 52.5830287 ], [ -0.2884595, 52.5830479 ], [ -0.2883162, 52.58311650000001 ] ] } },
{ "type": "Feature", "properties": { "id": 41997, "nach": 0.6682091145928708 }, "geometry": { "type": "LineString", "coordinates": [ [ -0.2886749, 52.58304720000001 ], [ -0.288597, 52.5830287 ] ] } },
{ "type": "Feature", "properties": { "id": 5445, "nach": 0.4595180651201331 }, "geometry": { "type": "LineString", "coordinates": [ [ -0.288321, 52.5844934 ], [ -0.2885654, 52.5843249 ] ] } },
{ "type": "Feature", "properties": { "id": 5453, "nach": 0.50974820973900337 }, "geometry": { "type": "LineString", "coordinates": [ [ -0.2881717, 52.58460860000001 ], [ -0.2879915, 52.584508 ], [ -0.2879413, 52.5844494 ], [ -0.2879874, 52.584386600000016 ], [ -0.2881005, 52.5843824 ], [ -0.288321, 52.5844934 ] ] } },
{ "type": "Feature", "properties": { "id": 5455, "nach": 0.63996270966806845 }, "geometry": { "type": "LineString", "coordinates": [ [ -0.2931168, 52.5780522 ], [ -0.2928912, 52.577823 ] ] } },
{ "type": "Feature", "properties": { "id": 5407, "nach": 0.62862253880632835 }, "geometry": { "type": "LineString", "coordinates": [ [ -0.2928912, 52.577823 ], [ -0.2927945, 52.577752 ], [ -0.2927305, 52.5777277 ] ] } },
{ "type": "Feature", "properties": { "id": 38287, "nach": 0.52997051591741073 }, "geometry": { "type": "LineString", "coordinates": [ [ -0.2928504, 52.5776844 ], [ -0.2928912, 52.577823 ] ] } },
{ "type": "Feature", "properties": { "id": 11047, "nach": 0.63123202871482575 }, "geometry": { "type": "LineString", "coordinates": [ [ -0.2932937, 52.5783733 ], [ -0.2931168, 52.5780522 ] ] } },
{ "type": "Feature", "properties": { "id": 11055, "nach": 0.53084082880866379 }, "geometry": { "type": "LineString", "coordinates": [ [ -0.2937262, 52.5776818 ], [ -0.2936352, 52.5777187 ], [ -0.2935534, 52.5777571 ], [ -0.2934904, 52.577845 ], [ -0.2934658, 52.577924 ], [ -0.2931168, 52.5780522 ] ] } },
{ "type": "Feature", "properties": { "id": 38286, "nach": 0.59383987655395709 }, "geometry": { "type": "LineString", "coordinates": [ [ -0.2927305, 52.5777277 ], [ -0.2926963, 52.5777401 ], [ -0.2926354, 52.577743 ], [ -0.2925115, 52.577729 ], [ -0.2923841, 52.5777193 ], [ -0.2922425, 52.5777139 ], [ -0.2921417, 52.57772150000001 ], [ -0.2918955, 52.5777465 ], [ -0.2915082, 52.5778108 ], [ -0.2913558, 52.5778535 ], [ -0.2911422, 52.577927400000014 ] ] } },
{ "type": "Feature", "properties": { "id": 38284, "nach": 0.60275819931170038 }, "geometry": { "type": "LineString", "coordinates": [ [ -0.2927305, 52.5777277 ], [ -0.2925869, 52.5776679 ] ] } },
{ "type": "Feature", "properties": { "id": 38288, "nach": 0.5356717445194642 }, "geometry": { "type": "LineString", "coordinates": [ [ -0.2928504, 52.5776844 ], [ -0.2927305, 52.5777277 ] ] } },
{ "type": "Feature", "properties": { "id": 11242, "nach": 0.62693289047980127 }, "geometry": { "type": "LineString", "coordinates": [ [ -0.2873645, 52.5829591 ], [ -0.2876503, 52.582946300000017 ] ] } },
{ "type": "Feature", "properties": { "id": 11245, "nach": 0.67965841037029406 }, "geometry": { "type": "LineString", "coordinates": [ [ -0.2864659, 52.5828826 ], [ -0.2873645, 52.5829591 ] ] } },
{ "type": "Feature", "properties": { "id": 54135, "nach": 0.54159025917339343 }, "geometry": { "type": "LineString", "coordinates": [ [ -0.2882317, 52.5846958 ], [ -0.2881717, 52.58460860000001 ] ] } },
{ "type": "Feature", "properties": { "id": 54137, "nach": 0.63411497285696738 }, "geometry": { "type": "LineString", "coordinates": [ [ -0.2882317, 52.5846958 ], [ -0.2882781, 52.5847632 ], [ -0.2884283, 52.5849358 ] ] } },
{ "type": "Feature", "properties": { "id": 54136, "nach": 0.62382747810466344 }, "geometry": { "type": "LineString", "coordinates": [ [ -0.2882317, 52.5846958 ], [ -0.2888203, 52.584243400000013 ] ] } },
{ "type": "Feature", "properties": { "id": 11048, "nach": 0.62614864300770834 }, "geometry": { "type": "LineString", "coordinates": [ [ -0.2932937, 52.5783733 ], [ -0.2933234, 52.5784335 ], [ -0.293362, 52.5785461 ], [ -0.2933871, 52.5786202 ] ] } },
{ "type": "Feature", "properties": { "id": 11142, "nach": 0.529689724272976 }, "geometry": { "type": "LineString", "coordinates": [ [ -0.2927854, 52.5784319 ], [ -0.2928564, 52.5784585 ], [ -0.2932937, 52.5783733 ] ] } },
{ "type": "Feature", "properties": { "id": 11057, "nach": 0.45169066694395393 }, "geometry": { "type": "LineString", "coordinates": [ [ -0.2940881, 52.5779848 ], [ -0.2937262, 52.5776818 ] ] } },
{ "type": "Feature", "properties": { "id": 11056, "nach": 0.45316379940140011 }, "geometry": { "type": "LineString", "coordinates": [ [ -0.2940353, 52.577527 ], [ -0.2937262, 52.5776818 ] ] } },
{ "type": "Feature", "properties": { "id": 45496, "nach": 0.65305205311135639 }, "geometry": { "type": "LineString", "coordinates": [ [ -0.2936468, 52.5789602 ], [ -0.2935797, 52.5789141 ], [ -0.2934763, 52.5788138 ], [ -0.2934258, 52.5787202 ], [ -0.2933871, 52.5786202 ] ] } },
{ "type": "Feature", "properties": { "id": 29377, "nach": 0.62089090195458285 }, "geometry": { "type": "LineString", "coordinates": [ [ -0.2921692, 52.578850100000011 ], [ -0.2922733, 52.578796 ], [ -0.2923468, 52.5787594 ], [ -0.2924342, 52.5787318 ], [ -0.2925343, 52.57871560000001 ], [ -0.2927738, 52.5786928 ], [ -0.2931013, 52.5786584 ], [ -0.2933156, 52.5786341 ], [ -0.2933871, 52.5786202 ] ] } },
{ "type": "Feature", "properties": { "id": 45499, "nach": 0.45944021695403603 }, "geometry": { "type": "LineString", "coordinates": [ [ -0.295296, 52.5783212 ], [ -0.2951088, 52.5782755 ], [ -0.2949322, 52.5782309 ], [ -0.2948973, 52.5782241 ], [ -0.2947685, 52.5782609 ], [ -0.2946395, 52.5782992 ], [ -0.2945438, 52.578316 ], [ -0.2944655, 52.578336 ], [ -0.2943153, 52.5783744 ], [ -0.2942314, 52.5784019 ], [ -0.2941436, 52.578443900000011 ], [ -0.2940383, 52.578516 ], [ -0.2939203, 52.5785725 ], [ -0.2938056, 52.578621 ], [ -0.2937073, 52.5786417 ], [ -0.2935679, 52.5786688 ], [ -0.293473, 52.5786666 ], [ -0.2933871, 52.5786202 ] ] } },
{ "type": "Feature", "properties": { "id": 45550, "nach": 0.51956432763246552 }, "geometry": { "type": "LineString", "coordinates": [ [ -0.2964141, 52.5780802 ], [ -0.2964023, 52.5781195 ], [ -0.2963582, 52.5781847 ], [ -0.2963119, 52.57825350000001 ], [ -0.2962127, 52.5783444 ], [ -0.29614, 52.578398 ] ] } },
{ "type": "Feature", "properties": { "id": 45495, "nach": 0.64862997972806713 }, "geometry": { "type": "LineString", "coordinates": [ [ -0.2936468, 52.5789602 ], [ -0.293742, 52.579015899999987 ] ] } },
{ "type": "Feature", "properties": { "id": 73810, "nach": 0.45703498389434916 }, "geometry": { "type": "LineString", "coordinates": [ [ -0.2928061, 52.5790236 ], [ -0.2930031, 52.57899470000001 ], [ -0.2931181, 52.5789905 ], [ -0.2932261, 52.5790026 ], [ -0.2933133, 52.5790131 ], [ -0.2934205, 52.5790173 ], [ -0.2935225, 52.5789995 ], [ -0.2936468, 52.5789602 ] ] } },
{ "type": "Feature", "properties": { "id": 45491, "nach": 0.65012225272740076 }, "geometry": { "type": "LineString", "coordinates": [ [ -0.2914278, 52.5784455 ], [ -0.2917564, 52.5786244 ], [ -0.2919608, 52.578740800000013 ], [ -0.2921692, 52.578850100000011 ] ] } },
{ "type": "Feature", "properties": { "id": 45555, "nach": 0.5765692895172676 }, "geometry": { "type": "LineString", "coordinates": [ [ -0.2931122, 52.5795759 ], [ -0.2926194, 52.5791466 ], [ -0.2924707, 52.5790437 ], [ -0.2923346, 52.5789448 ], [ -0.2921692, 52.578850100000011 ] ] } },
{ "type": "Feature", "properties": { "id": 45498, "nach": 0.52064673367230063 }, "geometry": { "type": "LineString", "coordinates": [ [ -0.295296, 52.5783212 ], [ -0.2952353, 52.5784213 ], [ -0.2952223, 52.5785088 ], [ -0.2951652, 52.578611 ], [ -0.2950525, 52.578724299999983 ], [ -0.294912, 52.5788439 ], [ -0.2948846, 52.5789647 ], [ -0.2949054, 52.5790777 ] ] } },
{ "type": "Feature", "properties": { "id": 45505, "nach": 0.53265535445239387 }, "geometry": { "type": "LineString", "coordinates": [ [ -0.29614, 52.578398 ], [ -0.2960056, 52.5784297 ], [ -0.2959086, 52.5784363 ], [ -0.2958204, 52.5784278 ], [ -0.2957417, 52.5784139 ], [ -0.295645, 52.5783939 ], [ -0.2955057, 52.5783612 ], [ -0.295296, 52.5783212 ] ] } },
{ "type": "Feature", "properties": { "id": 54114, "nach": 0.53446814713619495 }, "geometry": { "type": "LineString", "coordinates": [ [ -0.2887785, 52.5853286 ], [ -0.2886064, 52.5852429 ], [ -0.2883808, 52.5851619 ] ] } },
{ "type": "Feature", "properties": { "id": 5495, "nach": 0.53788536691787359 }, "geometry": { "type": "LineString", "coordinates": [ [ -0.2928553, 52.5775491 ], [ -0.2928002, 52.5776009 ], [ -0.2927226, 52.5776406 ], [ -0.2926294, 52.577665 ], [ -0.2925869, 52.5776679 ] ] } },
{ "type": "Feature", "properties": { "id": 5496, "nach": 0.54256416983198907 }, "geometry": { "type": "LineString", "coordinates": [ [ -0.2928553, 52.5775491 ], [ -0.2928514, 52.577648600000011 ], [ -0.2928504, 52.5776844 ] ] } },
{ "type": "Feature", "properties": { "id": 11059, "nach": 0.50206787092340366 }, "geometry": { "type": "LineString", "coordinates": [ [ -0.2946753, 52.575054 ], [ -0.2949528, 52.5751143 ], [ -0.2951779, 52.5751651 ], [ -0.2955198, 52.575241 ] ] } },
{ "type": "Feature", "properties": { "id": 44508, "nach": 0.5256412893838559 }, "geometry": { "type": "LineString", "coordinates": [ [ -0.2927178, 52.5772831 ], [ -0.2928514, 52.577258300000011 ], [ -0.293003, 52.5772329 ], [ -0.293558, 52.5769838 ], [ -0.2941937, 52.5766073 ], [ -0.2945228, 52.5763661 ], [ -0.2947422, 52.5761779 ], [ -0.2951269, 52.57579 ], [ -0.2953134, 52.5755573 ], [ -0.2955198, 52.575241 ] ] } },
{ "type": "Feature", "properties": { "id": 8356, "nach": 0.5774158298164116 }, "geometry": { "type": "LineString", "coordinates": [ [ -0.295846575959286, 52.573542367927793 ], [ -0.2955198, 52.575241 ] ] } },
{ "type": "Feature", "properties": { "id": 11062, "nach": 0.4681752687539924 }, "geometry": { "type": "LineString", "coordinates": [ [ -0.2941684, 52.5746799 ], [ -0.2942046, 52.5747462 ], [ -0.2943011, 52.574830700000014 ], [ -0.2944097, 52.5749152 ], [ -0.2945244, 52.5749876 ], [ -0.2946753, 52.575054 ] ] } },
{ "type": "Feature", "properties": { "id": 11080, "nach": 0.42526976814572165 }, "geometry": { "type": "LineString", "coordinates": [ [ -0.2941815, 52.575529600000017 ], [ -0.2942899, 52.5755595 ], [ -0.2946753, 52.575054 ] ] } },
{ "type": "Feature", "properties": { "id": 8990, "nach": 0.60670124432124206 }, "geometry": { "type": "LineString", "coordinates": [ [ -0.2935523, 52.5793162 ], [ -0.293742, 52.579015899999987 ] ] } },
{ "type": "Feature", "properties": { "id": 8974, "nach": 0.63294306414673462 }, "geometry": { "type": "LineString", "coordinates": [ [ -0.2944045, 52.579136 ], [ -0.2942087, 52.5791194 ], [ -0.2939678, 52.5790877 ], [ -0.2938449, 52.5790545 ], [ -0.293742, 52.579015899999987 ] ] } },
{ "type": "Feature", "properties": { "id": 45548, "nach": 0.61105892127317096 }, "geometry": { "type": "LineString", "coordinates": [ [ -0.2935437, 52.5793793 ], [ -0.2935523, 52.5793162 ] ] } },
{ "type": "Feature", "properties": { "id": 79223, "nach": 0.46189035889126551 }, "geometry": { "type": "LineString", "coordinates": [ [ -0.29331, 52.5791872 ], [ -0.2935523, 52.5793162 ] ] } },
{ "type": "Feature", "properties": { "id": 8994, "nach": 0.59699611949635289 }, "geometry": { "type": "LineString", "coordinates": [ [ -0.2946573, 52.5797857 ], [ -0.2944569, 52.5794922 ], [ -0.2944045, 52.579136 ] ] } },
{ "type": "Feature", "properties": { "id": 8977, "nach": 0.58733383289625196 }, "geometry": { "type": "LineString", "coordinates": [ [ -0.2949054, 52.5790777 ], [ -0.2948282, 52.579089 ], [ -0.2947394, 52.579102 ], [ -0.2945091, 52.5791295 ], [ -0.2944045, 52.579136 ] ] } },
{ "type": "Feature", "properties": { "id": 8996, "nach": 0.57981290693211895 }, "geometry": { "type": "LineString", "coordinates": [ [ -0.2951687, 52.5799851 ], [ -0.2946573, 52.5797857 ] ] } },
{ "type": "Feature", "properties": { "id": 9015, "nach": 0.44136664722768237 }, "geometry": { "type": "LineString", "coordinates": [ [ -0.2941945, 52.5799776 ], [ -0.2946573, 52.5797857 ] ] } },
{ "type": "Feature", "properties": { "id": 8980, "nach": 0.5659643452182368 }, "geometry": { "type": "LineString", "coordinates": [ [ -0.2959614, 52.5791192 ], [ -0.2956882, 52.5790764 ], [ -0.2954693, 52.5790544 ], [ -0.295281, 52.579049 ], [ -0.2950171, 52.579065 ], [ -0.2949054, 52.5790777 ] ] } },
{ "type": "Feature", "properties": { "id": 75480, "nach": 0.42759782379826006 }, "geometry": { "type": "LineString", "coordinates": [ [ -0.2964129, 52.5786016 ], [ -0.2963283, 52.5787095 ], [ -0.2961986, 52.578758 ], [ -0.2960589, 52.5788795 ], [ -0.2959614, 52.5791192 ] ] } },
{ "type": "Feature", "properties": { "id": 8983, "nach": 0.54112046062032437 }, "geometry": { "type": "LineString", "coordinates": [ [ -0.2967725, 52.5792018 ], [ -0.2964522, 52.57921 ], [ -0.2959614, 52.5791192 ] ] } },
{ "type": "Feature", "properties": { "id": 8985, "nach": 0.49509983253765455 }, "geometry": { "type": "LineString", "coordinates": [ [ -0.297196, 52.5791598 ], [ -0.2967725, 52.5792018 ] ] } },
{ "type": "Feature", "properties": { "id": 45557, "nach": 0.46913556803026357 }, "geometry": { "type": "LineString", "coordinates": [ [ -0.2966294, 52.5796182 ], [ -0.2967796, 52.579368 ], [ -0.2967725, 52.5792018 ] ] } },
{ "type": "Feature", "properties": { "id": 8987, "nach": 0.41868476226086027 }, "geometry": { "type": "LineString", "coordinates": [ [ -0.2975771, 52.5792505 ], [ -0.297196, 52.5791598 ] ] } },
{ "type": "Feature", "properties": { "id": 8988, "nach": 0.41416507532425578 }, "geometry": { "type": "LineString", "coordinates": [ [ -0.297608, 52.5788883 ], [ -0.2973807, 52.5788426 ], [ -0.297196, 52.5791598 ] ] } },
{ "type": "Feature", "properties": { "id": 45556, "nach": 0.34198419485106463 }, "geometry": { "type": "LineString", "coordinates": [ [ -0.2966294, 52.5796182 ], [ -0.2965792, 52.5797017 ], [ -0.2964797, 52.5799307 ], [ -0.2964566, 52.5800094 ], [ -0.2962833, 52.5801683 ], [ -0.2959157, 52.580333 ] ] } },
{ "type": "Feature", "properties": { "id": 73809, "nach": 0.41344322046429643 }, "geometry": { "type": "LineString", "coordinates": [ [ -0.2971776, 52.579749599999985 ], [ -0.2967972, 52.5796599 ], [ -0.2966294, 52.5796182 ] ] } },
{ "type": "Feature", "properties": { "id": 45547, "nach": 0.46439958127583614 }, "geometry": { "type": "LineString", "coordinates": [ [ -0.2935437, 52.5793793 ], [ -0.2935058, 52.5794215 ] ] } },
{ "type": "Feature", "properties": { "id": 45554, "nach": 0.61628801566888058 }, "geometry": { "type": "LineString", "coordinates": [ [ -0.2931122, 52.5795759 ], [ -0.2935437, 52.5793793 ] ] } },
{ "type": "Feature", "properties": { "id": 8998, "nach": 0.56176466665113467 }, "geometry": { "type": "LineString", "coordinates": [ [ -0.2954075, 52.580033899999989 ], [ -0.2951687, 52.5799851 ] ] } },
{ "type": "Feature", "properties": { "id": 9014, "nach": 0.4272309950009599 }, "geometry": { "type": "LineString", "coordinates": [ [ -0.295642, 52.5796051 ], [ -0.2953572, 52.5797406 ], [ -0.2952218, 52.5798196 ], [ -0.2951687, 52.5799851 ] ] } },
{ "type": "Feature", "properties": { "id": 9002, "nach": 0.47646462125172778 }, "geometry": { "type": "LineString", "coordinates": [ [ -0.2959157, 52.580333 ], [ -0.2957123, 52.580132 ], [ -0.2954075, 52.580033899999989 ] ] } },
{ "type": "Feature", "properties": { "id": 9007, "nach": 0.52635370698164263 }, "geometry": { "type": "LineString", "coordinates": [ [ -0.2948381, 52.5805055 ], [ -0.2951992, 52.5803502 ], [ -0.2954075, 52.580033899999989 ] ] } },
{ "type": "Feature", "properties": { "id": 9004, "nach": 0.42200418444460142 }, "geometry": { "type": "LineString", "coordinates": [ [ -0.296029, 52.5804158 ], [ -0.2959157, 52.580333 ] ] } },
{ "type": "Feature", "properties": { "id": 9008, "nach": 0.42013424082843848 }, "geometry": { "type": "LineString", "coordinates": [ [ -0.2947363, 52.5805195 ], [ -0.2948381, 52.5805055 ] ] } },
{ "type": "Feature", "properties": { "id": 9011, "nach": 0.48744823506630586 }, "geometry": { "type": "LineString", "coordinates": [ [ -0.2951703, 52.5808362 ], [ -0.2948381, 52.5805055 ] ] } },
{ "type": "Feature", "properties": { "id": 9013, "nach": 0.41097833081623886 }, "geometry": { "type": "LineString", "coordinates": [ [ -0.2953462, 52.5808596 ], [ -0.2951703, 52.5808362 ] ] } },
{ "type": "Feature", "properties": { "id": 9012, "nach": 0.41134263155730155 }, "geometry": { "type": "LineString", "coordinates": [ [ -0.2950685, 52.5808974 ], [ -0.2951703, 52.5808362 ] ] } },
{ "type": "Feature", "properties": { "id": 11144, "nach": 0.44635835641994298 }, "geometry": { "type": "LineString", "coordinates": [ [ -0.2918536, 52.5782233 ], [ -0.2922263, 52.5781523 ], [ -0.2923462, 52.5781346 ], [ -0.2924615, 52.5781568 ], [ -0.2925724, 52.5782011 ], [ -0.2926434, 52.578281 ], [ -0.2927233, 52.5783786 ], [ -0.2927854, 52.5784319 ] ] } },
{ "type": "Feature", "properties": { "id": 11145, "nach": 0.45185134198626753 }, "geometry": { "type": "LineString", "coordinates": [ [ -0.2924038, 52.578627099999984 ], [ -0.2923373, 52.5786182 ], [ -0.2923018, 52.5785827 ], [ -0.2923328, 52.5785384 ], [ -0.2924349, 52.5784984 ], [ -0.2926656, 52.5784851 ], [ -0.2927455, 52.5784585 ], [ -0.2927854, 52.5784319 ] ] } },
{ "type": "Feature", "properties": { "id": 11050, "nach": 0.6046639000605738 }, "geometry": { "type": "LineString", "coordinates": [ [ -0.2925256, 52.5772526 ], [ -0.2926417, 52.5772615 ], [ -0.2927178, 52.5772831 ] ] } },
{ "type": "Feature", "properties": { "id": 11051, "nach": 0.50876178162076913 }, "geometry": { "type": "LineString", "coordinates": [ [ -0.2922226, 52.5773812 ], [ -0.2922723, 52.5773305 ], [ -0.2923434, 52.5772902 ], [ -0.2924301, 52.5772635 ], [ -0.2925256, 52.5772526 ] ] } },
{ "type": "Feature", "properties": { "id": 11147, "nach": 0.58752450354236141 }, "geometry": { "type": "LineString", "coordinates": [ [ -0.2921455, 52.5771215 ], [ -0.2922964, 52.5771995 ], [ -0.2923738, 52.577225 ], [ -0.2925256, 52.5772526 ] ] } },
{ "type": "Feature", "properties": { "id": 11052, "nach": 0.61831375382134757 }, "geometry": { "type": "LineString", "coordinates": [ [ -0.2922226, 52.5773812 ], [ -0.2922143, 52.5772923 ], [ -0.2921966, 52.577234599999983 ], [ -0.2921455, 52.5771215 ] ] } },
{ "type": "Feature", "properties": { "id": 11148, "nach": 0.65025087281352389 }, "geometry": { "type": "LineString", "coordinates": [ [ -0.2918285, 52.5768309 ], [ -0.2921455, 52.5771215 ] ] } },
{ "type": "Feature", "properties": { "id": 11065, "nach": 0.48295901205667358 }, "geometry": { "type": "LineString", "coordinates": [ [ -0.2937422, 52.5743473 ], [ -0.2938544, 52.5743839 ], [ -0.2939559, 52.5744352 ], [ -0.2940115, 52.5744807 ], [ -0.2940946, 52.5745668 ], [ -0.2941684, 52.5746799 ] ] } },
{ "type": "Feature", "properties": { "id": 11074, "nach": 0.46202511485202868 }, "geometry": { "type": "LineString", "coordinates": [ [ -0.2949264, 52.574316400000022 ], [ -0.294308, 52.57462730000001 ], [ -0.2941684, 52.5746799 ] ] } },
{ "type": "Feature", "properties": { "id": 11070, "nach": 0.42231986605104793 }, "geometry": { "type": "LineString", "coordinates": [ [ -0.2930688, 52.5743118 ], [ -0.2932405, 52.5743003 ], [ -0.2933786, 52.574298400000011 ], [ -0.2935907, 52.5743174 ], [ -0.2937422, 52.5743473 ] ] } },
{ "type": "Feature", "properties": { "id": 30159, "nach": 0.57552216968311887 }, "geometry": { "type": "LineString", "coordinates": [ [ -0.2930352, 52.5746295 ], [ -0.293513, 52.5745576 ], [ -0.2935881, 52.5745276 ], [ -0.2936363, 52.574484500000011 ], [ -0.2936913, 52.57442360000001 ], [ -0.2937422, 52.5743473 ] ] } },
{ "type": "Feature", "properties": { "id": 78702, "nach": 0.57292294269493849 }, "geometry": { "type": "LineString", "coordinates": [ [ -0.2938791, 52.5739894 ], [ -0.2938452, 52.5741805 ], [ -0.2937422, 52.5743473 ] ] } },
{ "type": "Feature", "properties": { "id": 11076, "nach": 0.44347750371557382 }, "geometry": { "type": "LineString", "coordinates": [ [ -0.2947311, 52.5741687 ], [ -0.2949264, 52.574316400000022 ] ] } },
{ "type": "Feature", "properties": { "id": 11075, "nach": 0.42297582001562922 }, "geometry": { "type": "LineString", "coordinates": [ [ -0.2953203, 52.5746135 ], [ -0.2949264, 52.574316400000022 ] ] } },
{ "type": "Feature", "properties": { "id": 30156, "nach": 0.45037875373984365 }, "geometry": { "type": "LineString", "coordinates": [ [ -0.2930352, 52.5746295 ], [ -0.2930688, 52.5743118 ] ] } },
{ "type": "Feature", "properties": { "id": 78699, "nach": 0.42952551926800331 }, "geometry": { "type": "LineString", "coordinates": [ [ -0.2922721, 52.574277 ], [ -0.2924062, 52.5744383 ], [ -0.2925076, 52.574513500000016 ], [ -0.2926196, 52.5744394 ], [ -0.292743, 52.574396 ], [ -0.292928, 52.574339500000015 ], [ -0.2930688, 52.5743118 ] ] } },
{ "type": "Feature", "properties": { "id": 30157, "nach": 0.41718062964208635 }, "geometry": { "type": "LineString", "coordinates": [ [ -0.2930352, 52.5746295 ], [ -0.2930263, 52.574669900000011 ], [ -0.2929841, 52.5747533 ], [ -0.2929756, 52.5747989 ], [ -0.2929601, 52.574872800000016 ], [ -0.2929503, 52.5749464 ], [ -0.292948, 52.5749755 ], [ -0.2929377, 52.5750045 ], [ -0.2929099, 52.5750462 ], [ -0.2928754, 52.5750839 ], [ -0.2928307, 52.5751421 ], [ -0.2928161, 52.575184900000011 ], [ -0.2927892, 52.575311899999988 ], [ -0.2928005, 52.5753397 ], [ -0.2928447, 52.5753663 ], [ -0.2929156, 52.5753798 ], [ -0.2935282, 52.5754038 ], [ -0.2935776, 52.5753801 ], [ -0.2935838, 52.5753008 ] ] } },
{ "type": "Feature", "properties": { "id": 30164, "nach": 0.58954122535838549 }, "geometry": { "type": "LineString", "coordinates": [ [ -0.2921058, 52.575139900000011 ], [ -0.2921852, 52.5749744 ], [ -0.2923352, 52.5747831 ], [ -0.2925337, 52.574729 ], [ -0.2930352, 52.5746295 ] ] } },
{ "type": "Feature", "properties": { "id": 78703, "nach": 0.48835661476148939 }, "geometry": { "type": "LineString", "coordinates": [ [ -0.2938791, 52.5739894 ], [ -0.2939381, 52.5739817 ], [ -0.2939864, 52.5739443 ], [ -0.2940427, 52.5738285 ], [ -0.2941158, 52.57378820000001 ], [ -0.2941782, 52.5737658 ], [ -0.2947311, 52.5741687 ] ] } },
{ "type": "Feature", "properties": { "id": 78704, "nach": 0.44394634576165715 }, "geometry": { "type": "LineString", "coordinates": [ [ -0.2934795, 52.5739654 ], [ -0.2938791, 52.5739894 ] ] } },
{ "type": "Feature", "properties": { "id": 78701, "nach": 0.64287336066311129 }, "geometry": { "type": "LineString", "coordinates": [ [ -0.2938791, 52.5739894 ], [ -0.295846575959286, 52.573542367927793 ] ] } },
{ "type": "Feature", "properties": { "id": 11079, "nach": 0.42062750585989467 }, "geometry": { "type": "LineString", "coordinates": [ [ -0.2953381, 52.5738677 ], [ -0.2947311, 52.5741687 ] ] } },
{ "type": "Feature", "properties": { "id": 11192, "nach": 0.60454380433284138 }, "geometry": { "type": "LineString", "coordinates": [ [ -0.2917225, 52.576864500000013 ], [ -0.2918285, 52.5768309 ] ] } },
{ "type": "Feature", "properties": { "id": 11151, "nach": 0.63200799261962537 }, "geometry": { "type": "LineString", "coordinates": [ [ -0.2915665, 52.5765203 ], [ -0.2916042, 52.5765957 ], [ -0.2916575, 52.576657799999985 ], [ -0.2918285, 52.5768309 ] ] } },
{ "type": "Feature", "properties": { "id": 11194, "nach": 0.59591742828710126 }, "geometry": { "type": "LineString", "coordinates": [ [ -0.2914142, 52.5768556 ], [ -0.2917225, 52.576864500000013 ] ] } },
{ "type": "Feature", "properties": { "id": 29366, "nach": 0.48136266143317702 }, "geometry": { "type": "LineString", "coordinates": [ [ -0.2909865, 52.577832 ], [ -0.2911812, 52.5777537 ], [ -0.291389, 52.5777301 ], [ -0.2917029, 52.577638 ], [ -0.2920489, 52.577501099999985 ], [ -0.2921186, 52.5774229 ], [ -0.2921454, 52.5773397 ], [ -0.2921374, 52.5772387 ], [ -0.2921079, 52.577149 ], [ -0.292065, 52.5771164 ], [ -0.2919121, 52.5769828 ], [ -0.2918289, 52.576911 ], [ -0.2917431, 52.5768948 ], [ -0.2917225, 52.576864500000013 ] ] } },
{ "type": "Feature", "properties": { "id": 30176, "nach": 0.5682671756856682 }, "geometry": { "type": "LineString", "coordinates": [ [ -0.2912114, 52.5764609 ], [ -0.2913209, 52.5764937 ], [ -0.2915665, 52.5765203 ] ] } },
{ "type": "Feature", "properties": { "id": 11156, "nach": 0.59312665520396757 }, "geometry": { "type": "LineString", "coordinates": [ [ -0.2919083, 52.57618020000001 ], [ -0.2916934, 52.5763178 ], [ -0.2916197, 52.5764005 ], [ -0.2915732, 52.576467 ], [ -0.2915665, 52.5765203 ] ] } },
{ "type": "Feature", "properties": { "id": 30177, "nach": 0.56769257209763646 }, "geometry": { "type": "LineString", "coordinates": [ [ -0.2912114, 52.5764609 ], [ -0.291353, 52.5763214 ], [ -0.2916155, 52.5761777 ], [ -0.2918007, 52.5761085 ] ] } },
{ "type": "Feature", "properties": { "id": 69363, "nach": 0.61452695931342105 }, "geometry": { "type": "LineString", "coordinates": [ [ -0.2910648, 52.576404 ], [ -0.2911233, 52.5764286 ], [ -0.2912114, 52.5764609 ] ] } },
{ "type": "Feature", "properties": { "id": 30168, "nach": 0.58783681030188917 }, "geometry": { "type": "LineString", "coordinates": [ [ -0.2918007, 52.5761085 ], [ -0.2919083, 52.57618020000001 ] ] } },
{ "type": "Feature", "properties": { "id": 11159, "nach": 0.52223982339088171 }, "geometry": { "type": "LineString", "coordinates": [ [ -0.2925347, 52.5760524 ], [ -0.2924029, 52.576065399999983 ], [ -0.2922188, 52.5760965 ], [ -0.2920703, 52.5761324 ], [ -0.2919083, 52.57618020000001 ] ] } },
{ "type": "Feature", "properties": { "id": 30169, "nach": 0.58767765589987353 }, "geometry": { "type": "LineString", "coordinates": [ [ -0.2918007, 52.5761085 ], [ -0.2920279, 52.5760489 ], [ -0.2921731, 52.5760013 ], [ -0.2923113, 52.5759215 ], [ -0.2923482, 52.575829 ], [ -0.2923459, 52.5757338 ], [ -0.2921754, 52.5753026 ], [ -0.2921058, 52.575139900000011 ] ] } },
{ "type": "Feature", "properties": { "id": 69359, "nach": 0.51276303726849226 }, "geometry": { "type": "LineString", "coordinates": [ [ -0.2916633, 52.576017 ], [ -0.2918007, 52.5761085 ] ] } },
{ "type": "Feature", "properties": { "id": 11161, "nach": 0.44352479217029883 }, "geometry": { "type": "LineString", "coordinates": [ [ -0.2928265, 52.5765858 ], [ -0.2925347, 52.5760524 ] ] } },
{ "type": "Feature", "properties": { "id": 11160, "nach": 0.44090916386247853 }, "geometry": { "type": "LineString", "coordinates": [ [ -0.2936963, 52.5759811 ], [ -0.2933524, 52.5760322 ], [ -0.2931594, 52.576061 ], [ -0.292942, 52.5760588 ], [ -0.2927889, 52.5760521 ], [ -0.2925826, 52.5760477 ], [ -0.2925347, 52.5760524 ] ] } },
{ "type": "Feature", "properties": { "id": 11163, "nach": 0.0 }, "geometry": { "type": "LineString", "coordinates": [ [ -0.2928265, 52.5765858 ], [ -0.2927778, 52.5766006 ], [ -0.2927316, 52.5766275 ], [ -0.2927085, 52.5766494 ], [ -0.2926952, 52.5766861 ], [ -0.2926977, 52.5767181 ], [ -0.2927108, 52.5767378 ], [ -0.2927455, 52.5767562 ], [ -0.2927797, 52.5767613 ], [ -0.2928185, 52.5767595 ], [ -0.2928632, 52.5767533 ], [ -0.2929205, 52.5767338 ], [ -0.2929684, 52.576709 ], [ -0.2929963, 52.5766789 ], [ -0.2930018, 52.5766441 ], [ -0.2929844, 52.5766128 ], [ -0.2929393, 52.5765854 ], [ -0.2928917, 52.5765746 ], [ -0.2928679, 52.5765732 ], [ -0.2928265, 52.5765858 ] ] } },
{ "type": "Feature", "properties": { "id": 11168, "nach": 0.44932488445357166 }, "geometry": { "type": "LineString", "coordinates": [ [ -0.2916461, 52.5755914 ], [ -0.2912055, 52.5756656 ] ] } },
{ "type": "Feature", "properties": { "id": 35805, "nach": 0.49205780932053017 }, "geometry": { "type": "LineString", "coordinates": [ [ -0.2911542, 52.5751552 ], [ -0.2911647, 52.575177 ], [ -0.2911775, 52.5752754 ], [ -0.2911594, 52.57542870000001 ], [ -0.2911542, 52.5755586 ], [ -0.2912055, 52.5756656 ] ] } },
{ "type": "Feature", "properties": { "id": 69360, "nach": 0.53369412723392784 }, "geometry": { "type": "LineString", "coordinates": [ [ -0.2916633, 52.576017 ], [ -0.2912808, 52.5757623 ], [ -0.2912055, 52.5756656 ] ] } },
{ "type": "Feature", "properties": { "id": 35804, "nach": 0.44866466511864406 }, "geometry": { "type": "LineString", "coordinates": [ [ -0.2911542, 52.5751552 ], [ -0.2911166, 52.5751193 ], [ -0.291047, 52.5750843 ] ] } },
{ "type": "Feature", "properties": { "id": 35806, "nach": 0.42068021137539585 }, "geometry": { "type": "LineString", "coordinates": [ [ -0.2911542, 52.5751552 ], [ -0.2914861, 52.5750964 ], [ -0.2921058, 52.575139900000011 ] ] } },
{ "type": "Feature", "properties": { "id": 69364, "nach": 0.49845449632267369 }, "geometry": { "type": "LineString", "coordinates": [ [ -0.2910648, 52.576404 ], [ -0.2911722, 52.5763091 ], [ -0.2914228, 52.576148100000012 ], [ -0.2916633, 52.576017 ] ] } },
{ "type": "Feature", "properties": { "id": 30172, "nach": 0.59975289097033901 }, "geometry": { "type": "LineString", "coordinates": [ [ -0.2907453, 52.5763442 ], [ -0.2907632, 52.576319 ] ] } },
{ "type": "Feature", "properties": { "id": 11173, "nach": 0.56471207686019498 }, "geometry": { "type": "LineString", "coordinates": [ [ -0.2904352, 52.576289600000017 ], [ -0.2905609, 52.5762934 ], [ -0.2907632, 52.576319 ] ] } },
{ "type": "Feature", "properties": { "id": 69362, "nach": 0.62686082288266731 }, "geometry": { "type": "LineString", "coordinates": [ [ -0.2910648, 52.576404 ], [ -0.290938, 52.5763507 ], [ -0.2907632, 52.576319 ] ] } },
{ "type": "Feature", "properties": { "id": 78612, "nach": 0.46575993714592762 }, "geometry": { "type": "LineString", "coordinates": [ [ -0.290651, 52.5764799 ], [ -0.2907453, 52.5763442 ] ] } },
{ "type": "Feature", "properties": { "id": 78625, "nach": 0.58989251022421152 }, "geometry": { "type": "LineString", "coordinates": [ [ -0.2903855, 52.5763378 ], [ -0.2904267, 52.576329400000013 ], [ -0.2905123, 52.5763194 ], [ -0.2906443, 52.5763273 ], [ -0.2907453, 52.5763442 ] ] } },
{ "type": "Feature", "properties": { "id": 78611, "nach": 0.48379247205494397 }, "geometry": { "type": "LineString", "coordinates": [ [ -0.2908658, 52.5766588 ], [ -0.2908991, 52.576658800000011 ], [ -0.2909344, 52.5766589 ], [ -0.2909627, 52.5766592 ], [ -0.2909688, 52.5764425 ], [ -0.2908624, 52.5763901 ], [ -0.2907453, 52.5763442 ] ] } },
{ "type": "Feature", "properties": { "id": 11177, "nach": 0.57231828732697487 }, "geometry": { "type": "LineString", "coordinates": [ [ -0.2899626, 52.5763813 ], [ -0.2900643, 52.5763511 ], [ -0.2902042, 52.5763114 ], [ -0.2903217, 52.5762962 ], [ -0.2904352, 52.576289600000017 ] ] } },
{ "type": "Feature", "properties": { "id": 11188, "nach": 0.52516427842329783 }, "geometry": { "type": "LineString", "coordinates": [ [ -0.2898977, 52.5755689 ], [ -0.2900841, 52.575702 ], [ -0.2901382, 52.575814200000011 ], [ -0.2902487, 52.57592 ], [ -0.290366, 52.5760313 ], [ -0.2904121, 52.5761272 ], [ -0.2904352, 52.576289600000017 ] ] } },
{ "type": "Feature", "properties": { "id": 11185, "nach": 0.46721175908410906 }, "geometry": { "type": "LineString", "coordinates": [ [ -0.2897845, 52.5762673 ], [ -0.2899626, 52.5763813 ] ] } },
{ "type": "Feature", "properties": { "id": 78637, "nach": 0.5618089180000313 }, "geometry": { "type": "LineString", "coordinates": [ [ -0.2895377, 52.5766263 ], [ -0.2895536, 52.5766171 ], [ -0.2899626, 52.5763813 ] ] } },
{ "type": "Feature", "properties": { "id": 68703, "nach": 0.48936667266084832 }, "geometry": { "type": "LineString", "coordinates": [ [ -0.2888486, 52.5761113 ], [ -0.2890031, 52.576031100000016 ], [ -0.2893399, 52.5762328 ], [ -0.2898631, 52.5763674 ], [ -0.2899626, 52.5763813 ] ] } },
{ "type": "Feature", "properties": { "id": 11190, "nach": 0.44918006818286998 }, "geometry": { "type": "LineString", "coordinates": [ [ -0.2897912, 52.575631 ], [ -0.2898977, 52.5755689 ] ] } },
{ "type": "Feature", "properties": { "id": 11189, "nach": 0.44478342221592876 }, "geometry": { "type": "LineString", "coordinates": [ [ -0.2902793, 52.575347 ], [ -0.2898977, 52.5755689 ] ] } },
{ "type": "Feature", "properties": { "id": 78636, "nach": 0.53963138751307949 }, "geometry": { "type": "LineString", "coordinates": [ [ -0.2895377, 52.5766263 ], [ -0.2893531, 52.5767327 ], [ -0.2892566, 52.5767662 ], [ -0.2891467, 52.5767866 ], [ -0.2886151, 52.5768662 ] ] } },
{ "type": "Feature", "properties": { "id": 78635, "nach": 0.55647858575542453 }, "geometry": { "type": "LineString", "coordinates": [ [ -0.2895377, 52.5766263 ], [ -0.2896986, 52.5767272 ] ] } },
{ "type": "Feature", "properties": { "id": 78433, "nach": 0.50808565478559986 }, "geometry": { "type": "LineString", "coordinates": [ [ -0.288309, 52.5763915 ], [ -0.2885657, 52.5762571 ], [ -0.2888486, 52.5761113 ] ] } },
{ "type": "Feature", "properties": { "id": 78430, "nach": 0.45413894685591405 }, "geometry": { "type": "LineString", "coordinates": [ [ -0.2884571, 52.5761067 ], [ -0.2887816, 52.5760741 ], [ -0.2888486, 52.5761113 ] ] } },
{ "type": "Feature", "properties": { "id": 68696, "nach": 0.58293379621443497 }, "geometry": { "type": "LineString", "coordinates": [ [ -0.2884948, 52.5767814 ], [ -0.2886151, 52.5768662 ] ] } },
{ "type": "Feature", "properties": { "id": 79499, "nach": 0.61026528734371122 }, "geometry": { "type": "LineString", "coordinates": [ [ -0.2884211, 52.5768952 ], [ -0.2886151, 52.5768662 ] ] } },
{ "type": "Feature", "properties": { "id": 78436, "nach": 0.54849689814342528 }, "geometry": { "type": "LineString", "coordinates": [ [ -0.2882973, 52.5763976 ], [ -0.2881975, 52.5764495 ], [ -0.2881502, 52.5764933 ], [ -0.2881454, 52.5765295 ], [ -0.2881728, 52.5765689 ], [ -0.2884948, 52.5767814 ] ] } },
{ "type": "Feature", "properties": { "id": 68699, "nach": 0.4636805970491632 }, "geometry": { "type": "LineString", "coordinates": [ [ -0.2891256, 52.5766841 ], [ -0.2889121, 52.576551200000011 ], [ -0.2885855, 52.5767314 ], [ -0.2884948, 52.5767814 ] ] } },
{ "type": "Feature", "properties": { "id": 79500, "nach": 0.58900759908880218 }, "geometry": { "type": "LineString", "coordinates": [ [ -0.2884211, 52.5768952 ], [ -0.2885595, 52.5770396 ] ] } },
{ "type": "Feature", "properties": { "id": 79498, "nach": 0.58869390971317437 }, "geometry": { "type": "LineString", "coordinates": [ [ -0.2884211, 52.5768952 ], [ -0.2877793, 52.5769913 ] ] } },
{ "type": "Feature", "properties": { "id": 78437, "nach": 0.47622054408688891 }, "geometry": { "type": "LineString", "coordinates": [ [ -0.2868585, 52.5771291 ], [ -0.2871463, 52.577086 ] ] } },
{ "type": "Feature", "properties": { "id": 78438, "nach": 0.59299569394809137 }, "geometry": { "type": "LineString", "coordinates": [ [ -0.2872007, 52.5772252 ], [ -0.2871463, 52.577086 ] ] } },
{ "type": "Feature", "properties": { "id": 35195, "nach": 0.58327440920559048 }, "geometry": { "type": "LineString", "coordinates": [ [ -0.2877793, 52.5769913 ], [ -0.2871463, 52.577086 ] ] } },
{ "type": "Feature", "properties": { "id": 78440, "nach": 0.6699806717399498 }, "geometry": { "type": "LineString", "coordinates": [ [ -0.2872007, 52.5772252 ], [ -0.2866632, 52.5772987 ], [ -0.2862023, 52.5773136 ], [ -0.2860886, 52.5773078 ] ] } },
{ "type": "Feature", "properties": { "id": 79497, "nach": 0.62209556675450017 }, "geometry": { "type": "LineString", "coordinates": [ [ -0.2877591, 52.5771489 ], [ -0.2872894, 52.5772131 ], [ -0.2872007, 52.5772252 ] ] } },
{ "type": "Feature", "properties": { "id": 78454, "nach": 0.56465587684623408 }, "geometry": { "type": "LineString", "coordinates": [ [ -0.2871417, 52.5773944 ], [ -0.2871729, 52.5773558 ], [ -0.287188, 52.577337200000024 ], [ -0.2872268, 52.5772897 ], [ -0.2872007, 52.5772252 ] ] } },
{ "type": "Feature", "properties": { "id": 35194, "nach": 0.47276746868865982 }, "geometry": { "type": "LineString", "coordinates": [ [ -0.2877793, 52.5769913 ], [ -0.2876951, 52.5767461 ] ] } },
{ "type": "Feature", "properties": { "id": 11197, "nach": 0.46218096537775583 }, "geometry": { "type": "LineString", "coordinates": [ [ -0.2910736, 52.5766157 ], [ -0.2913222, 52.5766188 ], [ -0.2914215, 52.5766805 ], [ -0.2914142, 52.5768556 ] ] } },
{ "type": "Feature", "properties": { "id": 78608, "nach": 0.59739178598661458 }, "geometry": { "type": "LineString", "coordinates": [ [ -0.2908543, 52.5769267 ], [ -0.2912974, 52.5769355 ], [ -0.2914142, 52.5768556 ] ] } },
{ "type": "Feature", "properties": { "id": 29365, "nach": 0.37962936640586409 }, "geometry": { "type": "LineString", "coordinates": [ [ -0.2909865, 52.577832 ], [ -0.2909283, 52.577810899999989 ], [ -0.2908335, 52.5777766 ], [ -0.290679, 52.5777619 ], [ -0.2905146, 52.5777565 ], [ -0.2903767, 52.5777755 ] ] } },
{ "type": "Feature", "properties": { "id": 78638, "nach": 0.5101744359068876 }, "geometry": { "type": "LineString", "coordinates": [ [ -0.2909071, 52.5778814 ], [ -0.2909865, 52.577832 ] ] } },
{ "type": "Feature", "properties": { "id": 78620, "nach": 0.54011198319978104 }, "geometry": { "type": "LineString", "coordinates": [ [ -0.2908583, 52.5767857 ], [ -0.2908543, 52.5769267 ] ] } },
{ "type": "Feature", "properties": { "id": 78614, "nach": 0.60724239043125772 }, "geometry": { "type": "LineString", "coordinates": [ [ -0.2903513, 52.577132600000013 ], [ -0.2906237, 52.5769793 ], [ -0.2907645, 52.5769813 ], [ -0.2908543, 52.5769267 ] ] } },
{ "type": "Feature", "properties": { "id": 42016, "nach": 0.0 }, "geometry": { "type": "LineString", "coordinates": [ [ -0.2867224, 52.5857652 ], [ -0.2866302, 52.5859134 ], [ -0.2866061, 52.5860976 ], [ -0.2865498, 52.586223 ], [ -0.2864237, 52.586315899999988 ], [ -0.2863754, 52.5864088 ], [ -0.2863125, 52.5863972 ] ] } },
{ "type": "Feature", "properties": { "id": 30210, "nach": 0.67817005641857253 }, "geometry": { "type": "LineString", "coordinates": [ [ -0.2863558, 52.5828742 ], [ -0.2864659, 52.5828826 ] ] } },
{ "type": "Feature", "properties": { "id": 11321, "nach": 0.54612969284519841 }, "geometry": { "type": "LineString", "coordinates": [ [ -0.2864769, 52.58270490000001 ], [ -0.2864659, 52.5828826 ] ] } },
{ "type": "Feature", "properties": { "id": 30209, "nach": 0.67580722289164252 }, "geometry": { "type": "LineString", "coordinates": [ [ -0.2863558, 52.5828742 ], [ -0.2862471, 52.5828685 ] ] } },
{ "type": "Feature", "properties": { "id": 83345, "nach": 0.66259468963791135 }, "geometry": { "type": "LineString", "coordinates": [ [ -0.2865321, 52.583137400000012 ], [ -0.2865183, 52.5830693 ], [ -0.2864221, 52.583019 ], [ -0.2863558, 52.5828742 ] ] } },
{ "type": "Feature", "properties": { "id": 54444, "nach": 0.54525436241597292 }, "geometry": { "type": "LineString", "coordinates": [ [ -0.2871072, 52.582717 ], [ -0.2864769, 52.58270490000001 ] ] } },
{ "type": "Feature", "properties": { "id": 78539, "nach": 0.48138825896945325 }, "geometry": { "type": "LineString", "coordinates": [ [ -0.2860686, 52.5826921 ], [ -0.2861059, 52.5826926 ], [ -0.2861722, 52.5826935 ], [ -0.2864769, 52.58270490000001 ] ] } },
{ "type": "Feature", "properties": { "id": 11251, "nach": 0.67642368211233239 }, "geometry": { "type": "LineString", "coordinates": [ [ -0.2849685, 52.5831671 ], [ -0.2851903, 52.5830294 ], [ -0.2854832, 52.58293110000001 ] ] } },
{ "type": "Feature", "properties": { "id": 30204, "nach": 0.67794443743852062 }, "geometry": { "type": "LineString", "coordinates": [ [ -0.2862471, 52.5828685 ], [ -0.2861252, 52.5828602 ], [ -0.2858503, 52.5828627 ], [ -0.2854832, 52.58293110000001 ] ] } },
{ "type": "Feature", "properties": { "id": 73584, "nach": 0.54505386745638007 }, "geometry": { "type": "LineString", "coordinates": [ [ -0.2853187, 52.5826325 ], [ -0.2853155, 52.582712600000015 ], [ -0.285341, 52.5827943 ], [ -0.2853895, 52.582867 ], [ -0.2854392, 52.5829071 ], [ -0.2854832, 52.58293110000001 ] ] } },
{ "type": "Feature", "properties": { "id": 78551, "nach": 0.67107171265821608 }, "geometry": { "type": "LineString", "coordinates": [ [ -0.2846778, 52.5834298 ], [ -0.284701, 52.5834106 ], [ -0.2849685, 52.5831671 ] ] } },
{ "type": "Feature", "properties": { "id": 11298, "nach": 0.56120327635918954 }, "geometry": { "type": "LineString", "coordinates": [ [ -0.2852744, 52.5834774 ], [ -0.2851156, 52.5833353 ], [ -0.2849685, 52.5831671 ] ] } },
{ "type": "Feature", "properties": { "id": 78537, "nach": 0.67358429447073787 }, "geometry": { "type": "LineString", "coordinates": [ [ -0.2860686, 52.5826921 ], [ -0.2860673, 52.5827449 ], [ -0.2862496, 52.5828215 ], [ -0.2862471, 52.5828685 ] ] } },
{ "type": "Feature", "properties": { "id": 73586, "nach": 0.46570228287809662 }, "geometry": { "type": "LineString", "coordinates": [ [ -0.2853187, 52.5826325 ], [ -0.285528, 52.58263250000001 ], [ -0.2856141, 52.582639 ], [ -0.2857028, 52.5826603 ], [ -0.2859032, 52.5827019 ] ] } },
{ "type": "Feature", "properties": { "id": 73585, "nach": 0.46687572057630877 }, "geometry": { "type": "LineString", "coordinates": [ [ -0.2853187, 52.5826325 ], [ -0.2850797, 52.58262830000001 ], [ -0.2850516, 52.5826323 ], [ -0.2850307, 52.5826415 ], [ -0.2850199, 52.5826546 ], [ -0.2850142, 52.582673 ], [ -0.2850106, 52.5827453 ] ] } },
{ "type": "Feature", "properties": { "id": 78550, "nach": 0.64389254929797879 }, "geometry": { "type": "LineString", "coordinates": [ [ -0.2846778, 52.5834298 ], [ -0.2845306, 52.5835831 ], [ -0.2842455, 52.5838979 ] ] } },
{ "type": "Feature", "properties": { "id": 78552, "nach": 0.60331908910052578 }, "geometry": { "type": "LineString", "coordinates": [ [ -0.2841249, 52.5832411 ], [ -0.2846778, 52.5834298 ] ] } },
{ "type": "Feature", "properties": { "id": 11300, "nach": 0.56342658573612459 }, "geometry": { "type": "LineString", "coordinates": [ [ -0.2854584, 52.5836614 ], [ -0.2852744, 52.5834774 ] ] } },
{ "type": "Feature", "properties": { "id": 83386, "nach": 0.38655426777531798 }, "geometry": { "type": "LineString", "coordinates": [ [ -0.2857291, 52.583331500000014 ], [ -0.2852744, 52.5834774 ] ] } },
{ "type": "Feature", "properties": { "id": 11276, "nach": 0.60212000706662883 }, "geometry": { "type": "LineString", "coordinates": [ [ -0.2837384, 52.583731700000016 ], [ -0.2842455, 52.5838979 ] ] } },
{ "type": "Feature", "properties": { "id": 83363, "nach": 0.64249490315301216 }, "geometry": { "type": "LineString", "coordinates": [ [ -0.2840451, 52.58417 ], [ -0.2840705, 52.5841128 ], [ -0.2842455, 52.5838979 ] ] } },
{ "type": "Feature", "properties": { "id": 11279, "nach": 0.56269940404575436 }, "geometry": { "type": "LineString", "coordinates": [ [ -0.2834671, 52.5836377 ], [ -0.2837384, 52.583731700000016 ] ] } },
{ "type": "Feature", "properties": { "id": 78547, "nach": 0.54736322636612178 }, "geometry": { "type": "LineString", "coordinates": [ [ -0.2835687, 52.58397870000001 ], [ -0.2837384, 52.583731700000016 ] ] } },
{ "type": "Feature", "properties": { "id": 83362, "nach": 0.61929555208644982 }, "geometry": { "type": "LineString", "coordinates": [ [ -0.2840451, 52.58417 ], [ -0.2839615, 52.5843977 ], [ -0.2839295, 52.5845005 ] ] } },
{ "type": "Feature", "properties": { "id": 83361, "nach": 0.59587589095174198 }, "geometry": { "type": "LineString", "coordinates": [ [ -0.2840451, 52.58417 ], [ -0.2844644, 52.5843125 ] ] } },
{ "type": "Feature", "properties": { "id": 11281, "nach": 0.51009761136579157 }, "geometry": { "type": "LineString", "coordinates": [ [ -0.2826325, 52.5834858 ], [ -0.2834671, 52.5836377 ] ] } },
{ "type": "Feature", "properties": { "id": 11290, "nach": 0.5504497100694058 }, "geometry": { "type": "LineString", "coordinates": [ [ -0.2837392, 52.5831777 ], [ -0.2834671, 52.5836377 ] ] } },
{ "type": "Feature", "properties": { "id": 78562, "nach": 0.55620795501601328 }, "geometry": { "type": "LineString", "coordinates": [ [ -0.2836748, 52.5831565 ], [ -0.2837392, 52.5831777 ] ] } },
{ "type": "Feature", "properties": { "id": 78553, "nach": 0.51223666609418195 }, "geometry": { "type": "LineString", "coordinates": [ [ -0.2841249, 52.5832411 ], [ -0.2840552, 52.583259 ], [ -0.2837392, 52.5831777 ] ] } },
{ "type": "Feature", "properties": { "id": 78564, "nach": 0.47796060426233783 }, "geometry": { "type": "LineString", "coordinates": [ [ -0.2836748, 52.5831565 ], [ -0.2836537, 52.5831514 ], [ -0.2835295, 52.5831213 ] ] } },
{ "type": "Feature", "properties": { "id": 78565, "nach": 0.48367483219245239 }, "geometry": { "type": "LineString", "coordinates": [ [ -0.2837274, 52.5830583 ], [ -0.2836748, 52.5831565 ] ] } },
{ "type": "Feature", "properties": { "id": 78566, "nach": 0.56915167594538107 }, "geometry": { "type": "LineString", "coordinates": [ [ -0.2837274, 52.5830583 ], [ -0.2839828, 52.5831563 ], [ -0.284078, 52.5832215 ], [ -0.2841249, 52.5832411 ] ] } },
{ "type": "Feature", "properties": { "id": 30222, "nach": 0.57272103392414186 }, "geometry": { "type": "LineString", "coordinates": [ [ -0.2857116, 52.583809 ], [ -0.2854584, 52.5836614 ] ] } },
{ "type": "Feature", "properties": { "id": 83354, "nach": 0.50241348264891539 }, "geometry": { "type": "LineString", "coordinates": [ [ -0.2847769, 52.584060500000014 ], [ -0.2848346, 52.5840122 ], [ -0.2849182, 52.5839312 ], [ -0.2851037, 52.5837969 ], [ -0.2852243, 52.5837533 ], [ -0.2854584, 52.5836614 ] ] } },
{ "type": "Feature", "properties": { "id": 83385, "nach": 0.47668342460436025 }, "geometry": { "type": "LineString", "coordinates": [ [ -0.2857291, 52.583331500000014 ], [ -0.2860123, 52.5832428 ] ] } },
{ "type": "Feature", "properties": { "id": 83389, "nach": 0.51687239567042675 }, "geometry": { "type": "LineString", "coordinates": [ [ -0.2859909, 52.5836601 ], [ -0.2857291, 52.583331500000014 ] ] } },
{ "type": "Feature", "properties": { "id": 30221, "nach": 0.60708187263206337 }, "geometry": { "type": "LineString", "coordinates": [ [ -0.2857116, 52.583809 ], [ -0.2859586, 52.5839157 ] ] } },
{ "type": "Feature", "properties": { "id": 83356, "nach": 0.6723843456372981 }, "geometry": { "type": "LineString", "coordinates": [ [ -0.2850126, 52.584559 ], [ -0.2851634, 52.5843744 ], [ -0.2853092, 52.5841432 ], [ -0.285465, 52.58402 ], [ -0.2857116, 52.583809 ] ] } },
{ "type": "Feature", "properties": { "id": 83390, "nach": 0.6531212253466856 }, "geometry": { "type": "LineString", "coordinates": [ [ -0.2859909, 52.5836601 ], [ -0.2858873, 52.5836934 ], [ -0.2857116, 52.583809 ] ] } },
{ "type": "Feature", "properties": { "id": 83352, "nach": 0.48334268017574894 }, "geometry": { "type": "LineString", "coordinates": [ [ -0.2847769, 52.584060500000014 ], [ -0.2844305, 52.58395 ] ] } },
{ "type": "Feature", "properties": { "id": 83359, "nach": 0.52721367293225907 }, "geometry": { "type": "LineString", "coordinates": [ [ -0.2844644, 52.5843125 ], [ -0.2846449, 52.5841217 ], [ -0.2847264, 52.5841297 ], [ -0.2847769, 52.584060500000014 ] ] } },
{ "type": "Feature", "properties": { "id": 11306, "nach": 0.54236914573143169 }, "geometry": { "type": "LineString", "coordinates": [ [ -0.286299, 52.583999300000016 ], [ -0.2859586, 52.5839157 ] ] } },
{ "type": "Feature", "properties": { "id": 83383, "nach": 0.55055500058947371 }, "geometry": { "type": "LineString", "coordinates": [ [ -0.2857984, 52.5841424 ], [ -0.285868, 52.5840459 ], [ -0.2859586, 52.5839157 ] ] } },
{ "type": "Feature", "properties": { "id": 11308, "nach": 0.52386950223676476 }, "geometry": { "type": "LineString", "coordinates": [ [ -0.2867804, 52.584073600000011 ], [ -0.286299, 52.583999300000016 ] ] } },
{ "type": "Feature", "properties": { "id": 11315, "nach": 0.4326852050229697 }, "geometry": { "type": "LineString", "coordinates": [ [ -0.2864046, 52.583718100000013 ], [ -0.286299, 52.583999300000016 ] ] } },
{ "type": "Feature", "properties": { "id": 83382, "nach": 0.51965761355192208 }, "geometry": { "type": "LineString", "coordinates": [ [ -0.2857984, 52.5841424 ], [ -0.2857921, 52.5841512 ], [ -0.2857255, 52.5843558 ], [ -0.285688, 52.5844696 ] ] } },
{ "type": "Feature", "properties": { "id": 83384, "nach": 0.13526309173007817 }, "geometry": { "type": "LineString", "coordinates": [ [ -0.2857984, 52.5841424 ], [ -0.2859778, 52.5841764 ], [ -0.2860965, 52.5841956 ], [ -0.2862044, 52.5842176 ], [ -0.2865095, 52.5842571 ], [ -0.2866944, 52.5842863 ] ] } },
{ "type": "Feature", "properties": { "id": 11318, "nach": 0.50795782530677858 }, "geometry": { "type": "LineString", "coordinates": [ [ -0.2869161, 52.5837697 ], [ -0.2867804, 52.584073600000011 ] ] } },
{ "type": "Feature", "properties": { "id": 83379, "nach": 0.54170062491127291 }, "geometry": { "type": "LineString", "coordinates": [ [ -0.2866944, 52.5842863 ], [ -0.2867804, 52.584073600000011 ] ] } },
{ "type": "Feature", "properties": { "id": 11319, "nach": 0.49913096726046763 }, "geometry": { "type": "LineString", "coordinates": [ [ -0.2869161, 52.5837697 ], [ -0.2864046, 52.583718100000013 ] ] } },
{ "type": "Feature", "properties": { "id": 30220, "nach": 0.55001800854837801 }, "geometry": { "type": "LineString", "coordinates": [ [ -0.2861874, 52.5835969 ], [ -0.2862646, 52.58368260000001 ], [ -0.2862816, 52.5836999 ], [ -0.2864046, 52.583718100000013 ] ] } },
{ "type": "Feature", "properties": { "id": 83350, "nach": 0.55114651967103134 }, "geometry": { "type": "LineString", "coordinates": [ [ -0.2870061, 52.5835537 ], [ -0.2869793, 52.5836212 ], [ -0.2869161, 52.5837697 ] ] } },
{ "type": "Feature", "properties": { "id": 83380, "nach": 0.50985628023952034 }, "geometry": { "type": "LineString", "coordinates": [ [ -0.2866944, 52.5842863 ], [ -0.2866294, 52.584446900000017 ], [ -0.2867122, 52.5844708 ], [ -0.2866591, 52.5845769 ], [ -0.2865282, 52.584714 ] ] } },
{ "type": "Feature", "properties": { "id": 83374, "nach": 0.46876294298686333 }, "geometry": { "type": "LineString", "coordinates": [ [ -0.286067, 52.5845276 ], [ -0.285688, 52.5844696 ] ] } },
{ "type": "Feature", "properties": { "id": 83378, "nach": 0.17803697246099015 }, "geometry": { "type": "LineString", "coordinates": [ [ -0.2865282, 52.584714 ], [ -0.2856405, 52.584579 ], [ -0.285688, 52.5844696 ] ] } },
{ "type": "Feature", "properties": { "id": 83376, "nach": 0.46041920402348124 }, "geometry": { "type": "LineString", "coordinates": [ [ -0.2865282, 52.584714 ], [ -0.2864846, 52.58488220000001 ] ] } },
{ "type": "Feature", "properties": { "id": 83388, "nach": 0.65249329473412754 }, "geometry": { "type": "LineString", "coordinates": [ [ -0.2859909, 52.5836601 ], [ -0.2861874, 52.5835969 ] ] } },
{ "type": "Feature", "properties": { "id": 83344, "nach": 0.64563081265447031 }, "geometry": { "type": "LineString", "coordinates": [ [ -0.2865321, 52.583137400000012 ], [ -0.2865596, 52.583272499999985 ], [ -0.2865196, 52.583426900000013 ], [ -0.286386, 52.5835099 ], [ -0.2861874, 52.5835969 ] ] } },
{ "type": "Feature", "properties": { "id": 83349, "nach": 0.55362388163027043 }, "geometry": { "type": "LineString", "coordinates": [ [ -0.2870061, 52.5835537 ], [ -0.2870495, 52.5834442 ], [ -0.2870835, 52.5832997 ], [ -0.2870849, 52.58325 ], [ -0.2870594, 52.5832165 ], [ -0.2870111, 52.583197 ], [ -0.2865321, 52.583137400000012 ] ] } },
{ "type": "Feature", "properties": { "id": 83348, "nach": 0.47129195705862881 }, "geometry": { "type": "LineString", "coordinates": [ [ -0.2870061, 52.5835537 ], [ -0.2873558, 52.5835995 ] ] } },
{ "type": "Feature", "properties": { "id": 54443, "nach": 0.46779569448912905 }, "geometry": { "type": "LineString", "coordinates": [ [ -0.2871072, 52.582717 ], [ -0.2875584, 52.5827228 ] ] } },
{ "type": "Feature", "properties": { "id": 54446, "nach": 0.46383582694425679 }, "geometry": { "type": "LineString", "coordinates": [ [ -0.287109, 52.5822895 ], [ -0.2871072, 52.582717 ] ] } },
{ "type": "Feature", "properties": { "id": 78538, "nach": 0.67672989352256796 }, "geometry": { "type": "LineString", "coordinates": [ [ -0.2860686, 52.5826921 ], [ -0.2860817, 52.5821121 ], [ -0.286077, 52.5818921 ] ] } },
{ "type": "Feature", "properties": { "id": 38275, "nach": 0.62233083284578283 }, "geometry": { "type": "LineString", "coordinates": [ [ -0.290147, 52.5784031 ], [ -0.290302, 52.578482 ], [ -0.2904383, 52.5785454 ], [ -0.29059, 52.5785897 ], [ -0.2907024, 52.5786079 ] ] } },
{ "type": "Feature", "properties": { "id": 44514, "nach": 0.60585275291379204 }, "geometry": { "type": "LineString", "coordinates": [ [ -0.2905263, 52.5781935 ], [ -0.2904605, 52.57822310000001 ], [ -0.2903699, 52.5782722 ], [ -0.2902771, 52.5783325 ], [ -0.2901987, 52.5783754 ], [ -0.290147, 52.5784031 ] ] } },
{ "type": "Feature", "properties": { "id": 54148, "nach": 0.61615052338915299 }, "geometry": { "type": "LineString", "coordinates": [ [ -0.2887814, 52.579329800000011 ], [ -0.2887915, 52.5793183 ], [ -0.2888612, 52.5792351 ], [ -0.2891245, 52.578986100000016 ], [ -0.2895474, 52.5786764 ], [ -0.2897527, 52.5785452 ], [ -0.2898837, 52.5784613 ], [ -0.2899226, 52.5784484 ], [ -0.2899934, 52.5784419 ], [ -0.2900411, 52.578441900000023 ], [ -0.2900925, 52.57843230000001 ], [ -0.290147, 52.5784031 ] ] } },
{ "type": "Feature", "properties": { "id": 18028, "nach": 0.65259418909105271 }, "geometry": { "type": "LineString", "coordinates": [ [ -0.2896019, 52.5785477 ], [ -0.2893689, 52.5787081 ], [ -0.2890504, 52.5789628 ], [ -0.2887828, 52.5792035 ], [ -0.2885382, 52.5794771 ], [ -0.2883519, 52.5797743 ] ] } },
{ "type": "Feature", "properties": { "id": 18035, "nach": 0.66033508643966987 }, "geometry": { "type": "LineString", "coordinates": [ [ -0.2891543, 52.578305500000013 ], [ -0.2893915, 52.5784201 ], [ -0.2896019, 52.5785477 ] ] } },
{ "type": "Feature", "properties": { "id": 11413, "nach": 0.55217581548003591 }, "geometry": { "type": "LineString", "coordinates": [ [ -0.2908668, 52.578936700000014 ], [ -0.2908114, 52.5788555 ], [ -0.2907812, 52.5788029 ], [ -0.290722, 52.5786345 ], [ -0.2907024, 52.5786079 ] ] } },
{ "type": "Feature", "properties": { "id": 29375, "nach": 0.59822964179835814 }, "geometry": { "type": "LineString", "coordinates": [ [ -0.291276, 52.5783615 ], [ -0.2912072, 52.5783935 ], [ -0.2907024, 52.5786079 ] ] } },
{ "type": "Feature", "properties": { "id": 11417, "nach": 0.49721508126799069 }, "geometry": { "type": "LineString", "coordinates": [ [ -0.2910689, 52.5791348 ], [ -0.2909942, 52.5790389 ], [ -0.2909249, 52.5789884 ], [ -0.2908668, 52.578936700000014 ] ] } },
{ "type": "Feature", "properties": { "id": 11436, "nach": 0.46020601029364677 }, "geometry": { "type": "LineString", "coordinates": [ [ -0.2902217, 52.5790994 ], [ -0.290158, 52.5790809 ], [ -0.2901054, 52.579054 ], [ -0.2900749, 52.5790187 ], [ -0.2900777, 52.57897830000001 ], [ -0.2901248, 52.5789177 ], [ -0.2901691, 52.5788874 ], [ -0.2902245, 52.5788774 ], [ -0.2903186, 52.5788992 ], [ -0.2905013, 52.578973299999987 ], [ -0.2906176, 52.57900690000001 ], [ -0.2906647, 52.57900690000001 ], [ -0.2907173, 52.5789901 ], [ -0.2908668, 52.578936700000014 ] ] } },
{ "type": "Feature", "properties": { "id": 29376, "nach": 0.61892427473462608 }, "geometry": { "type": "LineString", "coordinates": [ [ -0.291276, 52.5783615 ], [ -0.2912145, 52.5783317 ], [ -0.2911669, 52.5783102 ] ] } },
{ "type": "Feature", "properties": { "id": 45490, "nach": 0.65274084609601379 }, "geometry": { "type": "LineString", "coordinates": [ [ -0.2914278, 52.5784455 ], [ -0.291276, 52.5783615 ] ] } },
{ "type": "Feature", "properties": { "id": 45489, "nach": 0.56139169398472832 }, "geometry": { "type": "LineString", "coordinates": [ [ -0.2914278, 52.5784455 ], [ -0.2910689, 52.5791348 ] ] } },
{ "type": "Feature", "properties": { "id": 11420, "nach": 0.57204488631345507 }, "geometry": { "type": "LineString", "coordinates": [ [ -0.29105, 52.5793298 ], [ -0.2910412, 52.5793047 ], [ -0.2910578, 52.5792424 ], [ -0.2910772, 52.5791819 ], [ -0.2910689, 52.5791348 ] ] } },
{ "type": "Feature", "properties": { "id": 11435, "nach": 0.46176906071648616 }, "geometry": { "type": "LineString", "coordinates": [ [ -0.2918552, 52.5791634 ], [ -0.2918774, 52.5791449 ], [ -0.2918968, 52.5791095 ], [ -0.2918885, 52.5790742 ], [ -0.291858, 52.5790338 ], [ -0.2918054, 52.5789968 ], [ -0.2917445, 52.5789783 ], [ -0.2916614, 52.5789867 ], [ -0.291593, 52.5790143 ], [ -0.2914348, 52.5790891 ], [ -0.2913818, 52.57910780000001 ], [ -0.2913153, 52.5791196 ], [ -0.2911769, 52.5791314 ], [ -0.2910689, 52.5791348 ] ] } },
{ "type": "Feature", "properties": { "id": 11422, "nach": 0.45244803840416431 }, "geometry": { "type": "LineString", "coordinates": [ [ -0.2924007, 52.5794999 ], [ -0.2924505, 52.5795503 ], [ -0.2924588, 52.579589 ], [ -0.2924422, 52.5796227 ], [ -0.2924145, 52.5796429 ], [ -0.2919134, 52.5798717 ], [ -0.2918608, 52.5798851 ], [ -0.2918137, 52.5798919 ], [ -0.29175, 52.5798835 ], [ -0.2916697, 52.5798448 ], [ -0.2910739, 52.5793573 ], [ -0.29105, 52.5793298 ] ] } },
{ "type": "Feature", "properties": { "id": 11424, "nach": 0.55827578094212382 }, "geometry": { "type": "LineString", "coordinates": [ [ -0.2906121, 52.5796227 ], [ -0.2906398, 52.5795806 ], [ -0.2906896, 52.5794999 ], [ -0.2907976, 52.5794141 ], [ -0.2908595, 52.5793719 ], [ -0.2909366, 52.5793468 ], [ -0.29105, 52.5793298 ] ] } },
{ "type": "Feature", "properties": { "id": 11427, "nach": 0.53846104262638572 }, "geometry": { "type": "LineString", "coordinates": [ [ -0.2907173, 52.5798431 ], [ -0.2906564, 52.5797573 ], [ -0.2906121, 52.5796816 ], [ -0.2906121, 52.5796227 ] ] } },
{ "type": "Feature", "properties": { "id": 11433, "nach": 0.5408687047048526 }, "geometry": { "type": "LineString", "coordinates": [ [ -0.2894935, 52.5795874 ], [ -0.2894907, 52.579632800000013 ], [ -0.2895073, 52.5796748 ], [ -0.2895433, 52.5797085 ], [ -0.2895821, 52.5797236 ], [ -0.2896486, 52.5797253 ], [ -0.2898091, 52.5797018 ], [ -0.2903158, 52.57962770000001 ], [ -0.290457, 52.5796193 ], [ -0.2906121, 52.5796227 ] ] } },
{ "type": "Feature", "properties": { "id": 11429, "nach": 0.45773258117197757 }, "geometry": { "type": "LineString", "coordinates": [ [ -0.2911852, 52.5803882 ], [ -0.2911907, 52.5802654 ], [ -0.2911741, 52.5802099 ], [ -0.2911492, 52.580179600000015 ], [ -0.2910689, 52.5801207 ], [ -0.290828, 52.5799373 ], [ -0.2907173, 52.5798431 ] ] } },
{ "type": "Feature", "properties": { "id": 11430, "nach": 0.46243061524374873 }, "geometry": { "type": "LineString", "coordinates": [ [ -0.2905096, 52.5800568 ], [ -0.2904819, 52.580014700000014 ], [ -0.290493, 52.579974300000011 ], [ -0.2905235, 52.579930599999983 ], [ -0.2905705, 52.579902 ], [ -0.2906315, 52.5798717 ], [ -0.2907173, 52.5798431 ] ] } },
{ "type": "Feature", "properties": { "id": 54147, "nach": 0.56811567223605519 }, "geometry": { "type": "LineString", "coordinates": [ [ -0.2887814, 52.579329800000011 ], [ -0.2894935, 52.5795874 ] ] } },
{ "type": "Feature", "properties": { "id": 11434, "nach": 0.47114012075630363 }, "geometry": { "type": "LineString", "coordinates": [ [ -0.2896679, 52.5795335 ], [ -0.2895683, 52.5795335 ], [ -0.289524, 52.5795453 ], [ -0.2894935, 52.5795874 ] ] } },
{ "type": "Feature", "properties": { "id": 54149, "nach": 0.63544321225735878 }, "geometry": { "type": "LineString", "coordinates": [ [ -0.2887814, 52.579329800000011 ], [ -0.2886211, 52.579512200000011 ], [ -0.2885045, 52.5796988 ], [ -0.2883636, 52.579945 ], [ -0.2882497, 52.5802123 ], [ -0.288215, 52.5803118 ] ] } },
{ "type": "Feature", "properties": { "id": 36852, "nach": 0.43445534382723122 }, "geometry": { "type": "LineString", "coordinates": [ [ -0.2962761, 52.5758445 ], [ -0.2962425, 52.5759779 ], [ -0.296216, 52.5760338 ], [ -0.2961788, 52.5760876 ], [ -0.2961204, 52.5761446 ], [ -0.2960425, 52.576207 ], [ -0.2958833, 52.5763102 ], [ -0.2955913, 52.5765629 ] ] } },
{ "type": "Feature", "properties": { "id": 44516, "nach": 0.49760510781187584 }, "geometry": { "type": "LineString", "coordinates": [ [ -0.2948664, 52.5770136 ], [ -0.2949161, 52.5770398 ], [ -0.2949752, 52.5769909 ], [ -0.2954392, 52.5766747 ], [ -0.2955913, 52.5765629 ] ] } },
{ "type": "Feature", "properties": { "id": 44515, "nach": 0.43678896601608169 }, "geometry": { "type": "LineString", "coordinates": [ [ -0.2948664, 52.5770136 ], [ -0.2949054, 52.5769795 ] ] } },
{ "type": "Feature", "properties": { "id": 38271, "nach": 0.64340477626785753 }, "geometry": { "type": "LineString", "coordinates": [ [ -0.288215, 52.5803118 ], [ -0.2883795, 52.5803373 ], [ -0.2885957, 52.5803648 ] ] } },
{ "type": "Feature", "properties": { "id": 54144, "nach": 0.6337566036938802 }, "geometry": { "type": "LineString", "coordinates": [ [ -0.2881128, 52.5815774 ], [ -0.2881196, 52.581168100000014 ], [ -0.2881209, 52.5809302 ], [ -0.2881196, 52.5808137 ], [ -0.2881638, 52.5805781 ], [ -0.2881933, 52.5803744 ], [ -0.288215, 52.5803118 ] ] } },
{ "type": "Feature", "properties": { "id": 18055, "nach": 0.63118609447383944 }, "geometry": { "type": "LineString", "coordinates": [ [ -0.2876848, 52.5795903 ], [ -0.2883519, 52.5797743 ] ] } },
{ "type": "Feature", "properties": { "id": 11449, "nach": 0.61382338954796234 }, "geometry": { "type": "LineString", "coordinates": [ [ -0.2891234, 52.5807981 ], [ -0.2890768, 52.5807792 ], [ -0.2890435, 52.5807496 ], [ -0.2889991, 52.5806768 ], [ -0.2889548, 52.5805905 ], [ -0.2888483, 52.5804799 ], [ -0.2887462, 52.580417900000015 ], [ -0.2885957, 52.5803648 ] ] } },
{ "type": "Feature", "properties": { "id": 11455, "nach": 0.5488217028065796 }, "geometry": { "type": "LineString", "coordinates": [ [ -0.288841, 52.5800628 ], [ -0.2887603, 52.5800844 ], [ -0.2887377, 52.5800961 ], [ -0.2886893, 52.580151 ], [ -0.2885957, 52.5803648 ] ] } },
{ "type": "Feature", "properties": { "id": 64880, "nach": 0.53799483845705243 }, "geometry": { "type": "LineString", "coordinates": [ [ -0.2889569, 52.5809644 ], [ -0.2891234, 52.5807981 ] ] } },
{ "type": "Feature", "properties": { "id": 63210, "nach": 0.57101646427066743 }, "geometry": { "type": "LineString", "coordinates": [ [ -0.2895662, 52.5807612 ], [ -0.2895005, 52.5807765 ], [ -0.289323, 52.5808102 ], [ -0.2892165, 52.5808116 ], [ -0.2891234, 52.5807981 ] ] } },
{ "type": "Feature", "properties": { "id": 11457, "nach": 0.47302589797592026 }, "geometry": { "type": "LineString", "coordinates": [ [ -0.2890314, 52.5800118 ], [ -0.288841, 52.5800628 ] ] } },
{ "type": "Feature", "properties": { "id": 67152, "nach": 0.46919663352761937 }, "geometry": { "type": "LineString", "coordinates": [ [ -0.2893904, 52.580175 ], [ -0.2890848, 52.5801241 ], [ -0.288841, 52.5800628 ] ] } },
{ "type": "Feature", "properties": { "id": 64881, "nach": 0.45731691539924224 }, "geometry": { "type": "LineString", "coordinates": [ [ -0.2889569, 52.5809644 ], [ -0.2888671, 52.581054200000011 ], [ -0.2888427, 52.5810879 ], [ -0.2888405, 52.5811162 ], [ -0.2888494, 52.5811459 ], [ -0.2888871, 52.581216 ], [ -0.2889164, 52.5812597 ], [ -0.2889606, 52.581293 ], [ -0.2890527, 52.5813371 ], [ -0.2891606, 52.5813823 ], [ -0.2892597, 52.5814027 ] ] } },
{ "type": "Feature", "properties": { "id": 64883, "nach": 0.45968185257279232 }, "geometry": { "type": "LineString", "coordinates": [ [ -0.2895974, 52.5811233 ], [ -0.2894526, 52.5810675 ], [ -0.2893849, 52.5810718 ], [ -0.2892954, 52.5810826 ], [ -0.289265, 52.581083100000015 ], [ -0.2891889, 52.5810603 ], [ -0.2889569, 52.5809644 ] ] } },
{ "type": "Feature", "properties": { "id": 63209, "nach": 0.53300832177610014 }, "geometry": { "type": "LineString", "coordinates": [ [ -0.2895662, 52.5807612 ], [ -0.2896159, 52.5807496 ], [ -0.2896835, 52.5807347 ], [ -0.2897634, 52.5807267 ], [ -0.2898089, 52.5807223 ] ] } },
{ "type": "Feature", "properties": { "id": 63211, "nach": 0.45968191881561127 }, "geometry": { "type": "LineString", "coordinates": [ [ -0.2894189, 52.5804133 ], [ -0.2895662, 52.5807612 ] ] } },
{ "type": "Feature", "properties": { "id": 64893, "nach": 0.45053007271560108 }, "geometry": { "type": "LineString", "coordinates": [ [ -0.2903312, 52.5807939 ], [ -0.2902277, 52.5807352 ], [ -0.2902099, 52.5806996 ], [ -0.290301, 52.580638 ], [ -0.2903228, 52.5805703 ], [ -0.2902772, 52.5805481 ], [ -0.2901672, 52.5805056 ], [ -0.2900785, 52.5805986 ], [ -0.2900119, 52.580655200000017 ], [ -0.2899431, 52.5806929 ], [ -0.2898627, 52.5807135 ], [ -0.2898089, 52.5807223 ] ] } },
{ "type": "Feature", "properties": { "id": 11453, "nach": 0.45671319645306069 }, "geometry": { "type": "LineString", "coordinates": [ [ -0.2901228, 52.5810071 ], [ -0.2900052, 52.5809397 ], [ -0.2899209, 52.5808925 ], [ -0.2898743, 52.5808561 ], [ -0.2898499, 52.580817 ], [ -0.2898211, 52.5807526 ], [ -0.2898089, 52.5807223 ] ] } },
{ "type": "Feature", "properties": { "id": 41996, "nach": 0.66577066151915243 }, "geometry": { "type": "LineString", "coordinates": [ [ -0.2886749, 52.58304720000001 ], [ -0.2892453, 52.5831826 ] ] } },
{ "type": "Feature", "properties": { "id": 41999, "nach": 0.5724209570327301 }, "geometry": { "type": "LineString", "coordinates": [ [ -0.2886749, 52.58304720000001 ], [ -0.2886472, 52.5830794 ], [ -0.2885212, 52.58308430000001 ], [ -0.288438, 52.5831315 ], [ -0.28832, 52.5831788 ], [ -0.2881564, 52.5832587 ], [ -0.2879907, 52.5834025 ], [ -0.2879553, 52.5834606 ], [ -0.2878881, 52.5835681 ], [ -0.2878739, 52.5836305 ], [ -0.2878527, 52.5837208 ], [ -0.287743, 52.5838649 ], [ -0.2880028, 52.5839511 ], [ -0.288196, 52.5840154 ] ] } },
{ "type": "Feature", "properties": { "id": 41998, "nach": 0.57205385638410211 }, "geometry": { "type": "LineString", "coordinates": [ [ -0.2886749, 52.58304720000001 ], [ -0.2887051, 52.5830016 ], [ -0.2887161, 52.5829698 ], [ -0.2887056, 52.5829433 ], [ -0.2886863, 52.5829228 ], [ -0.2885883, 52.5828679 ], [ -0.2885232, 52.5828227 ], [ -0.2885033, 52.5827776 ], [ -0.2883927, 52.5820502 ] ] } },
{ "type": "Feature", "properties": { "id": 11517, "nach": 0.58671679583107816 }, "geometry": { "type": "LineString", "coordinates": [ [ -0.2893695, 52.5828807 ], [ -0.2892453, 52.5831826 ] ] } },
{ "type": "Feature", "properties": { "id": 45484, "nach": 0.63649257280988925 }, "geometry": { "type": "LineString", "coordinates": [ [ -0.2897005, 52.5833602 ], [ -0.2895647, 52.5833012 ], [ -0.2892453, 52.5831826 ] ] } },
{ "type": "Feature", "properties": { "id": 11521, "nach": 0.55779354700963779 }, "geometry": { "type": "LineString", "coordinates": [ [ -0.2893907, 52.5828373 ], [ -0.2893695, 52.5828807 ] ] } },
{ "type": "Feature", "properties": { "id": 11519, "nach": 0.47036356392053619 }, "geometry": { "type": "LineString", "coordinates": [ [ -0.2887749, 52.58275660000001 ], [ -0.2893695, 52.5828807 ] ] } },
{ "type": "Feature", "properties": { "id": 45483, "nach": 0.63226347729952992 }, "geometry": { "type": "LineString", "coordinates": [ [ -0.2897005, 52.5833602 ], [ -0.2898132, 52.5834091 ], [ -0.2900719, 52.5835077 ], [ -0.2902569, 52.5835431 ], [ -0.2903824, 52.58356520000001 ] ] } },
{ "type": "Feature", "properties": { "id": 45485, "nach": 0.49149883338182132 }, "geometry": { "type": "LineString", "coordinates": [ [ -0.2897005, 52.5833602 ], [ -0.2900857, 52.5828134 ], [ -0.2902492, 52.582699300000016 ], [ -0.2903152, 52.5824846 ] ] } },
{ "type": "Feature", "properties": { "id": 11467, "nach": 0.60322050309335395 }, "geometry": { "type": "LineString", "coordinates": [ [ -0.2911976, 52.5835115 ], [ -0.2908959, 52.5835655 ], [ -0.2906385, 52.583574699999986 ], [ -0.2903824, 52.58356520000001 ] ] } },
{ "type": "Feature", "properties": { "id": 11504, "nach": 0.60433805589635614 }, "geometry": { "type": "LineString", "coordinates": [ [ -0.2903615, 52.5838396 ], [ -0.2903653, 52.5837303 ], [ -0.2903824, 52.58356520000001 ] ] } },
{ "type": "Feature", "properties": { "id": 11471, "nach": 0.58669271808663637 }, "geometry": { "type": "LineString", "coordinates": [ [ -0.2918188, 52.5831988 ], [ -0.2916058, 52.5833552 ], [ -0.2914372, 52.5834307 ], [ -0.2911976, 52.5835115 ] ] } },
{ "type": "Feature", "properties": { "id": 11501, "nach": 0.44189371399183924 }, "geometry": { "type": "LineString", "coordinates": [ [ -0.2919963, 52.58353850000001 ], [ -0.2917478, 52.5837218 ], [ -0.2916413, 52.5837326 ], [ -0.2915171, 52.5837056 ], [ -0.2911976, 52.5835115 ] ] } },
{ "type": "Feature", "properties": { "id": 11512, "nach": 0.50926621948106732 }, "geometry": { "type": "LineString", "coordinates": [ [ -0.2909492, 52.5840538 ], [ -0.2903615, 52.5838396 ] ] } },
{ "type": "Feature", "properties": { "id": 11506, "nach": 0.59729463012253015 }, "geometry": { "type": "LineString", "coordinates": [ [ -0.2900661, 52.5840968 ], [ -0.2901333, 52.584066 ], [ -0.2903056, 52.5839135 ], [ -0.2903615, 52.5838396 ] ] } },
{ "type": "Feature", "properties": { "id": 11473, "nach": 0.5307569406500795 }, "geometry": { "type": "LineString", "coordinates": [ [ -0.2920052, 52.58304780000001 ], [ -0.2918188, 52.5831988 ] ] } },
{ "type": "Feature", "properties": { "id": 11482, "nach": 0.54286322023511835 }, "geometry": { "type": "LineString", "coordinates": [ [ -0.2913573, 52.5830478 ], [ -0.2918188, 52.5831988 ] ] } },
{ "type": "Feature", "properties": { "id": 11475, "nach": 0.48559615222172531 }, "geometry": { "type": "LineString", "coordinates": [ [ -0.2924311, 52.5825032 ], [ -0.2920052, 52.58304780000001 ] ] } },
{ "type": "Feature", "properties": { "id": 11480, "nach": 0.42439827800753588 }, "geometry": { "type": "LineString", "coordinates": [ [ -0.2926352, 52.583031600000012 ], [ -0.2924708, 52.5832046 ], [ -0.2920052, 52.58304780000001 ] ] } },
{ "type": "Feature", "properties": { "id": 11484, "nach": 0.53269536927683714 }, "geometry": { "type": "LineString", "coordinates": [ [ -0.2907805, 52.5828861 ], [ -0.2913573, 52.5830478 ] ] } },
{ "type": "Feature", "properties": { "id": 11496, "nach": 0.50442895347198746 }, "geometry": { "type": "LineString", "coordinates": [ [ -0.2917034, 52.5826865 ], [ -0.2913573, 52.5830478 ] ] } },
{ "type": "Feature", "properties": { "id": 11478, "nach": 0.40493751915133652 }, "geometry": { "type": "LineString", "coordinates": [ [ -0.2922625, 52.5821419 ], [ -0.2920939, 52.5823414 ], [ -0.2921117, 52.5824008 ], [ -0.2924311, 52.5825032 ] ] } },
{ "type": "Feature", "properties": { "id": 11479, "nach": 0.40134922826240982 }, "geometry": { "type": "LineString", "coordinates": [ [ -0.2931766, 52.5823414 ], [ -0.2930346, 52.5825733 ], [ -0.292937, 52.5826057 ], [ -0.2924311, 52.5825032 ] ] } },
{ "type": "Feature", "properties": { "id": 11491, "nach": 0.50549724086566883 }, "geometry": { "type": "LineString", "coordinates": [ [ -0.2906467, 52.5832579 ], [ -0.2907805, 52.5828861 ] ] } },
{ "type": "Feature", "properties": { "id": 11489, "nach": 0.53374305124067489 }, "geometry": { "type": "LineString", "coordinates": [ [ -0.2908784, 52.58248 ], [ -0.2907805, 52.5828861 ] ] } },
{ "type": "Feature", "properties": { "id": 11500, "nach": 0.42794184353671366 }, "geometry": { "type": "LineString", "coordinates": [ [ -0.2918011, 52.5827135 ], [ -0.2917034, 52.5826865 ] ] } },
{ "type": "Feature", "properties": { "id": 11499, "nach": 0.42794184353671366 }, "geometry": { "type": "LineString", "coordinates": [ [ -0.2915969, 52.5826596 ], [ -0.2917034, 52.5826865 ] ] } },
{ "type": "Feature", "properties": { "id": 11495, "nach": 0.42869257061576899 }, "geometry": { "type": "LineString", "coordinates": [ [ -0.2907628, 52.5832635 ], [ -0.2906467, 52.5832579 ] ] } },
{ "type": "Feature", "properties": { "id": 11494, "nach": 0.42896987338771725 }, "geometry": { "type": "LineString", "coordinates": [ [ -0.2905409, 52.5832527 ], [ -0.2906467, 52.5832579 ] ] } },
{ "type": "Feature", "properties": { "id": 11488, "nach": 0.44160096672989235 }, "geometry": { "type": "LineString", "coordinates": [ [ -0.2908784, 52.58248 ], [ -0.2905498, 52.5824601 ] ] } },
{ "type": "Feature", "properties": { "id": 45479, "nach": 0.55523757667885953 }, "geometry": { "type": "LineString", "coordinates": [ [ -0.2904246, 52.5821516 ], [ -0.2914026, 52.5822538 ], [ -0.2913165, 52.5824979 ], [ -0.2912805, 52.5825676 ], [ -0.2911741, 52.5825626 ], [ -0.291171, 52.5824978 ], [ -0.2908784, 52.58248 ] ] } },
{ "type": "Feature", "properties": { "id": 45477, "nach": 0.59563957923864796 }, "geometry": { "type": "LineString", "coordinates": [ [ -0.2904246, 52.5821516 ], [ -0.2902744, 52.5821082 ] ] } },
{ "type": "Feature", "properties": { "id": 45480, "nach": 0.52967494351157041 }, "geometry": { "type": "LineString", "coordinates": [ [ -0.2903152, 52.5824846 ], [ -0.2904246, 52.5821516 ] ] } },
{ "type": "Feature", "properties": { "id": 11515, "nach": 0.45988986056022635 }, "geometry": { "type": "LineString", "coordinates": [ [ -0.2910594, 52.5839698 ], [ -0.2909492, 52.5840538 ] ] } },
{ "type": "Feature", "properties": { "id": 54123, "nach": 0.11167223095949222 }, "geometry": { "type": "LineString", "coordinates": [ [ -0.2900085, 52.584704299999984 ], [ -0.2904419, 52.584835700000014 ], [ -0.29066, 52.5846779 ], [ -0.2906276, 52.5843154 ], [ -0.290754, 52.5842187 ], [ -0.2909492, 52.5840538 ] ] } },
{ "type": "Feature", "properties": { "id": 54128, "nach": 0.59131896043019183 }, "geometry": { "type": "LineString", "coordinates": [ [ -0.2894134, 52.5839002 ], [ -0.289976, 52.584095300000016 ], [ -0.2900661, 52.5840968 ] ] } },
{ "type": "Feature", "properties": { "id": 54124, "nach": 0.41520061839517453 }, "geometry": { "type": "LineString", "coordinates": [ [ -0.2900085, 52.584704299999984 ], [ -0.2901339, 52.58456910000001 ], [ -0.2901885, 52.5844937 ], [ -0.290224, 52.5844305 ], [ -0.2902126, 52.5843635 ], [ -0.2900661, 52.5840968 ] ] } },
{ "type": "Feature", "properties": { "id": 54125, "nach": 0.53384756928324062 }, "geometry": { "type": "LineString", "coordinates": [ [ -0.2894134, 52.5839002 ], [ -0.2888827, 52.583697 ] ] } },
{ "type": "Feature", "properties": { "id": 54131, "nach": 0.5930949102968599 }, "geometry": { "type": "LineString", "coordinates": [ [ -0.2889906, 52.5843056 ], [ -0.2894134, 52.5839002 ] ] } },
{ "type": "Feature", "properties": { "id": 67337, "nach": 0.46337996808416027 }, "geometry": { "type": "LineString", "coordinates": [ [ -0.2896382, 52.5836633 ], [ -0.2894134, 52.5839002 ] ] } },
{ "type": "Feature", "properties": { "id": 54129, "nach": 0.41752037547663362 }, "geometry": { "type": "LineString", "coordinates": [ [ -0.2889906, 52.5843056 ], [ -0.2900085, 52.584704299999984 ] ] } },
{ "type": "Feature", "properties": { "id": 11511, "nach": 0.45321745686119563 }, "geometry": { "type": "LineString", "coordinates": [ [ -0.2885869, 52.5839783 ], [ -0.2888827, 52.583697 ] ] } },
{ "type": "Feature", "properties": { "id": 68666, "nach": 0.45804450519878492 }, "geometry": { "type": "LineString", "coordinates": [ [ -0.288978, 52.5835877 ], [ -0.2888827, 52.583697 ] ] } },
{ "type": "Feature", "properties": { "id": 68668, "nach": 0.0 }, "geometry": { "type": "LineString", "coordinates": [ [ -0.288978, 52.5835877 ], [ -0.2887217, 52.5834898 ], [ -0.2888226, 52.5833876 ], [ -0.2890792, 52.58348440000001 ], [ -0.288978, 52.5835877 ] ] } },
{ "type": "Feature", "properties": { "id": 11524, "nach": 0.50862928188104695 }, "geometry": { "type": "LineString", "coordinates": [ [ -0.2895157, 52.5824936 ], [ -0.2893907, 52.5828373 ] ] } },
{ "type": "Feature", "properties": { "id": 11523, "nach": 0.47102598737710993 }, "geometry": { "type": "LineString", "coordinates": [ [ -0.2897964, 52.5829387 ], [ -0.2893907, 52.5828373 ] ] } },
{ "type": "Feature", "properties": { "id": 11527, "nach": 0.46596906221592527 }, "geometry": { "type": "LineString", "coordinates": [ [ -0.2891178, 52.5824411 ], [ -0.2895157, 52.5824936 ] ] } },
{ "type": "Feature", "properties": { "id": 45481, "nach": 0.45963280692560154 }, "geometry": { "type": "LineString", "coordinates": [ [ -0.2903152, 52.5824846 ], [ -0.290226, 52.5824572 ], [ -0.2901309, 52.5823951 ], [ -0.289689, 52.5823368 ], [ -0.2896166, 52.58234680000001 ], [ -0.2895445, 52.582402300000012 ], [ -0.2895157, 52.5824936 ] ] } },
{ "type": "Feature", "properties": { "id": 74134, "nach": 0.6508528564141195 }, "geometry": { "type": "LineString", "coordinates": [ [ -0.286992, 52.58103710000001 ], [ -0.2870088, 52.5810729 ] ] } },
{ "type": "Feature", "properties": { "id": 74137, "nach": 0.47710018373130941 }, "geometry": { "type": "LineString", "coordinates": [ [ -0.2875519, 52.581019 ], [ -0.2871947, 52.5810124 ], [ -0.286992, 52.58103710000001 ] ] } },
{ "type": "Feature", "properties": { "id": 77147, "nach": 0.68606743294174688 }, "geometry": { "type": "LineString", "coordinates": [ [ -0.2858148, 52.58071990000002 ], [ -0.2863067, 52.580791 ] ] } },
{ "type": "Feature", "properties": { "id": 45473, "nach": 0.65681389448073013 }, "geometry": { "type": "LineString", "coordinates": [ [ -0.2863538, 52.580748599999986 ], [ -0.2863067, 52.580791 ] ] } },
{ "type": "Feature", "properties": { "id": 30197, "nach": 0.66463892503350508 }, "geometry": { "type": "LineString", "coordinates": [ [ -0.2860807, 52.5814029 ], [ -0.2861801, 52.5810921 ], [ -0.2862742, 52.5808202 ], [ -0.2863067, 52.580791 ] ] } },
{ "type": "Feature", "properties": { "id": 88501, "nach": 0.68267346149470109 }, "geometry": { "type": "LineString", "coordinates": [ [ -0.2864178, 52.580623 ], [ -0.2863538, 52.580748599999986 ] ] } },
{ "type": "Feature", "properties": { "id": 78596, "nach": 0.52771506663863377 }, "geometry": { "type": "LineString", "coordinates": [ [ -0.2858311, 52.580677 ], [ -0.2863538, 52.580748599999986 ] ] } },
{ "type": "Feature", "properties": { "id": 77146, "nach": 0.68019258444951691 }, "geometry": { "type": "LineString", "coordinates": [ [ -0.2858148, 52.58071990000002 ], [ -0.2855247, 52.5806766 ] ] } },
{ "type": "Feature", "properties": { "id": 67157, "nach": 0.65451551583349576 }, "geometry": { "type": "LineString", "coordinates": [ [ -0.2854044, 52.5809225 ], [ -0.2855247, 52.5806766 ] ] } },
{ "type": "Feature", "properties": { "id": 78531, "nach": 0.58880215518643608 }, "geometry": { "type": "LineString", "coordinates": [ [ -0.2849259, 52.5805257 ], [ -0.2852341, 52.5806157 ], [ -0.2855247, 52.5806766 ] ] } },
{ "type": "Feature", "properties": { "id": 78595, "nach": 0.47293162990982929 }, "geometry": { "type": "LineString", "coordinates": [ [ -0.2858311, 52.580677 ], [ -0.2858148, 52.58071990000002 ] ] } },
{ "type": "Feature", "properties": { "id": 67158, "nach": 0.64456376944397142 }, "geometry": { "type": "LineString", "coordinates": [ [ -0.2854044, 52.5809225 ], [ -0.2853433, 52.5810472 ], [ -0.2852596, 52.5810989 ] ] } },
{ "type": "Feature", "properties": { "id": 67159, "nach": 0.4660433123707835 }, "geometry": { "type": "LineString", "coordinates": [ [ -0.285907, 52.5810096 ], [ -0.2854044, 52.5809225 ] ] } },
{ "type": "Feature", "properties": { "id": 78530, "nach": 0.58810576534167769 }, "geometry": { "type": "LineString", "coordinates": [ [ -0.2849259, 52.5805257 ], [ -0.2845124, 52.580397100000013 ] ] } },
{ "type": "Feature", "properties": { "id": 78532, "nach": 0.44201309016715301 }, "geometry": { "type": "LineString", "coordinates": [ [ -0.2849259, 52.5805257 ], [ -0.2849173, 52.5805497 ], [ -0.2850964, 52.5806613 ], [ -0.2849301, 52.5809991 ], [ -0.2852596, 52.5810989 ] ] } },
{ "type": "Feature", "properties": { "id": 78641, "nach": 0.56102049606628412 }, "geometry": { "type": "LineString", "coordinates": [ [ -0.2844271, 52.5804997 ], [ -0.2845124, 52.580397100000013 ] ] } },
{ "type": "Feature", "properties": { "id": 78519, "nach": 0.55591502996657849 }, "geometry": { "type": "LineString", "coordinates": [ [ -0.2845528, 52.5802008 ], [ -0.2844949, 52.5802705 ], [ -0.2845124, 52.580397100000013 ] ] } },
{ "type": "Feature", "properties": { "id": 78642, "nach": 0.4674123053240935 }, "geometry": { "type": "LineString", "coordinates": [ [ -0.2844271, 52.5804997 ], [ -0.2838566, 52.5803199 ] ] } },
{ "type": "Feature", "properties": { "id": 78643, "nach": 0.51652155030326075 }, "geometry": { "type": "LineString", "coordinates": [ [ -0.2844271, 52.5804997 ], [ -0.2842568, 52.580704499999989 ], [ -0.2839276, 52.5806059 ], [ -0.2837608, 52.5806006 ], [ -0.2836635, 52.58069110000001 ], [ -0.2835515, 52.5808311 ] ] } },
{ "type": "Feature", "properties": { "id": 78518, "nach": 0.53992696974988141 }, "geometry": { "type": "LineString", "coordinates": [ [ -0.2845528, 52.5802008 ], [ -0.28458070000001, 52.5801671 ], [ -0.2845485, 52.5801149 ], [ -0.2842951, 52.5800367 ] ] } },
{ "type": "Feature", "properties": { "id": 78521, "nach": 0.42148558025067306 }, "geometry": { "type": "LineString", "coordinates": [ [ -0.2841887, 52.5800883 ], [ -0.2845528, 52.5802008 ] ] } },
{ "type": "Feature", "properties": { "id": 11659, "nach": 0.6381629157363583 }, "geometry": { "type": "LineString", "coordinates": [ [ -0.285158, 52.5811423 ], [ -0.2852596, 52.5810989 ] ] } },
{ "type": "Feature", "properties": { "id": 67160, "nach": 0.45787120625671146 }, "geometry": { "type": "LineString", "coordinates": [ [ -0.2857325, 52.5810758 ], [ -0.285675, 52.5812016 ], [ -0.2856107, 52.5812222 ], [ -0.2853535, 52.5811766 ], [ -0.2852596, 52.5810989 ] ] } },
{ "type": "Feature", "properties": { "id": 78584, "nach": 0.46439643382724571 }, "geometry": { "type": "LineString", "coordinates": [ [ -0.2852582, 52.5811795 ], [ -0.285158, 52.5811423 ] ] } },
{ "type": "Feature", "properties": { "id": 78582, "nach": 0.62624423648008953 }, "geometry": { "type": "LineString", "coordinates": [ [ -0.2850157, 52.5812704 ], [ -0.2850769, 52.5811915 ], [ -0.285158, 52.5811423 ] ] } },
{ "type": "Feature", "properties": { "id": 78588, "nach": 0.0 }, "geometry": { "type": "LineString", "coordinates": [ [ -0.2852684, 52.581315099999983 ], [ -0.285652, 52.58132590000001 ], [ -0.2852582, 52.5811795 ] ] } },
{ "type": "Feature", "properties": { "id": 78580, "nach": 0.45158080247799742 }, "geometry": { "type": "LineString", "coordinates": [ [ -0.2850157, 52.5812704 ], [ -0.2847976, 52.5815513 ] ] } },
{ "type": "Feature", "properties": { "id": 78647, "nach": 0.57614422915456864 }, "geometry": { "type": "LineString", "coordinates": [ [ -0.2848981, 52.5812349 ], [ -0.2850157, 52.5812704 ] ] } },
{ "type": "Feature", "properties": { "id": 78589, "nach": 0.55455109074259334 }, "geometry": { "type": "LineString", "coordinates": [ [ -0.2852684, 52.581315099999983 ], [ -0.2851585, 52.581312 ], [ -0.2850157, 52.5812704 ] ] } },
{ "type": "Feature", "properties": { "id": 11665, "nach": 0.30943853310164754 }, "geometry": { "type": "LineString", "coordinates": [ [ -0.2839804, 52.5813084 ], [ -0.2847976, 52.5815513 ] ] } },
{ "type": "Feature", "properties": { "id": 78591, "nach": 0.30145280893614562 }, "geometry": { "type": "LineString", "coordinates": [ [ -0.2851645, 52.58166330000001 ], [ -0.2847976, 52.5815513 ] ] } },
{ "type": "Feature", "properties": { "id": 78535, "nach": 0.46402193283353493 }, "geometry": { "type": "LineString", "coordinates": [ [ -0.2834318, 52.581204100000015 ], [ -0.2834581, 52.5812376 ], [ -0.2834996, 52.5812579 ], [ -0.2837651, 52.5813368 ], [ -0.2838122, 52.5813463 ], [ -0.2838781, 52.5813459 ], [ -0.2839348, 52.5813355 ], [ -0.2839804, 52.5813084 ] ] } },
{ "type": "Feature", "properties": { "id": 11672, "nach": 0.50320443484096722 }, "geometry": { "type": "LineString", "coordinates": [ [ -0.283989, 52.5812375 ], [ -0.283997, 52.5812727 ], [ -0.2839804, 52.5813084 ] ] } },
{ "type": "Feature", "properties": { "id": 78592, "nach": 0.51497348211031657 }, "geometry": { "type": "LineString", "coordinates": [ [ -0.2851645, 52.58166330000001 ], [ -0.2854176, 52.5817405 ], [ -0.2854526, 52.5817403 ] ] } },
{ "type": "Feature", "properties": { "id": 78593, "nach": 0.53502353288069138 }, "geometry": { "type": "LineString", "coordinates": [ [ -0.2851645, 52.58166330000001 ], [ -0.2852738, 52.5815182 ], [ -0.2852684, 52.581315099999983 ] ] } },
{ "type": "Feature", "properties": { "id": 78534, "nach": 0.38209112862729611 }, "geometry": { "type": "LineString", "coordinates": [ [ -0.2834318, 52.581204100000015 ], [ -0.2834217, 52.5811624 ], [ -0.2834427, 52.581124 ], [ -0.2834826, 52.5810937 ], [ -0.2835409, 52.5810798 ] ] } },
{ "type": "Feature", "properties": { "id": 78685, "nach": 0.43162619451067336 }, "geometry": { "type": "LineString", "coordinates": [ [ -0.2831433, 52.5813007 ], [ -0.2834318, 52.581204100000015 ] ] } },
{ "type": "Feature", "properties": { "id": 11673, "nach": 0.4597710678999416 }, "geometry": { "type": "LineString", "coordinates": [ [ -0.283989, 52.5812375 ], [ -0.2839647, 52.581204799999988 ], [ -0.2839296, 52.5811852 ], [ -0.2835992, 52.5810844 ], [ -0.2835409, 52.5810798 ] ] } },
{ "type": "Feature", "properties": { "id": 78650, "nach": 0.53776683361360822 }, "geometry": { "type": "LineString", "coordinates": [ [ -0.2841519, 52.5811796 ], [ -0.283989, 52.5812375 ] ] } },
{ "type": "Feature", "properties": { "id": 78528, "nach": 0.45145279746879763 }, "geometry": { "type": "LineString", "coordinates": [ [ -0.2835515, 52.5808311 ], [ -0.2834309, 52.5809936 ], [ -0.2835409, 52.5810798 ] ] } },
{ "type": "Feature", "properties": { "id": 78646, "nach": 0.24824741442956871 }, "geometry": { "type": "LineString", "coordinates": [ [ -0.2848981, 52.5812349 ], [ -0.2835515, 52.5808311 ] ] } },
{ "type": "Feature", "properties": { "id": 78645, "nach": 0.43920771632990313 }, "geometry": { "type": "LineString", "coordinates": [ [ -0.2831499, 52.5807077 ], [ -0.2835515, 52.5808311 ] ] } },
{ "type": "Feature", "properties": { "id": 78649, "nach": 0.44577972311242259 }, "geometry": { "type": "LineString", "coordinates": [ [ -0.2841519, 52.5811796 ], [ -0.2842609, 52.581140899999987 ] ] } },
{ "type": "Feature", "properties": { "id": 78651, "nach": 0.56149492573746018 }, "geometry": { "type": "LineString", "coordinates": [ [ -0.2841519, 52.5811796 ], [ -0.2844762, 52.5813194 ], [ -0.2845756, 52.5812691 ], [ -0.2848981, 52.5812349 ] ] } },
{ "type": "Feature", "properties": { "id": 78514, "nach": 0.5954617518410249 }, "geometry": { "type": "LineString", "coordinates": [ [ -0.2849846, 52.579493900000017 ], [ -0.2852518, 52.5791521 ] ] } },
{ "type": "Feature", "properties": { "id": 18060, "nach": 0.46896765349925723 }, "geometry": { "type": "LineString", "coordinates": [ [ -0.2849997, 52.579076 ], [ -0.2852518, 52.5791521 ] ] } },
{ "type": "Feature", "properties": { "id": 18015, "nach": 0.60083163412894602 }, "geometry": { "type": "LineString", "coordinates": [ [ -0.285582, 52.578976 ], [ -0.285427, 52.5790292 ], [ -0.2853327, 52.579070200000011 ], [ -0.2852518, 52.5791521 ] ] } },
{ "type": "Feature", "properties": { "id": 78516, "nach": 0.54537976840926561 }, "geometry": { "type": "LineString", "coordinates": [ [ -0.2849846, 52.579493900000017 ], [ -0.2849663, 52.5795172 ], [ -0.2849636, 52.5795322 ] ] } },
{ "type": "Feature", "properties": { "id": 78515, "nach": 0.56110798067425316 }, "geometry": { "type": "LineString", "coordinates": [ [ -0.2849846, 52.579493900000017 ], [ -0.2849458, 52.5794804 ] ] } },
{ "type": "Feature", "properties": { "id": 78494, "nach": 0.55645055821549494 }, "geometry": { "type": "LineString", "coordinates": [ [ -0.2859339, 52.5790606 ], [ -0.2857652, 52.5790087 ], [ -0.285582, 52.578976 ] ] } },
{ "type": "Feature", "properties": { "id": 78480, "nach": 0.606568215326176 }, "geometry": { "type": "LineString", "coordinates": [ [ -0.285801, 52.5786653 ], [ -0.2856427, 52.5788572 ], [ -0.285611, 52.5788991 ], [ -0.285582, 52.578976 ] ] } },
{ "type": "Feature", "properties": { "id": 78493, "nach": 0.57258866268581954 }, "geometry": { "type": "LineString", "coordinates": [ [ -0.2859339, 52.5790606 ], [ -0.2863691, 52.5791905 ] ] } },
{ "type": "Feature", "properties": { "id": 78496, "nach": 0.4201066397858183 }, "geometry": { "type": "LineString", "coordinates": [ [ -0.2852683, 52.5796983 ], [ -0.2853773, 52.579574 ], [ -0.2853922, 52.579556599999989 ], [ -0.2854158, 52.5795288 ], [ -0.2856733, 52.5793357 ], [ -0.2859339, 52.5790606 ] ] } },
{ "type": "Feature", "properties": { "id": 78481, "nach": 0.47206599673390987 }, "geometry": { "type": "LineString", "coordinates": [ [ -0.285801, 52.5786653 ], [ -0.2858582, 52.578595899999989 ], [ -0.2856751, 52.5785409 ] ] } },
{ "type": "Feature", "properties": { "id": 78482, "nach": 0.61056809235841858 }, "geometry": { "type": "LineString", "coordinates": [ [ -0.285801, 52.5786653 ], [ -0.2854814, 52.5785649 ], [ -0.28559, 52.5784296 ] ] } },
{ "type": "Feature", "properties": { "id": 30186, "nach": 0.58906140172311539 }, "geometry": { "type": "LineString", "coordinates": [ [ -0.2869968, 52.5793891 ], [ -0.2863691, 52.5791905 ] ] } },
{ "type": "Feature", "properties": { "id": 18058, "nach": 0.46872969953757787 }, "geometry": { "type": "LineString", "coordinates": [ [ -0.2867075, 52.578935 ], [ -0.2865875, 52.5788981 ], [ -0.2863691, 52.5791905 ] ] } },
{ "type": "Feature", "properties": { "id": 30185, "nach": 0.63436337179451385 }, "geometry": { "type": "LineString", "coordinates": [ [ -0.2869968, 52.5793891 ], [ -0.2876174, 52.5795616 ] ] } },
{ "type": "Feature", "properties": { "id": 30190, "nach": 0.67356861285804581 }, "geometry": { "type": "LineString", "coordinates": [ [ -0.2867116, 52.579735 ], [ -0.2867963, 52.5796275 ], [ -0.2869829, 52.5794056 ], [ -0.2869968, 52.5793891 ] ] } },
{ "type": "Feature", "properties": { "id": 79454, "nach": 0.68357558960141906 }, "geometry": { "type": "LineString", "coordinates": [ [ -0.287259, 52.578984099999985 ], [ -0.2872302, 52.5790154 ], [ -0.2871306, 52.579155900000011 ], [ -0.2871061, 52.579212400000017 ], [ -0.2870748, 52.5792898 ], [ -0.2870385, 52.5793385 ], [ -0.2869968, 52.5793891 ] ] } },
{ "type": "Feature", "properties": { "id": 18056, "nach": 0.63230727792433605 }, "geometry": { "type": "LineString", "coordinates": [ [ -0.2876848, 52.5795903 ], [ -0.2876174, 52.5795616 ] ] } },
{ "type": "Feature", "properties": { "id": 18053, "nach": 0.47456010348271344 }, "geometry": { "type": "LineString", "coordinates": [ [ -0.2876309, 52.5792135 ], [ -0.2878735, 52.5792832 ], [ -0.2876174, 52.5795616 ] ] } },
{ "type": "Feature", "properties": { "id": 18057, "nach": 0.47501285880618749 }, "geometry": { "type": "LineString", "coordinates": [ [ -0.2876848, 52.5795903 ], [ -0.2874017, 52.5799138 ] ] } },
{ "type": "Feature", "properties": { "id": 18033, "nach": 0.64047699083268472 }, "geometry": { "type": "LineString", "coordinates": [ [ -0.2891543, 52.578305500000013 ], [ -0.2889309, 52.5782445 ] ] } },
{ "type": "Feature", "properties": { "id": 78696, "nach": 0.58567312972054519 }, "geometry": { "type": "LineString", "coordinates": [ [ -0.2894848, 52.5778307 ], [ -0.2894967, 52.577868 ], [ -0.2894958, 52.5778993 ], [ -0.2891543, 52.578305500000013 ] ] } },
{ "type": "Feature", "properties": { "id": 18032, "nach": 0.46695117600267771 }, "geometry": { "type": "LineString", "coordinates": [ [ -0.2889309, 52.5782445 ], [ -0.2887697, 52.5784481 ], [ -0.2886088, 52.5785725 ], [ -0.2884062, 52.57881660000001 ], [ -0.2880918, 52.5787175 ] ] } },
{ "type": "Feature", "properties": { "id": 30181, "nach": 0.63992665102897506 }, "geometry": { "type": "LineString", "coordinates": [ [ -0.2884205, 52.578085 ], [ -0.2889309, 52.5782445 ] ] } },
{ "type": "Feature", "properties": { "id": 30182, "nach": 0.65316956079199873 }, "geometry": { "type": "LineString", "coordinates": [ [ -0.2884205, 52.578085 ], [ -0.2880221, 52.5779685 ] ] } },
{ "type": "Feature", "properties": { "id": 79486, "nach": 0.61819061731004277 }, "geometry": { "type": "LineString", "coordinates": [ [ -0.2884891, 52.578065 ], [ -0.2884205, 52.578085 ] ] } },
{ "type": "Feature", "properties": { "id": 78475, "nach": 0.64108420584548198 }, "geometry": { "type": "LineString", "coordinates": [ [ -0.2872723, 52.5789696 ], [ -0.2873325, 52.5789042 ], [ -0.2874794, 52.578773 ], [ -0.2877052, 52.5785506 ], [ -0.2878683, 52.5783887 ], [ -0.2879748, 52.57831070000001 ], [ -0.2881231, 52.5782023 ], [ -0.2882453, 52.5781419 ], [ -0.288338, 52.5781059 ], [ -0.2884205, 52.578085 ] ] } },
{ "type": "Feature", "properties": { "id": 78697, "nach": 0.58087703921789668 }, "geometry": { "type": "LineString", "coordinates": [ [ -0.2894848, 52.5778307 ], [ -0.2894761, 52.577803299999985 ], [ -0.2894948, 52.5777523 ], [ -0.289523, 52.577715 ] ] } },
{ "type": "Feature", "properties": { "id": 78698, "nach": 0.38589208980365319 }, "geometry": { "type": "LineString", "coordinates": [ [ -0.2894848, 52.5778307 ], [ -0.2898641, 52.5779488 ], [ -0.2899056, 52.5779618 ], [ -0.2899486, 52.5779651 ], [ -0.2900129, 52.5779358 ], [ -0.2901781, 52.5777414 ] ] } },
{ "type": "Feature", "properties": { "id": 79482, "nach": 0.6078710360834706 }, "geometry": { "type": "LineString", "coordinates": [ [ -0.2880614, 52.57791970000001 ], [ -0.2880221, 52.5779685 ] ] } },
{ "type": "Feature", "properties": { "id": 18045, "nach": 0.62470726465757453 }, "geometry": { "type": "LineString", "coordinates": [ [ -0.2870392, 52.5778962 ], [ -0.2873763, 52.5779057 ], [ -0.2877576, 52.577921599999989 ], [ -0.2880221, 52.5779685 ] ] } },
{ "type": "Feature", "properties": { "id": 79483, "nach": 0.61011440120684268 }, "geometry": { "type": "LineString", "coordinates": [ [ -0.2880614, 52.57791970000001 ], [ -0.288383, 52.5775204 ], [ -0.2883919, 52.5775093 ] ] } },
{ "type": "Feature", "properties": { "id": 79484, "nach": 0.52233424054126876 }, "geometry": { "type": "LineString", "coordinates": [ [ -0.2880614, 52.57791970000001 ], [ -0.2879916, 52.5779054 ], [ -0.2876644, 52.5778663 ], [ -0.2871481, 52.577852400000012 ], [ -0.2870572, 52.5778482 ] ] } },
{ "type": "Feature", "properties": { "id": 79488, "nach": 0.48130941923423459 }, "geometry": { "type": "LineString", "coordinates": [ [ -0.2884891, 52.578065 ], [ -0.2884262, 52.5780415 ], [ -0.2880614, 52.57791970000001 ] ] } },
{ "type": "Feature", "properties": { "id": 75154, "nach": 0.63144346003986995 }, "geometry": { "type": "LineString", "coordinates": [ [ -0.286881, 52.5778914 ], [ -0.2870392, 52.5778962 ] ] } },
{ "type": "Feature", "properties": { "id": 79478, "nach": 0.52590103799584198 }, "geometry": { "type": "LineString", "coordinates": [ [ -0.2870572, 52.5778482 ], [ -0.2870392, 52.5778962 ] ] } },
{ "type": "Feature", "properties": { "id": 78691, "nach": 0.58146171429243909 }, "geometry": { "type": "LineString", "coordinates": [ [ -0.2891128, 52.5775921 ], [ -0.289523, 52.577715 ] ] } },
{ "type": "Feature", "properties": { "id": 23985, "nach": 0.61988122122625144 }, "geometry": { "type": "LineString", "coordinates": [ [ -0.2898823, 52.577485 ], [ -0.2896999, 52.5775794 ], [ -0.2895822, 52.5776532 ], [ -0.289523, 52.577715 ] ] } },
{ "type": "Feature", "properties": { "id": 78690, "nach": 0.59640890735215413 }, "geometry": { "type": "LineString", "coordinates": [ [ -0.2891128, 52.5775921 ], [ -0.2891869, 52.5775039 ] ] } },
{ "type": "Feature", "properties": { "id": 79487, "nach": 0.62028886290185337 }, "geometry": { "type": "LineString", "coordinates": [ [ -0.2884891, 52.578065 ], [ -0.2885256, 52.5780543 ], [ -0.2885898, 52.5780354 ], [ -0.2887141, 52.577986 ], [ -0.2887989, 52.5779447 ], [ -0.2888568, 52.5778968 ], [ -0.2891128, 52.5775921 ] ] } },
{ "type": "Feature", "properties": { "id": 79468, "nach": 0.60783147457033948 }, "geometry": { "type": "LineString", "coordinates": [ [ -0.2901469, 52.577339 ], [ -0.2898823, 52.577485 ] ] } },
{ "type": "Feature", "properties": { "id": 78465, "nach": 0.63460940481114425 }, "geometry": { "type": "LineString", "coordinates": [ [ -0.2896334, 52.577308 ], [ -0.2898266, 52.5774414 ], [ -0.2898823, 52.577485 ] ] } },
{ "type": "Feature", "properties": { "id": 78693, "nach": 0.6413996625309184 }, "geometry": { "type": "LineString", "coordinates": [ [ -0.2901781, 52.5777414 ], [ -0.2901231, 52.5777244 ], [ -0.2900088, 52.5776599 ], [ -0.2899269, 52.5775337 ], [ -0.2898823, 52.577485 ] ] } },
{ "type": "Feature", "properties": { "id": 18050, "nach": 0.4773248643377872 }, "geometry": { "type": "LineString", "coordinates": [ [ -0.2872728, 52.5775694 ], [ -0.2873366, 52.577495 ] ] } },
{ "type": "Feature", "properties": { "id": 18051, "nach": 0.47687453625030973 }, "geometry": { "type": "LineString", "coordinates": [ [ -0.2872728, 52.5775694 ], [ -0.2870513, 52.5775047 ] ] } },
{ "type": "Feature", "properties": { "id": 79479, "nach": 0.55482926454920367 }, "geometry": { "type": "LineString", "coordinates": [ [ -0.2870572, 52.5778482 ], [ -0.2870753, 52.5777997 ], [ -0.2872728, 52.5775694 ] ] } },
{ "type": "Feature", "properties": { "id": 75156, "nach": 0.55034091649040962 }, "geometry": { "type": "LineString", "coordinates": [ [ -0.286881, 52.5778914 ], [ -0.2866521, 52.5779265 ], [ -0.2865652, 52.577988 ], [ -0.2864796, 52.5780617 ] ] } },
{ "type": "Feature", "properties": { "id": 78686, "nach": 0.64097421310600777 }, "geometry": { "type": "LineString", "coordinates": [ [ -0.2868623, 52.5778488 ], [ -0.286881, 52.5778914 ] ] } },
{ "type": "Feature", "properties": { "id": 79476, "nach": 0.62824805444263565 }, "geometry": { "type": "LineString", "coordinates": [ [ -0.2869258, 52.57817020000001 ], [ -0.28694, 52.5781371 ], [ -0.2869681, 52.578061299999987 ], [ -0.2869601, 52.578023 ], [ -0.2869239, 52.5779578 ], [ -0.286881, 52.5778914 ] ] } },
{ "type": "Feature", "properties": { "id": 79480, "nach": 0.54703898225120584 }, "geometry": { "type": "LineString", "coordinates": [ [ -0.2870572, 52.5778482 ], [ -0.2869655, 52.5778469 ], [ -0.2868623, 52.5778488 ] ] } },
{ "type": "Feature", "properties": { "id": 79474, "nach": 0.56184056951469596 }, "geometry": { "type": "LineString", "coordinates": [ [ -0.2864248, 52.5781281 ], [ -0.286443, 52.578106100000014 ], [ -0.2864796, 52.5780617 ] ] } },
{ "type": "Feature", "properties": { "id": 79461, "nach": 0.50012300825119638 }, "geometry": { "type": "LineString", "coordinates": [ [ -0.2861097, 52.5779432 ], [ -0.2861528, 52.577957 ], [ -0.2864796, 52.5780617 ] ] } },
{ "type": "Feature", "properties": { "id": 79473, "nach": 0.51167543524405024 }, "geometry": { "type": "LineString", "coordinates": [ [ -0.2864248, 52.5781281 ], [ -0.2863812, 52.5781811 ], [ -0.2862284, 52.5783587 ], [ -0.2861619, 52.5784205 ] ] } },
{ "type": "Feature", "properties": { "id": 79472, "nach": 0.52159088732782266 }, "geometry": { "type": "LineString", "coordinates": [ [ -0.2864248, 52.5781281 ], [ -0.2860551, 52.5780146 ] ] } },
{ "type": "Feature", "properties": { "id": 79460, "nach": 0.60123954907493793 }, "geometry": { "type": "LineString", "coordinates": [ [ -0.2861097, 52.5779432 ], [ -0.2860551, 52.5780146 ] ] } },
{ "type": "Feature", "properties": { "id": 79462, "nach": 0.61545073049145471 }, "geometry": { "type": "LineString", "coordinates": [ [ -0.2861645, 52.577879 ], [ -0.2861097, 52.5779432 ] ] } },
{ "type": "Feature", "properties": { "id": 79470, "nach": 0.60121382962330072 }, "geometry": { "type": "LineString", "coordinates": [ [ -0.2901469, 52.577339 ], [ -0.2902644, 52.5772742 ], [ -0.290322, 52.5772741 ] ] } },
{ "type": "Feature", "properties": { "id": 79469, "nach": 0.24315110668598064 }, "geometry": { "type": "LineString", "coordinates": [ [ -0.2901469, 52.577339 ], [ -0.2898763, 52.5771579 ] ] } },
{ "type": "Feature", "properties": { "id": 78466, "nach": 0.6328541072913636 }, "geometry": { "type": "LineString", "coordinates": [ [ -0.2896334, 52.577308 ], [ -0.2895794, 52.5772707 ], [ -0.2894394, 52.5772075 ] ] } },
{ "type": "Feature", "properties": { "id": 79467, "nach": 0.58299862129482483 }, "geometry": { "type": "LineString", "coordinates": [ [ -0.2898763, 52.5771579 ], [ -0.2898753, 52.5771679 ], [ -0.2897438, 52.57724420000001 ], [ -0.2897197, 52.57725880000001 ], [ -0.2896334, 52.577308 ] ] } },
{ "type": "Feature", "properties": { "id": 78694, "nach": 0.64263262717086844 }, "geometry": { "type": "LineString", "coordinates": [ [ -0.2901781, 52.5777414 ], [ -0.290219, 52.5777541 ], [ -0.2903767, 52.5777755 ] ] } },
{ "type": "Feature", "properties": { "id": 78631, "nach": 0.61844957561930047 }, "geometry": { "type": "LineString", "coordinates": [ [ -0.2896986, 52.5767272 ], [ -0.28907, 52.5770918 ] ] } },
{ "type": "Feature", "properties": { "id": 30179, "nach": 0.63594423604684702 }, "geometry": { "type": "LineString", "coordinates": [ [ -0.2894394, 52.5772075 ], [ -0.28907, 52.5770918 ] ] } },
{ "type": "Feature", "properties": { "id": 78459, "nach": 0.51589631068027331 }, "geometry": { "type": "LineString", "coordinates": [ [ -0.2888131, 52.5773924 ], [ -0.28907, 52.5770918 ] ] } },
{ "type": "Feature", "properties": { "id": 24002, "nach": 0.64609343405247588 }, "geometry": { "type": "LineString", "coordinates": [ [ -0.2885595, 52.5770396 ], [ -0.2888079, 52.5770243 ], [ -0.2889263, 52.5770485 ], [ -0.28907, 52.5770918 ] ] } },
{ "type": "Feature", "properties": { "id": 78634, "nach": 0.57838922628295653 }, "geometry": { "type": "LineString", "coordinates": [ [ -0.2896986, 52.5767272 ], [ -0.2899381, 52.57689 ], [ -0.2900065, 52.5769103 ], [ -0.2900556, 52.5769446 ] ] } },
{ "type": "Feature", "properties": { "id": 78633, "nach": 0.58127379903701992 }, "geometry": { "type": "LineString", "coordinates": [ [ -0.2896986, 52.5767272 ], [ -0.2897226, 52.5767133 ], [ -0.2902721, 52.5763945 ], [ -0.2903248, 52.5763576 ], [ -0.2903855, 52.5763378 ] ] } },
{ "type": "Feature", "properties": { "id": 78463, "nach": 0.57704684375155924 }, "geometry": { "type": "LineString", "coordinates": [ [ -0.2891869, 52.5775039 ], [ -0.2894394, 52.5772075 ] ] } },
{ "type": "Feature", "properties": { "id": 78461, "nach": 0.53568862282873642 }, "geometry": { "type": "LineString", "coordinates": [ [ -0.2888131, 52.5773924 ], [ -0.2887803, 52.57743090000001 ], [ -0.2887644, 52.5774495 ], [ -0.2886815, 52.577546499999983 ], [ -0.2885856, 52.5775188 ], [ -0.2885541, 52.5775562 ], [ -0.2883919, 52.5775093 ] ] } },
{ "type": "Feature", "properties": { "id": 78464, "nach": 0.48113585047535784 }, "geometry": { "type": "LineString", "coordinates": [ [ -0.2891869, 52.5775039 ], [ -0.2888131, 52.5773924 ] ] } },
{ "type": "Feature", "properties": { "id": 79495, "nach": 0.62921367398105499 }, "geometry": { "type": "LineString", "coordinates": [ [ -0.2877591, 52.5771489 ], [ -0.2885595, 52.5770396 ] ] } },
{ "type": "Feature", "properties": { "id": 78458, "nach": 0.55776426939450863 }, "geometry": { "type": "LineString", "coordinates": [ [ -0.2882092, 52.5774535 ], [ -0.2885382, 52.577051800000014 ], [ -0.2885595, 52.5770396 ] ] } },
{ "type": "Feature", "properties": { "id": 75160, "nach": 0.68400008354875907 }, "geometry": { "type": "LineString", "coordinates": [ [ -0.2863797, 52.5776693 ], [ -0.2863258, 52.5776538 ], [ -0.286303, 52.5776188 ], [ -0.28624, 52.5774085 ], [ -0.2861917, 52.5773604 ], [ -0.2860886, 52.5773078 ] ] } },
{ "type": "Feature", "properties": { "id": 78687, "nach": 0.65105599064589981 }, "geometry": { "type": "LineString", "coordinates": [ [ -0.2868623, 52.5778488 ], [ -0.2868357, 52.577823 ], [ -0.2867983, 52.5778038 ], [ -0.2863797, 52.5776693 ] ] } },
{ "type": "Feature", "properties": { "id": 79463, "nach": 0.61520831870824477 }, "geometry": { "type": "LineString", "coordinates": [ [ -0.2861645, 52.577879 ], [ -0.2862188, 52.5778154 ], [ -0.2862355, 52.57779630000001 ], [ -0.2863405, 52.5776734 ], [ -0.2863797, 52.5776693 ] ] } },
{ "type": "Feature", "properties": { "id": 79496, "nach": 0.49029582703884983 }, "geometry": { "type": "LineString", "coordinates": [ [ -0.2877591, 52.5771489 ], [ -0.2875665, 52.5773829 ] ] } },
{ "type": "Feature", "properties": { "id": 78457, "nach": 0.54415255139471175 }, "geometry": { "type": "LineString", "coordinates": [ [ -0.2882092, 52.5774535 ], [ -0.2881197, 52.5774261 ], [ -0.2880768, 52.5774208 ], [ -0.2880305, 52.5774241 ], [ -0.2878126, 52.5774575 ], [ -0.2875665, 52.5773829 ] ] } },
{ "type": "Feature", "properties": { "id": 78456, "nach": 0.59627002009725683 }, "geometry": { "type": "LineString", "coordinates": [ [ -0.2882092, 52.5774535 ], [ -0.2883919, 52.5775093 ] ] } },
{ "type": "Feature", "properties": { "id": 56138, "nach": 0.30857895502759275 }, "geometry": { "type": "LineString", "coordinates": [ [ -0.2971773, 52.5752078 ], [ -0.2973068, 52.575279700000017 ], [ -0.2976614, 52.5753912 ], [ -0.2981254, 52.5753928 ], [ -0.2988952, 52.5753778 ], [ -0.2998404, 52.5752741 ], [ -0.3016949, 52.5750518 ], [ -0.3022476, 52.57496660000001 ], [ -0.3025216, 52.5749243 ], [ -0.3030489, 52.5748458 ], [ -0.3034923, 52.5747954 ] ] } },
{ "type": "Feature", "properties": { "id": 56137, "nach": 0.53675842192373968 }, "geometry": { "type": "LineString", "coordinates": [ [ -0.2971773, 52.5752078 ], [ -0.2970388, 52.5751309 ], [ -0.2968098, 52.5751 ], [ -0.2961653, 52.575013 ] ] } },
{ "type": "Feature", "properties": { "id": 56142, "nach": 0.49387101156269692 }, "geometry": { "type": "LineString", "coordinates": [ [ -0.2972238, 52.5748061 ], [ -0.2972616, 52.574832099999988 ], [ -0.297327, 52.574933 ], [ -0.2973446, 52.5749881 ], [ -0.2973497, 52.5750172 ], [ -0.2973371, 52.5750539 ], [ -0.2972993, 52.5751105 ], [ -0.2972591, 52.5751579 ], [ -0.2971773, 52.5752078 ] ] } },
{ "type": "Feature", "properties": { "id": 77091, "nach": 0.4317727985100005 }, "geometry": { "type": "LineString", "coordinates": [ [ -0.2968746, 52.57532 ], [ -0.2968934, 52.5753347 ], [ -0.2969331, 52.575344499999986 ], [ -0.2970532, 52.5753579 ], [ -0.2970912, 52.575345 ], [ -0.2971773, 52.5752078 ] ] } },
{ "type": "Feature", "properties": { "id": 30162, "nach": 0.3659926040951415 }, "geometry": { "type": "LineString", "coordinates": [ [ -0.2961653, 52.575013 ], [ -0.2961795, 52.5749741 ], [ -0.2962485, 52.5749249 ], [ -0.2962887, 52.5748505 ], [ -0.2962958, 52.5747934 ], [ -0.2962646, 52.574711100000016 ], [ -0.2962256, 52.5745983 ], [ -0.2962379, 52.5744711 ], [ -0.2962777, 52.5741323 ], [ -0.2962528, 52.5739659 ], [ -0.2962631, 52.5736847 ], [ -0.2962864, 52.5735173 ] ] } },
{ "type": "Feature", "properties": { "id": 29368, "nach": 0.64174913106665832 }, "geometry": { "type": "LineString", "coordinates": [ [ -0.2906898, 52.5779448 ], [ -0.2906091, 52.5778865 ], [ -0.2903767, 52.5777755 ] ] } },
{ "type": "Feature", "properties": { "id": 78640, "nach": 0.38856662202915798 }, "geometry": { "type": "LineString", "coordinates": [ [ -0.2909071, 52.5778814 ], [ -0.290841, 52.577890599999989 ], [ -0.2906898, 52.5779448 ] ] } },
{ "type": "Feature", "properties": { "id": 45492, "nach": 0.72822691814370355 }, "geometry": { "type": "LineString", "coordinates": [ [ -0.2906898, 52.5779448 ], [ -0.29079668935392, 52.578050068487201 ] ] } },
{ "type": "Feature", "properties": { "id": 78639, "nach": 0.55585206848076818 }, "geometry": { "type": "LineString", "coordinates": [ [ -0.2909071, 52.5778814 ], [ -0.290712578088081, 52.577967232732476 ] ] } },
{ "type": "Feature", "properties": { "id": 45493, "nach": 0.61057169673472467 }, "geometry": { "type": "LineString", "coordinates": [ [ -0.2908249, 52.5780731 ], [ -0.2909852, 52.5782023 ], [ -0.2910561, 52.5782497 ], [ -0.2911669, 52.5783102 ] ] } },
{ "type": "Feature", "properties": { "id": 45494, "nach": 0.42911387432177456 }, "geometry": { "type": "LineString", "coordinates": [ [ -0.2908249, 52.5780731 ], [ -0.2906615, 52.5781339 ], [ -0.2906051, 52.5781476 ] ] } },
{ "type": "Feature", "properties": { "id": 45492, "nach": 0.72822691814370355 }, "geometry": { "type": "LineString", "coordinates": [ [ -0.290712578088081, 52.577967232732476 ], [ -0.2908249, 52.5780731 ] ] } },
{ "type": "Feature", "properties": { "id": 44513, "nach": 0.43800123127966395 }, "geometry": { "type": "LineString", "coordinates": [ [ -0.2905263, 52.5781935 ], [ -0.2906613, 52.578265 ], [ -0.2908106, 52.578308100000015 ], [ -0.2909622, 52.5783377 ], [ -0.2911071, 52.5783487 ], [ -0.2911669, 52.5783102 ] ] } },
{ "type": "Feature", "properties": { "id": 38281, "nach": 0.46134519019037884 }, "geometry": { "type": "LineString", "coordinates": [ [ -0.2911422, 52.577927400000014 ], [ -0.2912014, 52.5780554 ], [ -0.2912208, 52.5782363 ], [ -0.291202, 52.5782734 ], [ -0.2911669, 52.5783102 ] ] } },
{ "type": "Feature", "properties": { "id": 44512, "nach": 0.59884201567028694 }, "geometry": { "type": "LineString", "coordinates": [ [ -0.2905263, 52.5781935 ], [ -0.2906051, 52.5781476 ] ] } },
{ "type": "Feature", "properties": { "id": 38283, "nach": 0.63965097540397087 }, "geometry": { "type": "LineString", "coordinates": [ [ -0.2911422, 52.577927400000014 ], [ -0.29079668935392, 52.578050068487201 ] ] } },
{ "type": "Feature", "properties": { "id": 69620, "nach": 0.62929714415890969 }, "geometry": { "type": "LineString", "coordinates": [ [ -0.2931775, 52.5796371 ], [ -0.2931122, 52.5795759 ] ] } },
{ "type": "Feature", "properties": { "id": 89473, "nach": 0.0 }, "geometry": { "type": "LineString", "coordinates": [ [ -0.2945585, 52.5808335 ], [ -0.2946157, 52.5808793 ], [ -0.2948626, 52.5810662 ], [ -0.2952882, 52.581429 ], [ -0.2953105, 52.5814779 ], [ -0.295344, 52.5815737 ], [ -0.2942637, 52.5824032 ], [ -0.2939789, 52.5825285 ], [ -0.2936679, 52.5827791 ], [ -0.2932489, 52.583169 ], [ -0.2928227, 52.5835431 ], [ -0.2923161, 52.5838413 ], [ -0.2921299, 52.5839616 ], [ -0.2916841, 52.5842626 ], [ -0.2912475, 52.5845193 ], [ -0.2907695, 52.5847398 ], [ -0.2900048, 52.58502940000001 ], [ -0.2892921, 52.585566400000012 ], [ -0.2892433, 52.5856048 ], [ -0.2886613, 52.586061900000011 ], [ -0.2885398, 52.5862177 ], [ -0.2884699, 52.5862816 ], [ -0.2884128, 52.586328 ], [ -0.2883423, 52.5863643 ], [ -0.2882811, 52.5864155 ], [ -0.288157, 52.5865243 ], [ -0.2880069, 52.5866499 ], [ -0.2879243, 52.5867179 ], [ -0.2878554, 52.586797 ] ] } },
{ "type": "Feature", "properties": { "id": 89472, "nach": 0.53876639131707271 }, "geometry": { "type": "LineString", "coordinates": [ [ -0.2945585, 52.5808335 ], [ -0.2941647, 52.5805176 ], [ -0.2937767, 52.5801951 ] ] } },
{ "type": "Feature", "properties": { "id": 89483, "nach": 0.51698998516756101 }, "geometry": { "type": "LineString", "coordinates": [ [ -0.2945211, 52.581133 ], [ -0.2944279, 52.5810661 ], [ -0.2943908, 52.5810179 ], [ -0.2943305, 52.5809376 ], [ -0.2945049, 52.580858 ], [ -0.2945585, 52.5808335 ] ] } },
{ "type": "Feature", "properties": { "id": 30154, "nach": 0.40006257014853835 }, "geometry": { "type": "LineString", "coordinates": [ [ -0.2962864, 52.5735173 ], [ -0.296338, 52.5734265 ], [ -0.2964071, 52.5733098 ], [ -0.2965522, 52.5731592 ], [ -0.296728, 52.5729694 ], [ -0.2974079, 52.572852 ], [ -0.2980819, 52.5727531 ], [ -0.2986427, 52.5726657 ], [ -0.2995521, 52.5725244 ], [ -0.299725, 52.5724776 ] ] } },
{ "type": "Feature", "properties": { "id": 78701, "nach": 0.64287336066311129 }, "geometry": { "type": "LineString", "coordinates": [ [ -0.295990577056664, 52.573534160717138 ], [ -0.2962864, 52.5735173 ] ] } },
{ "type": "Feature", "properties": { "id": 78627, "nach": 0.46634414559039367 }, "geometry": { "type": "LineString", "coordinates": [ [ -0.2903855, 52.5763378 ], [ -0.2903829, 52.5766397 ], [ -0.290382, 52.5766542 ] ] } },
{ "type": "Feature", "properties": { "id": 78622, "nach": 0.37267090654517093 }, "geometry": { "type": "LineString", "coordinates": [ [ -0.290382, 52.5766542 ], [ -0.2908658, 52.5766588 ] ] } },
{ "type": "Feature", "properties": { "id": 78619, "nach": 0.52317486537243696 }, "geometry": { "type": "LineString", "coordinates": [ [ -0.2908583, 52.5767857 ], [ -0.2908658, 52.5766588 ] ] } },
{ "type": "Feature", "properties": { "id": 79453, "nach": 0.67864337378269568 }, "geometry": { "type": "LineString", "coordinates": [ [ -0.287259, 52.578984099999985 ], [ -0.2872723, 52.5789696 ] ] } },
{ "type": "Feature", "properties": { "id": 79477, "nach": 0.61949728636473889 }, "geometry": { "type": "LineString", "coordinates": [ [ -0.2869258, 52.57817020000001 ], [ -0.2868944, 52.5782349 ], [ -0.2868729, 52.5783009 ], [ -0.2868662, 52.578384 ], [ -0.2868997, 52.5784875 ], [ -0.2869547, 52.5785731 ], [ -0.2870821, 52.578688 ], [ -0.2871867, 52.5788347 ], [ -0.2872095, 52.578926 ], [ -0.2872723, 52.5789696 ] ] } },
{ "type": "Feature", "properties": { "id": 88502, "nach": 0.66187351838016284 }, "geometry": { "type": "LineString", "coordinates": [ [ -0.2864178, 52.580623 ], [ -0.2864421, 52.5805755 ], [ -0.2864902, 52.580322500000023 ], [ -0.2865616, 52.5800461 ], [ -0.2866298, 52.5799047 ], [ -0.286664, 52.579821100000011 ], [ -0.2867116, 52.579735 ] ] } },
{ "type": "Feature", "properties": { "id": 78484, "nach": 0.53724445082809302 }, "geometry": { "type": "LineString", "coordinates": [ [ -0.2854544, 52.5800942 ], [ -0.285563, 52.5800885 ], [ -0.2858406, 52.58005350000002 ], [ -0.2860566, 52.5800086 ], [ -0.2863516, 52.5799239 ], [ -0.2866, 52.5797948 ], [ -0.2867116, 52.579735 ] ] } },
{ "type": "Feature", "properties": { "id": 79455, "nach": 0.51404044191909903 }, "geometry": { "type": "LineString", "coordinates": [ [ -0.287259, 52.578984099999985 ], [ -0.2865931, 52.5787772 ], [ -0.286632, 52.578729100000011 ], [ -0.2864081, 52.5786582 ], [ -0.286518, 52.578534400000017 ] ] } },
{ "type": "Feature", "properties": { "id": 88503, "nach": 0.58730679696857591 }, "geometry": { "type": "LineString", "coordinates": [ [ -0.2864178, 52.580623 ], [ -0.2862346, 52.580503 ], [ -0.2858792, 52.5802911 ], [ -0.285615, 52.5801338 ], [ -0.2854544, 52.5800942 ] ] } },
{ "type": "Feature", "properties": { "id": 78487, "nach": 0.60754168628253469 }, "geometry": { "type": "LineString", "coordinates": [ [ -0.2849213, 52.5799334 ], [ -0.2853766, 52.580079500000011 ], [ -0.2854544, 52.5800942 ] ] } },
{ "type": "Feature", "properties": { "id": 30200, "nach": 0.65952303529778888 }, "geometry": { "type": "LineString", "coordinates": [ [ -0.286077, 52.5818921 ], [ -0.2860733, 52.5817993 ], [ -0.2860681, 52.5816682 ], [ -0.2860601, 52.5814691 ], [ -0.2860807, 52.5814029 ] ] } },
{ "type": "Feature", "properties": { "id": 78573, "nach": 0.48927629261203665 }, "geometry": { "type": "LineString", "coordinates": [ [ -0.2864339, 52.5813911 ], [ -0.2862609, 52.5813674 ], [ -0.2861724, 52.5814057 ], [ -0.2860807, 52.5814029 ] ] } },
{ "type": "Feature", "properties": { "id": 67726, "nach": 0.48741510794425646 }, "geometry": { "type": "LineString", "coordinates": [ [ -0.2873128, 52.5819147 ], [ -0.2868904, 52.5818945 ], [ -0.286077, 52.5818921 ] ] } },
{ "type": "Feature", "properties": { "id": 67733, "nach": 0.55121109165056892 }, "geometry": { "type": "LineString", "coordinates": [ [ -0.286456, 52.581697 ], [ -0.2863897, 52.5817795 ], [ -0.2863708, 52.5818026 ], [ -0.286077, 52.5818921 ] ] } },
{ "type": "Feature", "properties": { "id": 78572, "nach": 0.51627350401953676 }, "geometry": { "type": "LineString", "coordinates": [ [ -0.2864339, 52.5813911 ], [ -0.286456, 52.581697 ] ] } },
{ "type": "Feature", "properties": { "id": 78574, "nach": 0.52638086935710837 }, "geometry": { "type": "LineString", "coordinates": [ [ -0.2866513, 52.5813853 ], [ -0.2864339, 52.5813911 ] ] } },
{ "type": "Feature", "properties": { "id": 67724, "nach": 0.50508175126762533 }, "geometry": { "type": "LineString", "coordinates": [ [ -0.2873128, 52.5819147 ], [ -0.2875396, 52.581903 ] ] } },
{ "type": "Feature", "properties": { "id": 67728, "nach": 0.38452324276101058 }, "geometry": { "type": "LineString", "coordinates": [ [ -0.2872982, 52.5817518 ], [ -0.2873128, 52.5819147 ] ] } },
{ "type": "Feature", "properties": { "id": 67732, "nach": 0.46424057785274714 }, "geometry": { "type": "LineString", "coordinates": [ [ -0.286456, 52.581697 ], [ -0.2865172, 52.581621 ], [ -0.2869747, 52.5816063 ], [ -0.2870653, 52.5815912 ], [ -0.2871232, 52.5815483 ], [ -0.2871484, 52.5814955 ], [ -0.2871519, 52.58146090000001 ] ] } },
{ "type": "Feature", "properties": { "id": 67736, "nach": 0.45013153374911158 }, "geometry": { "type": "LineString", "coordinates": [ [ -0.2872282, 52.5817273 ], [ -0.2870285, 52.581689 ], [ -0.286456, 52.581697 ] ] } },
{ "type": "Feature", "properties": { "id": 83355, "nach": 0.69537331191638685 }, "geometry": { "type": "LineString", "coordinates": [ [ -0.2850126, 52.584559 ], [ -0.2850077, 52.584565 ], [ -0.2849093, 52.5847786 ] ] } },
{ "type": "Feature", "properties": { "id": 83360, "nach": 0.59861082757540773 }, "geometry": { "type": "LineString", "coordinates": [ [ -0.2844644, 52.5843125 ], [ -0.2846414, 52.5844274 ], [ -0.2850126, 52.584559 ] ] } },
{ "type": "Feature", "properties": { "id": 54287, "nach": 0.66444302674844091 }, "geometry": { "type": "LineString", "coordinates": [ [ -0.2863944, 52.5856404 ], [ -0.286161, 52.5855283 ], [ -0.2858497, 52.5852692 ], [ -0.2855817, 52.58501 ], [ -0.2853339, 52.5848927 ], [ -0.2849093, 52.5847786 ] ] } },
{ "type": "Feature", "properties": { "id": 61203, "nach": 0.44015344220893599 }, "geometry": { "type": "LineString", "coordinates": [ [ -0.2854526, 52.5817403 ], [ -0.2858038, 52.5817382 ] ] } },
{ "type": "Feature", "properties": { "id": 61206, "nach": 0.43488631060888372 }, "geometry": { "type": "LineString", "coordinates": [ [ -0.2856848, 52.5820395 ], [ -0.2854614, 52.5820431 ], [ -0.2854526, 52.5817403 ] ] } },
{ "type": "Feature", "properties": { "id": 78520, "nach": 0.47619797404828584 }, "geometry": { "type": "LineString", "coordinates": [ [ -0.2841887, 52.5800883 ], [ -0.2842951, 52.5800367 ] ] } },
{ "type": "Feature", "properties": { "id": 78503, "nach": 0.56232746806609057 }, "geometry": { "type": "LineString", "coordinates": [ [ -0.2844831, 52.5796971 ], [ -0.2843731, 52.579819 ], [ -0.284357, 52.579836900000011 ], [ -0.2842497, 52.5799644 ], [ -0.2842951, 52.5800367 ] ] } },
{ "type": "Feature", "properties": { "id": 78525, "nach": 0.44380251227348377 }, "geometry": { "type": "LineString", "coordinates": [ [ -0.2838566, 52.5803199 ], [ -0.283897, 52.580271600000017 ], [ -0.2840694, 52.5802333 ], [ -0.2841069, 52.580188100000015 ], [ -0.2841223, 52.5801686 ], [ -0.2841887, 52.5800883 ] ] } },
{ "type": "Feature", "properties": { "id": 78508, "nach": 0.57539516391023282 }, "geometry": { "type": "LineString", "coordinates": [ [ -0.2847803, 52.5797941 ], [ -0.2844831, 52.5796971 ] ] } },
{ "type": "Feature", "properties": { "id": 78513, "nach": 0.0 }, "geometry": { "type": "LineString", "coordinates": [ [ -0.2849458, 52.5794804 ], [ -0.2846018, 52.5793703 ], [ -0.2845736, 52.5794013 ], [ -0.2845683, 52.5794889 ], [ -0.2845005, 52.5795659 ], [ -0.2844831, 52.5796971 ] ] } },
{ "type": "Feature", "properties": { "id": 55647, "nach": 0.54181668769252012 }, "geometry": { "type": "LineString", "coordinates": [ [ -0.2964319, 52.5768363 ], [ -0.2964561, 52.576803700000013 ], [ -0.2964561, 52.57674930000001 ], [ -0.2964758, 52.5766853 ] ] } },
{ "type": "Feature", "properties": { "id": 55660, "nach": 0.56872883622041959 }, "geometry": { "type": "LineString", "coordinates": [ [ -0.2966088, 52.5768824 ], [ -0.2964319, 52.5768363 ] ] } },
{ "type": "Feature", "properties": { "id": 36858, "nach": 0.52701394304048021 }, "geometry": { "type": "LineString", "coordinates": [ [ -0.297133, 52.5761156 ], [ -0.2970456, 52.576191 ], [ -0.2968769, 52.5763059 ], [ -0.2966797, 52.576422 ], [ -0.2965374, 52.5765344 ], [ -0.2964906, 52.5766135 ], [ -0.2964758, 52.5766853 ] ] } },
{ "type": "Feature", "properties": { "id": 55665, "nach": 0.27090939481928117 }, "geometry": { "type": "LineString", "coordinates": [ [ -0.2968402, 52.5766508 ], [ -0.2967954, 52.5766246 ], [ -0.2967523, 52.5766039 ], [ -0.2967103, 52.5765982 ], [ -0.2966659, 52.5766024 ], [ -0.2966099, 52.5766173 ], [ -0.2965398, 52.576647800000011 ], [ -0.2964758, 52.5766853 ] ] } },
{ "type": "Feature", "properties": { "id": 36859, "nach": 0.41799907871755232 }, "geometry": { "type": "LineString", "coordinates": [ [ -0.2971478, 52.5760647 ], [ -0.297133, 52.5761156 ] ] } },
{ "type": "Feature", "properties": { "id": 36863, "nach": 0.48955338104297519 }, "geometry": { "type": "LineString", "coordinates": [ [ -0.2973427, 52.5760918 ], [ -0.297133, 52.5761156 ] ] } },
{ "type": "Feature", "properties": { "id": 55664, "nach": 0.264592185864993 }, "geometry": { "type": "LineString", "coordinates": [ [ -0.2968402, 52.5766508 ], [ -0.2972185, 52.5768636 ] ] } },
{ "type": "Feature", "properties": { "id": 55663, "nach": 0.42572686847519575 }, "geometry": { "type": "LineString", "coordinates": [ [ -0.2968402, 52.5766508 ], [ -0.2966088, 52.5768824 ] ] } },
{ "type": "Feature", "properties": { "id": 36865, "nach": 0.45957675617035937 }, "geometry": { "type": "LineString", "coordinates": [ [ -0.2973427, 52.5760918 ], [ -0.2973575, 52.5761043 ], [ -0.297378, 52.5761133 ], [ -0.2974021, 52.5761179 ], [ -0.297429, 52.5761175 ], [ -0.2974541, 52.5761116 ], [ -0.2974744, 52.5761009 ], [ -0.2974878, 52.5760868 ], [ -0.2974926, 52.5760707 ], [ -0.2974882, 52.5760546 ], [ -0.2974752, 52.5760403 ], [ -0.2974551, 52.5760295 ] ] } },
{ "type": "Feature", "properties": { "id": 36866, "nach": 0.4089226641225252 }, "geometry": { "type": "LineString", "coordinates": [ [ -0.2974603, 52.5758935 ], [ -0.2974442, 52.575946 ], [ -0.2974384, 52.575980800000011 ], [ -0.2974384, 52.576003500000013 ], [ -0.2974551, 52.5760295 ] ] } },
{ "type": "Feature", "properties": { "id": 54118, "nach": 0.67117611331052962 }, "geometry": { "type": "LineString", "coordinates": [ [ -0.2870181, 52.58583260000001 ], [ -0.2867224, 52.5857652 ] ] } },
{ "type": "Feature", "properties": { "id": 54133, "nach": 0.54267596020230913 }, "geometry": { "type": "LineString", "coordinates": [ [ -0.2888203, 52.584243400000013 ], [ -0.288196, 52.5840154 ] ] } },
{ "type": "Feature", "properties": { "id": 54132, "nach": 0.60843997869227295 }, "geometry": { "type": "LineString", "coordinates": [ [ -0.2888203, 52.584243400000013 ], [ -0.2889906, 52.5843056 ] ] } },
{ "type": "Feature", "properties": { "id": 54140, "nach": 0.5161094838233321 }, "geometry": { "type": "LineString", "coordinates": [ [ -0.2885941, 52.5819187 ], [ -0.2885724, 52.5819636 ], [ -0.2885218, 52.5820029 ], [ -0.2884539, 52.5820308 ], [ -0.2883927, 52.5820502 ] ] } },
{ "type": "Feature", "properties": { "id": 54145, "nach": 0.64102089432794718 }, "geometry": { "type": "LineString", "coordinates": [ [ -0.2883927, 52.5820502 ], [ -0.288110355377326, 52.581918514829141 ] ] } },
{ "type": "Feature", "properties": { "id": 54146, "nach": 0.55272899361707761 }, "geometry": { "type": "LineString", "coordinates": [ [ -0.2881128, 52.5815774 ], [ -0.2886517, 52.5818063 ], [ -0.2886849, 52.5818279 ], [ -0.2887039, 52.5818538 ], [ -0.2887131, 52.5819155 ] ] } },
{ "type": "Feature", "properties": { "id": 54145, "nach": 0.64102089432794718 }, "geometry": { "type": "LineString", "coordinates": [ [ -0.288110355377326, 52.581918514829141 ], [ -0.2881128, 52.5815774 ] ] } },
{ "type": "Feature", "properties": { "id": 54142, "nach": 0.62122922484469267 }, "geometry": { "type": "LineString", "coordinates": [ [ -0.2887131, 52.5819155 ], [ -0.2885941, 52.5819187 ] ] } },
{ "type": "Feature", "properties": { "id": 67692, "nach": 0.66296189222734625 }, "geometry": { "type": "LineString", "coordinates": [ [ -0.2885941, 52.5819187 ], [ -0.2879975361852, 52.581912971904579 ] ] } },
{ "type": "Feature", "properties": { "id": 38283, "nach": 0.63965097540397087 }, "geometry": { "type": "LineString", "coordinates": [ [ -0.29079668935392, 52.578050068487201 ], [ -0.2906051, 52.5781476 ] ] } },
{ "type": "Feature", "properties": { "id": 54141, "nach": 0.63316494100633225 }, "geometry": { "type": "LineString", "coordinates": [ [ -0.2887131, 52.5819155 ], [ -0.2888243, 52.5819125 ] ] } },
{ "type": "Feature", "properties": { "id": 45471, "nach": 0.57720924688931119 }, "geometry": { "type": "LineString", "coordinates": [ [ -0.2902744, 52.5821082 ], [ -0.2892673, 52.58200020000001 ], [ -0.2889079, 52.5819383 ], [ -0.2888243, 52.5819125 ] ] } },
{ "type": "Feature", "properties": { "id": 45486, "nach": 0.58091273458803183 }, "geometry": { "type": "LineString", "coordinates": [ [ -0.2900685, 52.581251 ], [ -0.2897791, 52.5814194 ], [ -0.2894587, 52.5816265 ], [ -0.2892012, 52.5817916 ], [ -0.2890524, 52.5818635 ], [ -0.2889476, 52.581892 ], [ -0.2888243, 52.5819125 ] ] } },
{ "type": "Feature", "properties": { "id": 45487, "nach": 0.5209311687110989 }, "geometry": { "type": "LineString", "coordinates": [ [ -0.2900685, 52.581251 ], [ -0.289906, 52.5814345 ], [ -0.28987, 52.5815384 ], [ -0.2898613, 52.581628 ], [ -0.2898881, 52.5817474 ], [ -0.2899435, 52.581856099999989 ], [ -0.2900366, 52.5819528 ], [ -0.290131, 52.5820318 ], [ -0.2902744, 52.5821082 ] ] } },
{ "type": "Feature", "properties": { "id": 89470, "nach": 0.60158037741347548 }, "geometry": { "type": "LineString", "coordinates": [ [ -0.2917144, 52.580249 ], [ -0.2915043, 52.5803317 ], [ -0.2912736, 52.5804311 ], [ -0.2909491, 52.5806283 ], [ -0.2907318, 52.5808059 ], [ -0.2904368, 52.5810162 ], [ -0.2900685, 52.581251 ] ] } },
{ "type": "Feature", "properties": { "id": 78639, "nach": 0.55585206848076818 }, "geometry": { "type": "LineString", "coordinates": [ [ -0.290712578088081, 52.577967232732476 ], [ -0.2905415, 52.5780324 ] ] } },
{ "type": "Feature", "properties": { "id": 78594, "nach": 0.4774817882996748 }, "geometry": { "type": "LineString", "coordinates": [ [ -0.2858311, 52.580677 ], [ -0.2858872, 52.580529 ] ] } },
{ "type": "Feature", "properties": { "id": 78598, "nach": 0.47593157630405231 }, "geometry": { "type": "LineString", "coordinates": [ [ -0.2854166, 52.5806145 ], [ -0.2855507, 52.5806406 ], [ -0.2858311, 52.580677 ] ] } },
{ "type": "Feature", "properties": { "id": 89469, "nach": 0.60337274854172163 }, "geometry": { "type": "LineString", "coordinates": [ [ -0.2917144, 52.580249 ], [ -0.2919308, 52.5801638 ], [ -0.2924082, 52.5799584 ], [ -0.2928803, 52.57975960000001 ], [ -0.2931775, 52.5796371 ] ] } },
{ "type": "Feature", "properties": { "id": 89471, "nach": 0.47065911924077064 }, "geometry": { "type": "LineString", "coordinates": [ [ -0.2917144, 52.580249 ], [ -0.291724, 52.5802958 ], [ -0.2917265, 52.580308799999983 ], [ -0.2917581, 52.5803269 ], [ -0.2918452, 52.580333200000013 ], [ -0.292289, 52.580347400000015 ] ] } },
{ "type": "Feature", "properties": { "id": 82202, "nach": 0.18002533842278495 }, "geometry": { "type": "LineString", "coordinates": [ [ -0.306933742454603, 52.58026136174356 ], [ -0.29614, 52.578398 ] ] } },
{ "type": "Feature", "properties": { "id": 89464, "nach": 0.57122266875471894 }, "geometry": { "type": "LineString", "coordinates": [ [ -0.2937767, 52.5801951 ], [ -0.2931775, 52.5796371 ] ] } },
{ "type": "Feature", "properties": { "id": 78579, "nach": 0.50714132252381106 }, "geometry": { "type": "LineString", "coordinates": [ [ -0.2875989, 52.5818175 ], [ -0.2875797, 52.5818316 ], [ -0.2875396, 52.581903 ] ] } },
{ "type": "Feature", "properties": { "id": 67692, "nach": 0.66296189222734625 }, "geometry": { "type": "LineString", "coordinates": [ [ -0.288110355377326, 52.581918514829141 ], [ -0.2875396, 52.581903 ] ] } },
{ "type": "Feature", "properties": { "id": 55662, "nach": 0.54668883026328563 }, "geometry": { "type": "LineString", "coordinates": [ [ -0.2966088, 52.5768824 ], [ -0.2966425, 52.5768912 ], [ -0.2968083, 52.5769594 ] ] } },
{ "type": "Feature", "properties": { "id": 55656, "nach": 0.51507570336519881 }, "geometry": { "type": "LineString", "coordinates": [ [ -0.2968083, 52.5769594 ], [ -0.2970126, 52.5770436 ] ] } },
{ "type": "Feature", "properties": { "id": 55653, "nach": 0.42101310186837843 }, "geometry": { "type": "LineString", "coordinates": [ [ -0.2972185, 52.5768636 ], [ -0.2970126, 52.5770436 ] ] } },
{ "type": "Feature", "properties": { "id": 55668, "nach": 0.46140113974422986 }, "geometry": { "type": "LineString", "coordinates": [ [ -0.2974468, 52.5769849 ], [ -0.2973104, 52.5770648 ], [ -0.297187, 52.5770974 ], [ -0.2970126, 52.5770436 ] ] } },
{ "type": "Feature", "properties": { "id": 55659, "nach": 0.42780952243790604 }, "geometry": { "type": "LineString", "coordinates": [ [ -0.2969639, 52.5768182 ], [ -0.2968083, 52.5769594 ] ] } },
{ "type": "Feature", "properties": { "id": 55666, "nach": 0.2426847707320629 }, "geometry": { "type": "LineString", "coordinates": [ [ -0.2974468, 52.5769849 ], [ -0.2972185, 52.5768636 ] ] } },
{ "type": "Feature", "properties": { "id": 55667, "nach": 0.41005294592942082 }, "geometry": { "type": "LineString", "coordinates": [ [ -0.2974468, 52.5769849 ], [ -0.2975843, 52.5769043 ], [ -0.2980842, 52.5766117 ] ] } },
{ "type": "Feature", "properties": { "id": 56144, "nach": 0.40436995310956919 }, "geometry": { "type": "LineString", "coordinates": [ [ -0.2967884, 52.5743029 ], [ -0.2967129, 52.5746899 ], [ -0.296718, 52.5747281 ], [ -0.2967406, 52.5747572 ], [ -0.2967784, 52.574775500000015 ], [ -0.2968212, 52.5747877 ], [ -0.2968841, 52.5747908 ], [ -0.2971358, 52.5747923 ], [ -0.2971886, 52.5747954 ], [ -0.2972238, 52.5748061 ] ] } },
{ "type": "Feature", "properties": { "id": 56145, "nach": 0.41738272998038506 }, "geometry": { "type": "LineString", "coordinates": [ [ -0.2973044, 52.5743702 ], [ -0.2972893, 52.5746501 ], [ -0.2972238, 52.5748061 ] ] } },
{ "type": "Feature", "properties": { "id": 67721, "nach": 0.64358112852922411 }, "geometry": { "type": "LineString", "coordinates": [ [ -0.2870434, 52.581151 ], [ -0.2870088, 52.5810729 ] ] } },
{ "type": "Feature", "properties": { "id": 78576, "nach": 0.49093036568245596 }, "geometry": { "type": "LineString", "coordinates": [ [ -0.2866513, 52.5813853 ], [ -0.2866583, 52.5813075 ], [ -0.2866648, 52.5811311 ], [ -0.2866796, 52.5810922 ], [ -0.286729, 52.5810708 ], [ -0.2870088, 52.5810729 ] ] } },
{ "type": "Feature", "properties": { "id": 67723, "nach": 0.37715226338016911 }, "geometry": { "type": "LineString", "coordinates": [ [ -0.2870434, 52.581151 ], [ -0.2872431, 52.5811512 ], [ -0.2874362, 52.5812865 ], [ -0.2876052, 52.5812938 ], [ -0.2879231, 52.5814959 ] ] } },
{ "type": "Feature", "properties": { "id": 67722, "nach": 0.64224632120399883 }, "geometry": { "type": "LineString", "coordinates": [ [ -0.2870434, 52.581151 ], [ -0.2871228, 52.5813304 ], [ -0.2871435, 52.5814285 ], [ -0.2871519, 52.58146090000001 ] ] } },
{ "type": "Feature", "properties": { "id": 78575, "nach": 0.45336979616374901 }, "geometry": { "type": "LineString", "coordinates": [ [ -0.2866513, 52.5813853 ], [ -0.2867128, 52.5813846 ], [ -0.286737, 52.5814098 ], [ -0.2868898, 52.5814123 ], [ -0.2871519, 52.58146090000001 ] ] } },
{ "type": "Feature", "properties": { "id": 78578, "nach": 0.52794458143806822 }, "geometry": { "type": "LineString", "coordinates": [ [ -0.2875989, 52.5818175 ], [ -0.2876428, 52.5817852 ], [ -0.2877299, 52.58175420000002 ], [ -0.287894, 52.5817249 ] ] } },
{ "type": "Feature", "properties": { "id": 78577, "nach": 0.50351831900162658 }, "geometry": { "type": "LineString", "coordinates": [ [ -0.2875989, 52.5818175 ], [ -0.2872982, 52.5817518 ] ] } },
{ "type": "Feature", "properties": { "id": 67702, "nach": 0.65264421504554704 }, "geometry": { "type": "LineString", "coordinates": [ [ -0.287894, 52.5817249 ], [ -0.2879351, 52.5817175 ] ] } },
{ "type": "Feature", "properties": { "id": 67696, "nach": 0.70071236785189528 }, "geometry": { "type": "LineString", "coordinates": [ [ -0.2879975361852, 52.581912971904579 ], [ -0.2879351, 52.5817175 ] ] } },
{ "type": "Feature", "properties": { "id": 67706, "nach": 0.65362410375310642 }, "geometry": { "type": "LineString", "coordinates": [ [ -0.28786, 52.581601 ], [ -0.287894, 52.5817249 ] ] } },
{ "type": "Feature", "properties": { "id": 67709, "nach": 0.56001236853974734 }, "geometry": { "type": "LineString", "coordinates": [ [ -0.2879231, 52.5814959 ], [ -0.28786, 52.581601 ] ] } },
{ "type": "Feature", "properties": { "id": 67738, "nach": 0.64270618388340961 }, "geometry": { "type": "LineString", "coordinates": [ [ -0.287349, 52.5814968 ], [ -0.28786, 52.581601 ] ] } },
{ "type": "Feature", "properties": { "id": 67737, "nach": 0.64834661065981936 }, "geometry": { "type": "LineString", "coordinates": [ [ -0.287349, 52.5814968 ], [ -0.2871519, 52.58146090000001 ] ] } },
{ "type": "Feature", "properties": { "id": 67739, "nach": 0.5003654442070069 }, "geometry": { "type": "LineString", "coordinates": [ [ -0.287349, 52.5814968 ], [ -0.2872282, 52.5817273 ] ] } },
{ "type": "Feature", "properties": { "id": 67734, "nach": 0.51295904960477534 }, "geometry": { "type": "LineString", "coordinates": [ [ -0.2872282, 52.5817273 ], [ -0.2872982, 52.5817518 ] ] } },
{ "type": "Feature", "properties": { "id": 78435, "nach": 0.4610233269681831 }, "geometry": { "type": "LineString", "coordinates": [ [ -0.2882973, 52.5763976 ], [ -0.2882211, 52.5763447 ], [ -0.2882962, 52.5761809 ] ] } },
{ "type": "Feature", "properties": { "id": 78434, "nach": 0.52449697135380258 }, "geometry": { "type": "LineString", "coordinates": [ [ -0.2882973, 52.5763976 ], [ -0.288309, 52.5763915 ] ] } },
{ "type": "Feature", "properties": { "id": 89467, "nach": 0.45295793444868615 }, "geometry": { "type": "LineString", "coordinates": [ [ -0.2930845, 52.5804016 ], [ -0.2932659, 52.5803876 ], [ -0.2935002, 52.5803248 ], [ -0.2937767, 52.5801951 ] ] } },
{ "type": "Feature", "properties": { "id": 79464, "nach": 0.47472649682169626 }, "geometry": { "type": "LineString", "coordinates": [ [ -0.2861645, 52.577879 ], [ -0.2865115, 52.57798840000001 ], [ -0.2865966, 52.5778975 ], [ -0.2866449, 52.5778804 ], [ -0.2867281, 52.5778657 ], [ -0.2868623, 52.5778488 ] ] } },
{ "type": "Feature", "properties": { "id": 79475, "nach": 0.44710897631144103 }, "geometry": { "type": "LineString", "coordinates": [ [ -0.2869258, 52.57817020000001 ], [ -0.286518, 52.578534400000017 ] ] } },
{ "type": "Feature", "properties": { "id": 78453, "nach": 0.47204925708179785 }, "geometry": { "type": "LineString", "coordinates": [ [ -0.2871417, 52.5773944 ], [ -0.2870935, 52.5773797 ], [ -0.2869456, 52.5775584 ], [ -0.2871461, 52.5776197 ] ] } },
{ "type": "Feature", "properties": { "id": 78452, "nach": 0.54269692161827399 }, "geometry": { "type": "LineString", "coordinates": [ [ -0.2871417, 52.5773944 ], [ -0.2874698, 52.5774946 ] ] } },
{ "type": "Feature", "properties": { "id": 78449, "nach": 0.55480537766043148 }, "geometry": { "type": "LineString", "coordinates": [ [ -0.2874698, 52.5774946 ], [ -0.2875665, 52.5773829 ] ] } },
{ "type": "Feature", "properties": { "id": 78455, "nach": 0.47420795927402914 }, "geometry": { "type": "LineString", "coordinates": [ [ -0.2873269, 52.5776673 ], [ -0.2874698, 52.5774946 ] ] } },
{ "type": "Feature", "properties": { "id": 79465, "nach": 0.57400262287892334 }, "geometry": { "type": "LineString", "coordinates": [ [ -0.2898763, 52.5771579 ], [ -0.2898887, 52.57704 ] ] } },
{ "type": "Feature", "properties": { "id": 78472, "nach": 0.5570986801974257 }, "geometry": { "type": "LineString", "coordinates": [ [ -0.2900556, 52.5769446 ], [ -0.29002, 52.576965 ], [ -0.2899816, 52.576986900000016 ], [ -0.2898887, 52.57704 ] ] } },
{ "type": "Feature", "properties": { "id": 79471, "nach": 0.47135385253896256 }, "geometry": { "type": "LineString", "coordinates": [ [ -0.2895816, 52.5769152 ], [ -0.2897841, 52.5770424 ], [ -0.2898887, 52.57704 ] ] } },
{ "type": "Feature", "properties": { "id": 78617, "nach": 0.57864365195195988 }, "geometry": { "type": "LineString", "coordinates": [ [ -0.2901053, 52.5769762 ], [ -0.2900556, 52.5769446 ] ] } },
{ "type": "Feature", "properties": { "id": 78616, "nach": 0.56278074158077052 }, "geometry": { "type": "LineString", "coordinates": [ [ -0.2901053, 52.5769762 ], [ -0.2903513, 52.577132600000013 ] ] } },
{ "type": "Feature", "properties": { "id": 78628, "nach": 0.52904920950849899 }, "geometry": { "type": "LineString", "coordinates": [ [ -0.2904024, 52.57681 ], [ -0.2901053, 52.5769762 ] ] } },
{ "type": "Feature", "properties": { "id": 79449, "nach": 0.36075955610491933 }, "geometry": { "type": "LineString", "coordinates": [ [ -0.2861619, 52.5784205 ], [ -0.2861205, 52.578459 ], [ -0.2861051, 52.5784772 ], [ -0.2860495, 52.5785413 ], [ -0.2859078, 52.578495599999989 ], [ -0.2858837, 52.5785225 ], [ -0.28559, 52.5784296 ] ] } },
{ "type": "Feature", "properties": { "id": 79458, "nach": 0.6120590359438588 }, "geometry": { "type": "LineString", "coordinates": [ [ -0.2860551, 52.5780146 ], [ -0.2860027, 52.5780169 ], [ -0.2859656, 52.578063899999989 ], [ -0.2859492, 52.5780724 ], [ -0.2858816, 52.578153 ], [ -0.2858367, 52.5781396 ], [ -0.2856737, 52.578329099999983 ], [ -0.2856572, 52.578349 ], [ -0.28559, 52.5784296 ] ] } },
{ "type": "Feature", "properties": { "id": 79450, "nach": 0.50375041747559157 }, "geometry": { "type": "LineString", "coordinates": [ [ -0.286518, 52.578534400000017 ], [ -0.2861619, 52.5784205 ] ] } },
{ "type": "Feature", "properties": { "id": 78491, "nach": 0.59605391292183019 }, "geometry": { "type": "LineString", "coordinates": [ [ -0.2849857, 52.5798611 ], [ -0.2849213, 52.5799334 ] ] } },
{ "type": "Feature", "properties": { "id": 78489, "nach": 0.46920336703328275 }, "geometry": { "type": "LineString", "coordinates": [ [ -0.2847959, 52.580074200000013 ], [ -0.2848694, 52.5799898 ], [ -0.2848837, 52.57997360000001 ], [ -0.2849213, 52.5799334 ] ] } },
{ "type": "Feature", "properties": { "id": 78500, "nach": 0.58796414658524931 }, "geometry": { "type": "LineString", "coordinates": [ [ -0.2848621, 52.5798208 ], [ -0.2849857, 52.5798611 ] ] } },
{ "type": "Feature", "properties": { "id": 78497, "nach": 0.43573974123023063 }, "geometry": { "type": "LineString", "coordinates": [ [ -0.2852683, 52.5796983 ], [ -0.2851905, 52.5796979 ], [ -0.2851141, 52.579713 ], [ -0.2849857, 52.5798611 ] ] } },
{ "type": "Feature", "properties": { "id": 78509, "nach": 0.53547277798377491 }, "geometry": { "type": "LineString", "coordinates": [ [ -0.2847803, 52.5797941 ], [ -0.2848621, 52.5798208 ] ] } },
{ "type": "Feature", "properties": { "id": 78506, "nach": 0.53788356300507156 }, "geometry": { "type": "LineString", "coordinates": [ [ -0.2849636, 52.5795322 ], [ -0.2849511, 52.579601399999987 ], [ -0.2850014, 52.5796535 ], [ -0.2848621, 52.5798208 ] ] } },
{ "type": "Feature", "properties": { "id": 78507, "nach": 0.3555927767261321 }, "geometry": { "type": "LineString", "coordinates": [ [ -0.2849636, 52.5795322 ], [ -0.2852006, 52.5796091 ], [ -0.2852187, 52.5796552 ], [ -0.2852683, 52.5796983 ] ] } },
{ "type": "Feature", "properties": { "id": 78512, "nach": 0.54277881376992321 }, "geometry": { "type": "LineString", "coordinates": [ [ -0.2849458, 52.5794804 ], [ -0.2849035, 52.579535400000012 ], [ -0.2848988, 52.5795692 ], [ -0.2848968, 52.57966 ], [ -0.2847803, 52.5797941 ] ] } },
{ "type": "Feature", "properties": { "id": 78644, "nach": 0.45410648100715895 }, "geometry": { "type": "LineString", "coordinates": [ [ -0.2835643, 52.58022780000001 ], [ -0.2838566, 52.5803199 ] ] } },
{ "type": "Feature", "properties": { "id": 78567, "nach": 0.57109872726571398 }, "geometry": { "type": "LineString", "coordinates": [ [ -0.2837274, 52.5830583 ], [ -0.2834946, 52.582968899999983 ], [ -0.2831687, 52.582883299999985 ] ] } },
{ "type": "Feature", "properties": { "id": 78560, "nach": 0.46563363852311662 }, "geometry": { "type": "LineString", "coordinates": [ [ -0.2831687, 52.582883299999985 ], [ -0.2830414, 52.5828506 ], [ -0.2827523, 52.5827665 ] ] } },
{ "type": "Feature", "properties": { "id": 78672, "nach": 0.5418407999889725 }, "geometry": { "type": "LineString", "coordinates": [ [ -0.2831128, 52.5829149 ], [ -0.2831687, 52.582883299999985 ] ] } },
{ "type": "Feature", "properties": { "id": 78603, "nach": 0.4703830985350167 }, "geometry": { "type": "LineString", "coordinates": [ [ -0.290322, 52.5772741 ], [ -0.2906022, 52.5772735 ] ] } },
{ "type": "Feature", "properties": { "id": 78615, "nach": 0.59073221830124756 }, "geometry": { "type": "LineString", "coordinates": [ [ -0.2903513, 52.577132600000013 ], [ -0.2903233, 52.5771484 ], [ -0.290322, 52.5772741 ] ] } },
{ "type": "Feature", "properties": { "id": 78629, "nach": 0.4333850219720769 }, "geometry": { "type": "LineString", "coordinates": [ [ -0.2904024, 52.57681 ], [ -0.290459, 52.576778 ], [ -0.2904754, 52.5767783 ], [ -0.2908583, 52.5767857 ] ] } },
{ "type": "Feature", "properties": { "id": 78630, "nach": 0.49506474789941501 }, "geometry": { "type": "LineString", "coordinates": [ [ -0.2904024, 52.57681 ], [ -0.2903778, 52.5767765 ], [ -0.290382, 52.5766542 ] ] } },
{ "type": "Feature", "properties": { "id": 89485, "nach": 0.48935677028310931 }, "geometry": { "type": "LineString", "coordinates": [ [ -0.2945211, 52.581133 ], [ -0.2941501, 52.5814213 ], [ -0.2939041, 52.5815885 ], [ -0.2938741, 52.5816141 ], [ -0.2938803, 52.5816383 ], [ -0.2939067, 52.5816544 ], [ -0.2942826, 52.5817684 ] ] } },
{ "type": "Feature", "properties": { "id": 89478, "nach": 0.38649149090438928 }, "geometry": { "type": "LineString", "coordinates": [ [ -0.293983, 52.5819941 ], [ -0.2943168, 52.5820964 ] ] } },
{ "type": "Feature", "properties": { "id": 89477, "nach": 0.38273189042618638 }, "geometry": { "type": "LineString", "coordinates": [ [ -0.293983, 52.5819941 ], [ -0.2934782, 52.5818393 ] ] } },
{ "type": "Feature", "properties": { "id": 89480, "nach": 0.46410129777168774 }, "geometry": { "type": "LineString", "coordinates": [ [ -0.2942826, 52.5817684 ], [ -0.293983, 52.5819941 ] ] } },
{ "type": "Feature", "properties": { "id": 219, "nach": 0.53896655688152517 }, "geometry": { "type": "LineString", "coordinates": [ [ -0.285584363602554, 52.57723542663684 ], [ -0.281317422306322, 52.583929973949154 ] ] } },
{ "type": "Feature", "properties": { "id": 224, "nach": 0.0 }, "geometry": { "type": "LineString", "coordinates": [ [ -0.281157527201769, 52.58392349559211 ], [ -0.285464421710556, 52.577181326920986 ] ] } },
{ "type": "Feature", "properties": { "id": 78701, "nach": 0.64287336066311129 }, "geometry": { "type": "LineString", "coordinates": [ [ -0.295846575959286, 52.573542367927793 ], [ -0.295990577056664, 52.573534160717138 ] ] } },
{ "type": "Feature", "properties": { "id": 45492, "nach": 0.72822691814370355 }, "geometry": { "type": "LineString", "coordinates": [ [ -0.29079668935392, 52.578050068487201 ], [ -0.290756021263861, 52.578010017157858 ] ] } },
{ "type": "Feature", "properties": { "id": 45492, "nach": 0.72822691814370355 }, "geometry": { "type": "LineString", "coordinates": [ [ -0.290756021263861, 52.578010017157858 ], [ -0.290712578088081, 52.577967232732476 ] ] } },
{ "type": "Feature", "properties": { "id": 67692, "nach": 0.66296189222734625 }, "geometry": { "type": "LineString", "coordinates": [ [ -0.2879975361852, 52.581912971904579 ], [ -0.28801828277818, 52.581913991214492 ] ] } },
{ "type": "Feature", "properties": { "id": 67692, "nach": 0.66296189222734625 }, "geometry": { "type": "LineString", "coordinates": [ [ -0.28801828277818, 52.581913991214492 ], [ -0.288110355377326, 52.581918514829141 ] ] } }
]
}
