{
"type": "FeatureCollection",
"name": "NORHE_167_NACH_800m",
"crs": { "type": "name", "properties": { "name": "urn:ogc:def:crs:OGC:1.3:CRS84" } },
"features": [
{ "type": "Feature", "properties": { "id": 26155, "nach": 0.0 }, "geometry": { "type": "LineString", "coordinates": [ [ -0.367442, 51.9047765 ], [ -0.3674444, 51.9047584 ], [ -0.3674464, 51.9047493 ], [ -0.3663341, 51.9044124 ], [ -0.3657704, 51.90421280000001 ], [ -0.3651509, 51.9039556 ], [ -0.3648483, 51.9038452 ], [ -0.3646765, 51.9037906 ], [ -0.3644957, 51.903961700000011 ], [ -0.3643703, 51.9040672 ], [ -0.3640633, 51.9043813 ], [ -0.3632249, 51.9046637 ], [ -0.3631053, 51.9047614 ], [ -0.3626531, 51.9052448 ], [ -0.3623627, 51.9054803 ], [ -0.3621398, 51.9056458 ], [ -0.3618576, 51.905796599999988 ], [ -0.3615879, 51.9059659 ], [ -0.3588533, 51.9073399 ], [ -0.3581702, 51.9075438 ], [ -0.3578355, 51.9077153 ], [ -0.3556985, 51.9066676 ], [ -0.355507, 51.906635 ] ] } },
{ "type": "Feature", "properties": { "id": 26085, "nach": 0.31714243818113574 }, "geometry": { "type": "LineString", "coordinates": [ [ -0.3627705, 51.9014358 ], [ -0.3637552, 51.9006436 ], [ -0.3638834, 51.9005598 ], [ -0.3649467, 51.8998594 ] ] } },
{ "type": "Feature", "properties": { "id": 11228, "nach": 0.3982070089499502 }, "geometry": { "type": "LineString", "coordinates": [ [ -0.3631434, 51.8993208 ], [ -0.3634124, 51.899287 ], [ -0.3635619, 51.8992626 ], [ -0.3637206, 51.8992168 ] ] } },
{ "type": "Feature", "properties": { "id": 70830, "nach": 0.0 }, "geometry": { "type": "LineString", "coordinates": [ [ -0.3662698, 51.8958717 ], [ -0.3660486, 51.895806900000011 ], [ -0.3657149, 51.895682 ], [ -0.3651684, 51.89554780000001 ], [ -0.36443770000001, 51.895401 ], [ -0.363781, 51.8953075 ], [ -0.363364, 51.895243300000011 ], [ -0.3625939, 51.8951521 ], [ -0.3623691, 51.8951042 ], [ -0.3620903, 51.8950331 ], [ -0.3616999, 51.8949139 ], [ -0.3618165, 51.8947965 ], [ -0.3616761, 51.8947151 ], [ -0.3614883, 51.894606200000013 ], [ -0.3613141, 51.894497200000011 ], [ -0.3609551, 51.8942678 ], [ -0.3603495, 51.8941923 ], [ -0.3601909, 51.8941908 ], [ -0.3601179, 51.894018900000013 ], [ -0.3601295, 51.8938661 ], [ -0.3601, 51.8937188 ], [ -0.3601167, 51.8936185 ], [ -0.3601183, 51.8935756 ], [ -0.3601205, 51.8935185 ], [ -0.3600296, 51.8934024 ], [ -0.3596711, 51.8934917 ], [ -0.3593318, 51.8932375 ], [ -0.3591317, 51.8930754 ], [ -0.3589077, 51.8929084 ], [ -0.359013, 51.8927867 ], [ -0.3594992, 51.8925717 ], [ -0.3596252, 51.892513 ], [ -0.3593203, 51.8922537 ], [ -0.3589844, 51.8919366 ], [ -0.358394, 51.8911648 ], [ -0.3583481, 51.89109770000001 ], [ -0.3575002, 51.889944200000016 ], [ -0.3572201, 51.8896386 ], [ -0.3568237, 51.889322300000011 ] ] } },
{ "type": "Feature", "properties": { "id": 70832, "nach": 0.42061933133349222 }, "geometry": { "type": "LineString", "coordinates": [ [ -0.3662698, 51.8958717 ], [ -0.3662804, 51.8958755 ], [ -0.3662876, 51.8958778 ] ] } },
{ "type": "Feature", "properties": { "id": 26154, "nach": 0.0 }, "geometry": { "type": "LineString", "coordinates": [ [ -0.367442, 51.9047765 ], [ -0.3674251, 51.9048275 ], [ -0.3673607, 51.9049549 ], [ -0.3672802, 51.9050616 ], [ -0.3670145, 51.905290800000017 ], [ -0.36672270000001, 51.905556300000015 ], [ -0.3664997, 51.9058452 ], [ -0.3664501, 51.9059836 ], [ -0.3663772, 51.9061692 ], [ -0.3663113, 51.9062654 ], [ -0.3662583, 51.9063226 ], [ -0.3661936, 51.9063689 ], [ -0.3660644, 51.9064509 ], [ -0.3656226, 51.906652700000016 ], [ -0.3654188, 51.906752 ], [ -0.3652476, 51.9068518 ], [ -0.3648918, 51.9071194 ], [ -0.3645538, 51.9073701 ], [ -0.3643969, 51.9074735 ], [ -0.3641494, 51.9076055 ], [ -0.3625949, 51.9084296 ], [ -0.3623409, 51.9086379 ], [ -0.362141500000012, 51.9088895 ], [ -0.3620618, 51.9089668 ], [ -0.3615189, 51.909301900000024 ], [ -0.3591827, 51.910657100000023 ], [ -0.3572273, 51.9117293 ], [ -0.3562614, 51.912350600000011 ], [ -0.3553471, 51.9128842 ], [ -0.3544335, 51.9133946 ] ] } },
{ "type": "Feature", "properties": { "id": 26153, "nach": 0.27169840318322741 }, "geometry": { "type": "LineString", "coordinates": [ [ -0.367442, 51.9047765 ], [ -0.3681198, 51.9049366 ] ] } },
{ "type": "Feature", "properties": { "id": 19697, "nach": 0.39708188365575736 }, "geometry": { "type": "LineString", "coordinates": [ [ -0.365365, 51.8986928 ], [ -0.3650908, 51.8987741 ], [ -0.3644215, 51.8989685 ], [ -0.3637206, 51.8992168 ] ] } },
{ "type": "Feature", "properties": { "id": 11223, "nach": 0.37264138001982822 }, "geometry": { "type": "LineString", "coordinates": [ [ -0.3649467, 51.8998594 ], [ -0.3644075, 51.8995359 ], [ -0.3640396, 51.8993064 ], [ -0.3639551, 51.8992617 ], [ -0.3637206, 51.8992168 ] ] } },
{ "type": "Feature", "properties": { "id": 19696, "nach": 0.3625323010927512 }, "geometry": { "type": "LineString", "coordinates": [ [ -0.365365, 51.8986928 ], [ -0.3655164, 51.8987236 ], [ -0.3656701, 51.898752 ], [ -0.3658387, 51.8987848 ], [ -0.3661296, 51.8988539 ], [ -0.3663764, 51.89882410000002 ] ] } },
{ "type": "Feature", "properties": { "id": 58236, "nach": 0.38322802265613909 }, "geometry": { "type": "LineString", "coordinates": [ [ -0.3659851, 51.8983893 ], [ -0.3657041, 51.8985356 ], [ -0.3654663, 51.89864630000001 ], [ -0.365365, 51.8986928 ] ] } },
{ "type": "Feature", "properties": { "id": 19708, "nach": 0.38193444785323982 }, "geometry": { "type": "LineString", "coordinates": [ [ -0.3671738, 51.9008682 ], [ -0.3667871, 51.9006842 ], [ -0.3663464, 51.900569 ], [ -0.3660542, 51.9004927 ], [ -0.3649467, 51.8998594 ] ] } },
{ "type": "Feature", "properties": { "id": 49498, "nach": 0.46430898456625774 }, "geometry": { "type": "LineString", "coordinates": [ [ -0.367292, 51.901057499999986 ], [ -0.3672277, 51.9010091 ], [ -0.3671877, 51.900908 ], [ -0.3671738, 51.9008682 ] ] } },
{ "type": "Feature", "properties": { "id": 65996, "nach": 0.4514513828941108 }, "geometry": { "type": "LineString", "coordinates": [ [ -0.3672736, 51.9003274 ], [ -0.3672756, 51.9003655 ], [ -0.3672197, 51.9006663 ], [ -0.3671757, 51.9008266 ], [ -0.3671738, 51.9008682 ] ] } },
{ "type": "Feature", "properties": { "id": 14734, "nach": 0.58320479180833362 }, "geometry": { "type": "LineString", "coordinates": [ [ -0.3770647, 51.892009 ], [ -0.3770149, 51.891513 ] ] } },
{ "type": "Feature", "properties": { "id": 63246, "nach": 0.47950347704254559 }, "geometry": { "type": "LineString", "coordinates": [ [ -0.3769737, 51.8920174 ], [ -0.3770647, 51.892009 ] ] } },
{ "type": "Feature", "properties": { "id": 63243, "nach": 0.42113146825191428 }, "geometry": { "type": "LineString", "coordinates": [ [ -0.3771649, 51.8919997 ], [ -0.3770647, 51.892009 ] ] } },
{ "type": "Feature", "properties": { "id": 14741, "nach": 0.57157664425633625 }, "geometry": { "type": "LineString", "coordinates": [ [ -0.3780856, 51.8932963 ], [ -0.3776345, 51.8929423 ], [ -0.3773703, 51.8926413 ], [ -0.3770647, 51.892009 ] ] } },
{ "type": "Feature", "properties": { "id": 72243, "nach": 0.51544929995280087 }, "geometry": { "type": "LineString", "coordinates": [ [ -0.3767982, 51.8915278 ], [ -0.3767549, 51.8915307 ], [ -0.3763878, 51.8915557 ], [ -0.3762274, 51.891683900000011 ], [ -0.3764441, 51.8926294 ] ] } },
{ "type": "Feature", "properties": { "id": 72244, "nach": 0.45568392299901095 }, "geometry": { "type": "LineString", "coordinates": [ [ -0.3767982, 51.8915278 ], [ -0.3768018, 51.8915606 ], [ -0.3769252, 51.8918109 ], [ -0.3769737, 51.8920174 ] ] } },
{ "type": "Feature", "properties": { "id": 72237, "nach": 0.48655000367276308 }, "geometry": { "type": "LineString", "coordinates": [ [ -0.3772523, 51.8926093 ], [ -0.3771884, 51.8925292 ], [ -0.3770401, 51.8922455 ], [ -0.3769737, 51.8920174 ] ] } },
{ "type": "Feature", "properties": { "id": 63249, "nach": 0.56276308762115246 }, "geometry": { "type": "LineString", "coordinates": [ [ -0.3771618, 51.8919801 ], [ -0.3771649, 51.8919997 ] ] } },
{ "type": "Feature", "properties": { "id": 71897, "nach": 0.55125337695408461 }, "geometry": { "type": "LineString", "coordinates": [ [ -0.37762320000001, 51.892803 ], [ -0.377396, 51.8924959 ], [ -0.3772102, 51.8921694 ], [ -0.3771649, 51.8919997 ] ] } },
{ "type": "Feature", "properties": { "id": 28074, "nach": 0.54859004214896145 }, "geometry": { "type": "LineString", "coordinates": [ [ -0.3795549, 51.8940947 ], [ -0.3780856, 51.8932963 ] ] } },
{ "type": "Feature", "properties": { "id": 63240, "nach": 0.57807727803247733 }, "geometry": { "type": "LineString", "coordinates": [ [ -0.3780354, 51.8933269 ], [ -0.3780856, 51.8932963 ] ] } },
{ "type": "Feature", "properties": { "id": 63237, "nach": 0.54826282675324745 }, "geometry": { "type": "LineString", "coordinates": [ [ -0.3781643, 51.893246300000015 ], [ -0.3780856, 51.8932963 ] ] } },
{ "type": "Feature", "properties": { "id": 38961, "nach": 0.55257131759589107 }, "geometry": { "type": "LineString", "coordinates": [ [ -0.3802092, 51.8944261 ], [ -0.3795549, 51.8940947 ] ] } },
{ "type": "Feature", "properties": { "id": 71901, "nach": 0.30522814364918249 }, "geometry": { "type": "LineString", "coordinates": [ [ -0.3797112, 51.8939908 ], [ -0.3795549, 51.8940947 ] ] } },
{ "type": "Feature", "properties": { "id": 72231, "nach": 0.58422248814550737 }, "geometry": { "type": "LineString", "coordinates": [ [ -0.3792529, 51.8940151 ], [ -0.3790176, 51.8938936 ], [ -0.3780354, 51.8933269 ] ] } },
{ "type": "Feature", "properties": { "id": 72236, "nach": 0.47895312513401272 }, "geometry": { "type": "LineString", "coordinates": [ [ -0.3772523, 51.8926093 ], [ -0.3774423, 51.8928563 ], [ -0.3776276, 51.8930404 ], [ -0.3780354, 51.8933269 ] ] } },
{ "type": "Feature", "properties": { "id": 63290, "nach": 0.52817297178772193 }, "geometry": { "type": "LineString", "coordinates": [ [ -0.3782455, 51.8933016 ], [ -0.3781643, 51.893246300000015 ] ] } },
{ "type": "Feature", "properties": { "id": 71896, "nach": 0.5717256211628533 }, "geometry": { "type": "LineString", "coordinates": [ [ -0.37762320000001, 51.892803 ], [ -0.3777448, 51.8929252 ], [ -0.3781643, 51.893246300000015 ] ] } },
{ "type": "Feature", "properties": { "id": 19859, "nach": 0.40289333230321733 }, "geometry": { "type": "LineString", "coordinates": [ [ -0.38853, 51.8972905 ], [ -0.3888156, 51.897475900000018 ] ] } },
{ "type": "Feature", "properties": { "id": 63318, "nach": 0.48219472758640142 }, "geometry": { "type": "LineString", "coordinates": [ [ -0.3869224, 51.8967491 ], [ -0.3882302, 51.8971793 ], [ -0.3884827, 51.8972666 ], [ -0.38853, 51.8972905 ] ] } },
{ "type": "Feature", "properties": { "id": 19863, "nach": 0.45394102589273638 }, "geometry": { "type": "LineString", "coordinates": [ [ -0.3848404, 51.8987594 ], [ -0.3854948, 51.898499 ], [ -0.386197, 51.8982211 ], [ -0.38726, 51.8977989 ], [ -0.3879373, 51.8975308 ], [ -0.38853, 51.8972905 ] ] } },
{ "type": "Feature", "properties": { "id": 72186, "nach": 0.59794870683379409 }, "geometry": { "type": "LineString", "coordinates": [ [ -0.3803047, 51.8959987 ], [ -0.3805759, 51.8961432 ] ] } },
{ "type": "Feature", "properties": { "id": 25839, "nach": 0.64833731793866023 }, "geometry": { "type": "LineString", "coordinates": [ [ -0.3800591, 51.8964822 ], [ -0.3803285, 51.8963151 ], [ -0.3805759, 51.8961432 ] ] } },
{ "type": "Feature", "properties": { "id": 38981, "nach": 0.60521429223439338 }, "geometry": { "type": "LineString", "coordinates": [ [ -0.3813163, 51.8955123 ], [ -0.380991, 51.8958062 ], [ -0.3807429, 51.8960126 ], [ -0.3805759, 51.8961432 ] ] } },
{ "type": "Feature", "properties": { "id": 72188, "nach": 0.61543944822288432 }, "geometry": { "type": "LineString", "coordinates": [ [ -0.3803047, 51.8959987 ], [ -0.3800082, 51.8958408 ], [ -0.3798682, 51.8957061 ] ] } },
{ "type": "Feature", "properties": { "id": 72189, "nach": 0.53215955340737053 }, "geometry": { "type": "LineString", "coordinates": [ [ -0.3803047, 51.8959987 ], [ -0.3803354, 51.8959756 ], [ -0.3807048, 51.8959009 ], [ -0.3809033, 51.8957681 ], [ -0.3809341, 51.8957002 ], [ -0.3810685, 51.8955745 ], [ -0.3811697, 51.8955137 ], [ -0.3813116, 51.8954177 ] ] } },
{ "type": "Feature", "properties": { "id": 72187, "nach": 0.43122424261778031 }, "geometry": { "type": "LineString", "coordinates": [ [ -0.3803047, 51.8959987 ], [ -0.3802673, 51.8960269 ] ] } },
{ "type": "Feature", "properties": { "id": 27855, "nach": 0.61911936987533356 }, "geometry": { "type": "LineString", "coordinates": [ [ -0.3804558, 51.8967367 ], [ -0.3800591, 51.8964822 ] ] } },
{ "type": "Feature", "properties": { "id": 63449, "nach": 0.61123947802953049 }, "geometry": { "type": "LineString", "coordinates": [ [ -0.3791427, 51.8969972 ], [ -0.3797914, 51.896632600000011 ], [ -0.3800591, 51.8964822 ] ] } },
{ "type": "Feature", "properties": { "id": 38980, "nach": 0.5735780625257344 }, "geometry": { "type": "LineString", "coordinates": [ [ -0.3813163, 51.8955123 ], [ -0.3813624, 51.8954372 ] ] } },
{ "type": "Feature", "properties": { "id": 63344, "nach": 0.5421132550934088 }, "geometry": { "type": "LineString", "coordinates": [ [ -0.3814094, 51.895457300000011 ], [ -0.3813163, 51.8955123 ] ] } },
{ "type": "Feature", "properties": { "id": 28285, "nach": 0.51085946960944117 }, "geometry": { "type": "LineString", "coordinates": [ [ -0.3844245, 51.9025191 ], [ -0.3839155, 51.9020703 ] ] } },
{ "type": "Feature", "properties": { "id": 28294, "nach": 0.50820064907356144 }, "geometry": { "type": "LineString", "coordinates": [ [ -0.38343890000001, 51.9016498 ], [ -0.3839155, 51.9020703 ] ] } },
{ "type": "Feature", "properties": { "id": 28293, "nach": 0.2702624118714585 }, "geometry": { "type": "LineString", "coordinates": [ [ -0.3868908, 51.9015884 ], [ -0.3841749, 51.901995 ], [ -0.3839155, 51.9020703 ] ] } },
{ "type": "Feature", "properties": { "id": 28284, "nach": 0.51485204400706308 }, "geometry": { "type": "LineString", "coordinates": [ [ -0.3844245, 51.9025191 ], [ -0.3848458, 51.9029052 ] ] } },
{ "type": "Feature", "properties": { "id": 28287, "nach": 0.33751240933778837 }, "geometry": { "type": "LineString", "coordinates": [ [ -0.3844245, 51.9025191 ], [ -0.38449870000001, 51.902478300000013 ], [ -0.387294800000012, 51.9020538 ] ] } },
{ "type": "Feature", "properties": { "id": 28288, "nach": 0.32673790160292032 }, "geometry": { "type": "LineString", "coordinates": [ [ -0.38303030000001, 51.9029521 ], [ -0.3844245, 51.9025191 ] ] } },
{ "type": "Feature", "properties": { "id": 28295, "nach": 0.53105076678936736 }, "geometry": { "type": "LineString", "coordinates": [ [ -0.38343890000001, 51.9016498 ], [ -0.3830946, 51.9013449 ] ] } },
{ "type": "Feature", "properties": { "id": 28296, "nach": 0.45173999813916377 }, "geometry": { "type": "LineString", "coordinates": [ [ -0.38343890000001, 51.9016498 ], [ -0.383637, 51.9016214 ], [ -0.3861383, 51.9012333 ], [ -0.3862196, 51.9012368 ], [ -0.3867896, 51.9013797 ], [ -0.3868322, 51.9014248 ], [ -0.3868908, 51.9015884 ] ] } },
{ "type": "Feature", "properties": { "id": 28291, "nach": 0.46897137213885792 }, "geometry": { "type": "LineString", "coordinates": [ [ -0.3868908, 51.9015884 ], [ -0.3870707, 51.9015623 ] ] } },
{ "type": "Feature", "properties": { "id": 63513, "nach": 0.50827135762458375 }, "geometry": { "type": "LineString", "coordinates": [ [ -0.3878155, 51.9015322 ], [ -0.3877723, 51.901449 ] ] } },
{ "type": "Feature", "properties": { "id": 27700, "nach": 0.48516262783198166 }, "geometry": { "type": "LineString", "coordinates": [ [ -0.38741, 51.9005833 ], [ -0.3877723, 51.901449 ] ] } },
{ "type": "Feature", "properties": { "id": 28275, "nach": 0.41897683928917973 }, "geometry": { "type": "LineString", "coordinates": [ [ -0.3870707, 51.9015623 ], [ -0.3877723, 51.901449 ] ] } },
{ "type": "Feature", "properties": { "id": 63514, "nach": 0.50859671791195038 }, "geometry": { "type": "LineString", "coordinates": [ [ -0.3878155, 51.9015322 ], [ -0.38817190000001, 51.902384300000016 ] ] } },
{ "type": "Feature", "properties": { "id": 63515, "nach": 0.48657416057307712 }, "geometry": { "type": "LineString", "coordinates": [ [ -0.3878155, 51.9015322 ], [ -0.3880491, 51.9014845 ], [ -0.3885629, 51.9014788 ] ] } },
{ "type": "Feature", "properties": { "id": 28217, "nach": 0.50223583409388972 }, "geometry": { "type": "LineString", "coordinates": [ [ -0.3872147, 51.900147 ], [ -0.38741, 51.9005833 ] ] } },
{ "type": "Feature", "properties": { "id": 28272, "nach": 0.47282396972687263 }, "geometry": { "type": "LineString", "coordinates": [ [ -0.3869885, 51.900525 ], [ -0.3872544, 51.9005935 ], [ -0.38733130000001, 51.9005938 ], [ -0.38741, 51.9005833 ] ] } },
{ "type": "Feature", "properties": { "id": 28277, "nach": 0.46410675376716487 }, "geometry": { "type": "LineString", "coordinates": [ [ -0.3870707, 51.9015623 ], [ -0.386989500000012, 51.9012987 ], [ -0.3869088, 51.9009448 ] ] } },
{ "type": "Feature", "properties": { "id": 28279, "nach": 0.45094824881232709 }, "geometry": { "type": "LineString", "coordinates": [ [ -0.387294800000012, 51.9020538 ], [ -0.38710890000001, 51.9016064 ], [ -0.3870707, 51.9015623 ] ] } },
{ "type": "Feature", "properties": { "id": 28206, "nach": 0.40205023707492166 }, "geometry": { "type": "LineString", "coordinates": [ [ -0.389642400000012, 51.901099499999987 ], [ -0.3895568, 51.9014818 ] ] } },
{ "type": "Feature", "properties": { "id": 28211, "nach": 0.43341748586039841 }, "geometry": { "type": "LineString", "coordinates": [ [ -0.3889641, 51.9014758 ], [ -0.3895568, 51.9014818 ] ] } },
{ "type": "Feature", "properties": { "id": 28207, "nach": 0.35249267958913216 }, "geometry": { "type": "LineString", "coordinates": [ [ -0.389642400000012, 51.901099499999987 ], [ -0.3897228, 51.9007126 ] ] } },
{ "type": "Feature", "properties": { "id": 28209, "nach": 0.13096393885733146 }, "geometry": { "type": "LineString", "coordinates": [ [ -0.3890575, 51.9010462 ], [ -0.389642400000012, 51.901099499999987 ] ] } },
{ "type": "Feature", "properties": { "id": 28213, "nach": 0.36774616835408647 }, "geometry": { "type": "LineString", "coordinates": [ [ -0.3889641, 51.9014758 ], [ -0.3890575, 51.9010462 ] ] } },
{ "type": "Feature", "properties": { "id": 28221, "nach": 0.47277836769542114 }, "geometry": { "type": "LineString", "coordinates": [ [ -0.3885629, 51.9014788 ], [ -0.3889641, 51.9014758 ] ] } },
{ "type": "Feature", "properties": { "id": 51857, "nach": 0.55234551983196001 }, "geometry": { "type": "LineString", "coordinates": [ [ -0.3824446, 51.9046179 ], [ -0.3828524, 51.9045152 ] ] } },
{ "type": "Feature", "properties": { "id": 27813, "nach": 0.55286289613253892 }, "geometry": { "type": "LineString", "coordinates": [ [ -0.3836054, 51.9043204 ], [ -0.38305830000001, 51.9044637 ], [ -0.3828524, 51.9045152 ] ] } },
{ "type": "Feature", "properties": { "id": 83727, "nach": 0.30404049485928841 }, "geometry": { "type": "LineString", "coordinates": [ [ -0.38289110000001, 51.904568 ], [ -0.3828706, 51.9045395 ], [ -0.3828524, 51.9045152 ] ] } },
{ "type": "Feature", "properties": { "id": 51858, "nach": 0.49344473303645103 }, "geometry": { "type": "LineString", "coordinates": [ [ -0.3824446, 51.9046179 ], [ -0.3821012, 51.904716 ] ] } },
{ "type": "Feature", "properties": { "id": 83724, "nach": 0.55574651501853778 }, "geometry": { "type": "LineString", "coordinates": [ [ -0.3824128, 51.9045724 ], [ -0.3824446, 51.9046179 ] ] } },
{ "type": "Feature", "properties": { "id": 83721, "nach": 0.48022682973467246 }, "geometry": { "type": "LineString", "coordinates": [ [ -0.3824731, 51.9046586 ], [ -0.3824446, 51.9046179 ] ] } },
{ "type": "Feature", "properties": { "id": 27812, "nach": 0.54597005829604217 }, "geometry": { "type": "LineString", "coordinates": [ [ -0.3836054, 51.9043204 ], [ -0.3838212, 51.9042469 ], [ -0.3841705, 51.9041375 ] ] } },
{ "type": "Feature", "properties": { "id": 83748, "nach": 0.41624178243939347 }, "geometry": { "type": "LineString", "coordinates": [ [ -0.38365, 51.9043587 ], [ -0.3836054, 51.9043204 ] ] } },
{ "type": "Feature", "properties": { "id": 83728, "nach": 0.51615512956688581 }, "geometry": { "type": "LineString", "coordinates": [ [ -0.38289110000001, 51.904568 ], [ -0.3829298, 51.90464 ], [ -0.3830449, 51.9047729 ], [ -0.3834508, 51.905267399999985 ], [ -0.3848349, 51.906599300000011 ], [ -0.3848712, 51.906636 ] ] } },
{ "type": "Feature", "properties": { "id": 83730, "nach": 0.5258563847414669 }, "geometry": { "type": "LineString", "coordinates": [ [ -0.38289110000001, 51.904568 ], [ -0.38277150000001, 51.9045979 ], [ -0.3826843, 51.9046021 ], [ -0.3824731, 51.9046586 ] ] } },
{ "type": "Feature", "properties": { "id": 83749, "nach": 0.505665332199284 }, "geometry": { "type": "LineString", "coordinates": [ [ -0.38365, 51.9043587 ], [ -0.383532, 51.9043987 ], [ -0.38308390000001, 51.9045042 ], [ -0.3829961, 51.9045386 ], [ -0.38289110000001, 51.904568 ] ] } },
{ "type": "Feature", "properties": { "id": 28230, "nach": 0.56057413446163118 }, "geometry": { "type": "LineString", "coordinates": [ [ -0.3851409, 51.903277 ], [ -0.3854293, 51.9036731 ], [ -0.3854844, 51.90372330000001 ] ] } },
{ "type": "Feature", "properties": { "id": 14800, "nach": 0.56900768277748515 }, "geometry": { "type": "LineString", "coordinates": [ [ -0.3861541, 51.90359560000001 ], [ -0.3857941, 51.9036626 ], [ -0.3856294, 51.9036986 ], [ -0.3854844, 51.90372330000001 ] ] } },
{ "type": "Feature", "properties": { "id": 19876, "nach": 0.5840311943458959 }, "geometry": { "type": "LineString", "coordinates": [ [ -0.3844132, 51.9040577 ], [ -0.3853382, 51.90376590000001 ], [ -0.3854844, 51.90372330000001 ] ] } },
{ "type": "Feature", "properties": { "id": 28229, "nach": 0.55763291339060062 }, "geometry": { "type": "LineString", "coordinates": [ [ -0.3851409, 51.903277 ], [ -0.3848458, 51.9029052 ] ] } },
{ "type": "Feature", "properties": { "id": 28232, "nach": 0.33068808163200714 }, "geometry": { "type": "LineString", "coordinates": [ [ -0.3851409, 51.903277 ], [ -0.3868151, 51.903005200000017 ], [ -0.38821340000001, 51.902936 ] ] } },
{ "type": "Feature", "properties": { "id": 28233, "nach": 0.38413416832599706 }, "geometry": { "type": "LineString", "coordinates": [ [ -0.3833985, 51.9038511 ], [ -0.385043100000012, 51.9033283 ], [ -0.3851409, 51.903277 ] ] } },
{ "type": "Feature", "properties": { "id": 27724, "nach": 0.51312369489070109 }, "geometry": { "type": "LineString", "coordinates": [ [ -0.3867366, 51.9048418 ], [ -0.3861696, 51.9036296 ], [ -0.3861541, 51.90359560000001 ] ] } },
{ "type": "Feature", "properties": { "id": 27810, "nach": 0.55309975953855084 }, "geometry": { "type": "LineString", "coordinates": [ [ -0.387821600000012, 51.9034288 ], [ -0.3871697, 51.9034497 ], [ -0.386621400000011, 51.9035268 ], [ -0.3862622, 51.9035785 ], [ -0.3861541, 51.90359560000001 ] ] } },
{ "type": "Feature", "properties": { "id": 51853, "nach": 0.58321046407530608 }, "geometry": { "type": "LineString", "coordinates": [ [ -0.3842649, 51.904104 ], [ -0.3844132, 51.9040577 ] ] } },
{ "type": "Feature", "properties": { "id": 83758, "nach": 0.40378937296089884 }, "geometry": { "type": "LineString", "coordinates": [ [ -0.384383600000011, 51.904018700000016 ], [ -0.3844132, 51.9040577 ] ] } },
{ "type": "Feature", "properties": { "id": 83756, "nach": 0.0 }, "geometry": { "type": "LineString", "coordinates": [ [ -0.38430090000001, 51.9041512 ], [ -0.3844518, 51.9041022 ], [ -0.3844132, 51.9040577 ] ] } },
{ "type": "Feature", "properties": { "id": 63581, "nach": 0.50393178918128034 }, "geometry": { "type": "LineString", "coordinates": [ [ -0.38687, 51.9051501 ], [ -0.3867366, 51.9048418 ] ] } },
{ "type": "Feature", "properties": { "id": 27753, "nach": 0.43646757532081687 }, "geometry": { "type": "LineString", "coordinates": [ [ -0.3892182, 51.9052509 ], [ -0.3889793, 51.9049897 ], [ -0.3888264, 51.9048886 ], [ -0.388590400000012, 51.9047911 ], [ -0.3882924, 51.904722100000015 ], [ -0.388074300000011, 51.9047128 ], [ -0.3867366, 51.9048418 ] ] } },
{ "type": "Feature", "properties": { "id": 27809, "nach": 0.55358883749639276 }, "geometry": { "type": "LineString", "coordinates": [ [ -0.387821600000012, 51.9034288 ], [ -0.388040700000011, 51.9034254 ], [ -0.3882583, 51.9034191 ] ] } },
{ "type": "Feature", "properties": { "id": 27811, "nach": 0.40236842757788455 }, "geometry": { "type": "LineString", "coordinates": [ [ -0.387821600000012, 51.9034288 ], [ -0.3878402, 51.9034739 ], [ -0.3880369, 51.903952 ] ] } },
{ "type": "Feature", "properties": { "id": 60910, "nach": 0.55811584737661868 }, "geometry": { "type": "LineString", "coordinates": [ [ -0.3891331, 51.9034008 ], [ -0.3882583, 51.9034191 ] ] } },
{ "type": "Feature", "properties": { "id": 28228, "nach": 0.53170482056637369 }, "geometry": { "type": "LineString", "coordinates": [ [ -0.38821340000001, 51.902936 ], [ -0.388261, 51.9033821 ], [ -0.3882583, 51.9034191 ] ] } },
{ "type": "Feature", "properties": { "id": 60909, "nach": 0.55729929967019776 }, "geometry": { "type": "LineString", "coordinates": [ [ -0.3891331, 51.9034008 ], [ -0.3893622, 51.903378 ] ] } },
{ "type": "Feature", "properties": { "id": 60912, "nach": 0.40771277903615649 }, "geometry": { "type": "LineString", "coordinates": [ [ -0.388806, 51.90314510000001 ], [ -0.3890026, 51.9031403 ], [ -0.3890652, 51.9031415 ], [ -0.38909220000001, 51.9031492 ], [ -0.3891105, 51.903179 ], [ -0.3891331, 51.9034008 ] ] } },
{ "type": "Feature", "properties": { "id": 28225, "nach": 0.52844525946216903 }, "geometry": { "type": "LineString", "coordinates": [ [ -0.38821340000001, 51.902936 ], [ -0.38817190000001, 51.902384300000016 ] ] } },
{ "type": "Feature", "properties": { "id": 28227, "nach": 0.0 }, "geometry": { "type": "LineString", "coordinates": [ [ -0.38821340000001, 51.902936 ], [ -0.3889437, 51.9028716 ], [ -0.389008, 51.902858300000013 ], [ -0.3890295, 51.9027921 ], [ -0.388900700000011, 51.9023751 ], [ -0.3888256, 51.9020772 ], [ -0.3885629, 51.9014788 ] ] } },
{ "type": "Feature", "properties": { "id": 63574, "nach": 0.51315177636679388 }, "geometry": { "type": "LineString", "coordinates": [ [ -0.3896301, 51.9033408 ], [ -0.3893622, 51.903378 ] ] } },
{ "type": "Feature", "properties": { "id": 25610, "nach": 0.5550493514712328 }, "geometry": { "type": "LineString", "coordinates": [ [ -0.38967470000001, 51.9042071 ], [ -0.3893723, 51.9034043 ], [ -0.3893622, 51.903378 ] ] } },
{ "type": "Feature", "properties": { "id": 63573, "nach": 0.40794907100447947 }, "geometry": { "type": "LineString", "coordinates": [ [ -0.3896301, 51.9033408 ], [ -0.3898093, 51.9033098 ] ] } },
{ "type": "Feature", "properties": { "id": 63575, "nach": 0.40888890070604977 }, "geometry": { "type": "LineString", "coordinates": [ [ -0.3896301, 51.9033408 ], [ -0.3896446, 51.90338220000001 ] ] } },
{ "type": "Feature", "properties": { "id": 72063, "nach": 0.44651462016047955 }, "geometry": { "type": "LineString", "coordinates": [ [ -0.389786500000013, 51.9032371 ], [ -0.3897103, 51.9032433 ], [ -0.38961360000001, 51.9032996 ], [ -0.3896301, 51.9033408 ] ] } },
{ "type": "Feature", "properties": { "id": 59544, "nach": 0.40087295437399068 }, "geometry": { "type": "LineString", "coordinates": [ [ -0.3885102, 51.904261 ], [ -0.388602, 51.9042619 ], [ -0.388727100000011, 51.90426810000001 ], [ -0.3888823, 51.9042928 ], [ -0.3890625, 51.904299 ], [ -0.389225200000011, 51.9042928 ], [ -0.3894854, 51.9042465 ], [ -0.38967470000001, 51.9042071 ] ] } },
{ "type": "Feature", "properties": { "id": 28259, "nach": 0.47330345404227897 }, "geometry": { "type": "LineString", "coordinates": [ [ -0.38718330000001, 51.9000779 ], [ -0.3871347, 51.8999753 ], [ -0.3871221, 51.8999126 ], [ -0.387131, 51.8998022 ], [ -0.3871559, 51.899634 ], [ -0.3871834, 51.8995482 ] ] } },
{ "type": "Feature", "properties": { "id": 25599, "nach": 0.44674804856593975 }, "geometry": { "type": "LineString", "coordinates": [ [ -0.3885604, 51.8995761 ], [ -0.3877045, 51.8995939 ], [ -0.3875256, 51.8995908 ], [ -0.3873505, 51.8995775 ], [ -0.3871834, 51.8995482 ] ] } },
{ "type": "Feature", "properties": { "id": 19864, "nach": 0.45129650279085254 }, "geometry": { "type": "LineString", "coordinates": [ [ -0.3848404, 51.8987594 ], [ -0.3849225, 51.8988231 ], [ -0.3855509, 51.8990784 ], [ -0.3870599, 51.8995172 ], [ -0.3871834, 51.8995482 ] ] } },
{ "type": "Feature", "properties": { "id": 28258, "nach": 0.48708105739705326 }, "geometry": { "type": "LineString", "coordinates": [ [ -0.38718330000001, 51.9000779 ], [ -0.3872147, 51.900147 ] ] } },
{ "type": "Feature", "properties": { "id": 28260, "nach": 0.35900104841558056 }, "geometry": { "type": "LineString", "coordinates": [ [ -0.38718330000001, 51.9000779 ], [ -0.3870839, 51.9000841 ], [ -0.3865878, 51.899998 ], [ -0.386211, 51.8999095 ], [ -0.3859181, 51.8998264 ] ] } },
{ "type": "Feature", "properties": { "id": 28253, "nach": 0.42866435428002364 }, "geometry": { "type": "LineString", "coordinates": [ [ -0.388594, 51.8998926 ], [ -0.3885604, 51.8995761 ] ] } },
{ "type": "Feature", "properties": { "id": 63359, "nach": 0.47903643829581349 }, "geometry": { "type": "LineString", "coordinates": [ [ -0.3844882, 51.898887 ], [ -0.3848404, 51.8987594 ] ] } },
{ "type": "Feature", "properties": { "id": 28283, "nach": 0.42966788628217106 }, "geometry": { "type": "LineString", "coordinates": [ [ -0.3874619, 51.9024878 ], [ -0.3851454, 51.9028431 ], [ -0.3848458, 51.9029052 ] ] } },
{ "type": "Feature", "properties": { "id": 28289, "nach": 0.48900546804261413 }, "geometry": { "type": "LineString", "coordinates": [ [ -0.38303030000001, 51.9029521 ], [ -0.3831462, 51.9030514 ], [ -0.383326700000012, 51.9032123 ], [ -0.3834951, 51.903261 ], [ -0.383681, 51.903261200000017 ], [ -0.384236600000012, 51.9030834 ], [ -0.3847117, 51.9029342 ], [ -0.3848458, 51.9029052 ] ] } },
{ "type": "Feature", "properties": { "id": 28281, "nach": 0.43193582262269214 }, "geometry": { "type": "LineString", "coordinates": [ [ -0.3874619, 51.9024878 ], [ -0.38817190000001, 51.902384300000016 ] ] } },
{ "type": "Feature", "properties": { "id": 28282, "nach": 0.45229028956715506 }, "geometry": { "type": "LineString", "coordinates": [ [ -0.3874619, 51.9024878 ], [ -0.387294800000012, 51.9020538 ] ] } },
{ "type": "Feature", "properties": { "id": 63567, "nach": 0.49249668447953954 }, "geometry": { "type": "LineString", "coordinates": [ [ -0.3821458, 51.902179 ], [ -0.3824631, 51.9024563 ], [ -0.38303030000001, 51.9029521 ] ] } },
{ "type": "Feature", "properties": { "id": 46017, "nach": 0.41793626863692107 }, "geometry": { "type": "LineString", "coordinates": [ [ -0.3687459, 51.89685570000001 ], [ -0.3688977, 51.8969025 ], [ -0.3693628, 51.8968756 ], [ -0.3696578, 51.896915300000011 ] ] } },
{ "type": "Feature", "properties": { "id": 46020, "nach": 0.34196515203646011 }, "geometry": { "type": "LineString", "coordinates": [ [ -0.3695237, 51.8972033 ], [ -0.369572, 51.8970113 ], [ -0.3696578, 51.896915300000011 ] ] } },
{ "type": "Feature", "properties": { "id": 46019, "nach": 0.333456661547469 }, "geometry": { "type": "LineString", "coordinates": [ [ -0.3704249, 51.8971007 ], [ -0.3702586, 51.896945100000011 ], [ -0.369985, 51.896869 ], [ -0.3698563, 51.8968756 ], [ -0.3696578, 51.896915300000011 ] ] } },
{ "type": "Feature", "properties": { "id": 46016, "nach": 0.49258888795753697 }, "geometry": { "type": "LineString", "coordinates": [ [ -0.3687459, 51.89685570000001 ], [ -0.3682094, 51.896825400000019 ] ] } },
{ "type": "Feature", "properties": { "id": 62784, "nach": 0.44927455182402515 }, "geometry": { "type": "LineString", "coordinates": [ [ -0.3688543, 51.8963915 ], [ -0.3688478, 51.8965148 ], [ -0.3687888, 51.8966306 ], [ -0.3687459, 51.89685570000001 ] ] } },
{ "type": "Feature", "properties": { "id": 19633, "nach": 0.48667187184974497 }, "geometry": { "type": "LineString", "coordinates": [ [ -0.3665681, 51.8967047 ], [ -0.3670993, 51.8967033 ], [ -0.3674059, 51.8967076 ], [ -0.3676331, 51.8967291 ], [ -0.3679219, 51.896769 ], [ -0.3682094, 51.896825400000019 ] ] } },
{ "type": "Feature", "properties": { "id": 19688, "nach": 0.40863592285180023 }, "geometry": { "type": "LineString", "coordinates": [ [ -0.3663764, 51.89882410000002 ], [ -0.366601, 51.8987096 ], [ -0.366804, 51.8985985 ], [ -0.3669912, 51.8984614 ], [ -0.3673409, 51.898076099999983 ], [ -0.3680234, 51.8974853 ], [ -0.3682094, 51.896825400000019 ] ] } },
{ "type": "Feature", "properties": { "id": 19641, "nach": 0.53475418988064727 }, "geometry": { "type": "LineString", "coordinates": [ [ -0.3664958, 51.8959411 ], [ -0.3664933, 51.8960663 ], [ -0.3665211, 51.8962996 ], [ -0.3665681, 51.8967047 ] ] } },
{ "type": "Feature", "properties": { "id": 19638, "nach": 0.48492923375213753 }, "geometry": { "type": "LineString", "coordinates": [ [ -0.366382, 51.898118 ], [ -0.3663983, 51.8979958 ], [ -0.366436, 51.8977584 ], [ -0.3664933, 51.8974785 ], [ -0.3665588, 51.8971533 ], [ -0.366585, 51.896926 ], [ -0.3665681, 51.8967047 ] ] } },
{ "type": "Feature", "properties": { "id": 19687, "nach": 0.422440026312289 }, "geometry": { "type": "LineString", "coordinates": [ [ -0.3663764, 51.89882410000002 ], [ -0.3663564, 51.8987329 ], [ -0.3663644, 51.8985603 ], [ -0.366382, 51.898118 ] ] } },
{ "type": "Feature", "properties": { "id": 29142, "nach": 0.45158597659081856 }, "geometry": { "type": "LineString", "coordinates": [ [ -0.3672641, 51.900205100000015 ], [ -0.3672239, 51.9000056 ], [ -0.3671991, 51.899821100000011 ], [ -0.3671098, 51.899652 ], [ -0.3670099, 51.8994856 ], [ -0.3668687, 51.8993314 ], [ -0.3666757, 51.8991421 ], [ -0.3665322, 51.8990091 ], [ -0.3664283, 51.8989105 ], [ -0.3663764, 51.89882410000002 ] ] } },
{ "type": "Feature", "properties": { "id": 70827, "nach": 0.46717951524278523 }, "geometry": { "type": "LineString", "coordinates": [ [ -0.3662876, 51.8958778 ], [ -0.3664958, 51.8959411 ] ] } },
{ "type": "Feature", "properties": { "id": 35355, "nach": 0.55618182541282479 }, "geometry": { "type": "LineString", "coordinates": [ [ -0.3669709, 51.8943142 ], [ -0.3669255, 51.8943731 ], [ -0.3668616, 51.894457 ], [ -0.366783, 51.8946015 ], [ -0.3667307, 51.894749 ], [ -0.3667028, 51.8949005 ], [ -0.3667077, 51.8951076 ], [ -0.3666946, 51.8953005 ], [ -0.3666635, 51.895442 ], [ -0.3665964, 51.8955996 ], [ -0.3665293, 51.895749100000018 ], [ -0.3664958, 51.8959411 ] ] } },
{ "type": "Feature", "properties": { "id": 67007, "nach": 0.46569654546838729 }, "geometry": { "type": "LineString", "coordinates": [ [ -0.3661599, 51.8982793 ], [ -0.3662406, 51.8982254 ], [ -0.3663081, 51.8981632 ], [ -0.366382, 51.898118 ] ] } },
{ "type": "Feature", "properties": { "id": 67006, "nach": 0.43387416882909124 }, "geometry": { "type": "LineString", "coordinates": [ [ -0.3661599, 51.8982793 ], [ -0.366037, 51.8983588 ], [ -0.3659851, 51.8983893 ] ] } },
{ "type": "Feature", "properties": { "id": 67009, "nach": 0.3584197884213105 }, "geometry": { "type": "LineString", "coordinates": [ [ -0.365807, 51.897911199999989 ], [ -0.3658736, 51.8979761 ], [ -0.3660326, 51.8981833 ], [ -0.3661599, 51.8982793 ] ] } },
{ "type": "Feature", "properties": { "id": 28005, "nach": 0.63662811139802611 }, "geometry": { "type": "LineString", "coordinates": [ [ -0.3688224, 51.8937004 ], [ -0.3686548, 51.8935574 ] ] } },
{ "type": "Feature", "properties": { "id": 28006, "nach": 0.63119319248723171 }, "geometry": { "type": "LineString", "coordinates": [ [ -0.3688224, 51.8937004 ], [ -0.3689358, 51.8937861 ], [ -0.3690985, 51.893876 ] ] } },
{ "type": "Feature", "properties": { "id": 28007, "nach": 0.43738054912760338 }, "geometry": { "type": "LineString", "coordinates": [ [ -0.3688224, 51.8937004 ], [ -0.3681554, 51.8940611 ], [ -0.3679453, 51.8939606 ] ] } },
{ "type": "Feature", "properties": { "id": 65995, "nach": 0.45029862242964946 }, "geometry": { "type": "LineString", "coordinates": [ [ -0.3672736, 51.9003274 ], [ -0.3672641, 51.900205100000015 ] ] } },
{ "type": "Feature", "properties": { "id": 29143, "nach": 0.32102183463428702 }, "geometry": { "type": "LineString", "coordinates": [ [ -0.3677568, 51.9001857 ], [ -0.3672641, 51.900205100000015 ] ] } },
{ "type": "Feature", "properties": { "id": 49503, "nach": 0.44545620121530383 }, "geometry": { "type": "LineString", "coordinates": [ [ -0.3676904, 51.901491200000017 ], [ -0.3676353, 51.9013864 ], [ -0.3675554, 51.901282900000012 ] ] } },
{ "type": "Feature", "properties": { "id": 49497, "nach": 0.45890085093914107 }, "geometry": { "type": "LineString", "coordinates": [ [ -0.367292, 51.901057499999986 ], [ -0.3674275, 51.901159600000014 ], [ -0.3675554, 51.901282900000012 ] ] } },
{ "type": "Feature", "properties": { "id": 26214, "nach": 0.345713634786808 }, "geometry": { "type": "LineString", "coordinates": [ [ -0.3691949, 51.9017712 ], [ -0.3685392, 51.9016452 ], [ -0.3675554, 51.901282900000012 ] ] } },
{ "type": "Feature", "properties": { "id": 63835, "nach": 0.38511647932170662 }, "geometry": { "type": "LineString", "coordinates": [ [ -0.3676502, 51.9015319 ], [ -0.3676904, 51.901491200000017 ] ] } },
{ "type": "Feature", "properties": { "id": 49508, "nach": 0.4194521845107082 }, "geometry": { "type": "LineString", "coordinates": [ [ -0.3678191, 51.9022851 ], [ -0.3678243, 51.9020473 ], [ -0.3677523, 51.90162870000001 ], [ -0.3676904, 51.901491200000017 ] ] } },
{ "type": "Feature", "properties": { "id": 49504, "nach": 0.31618935348382254 }, "geometry": { "type": "LineString", "coordinates": [ [ -0.3684244, 51.9007091 ], [ -0.3681562, 51.9008569 ], [ -0.3676511, 51.9009895 ], [ -0.367292, 51.901057499999986 ] ] } },
{ "type": "Feature", "properties": { "id": 26215, "nach": 0.26255629055318214 }, "geometry": { "type": "LineString", "coordinates": [ [ -0.3691949, 51.9017712 ], [ -0.3688205, 51.901993199999986 ], [ -0.368605, 51.9021245 ], [ -0.3682593, 51.9023716 ], [ -0.3678482, 51.9023804 ] ] } },
{ "type": "Feature", "properties": { "id": 77172, "nach": 0.33142851255706979 }, "geometry": { "type": "LineString", "coordinates": [ [ -0.3694397, 51.9015386 ], [ -0.3693818, 51.9015643 ], [ -0.3691949, 51.9017712 ] ] } },
{ "type": "Feature", "properties": { "id": 49506, "nach": 0.40438270340149701 }, "geometry": { "type": "LineString", "coordinates": [ [ -0.3678191, 51.9022851 ], [ -0.3678482, 51.9023804 ] ] } },
{ "type": "Feature", "properties": { "id": 55312, "nach": 0.39671769041029115 }, "geometry": { "type": "LineString", "coordinates": [ [ -0.3679316, 51.9039761 ], [ -0.3677311, 51.9033714 ], [ -0.3676825, 51.9030998 ], [ -0.3677337, 51.902737 ], [ -0.3678482, 51.9023804 ] ] } },
{ "type": "Feature", "properties": { "id": 49507, "nach": 0.30866741178940466 }, "geometry": { "type": "LineString", "coordinates": [ [ -0.3678191, 51.9022851 ], [ -0.3675417, 51.9023398 ] ] } },
{ "type": "Feature", "properties": { "id": 55310, "nach": 0.34621338537415586 }, "geometry": { "type": "LineString", "coordinates": [ [ -0.3679316, 51.9039761 ], [ -0.3680581, 51.9043956 ], [ -0.3682079, 51.9046451 ], [ -0.3681976, 51.904881400000015 ] ] } },
{ "type": "Feature", "properties": { "id": 55314, "nach": 0.35394180303769268 }, "geometry": { "type": "LineString", "coordinates": [ [ -0.367117, 51.9039422 ], [ -0.3672247, 51.9039692 ], [ -0.3673657, 51.903991499999989 ], [ -0.3675618, 51.9040002 ], [ -0.3677323, 51.9040059 ], [ -0.3678314, 51.9040014 ], [ -0.3679316, 51.9039761 ] ] } },
{ "type": "Feature", "properties": { "id": 58239, "nach": 0.34720353896989464 }, "geometry": { "type": "LineString", "coordinates": [ [ -0.3652956, 51.89797 ], [ -0.3654107, 51.8979915 ], [ -0.3655547, 51.8980689 ], [ -0.3657089, 51.8981971 ], [ -0.3659042, 51.8983582 ], [ -0.3659851, 51.8983893 ] ] } },
{ "type": "Feature", "properties": { "id": 65998, "nach": 0.32130017415575024 }, "geometry": { "type": "LineString", "coordinates": [ [ -0.3667746, 51.900305900000014 ], [ -0.3671748, 51.900325 ], [ -0.3672736, 51.9003274 ] ] } },
{ "type": "Feature", "properties": { "id": 28030, "nach": 0.61828332374699868 }, "geometry": { "type": "LineString", "coordinates": [ [ -0.3694262, 51.8940087 ], [ -0.3690985, 51.893876 ] ] } },
{ "type": "Feature", "properties": { "id": 58341, "nach": 0.53909845199004391 }, "geometry": { "type": "LineString", "coordinates": [ [ -0.3696094, 51.8934626 ], [ -0.3690985, 51.893876 ] ] } },
{ "type": "Feature", "properties": { "id": 28029, "nach": 0.61363236409599931 }, "geometry": { "type": "LineString", "coordinates": [ [ -0.3694262, 51.8940087 ], [ -0.3700649, 51.8941484 ] ] } },
{ "type": "Feature", "properties": { "id": 28035, "nach": 0.43571919667274933 }, "geometry": { "type": "LineString", "coordinates": [ [ -0.369087, 51.894300399999985 ], [ -0.3694262, 51.8940087 ] ] } },
{ "type": "Feature", "properties": { "id": 58343, "nach": 0.50188414570304518 }, "geometry": { "type": "LineString", "coordinates": [ [ -0.3696094, 51.8934626 ], [ -0.3696617, 51.8934044 ], [ -0.3693351, 51.893157 ] ] } },
{ "type": "Feature", "properties": { "id": 58344, "nach": 0.4324162885275909 }, "geometry": { "type": "LineString", "coordinates": [ [ -0.3698831, 51.893581799999986 ], [ -0.3696094, 51.8934626 ] ] } },
{ "type": "Feature", "properties": { "id": 63316, "nach": 0.51723865231437793 }, "geometry": { "type": "LineString", "coordinates": [ [ -0.3869224, 51.8967491 ], [ -0.3863424, 51.8965583 ] ] } },
{ "type": "Feature", "properties": { "id": 63317, "nach": 0.41307147945736844 }, "geometry": { "type": "LineString", "coordinates": [ [ -0.3869224, 51.8967491 ], [ -0.3869509, 51.8967157 ] ] } },
{ "type": "Feature", "properties": { "id": 71893, "nach": 0.52290976928603772 }, "geometry": { "type": "LineString", "coordinates": [ [ -0.3860982, 51.8965179 ], [ -0.3868924, 51.8967841 ], [ -0.3869224, 51.8967491 ] ] } },
{ "type": "Feature", "properties": { "id": 63556, "nach": 0.47887265171310761 }, "geometry": { "type": "LineString", "coordinates": [ [ -0.3831195, 51.8993031 ], [ -0.3832104, 51.899279 ], [ -0.3843, 51.8989588 ], [ -0.3844882, 51.898887 ] ] } },
{ "type": "Feature", "properties": { "id": 63362, "nach": 0.37693820054514993 }, "geometry": { "type": "LineString", "coordinates": [ [ -0.3842588, 51.8984081 ], [ -0.3840864, 51.898465 ], [ -0.3844882, 51.898887 ] ] } },
{ "type": "Feature", "properties": { "id": 27737, "nach": 0.52858975423010179 }, "geometry": { "type": "LineString", "coordinates": [ [ -0.3824202, 51.8999318 ], [ -0.3825869, 51.8996292 ], [ -0.382692, 51.899456 ] ] } },
{ "type": "Feature", "properties": { "id": 63555, "nach": 0.50450866882067547 }, "geometry": { "type": "LineString", "coordinates": [ [ -0.3831195, 51.8993031 ], [ -0.3828245, 51.8993814 ], [ -0.382692, 51.899456 ] ] } },
{ "type": "Feature", "properties": { "id": 63364, "nach": 0.45443201764583691 }, "geometry": { "type": "LineString", "coordinates": [ [ -0.381816, 51.8995259 ], [ -0.3820909, 51.8994459 ], [ -0.3823601, 51.8994201 ], [ -0.382692, 51.899456 ] ] } },
{ "type": "Feature", "properties": { "id": 27736, "nach": 0.53188076513679605 }, "geometry": { "type": "LineString", "coordinates": [ [ -0.3824202, 51.8999318 ], [ -0.3821611, 51.9003184 ], [ -0.3820816, 51.900437099999984 ] ] } },
{ "type": "Feature", "properties": { "id": 27788, "nach": 0.48733908278873067 }, "geometry": { "type": "LineString", "coordinates": [ [ -0.3833608, 51.9002511 ], [ -0.3831482, 51.9001506 ], [ -0.3829185, 51.900034 ], [ -0.3827485, 51.8999823 ], [ -0.3824202, 51.8999318 ] ] } },
{ "type": "Feature", "properties": { "id": 63558, "nach": 0.45739623329720208 }, "geometry": { "type": "LineString", "coordinates": [ [ -0.3828161, 51.8988569 ], [ -0.3831195, 51.8993031 ] ] } },
{ "type": "Feature", "properties": { "id": 63363, "nach": 0.37249017584644473 }, "geometry": { "type": "LineString", "coordinates": [ [ -0.381816, 51.8995259 ], [ -0.3809962, 51.8997642 ] ] } },
{ "type": "Feature", "properties": { "id": 63366, "nach": 0.37875969113103825 }, "geometry": { "type": "LineString", "coordinates": [ [ -0.3819429, 51.899809500000011 ], [ -0.3819466, 51.8997581 ], [ -0.381816, 51.8995259 ] ] } },
{ "type": "Feature", "properties": { "id": 28250, "nach": 0.54460409429448531 }, "geometry": { "type": "LineString", "coordinates": [ [ -0.3817225, 51.9018108 ], [ -0.3815909, 51.9016533 ], [ -0.3815313, 51.9014327 ] ] } },
{ "type": "Feature", "properties": { "id": 27771, "nach": 0.55170292269626775 }, "geometry": { "type": "LineString", "coordinates": [ [ -0.381838300000011, 51.9008347 ], [ -0.3817708, 51.9009558 ], [ -0.3815428, 51.901345 ], [ -0.3815313, 51.9014327 ] ] } },
{ "type": "Feature", "properties": { "id": 63564, "nach": 0.46765638227514461 }, "geometry": { "type": "LineString", "coordinates": [ [ -0.3808042, 51.9011322 ], [ -0.3810918, 51.9013878 ], [ -0.3811626, 51.9014197 ], [ -0.3812438, 51.901433800000014 ], [ -0.3815313, 51.9014327 ] ] } },
{ "type": "Feature", "properties": { "id": 28248, "nach": 0.54355555625608287 }, "geometry": { "type": "LineString", "coordinates": [ [ -0.3817225, 51.9018108 ], [ -0.3818345, 51.901897500000011 ] ] } },
{ "type": "Feature", "properties": { "id": 28249, "nach": 0.40179256845250433 }, "geometry": { "type": "LineString", "coordinates": [ [ -0.3817225, 51.9018108 ], [ -0.3812431, 51.9020174 ] ] } },
{ "type": "Feature", "properties": { "id": 27772, "nach": 0.0 }, "geometry": { "type": "LineString", "coordinates": [ [ -0.381838300000011, 51.9008347 ], [ -0.3819695, 51.900867 ], [ -0.3820393, 51.9008638 ], [ -0.3823958, 51.9007686 ], [ -0.3824326, 51.9007355 ], [ -0.3824301, 51.9006977 ], [ -0.38226, 51.9004779 ], [ -0.3820816, 51.900437099999984 ] ] } },
{ "type": "Feature", "properties": { "id": 27825, "nach": 0.55658474766633081 }, "geometry": { "type": "LineString", "coordinates": [ [ -0.3819629, 51.9006363 ], [ -0.381838300000011, 51.9008347 ] ] } },
{ "type": "Feature", "properties": { "id": 63562, "nach": 0.39383654329536893 }, "geometry": { "type": "LineString", "coordinates": [ [ -0.3808042, 51.9011322 ], [ -0.3806882, 51.9010291 ] ] } },
{ "type": "Feature", "properties": { "id": 63565, "nach": 0.39179817999362826 }, "geometry": { "type": "LineString", "coordinates": [ [ -0.3810916, 51.9010223 ], [ -0.3808042, 51.9011322 ] ] } },
{ "type": "Feature", "properties": { "id": 28244, "nach": 0.5142834959042385 }, "geometry": { "type": "LineString", "coordinates": [ [ -0.3819404, 51.9019995 ], [ -0.3818345, 51.901897500000011 ] ] } },
{ "type": "Feature", "properties": { "id": 28264, "nach": 0.50028370593707761 }, "geometry": { "type": "LineString", "coordinates": [ [ -0.3824008, 51.9016564 ], [ -0.3818345, 51.901897500000011 ] ] } },
{ "type": "Feature", "properties": { "id": 28245, "nach": 0.40074370431638484 }, "geometry": { "type": "LineString", "coordinates": [ [ -0.3819404, 51.9019995 ], [ -0.3814509, 51.9022156 ] ] } },
{ "type": "Feature", "properties": { "id": 63568, "nach": 0.5037162651025977 }, "geometry": { "type": "LineString", "coordinates": [ [ -0.3821458, 51.902179 ], [ -0.3820671, 51.9021102 ], [ -0.3819404, 51.9019995 ] ] } },
{ "type": "Feature", "properties": { "id": 28266, "nach": 0.0 }, "geometry": { "type": "LineString", "coordinates": [ [ -0.3824008, 51.9016564 ], [ -0.3821201, 51.9014285 ], [ -0.3821117, 51.901366600000017 ], [ -0.3821741, 51.9012986 ], [ -0.3824693, 51.9011588 ], [ -0.3834199, 51.9007685 ] ] } },
{ "type": "Feature", "properties": { "id": 63520, "nach": 0.49960013078027632 }, "geometry": { "type": "LineString", "coordinates": [ [ -0.3829423, 51.9014062 ], [ -0.3824008, 51.9016564 ] ] } },
{ "type": "Feature", "properties": { "id": 51854, "nach": 0.57765466729405368 }, "geometry": { "type": "LineString", "coordinates": [ [ -0.3842649, 51.904104 ], [ -0.3841705, 51.9041375 ] ] } },
{ "type": "Feature", "properties": { "id": 83754, "nach": 0.410121581855385 }, "geometry": { "type": "LineString", "coordinates": [ [ -0.38430090000001, 51.9041512 ], [ -0.3842649, 51.904104 ] ] } },
{ "type": "Feature", "properties": { "id": 83755, "nach": 0.39656697571789185 }, "geometry": { "type": "LineString", "coordinates": [ [ -0.38430090000001, 51.9041512 ], [ -0.3843364, 51.9041986 ], [ -0.3843458, 51.9042168 ], [ -0.3843418, 51.904245 ], [ -0.3842533, 51.9044179 ], [ -0.38425330000001, 51.9045222 ], [ -0.3840575, 51.9045975 ] ] } },
{ "type": "Feature", "properties": { "id": 83757, "nach": 0.38883022458499927 }, "geometry": { "type": "LineString", "coordinates": [ [ -0.38430090000001, 51.9041512 ], [ -0.3841735, 51.9041932 ], [ -0.3841169, 51.9042108 ] ] } },
{ "type": "Feature", "properties": { "id": 19883, "nach": 0.47001269530450362 }, "geometry": { "type": "LineString", "coordinates": [ [ -0.381217100000011, 51.9049626 ], [ -0.38118750000001, 51.9049251 ], [ -0.381103, 51.9048068 ], [ -0.3810279, 51.9047025 ], [ -0.3809254, 51.9046095 ], [ -0.3807137, 51.904457300000011 ] ] } },
{ "type": "Feature", "properties": { "id": 25613, "nach": 0.43670898785094847 }, "geometry": { "type": "LineString", "coordinates": [ [ -0.3787076, 51.9018906 ], [ -0.3801526, 51.9040248 ], [ -0.3802528, 51.9041382 ], [ -0.380374800000011, 51.90424 ], [ -0.3807137, 51.904457300000011 ] ] } },
{ "type": "Feature", "properties": { "id": 28241, "nach": 0.42550035081094723 }, "geometry": { "type": "LineString", "coordinates": [ [ -0.38130660000001, 51.9041753 ], [ -0.381161100000012, 51.9042166 ], [ -0.3807674, 51.9044279 ], [ -0.3807137, 51.904457300000011 ] ] } },
{ "type": "Feature", "properties": { "id": 51837, "nach": 0.49933618492216242 }, "geometry": { "type": "LineString", "coordinates": [ [ -0.381500800000011, 51.904894399999989 ], [ -0.381217100000011, 51.9049626 ] ] } },
{ "type": "Feature", "properties": { "id": 51850, "nach": 0.48390355732377105 }, "geometry": { "type": "LineString", "coordinates": [ [ -0.3809598, 51.9050379 ], [ -0.381217100000011, 51.9049626 ] ] } },
{ "type": "Feature", "properties": { "id": 53639, "nach": 0.48941283853078738 }, "geometry": { "type": "LineString", "coordinates": [ [ -0.3786039, 51.9015619 ], [ -0.3786186, 51.9016377 ], [ -0.3785524, 51.9016585 ], [ -0.3787076, 51.9018906 ] ] } },
{ "type": "Feature", "properties": { "id": 27718, "nach": 0.46230204145112197 }, "geometry": { "type": "LineString", "coordinates": [ [ -0.3800999, 51.9015265 ], [ -0.3787762, 51.9018743 ], [ -0.3787076, 51.9018906 ] ] } },
{ "type": "Feature", "properties": { "id": 28239, "nach": 0.46051080757947166 }, "geometry": { "type": "LineString", "coordinates": [ [ -0.38130660000001, 51.9041753 ], [ -0.3824517, 51.9038743 ] ] } },
{ "type": "Feature", "properties": { "id": 28240, "nach": 0.44181413005863929 }, "geometry": { "type": "LineString", "coordinates": [ [ -0.38130660000001, 51.9041753 ], [ -0.3815299, 51.9044918 ] ] } },
{ "type": "Feature", "properties": { "id": 51846, "nach": 0.48212588091484493 }, "geometry": { "type": "LineString", "coordinates": [ [ -0.3821012, 51.904716 ], [ -0.381829, 51.9047973 ], [ -0.381500800000011, 51.904894399999989 ] ] } },
{ "type": "Feature", "properties": { "id": 83726, "nach": 0.0 }, "geometry": { "type": "LineString", "coordinates": [ [ -0.3824128, 51.9045724 ], [ -0.3822122, 51.9046152 ], [ -0.381961800000012, 51.904675200000014 ], [ -0.3814343, 51.904808899999985 ], [ -0.3814701, 51.904851 ], [ -0.381500800000011, 51.904894399999989 ] ] } },
{ "type": "Feature", "properties": { "id": 83747, "nach": 0.42542448401214766 }, "geometry": { "type": "LineString", "coordinates": [ [ -0.3816325, 51.9049115 ], [ -0.3815405, 51.9049372 ], [ -0.381500800000011, 51.904894399999989 ] ] } },
{ "type": "Feature", "properties": { "id": 51852, "nach": 0.4615709499723733 }, "geometry": { "type": "LineString", "coordinates": [ [ -0.3809598, 51.9050379 ], [ -0.3807852, 51.9050827 ], [ -0.3800932, 51.9052635 ], [ -0.37970690000001, 51.9053686 ], [ -0.3793368, 51.9054831 ], [ -0.3785205, 51.9057568 ], [ -0.3782394, 51.9058196 ], [ -0.3779308, 51.9058663 ], [ -0.3774465, 51.9059556 ], [ -0.3772461, 51.9060414 ], [ -0.37704, 51.9061893 ], [ -0.377028, 51.9062027 ], [ -0.3768008, 51.906457 ], [ -0.3766093, 51.9066537 ] ] } },
{ "type": "Feature", "properties": { "id": 51851, "nach": 0.3633022751416024 }, "geometry": { "type": "LineString", "coordinates": [ [ -0.3809598, 51.9050379 ], [ -0.3810279, 51.9051546 ], [ -0.3810991, 51.905241 ] ] } },
{ "type": "Feature", "properties": { "id": 19900, "nach": 0.0 }, "geometry": { "type": "LineString", "coordinates": [ [ -0.375743, 51.907216600000012 ], [ -0.3755261, 51.9072174 ], [ -0.3750389, 51.9072257 ], [ -0.374186900000011, 51.9072319 ], [ -0.3737538, 51.9072418 ], [ -0.3733146, 51.9072506 ], [ -0.3729497, 51.9073029 ], [ -0.37243, 51.9074764 ], [ -0.371718, 51.9077656 ], [ -0.3707335, 51.9082015 ], [ -0.36919, 51.9088783 ], [ -0.368417500000012, 51.9092308 ], [ -0.367721800000013, 51.9095441 ], [ -0.36708860000001, 51.9098064 ], [ -0.3667789, 51.9099287 ], [ -0.366503100000013, 51.9100558 ], [ -0.3661413, 51.9103305 ], [ -0.3656361, 51.9107034 ], [ -0.364758800000014, 51.9114315 ], [ -0.3640965, 51.9119593 ], [ -0.3634875, 51.91249950000001 ], [ -0.363273, 51.912727 ], [ -0.363251800000013, 51.9127495 ] ] } },
{ "type": "Feature", "properties": { "id": 20124, "nach": 0.0 }, "geometry": { "type": "LineString", "coordinates": [ [ -0.3681198, 51.9049366 ], [ -0.367606, 51.9056737 ], [ -0.3673889, 51.9061869 ], [ -0.3673379, 51.906392900000014 ], [ -0.3673661, 51.9065477 ], [ -0.3673165, 51.9066751 ], [ -0.3671486, 51.9069128 ], [ -0.3669213, 51.9072368 ], [ -0.3667673, 51.9074564 ], [ -0.3663602, 51.9079285 ], [ -0.3655234, 51.9087526 ], [ -0.3642361, 51.9100448 ], [ -0.3637116, 51.9112329 ], [ -0.363190600000014, 51.9124755 ], [ -0.363117500000014, 51.9126597 ], [ -0.3631831, 51.9127067 ], [ -0.363251800000013, 51.9127495 ] ] } },
{ "type": "Feature", "properties": { "id": 19990, "nach": 0.32623622271760716 }, "geometry": { "type": "LineString", "coordinates": [ [ -0.3759069, 51.907604400000011 ], [ -0.375743, 51.907216600000012 ] ] } },
{ "type": "Feature", "properties": { "id": 19985, "nach": 0.37327011303060814 }, "geometry": { "type": "LineString", "coordinates": [ [ -0.3765379, 51.9070944 ], [ -0.3764977, 51.9071103 ], [ -0.3764076, 51.9071379 ], [ -0.376159700000011, 51.9071889 ], [ -0.375743, 51.907216600000012 ] ] } },
{ "type": "Feature", "properties": { "id": 26231, "nach": 0.31948527865736032 }, "geometry": { "type": "LineString", "coordinates": [ [ -0.3681976, 51.904881400000015 ], [ -0.3681198, 51.9049366 ] ] } },
{ "type": "Feature", "properties": { "id": 19986, "nach": 0.4450854441926802 }, "geometry": { "type": "LineString", "coordinates": [ [ -0.3765379, 51.9070944 ], [ -0.3765879, 51.9070526 ], [ -0.37661280000001, 51.9070166 ], [ -0.3766252, 51.9069587 ] ] } },
{ "type": "Feature", "properties": { "id": 19987, "nach": 0.40159222720857585 }, "geometry": { "type": "LineString", "coordinates": [ [ -0.376628800000012, 51.9073179 ], [ -0.3765379, 51.9070944 ] ] } },
{ "type": "Feature", "properties": { "id": 19906, "nach": 0.46027928070978147 }, "geometry": { "type": "LineString", "coordinates": [ [ -0.3766252, 51.9069587 ], [ -0.3765861, 51.906788400000011 ], [ -0.3765986, 51.9067124 ], [ -0.3766093, 51.9066537 ] ] } },
{ "type": "Feature", "properties": { "id": 29139, "nach": 0.21909371998858074 }, "geometry": { "type": "LineString", "coordinates": [ [ -0.3733666, 51.9031923 ], [ -0.3738141, 51.9034738 ], [ -0.3742356, 51.9037467 ], [ -0.3746362, 51.9039487 ], [ -0.3748401, 51.9040464 ], [ -0.3750631, 51.9041736 ], [ -0.3752665, 51.9043029 ], [ -0.3754663, 51.9044369 ], [ -0.3756809, 51.904591700000012 ], [ -0.3758651, 51.9047388 ], [ -0.3761235, 51.9050782 ], [ -0.37634250000001, 51.9054628 ], [ -0.3764386, 51.9057095 ], [ -0.3765272, 51.9060107 ], [ -0.376589300000011, 51.9064242 ], [ -0.3765893, 51.9065524 ], [ -0.3766093, 51.9066537 ] ] } },
{ "type": "Feature", "properties": { "id": 52307, "nach": 0.42729659973354722 }, "geometry": { "type": "LineString", "coordinates": [ [ -0.3772578, 51.9077393 ], [ -0.3771481, 51.9072873 ], [ -0.377096700000012, 51.9071096 ], [ -0.3770337, 51.907025200000021 ], [ -0.3766252, 51.9069587 ] ] } },
{ "type": "Feature", "properties": { "id": 52308, "nach": 0.41083047317147836 }, "geometry": { "type": "LineString", "coordinates": [ [ -0.3772578, 51.9077393 ], [ -0.377377, 51.908163600000016 ], [ -0.3775585, 51.9086426 ], [ -0.3775943, 51.9087593 ] ] } },
{ "type": "Feature", "properties": { "id": 52310, "nach": 0.32649623130691524 }, "geometry": { "type": "LineString", "coordinates": [ [ -0.3771226, 51.907955 ], [ -0.3771454, 51.907768 ], [ -0.3772178, 51.9077424 ], [ -0.3772578, 51.9077393 ] ] } },
{ "type": "Feature", "properties": { "id": 52312, "nach": 0.32783760883583846 }, "geometry": { "type": "LineString", "coordinates": [ [ -0.3768785, 51.9075753 ], [ -0.3767699, 51.907355199999984 ], [ -0.376628800000012, 51.9073179 ] ] } },
{ "type": "Feature", "properties": { "id": 52311, "nach": 0.32783760883583846 }, "geometry": { "type": "LineString", "coordinates": [ [ -0.3765607, 51.9076299 ], [ -0.3765111, 51.9075405 ], [ -0.3764373, 51.9075074 ], [ -0.3764011, 51.9074247 ], [ -0.3764413, 51.9073535 ], [ -0.376628800000012, 51.9073179 ] ] } },
{ "type": "Feature", "properties": { "id": 26233, "nach": 0.1849701419092647 }, "geometry": { "type": "LineString", "coordinates": [ [ -0.3681976, 51.904881400000015 ], [ -0.368330300000012, 51.904832399999989 ], [ -0.368408, 51.9047913 ], [ -0.3684765, 51.9047555 ], [ -0.3690733, 51.904475 ], [ -0.369714, 51.9042074 ], [ -0.3710417, 51.903813 ], [ -0.3733044, 51.9031338 ] ] } },
{ "type": "Feature", "properties": { "id": 63521, "nach": 0.5070686782794267 }, "geometry": { "type": "LineString", "coordinates": [ [ -0.3829423, 51.9014062 ], [ -0.3830946, 51.9013449 ] ] } },
{ "type": "Feature", "properties": { "id": 63516, "nach": 0.51340012051710027 }, "geometry": { "type": "LineString", "coordinates": [ [ -0.3832555, 51.9012748 ], [ -0.3830946, 51.9013449 ] ] } },
{ "type": "Feature", "properties": { "id": 63523, "nach": 0.39671475948643087 }, "geometry": { "type": "LineString", "coordinates": [ [ -0.3827401, 51.901213400000017 ], [ -0.3829423, 51.9014062 ] ] } },
{ "type": "Feature", "properties": { "id": 63517, "nach": 0.49252636736646954 }, "geometry": { "type": "LineString", "coordinates": [ [ -0.3832555, 51.9012748 ], [ -0.38347230000001, 51.9011944 ], [ -0.3836642, 51.9011451 ] ] } },
{ "type": "Feature", "properties": { "id": 63519, "nach": 0.39202124453717924 }, "geometry": { "type": "LineString", "coordinates": [ [ -0.3829517, 51.9010869 ], [ -0.383062600000011, 51.9010978 ], [ -0.3832555, 51.9012748 ] ] } },
{ "type": "Feature", "properties": { "id": 28252, "nach": 0.32509094034656116 }, "geometry": { "type": "LineString", "coordinates": [ [ -0.388594, 51.8998926 ], [ -0.388662500000012, 51.9007007 ] ] } },
{ "type": "Feature", "properties": { "id": 28255, "nach": 0.33869998579134952 }, "geometry": { "type": "LineString", "coordinates": [ [ -0.388594, 51.8998926 ], [ -0.389114, 51.899880300000014 ] ] } },
{ "type": "Feature", "properties": { "id": 28256, "nach": 0.33869998579134952 }, "geometry": { "type": "LineString", "coordinates": [ [ -0.3880495, 51.8999119 ], [ -0.388594, 51.8998926 ] ] } },
{ "type": "Feature", "properties": { "id": 25600, "nach": 0.53312632131394488 }, "geometry": { "type": "LineString", "coordinates": [ [ -0.381654, 51.8948022 ], [ -0.3817929, 51.8947902 ], [ -0.3819374, 51.89481 ], [ -0.3820548, 51.8948573 ], [ -0.3821411, 51.8949292 ] ] } },
{ "type": "Feature", "properties": { "id": 38969, "nach": 0.53637206605336674 }, "geometry": { "type": "LineString", "coordinates": [ [ -0.3813099, 51.89482850000001 ], [ -0.3814481, 51.8948307 ], [ -0.3815268, 51.8948221 ], [ -0.381654, 51.8948022 ] ] } },
{ "type": "Feature", "properties": { "id": 38972, "nach": 0.37105913974473387 }, "geometry": { "type": "LineString", "coordinates": [ [ -0.3813847, 51.895099 ], [ -0.3813933, 51.894965 ], [ -0.3814574, 51.8948884 ], [ -0.3815604, 51.8948296 ], [ -0.381654, 51.8948022 ] ] } },
{ "type": "Feature", "properties": { "id": 25601, "nach": 0.53095893694201057 }, "geometry": { "type": "LineString", "coordinates": [ [ -0.3821411, 51.8949292 ], [ -0.3822577, 51.8950141 ], [ -0.3823628, 51.895083 ], [ -0.382442, 51.8951252 ], [ -0.3825285, 51.8951876 ] ] } },
{ "type": "Feature", "properties": { "id": 25602, "nach": 0.35903507684755959 }, "geometry": { "type": "LineString", "coordinates": [ [ -0.3821411, 51.8949292 ], [ -0.3821802, 51.8950123 ], [ -0.3821694, 51.8951024 ], [ -0.3821108, 51.895181 ], [ -0.3820357, 51.8952277 ] ] } },
{ "type": "Feature", "properties": { "id": 38983, "nach": 0.51944413141761314 }, "geometry": { "type": "LineString", "coordinates": [ [ -0.3825285, 51.8951876 ], [ -0.3823374, 51.8951616 ], [ -0.3822234, 51.8951707 ], [ -0.3821402, 51.8951906 ], [ -0.3820357, 51.8952277 ] ] } },
{ "type": "Feature", "properties": { "id": 43694, "nach": 0.61461210307974024 }, "geometry": { "type": "LineString", "coordinates": [ [ -0.3825285, 51.8951876 ], [ -0.382622536279796, 51.895213711121087 ] ] } },
{ "type": "Feature", "properties": { "id": 38984, "nach": 0.53403197709178141 }, "geometry": { "type": "LineString", "coordinates": [ [ -0.3820357, 51.8952277 ], [ -0.3819497, 51.8952642 ] ] } },
{ "type": "Feature", "properties": { "id": 53638, "nach": 0.44781151224084481 }, "geometry": { "type": "LineString", "coordinates": [ [ -0.3786039, 51.9015619 ], [ -0.3784329, 51.9011023 ], [ -0.3781502, 51.900424 ], [ -0.3781164, 51.90032690000001 ], [ -0.3780315, 51.9002384 ] ] } },
{ "type": "Feature", "properties": { "id": 53637, "nach": 0.44058699727192385 }, "geometry": { "type": "LineString", "coordinates": [ [ -0.3786039, 51.9015619 ], [ -0.3784186, 51.9015397 ] ] } },
{ "type": "Feature", "properties": { "id": 27717, "nach": 0.54258199722247125 }, "geometry": { "type": "LineString", "coordinates": [ [ -0.3800999, 51.9015265 ], [ -0.3798422, 51.9012281 ], [ -0.379838, 51.901185 ], [ -0.3797819, 51.9011146 ], [ -0.3798327, 51.9006002 ], [ -0.3798703, 51.900275800000017 ], [ -0.380006, 51.9001563 ] ] } },
{ "type": "Feature", "properties": { "id": 27716, "nach": 0.54434056934800301 }, "geometry": { "type": "LineString", "coordinates": [ [ -0.3800999, 51.9015265 ], [ -0.380435, 51.9020163 ] ] } },
{ "type": "Feature", "properties": { "id": 27881, "nach": 0.59037226314618341 }, "geometry": { "type": "LineString", "coordinates": [ [ -0.3811121, 51.8969187 ], [ -0.380728, 51.8968565 ], [ -0.3804558, 51.8967367 ] ] } },
{ "type": "Feature", "properties": { "id": 72192, "nach": 0.54696594456345249 }, "geometry": { "type": "LineString", "coordinates": [ [ -0.3796027, 51.897285 ], [ -0.3796841, 51.8972355 ], [ -0.3802405, 51.89688180000001 ], [ -0.3804558, 51.8967367 ] ] } },
{ "type": "Feature", "properties": { "id": 63447, "nach": 0.61349868490784754 }, "geometry": { "type": "LineString", "coordinates": [ [ -0.3791427, 51.8969972 ], [ -0.3786963, 51.897248200000014 ] ] } },
{ "type": "Feature", "properties": { "id": 72191, "nach": 0.42707959115956495 }, "geometry": { "type": "LineString", "coordinates": [ [ -0.3796027, 51.897285 ], [ -0.3791427, 51.8969972 ] ] } },
{ "type": "Feature", "properties": { "id": 27871, "nach": 0.56402580740933683 }, "geometry": { "type": "LineString", "coordinates": [ [ -0.3790963, 51.897537600000014 ], [ -0.3786963, 51.897248200000014 ] ] } },
{ "type": "Feature", "properties": { "id": 25844, "nach": 0.61179529424691625 }, "geometry": { "type": "LineString", "coordinates": [ [ -0.3778536, 51.897890800000013 ], [ -0.3779388, 51.8977812 ], [ -0.3781224, 51.8975894 ], [ -0.3784609, 51.8973855 ], [ -0.3786963, 51.897248200000014 ] ] } },
{ "type": "Feature", "properties": { "id": 63464, "nach": 0.52998630816372105 }, "geometry": { "type": "LineString", "coordinates": [ [ -0.3792357, 51.897621 ], [ -0.3790963, 51.897537600000014 ] ] } },
{ "type": "Feature", "properties": { "id": 27897, "nach": 0.50053461790020248 }, "geometry": { "type": "LineString", "coordinates": [ [ -0.3787031, 51.8985457 ], [ -0.3782639, 51.8982372 ], [ -0.3782447, 51.8980733 ], [ -0.3790963, 51.897537600000014 ] ] } },
{ "type": "Feature", "properties": { "id": 26157, "nach": 0.55078914191236883 }, "geometry": { "type": "LineString", "coordinates": [ [ -0.377752, 51.8985414 ], [ -0.3777346, 51.8981465 ], [ -0.3778536, 51.897890800000013 ] ] } },
{ "type": "Feature", "properties": { "id": 27934, "nach": 0.5956055475521923 }, "geometry": { "type": "LineString", "coordinates": [ [ -0.3770571, 51.897183 ], [ -0.3770266, 51.8973034 ], [ -0.3770258, 51.8974216 ], [ -0.3771399, 51.8976135 ], [ -0.3773548, 51.897767 ], [ -0.3778536, 51.897890800000013 ] ] } },
{ "type": "Feature", "properties": { "id": 26158, "nach": 0.52092623329547771 }, "geometry": { "type": "LineString", "coordinates": [ [ -0.377752, 51.8985414 ], [ -0.3776522, 51.8985342 ], [ -0.3775697, 51.8985292 ] ] } },
{ "type": "Feature", "properties": { "id": 27836, "nach": 0.50084249832119976 }, "geometry": { "type": "LineString", "coordinates": [ [ -0.3779863, 51.8999014 ], [ -0.3777864, 51.8990099 ], [ -0.377752, 51.8985414 ] ] } },
{ "type": "Feature", "properties": { "id": 27933, "nach": 0.58858262914698056 }, "geometry": { "type": "LineString", "coordinates": [ [ -0.3770571, 51.897183 ], [ -0.3771434, 51.896881200000017 ] ] } },
{ "type": "Feature", "properties": { "id": 58304, "nach": 0.41600644273008114 }, "geometry": { "type": "LineString", "coordinates": [ [ -0.3760451, 51.896949 ], [ -0.3762998, 51.8968167 ], [ -0.3767186, 51.8971151 ], [ -0.3768164, 51.8971563 ], [ -0.3770571, 51.897183 ] ] } },
{ "type": "Feature", "properties": { "id": 35346, "nach": 0.45535650135202077 }, "geometry": { "type": "LineString", "coordinates": [ [ -0.378159, 51.900917900000017 ], [ -0.3780315, 51.9002384 ] ] } },
{ "type": "Feature", "properties": { "id": 27835, "nach": 0.51262848261549343 }, "geometry": { "type": "LineString", "coordinates": [ [ -0.3779863, 51.8999014 ], [ -0.3780315, 51.9002384 ] ] } },
{ "type": "Feature", "properties": { "id": 53636, "nach": 0.44350129751319739 }, "geometry": { "type": "LineString", "coordinates": [ [ -0.3784186, 51.9015397 ], [ -0.3782341, 51.9011132 ], [ -0.378159, 51.900917900000017 ] ] } },
{ "type": "Feature", "properties": { "id": 35357, "nach": 0.42938660799679862 }, "geometry": { "type": "LineString", "coordinates": [ [ -0.3777675, 51.9000206 ], [ -0.3778586, 51.9003354 ], [ -0.3777299, 51.9004545 ], [ -0.377746, 51.9006035 ], [ -0.3777835, 51.9007359 ], [ -0.3780786, 51.9008583 ], [ -0.378159, 51.900917900000017 ] ] } },
{ "type": "Feature", "properties": { "id": 27834, "nach": 0.51708703995031935 }, "geometry": { "type": "LineString", "coordinates": [ [ -0.3779863, 51.8999014 ], [ -0.3786608, 51.899877200000013 ] ] } },
{ "type": "Feature", "properties": { "id": 58334, "nach": 0.59823709934412639 }, "geometry": { "type": "LineString", "coordinates": [ [ -0.3724722, 51.8931873 ], [ -0.3730022, 51.8930023 ], [ -0.3730481, 51.8929665 ] ] } },
{ "type": "Feature", "properties": { "id": 25859, "nach": 0.58803180595697924 }, "geometry": { "type": "LineString", "coordinates": [ [ -0.3726414, 51.8922904 ], [ -0.3730386, 51.89291810000001 ], [ -0.3730481, 51.8929665 ] ] } },
{ "type": "Feature", "properties": { "id": 28045, "nach": 0.55788203793436053 }, "geometry": { "type": "LineString", "coordinates": [ [ -0.3735306, 51.89288280000001 ], [ -0.37320270000001, 51.892948 ], [ -0.3730481, 51.8929665 ] ] } },
{ "type": "Feature", "properties": { "id": 58333, "nach": 0.59640279809888808 }, "geometry": { "type": "LineString", "coordinates": [ [ -0.3724722, 51.8931873 ], [ -0.3722296, 51.8933778 ] ] } },
{ "type": "Feature", "properties": { "id": 63195, "nach": 0.43682151196567298 }, "geometry": { "type": "LineString", "coordinates": [ [ -0.3723673, 51.8927609 ], [ -0.3724188, 51.8928262 ], [ -0.3723011, 51.8929073 ], [ -0.3722439, 51.8930165 ], [ -0.3724722, 51.8931873 ] ] } },
{ "type": "Feature", "properties": { "id": 25862, "nach": 0.57739485221300058 }, "geometry": { "type": "LineString", "coordinates": [ [ -0.372414, 51.8920811 ], [ -0.3726414, 51.8922904 ] ] } },
{ "type": "Feature", "properties": { "id": 63200, "nach": 0.55478190528416826 }, "geometry": { "type": "LineString", "coordinates": [ [ -0.3733652, 51.8919352 ], [ -0.3731714, 51.8920698 ], [ -0.3729578, 51.8921711 ], [ -0.3726414, 51.8922904 ] ] } },
{ "type": "Feature", "properties": { "id": 28043, "nach": 0.54829013959114314 }, "geometry": { "type": "LineString", "coordinates": [ [ -0.3735306, 51.89288280000001 ], [ -0.3740507, 51.8928046 ] ] } },
{ "type": "Feature", "properties": { "id": 28068, "nach": 0.4435073746849782 }, "geometry": { "type": "LineString", "coordinates": [ [ -0.3735028, 51.8932444 ], [ -0.3736096, 51.8931036 ], [ -0.3735306, 51.89288280000001 ] ] } },
{ "type": "Feature", "properties": { "id": 63201, "nach": 0.46588525354345134 }, "geometry": { "type": "LineString", "coordinates": [ [ -0.3735308, 51.8920658 ], [ -0.3733652, 51.8919352 ] ] } },
{ "type": "Feature", "properties": { "id": 28011, "nach": 0.53363761036210788 }, "geometry": { "type": "LineString", "coordinates": [ [ -0.3719303, 51.8925293 ], [ -0.3718599, 51.8924673 ], [ -0.3717976, 51.8922752 ] ] } },
{ "type": "Feature", "properties": { "id": 25868, "nach": 0.59603333030786809 }, "geometry": { "type": "LineString", "coordinates": [ [ -0.3722296, 51.8933778 ], [ -0.3719847, 51.8936063 ] ] } },
{ "type": "Feature", "properties": { "id": 72205, "nach": 0.50504501919493472 }, "geometry": { "type": "LineString", "coordinates": [ [ -0.3719219, 51.8935785 ], [ -0.3719847, 51.8936063 ] ] } },
{ "type": "Feature", "properties": { "id": 72201, "nach": 0.58194238166611401 }, "geometry": { "type": "LineString", "coordinates": [ [ -0.3712182, 51.8942081 ], [ -0.3714191, 51.8941534 ], [ -0.3716923, 51.8939557 ], [ -0.3719847, 51.8936063 ] ] } },
{ "type": "Feature", "properties": { "id": 28058, "nach": 0.43656257193428277 }, "geometry": { "type": "LineString", "coordinates": [ [ -0.372768, 51.8934921 ], [ -0.3725285, 51.8934918 ], [ -0.3723578, 51.893437699999986 ], [ -0.3722296, 51.8933778 ] ] } },
{ "type": "Feature", "properties": { "id": 72206, "nach": 0.43070720306161986 }, "geometry": { "type": "LineString", "coordinates": [ [ -0.3719219, 51.8935785 ], [ -0.3716035, 51.8934374 ], [ -0.3714312, 51.8935745 ] ] } },
{ "type": "Feature", "properties": { "id": 72207, "nach": 0.50465292640738879 }, "geometry": { "type": "LineString", "coordinates": [ [ -0.3719219, 51.8935785 ], [ -0.3717734, 51.8937645 ], [ -0.3715864, 51.893939900000014 ], [ -0.3714719, 51.894004700000011 ] ] } },
{ "type": "Feature", "properties": { "id": 72202, "nach": 0.59579933977322819 }, "geometry": { "type": "LineString", "coordinates": [ [ -0.3712182, 51.8942081 ], [ -0.3710962, 51.8942413 ], [ -0.3707426, 51.8942425 ], [ -0.370303, 51.8941808 ], [ -0.3701269, 51.894154 ] ] } },
{ "type": "Feature", "properties": { "id": 72204, "nach": 0.54640782933390075 }, "geometry": { "type": "LineString", "coordinates": [ [ -0.3712182, 51.8942081 ], [ -0.3711943, 51.8941702 ], [ -0.3711613, 51.8941064 ] ] } },
{ "type": "Feature", "properties": { "id": 79674, "nach": 0.62183629768388127 }, "geometry": { "type": "LineString", "coordinates": [ [ -0.3716135, 51.8944773 ], [ -0.3714865, 51.8943559 ], [ -0.3712459, 51.8942832 ], [ -0.3712224, 51.8942492 ], [ -0.3712411, 51.8942444 ], [ -0.3712182, 51.8942081 ] ] } },
{ "type": "Feature", "properties": { "id": 35361, "nach": 0.49999742561545141 }, "geometry": { "type": "LineString", "coordinates": [ [ -0.3776118, 51.899181800000015 ], [ -0.3775984, 51.89879040000001 ], [ -0.3775701, 51.898580299999985 ], [ -0.37757, 51.8985571 ], [ -0.3775697, 51.8985292 ] ] } },
{ "type": "Feature", "properties": { "id": 47497, "nach": 0.37075253868126262 }, "geometry": { "type": "LineString", "coordinates": [ [ -0.3728064, 51.8948979 ], [ -0.3730199, 51.8949737 ], [ -0.3734547, 51.8951051 ], [ -0.3737417, 51.8952491 ], [ -0.373948, 51.8953651 ], [ -0.3742443, 51.8955802 ], [ -0.3746831, 51.8958656 ], [ -0.3750517, 51.89616620000001 ], [ -0.3753537, 51.8965434 ], [ -0.3755763, 51.8967751 ], [ -0.3757786, 51.8969458 ], [ -0.3762748, 51.8973654 ], [ -0.376366, 51.8974713 ], [ -0.376539, 51.8977105 ], [ -0.376645, 51.897788200000015 ], [ -0.3768461, 51.8979214 ], [ -0.3769387, 51.897977800000014 ], [ -0.3770741, 51.8980911 ], [ -0.3772994, 51.8982806 ], [ -0.3775059, 51.898450299999986 ], [ -0.3775514, 51.8984981 ], [ -0.3775697, 51.8985292 ] ] } },
{ "type": "Feature", "properties": { "id": 77173, "nach": 0.16348853359793106 }, "geometry": { "type": "LineString", "coordinates": [ [ -0.3694397, 51.9015386 ], [ -0.36971570000001, 51.9013038 ], [ -0.36995, 51.9010062 ], [ -0.370183, 51.90075490000001 ], [ -0.3703483, 51.9006315 ], [ -0.3704694, 51.9005809 ], [ -0.3705865, 51.9006098 ], [ -0.3719533, 51.9010267 ], [ -0.3721056, 51.9010122 ], [ -0.3727773, 51.9006508 ], [ -0.374027, 51.8998556 ], [ -0.374683, 51.8995375 ], [ -0.3755929, 51.8991014 ], [ -0.3764247, 51.8987568 ], [ -0.377237, 51.898552 ], [ -0.3775697, 51.8985292 ] ] } },
{ "type": "Feature", "properties": { "id": 35360, "nach": 0.44726337053123755 }, "geometry": { "type": "LineString", "coordinates": [ [ -0.3776118, 51.899181800000015 ], [ -0.3776239, 51.899535099999987 ], [ -0.3777031, 51.8997263 ], [ -0.3777675, 51.9000206 ] ] } },
{ "type": "Feature", "properties": { "id": 79665, "nach": 0.42951945538530623 }, "geometry": { "type": "LineString", "coordinates": [ [ -0.3774029, 51.8991957 ], [ -0.3775373, 51.89919 ], [ -0.3776118, 51.899181800000015 ] ] } },
{ "type": "Feature", "properties": { "id": 47498, "nach": 0.4612526599412024 }, "geometry": { "type": "LineString", "coordinates": [ [ -0.3728064, 51.8948979 ], [ -0.3725928, 51.8948354 ], [ -0.3717163, 51.8946981 ] ] } },
{ "type": "Feature", "properties": { "id": 47496, "nach": 0.42732265084094101 }, "geometry": { "type": "LineString", "coordinates": [ [ -0.3728064, 51.8948979 ], [ -0.3730949, 51.8947679 ] ] } },
{ "type": "Feature", "properties": { "id": 77171, "nach": 0.2683066954549162 }, "geometry": { "type": "LineString", "coordinates": [ [ -0.3694397, 51.9015386 ], [ -0.3695421, 51.901568599999983 ], [ -0.3700762, 51.9016733 ], [ -0.3705365, 51.901789100000016 ], [ -0.3709449, 51.9019876 ], [ -0.3717535, 51.90242 ], [ -0.3719611, 51.9025237 ], [ -0.3721583, 51.9025708 ], [ -0.3725982, 51.902695 ], [ -0.3730566, 51.902951 ], [ -0.3733044, 51.9031338 ] ] } },
{ "type": "Feature", "properties": { "id": 27827, "nach": 0.58212334824739198 }, "geometry": { "type": "LineString", "coordinates": [ [ -0.3819629, 51.9006363 ], [ -0.3804035, 51.9002766 ], [ -0.3801741, 51.9002231 ], [ -0.3801493, 51.900195600000011 ], [ -0.380006, 51.9001563 ] ] } },
{ "type": "Feature", "properties": { "id": 27831, "nach": 0.58674564608448243 }, "geometry": { "type": "LineString", "coordinates": [ [ -0.3794342, 51.899575400000018 ], [ -0.3798016, 51.8998872 ], [ -0.380006, 51.9001563 ] ] } },
{ "type": "Feature", "properties": { "id": 27826, "nach": 0.53860270980422409 }, "geometry": { "type": "LineString", "coordinates": [ [ -0.3819629, 51.9006363 ], [ -0.3820816, 51.900437099999984 ] ] } },
{ "type": "Feature", "properties": { "id": 27832, "nach": 0.53027814462082412 }, "geometry": { "type": "LineString", "coordinates": [ [ -0.3794342, 51.899575400000018 ], [ -0.3789704, 51.8997708 ], [ -0.3786608, 51.899877200000013 ] ] } },
{ "type": "Feature", "properties": { "id": 27838, "nach": 0.57448211865534049 }, "geometry": { "type": "LineString", "coordinates": [ [ -0.3806672, 51.899081 ], [ -0.3802445, 51.8992242 ], [ -0.3794342, 51.899575400000018 ] ] } },
{ "type": "Feature", "properties": { "id": 53635, "nach": 0.29461222916139068 }, "geometry": { "type": "LineString", "coordinates": [ [ -0.3784186, 51.9015397 ], [ -0.3784393, 51.90162 ], [ -0.3783993, 51.901628100000011 ], [ -0.3758177, 51.902396500000016 ], [ -0.3733044, 51.9031338 ] ] } },
{ "type": "Feature", "properties": { "id": 28219, "nach": 0.40626164769780387 }, "geometry": { "type": "LineString", "coordinates": [ [ -0.3872147, 51.900147 ], [ -0.3878973, 51.9000218 ] ] } },
{ "type": "Feature", "properties": { "id": 28271, "nach": 0.44185744827571366 }, "geometry": { "type": "LineString", "coordinates": [ [ -0.3869885, 51.900525 ], [ -0.3845375, 51.8999134 ], [ -0.3843764, 51.89988060000001 ], [ -0.3842634, 51.8998657 ], [ -0.3841708, 51.899860200000013 ], [ -0.384082, 51.8998647 ], [ -0.3839792, 51.8998821 ], [ -0.3838435, 51.899922 ], [ -0.3837306, 51.89998 ], [ -0.3836252, 51.9000528 ], [ -0.3833608, 51.9002511 ] ] } },
{ "type": "Feature", "properties": { "id": 28273, "nach": 0.44929430264375458 }, "geometry": { "type": "LineString", "coordinates": [ [ -0.3869885, 51.900525 ], [ -0.3869169, 51.9006579 ], [ -0.3868926, 51.9008796 ], [ -0.3869088, 51.9009448 ] ] } },
{ "type": "Feature", "properties": { "id": 51833, "nach": 0.49398223280967085 }, "geometry": { "type": "LineString", "coordinates": [ [ -0.383995800000012, 51.9069684 ], [ -0.3845722, 51.9067522 ] ] } },
{ "type": "Feature", "properties": { "id": 27727, "nach": 0.5156616919331144 }, "geometry": { "type": "LineString", "coordinates": [ [ -0.3848712, 51.906636 ], [ -0.3845722, 51.9067522 ] ] } },
{ "type": "Feature", "properties": { "id": 27776, "nach": 0.49652778767497913 }, "geometry": { "type": "LineString", "coordinates": [ [ -0.38599760000001, 51.9082474 ], [ -0.38545490000001, 51.9076572 ], [ -0.3845722, 51.9067522 ] ] } },
{ "type": "Feature", "properties": { "id": 51834, "nach": 0.4720482412824073 }, "geometry": { "type": "LineString", "coordinates": [ [ -0.383995800000012, 51.9069684 ], [ -0.3839306, 51.9069989 ], [ -0.3838617, 51.9070565 ], [ -0.3838376, 51.9071311 ], [ -0.3838536, 51.907198 ], [ -0.3838987, 51.9072708 ], [ -0.3842908, 51.907706 ], [ -0.384456600000012, 51.9078911 ] ] } },
{ "type": "Feature", "properties": { "id": 51836, "nach": 0.34753518622363005 }, "geometry": { "type": "LineString", "coordinates": [ [ -0.382732500000012, 51.905587 ], [ -0.382909500000011, 51.9055399 ], [ -0.3836364, 51.9064492 ], [ -0.3838792, 51.9068588 ], [ -0.383911300000011, 51.9069009 ], [ -0.38394620000001, 51.9069266 ], [ -0.383995800000012, 51.9069684 ] ] } },
{ "type": "Feature", "properties": { "id": 27739, "nach": 0.45976071908198524 }, "geometry": { "type": "LineString", "coordinates": [ [ -0.385474200000011, 51.9063972 ], [ -0.3848712, 51.906636 ] ] } },
{ "type": "Feature", "properties": { "id": 27748, "nach": 0.46597515319647748 }, "geometry": { "type": "LineString", "coordinates": [ [ -0.3795755, 51.9022361 ], [ -0.380435, 51.9020163 ] ] } },
{ "type": "Feature", "properties": { "id": 27785, "nach": 0.53370258833116868 }, "geometry": { "type": "LineString", "coordinates": [ [ -0.3807854, 51.9025187 ], [ -0.380435, 51.9020163 ] ] } },
{ "type": "Feature", "properties": { "id": 28667, "nach": 0.39028675312332489 }, "geometry": { "type": "LineString", "coordinates": [ [ -0.3796949, 51.9024388 ], [ -0.3795755, 51.9022361 ] ] } },
{ "type": "Feature", "properties": { "id": 28666, "nach": 0.39240710074809687 }, "geometry": { "type": "LineString", "coordinates": [ [ -0.3795043, 51.9021387 ], [ -0.3795755, 51.9022361 ] ] } },
{ "type": "Feature", "properties": { "id": 27786, "nach": 0.52419600757246865 }, "geometry": { "type": "LineString", "coordinates": [ [ -0.3807854, 51.9025187 ], [ -0.3809471, 51.902689 ], [ -0.38133040000001, 51.9028736 ] ] } },
{ "type": "Feature", "properties": { "id": 27799, "nach": 0.46128650940594584 }, "geometry": { "type": "LineString", "coordinates": [ [ -0.3799368, 51.9027545 ], [ -0.3807854, 51.9025187 ] ] } },
{ "type": "Feature", "properties": { "id": 72061, "nach": 0.39168216482585988 }, "geometry": { "type": "LineString", "coordinates": [ [ -0.389786500000013, 51.9032371 ], [ -0.3897339, 51.9030498 ], [ -0.389676300000011, 51.9025509 ], [ -0.3897168, 51.902369700000015 ] ] } },
{ "type": "Feature", "properties": { "id": 27765, "nach": 0.53038765670849419 }, "geometry": { "type": "LineString", "coordinates": [ [ -0.3824517, 51.9038743 ], [ -0.38277, 51.9041737 ] ] } },
{ "type": "Feature", "properties": { "id": 27792, "nach": 0.39330493953357132 }, "geometry": { "type": "LineString", "coordinates": [ [ -0.3830195, 51.9041175 ], [ -0.38277, 51.9041737 ] ] } },
{ "type": "Feature", "properties": { "id": 83731, "nach": 0.53794011928247842 }, "geometry": { "type": "LineString", "coordinates": [ [ -0.3827291, 51.9041842 ], [ -0.38277, 51.9041737 ] ] } },
{ "type": "Feature", "properties": { "id": 27764, "nach": 0.52557136934294646 }, "geometry": { "type": "LineString", "coordinates": [ [ -0.3824517, 51.9038743 ], [ -0.381971, 51.9033983 ] ] } },
{ "type": "Feature", "properties": { "id": 83733, "nach": 0.39137948823683461 }, "geometry": { "type": "LineString", "coordinates": [ [ -0.3827291, 51.9041842 ], [ -0.3826946, 51.9041931 ], [ -0.382287, 51.9042971 ] ] } },
{ "type": "Feature", "properties": { "id": 83735, "nach": 0.54460316264402486 }, "geometry": { "type": "LineString", "coordinates": [ [ -0.3827516, 51.9042172 ], [ -0.3827291, 51.9041842 ] ] } },
{ "type": "Feature", "properties": { "id": 63582, "nach": 0.48118019472406692 }, "geometry": { "type": "LineString", "coordinates": [ [ -0.38687, 51.9051501 ], [ -0.3869172, 51.9052593 ], [ -0.387189800000014, 51.9055269 ] ] } },
{ "type": "Feature", "properties": { "id": 63584, "nach": 0.38488351954182587 }, "geometry": { "type": "LineString", "coordinates": [ [ -0.385662, 51.9047124 ], [ -0.3861917, 51.9052005 ], [ -0.3865707, 51.9051723 ], [ -0.38687, 51.9051501 ] ] } },
{ "type": "Feature", "properties": { "id": 27740, "nach": 0.3657163396509292 }, "geometry": { "type": "LineString", "coordinates": [ [ -0.385474200000011, 51.9063972 ], [ -0.3862355, 51.9071942 ] ] } },
{ "type": "Feature", "properties": { "id": 27754, "nach": 0.42833322420263503 }, "geometry": { "type": "LineString", "coordinates": [ [ -0.3876437, 51.907373 ], [ -0.38724930000001, 51.9069407 ], [ -0.3864052, 51.906135400000011 ], [ -0.3863601, 51.9061058 ], [ -0.3862877, 51.9060868 ], [ -0.3862247, 51.9060909 ], [ -0.386155, 51.906103300000012 ], [ -0.385474200000011, 51.9063972 ] ] } },
{ "type": "Feature", "properties": { "id": 27730, "nach": 0.51014906453085584 }, "geometry": { "type": "LineString", "coordinates": [ [ -0.3841705, 51.9041375 ], [ -0.3841169, 51.9042108 ] ] } },
{ "type": "Feature", "properties": { "id": 83752, "nach": 0.5189463830379959 }, "geometry": { "type": "LineString", "coordinates": [ [ -0.3841169, 51.9042108 ], [ -0.3840048, 51.904244899999988 ], [ -0.38373540000001, 51.9043311 ], [ -0.38365, 51.9043587 ] ] } },
{ "type": "Feature", "properties": { "id": 27787, "nach": 0.45763954747368979 }, "geometry": { "type": "LineString", "coordinates": [ [ -0.3833608, 51.9002511 ], [ -0.3838484, 51.9005047 ], [ -0.3839437, 51.9005695 ], [ -0.3840312, 51.9006673 ], [ -0.3840896, 51.9007871 ], [ -0.3841224, 51.90108 ] ] } },
{ "type": "Feature", "properties": { "id": 27768, "nach": 0.44755186637439615 }, "geometry": { "type": "LineString", "coordinates": [ [ -0.3802596, 51.903261 ], [ -0.3810325, 51.9030585 ], [ -0.3811679, 51.9030043 ], [ -0.38133040000001, 51.9028736 ] ] } },
{ "type": "Feature", "properties": { "id": 27762, "nach": 0.51976652740192963 }, "geometry": { "type": "LineString", "coordinates": [ [ -0.381971, 51.9033983 ], [ -0.38161, 51.9030171 ], [ -0.38133040000001, 51.9028736 ] ] } },
{ "type": "Feature", "properties": { "id": 28663, "nach": 0.3725582710013462 }, "geometry": { "type": "LineString", "coordinates": [ [ -0.3801686, 51.903128100000025 ], [ -0.3802596, 51.903261 ] ] } },
{ "type": "Feature", "properties": { "id": 28662, "nach": 0.3725582710013462 }, "geometry": { "type": "LineString", "coordinates": [ [ -0.3803555, 51.9033932 ], [ -0.3802596, 51.903261 ] ] } },
{ "type": "Feature", "properties": { "id": 27760, "nach": 0.42978343376030914 }, "geometry": { "type": "LineString", "coordinates": [ [ -0.381971, 51.9033983 ], [ -0.3805917, 51.9037676 ] ] } },
{ "type": "Feature", "properties": { "id": 28661, "nach": 0.35498889038653264 }, "geometry": { "type": "LineString", "coordinates": [ [ -0.38047380000001, 51.9035937 ], [ -0.3805917, 51.9037676 ] ] } },
{ "type": "Feature", "properties": { "id": 28660, "nach": 0.35498889038653264 }, "geometry": { "type": "LineString", "coordinates": [ [ -0.3806735, 51.9039009 ], [ -0.3805917, 51.9037676 ] ] } },
{ "type": "Feature", "properties": { "id": 27814, "nach": 0.38121271023209252 }, "geometry": { "type": "LineString", "coordinates": [ [ -0.3851712, 51.9010086 ], [ -0.3841224, 51.90108 ] ] } },
{ "type": "Feature", "properties": { "id": 28300, "nach": 0.46292909516041159 }, "geometry": { "type": "LineString", "coordinates": [ [ -0.3836642, 51.9011451 ], [ -0.3838194, 51.9011183 ], [ -0.3839855, 51.9010978 ], [ -0.3841224, 51.90108 ] ] } },
{ "type": "Feature", "properties": { "id": 28298, "nach": 0.42513634448427284 }, "geometry": { "type": "LineString", "coordinates": [ [ -0.3836642, 51.9011451 ], [ -0.38350410000001, 51.900826 ], [ -0.3834199, 51.9007685 ] ] } },
{ "type": "Feature", "properties": { "id": 63577, "nach": 0.47755291782498582 }, "geometry": { "type": "LineString", "coordinates": [ [ -0.387189800000014, 51.9055269 ], [ -0.388166700000014, 51.9064741 ] ] } },
{ "type": "Feature", "properties": { "id": 28665, "nach": 0.38547909520831558 }, "geometry": { "type": "LineString", "coordinates": [ [ -0.3798191, 51.9025824 ], [ -0.3799368, 51.9027545 ] ] } },
{ "type": "Feature", "properties": { "id": 28664, "nach": 0.38547909520831558 }, "geometry": { "type": "LineString", "coordinates": [ [ -0.3800475, 51.9029085 ], [ -0.3799368, 51.9027545 ] ] } },
{ "type": "Feature", "properties": { "id": 63580, "nach": 0.39189014674380407 }, "geometry": { "type": "LineString", "coordinates": [ [ -0.3880744, 51.905164600000013 ], [ -0.387189800000014, 51.9055269 ] ] } },
{ "type": "Feature", "properties": { "id": 63487, "nach": 0.50569053626693705 }, "geometry": { "type": "LineString", "coordinates": [ [ -0.3785318, 51.8995795 ], [ -0.3786608, 51.899877200000013 ] ] } },
{ "type": "Feature", "properties": { "id": 63489, "nach": 0.50393681764088438 }, "geometry": { "type": "LineString", "coordinates": [ [ -0.3785318, 51.8995795 ], [ -0.3783855, 51.8992976 ], [ -0.37833, 51.8991573 ], [ -0.3784258, 51.89898190000001 ], [ -0.3784156, 51.8988575 ], [ -0.3787295, 51.8986741 ] ] } },
{ "type": "Feature", "properties": { "id": 63490, "nach": 0.42529923895667365 }, "geometry": { "type": "LineString", "coordinates": [ [ -0.3789991, 51.8993304 ], [ -0.3785318, 51.8995795 ] ] } },
{ "type": "Feature", "properties": { "id": 27843, "nach": 0.53450524136540978 }, "geometry": { "type": "LineString", "coordinates": [ [ -0.3819748, 51.89872290000001 ], [ -0.3806672, 51.899081 ] ] } },
{ "type": "Feature", "properties": { "id": 43688, "nach": 0.53383665253946644 }, "geometry": { "type": "LineString", "coordinates": [ [ -0.3798779, 51.8985254 ], [ -0.3799791, 51.8985461 ], [ -0.3806672, 51.899081 ] ] } },
{ "type": "Feature", "properties": { "id": 63499, "nach": 0.48320754806486271 }, "geometry": { "type": "LineString", "coordinates": [ [ -0.383055, 51.8984247 ], [ -0.3819748, 51.89872290000001 ] ] } },
{ "type": "Feature", "properties": { "id": 63496, "nach": 0.50237977239463061 }, "geometry": { "type": "LineString", "coordinates": [ [ -0.3817537, 51.8985044 ], [ -0.3819748, 51.89872290000001 ] ] } },
{ "type": "Feature", "properties": { "id": 43689, "nach": 0.56385285705176535 }, "geometry": { "type": "LineString", "coordinates": [ [ -0.3798779, 51.8985254 ], [ -0.3798016, 51.898491 ], [ -0.3795639, 51.8983438 ], [ -0.3795475, 51.8982735 ] ] } },
{ "type": "Feature", "properties": { "id": 63485, "nach": 0.52628971755815146 }, "geometry": { "type": "LineString", "coordinates": [ [ -0.379458, 51.8987478 ], [ -0.3797832, 51.8985431 ], [ -0.3798779, 51.8985254 ] ] } },
{ "type": "Feature", "properties": { "id": 63500, "nach": 0.45147494965122786 }, "geometry": { "type": "LineString", "coordinates": [ [ -0.383055, 51.8984247 ], [ -0.3837895, 51.8982449 ], [ -0.3839728, 51.8981289 ], [ -0.384077, 51.8979749 ] ] } },
{ "type": "Feature", "properties": { "id": 27884, "nach": 0.45807245751350645 }, "geometry": { "type": "LineString", "coordinates": [ [ -0.3836857, 51.8974548 ], [ -0.3840144, 51.8977468 ], [ -0.3840706, 51.897858800000016 ], [ -0.384077, 51.8979749 ] ] } },
{ "type": "Feature", "properties": { "id": 63369, "nach": 0.31846185906628155 }, "geometry": { "type": "LineString", "coordinates": [ [ -0.3851922, 51.897675 ], [ -0.3850183, 51.8977332 ], [ -0.3845167, 51.8979965 ], [ -0.3843537, 51.8980075 ], [ -0.384077, 51.8979749 ] ] } },
{ "type": "Feature", "properties": { "id": 63501, "nach": 0.45078244658653693 }, "geometry": { "type": "LineString", "coordinates": [ [ -0.383055, 51.8984247 ], [ -0.3824996, 51.8979358 ], [ -0.3824933, 51.8978569 ] ] } },
{ "type": "Feature", "properties": { "id": 27882, "nach": 0.52586757229929504 }, "geometry": { "type": "LineString", "coordinates": [ [ -0.3836857, 51.8974548 ], [ -0.3835798, 51.8973713 ] ] } },
{ "type": "Feature", "properties": { "id": 60907, "nach": 0.52478908163251126 }, "geometry": { "type": "LineString", "coordinates": [ [ -0.3841591, 51.897243100000011 ], [ -0.3836857, 51.8974548 ] ] } },
{ "type": "Feature", "properties": { "id": 63368, "nach": 0.0 }, "geometry": { "type": "LineString", "coordinates": [ [ -0.3851922, 51.897675 ], [ -0.3856053, 51.8975366 ], [ -0.3863942, 51.8972286 ], [ -0.3864496, 51.897133 ], [ -0.3860519, 51.8967652 ], [ -0.3857613, 51.896875799999989 ], [ -0.3856434, 51.896865900000016 ], [ -0.3855342, 51.8967728 ], [ -0.3854785, 51.896753100000012 ] ] } },
{ "type": "Feature", "properties": { "id": 63372, "nach": 0.38993085522370291 }, "geometry": { "type": "LineString", "coordinates": [ [ -0.3845604, 51.897070800000016 ], [ -0.3851922, 51.897675 ] ] } },
{ "type": "Feature", "properties": { "id": 63495, "nach": 0.51971852622328285 }, "geometry": { "type": "LineString", "coordinates": [ [ -0.3817537, 51.8985044 ], [ -0.3815965, 51.89837 ] ] } },
{ "type": "Feature", "properties": { "id": 63498, "nach": 0.42363615798767745 }, "geometry": { "type": "LineString", "coordinates": [ [ -0.3820833, 51.898164500000014 ], [ -0.3822321, 51.898308 ], [ -0.3817537, 51.8985044 ] ] } },
{ "type": "Feature", "properties": { "id": 43679, "nach": 0.59610291796751502 }, "geometry": { "type": "LineString", "coordinates": [ [ -0.3830715, 51.8969574 ], [ -0.3829347, 51.8969056 ] ] } },
{ "type": "Feature", "properties": { "id": 27900, "nach": 0.58647132876129549 }, "geometry": { "type": "LineString", "coordinates": [ [ -0.3821554, 51.8968514 ], [ -0.3825957, 51.8968625 ], [ -0.3829347, 51.8969056 ] ] } },
{ "type": "Feature", "properties": { "id": 63395, "nach": 0.54396048008574094 }, "geometry": { "type": "LineString", "coordinates": [ [ -0.3831708, 51.8966956 ], [ -0.3830644, 51.8967653 ], [ -0.383012, 51.896811200000016 ], [ -0.3829347, 51.8969056 ] ] } },
{ "type": "Feature", "properties": { "id": 43678, "nach": 0.58157207063449667 }, "geometry": { "type": "LineString", "coordinates": [ [ -0.3830715, 51.8969574 ], [ -0.3832097, 51.897051400000016 ] ] } },
{ "type": "Feature", "properties": { "id": 63438, "nach": 0.52725406869658542 }, "geometry": { "type": "LineString", "coordinates": [ [ -0.3825144, 51.8973155 ], [ -0.3830715, 51.8969574 ] ] } },
{ "type": "Feature", "properties": { "id": 27901, "nach": 0.55622830388106226 }, "geometry": { "type": "LineString", "coordinates": [ [ -0.3821554, 51.8968514 ], [ -0.3821413, 51.896655300000013 ], [ -0.3821823, 51.8964377 ] ] } },
{ "type": "Feature", "properties": { "id": 27899, "nach": 0.57310492942200053 }, "geometry": { "type": "LineString", "coordinates": [ [ -0.3821554, 51.8968514 ], [ -0.3811121, 51.8969187 ] ] } },
{ "type": "Feature", "properties": { "id": 63393, "nach": 0.53274684484940904 }, "geometry": { "type": "LineString", "coordinates": [ [ -0.3831708, 51.8966956 ], [ -0.383312, 51.8966213 ] ] } },
{ "type": "Feature", "properties": { "id": 63396, "nach": 0.41798641829851924 }, "geometry": { "type": "LineString", "coordinates": [ [ -0.3829201, 51.8965473 ], [ -0.3831708, 51.8966956 ] ] } },
{ "type": "Feature", "properties": { "id": 63425, "nach": 0.51256997321903486 }, "geometry": { "type": "LineString", "coordinates": [ [ -0.3834182, 51.8972243 ], [ -0.3835798, 51.8973713 ] ] } },
{ "type": "Feature", "properties": { "id": 63374, "nach": 0.51346737820106669 }, "geometry": { "type": "LineString", "coordinates": [ [ -0.3828708, 51.8977193 ], [ -0.3835798, 51.8973713 ] ] } },
{ "type": "Feature", "properties": { "id": 63426, "nach": 0.5325600305662026 }, "geometry": { "type": "LineString", "coordinates": [ [ -0.3834182, 51.8972243 ], [ -0.383386, 51.897195 ] ] } },
{ "type": "Feature", "properties": { "id": 63428, "nach": 0.418736073966815 }, "geometry": { "type": "LineString", "coordinates": [ [ -0.3832, 51.8973077 ], [ -0.3834182, 51.8972243 ] ] } },
{ "type": "Feature", "properties": { "id": 63373, "nach": 0.51362235970382319 }, "geometry": { "type": "LineString", "coordinates": [ [ -0.3828708, 51.8977193 ], [ -0.3826415, 51.8977973 ] ] } },
{ "type": "Feature", "properties": { "id": 63376, "nach": 0.4166024825232979 }, "geometry": { "type": "LineString", "coordinates": [ [ -0.3833933, 51.8979207 ], [ -0.3831914, 51.8979981 ], [ -0.3828708, 51.8977193 ] ] } },
{ "type": "Feature", "properties": { "id": 63429, "nach": 0.58665652360288478 }, "geometry": { "type": "LineString", "coordinates": [ [ -0.3797648, 51.8981377 ], [ -0.3795475, 51.8982735 ] ] } },
{ "type": "Feature", "properties": { "id": 63469, "nach": 0.51402324380363362 }, "geometry": { "type": "LineString", "coordinates": [ [ -0.3794374, 51.8982038 ], [ -0.3795475, 51.8982735 ] ] } },
{ "type": "Feature", "properties": { "id": 63456, "nach": 0.58259000629718682 }, "geometry": { "type": "LineString", "coordinates": [ [ -0.3796024, 51.8978401 ], [ -0.3797999, 51.897983200000013 ], [ -0.3797648, 51.8981377 ] ] } },
{ "type": "Feature", "properties": { "id": 63433, "nach": 0.53902292314349765 }, "geometry": { "type": "LineString", "coordinates": [ [ -0.3803525, 51.8979941 ], [ -0.3801242, 51.897991 ], [ -0.3799827, 51.8980783 ], [ -0.3797648, 51.8981377 ] ] } },
{ "type": "Feature", "properties": { "id": 63470, "nach": 0.46421670764556927 }, "geometry": { "type": "LineString", "coordinates": [ [ -0.3794374, 51.8982038 ], [ -0.3788503, 51.898556800000016 ], [ -0.3787031, 51.8985457 ] ] } },
{ "type": "Feature", "properties": { "id": 63468, "nach": 0.42924094723143963 }, "geometry": { "type": "LineString", "coordinates": [ [ -0.3794374, 51.8982038 ], [ -0.379086, 51.897981599999987 ] ] } },
{ "type": "Feature", "properties": { "id": 27880, "nach": 0.56694681943096648 }, "geometry": { "type": "LineString", "coordinates": [ [ -0.3811121, 51.8969187 ], [ -0.3810656, 51.8971593 ] ] } },
{ "type": "Feature", "properties": { "id": 72190, "nach": 0.55180317272391555 }, "geometry": { "type": "LineString", "coordinates": [ [ -0.3796027, 51.897285 ], [ -0.3800409, 51.8975591 ] ] } },
{ "type": "Feature", "properties": { "id": 27862, "nach": 0.55528191985584108 }, "geometry": { "type": "LineString", "coordinates": [ [ -0.3816038, 51.8961072 ], [ -0.3817347, 51.896252399999987 ], [ -0.3817942, 51.8963032 ], [ -0.3818699, 51.8963457 ], [ -0.3819781, 51.8963815 ], [ -0.3821823, 51.8964377 ] ] } },
{ "type": "Feature", "properties": { "id": 27867, "nach": 0.47618912026362714 }, "geometry": { "type": "LineString", "coordinates": [ [ -0.3824669, 51.896147 ], [ -0.3822924, 51.8962954 ], [ -0.3821823, 51.8964377 ] ] } },
{ "type": "Feature", "properties": { "id": 63339, "nach": 0.56130611998875413 }, "geometry": { "type": "LineString", "coordinates": [ [ -0.3818473, 51.8957549 ], [ -0.3817515, 51.8958112 ], [ -0.3816897, 51.8958695 ], [ -0.3816529, 51.8959197 ], [ -0.3816257, 51.8959776 ], [ -0.3816138, 51.8960236 ], [ -0.3816038, 51.8961072 ] ] } },
{ "type": "Feature", "properties": { "id": 27885, "nach": 0.42305263856269859 }, "geometry": { "type": "LineString", "coordinates": [ [ -0.3808032, 51.8964268 ], [ -0.3813056, 51.896130599999985 ], [ -0.3813828, 51.8960985 ], [ -0.38146, 51.8960853 ], [ -0.3815267, 51.896088 ], [ -0.3816038, 51.8961072 ] ] } },
{ "type": "Feature", "properties": { "id": 63332, "nach": 0.52166331487213169 }, "geometry": { "type": "LineString", "coordinates": [ [ -0.3829408, 51.895916 ], [ -0.3828994, 51.895926 ], [ -0.3827846, 51.8959629 ], [ -0.3826055, 51.8960445 ], [ -0.3824669, 51.896147 ] ] } },
{ "type": "Feature", "properties": { "id": 63387, "nach": 0.5107075643541078 }, "geometry": { "type": "LineString", "coordinates": [ [ -0.3832468, 51.8965668 ], [ -0.3830904, 51.8964583 ], [ -0.3829693, 51.8964682 ], [ -0.3824669, 51.896147 ] ] } },
{ "type": "Feature", "properties": { "id": 63338, "nach": 0.54634773234212641 }, "geometry": { "type": "LineString", "coordinates": [ [ -0.3818473, 51.8957549 ], [ -0.38222440000001, 51.8955334 ] ] } },
{ "type": "Feature", "properties": { "id": 63343, "nach": 0.59305094477808229 }, "geometry": { "type": "LineString", "coordinates": [ [ -0.3814574, 51.8954805 ], [ -0.3814238, 51.8955061 ], [ -0.3818473, 51.8957549 ] ] } },
{ "type": "Feature", "properties": { "id": 63386, "nach": 0.53120221159860004 }, "geometry": { "type": "LineString", "coordinates": [ [ -0.3832468, 51.8965668 ], [ -0.383312, 51.8966213 ] ] } },
{ "type": "Feature", "properties": { "id": 43665, "nach": 0.41791003114516401 }, "geometry": { "type": "LineString", "coordinates": [ [ -0.3835563, 51.8967393 ], [ -0.383312, 51.8966213 ] ] } },
{ "type": "Feature", "properties": { "id": 63388, "nach": 0.43938772386891906 }, "geometry": { "type": "LineString", "coordinates": [ [ -0.3832468, 51.8965668 ], [ -0.3833478, 51.8964983 ], [ -0.3840494, 51.8960597 ] ] } },
{ "type": "Feature", "properties": { "id": 63333, "nach": 0.56144869423072341 }, "geometry": { "type": "LineString", "coordinates": [ [ -0.3829408, 51.895916 ], [ -0.3830155, 51.8958979 ], [ -0.3831558, 51.8958805 ] ] } },
{ "type": "Feature", "properties": { "id": 63331, "nach": 0.58130128871368159 }, "geometry": { "type": "LineString", "coordinates": [ [ -0.3829408, 51.895916 ], [ -0.3825611, 51.8956574 ] ] } },
{ "type": "Feature", "properties": { "id": 63463, "nach": 0.52364494258171534 }, "geometry": { "type": "LineString", "coordinates": [ [ -0.3792357, 51.897621 ], [ -0.3796024, 51.8978401 ] ] } },
{ "type": "Feature", "properties": { "id": 63466, "nach": 0.43221026138819413 }, "geometry": { "type": "LineString", "coordinates": [ [ -0.3794178, 51.8975035 ], [ -0.3792357, 51.897621 ] ] } },
{ "type": "Feature", "properties": { "id": 63471, "nach": 0.42792633789639112 }, "geometry": { "type": "LineString", "coordinates": [ [ -0.3784648, 51.8986829 ], [ -0.3787031, 51.8985457 ] ] } },
{ "type": "Feature", "properties": { "id": 63472, "nach": 0.51594234874640044 }, "geometry": { "type": "LineString", "coordinates": [ [ -0.3787295, 51.8986741 ], [ -0.3787031, 51.8985457 ] ] } },
{ "type": "Feature", "properties": { "id": 63461, "nach": 0.51686439116429639 }, "geometry": { "type": "LineString", "coordinates": [ [ -0.380632, 51.8974694 ], [ -0.3806601, 51.897396499999985 ], [ -0.3810656, 51.8971593 ] ] } },
{ "type": "Feature", "properties": { "id": 63443, "nach": 0.51741660458486061 }, "geometry": { "type": "LineString", "coordinates": [ [ -0.3818412, 51.8975819 ], [ -0.3818138, 51.8975558 ], [ -0.3817714, 51.897515600000013 ], [ -0.3813931, 51.8972706 ], [ -0.3810656, 51.8971593 ] ] } },
{ "type": "Feature", "properties": { "id": 63460, "nach": 0.44326083146149564 }, "geometry": { "type": "LineString", "coordinates": [ [ -0.380632, 51.8974694 ], [ -0.3806641, 51.897550699999982 ], [ -0.3810228, 51.8977521 ], [ -0.3810901, 51.8978436 ], [ -0.3810985, 51.897855 ] ] } },
{ "type": "Feature", "properties": { "id": 63462, "nach": 0.50240204454950621 }, "geometry": { "type": "LineString", "coordinates": [ [ -0.380632, 51.8974694 ], [ -0.3804732, 51.8974718 ], [ -0.3801768, 51.8976442 ] ] } },
{ "type": "Feature", "properties": { "id": 63442, "nach": 0.51287525146925839 }, "geometry": { "type": "LineString", "coordinates": [ [ -0.3818412, 51.8975819 ], [ -0.3824462, 51.8973593 ], [ -0.3825144, 51.8973155 ] ] } },
{ "type": "Feature", "properties": { "id": 63444, "nach": 0.5569016402900554 }, "geometry": { "type": "LineString", "coordinates": [ [ -0.3815946, 51.8976726 ], [ -0.3818412, 51.8975819 ] ] } },
{ "type": "Feature", "properties": { "id": 59045, "nach": 0.52903074035280118 }, "geometry": { "type": "LineString", "coordinates": [ [ -0.3826415, 51.8977973 ], [ -0.3824933, 51.8978569 ] ] } },
{ "type": "Feature", "properties": { "id": 27894, "nach": 0.51857560484120724 }, "geometry": { "type": "LineString", "coordinates": [ [ -0.3817213, 51.8978727 ], [ -0.3820097, 51.8978347 ], [ -0.3821059, 51.8977953 ], [ -0.3823934, 51.8978709 ], [ -0.3824933, 51.8978569 ] ] } },
{ "type": "Feature", "properties": { "id": 63440, "nach": 0.41808499550352718 }, "geometry": { "type": "LineString", "coordinates": [ [ -0.3825144, 51.8973155 ], [ -0.3826591, 51.897406 ], [ -0.3823522, 51.897546 ], [ -0.3826415, 51.8977973 ] ] } },
{ "type": "Feature", "properties": { "id": 27892, "nach": 0.53029633487275873 }, "geometry": { "type": "LineString", "coordinates": [ [ -0.3817213, 51.8978727 ], [ -0.3814229, 51.8981014 ] ] } },
{ "type": "Feature", "properties": { "id": 63446, "nach": 0.56389086144953093 }, "geometry": { "type": "LineString", "coordinates": [ [ -0.3815946, 51.8976726 ], [ -0.3816534, 51.8977339 ], [ -0.3817213, 51.8978727 ] ] } },
{ "type": "Feature", "properties": { "id": 60908, "nach": 0.41313200493439295 }, "geometry": { "type": "LineString", "coordinates": [ [ -0.3841591, 51.897243100000011 ], [ -0.3844271, 51.8975059 ] ] } },
{ "type": "Feature", "properties": { "id": 63401, "nach": 0.51099163665796443 }, "geometry": { "type": "LineString", "coordinates": [ [ -0.3842836, 51.8971897 ], [ -0.3841591, 51.897243100000011 ] ] } },
{ "type": "Feature", "properties": { "id": 63434, "nach": 0.41080686318652032 }, "geometry": { "type": "LineString", "coordinates": [ [ -0.3803525, 51.8979941 ], [ -0.380712, 51.898304300000014 ], [ -0.3807941, 51.8982782 ], [ -0.3812262, 51.8981236 ], [ -0.3814229, 51.8981014 ] ] } },
{ "type": "Feature", "properties": { "id": 63494, "nach": 0.53357671067606316 }, "geometry": { "type": "LineString", "coordinates": [ [ -0.3815965, 51.89837 ], [ -0.3814796, 51.8982579 ], [ -0.3814229, 51.8981014 ] ] } },
{ "type": "Feature", "properties": { "id": 63436, "nach": 0.53083899590905792 }, "geometry": { "type": "LineString", "coordinates": [ [ -0.3810985, 51.897855 ], [ -0.3806916, 51.8979767 ], [ -0.3803525, 51.8979941 ] ] } },
{ "type": "Feature", "properties": { "id": 63493, "nach": 0.4282448300793042 }, "geometry": { "type": "LineString", "coordinates": [ [ -0.3815965, 51.89837 ], [ -0.3813697, 51.8984572 ] ] } },
{ "type": "Feature", "properties": { "id": 63326, "nach": 0.54816998439298803 }, "geometry": { "type": "LineString", "coordinates": [ [ -0.3825028, 51.8952858 ], [ -0.3824432, 51.8952741 ], [ -0.3823701, 51.8953865 ], [ -0.3822354, 51.8954672 ], [ -0.38222440000001, 51.8955334 ] ] } },
{ "type": "Feature", "properties": { "id": 63330, "nach": 0.58029993405370506 }, "geometry": { "type": "LineString", "coordinates": [ [ -0.3825611, 51.8956574 ], [ -0.3823829, 51.8955691 ], [ -0.38222440000001, 51.8955334 ] ] } },
{ "type": "Feature", "properties": { "id": 72246, "nach": 0.40661138866313812 }, "geometry": { "type": "LineString", "coordinates": [ [ -0.3825425, 51.8952336 ], [ -0.3825028, 51.8952858 ] ] } },
{ "type": "Feature", "properties": { "id": 63337, "nach": 0.323213596174586 }, "geometry": { "type": "LineString", "coordinates": [ [ -0.38294330000001, 51.8954283 ], [ -0.3824904, 51.8953038 ], [ -0.3825028, 51.8952858 ] ] } },
{ "type": "Feature", "properties": { "id": 63325, "nach": 0.62809636401548474 }, "geometry": { "type": "LineString", "coordinates": [ [ -0.3825028, 51.8952858 ], [ -0.382593574576099, 51.895247928703142 ] ] } },
{ "type": "Feature", "properties": { "id": 63336, "nach": 0.40260235052801735 }, "geometry": { "type": "LineString", "coordinates": [ [ -0.38294330000001, 51.8954283 ], [ -0.3825611, 51.8956574 ] ] } },
{ "type": "Feature", "properties": { "id": 63445, "nach": 0.52894711880447265 }, "geometry": { "type": "LineString", "coordinates": [ [ -0.3815946, 51.8976726 ], [ -0.3810985, 51.897855 ] ] } },
{ "type": "Feature", "properties": { "id": 63477, "nach": 0.45396810747912092 }, "geometry": { "type": "LineString", "coordinates": [ [ -0.3791544, 51.8989382 ], [ -0.3787295, 51.8986741 ] ] } },
{ "type": "Feature", "properties": { "id": 27911, "nach": 0.54400147880964633 }, "geometry": { "type": "LineString", "coordinates": [ [ -0.3749497, 51.894957 ], [ -0.3754629, 51.895116300000012 ] ] } },
{ "type": "Feature", "properties": { "id": 27915, "nach": 0.53856055735655162 }, "geometry": { "type": "LineString", "coordinates": [ [ -0.3760065, 51.8956275 ], [ -0.3758809, 51.8954219 ], [ -0.3754629, 51.895116300000012 ] ] } },
{ "type": "Feature", "properties": { "id": 27939, "nach": 0.39104675665821553 }, "geometry": { "type": "LineString", "coordinates": [ [ -0.3749984, 51.8942449 ], [ -0.3751057, 51.894322699999989 ], [ -0.3755995, 51.8946809 ], [ -0.3756905, 51.8947846 ], [ -0.3756681, 51.8949036 ], [ -0.3754629, 51.895116300000012 ] ] } },
{ "type": "Feature", "properties": { "id": 27923, "nach": 0.47840274906322905 }, "geometry": { "type": "LineString", "coordinates": [ [ -0.3744875, 51.8953643 ], [ -0.3747252, 51.895250899999979 ], [ -0.3749497, 51.894957 ] ] } },
{ "type": "Feature", "properties": { "id": 27951, "nach": 0.55868878469340988 }, "geometry": { "type": "LineString", "coordinates": [ [ -0.3741736, 51.8944621 ], [ -0.3742728, 51.8946095 ], [ -0.374406, 51.8947338 ], [ -0.3746127, 51.8948591 ], [ -0.3749497, 51.894957 ] ] } },
{ "type": "Feature", "properties": { "id": 27957, "nach": 0.41485180943476557 }, "geometry": { "type": "LineString", "coordinates": [ [ -0.3764361, 51.8954804 ], [ -0.3762019, 51.89558670000001 ], [ -0.3760065, 51.8956275 ] ] } },
{ "type": "Feature", "properties": { "id": 27927, "nach": 0.53863081088494102 }, "geometry": { "type": "LineString", "coordinates": [ [ -0.3762381, 51.8960304 ], [ -0.3760754, 51.8958361 ], [ -0.3760065, 51.8956275 ] ] } },
{ "type": "Feature", "properties": { "id": 58254, "nach": 0.59442706081187546 }, "geometry": { "type": "LineString", "coordinates": [ [ -0.3788886, 51.8944164 ], [ -0.3790014, 51.894599500000012 ] ] } },
{ "type": "Feature", "properties": { "id": 55486, "nach": 0.59401031344735244 }, "geometry": { "type": "LineString", "coordinates": [ [ -0.3792153, 51.8948555 ], [ -0.3790014, 51.894599500000012 ] ] } },
{ "type": "Feature", "properties": { "id": 63214, "nach": 0.42928937612887808 }, "geometry": { "type": "LineString", "coordinates": [ [ -0.3782607, 51.8944441 ], [ -0.3784004, 51.8945727 ], [ -0.3785302, 51.8946735 ], [ -0.3786644, 51.8946933 ], [ -0.3790014, 51.894599500000012 ] ] } },
{ "type": "Feature", "properties": { "id": 63216, "nach": 0.53638195504730524 }, "geometry": { "type": "LineString", "coordinates": [ [ -0.3783536, 51.8939655 ], [ -0.3783968, 51.8939902 ], [ -0.3788886, 51.8944164 ] ] } },
{ "type": "Feature", "properties": { "id": 58265, "nach": 0.59657189593659299 }, "geometry": { "type": "LineString", "coordinates": [ [ -0.3791897, 51.8943117 ], [ -0.3791242, 51.8943181 ], [ -0.37900040000001, 51.8943507 ], [ -0.3788886, 51.8944164 ] ] } },
{ "type": "Feature", "properties": { "id": 55487, "nach": 0.59953695442433874 }, "geometry": { "type": "LineString", "coordinates": [ [ -0.3792153, 51.8948555 ], [ -0.3794828, 51.8952285 ] ] } },
{ "type": "Feature", "properties": { "id": 55491, "nach": 0.53471145767673367 }, "geometry": { "type": "LineString", "coordinates": [ [ -0.3802375, 51.8948304 ], [ -0.3792153, 51.8948555 ] ] } },
{ "type": "Feature", "properties": { "id": 27938, "nach": 0.59640592741166176 }, "geometry": { "type": "LineString", "coordinates": [ [ -0.3737067, 51.894559300000012 ], [ -0.3736814, 51.8947254 ], [ -0.3735408, 51.8948507 ] ] } },
{ "type": "Feature", "properties": { "id": 47494, "nach": 0.60349534231085911 }, "geometry": { "type": "LineString", "coordinates": [ [ -0.3730949, 51.8947679 ], [ -0.3732405, 51.8948215 ], [ -0.3734174, 51.8948413 ], [ -0.3735408, 51.8948507 ] ] } },
{ "type": "Feature", "properties": { "id": 58313, "nach": 0.42036852226196475 }, "geometry": { "type": "LineString", "coordinates": [ [ -0.3740463, 51.8950915 ], [ -0.3737832, 51.8949533 ], [ -0.3735408, 51.8948507 ] ] } },
{ "type": "Feature", "properties": { "id": 27937, "nach": 0.51905618257268005 }, "geometry": { "type": "LineString", "coordinates": [ [ -0.3737067, 51.894559300000012 ], [ -0.3734859, 51.894577 ], [ -0.3733351, 51.8945501 ], [ -0.3732107, 51.8944732 ], [ -0.3731291, 51.8943733 ] ] } },
{ "type": "Feature", "properties": { "id": 27949, "nach": 0.57546858921688515 }, "geometry": { "type": "LineString", "coordinates": [ [ -0.3741736, 51.8944621 ], [ -0.3737067, 51.894559300000012 ] ] } },
{ "type": "Feature", "properties": { "id": 79671, "nach": 0.60206572251414825 }, "geometry": { "type": "LineString", "coordinates": [ [ -0.3720868, 51.8945737 ], [ -0.3723176, 51.894613 ], [ -0.3727718, 51.8946861 ], [ -0.3730949, 51.8947679 ] ] } },
{ "type": "Feature", "properties": { "id": 58311, "nach": 0.40113502973629378 }, "geometry": { "type": "LineString", "coordinates": [ [ -0.3748097, 51.89563350000001 ], [ -0.3746608, 51.8955494 ], [ -0.374588, 51.8954849 ], [ -0.3745405, 51.8954028 ], [ -0.3744875, 51.8953643 ] ] } },
{ "type": "Feature", "properties": { "id": 58312, "nach": 0.40326686311706317 }, "geometry": { "type": "LineString", "coordinates": [ [ -0.3741603, 51.895137 ], [ -0.3742174, 51.8951741 ], [ -0.374287, 51.895223 ], [ -0.3743346, 51.895254199999989 ], [ -0.3743852, 51.8952855 ], [ -0.3744875, 51.8953643 ] ] } },
{ "type": "Feature", "properties": { "id": 58319, "nach": 0.48201427822065052 }, "geometry": { "type": "LineString", "coordinates": [ [ -0.3741355, 51.8940508 ], [ -0.3741736, 51.8944621 ] ] } },
{ "type": "Feature", "properties": { "id": 56612, "nach": 0.4705191068487295 }, "geometry": { "type": "LineString", "coordinates": [ [ -0.3755904, 51.8962272 ], [ -0.3757601, 51.8962342 ], [ -0.3762381, 51.8960304 ] ] } },
{ "type": "Feature", "properties": { "id": 27931, "nach": 0.54646404466726251 }, "geometry": { "type": "LineString", "coordinates": [ [ -0.3771434, 51.896881200000017 ], [ -0.3771748, 51.896714299999985 ], [ -0.3771402, 51.8965579 ], [ -0.3770162, 51.896430199999983 ], [ -0.3765337, 51.8962266 ], [ -0.3762381, 51.8960304 ] ] } },
{ "type": "Feature", "properties": { "id": 57783, "nach": 0.60733202921059037 }, "geometry": { "type": "LineString", "coordinates": [ [ -0.3798682, 51.8957061 ], [ -0.3794828, 51.8952285 ] ] } },
{ "type": "Feature", "properties": { "id": 62819, "nach": 0.52473655749867132 }, "geometry": { "type": "LineString", "coordinates": [ [ -0.3789768, 51.895416100000013 ], [ -0.3791689, 51.8953187 ], [ -0.3794828, 51.8952285 ] ] } },
{ "type": "Feature", "properties": { "id": 57787, "nach": 0.50269859450773535 }, "geometry": { "type": "LineString", "coordinates": [ [ -0.3802499, 51.8955939 ], [ -0.3801554, 51.8956007 ], [ -0.3799954, 51.8956368 ], [ -0.3798682, 51.8957061 ] ] } },
{ "type": "Feature", "properties": { "id": 63212, "nach": 0.48064792470491075 }, "geometry": { "type": "LineString", "coordinates": [ [ -0.3786981, 51.896552 ], [ -0.3787758, 51.8966025 ], [ -0.3788329, 51.8966114 ], [ -0.3788825, 51.8965973 ], [ -0.3793699, 51.8963326 ], [ -0.3794053, 51.8962614 ], [ -0.3793596, 51.8961905 ], [ -0.3789137, 51.895875 ], [ -0.3788327, 51.8957232 ], [ -0.3788631, 51.8955429 ], [ -0.3789768, 51.895416100000013 ] ] } },
{ "type": "Feature", "properties": { "id": 62821, "nach": 0.42703099770431169 }, "geometry": { "type": "LineString", "coordinates": [ [ -0.378625, 51.895090799999977 ], [ -0.3787468, 51.89515870000001 ], [ -0.3787966, 51.895208 ], [ -0.3788398, 51.8952508 ], [ -0.3788844, 51.895322 ], [ -0.3789132, 51.8953656 ], [ -0.3789768, 51.895416100000013 ] ] } },
{ "type": "Feature", "properties": { "id": 58316, "nach": 0.48526104550175403 }, "geometry": { "type": "LineString", "coordinates": [ [ -0.3729854, 51.8942024 ], [ -0.3730443, 51.8942467 ], [ -0.3731291, 51.8943733 ] ] } },
{ "type": "Feature", "properties": { "id": 58318, "nach": 0.40538464322833767 }, "geometry": { "type": "LineString", "coordinates": [ [ -0.3722309, 51.8945233 ], [ -0.3724437, 51.8945785 ], [ -0.3725795, 51.89460050000001 ], [ -0.3726429, 51.8945849 ], [ -0.3729803, 51.8944161 ], [ -0.3731291, 51.8943733 ] ] } },
{ "type": "Feature", "properties": { "id": 58314, "nach": 0.41092116785075278 }, "geometry": { "type": "LineString", "coordinates": [ [ -0.3729854, 51.8942024 ], [ -0.3728707, 51.8941252 ] ] } },
{ "type": "Feature", "properties": { "id": 58317, "nach": 0.41028955026304342 }, "geometry": { "type": "LineString", "coordinates": [ [ -0.3731581, 51.8941106 ], [ -0.3729854, 51.8942024 ] ] } },
{ "type": "Feature", "properties": { "id": 58310, "nach": 0.38473999395795333 }, "geometry": { "type": "LineString", "coordinates": [ [ -0.3750083, 51.8957683 ], [ -0.375184, 51.895913900000011 ], [ -0.3754489, 51.8961738 ], [ -0.3755904, 51.8962272 ] ] } },
{ "type": "Feature", "properties": { "id": 56614, "nach": 0.39092196235669951 }, "geometry": { "type": "LineString", "coordinates": [ [ -0.3757218, 51.896547600000012 ], [ -0.3756157, 51.896438800000013 ], [ -0.3755477, 51.8963403 ], [ -0.3755541, 51.8962759 ], [ -0.3755904, 51.8962272 ] ] } },
{ "type": "Feature", "properties": { "id": 27948, "nach": 0.55989637992962793 }, "geometry": { "type": "LineString", "coordinates": [ [ -0.3775993, 51.8969416 ], [ -0.3774579, 51.8969091 ], [ -0.3771434, 51.896881200000017 ] ] } },
{ "type": "Feature", "properties": { "id": 58305, "nach": 0.48911392638426715 }, "geometry": { "type": "LineString", "coordinates": [ [ -0.3778438, 51.8967287 ], [ -0.3775993, 51.8969416 ] ] } },
{ "type": "Feature", "properties": { "id": 63203, "nach": 0.51741278902000465 }, "geometry": { "type": "LineString", "coordinates": [ [ -0.3780857, 51.8971349 ], [ -0.3775993, 51.8969416 ] ] } },
{ "type": "Feature", "properties": { "id": 27943, "nach": 0.48806342636466138 }, "geometry": { "type": "LineString", "coordinates": [ [ -0.37626220000001, 51.8932754 ], [ -0.3767303, 51.8930762 ] ] } },
{ "type": "Feature", "properties": { "id": 63222, "nach": 0.49689224996914172 }, "geometry": { "type": "LineString", "coordinates": [ [ -0.3780129, 51.8937705 ], [ -0.3767303, 51.8930762 ] ] } },
{ "type": "Feature", "properties": { "id": 27956, "nach": 0.51753305225580282 }, "geometry": { "type": "LineString", "coordinates": [ [ -0.3764441, 51.8926294 ], [ -0.3765178, 51.8928276 ], [ -0.3767303, 51.8930762 ] ] } },
{ "type": "Feature", "properties": { "id": 28301, "nach": 0.41632027156426638 }, "geometry": { "type": "LineString", "coordinates": [ [ -0.3754575, 51.8928019 ], [ -0.3753288, 51.8928483 ], [ -0.3753502, 51.8929211 ], [ -0.3754755, 51.8929647 ], [ -0.3756788, 51.89304150000001 ], [ -0.3759081, 51.8932125 ], [ -0.3760513, 51.8932587 ], [ -0.37626220000001, 51.8932754 ] ] } },
{ "type": "Feature", "properties": { "id": 63220, "nach": 0.38998713746943164 }, "geometry": { "type": "LineString", "coordinates": [ [ -0.377741, 51.8944652 ], [ -0.377414, 51.894228 ], [ -0.3772514, 51.89413 ], [ -0.3771832, 51.8940307 ], [ -0.3764009, 51.8935866 ], [ -0.37626220000001, 51.8932754 ] ] } },
{ "type": "Feature", "properties": { "id": 63223, "nach": 0.50856240876983727 }, "geometry": { "type": "LineString", "coordinates": [ [ -0.3780129, 51.8937705 ], [ -0.3783536, 51.8939655 ] ] } },
{ "type": "Feature", "properties": { "id": 63225, "nach": 0.43733664686184259 }, "geometry": { "type": "LineString", "coordinates": [ [ -0.3783286, 51.8935817 ], [ -0.3780129, 51.8937705 ] ] } },
{ "type": "Feature", "properties": { "id": 72235, "nach": 0.42223328063846149 }, "geometry": { "type": "LineString", "coordinates": [ [ -0.3772523, 51.8926093 ], [ -0.3770197, 51.8927303 ], [ -0.3769286, 51.8927413 ], [ -0.3767262, 51.8926028 ], [ -0.3764441, 51.8926294 ] ] } },
{ "type": "Feature", "properties": { "id": 63219, "nach": 0.44988077803424364 }, "geometry": { "type": "LineString", "coordinates": [ [ -0.377741, 51.8944652 ], [ -0.3780181, 51.8941756 ], [ -0.3783536, 51.8939655 ] ] } },
{ "type": "Feature", "properties": { "id": 63221, "nach": 0.42564726032690819 }, "geometry": { "type": "LineString", "coordinates": [ [ -0.3776671, 51.894523300000017 ], [ -0.377741, 51.8944652 ] ] } },
{ "type": "Feature", "properties": { "id": 58308, "nach": 0.41514387793342911 }, "geometry": { "type": "LineString", "coordinates": [ [ -0.3777505, 51.896683499999988 ], [ -0.3778438, 51.8967287 ] ] } },
{ "type": "Feature", "properties": { "id": 58309, "nach": 0.41181699573044184 }, "geometry": { "type": "LineString", "coordinates": [ [ -0.3780751, 51.8965817 ], [ -0.3778908, 51.8966987 ], [ -0.3778438, 51.8967287 ] ] } },
{ "type": "Feature", "properties": { "id": 63202, "nach": 0.41181703896057298 }, "geometry": { "type": "LineString", "coordinates": [ [ -0.3780857, 51.8971349 ], [ -0.37823, 51.897192299999986 ] ] } },
{ "type": "Feature", "properties": { "id": 63206, "nach": 0.48006839489465525 }, "geometry": { "type": "LineString", "coordinates": [ [ -0.3779317, 51.8972902 ], [ -0.3780857, 51.8971349 ] ] } },
{ "type": "Feature", "properties": { "id": 58323, "nach": 0.40256866114060169 }, "geometry": { "type": "LineString", "coordinates": [ [ -0.3745963, 51.8936886 ], [ -0.3742358, 51.8938949 ], [ -0.3741278, 51.8939177 ], [ -0.3741355, 51.8940508 ] ] } },
{ "type": "Feature", "properties": { "id": 58322, "nach": 0.40770297958409585 }, "geometry": { "type": "LineString", "coordinates": [ [ -0.373667, 51.8940193 ], [ -0.373796, 51.8939861 ], [ -0.3738817, 51.893995 ], [ -0.3739723, 51.8940211 ], [ -0.3741355, 51.8940508 ] ] } },
{ "type": "Feature", "properties": { "id": 63210, "nach": 0.40009872591753021 }, "geometry": { "type": "LineString", "coordinates": [ [ -0.3786981, 51.896552 ], [ -0.3781621, 51.8962036 ] ] } },
{ "type": "Feature", "properties": { "id": 63213, "nach": 0.40818157191975712 }, "geometry": { "type": "LineString", "coordinates": [ [ -0.378457, 51.8966893 ], [ -0.3786981, 51.896552 ] ] } },
{ "type": "Feature", "properties": { "id": 28014, "nach": 0.43516014675484721 }, "geometry": { "type": "LineString", "coordinates": [ [ -0.3748855, 51.89249 ], [ -0.3751267, 51.8923576 ], [ -0.3752653, 51.89210150000001 ] ] } },
{ "type": "Feature", "properties": { "id": 58327, "nach": 0.40979695161532764 }, "geometry": { "type": "LineString", "coordinates": [ [ -0.3742597, 51.8927652 ], [ -0.3744695, 51.8926972 ], [ -0.3748855, 51.89249 ] ] } },
{ "type": "Feature", "properties": { "id": 49643, "nach": 0.46217482932138115 }, "geometry": { "type": "LineString", "coordinates": [ [ -0.3741611, 51.8921647 ], [ -0.3744464, 51.89220670000001 ], [ -0.3748855, 51.89249 ] ] } },
{ "type": "Feature", "properties": { "id": 49645, "nach": 0.55533272596369809 }, "geometry": { "type": "LineString", "coordinates": [ [ -0.3743025, 51.891931200000016 ], [ -0.3744599, 51.8918301 ], [ -0.37474, 51.8915807 ] ] } },
{ "type": "Feature", "properties": { "id": 49646, "nach": 0.46956025293515463 }, "geometry": { "type": "LineString", "coordinates": [ [ -0.3743025, 51.891931200000016 ], [ -0.3740055, 51.8917989 ], [ -0.3738825, 51.8917662 ], [ -0.3737736, 51.891762300000011 ], [ -0.3737078, 51.8918313 ] ] } },
{ "type": "Feature", "properties": { "id": 49647, "nach": 0.5393259236886937 }, "geometry": { "type": "LineString", "coordinates": [ [ -0.3743025, 51.891931200000016 ], [ -0.3742156, 51.8920409 ], [ -0.3741611, 51.8921647 ] ] } },
{ "type": "Feature", "properties": { "id": 63834, "nach": 0.4570323839005615 }, "geometry": { "type": "LineString", "coordinates": [ [ -0.3722668, 51.8926003 ], [ -0.3721154, 51.8924775 ], [ -0.3720813, 51.89248880000001 ], [ -0.3719303, 51.8925293 ] ] } },
{ "type": "Feature", "properties": { "id": 63196, "nach": 0.45839554392488568 }, "geometry": { "type": "LineString", "coordinates": [ [ -0.3716792, 51.8926627 ], [ -0.3717272, 51.8926459 ], [ -0.371812, 51.8926151 ], [ -0.3719303, 51.8925293 ] ] } },
{ "type": "Feature", "properties": { "id": 63279, "nach": 0.43414551066771678 }, "geometry": { "type": "LineString", "coordinates": [ [ -0.3807774, 51.8941006 ], [ -0.3811364, 51.893894 ] ] } },
{ "type": "Feature", "properties": { "id": 63285, "nach": 0.51793964717654561 }, "geometry": { "type": "LineString", "coordinates": [ [ -0.3815845, 51.8941358 ], [ -0.3814825, 51.8940782 ], [ -0.3814244, 51.8940455 ], [ -0.3811364, 51.893894 ] ] } },
{ "type": "Feature", "properties": { "id": 28071, "nach": 0.52691788196902145 }, "geometry": { "type": "LineString", "coordinates": [ [ -0.3802509, 51.8935223 ], [ -0.3805484, 51.893550500000018 ], [ -0.3811364, 51.893894 ] ] } },
{ "type": "Feature", "properties": { "id": 63280, "nach": 0.49009449334977107 }, "geometry": { "type": "LineString", "coordinates": [ [ -0.3807774, 51.8941006 ], [ -0.3806897, 51.89415480000001 ], [ -0.38062360000001, 51.8941969 ] ] } },
{ "type": "Feature", "properties": { "id": 63282, "nach": 0.42939842311850501 }, "geometry": { "type": "LineString", "coordinates": [ [ -0.3804422, 51.89408 ], [ -0.3805693, 51.8939961 ], [ -0.3807774, 51.8941006 ] ] } },
{ "type": "Feature", "properties": { "id": 63283, "nach": 0.53501261006311907 }, "geometry": { "type": "LineString", "coordinates": [ [ -0.3815845, 51.8941358 ], [ -0.381907, 51.8940538 ] ] } },
{ "type": "Feature", "properties": { "id": 63284, "nach": 0.46341264549655997 }, "geometry": { "type": "LineString", "coordinates": [ [ -0.3815845, 51.8941358 ], [ -0.3815132, 51.8941539 ], [ -0.3810675, 51.8944524 ] ] } },
{ "type": "Feature", "properties": { "id": 28070, "nach": 0.56592050137868077 }, "geometry": { "type": "LineString", "coordinates": [ [ -0.3802509, 51.8935223 ], [ -0.3801922, 51.8933816 ], [ -0.3797824, 51.8931411 ] ] } },
{ "type": "Feature", "properties": { "id": 71902, "nach": 0.51701876824663096 }, "geometry": { "type": "LineString", "coordinates": [ [ -0.3797112, 51.8939908 ], [ -0.3801847, 51.8936761 ], [ -0.3802509, 51.8935223 ] ] } },
{ "type": "Feature", "properties": { "id": 63287, "nach": 0.56775637908690546 }, "geometry": { "type": "LineString", "coordinates": [ [ -0.3792875, 51.8928589 ], [ -0.3790353, 51.892715 ] ] } },
{ "type": "Feature", "properties": { "id": 63292, "nach": 0.40199623846012938 }, "geometry": { "type": "LineString", "coordinates": [ [ -0.3782455, 51.8933016 ], [ -0.3782911, 51.89326160000001 ], [ -0.378309, 51.8931904 ], [ -0.3790353, 51.892715 ] ] } },
{ "type": "Feature", "properties": { "id": 27990, "nach": 0.56818538832924437 }, "geometry": { "type": "LineString", "coordinates": [ [ -0.378429, 51.8923119 ], [ -0.3785397, 51.8924192 ], [ -0.3790353, 51.892715 ] ] } },
{ "type": "Feature", "properties": { "id": 63286, "nach": 0.56475468153778974 }, "geometry": { "type": "LineString", "coordinates": [ [ -0.3792875, 51.8928589 ], [ -0.3797824, 51.8931411 ] ] } },
{ "type": "Feature", "properties": { "id": 63289, "nach": 0.43362924223399696 }, "geometry": { "type": "LineString", "coordinates": [ [ -0.3796821, 51.8926346 ], [ -0.3792875, 51.8928589 ] ] } },
{ "type": "Feature", "properties": { "id": 71898, "nach": 0.51733844951350527 }, "geometry": { "type": "LineString", "coordinates": [ [ -0.3789712, 51.8937185 ], [ -0.3782455, 51.8933016 ] ] } },
{ "type": "Feature", "properties": { "id": 28023, "nach": 0.58596569738987181 }, "geometry": { "type": "LineString", "coordinates": [ [ -0.3783665, 51.89205110000001 ], [ -0.378429, 51.8923119 ] ] } },
{ "type": "Feature", "properties": { "id": 71895, "nach": 0.48515930093884363 }, "geometry": { "type": "LineString", "coordinates": [ [ -0.37762320000001, 51.892803 ], [ -0.3777108, 51.8927516 ], [ -0.3777351, 51.8926607 ], [ -0.3782107, 51.8923691 ], [ -0.378429, 51.8923119 ] ] } },
{ "type": "Feature", "properties": { "id": 72208, "nach": 0.43323324743238439 }, "geometry": { "type": "LineString", "coordinates": [ [ -0.3700994, 51.894081299999989 ], [ -0.3702177, 51.8938511 ] ] } },
{ "type": "Feature", "properties": { "id": 72209, "nach": 0.50589856394131949 }, "geometry": { "type": "LineString", "coordinates": [ [ -0.3700994, 51.894081299999989 ], [ -0.3700649, 51.8941484 ] ] } },
{ "type": "Feature", "properties": { "id": 72210, "nach": 0.4958281531683964 }, "geometry": { "type": "LineString", "coordinates": [ [ -0.3700994, 51.894081299999989 ], [ -0.3702598, 51.8941233 ], [ -0.370521, 51.8941683 ], [ -0.3706472, 51.8941906 ], [ -0.3709491, 51.8941494 ], [ -0.3711613, 51.8941064 ] ] } },
{ "type": "Feature", "properties": { "id": 71899, "nach": 0.1308268372339545 }, "geometry": { "type": "LineString", "coordinates": [ [ -0.3789712, 51.8937185 ], [ -0.3790175, 51.8936825 ], [ -0.3789639, 51.8936165 ], [ -0.3792615, 51.8933901 ], [ -0.3794917, 51.893315 ], [ -0.3797824, 51.8931411 ] ] } },
{ "type": "Feature", "properties": { "id": 71904, "nach": 0.51701297737937602 }, "geometry": { "type": "LineString", "coordinates": [ [ -0.3797112, 51.8939908 ], [ -0.379574, 51.8939263 ], [ -0.3792838, 51.893883700000011 ], [ -0.3789712, 51.8937185 ] ] } },
{ "type": "Feature", "properties": { "id": 63268, "nach": 0.58310973320353587 }, "geometry": { "type": "LineString", "coordinates": [ [ -0.3782072, 51.8920435 ], [ -0.3783665, 51.89205110000001 ] ] } },
{ "type": "Feature", "properties": { "id": 28038, "nach": 0.41936658000689603 }, "geometry": { "type": "LineString", "coordinates": [ [ -0.379015, 51.8917439 ], [ -0.3786101, 51.8919908 ], [ -0.3783665, 51.89205110000001 ] ] } },
{ "type": "Feature", "properties": { "id": 28020, "nach": 0.5994942944573286 }, "geometry": { "type": "LineString", "coordinates": [ [ -0.3701269, 51.894154 ], [ -0.3700649, 51.8941484 ] ] } },
{ "type": "Feature", "properties": { "id": 28076, "nach": 0.43248847788512629 }, "geometry": { "type": "LineString", "coordinates": [ [ -0.3699862, 51.894438 ], [ -0.3701269, 51.894154 ] ] } },
{ "type": "Feature", "properties": { "id": 58325, "nach": 0.5088488953217114 }, "geometry": { "type": "LineString", "coordinates": [ [ -0.3742597, 51.8927652 ], [ -0.3740507, 51.8928046 ] ] } },
{ "type": "Feature", "properties": { "id": 58328, "nach": 0.4436889856943263 }, "geometry": { "type": "LineString", "coordinates": [ [ -0.3742599, 51.8928996 ], [ -0.3742597, 51.8927652 ] ] } },
{ "type": "Feature", "properties": { "id": 49642, "nach": 0.54278822738402466 }, "geometry": { "type": "LineString", "coordinates": [ [ -0.3741611, 51.8921647 ], [ -0.3741271, 51.8921948 ] ] } },
{ "type": "Feature", "properties": { "id": 63267, "nach": 0.54134512311374972 }, "geometry": { "type": "LineString", "coordinates": [ [ -0.3782072, 51.8920435 ], [ -0.3776422, 51.8920162 ] ] } },
{ "type": "Feature", "properties": { "id": 63269, "nach": 0.54082050302248774 }, "geometry": { "type": "LineString", "coordinates": [ [ -0.3782072, 51.8920435 ], [ -0.3782083, 51.8918139 ], [ -0.3783091, 51.891654800000019 ], [ -0.3783074, 51.8914322 ] ] } },
{ "type": "Feature", "properties": { "id": 63255, "nach": 0.44562406440702207 }, "geometry": { "type": "LineString", "coordinates": [ [ -0.3784715, 51.8914327 ], [ -0.379015, 51.8917439 ] ] } },
{ "type": "Feature", "properties": { "id": 63293, "nach": 0.43044149097958145 }, "geometry": { "type": "LineString", "coordinates": [ [ -0.3794248, 51.8919602 ], [ -0.379346, 51.8919506 ], [ -0.3792899, 51.8919273 ], [ -0.3792935, 51.8918803 ], [ -0.379015, 51.8917439 ] ] } },
{ "type": "Feature", "properties": { "id": 28078, "nach": 0.52642130123642528 }, "geometry": { "type": "LineString", "coordinates": [ [ -0.3738945, 51.8924985 ], [ -0.3740507, 51.8928046 ] ] } },
{ "type": "Feature", "properties": { "id": 28077, "nach": 0.45553975928018031 }, "geometry": { "type": "LineString", "coordinates": [ [ -0.3738945, 51.8924985 ], [ -0.3738013, 51.8924273 ] ] } },
{ "type": "Feature", "properties": { "id": 49637, "nach": 0.51499176100760347 }, "geometry": { "type": "LineString", "coordinates": [ [ -0.3741271, 51.8921948 ], [ -0.3738945, 51.8924985 ] ] } },
{ "type": "Feature", "properties": { "id": 63252, "nach": 0.3954149600611277 }, "geometry": { "type": "LineString", "coordinates": [ [ -0.3776361, 51.8915226 ], [ -0.3776422, 51.8920162 ] ] } },
{ "type": "Feature", "properties": { "id": 63250, "nach": 0.55123076948923344 }, "geometry": { "type": "LineString", "coordinates": [ [ -0.3771618, 51.8919801 ], [ -0.3773174, 51.891982 ], [ -0.3773615, 51.89201 ], [ -0.3776422, 51.8920162 ] ] } },
{ "type": "Feature", "properties": { "id": 71907, "nach": 0.59313121268913593 }, "geometry": { "type": "LineString", "coordinates": [ [ -0.3770986, 51.8914231 ], [ -0.3770863, 51.8917151 ], [ -0.3771618, 51.8919801 ] ] } },
{ "type": "Feature", "properties": { "id": 63184, "nach": 0.59342531466241411 }, "geometry": { "type": "LineString", "coordinates": [ [ -0.37045090000001, 51.8931257 ], [ -0.3701434, 51.8928896 ] ] } },
{ "type": "Feature", "properties": { "id": 63192, "nach": 0.58273734831296897 }, "geometry": { "type": "LineString", "coordinates": [ [ -0.3707135, 51.893391799999989 ], [ -0.37045090000001, 51.8931257 ] ] } },
{ "type": "Feature", "properties": { "id": 63186, "nach": 0.44254404230544581 }, "geometry": { "type": "LineString", "coordinates": [ [ -0.3707331, 51.8930267 ], [ -0.3706552, 51.8930545 ], [ -0.370572, 51.8930833 ], [ -0.37045090000001, 51.8931257 ] ] } },
{ "type": "Feature", "properties": { "id": 63180, "nach": 0.56011874197277345 }, "geometry": { "type": "LineString", "coordinates": [ [ -0.3711151, 51.8927741 ], [ -0.3708694, 51.8925492 ] ] } },
{ "type": "Feature", "properties": { "id": 63179, "nach": 0.52148701834545885 }, "geometry": { "type": "LineString", "coordinates": [ [ -0.3711151, 51.8927741 ], [ -0.3713264, 51.8929675 ] ] } },
{ "type": "Feature", "properties": { "id": 58324, "nach": 0.44607465624751691 }, "geometry": { "type": "LineString", "coordinates": [ [ -0.3715931, 51.8928685 ], [ -0.3713264, 51.8929675 ] ] } },
{ "type": "Feature", "properties": { "id": 63178, "nach": 0.44312270117618729 }, "geometry": { "type": "LineString", "coordinates": [ [ -0.3711532, 51.893211 ], [ -0.3710822, 51.8931159 ], [ -0.3712363, 51.8930496 ], [ -0.3713264, 51.8929675 ] ] } },
{ "type": "Feature", "properties": { "id": 63182, "nach": 0.45445303645919161 }, "geometry": { "type": "LineString", "coordinates": [ [ -0.3708587, 51.8928785 ], [ -0.3709401, 51.8928465 ], [ -0.3710146, 51.8928155 ], [ -0.3711151, 51.8927741 ] ] } },
{ "type": "Feature", "properties": { "id": 49648, "nach": 0.505741890160323 }, "geometry": { "type": "LineString", "coordinates": [ [ -0.3739825, 51.8921696 ], [ -0.3738962, 51.8922348 ], [ -0.3738264, 51.8923166 ], [ -0.3738013, 51.8924273 ] ] } },
{ "type": "Feature", "properties": { "id": 63197, "nach": 0.44590090872259885 }, "geometry": { "type": "LineString", "coordinates": [ [ -0.373329, 51.8923852 ], [ -0.373451, 51.8923288 ], [ -0.3736069, 51.8924342 ], [ -0.3738013, 51.8924273 ] ] } },
{ "type": "Feature", "properties": { "id": 49649, "nach": 0.55365401518791713 }, "geometry": { "type": "LineString", "coordinates": [ [ -0.3739825, 51.8921696 ], [ -0.3738446, 51.8920217 ], [ -0.373791, 51.8919075 ], [ -0.3737078, 51.8918313 ] ] } },
{ "type": "Feature", "properties": { "id": 49650, "nach": 0.48432993919107387 }, "geometry": { "type": "LineString", "coordinates": [ [ -0.3739825, 51.8921696 ], [ -0.3739975, 51.8921856 ], [ -0.3740692, 51.8922002 ], [ -0.3741271, 51.8921948 ] ] } },
{ "type": "Feature", "properties": { "id": 71903, "nach": 0.56327568451325749 }, "geometry": { "type": "LineString", "coordinates": [ [ -0.3797112, 51.8939908 ], [ -0.3797761, 51.8940213 ], [ -0.3798893, 51.8942025 ], [ -0.3801888, 51.894352 ] ] } },
{ "type": "Feature", "properties": { "id": 63234, "nach": 0.54205289084299091 }, "geometry": { "type": "LineString", "coordinates": [ [ -0.3801643, 51.8944631 ], [ -0.3802092, 51.8944261 ] ] } },
{ "type": "Feature", "properties": { "id": 63231, "nach": 0.56257422644636856 }, "geometry": { "type": "LineString", "coordinates": [ [ -0.3802566, 51.8943871 ], [ -0.3802092, 51.8944261 ] ] } },
{ "type": "Feature", "properties": { "id": 41899, "nach": 0.59035186451407984 }, "geometry": { "type": "LineString", "coordinates": [ [ -0.3807868, 51.8946695 ], [ -0.3805744, 51.8945725 ], [ -0.3802092, 51.8944261 ] ] } },
{ "type": "Feature", "properties": { "id": 28084, "nach": 0.24182182490697646 }, "geometry": { "type": "LineString", "coordinates": [ [ -0.3854824, 51.8935471 ], [ -0.3851989, 51.89349820000001 ], [ -0.384712, 51.8932138 ], [ -0.3847135, 51.893141 ], [ -0.3850905, 51.8929324 ], [ -0.3852205, 51.892933 ], [ -0.3857094, 51.8932711 ] ] } },
{ "type": "Feature", "properties": { "id": 63297, "nach": 0.34840780002751176 }, "geometry": { "type": "LineString", "coordinates": [ [ -0.3864889, 51.893985 ], [ -0.3860883, 51.893825 ], [ -0.3856032, 51.8936828 ], [ -0.3854824, 51.8935471 ] ] } },
{ "type": "Feature", "properties": { "id": 63298, "nach": 0.39681614493356204 }, "geometry": { "type": "LineString", "coordinates": [ [ -0.3864889, 51.893985 ], [ -0.385994, 51.8942493 ], [ -0.385802, 51.8942626 ], [ -0.3854903, 51.894345 ], [ -0.3854196, 51.8943413 ], [ -0.3837872, 51.8932571 ] ] } },
{ "type": "Feature", "properties": { "id": 28224, "nach": 0.21713951176451105 }, "geometry": { "type": "LineString", "coordinates": [ [ -0.3885629, 51.9014788 ], [ -0.38853080000001, 51.9014229 ], [ -0.3884179, 51.9012034 ], [ -0.3878973, 51.9000218 ] ] } },
{ "type": "Feature", "properties": { "id": 28220, "nach": 0.36222083362109625 }, "geometry": { "type": "LineString", "coordinates": [ [ -0.3878198, 51.8998256 ], [ -0.3878973, 51.9000218 ] ] } },
{ "type": "Feature", "properties": { "id": 28236, "nach": 0.36501035834829459 }, "geometry": { "type": "LineString", "coordinates": [ [ -0.3815299, 51.9044918 ], [ -0.3819052, 51.9043974 ] ] } },
{ "type": "Feature", "properties": { "id": 28238, "nach": 0.36866220400601374 }, "geometry": { "type": "LineString", "coordinates": [ [ -0.3813576, 51.9045357 ], [ -0.3815299, 51.9044918 ] ] } },
{ "type": "Feature", "properties": { "id": 63569, "nach": 0.39710532937466392 }, "geometry": { "type": "LineString", "coordinates": [ [ -0.3816944, 51.9023723 ], [ -0.3821458, 51.902179 ] ] } },
{ "type": "Feature", "properties": { "id": 28297, "nach": 0.37347281977282665 }, "geometry": { "type": "LineString", "coordinates": [ [ -0.382885, 51.9005118 ], [ -0.3834199, 51.9007685 ] ] } },
{ "type": "Feature", "properties": { "id": 28268, "nach": 0.35825963064842825 }, "geometry": { "type": "LineString", "coordinates": [ [ -0.3869088, 51.9009448 ], [ -0.3859396, 51.9007267 ], [ -0.3850906, 51.9005471 ], [ -0.3846379, 51.9005052 ] ] } },
{ "type": "Feature", "properties": { "id": 28609, "nach": 0.40340705292217 }, "geometry": { "type": "LineString", "coordinates": [ [ -0.3775943, 51.9087593 ], [ -0.37780620000001, 51.909189500000011 ], [ -0.377890700000011, 51.909358300000015 ] ] } },
{ "type": "Feature", "properties": { "id": 28611, "nach": 0.27733251191388852 }, "geometry": { "type": "LineString", "coordinates": [ [ -0.3783789, 51.909111 ], [ -0.3784485, 51.9092524 ], [ -0.377890700000011, 51.909358300000015 ] ] } },
{ "type": "Feature", "properties": { "id": 52321, "nach": 0.29005693313088315 }, "geometry": { "type": "LineString", "coordinates": [ [ -0.377132, 51.9094145 ], [ -0.3771132, 51.9092788 ], [ -0.3770918, 51.909134800000011 ], [ -0.3771052, 51.9090984 ], [ -0.377183, 51.908987600000017 ], [ -0.37725, 51.9089412 ], [ -0.3774297, 51.908837 ], [ -0.3775943, 51.9087593 ] ] } },
{ "type": "Feature", "properties": { "id": 79666, "nach": 0.41938991467083053 }, "geometry": { "type": "LineString", "coordinates": [ [ -0.3775625, 51.9000588 ], [ -0.3777071, 51.9000366 ], [ -0.3777675, 51.9000206 ] ] } },
{ "type": "Feature", "properties": { "id": 79677, "nach": 0.40778821299725648 }, "geometry": { "type": "LineString", "coordinates": [ [ -0.3714076, 51.8947033 ], [ -0.3714886, 51.8946954 ], [ -0.3717163, 51.8946981 ] ] } },
{ "type": "Feature", "properties": { "id": 79669, "nach": 0.46161698053324607 }, "geometry": { "type": "LineString", "coordinates": [ [ -0.3717485, 51.8945048 ], [ -0.3716938, 51.8946677 ], [ -0.3717163, 51.8946981 ] ] } },
{ "type": "Feature", "properties": { "id": 79672, "nach": 0.22899660552559611 }, "geometry": { "type": "LineString", "coordinates": [ [ -0.3720868, 51.8945737 ], [ -0.3718366, 51.8945924 ], [ -0.3717163, 51.8946981 ] ] } },
{ "type": "Feature", "properties": { "id": 79678, "nach": 0.40818749257468562 }, "geometry": { "type": "LineString", "coordinates": [ [ -0.3714076, 51.8947033 ], [ -0.3712593, 51.8947177 ], [ -0.370655, 51.8947443 ], [ -0.370378, 51.8947137 ], [ -0.3693614, 51.8945979 ], [ -0.3685835, 51.8944762 ], [ -0.367457, 51.8942959 ], [ -0.3671928, 51.8942817 ], [ -0.3670853, 51.8943031 ], [ -0.3670309, 51.8943084 ] ] } },
{ "type": "Feature", "properties": { "id": 79676, "nach": 0.42105117761607286 }, "geometry": { "type": "LineString", "coordinates": [ [ -0.3714076, 51.8947033 ], [ -0.3714927, 51.8946379 ], [ -0.3716135, 51.8944773 ] ] } },
{ "type": "Feature", "properties": { "id": 79673, "nach": 0.61615003566743742 }, "geometry": { "type": "LineString", "coordinates": [ [ -0.3716135, 51.8944773 ], [ -0.3717485, 51.8945048 ] ] } },
{ "type": "Feature", "properties": { "id": 79670, "nach": 0.60521815267972523 }, "geometry": { "type": "LineString", "coordinates": [ [ -0.3720868, 51.8945737 ], [ -0.3717485, 51.8945048 ] ] } },
{ "type": "Feature", "properties": { "id": 72229, "nach": 0.56452346555366295 }, "geometry": { "type": "LineString", "coordinates": [ [ -0.3792529, 51.8940151 ], [ -0.3801643, 51.8944631 ] ] } },
{ "type": "Feature", "properties": { "id": 71881, "nach": 0.53556342592580819 }, "geometry": { "type": "LineString", "coordinates": [ [ -0.3811758, 51.8949169 ], [ -0.3810024, 51.8948051 ], [ -0.3808078, 51.8947354 ], [ -0.3801643, 51.8944631 ] ] } },
{ "type": "Feature", "properties": { "id": 63270, "nach": 0.56517222031393954 }, "geometry": { "type": "LineString", "coordinates": [ [ -0.3801888, 51.894352 ], [ -0.3802566, 51.8943871 ] ] } },
{ "type": "Feature", "properties": { "id": 71890, "nach": 0.52336712112208572 }, "geometry": { "type": "LineString", "coordinates": [ [ -0.3808406, 51.894622 ], [ -0.3807319, 51.8945797 ], [ -0.3802566, 51.8943871 ] ] } },
{ "type": "Feature", "properties": { "id": 41897, "nach": 0.60754522667557798 }, "geometry": { "type": "LineString", "coordinates": [ [ -0.3807868, 51.8946695 ], [ -0.3810868, 51.8947826 ] ] } },
{ "type": "Feature", "properties": { "id": 71888, "nach": 0.50441870445341896 }, "geometry": { "type": "LineString", "coordinates": [ [ -0.3808406, 51.894622 ], [ -0.3807868, 51.8946695 ] ] } },
{ "type": "Feature", "properties": { "id": 38965, "nach": 0.59272872649333808 }, "geometry": { "type": "LineString", "coordinates": [ [ -0.3812202, 51.8949013 ], [ -0.3810868, 51.8947826 ] ] } },
{ "type": "Feature", "properties": { "id": 71879, "nach": 0.45234364382135767 }, "geometry": { "type": "LineString", "coordinates": [ [ -0.3811758, 51.8949169 ], [ -0.3812202, 51.8949013 ] ] } },
{ "type": "Feature", "properties": { "id": 38970, "nach": 0.50324870544794142 }, "geometry": { "type": "LineString", "coordinates": [ [ -0.3813099, 51.89482850000001 ], [ -0.381292, 51.8948603 ], [ -0.3812626, 51.894885199999976 ], [ -0.3812202, 51.8949013 ] ] } },
{ "type": "Feature", "properties": { "id": 38971, "nach": 0.60593735119418202 }, "geometry": { "type": "LineString", "coordinates": [ [ -0.3813847, 51.895099 ], [ -0.3812202, 51.8949013 ] ] } },
{ "type": "Feature", "properties": { "id": 38977, "nach": 0.50449883470344847 }, "geometry": { "type": "LineString", "coordinates": [ [ -0.3810868, 51.8947826 ], [ -0.3813099, 51.89482850000001 ] ] } },
{ "type": "Feature", "properties": { "id": 71880, "nach": 0.54313619414315562 }, "geometry": { "type": "LineString", "coordinates": [ [ -0.3811758, 51.8949169 ], [ -0.3813045, 51.895173400000012 ], [ -0.3813629, 51.895331 ] ] } },
{ "type": "Feature", "properties": { "id": 71882, "nach": 0.52759781913693304 }, "geometry": { "type": "LineString", "coordinates": [ [ -0.3813286, 51.8947909 ], [ -0.3813099, 51.89482850000001 ] ] } },
{ "type": "Feature", "properties": { "id": 71886, "nach": 0.4969523227193976 }, "geometry": { "type": "LineString", "coordinates": [ [ -0.3819094, 51.8947563 ], [ -0.3818079, 51.89474640000001 ], [ -0.3816478, 51.8947517 ], [ -0.3815279, 51.8947789 ], [ -0.3814191, 51.8947924 ], [ -0.3813286, 51.8947909 ] ] } },
{ "type": "Feature", "properties": { "id": 71891, "nach": 0.49711882414403508 }, "geometry": { "type": "LineString", "coordinates": [ [ -0.3808406, 51.894622 ], [ -0.3808848, 51.8946393 ], [ -0.3813286, 51.8947909 ] ] } },
{ "type": "Feature", "properties": { "id": 38988, "nach": 0.60924486067658445 }, "geometry": { "type": "LineString", "coordinates": [ [ -0.3814112, 51.8951422 ], [ -0.3813847, 51.895099 ] ] } },
{ "type": "Feature", "properties": { "id": 63350, "nach": 0.49026299468078294 }, "geometry": { "type": "LineString", "coordinates": [ [ -0.3815776, 51.8954117 ], [ -0.3815514, 51.8953896 ] ] } },
{ "type": "Feature", "properties": { "id": 38974, "nach": 0.54972322530425366 }, "geometry": { "type": "LineString", "coordinates": [ [ -0.3815514, 51.8953896 ], [ -0.3814423, 51.895437799999989 ], [ -0.3814094, 51.895457300000011 ] ] } },
{ "type": "Feature", "properties": { "id": 63357, "nach": 0.43316925948392421 }, "geometry": { "type": "LineString", "coordinates": [ [ -0.3814217, 51.895337 ], [ -0.3814981, 51.8953447 ], [ -0.3815514, 51.8953896 ] ] } },
{ "type": "Feature", "properties": { "id": 38978, "nach": 0.52934189310411495 }, "geometry": { "type": "LineString", "coordinates": [ [ -0.3819497, 51.8952642 ], [ -0.3817655, 51.8953137 ], [ -0.3816609, 51.8953468 ], [ -0.3815514, 51.8953896 ] ] } },
{ "type": "Feature", "properties": { "id": 63351, "nach": 0.39898480578718465 }, "geometry": { "type": "LineString", "coordinates": [ [ -0.3815776, 51.8954117 ], [ -0.3814574, 51.8954805 ] ] } },
{ "type": "Feature", "properties": { "id": 72248, "nach": 0.45715278123238362 }, "geometry": { "type": "LineString", "coordinates": [ [ -0.3825425, 51.8952336 ], [ -0.3823294, 51.8951998 ], [ -0.3821663, 51.8952319 ], [ -0.3819439, 51.8953108 ], [ -0.3815776, 51.8954117 ] ] } },
{ "type": "Feature", "properties": { "id": 63346, "nach": 0.60067664478486449 }, "geometry": { "type": "LineString", "coordinates": [ [ -0.3814094, 51.895457300000011 ], [ -0.3813885, 51.8954472 ], [ -0.3813624, 51.8954372 ] ] } },
{ "type": "Feature", "properties": { "id": 63345, "nach": 0.59399873652476898 }, "geometry": { "type": "LineString", "coordinates": [ [ -0.3814094, 51.895457300000011 ], [ -0.3814574, 51.8954805 ] ] } },
{ "type": "Feature", "properties": { "id": 38987, "nach": 0.60320814101946119 }, "geometry": { "type": "LineString", "coordinates": [ [ -0.3813624, 51.8954372 ], [ -0.3814034, 51.8953807 ], [ -0.3814217, 51.895337 ] ] } },
{ "type": "Feature", "properties": { "id": 63356, "nach": 0.39766988386284702 }, "geometry": { "type": "LineString", "coordinates": [ [ -0.3814217, 51.895337 ], [ -0.3813629, 51.895331 ] ] } },
{ "type": "Feature", "properties": { "id": 63358, "nach": 0.60636139365286412 }, "geometry": { "type": "LineString", "coordinates": [ [ -0.3814217, 51.895337 ], [ -0.3814249, 51.8953294 ], [ -0.3814369, 51.8952781 ], [ -0.3814276, 51.895216 ], [ -0.3814112, 51.8951422 ] ] } },
{ "type": "Feature", "properties": { "id": 38979, "nach": 0.42350297960128375 }, "geometry": { "type": "LineString", "coordinates": [ [ -0.3819497, 51.8952642 ], [ -0.3818215, 51.895287 ], [ -0.3816816, 51.895281 ], [ -0.3816045, 51.89526390000001 ], [ -0.3814904, 51.8952136 ], [ -0.3814112, 51.8951422 ] ] } },
{ "type": "Feature", "properties": { "id": 63347, "nach": 0.5681402919874714 }, "geometry": { "type": "LineString", "coordinates": [ [ -0.3813116, 51.8954177 ], [ -0.3813624, 51.8954372 ] ] } },
{ "type": "Feature", "properties": { "id": 43695, "nach": 0.41829053303506247 }, "geometry": { "type": "LineString", "coordinates": [ [ -0.3832794, 51.8953961 ], [ -0.3833571, 51.8952888 ], [ -0.3834094, 51.8951597 ], [ -0.382814, 51.89499090000001 ] ] } },
{ "type": "Feature", "properties": { "id": 43693, "nach": 0.54968954180428731 }, "geometry": { "type": "LineString", "coordinates": [ [ -0.3832794, 51.8953961 ], [ -0.3836707, 51.8955031 ] ] } },
{ "type": "Feature", "properties": { "id": 43694, "nach": 0.61461210307974024 }, "geometry": { "type": "LineString", "coordinates": [ [ -0.382622536279796, 51.895213711121087 ], [ -0.3832794, 51.8953961 ] ] } },
{ "type": "Feature", "properties": { "id": 63354, "nach": 0.54523740798082621 }, "geometry": { "type": "LineString", "coordinates": [ [ -0.3813629, 51.895331 ], [ -0.3813116, 51.8954177 ] ] } },
{ "type": "Feature", "properties": { "id": 55494, "nach": 0.53999350737919904 }, "geometry": { "type": "LineString", "coordinates": [ [ -0.3825692, 51.8937177 ], [ -0.3823801, 51.8937433 ], [ -0.3821045, 51.8938281 ], [ -0.3819704, 51.893929 ], [ -0.381907, 51.8940538 ] ] } },
{ "type": "Feature", "properties": { "id": 71885, "nach": 0.5499944714333832 }, "geometry": { "type": "LineString", "coordinates": [ [ -0.3819094, 51.8947563 ], [ -0.3819105, 51.8947022 ], [ -0.381907, 51.8940538 ] ] } },
{ "type": "Feature", "properties": { "id": 55493, "nach": 0.51373609589931035 }, "geometry": { "type": "LineString", "coordinates": [ [ -0.3825692, 51.8937177 ], [ -0.3826597, 51.893694 ], [ -0.382818, 51.8936476 ], [ -0.3829548, 51.8934937 ], [ -0.3832344, 51.893534 ] ] } },
{ "type": "Feature", "properties": { "id": 55496, "nach": 0.41460662844808938 }, "geometry": { "type": "LineString", "coordinates": [ [ -0.3825945, 51.894215 ], [ -0.3828962, 51.8940398 ], [ -0.3828998, 51.8939938 ], [ -0.3827116, 51.893866699999982 ], [ -0.3825692, 51.8937177 ] ] } },
{ "type": "Feature", "properties": { "id": 71887, "nach": 0.53700867771308036 }, "geometry": { "type": "LineString", "coordinates": [ [ -0.3819094, 51.8947563 ], [ -0.3819803, 51.8947781 ], [ -0.3820793, 51.8948257 ], [ -0.3822416, 51.8949171 ], [ -0.3824071, 51.89503040000001 ], [ -0.3826779, 51.89514830000001 ] ] } },
{ "type": "Feature", "properties": { "id": 71889, "nach": 0.53135451236917686 }, "geometry": { "type": "LineString", "coordinates": [ [ -0.3808406, 51.894622 ], [ -0.3809203, 51.8945516 ], [ -0.3810675, 51.8944524 ] ] } },
{ "type": "Feature", "properties": { "id": 43699, "nach": 0.40128424206519658 }, "geometry": { "type": "LineString", "coordinates": [ [ -0.3861461, 51.896172 ], [ -0.3860004, 51.8961412 ], [ -0.3853956, 51.8959575 ] ] } },
{ "type": "Feature", "properties": { "id": 43696, "nach": 0.49521356786620968 }, "geometry": { "type": "LineString", "coordinates": [ [ -0.3861461, 51.896172 ], [ -0.3868024, 51.8957489 ] ] } },
{ "type": "Feature", "properties": { "id": 43698, "nach": 0.40561250614101929 }, "geometry": { "type": "LineString", "coordinates": [ [ -0.3861461, 51.896172 ], [ -0.3864363, 51.8962538 ] ] } },
{ "type": "Feature", "properties": { "id": 43697, "nach": 0.53224804765564682 }, "geometry": { "type": "LineString", "coordinates": [ [ -0.3861461, 51.896172 ], [ -0.3858428, 51.8963762 ] ] } },
{ "type": "Feature", "properties": { "id": 43658, "nach": 0.41466109577385007 }, "geometry": { "type": "LineString", "coordinates": [ [ -0.3836707, 51.8955031 ], [ -0.3837755, 51.8953765 ], [ -0.3838037, 51.8953558 ], [ -0.3838426, 51.8953376 ], [ -0.3838869, 51.8953327 ], [ -0.3839271, 51.8953401 ], [ -0.3846419, 51.8955208 ] ] } },
{ "type": "Feature", "properties": { "id": 43673, "nach": 0.5312599590731506 }, "geometry": { "type": "LineString", "coordinates": [ [ -0.3858428, 51.8963762 ], [ -0.384863, 51.8958941 ], [ -0.3842562, 51.8956679 ], [ -0.3836707, 51.8955031 ] ] } },
{ "type": "Feature", "properties": { "id": 43683, "nach": 0.36145301379779121 }, "geometry": { "type": "LineString", "coordinates": [ [ -0.3852602, 51.8951953 ], [ -0.3860366, 51.8956687 ] ] } },
{ "type": "Feature", "properties": { "id": 43682, "nach": 0.44245993675333289 }, "geometry": { "type": "LineString", "coordinates": [ [ -0.3852602, 51.8951953 ], [ -0.3856276, 51.8949809 ] ] } },
{ "type": "Feature", "properties": { "id": 43681, "nach": 0.37218474261186363 }, "geometry": { "type": "LineString", "coordinates": [ [ -0.3852602, 51.8951953 ], [ -0.3851381, 51.8952665 ] ] } },
{ "type": "Feature", "properties": { "id": 47492, "nach": 0.51725165214945346 }, "geometry": { "type": "LineString", "coordinates": [ [ -0.3863424, 51.8965583 ], [ -0.3858428, 51.8963762 ] ] } },
{ "type": "Feature", "properties": { "id": 43669, "nach": 0.47734788214303514 }, "geometry": { "type": "LineString", "coordinates": [ [ -0.3856276, 51.8949809 ], [ -0.386785, 51.8956836 ], [ -0.3868078, 51.8957158 ], [ -0.3868024, 51.8957489 ] ] } },
{ "type": "Feature", "properties": { "id": 43700, "nach": 0.36473349295105095 }, "geometry": { "type": "LineString", "coordinates": [ [ -0.3855002, 51.8943966 ], [ -0.3855874, 51.8944554 ], [ -0.3851716, 51.894705300000012 ], [ -0.3856276, 51.8949809 ] ] } },
{ "type": "Feature", "properties": { "id": 63334, "nach": 0.41893570950994136 }, "geometry": { "type": "LineString", "coordinates": [ [ -0.3831842, 51.895487599999989 ], [ -0.3831558, 51.8958805 ] ] } },
{ "type": "Feature", "properties": { "id": 63384, "nach": 0.54646392759579321 }, "geometry": { "type": "LineString", "coordinates": [ [ -0.3840494, 51.8960597 ], [ -0.3838557, 51.8959621 ], [ -0.3836736, 51.8959031 ], [ -0.3835134, 51.8958742 ], [ -0.3833222, 51.8958678 ], [ -0.3831558, 51.8958805 ] ] } },
{ "type": "Feature", "properties": { "id": 63389, "nach": 0.5526404759139032 }, "geometry": { "type": "LineString", "coordinates": [ [ -0.3842144, 51.89615220000001 ], [ -0.3840494, 51.8960597 ] ] } },
{ "type": "Feature", "properties": { "id": 63404, "nach": 0.56968082780613016 }, "geometry": { "type": "LineString", "coordinates": [ [ -0.383386, 51.897195 ], [ -0.3832097, 51.897051400000016 ] ] } },
{ "type": "Feature", "properties": { "id": 63399, "nach": 0.44077228858485717 }, "geometry": { "type": "LineString", "coordinates": [ [ -0.3838193, 51.8967413 ], [ -0.3836584, 51.8967979 ], [ -0.3832097, 51.897051400000016 ] ] } },
{ "type": "Feature", "properties": { "id": 63412, "nach": 0.51465525008209079 }, "geometry": { "type": "LineString", "coordinates": [ [ -0.3840247, 51.8969397 ], [ -0.383386, 51.897195 ] ] } },
{ "type": "Feature", "properties": { "id": 63410, "nach": 0.38520616574771477 }, "geometry": { "type": "LineString", "coordinates": [ [ -0.3840247, 51.8969397 ], [ -0.3838193, 51.8967413 ] ] } },
{ "type": "Feature", "properties": { "id": 63423, "nach": 0.44585948223563682 }, "geometry": { "type": "LineString", "coordinates": [ [ -0.3843809, 51.8965126 ], [ -0.3838193, 51.8967413 ] ] } },
{ "type": "Feature", "properties": { "id": 71892, "nach": 0.52722953058134991 }, "geometry": { "type": "LineString", "coordinates": [ [ -0.3860982, 51.8965179 ], [ -0.3854785, 51.896753100000012 ] ] } },
{ "type": "Feature", "properties": { "id": 63379, "nach": 0.53151509624335824 }, "geometry": { "type": "LineString", "coordinates": [ [ -0.3851246, 51.89684170000001 ], [ -0.3853117, 51.896765699999989 ], [ -0.3853645, 51.89674930000001 ], [ -0.3854333, 51.8967459 ], [ -0.3854785, 51.896753100000012 ] ] } },
{ "type": "Feature", "properties": { "id": 72251, "nach": 0.39646433975566087 }, "geometry": { "type": "LineString", "coordinates": [ [ -0.3830369, 51.8953723 ], [ -0.3843232, 51.8957342 ], [ -0.3848623, 51.8959552 ], [ -0.3857877, 51.896407 ], [ -0.3860982, 51.8965179 ] ] } },
{ "type": "Feature", "properties": { "id": 63710, "nach": 0.53747244313011877 }, "geometry": { "type": "LineString", "coordinates": [ [ -0.3850774, 51.8968608 ], [ -0.3851246, 51.89684170000001 ] ] } },
{ "type": "Feature", "properties": { "id": 63380, "nach": 0.49111717175401781 }, "geometry": { "type": "LineString", "coordinates": [ [ -0.3846318, 51.8964105 ], [ -0.3851246, 51.89684170000001 ] ] } },
{ "type": "Feature", "properties": { "id": 63483, "nach": 0.49235111050359326 }, "geometry": { "type": "LineString", "coordinates": [ [ -0.379458, 51.8987478 ], [ -0.3794231, 51.8987698 ] ] } },
{ "type": "Feature", "properties": { "id": 63486, "nach": 0.42414991284248882 }, "geometry": { "type": "LineString", "coordinates": [ [ -0.3799042, 51.89904090000001 ], [ -0.379458, 51.8987478 ] ] } },
{ "type": "Feature", "properties": { "id": 58253, "nach": 0.4122865650986422 }, "geometry": { "type": "LineString", "coordinates": [ [ -0.3834552, 51.8936996 ], [ -0.3832344, 51.893534 ] ] } },
{ "type": "Feature", "properties": { "id": 63295, "nach": 0.47485278842716694 }, "geometry": { "type": "LineString", "coordinates": [ [ -0.3837872, 51.8932571 ], [ -0.3836704, 51.8933118 ], [ -0.3833556, 51.8935083 ], [ -0.3832344, 51.893534 ] ] } },
{ "type": "Feature", "properties": { "id": 63299, "nach": 0.40236536008244705 }, "geometry": { "type": "LineString", "coordinates": [ [ -0.3831346, 51.8930044 ], [ -0.383341, 51.893003 ], [ -0.3837872, 51.8932571 ] ] } },
{ "type": "Feature", "properties": { "id": 46013, "nach": 0.33109537389222543 }, "geometry": { "type": "LineString", "coordinates": [ [ -0.3697544, 51.8962996 ], [ -0.3697275, 51.8965677 ] ] } },
{ "type": "Feature", "properties": { "id": 46015, "nach": 0.33313806173177618 }, "geometry": { "type": "LineString", "coordinates": [ [ -0.3697758, 51.8961837 ], [ -0.3697544, 51.8962996 ] ] } },
{ "type": "Feature", "properties": { "id": 62785, "nach": 0.40504901909490604 }, "geometry": { "type": "LineString", "coordinates": [ [ -0.3688543, 51.8963915 ], [ -0.3688585, 51.896312800000011 ], [ -0.3689497, 51.8962599 ], [ -0.3691857, 51.896233400000014 ], [ -0.3695076, 51.896253200000011 ], [ -0.3697544, 51.8962996 ] ] } },
{ "type": "Feature", "properties": { "id": 62786, "nach": 0.34952622071419498 }, "geometry": { "type": "LineString", "coordinates": [ [ -0.3683929, 51.8963312 ], [ -0.3688543, 51.8963915 ] ] } },
{ "type": "Feature", "properties": { "id": 63836, "nach": 0.31137662563079127 }, "geometry": { "type": "LineString", "coordinates": [ [ -0.3676502, 51.9015319 ], [ -0.3675846, 51.9015983 ], [ -0.367531, 51.9017307 ], [ -0.3675524, 51.9019295 ], [ -0.3676061, 51.9021678 ] ] } },
{ "type": "Feature", "properties": { "id": 66605, "nach": 0.31137662563079127 }, "geometry": { "type": "LineString", "coordinates": [ [ -0.3670239, 51.9011916 ], [ -0.367246, 51.901316799999989 ], [ -0.3673255, 51.9013863 ], [ -0.3673873, 51.9014691 ], [ -0.3674333, 51.9015194 ], [ -0.3676502, 51.9015319 ] ] } },
{ "type": "Feature", "properties": { "id": 72183, "nach": 0.56720729170475037 }, "geometry": { "type": "LineString", "coordinates": [ [ -0.3714719, 51.894004700000011 ], [ -0.3712983, 51.8940756 ], [ -0.3711613, 51.8941064 ] ] } },
{ "type": "Feature", "properties": { "id": 72181, "nach": 0.56313448723123471 }, "geometry": { "type": "LineString", "coordinates": [ [ -0.3714719, 51.894004700000011 ], [ -0.3712612, 51.8938534 ], [ -0.3711074, 51.8937539 ], [ -0.3707937, 51.893463 ], [ -0.3707305, 51.8934054 ] ] } },
{ "type": "Feature", "properties": { "id": 51845, "nach": 0.17403018117134691 }, "geometry": { "type": "LineString", "coordinates": [ [ -0.3821012, 51.904716 ], [ -0.3821328, 51.9047717 ] ] } },
{ "type": "Feature", "properties": { "id": 83736, "nach": 0.55112908134082494 }, "geometry": { "type": "LineString", "coordinates": [ [ -0.3827516, 51.9042172 ], [ -0.3827113, 51.9042272 ], [ -0.3828693, 51.904456 ], [ -0.3824128, 51.9045724 ] ] } },
{ "type": "Feature", "properties": { "id": 83745, "nach": 0.43137520179926309 }, "geometry": { "type": "LineString", "coordinates": [ [ -0.3816325, 51.9049115 ], [ -0.3821328, 51.9047717 ] ] } },
{ "type": "Feature", "properties": { "id": 83746, "nach": 0.33874777520763677 }, "geometry": { "type": "LineString", "coordinates": [ [ -0.3816325, 51.9049115 ], [ -0.3817443, 51.9050602 ] ] } },
{ "type": "Feature", "properties": { "id": 83740, "nach": 0.50114485552387467 }, "geometry": { "type": "LineString", "coordinates": [ [ -0.3821328, 51.9047717 ], [ -0.382306, 51.9047131 ], [ -0.3824731, 51.9046586 ] ] } },
{ "type": "Feature", "properties": { "id": 83739, "nach": 0.45615995967333423 }, "geometry": { "type": "LineString", "coordinates": [ [ -0.3821328, 51.9047717 ], [ -0.382169, 51.9048355 ], [ -0.3822013, 51.9048923 ], [ -0.382198, 51.9049131 ], [ -0.38217120000001, 51.9049314 ], [ -0.3817443, 51.9050602 ] ] } },
{ "type": "Feature", "properties": { "id": 51849, "nach": 0.37149870092612269 }, "geometry": { "type": "LineString", "coordinates": [ [ -0.3815416, 51.9058535 ], [ -0.381441, 51.9058816 ], [ -0.3812747, 51.905645 ], [ -0.381064, 51.9053143 ], [ -0.3810991, 51.905241 ] ] } },
{ "type": "Feature", "properties": { "id": 83744, "nach": 0.39460853486747638 }, "geometry": { "type": "LineString", "coordinates": [ [ -0.3817443, 51.9050602 ], [ -0.381556, 51.9051119 ], [ -0.3810991, 51.905241 ] ] } },
{ "type": "Feature", "properties": { "id": 55316, "nach": 0.2824050918032599 }, "geometry": { "type": "LineString", "coordinates": [ [ -0.3668565, 51.9041785 ], [ -0.3670282, 51.9039468 ], [ -0.3670748, 51.9039395 ], [ -0.367117, 51.9039422 ] ] } },
{ "type": "Feature", "properties": { "id": 60901, "nach": 0.2824050918032599 }, "geometry": { "type": "LineString", "coordinates": [ [ -0.3671384, 51.9037275 ], [ -0.3671109, 51.9038264 ], [ -0.36711890000001, 51.9038746 ], [ -0.367117, 51.9039422 ] ] } },
{ "type": "Feature", "properties": { "id": 55492, "nach": 0.42471659272924445 }, "geometry": { "type": "LineString", "coordinates": [ [ -0.3802375, 51.8948304 ], [ -0.3802584, 51.8952276 ] ] } },
{ "type": "Feature", "properties": { "id": 63227, "nach": 0.49996337537431318 }, "geometry": { "type": "LineString", "coordinates": [ [ -0.380272, 51.8948318 ], [ -0.3802375, 51.8948304 ] ] } },
{ "type": "Feature", "properties": { "id": 63228, "nach": 0.42435780327267442 }, "geometry": { "type": "LineString", "coordinates": [ [ -0.380272, 51.8948318 ], [ -0.3804312, 51.8948381 ], [ -0.380652, 51.894888 ], [ -0.3807606, 51.8947819 ] ] } },
{ "type": "Feature", "properties": { "id": 63230, "nach": 0.42435780327267442 }, "geometry": { "type": "LineString", "coordinates": [ [ -0.3799411, 51.8946641 ], [ -0.3802516, 51.8946555 ], [ -0.380272, 51.8948318 ] ] } },
{ "type": "Feature", "properties": { "id": 57789, "nach": 0.42763428705381701 }, "geometry": { "type": "LineString", "coordinates": [ [ -0.3802398, 51.8958013 ], [ -0.3802389, 51.8957376 ], [ -0.3802401, 51.895714 ], [ -0.3802426, 51.8956848 ], [ -0.3802484, 51.895640800000017 ], [ -0.3802512, 51.89561770000001 ], [ -0.3802499, 51.8955939 ] ] } },
{ "type": "Feature", "properties": { "id": 61151, "nach": 0.42739300201817731 }, "geometry": { "type": "LineString", "coordinates": [ [ -0.3802649, 51.8953509 ], [ -0.380271, 51.8954294 ], [ -0.380271, 51.8955027 ], [ -0.3802657, 51.8955458 ], [ -0.3802499, 51.8955939 ] ] } },
{ "type": "Feature", "properties": { "id": 58264, "nach": 0.44006664399832657 }, "geometry": { "type": "LineString", "coordinates": [ [ -0.3791897, 51.8943117 ], [ -0.3792198, 51.89443960000002 ] ] } },
{ "type": "Feature", "properties": { "id": 72233, "nach": 0.60180810723255229 }, "geometry": { "type": "LineString", "coordinates": [ [ -0.3792248, 51.8943083 ], [ -0.3791897, 51.8943117 ] ] } },
{ "type": "Feature", "properties": { "id": 58259, "nach": 0.43931982112924639 }, "geometry": { "type": "LineString", "coordinates": [ [ -0.37941630000001, 51.8942897 ], [ -0.3794538, 51.8942861 ] ] } },
{ "type": "Feature", "properties": { "id": 58261, "nach": 0.43793044432526906 }, "geometry": { "type": "LineString", "coordinates": [ [ -0.37941630000001, 51.8942897 ], [ -0.3794405, 51.8944278 ] ] } },
{ "type": "Feature", "properties": { "id": 72232, "nach": 0.51306866409928631 }, "geometry": { "type": "LineString", "coordinates": [ [ -0.3792248, 51.8943083 ], [ -0.37941630000001, 51.8942897 ] ] } },
{ "type": "Feature", "properties": { "id": 72234, "nach": 0.61147536448735107 }, "geometry": { "type": "LineString", "coordinates": [ [ -0.3792248, 51.8943083 ], [ -0.3792539, 51.894274700000011 ], [ -0.3792539, 51.8942344 ], [ -0.3792385, 51.894134 ], [ -0.3791924, 51.894079499999989 ], [ -0.3792529, 51.8940151 ] ] } },
{ "type": "Feature", "properties": { "id": 63400, "nach": 0.51050844390150518 }, "geometry": { "type": "LineString", "coordinates": [ [ -0.3842836, 51.8971897 ], [ -0.3845604, 51.897070800000016 ] ] } },
{ "type": "Feature", "properties": { "id": 63409, "nach": 0.44327480625334881 }, "geometry": { "type": "LineString", "coordinates": [ [ -0.3840247, 51.8969397 ], [ -0.3842836, 51.8971897 ] ] } },
{ "type": "Feature", "properties": { "id": 63191, "nach": 0.57381956067287354 }, "geometry": { "type": "LineString", "coordinates": [ [ -0.3707135, 51.893391799999989 ], [ -0.3707305, 51.8934054 ] ] } },
{ "type": "Feature", "properties": { "id": 63194, "nach": 0.43831781986700136 }, "geometry": { "type": "LineString", "coordinates": [ [ -0.3703884, 51.8935141 ], [ -0.3704681, 51.893481 ], [ -0.3705495, 51.89345 ], [ -0.3707135, 51.893391799999989 ] ] } },
{ "type": "Feature", "properties": { "id": 63190, "nach": 0.43869798230945029 }, "geometry": { "type": "LineString", "coordinates": [ [ -0.3710189, 51.893295 ], [ -0.3709427, 51.8933271 ], [ -0.370863, 51.893360199999989 ], [ -0.3707305, 51.8934054 ] ] } },
{ "type": "Feature", "properties": { "id": 63207, "nach": 0.4049487751798469 }, "geometry": { "type": "LineString", "coordinates": [ [ -0.3779317, 51.8972902 ], [ -0.3779197, 51.8973023 ], [ -0.3779687, 51.8973992 ] ] } },
{ "type": "Feature", "properties": { "id": 63209, "nach": 0.40251923994734928 }, "geometry": { "type": "LineString", "coordinates": [ [ -0.3776157, 51.8972659 ], [ -0.3776978, 51.897220500000017 ], [ -0.3779317, 51.8972902 ] ] } },
{ "type": "Feature", "properties": { "id": 63277, "nach": 0.43252012657759481 }, "geometry": { "type": "LineString", "coordinates": [ [ -0.38062360000001, 51.8941969 ], [ -0.3804956, 51.8941232 ], [ -0.3801888, 51.894352 ] ] } },
{ "type": "Feature", "properties": { "id": 63276, "nach": 0.48084189327300486 }, "geometry": { "type": "LineString", "coordinates": [ [ -0.38062360000001, 51.8941969 ], [ -0.3810675, 51.8944524 ] ] } },
{ "type": "Feature", "properties": { "id": 63323, "nach": 0.42395969722183441 }, "geometry": { "type": "LineString", "coordinates": [ [ -0.3832694, 51.8953138 ], [ -0.3826779, 51.89514830000001 ] ] } },
{ "type": "Feature", "properties": { "id": 63325, "nach": 0.62809636401548474 }, "geometry": { "type": "LineString", "coordinates": [ [ -0.382622536279796, 51.895213711121087 ], [ -0.3826779, 51.89514830000001 ] ] } },
{ "type": "Feature", "properties": { "id": 72250, "nach": 0.49629020801892532 }, "geometry": { "type": "LineString", "coordinates": [ [ -0.3825425, 51.8952336 ], [ -0.382593574576099, 51.895247928703142 ] ] } },
{ "type": "Feature", "properties": { "id": 72249, "nach": 0.41423793111743562 }, "geometry": { "type": "LineString", "coordinates": [ [ -0.3830369, 51.8953723 ], [ -0.38294330000001, 51.8954283 ] ] } },
{ "type": "Feature", "properties": { "id": 72250, "nach": 0.49629020801892532 }, "geometry": { "type": "LineString", "coordinates": [ [ -0.382593574576099, 51.895247928703142 ], [ -0.3830369, 51.8953723 ] ] } },
{ "type": "Feature", "properties": { "id": 63417, "nach": 0.51312187508405616 }, "geometry": { "type": "LineString", "coordinates": [ [ -0.3846111, 51.8970503 ], [ -0.3845604, 51.897070800000016 ] ] } },
{ "type": "Feature", "properties": { "id": 63418, "nach": 0.44097113670100097 }, "geometry": { "type": "LineString", "coordinates": [ [ -0.3846111, 51.8970503 ], [ -0.3843524, 51.8968074 ] ] } },
{ "type": "Feature", "properties": { "id": 63420, "nach": 0.49559242456743352 }, "geometry": { "type": "LineString", "coordinates": [ [ -0.3850164, 51.8968856 ], [ -0.3846111, 51.8970503 ] ] } },
{ "type": "Feature", "properties": { "id": 63711, "nach": 0.53200051504152235 }, "geometry": { "type": "LineString", "coordinates": [ [ -0.3850774, 51.8968608 ], [ -0.3850164, 51.8968856 ] ] } },
{ "type": "Feature", "properties": { "id": 63713, "nach": 0.41155984182160449 }, "geometry": { "type": "LineString", "coordinates": [ [ -0.385269, 51.8970428 ], [ -0.3850774, 51.8968608 ] ] } },
{ "type": "Feature", "properties": { "id": 63422, "nach": 0.4962228277505038 }, "geometry": { "type": "LineString", "coordinates": [ [ -0.3843809, 51.8965126 ], [ -0.3846318, 51.8964105 ] ] } },
{ "type": "Feature", "properties": { "id": 63391, "nach": 0.54065325513938156 }, "geometry": { "type": "LineString", "coordinates": [ [ -0.3842144, 51.89615220000001 ], [ -0.3846095, 51.896342 ], [ -0.3846318, 51.8964105 ] ] } },
{ "type": "Feature", "properties": { "id": 63424, "nach": 0.46108593902551082 }, "geometry": { "type": "LineString", "coordinates": [ [ -0.3843809, 51.8965126 ], [ -0.3845948, 51.8967095 ] ] } },
{ "type": "Feature", "properties": { "id": 63392, "nach": 0.4147255729884145 }, "geometry": { "type": "LineString", "coordinates": [ [ -0.3839858, 51.8962832 ], [ -0.3842144, 51.89615220000001 ] ] } },
{ "type": "Feature", "properties": { "id": 63414, "nach": 0.48648357856047164 }, "geometry": { "type": "LineString", "coordinates": [ [ -0.3843524, 51.8968074 ], [ -0.3840247, 51.8969397 ] ] } },
{ "type": "Feature", "properties": { "id": 63413, "nach": 0.50341617244662373 }, "geometry": { "type": "LineString", "coordinates": [ [ -0.3843524, 51.8968074 ], [ -0.3845948, 51.8967095 ] ] } },
{ "type": "Feature", "properties": { "id": 63421, "nach": 0.46744111496105362 }, "geometry": { "type": "LineString", "coordinates": [ [ -0.3850164, 51.8968856 ], [ -0.3849141, 51.896788699999988 ], [ -0.3848186, 51.8967172 ], [ -0.3845948, 51.8967095 ] ] } },
{ "type": "Feature", "properties": { "id": 63455, "nach": 0.55807513205470827 }, "geometry": { "type": "LineString", "coordinates": [ [ -0.3796024, 51.8978401 ], [ -0.3800409, 51.8975591 ] ] } },
{ "type": "Feature", "properties": { "id": 63457, "nach": 0.42812717960717217 }, "geometry": { "type": "LineString", "coordinates": [ [ -0.3801768, 51.8976442 ], [ -0.3803586, 51.8977579 ] ] } },
{ "type": "Feature", "properties": { "id": 63458, "nach": 0.51832733666018116 }, "geometry": { "type": "LineString", "coordinates": [ [ -0.3801768, 51.8976442 ], [ -0.3800409, 51.8975591 ] ] } },
{ "type": "Feature", "properties": { "id": 63476, "nach": 0.42163199577387517 }, "geometry": { "type": "LineString", "coordinates": [ [ -0.3791544, 51.8989382 ], [ -0.3795092, 51.8991588 ] ] } },
{ "type": "Feature", "properties": { "id": 63481, "nach": 0.4188986645196045 }, "geometry": { "type": "LineString", "coordinates": [ [ -0.3794231, 51.8987698 ], [ -0.3792071, 51.8989057 ], [ -0.3791544, 51.8989382 ] ] } },
{ "type": "Feature", "properties": { "id": 63482, "nach": 0.42591890950276973 }, "geometry": { "type": "LineString", "coordinates": [ [ -0.3792788, 51.8986758 ], [ -0.3794231, 51.8987698 ] ] } },
{ "type": "Feature", "properties": { "id": 63560, "nach": 0.38324663458215324 }, "geometry": { "type": "LineString", "coordinates": [ [ -0.3826908, 51.8988911 ], [ -0.3828161, 51.8988569 ] ] } },
{ "type": "Feature", "properties": { "id": 63561, "nach": 0.38324663458215324 }, "geometry": { "type": "LineString", "coordinates": [ [ -0.3829239, 51.8988255 ], [ -0.3828161, 51.8988569 ] ] } },
{ "type": "Feature", "properties": { "id": 83737, "nach": 0.39434654637393418 }, "geometry": { "type": "LineString", "coordinates": [ [ -0.3827516, 51.9042172 ], [ -0.382757, 51.9042251 ], [ -0.382809500000011, 51.9042964 ] ] } },
{ "type": "Feature", "properties": { "id": 83743, "nach": 0.39341912076556013 }, "geometry": { "type": "LineString", "coordinates": [ [ -0.3817443, 51.9050602 ], [ -0.3817987, 51.9051284 ] ] } },
{ "type": "Feature", "properties": { "id": 63325, "nach": 0.62809636401548474 }, "geometry": { "type": "LineString", "coordinates": [ [ -0.382593574576099, 51.895247928703142 ], [ -0.382622536279796, 51.895213711121087 ] ] } }
]
}
