{
"type": "FeatureCollection",
"name": "NORHE_100_NACH",
"crs": { "type": "name", "properties": { "name": "urn:ogc:def:crs:OGC:1.3:CRS84" } },
"features": [
{"type":"Feature","properties":{"id":7454,"nach":0.58148721345159893},"geometry":{"type":"LineString","coordinates":[[-0.2557618,51.957223300000017],[-0.255442200000011,51.9574542]]}},
{"type":"Feature","properties":{"id":48926,"nach":0.62675636244658983},"geometry":{"type":"LineString","coordinates":[[-0.2553225,51.957518],[-0.255442200000011,51.9574542]]}},
{"type":"Feature","properties":{"id":77713,"nach":0.44511966326039476},"geometry":{"type":"LineString","coordinates":[[-0.255396,51.9574247],[-0.255442200000011,51.9574542]]}},
{"type":"Feature","properties":{"id":77715,"nach":0.58994603572946469},"geometry":{"type":"LineString","coordinates":[[-0.2560479,51.9570951],[-0.2559398,51.9571849],[-0.2557279,51.957338600000014],[-0.2554939,51.957486700000011],[-0.255442200000011,51.9574542]]}},
{"type":"Feature","properties":{"id":7458,"nach":0.49473192785656311},"geometry":{"type":"LineString","coordinates":[[-0.255681,51.9571931],[-0.2557618,51.957223300000017]]}},
{"type":"Feature","properties":{"id":46745,"nach":0.59063272447568305},"geometry":{"type":"LineString","coordinates":[[-0.2563791,51.9566344],[-0.2559648,51.9570546],[-0.2557618,51.957223300000017]]}},
{"type":"Feature","properties":{"id":48927,"nach":0.62141862864201436},"geometry":{"type":"LineString","coordinates":[[-0.2553225,51.957518],[-0.255068300000011,51.9576288]]}},
{"type":"Feature","properties":{"id":48929,"nach":0.44205795141156246},"geometry":{"type":"LineString","coordinates":[[-0.255552,51.9576586],[-0.2553225,51.957518]]}},
{"type":"Feature","properties":{"id":77716,"nach":0.54732572249467837},"geometry":{"type":"LineString","coordinates":[[-0.2560479,51.9570951],[-0.2562489,51.956859],[-0.2563793,51.9567239],[-0.2564091,51.956703199999986],[-0.2564386,51.9566896],[-0.25648390000001,51.9566782],[-0.2565318,51.9566727],[-0.2565353,51.9566611],[-0.2565427,51.9566393]]}},
{"type":"Feature","properties":{"id":77719,"nach":0.6174324720965374},"geometry":{"type":"LineString","coordinates":[[-0.2565073,51.9573511],[-0.2562735,51.95720570000001],[-0.2560936,51.9571168],[-0.2560479,51.9570951]]}},
{"type":"Feature","properties":{"id":64,"nach":0.61437487440067806},"geometry":{"type":"LineString","coordinates":[[-0.2565619,51.9565028],[-0.256478300000012,51.9564536]]}},
{"type":"Feature","properties":{"id":65,"nach":0.60561484464318005},"geometry":{"type":"LineString","coordinates":[[-0.2565619,51.9565028],[-0.2564939,51.9565741]]}},
{"type":"Feature","properties":{"id":31667,"nach":0.60357805618902394},"geometry":{"type":"LineString","coordinates":[[-0.2566584,51.9565666],[-0.2566097,51.9565315],[-0.2565619,51.9565028]]}},
{"type":"Feature","properties":{"id":47423,"nach":0.59453760247109189},"geometry":{"type":"LineString","coordinates":[[-0.2566297,51.95643290000001],[-0.2565619,51.9565028]]}},
{"type":"Feature","properties":{"id":46742,"nach":0.45326468169486533},"geometry":{"type":"LineString","coordinates":[[-0.2564244,51.9565123],[-0.256478300000012,51.9564536]]}},
{"type":"Feature","properties":{"id":46750,"nach":0.46678790139327675},"geometry":{"type":"LineString","coordinates":[[-0.256478300000012,51.9564536],[-0.2565459,51.9563799]]}},
{"type":"Feature","properties":{"id":46751,"nach":0.61378332023041204},"geometry":{"type":"LineString","coordinates":[[-0.256478300000012,51.9564536],[-0.2564024,51.956408200000013],[-0.256339,51.9563788]]}},
{"type":"Feature","properties":{"id":77721,"nach":0.38260056039949125},"geometry":{"type":"LineString","coordinates":[[-0.2564939,51.9565741],[-0.2564555,51.9565579],[-0.2564793,51.9565322],[-0.2564244,51.9565123]]}},
{"type":"Feature","properties":{"id":78245,"nach":0.57750100487309386},"geometry":{"type":"LineString","coordinates":[[-0.2565588,51.9565914],[-0.256534200000011,51.9565911],[-0.2565198,51.956585],[-0.2564939,51.9565741]]}},
{"type":"Feature","properties":{"id":77722,"nach":0.5626659866585183},"geometry":{"type":"LineString","coordinates":[[-0.2564939,51.9565741],[-0.256465800000011,51.9566019],[-0.2563791,51.9566344]]}},
{"type":"Feature","properties":{"id":31676,"nach":0.71328166705052587},"geometry":{"type":"LineString","coordinates":[[-0.2624909,51.9545914],[-0.2623946,51.954605]]}},
{"type":"Feature","properties":{"id":51142,"nach":0.71144117853753464},"geometry":{"type":"LineString","coordinates":[[-0.2623463,51.954611199999988],[-0.2623946,51.954605]]}},
{"type":"Feature","properties":{"id":59887,"nach":0.59989990923826375},"geometry":{"type":"LineString","coordinates":[[-0.2625628,51.9548611],[-0.262417,51.954658100000017],[-0.2623946,51.954605]]}},
{"type":"Feature","properties":{"id":31675,"nach":0.71299796398833748},"geometry":{"type":"LineString","coordinates":[[-0.2624909,51.9545914],[-0.2631816,51.954501700000016]]}},
{"type":"Feature","properties":{"id":31677,"nach":0.5050078765673095},"geometry":{"type":"LineString","coordinates":[[-0.2624909,51.9545914],[-0.262557,51.9545378],[-0.2627041,51.954516400000017],[-0.2628865,51.954476200000016],[-0.263023200000011,51.9544562],[-0.2631209,51.9544281],[-0.2631796,51.954387899999986]]}},
{"type":"Feature","properties":{"id":51143,"nach":0.69637099216880805},"geometry":{"type":"LineString","coordinates":[[-0.2623463,51.954611199999988],[-0.2618937,51.9546644]]}},
{"type":"Feature","properties":{"id":59650,"nach":0.63457082542808874},"geometry":{"type":"LineString","coordinates":[[-0.262205300000011,51.9545537],[-0.2623463,51.954611199999988]]}},
{"type":"Feature","properties":{"id":59886,"nach":0.57795808117913949},"geometry":{"type":"LineString","coordinates":[[-0.2625628,51.9548611],[-0.2628176,51.9551776],[-0.2630188,51.9552846]]}},
{"type":"Feature","properties":{"id":59888,"nach":0.47228425913929967},"geometry":{"type":"LineString","coordinates":[[-0.2625628,51.9548611],[-0.2624145,51.9549024],[-0.2621491,51.9550044]]}},
{"type":"Feature","properties":{"id":77760,"nach":0.56548865954925565},"geometry":{"type":"LineString","coordinates":[[-0.2679348,51.953982],[-0.2680281,51.9539771]]}},
{"type":"Feature","properties":{"id":16536,"nach":0.54055281010014267},"geometry":{"type":"LineString","coordinates":[[-0.26845350000001,51.9539453],[-0.2683789,51.9539509],[-0.2680281,51.9539771]]}},
{"type":"Feature","properties":{"id":71,"nach":0.49175914958781125},"geometry":{"type":"LineString","coordinates":[[-0.2680281,51.9539771],[-0.2680149,51.9539351],[-0.2680079,51.953903299999986]]}},
{"type":"Feature","properties":{"id":77761,"nach":0.61234949147268081},"geometry":{"type":"LineString","coordinates":[[-0.2679348,51.953982],[-0.2676616,51.9539962]]}},
{"type":"Feature","properties":{"id":77762,"nach":0.60016058875816691},"geometry":{"type":"LineString","coordinates":[[-0.2679348,51.953982],[-0.2680283,51.9540124],[-0.26805760000001,51.954022]]}},
{"type":"Feature","properties":{"id":59993,"nach":0.56728347834194803},"geometry":{"type":"LineString","coordinates":[[-0.2684629,51.9539957],[-0.26845350000001,51.9539453]]}},
{"type":"Feature","properties":{"id":77733,"nach":0.59539950949838349},"geometry":{"type":"LineString","coordinates":[[-0.2684465,51.9539038],[-0.26845350000001,51.9539453]]}},
{"type":"Feature","properties":{"id":77753,"nach":0.52263866371192658},"geometry":{"type":"LineString","coordinates":[[-0.2686201,51.9539316],[-0.2685297,51.9539391],[-0.26845350000001,51.9539453]]}},
{"type":"Feature","properties":{"id":77740,"nach":0.69922338598292777},"geometry":{"type":"LineString","coordinates":[[-0.2680079,51.953903299999986],[-0.2680517,51.9539007],[-0.2680734,51.953910200000017],[-0.268091300000011,51.9539163],[-0.2681205,51.9539202],[-0.2684465,51.9539038]]}},
{"type":"Feature","properties":{"id":77741,"nach":0.69829819977327434},"geometry":{"type":"LineString","coordinates":[[-0.2680079,51.953903299999986],[-0.2679632,51.9539059],[-0.267946,51.9539232],[-0.267919,51.9539349],[-0.267876,51.9539507]]}},
{"type":"Feature","properties":{"id":77742,"nach":0.6130346759606623},"geometry":{"type":"LineString","coordinates":[[-0.2680079,51.953903299999986],[-0.26800150000001,51.9538686],[-0.2678827,51.9532399],[-0.2678649,51.9531498]]}},
{"type":"Feature","properties":{"id":77,"nach":0.6226853497811915},"geometry":{"type":"LineString","coordinates":[[-0.2721071,51.9536304],[-0.272175,51.9537167]]}},
{"type":"Feature","properties":{"id":78,"nach":0.45287158767079},"geometry":{"type":"LineString","coordinates":[[-0.2721071,51.9536304],[-0.2721044,51.9536625],[-0.2720834,51.953686],[-0.2720613,51.9536992],[-0.272027,51.953707]]}},
{"type":"Feature","properties":{"id":2132,"nach":0.62514157320335006},"geometry":{"type":"LineString","coordinates":[[-0.2720034,51.9535779],[-0.2720436,51.9535825],[-0.27207510000001,51.9535953],[-0.2720893,51.9536052],[-0.2721071,51.9536304]]}},
{"type":"Feature","properties":{"id":21109,"nach":0.69873424694879815},"geometry":{"type":"LineString","coordinates":[[-0.272175,51.9537167],[-0.2723287,51.953758],[-0.272497,51.9537821],[-0.2727198,51.953817],[-0.2727974,51.9538282],[-0.2729523,51.9538516]]}},
{"type":"Feature","properties":{"id":21107,"nach":0.6733248800264453},"geometry":{"type":"LineString","coordinates":[[-0.272175,51.9537167],[-0.272027,51.953707]]}},
{"type":"Feature","properties":{"id":82855,"nach":0.48001728175395297},"geometry":{"type":"LineString","coordinates":[[-0.2721466,51.9537741],[-0.272175,51.9537167]]}},
{"type":"Feature","properties":{"id":20974,"nach":0.67483935253276739},"geometry":{"type":"LineString","coordinates":[[-0.272027,51.953707],[-0.2719968,51.9537085],[-0.2719652,51.9537043]]}},
{"type":"Feature","properties":{"id":16620,"nach":0.7153787594074994},"geometry":{"type":"LineString","coordinates":[[-0.2665161,51.9540012],[-0.266006,51.9539784]]}},
{"type":"Feature","properties":{"id":21104,"nach":0.71734691565980369},"geometry":{"type":"LineString","coordinates":[[-0.2655033,51.9539306],[-0.266006,51.9539784]]}},
{"type":"Feature","properties":{"id":67136,"nach":0.54948291577777475},"geometry":{"type":"LineString","coordinates":[[-0.266006,51.9539784],[-0.269063080152768,51.958543738307341]]}},
{"type":"Feature","properties":{"id":16619,"nach":0.71520870901798062},"geometry":{"type":"LineString","coordinates":[[-0.2665161,51.9540012],[-0.2667629,51.9540108]]}},
{"type":"Feature","properties":{"id":58654,"nach":0.53533092258885862},"geometry":{"type":"LineString","coordinates":[[-0.266426,51.9536737],[-0.2665098,51.9537369],[-0.266527,51.9537895],[-0.2665161,51.9540012]]}},
{"type":"Feature","properties":{"id":21105,"nach":0.7166635112059131},"geometry":{"type":"LineString","coordinates":[[-0.2655033,51.9539306],[-0.2654705,51.9539264]]}},
{"type":"Feature","properties":{"id":77789,"nach":0.54108102830451243},"geometry":{"type":"LineString","coordinates":[[-0.2654904,51.9539843],[-0.2655033,51.9539306]]}},
{"type":"Feature","properties":{"id":67136,"nach":0.54948291577777475},"geometry":{"type":"LineString","coordinates":[[-0.268992998291387,51.958461354954807],[-0.2717779,51.9630706]]}},
{"type":"Feature","properties":{"id":2509,"nach":0.68569855979126926},"geometry":{"type":"LineString","coordinates":[[-0.271843,51.9533949],[-0.2719428,51.9534815],[-0.2719751,51.9535186],[-0.2719851,51.9535445],[-0.2720034,51.9535779]]}},
{"type":"Feature","properties":{"id":2136,"nach":0.65146159017630256},"geometry":{"type":"LineString","coordinates":[[-0.2719112,51.9536106],[-0.2719284,51.9535968],[-0.27196,51.9535835],[-0.2720034,51.9535779]]}},
{"type":"Feature","properties":{"id":31658,"nach":0.64469398181218729},"geometry":{"type":"LineString","coordinates":[[-0.2716608,51.953238199999987],[-0.271843,51.9533949]]}},
{"type":"Feature","properties":{"id":81408,"nach":0.64900984039647958},"geometry":{"type":"LineString","coordinates":[[-0.27193250000001,51.9533494],[-0.271843,51.9533949]]}},
{"type":"Feature","properties":{"id":2135,"nach":0.66282129979558901},"geometry":{"type":"LineString","coordinates":[[-0.2654705,51.9539264],[-0.2653685,51.9539275],[-0.2652769,51.9539259]]}},
{"type":"Feature","properties":{"id":29036,"nach":0.67593277986670453},"geometry":{"type":"LineString","coordinates":[[-0.2652868,51.9538328],[-0.2653537,51.9538734],[-0.2654705,51.9539264]]}},
{"type":"Feature","properties":{"id":16616,"nach":0.6681763109706943},"geometry":{"type":"LineString","coordinates":[[-0.2652769,51.9539259],[-0.2650925,51.9539034],[-0.2650216,51.9538923]]}},
{"type":"Feature","properties":{"id":77791,"nach":0.47798296315846706},"geometry":{"type":"LineString","coordinates":[[-0.2654904,51.9539843],[-0.2652651,51.9539642],[-0.2652769,51.9539259]]}},
{"type":"Feature","properties":{"id":29037,"nach":0.43938115437910552},"geometry":{"type":"LineString","coordinates":[[-0.2652868,51.9538328],[-0.2652397,51.9538568],[-0.2652847,51.953902200000016],[-0.2652769,51.9539259]]}},
{"type":"Feature","properties":{"id":20976,"nach":0.449640135978852},"geometry":{"type":"LineString","coordinates":[[-0.2719652,51.9537043],[-0.2719255,51.9536878],[-0.2719047,51.9536677],[-0.2718978,51.9536351],[-0.2719112,51.9536106]]}},
{"type":"Feature","properties":{"id":77780,"nach":0.64986417628275284},"geometry":{"type":"LineString","coordinates":[[-0.2717813,51.9536425],[-0.2719112,51.9536106]]}},
{"type":"Feature","properties":{"id":31848,"nach":0.53455814154218284},"geometry":{"type":"LineString","coordinates":[[-0.27573230000001,51.956427],[-0.2755762,51.9564355],[-0.2749506,51.9564404],[-0.274689,51.9564508],[-0.27424180000001,51.9564834],[-0.2739984,51.9564999],[-0.2736598,51.956514],[-0.2734103,51.9565218],[-0.2732917,51.9565253],[-0.2732299,51.9565269]]}},
{"type":"Feature","properties":{"id":2339,"nach":0.57431611932339111},"geometry":{"type":"LineString","coordinates":[[-0.2732299,51.9565269],[-0.2732245,51.956561799999989],[-0.2731868,51.9565881]]}},
{"type":"Feature","properties":{"id":2343,"nach":0.54819440625960425},"geometry":{"type":"LineString","coordinates":[[-0.2731028,51.9564875],[-0.2731559,51.9564834],[-0.2732036,51.9564982],[-0.2732299,51.9565269]]}},
{"type":"Feature","properties":{"id":9116,"nach":0.54687642387265301},"geometry":{"type":"LineString","coordinates":[[-0.2731868,51.9565881],[-0.2731342,51.9565958],[-0.27308370000001,51.956584],[-0.2730526,51.9565567]]}},
{"type":"Feature","properties":{"id":18003,"nach":0.5447595774767412},"geometry":{"type":"LineString","coordinates":[[-0.2741833,51.9576294],[-0.2738763,51.9573132],[-0.2735169,51.9569355],[-0.2732909,51.9567099],[-0.2732228,51.9566323],[-0.2731868,51.9565881]]}},
{"type":"Feature","properties":{"id":2341,"nach":0.53468546013213691},"geometry":{"type":"LineString","coordinates":[[-0.2730526,51.9565567],[-0.2730496,51.9565293],[-0.2730677,51.9565043],[-0.2731028,51.9564875]]}},
{"type":"Feature","properties":{"id":82046,"nach":0.5830195106701983},"geometry":{"type":"LineString","coordinates":[[-0.2725404,51.957122199999986],[-0.2725896,51.9570958],[-0.27263310000001,51.9570574],[-0.2726774,51.9570148],[-0.272924,51.9566352],[-0.272988,51.9565825],[-0.2730526,51.9565567]]}},
{"type":"Feature","properties":{"id":82967,"nach":0.58925790553914015},"geometry":{"type":"LineString","coordinates":[[-0.2730093,51.956378],[-0.2730449,51.95643050000001],[-0.2731028,51.9564875]]}},
{"type":"Feature","properties":{"id":82050,"nach":0.57908134423040658},"geometry":{"type":"LineString","coordinates":[[-0.2722382,51.957133],[-0.27233,51.95714790000001],[-0.2724025,51.9571524],[-0.2724494,51.95714790000001],[-0.272495,51.9571384],[-0.2725404,51.957122199999986]]}},
{"type":"Feature","properties":{"id":82055,"nach":0.46060159690191332},"geometry":{"type":"LineString","coordinates":[[-0.2725278,51.9571857],[-0.27258,51.957165200000013],[-0.2725404,51.957122199999986]]}},
{"type":"Feature","properties":{"id":82966,"nach":0.59264809277010844},"geometry":{"type":"LineString","coordinates":[[-0.2730093,51.956378],[-0.2729852,51.95633010000001],[-0.2728678,51.956031699999976],[-0.2728095,51.9558669],[-0.2727753,51.9557326],[-0.2727478,51.9555146]]}},
{"type":"Feature","properties":{"id":83060,"nach":0.45723271416833428},"geometry":{"type":"LineString","coordinates":[[-0.2725004,51.9562817],[-0.2724722,51.9563851],[-0.2725996,51.9563991],[-0.2727216,51.9563991],[-0.2730093,51.956378]]}},
{"type":"Feature","properties":{"id":31850,"nach":0.62066018628083397},"geometry":{"type":"LineString","coordinates":[[-0.2708691,51.9570732],[-0.2710091,51.9569533]]}},
{"type":"Feature","properties":{"id":81349,"nach":0.57629967039907393},"geometry":{"type":"LineString","coordinates":[[-0.2711046,51.9569886],[-0.271058600000011,51.9569716],[-0.2710091,51.9569533]]}},
{"type":"Feature","properties":{"id":82893,"nach":0.61789977276362729},"geometry":{"type":"LineString","coordinates":[[-0.271698,51.9563232],[-0.271392600000011,51.9565975],[-0.27115790000001,51.9568119],[-0.2710091,51.9569533]]}},
{"type":"Feature","properties":{"id":31852,"nach":0.60088098907510934},"geometry":{"type":"LineString","coordinates":[[-0.2708691,51.9570732],[-0.2708305,51.95705920000001],[-0.2705996,51.956952200000011],[-0.27056070000001,51.9569338]]}},
{"type":"Feature","properties":{"id":82028,"nach":0.60744605192604517},"geometry":{"type":"LineString","coordinates":[[-0.2708288,51.9571129],[-0.2708691,51.9570732]]}},
{"type":"Feature","properties":{"id":81352,"nach":0.46885280122759243},"geometry":{"type":"LineString","coordinates":[[-0.2711713,51.9569247],[-0.2711046,51.9569886]]}},
{"type":"Feature","properties":{"id":82022,"nach":0.56872039581709555},"geometry":{"type":"LineString","coordinates":[[-0.2714168,51.957026],[-0.271176,51.9570045],[-0.2711046,51.9569886]]}},
{"type":"Feature","properties":{"id":82032,"nach":0.47476137800105095},"geometry":{"type":"LineString","coordinates":[[-0.2708892,51.957139],[-0.2709467,51.9570879],[-0.2709959,51.9570576],[-0.2710573,51.9570472],[-0.2711046,51.9569886]]}},
{"type":"Feature","properties":{"id":82894,"nach":0.61823935720546008},"geometry":{"type":"LineString","coordinates":[[-0.271698,51.9563232],[-0.2723783,51.9557123],[-0.2724105,51.955669300000011],[-0.2724259,51.955635400000013],[-0.2725433,51.9552821]]}},
{"type":"Feature","properties":{"id":82892,"nach":0.4633301995214304},"geometry":{"type":"LineString","coordinates":[[-0.271698,51.9563232],[-0.2713678,51.956214]]}},
{"type":"Feature","properties":{"id":82963,"nach":0.64768070222631191},"geometry":{"type":"LineString","coordinates":[[-0.2698636,51.957949],[-0.2701226,51.9577239]]}},
{"type":"Feature","properties":{"id":18014,"nach":0.52142232880681483},"geometry":{"type":"LineString","coordinates":[[-0.2725654,51.9581938],[-0.2722542,51.9582152],[-0.2717386,51.9582096],[-0.2713688,51.9581707],[-0.2710379,51.9581124],[-0.27075960000001,51.9580118],[-0.2701226,51.9577239]]}},
{"type":"Feature","properties":{"id":77723,"nach":0.64526862486818781},"geometry":{"type":"LineString","coordinates":[[-0.2705534,51.9573495],[-0.2705107,51.9573867],[-0.2703305,51.9575438],[-0.2701226,51.9577239]]}},
{"type":"Feature","properties":{"id":82964,"nach":0.6462290706370265},"geometry":{"type":"LineString","coordinates":[[-0.2698636,51.957949],[-0.2696246,51.9581567],[-0.2695912,51.9581857],[-0.2694258,51.9583294]]}},
{"type":"Feature","properties":{"id":82965,"nach":0.45142921391740892},"geometry":{"type":"LineString","coordinates":[[-0.2698636,51.957949],[-0.2697456,51.957906],[-0.2696653,51.9578768],[-0.2696317,51.9578429],[-0.2696317,51.9578041],[-0.2696465,51.957752],[-0.269731,51.9576462],[-0.26982080000001,51.9575719],[-0.2699697,51.957503299999985],[-0.270114500000011,51.9574983],[-0.270251300000012,51.9573603]]}},
{"type":"Feature","properties":{"id":18013,"nach":0.49195511945334347},"geometry":{"type":"LineString","coordinates":[[-0.2725654,51.9581938],[-0.2726767,51.958169799999986],[-0.2727646,51.9581351],[-0.272959,51.9580648],[-0.27347670000001,51.9578797],[-0.2741833,51.9576294]]}},
{"type":"Feature","properties":{"id":18012,"nach":0.51133282214389486},"geometry":{"type":"LineString","coordinates":[[-0.2725654,51.9581938],[-0.2739185,51.9594191]]}},
{"type":"Feature","properties":{"id":77726,"nach":0.56587079296496945},"geometry":{"type":"LineString","coordinates":[[-0.2705534,51.9573495],[-0.2704914,51.9573181],[-0.27056070000001,51.9569338]]}},
{"type":"Feature","properties":{"id":82030,"nach":0.57445570661314471},"geometry":{"type":"LineString","coordinates":[[-0.2708288,51.9571129],[-0.2705887,51.9573191],[-0.2705534,51.9573495]]}},
{"type":"Feature","properties":{"id":82033,"nach":0.57486214714995398},"geometry":{"type":"LineString","coordinates":[[-0.2708892,51.957139],[-0.2706114,51.9573756],[-0.2705534,51.9573495]]}},
{"type":"Feature","properties":{"id":18001,"nach":0.64851190658336644},"geometry":{"type":"LineString","coordinates":[[-0.2694258,51.9583294],[-0.269295300000011,51.9584516],[-0.2691974,51.9585433]]}},
{"type":"Feature","properties":{"id":33707,"nach":0.69670478705180428},"geometry":{"type":"LineString","coordinates":[[-0.2691974,51.9585433],[-0.269063080152768,51.958543738307341]]}},
{"type":"Feature","properties":{"id":33705,"nach":0.64862325748019078},"geometry":{"type":"LineString","coordinates":[[-0.2688103,51.9588702],[-0.2684922,51.9591371]]}},
{"type":"Feature","properties":{"id":33707,"nach":0.69670478705180428},"geometry":{"type":"LineString","coordinates":[[-0.269063080152768,51.958543738307341],[-0.2688103,51.9588702]]}},
{"type":"Feature","properties":{"id":59607,"nach":0.60319491872754472},"geometry":{"type":"LineString","coordinates":[[-0.2700394,51.9589793],[-0.26995360000001,51.9589334],[-0.2698946,51.9588913],[-0.269845,51.9588384],[-0.2697477,51.958711100000016],[-0.2695996,51.9584865],[-0.2695806,51.9584578],[-0.269554,51.9584173],[-0.2695137,51.9583797],[-0.2694258,51.9583294]]}},
{"type":"Feature","properties":{"id":64270,"nach":0.65470977495472316},"geometry":{"type":"LineString","coordinates":[[-0.26712860000001,51.9601048],[-0.2666964,51.9602646]]}},
{"type":"Feature","properties":{"id":58950,"nach":0.4308642425805399},"geometry":{"type":"LineString","coordinates":[[-0.2659994,51.9596776],[-0.2660731,51.9596813],[-0.2661328,51.9596987],[-0.26629330000001,51.9598308],[-0.2664795,51.9600363],[-0.266623,51.96018620000001],[-0.2666964,51.9602646]]}},
{"type":"Feature","properties":{"id":78271,"nach":0.65646278493715782},"geometry":{"type":"LineString","coordinates":[[-0.266285,51.9604164],[-0.266331100000011,51.9603994],[-0.2666964,51.9602646]]}},
{"type":"Feature","properties":{"id":64271,"nach":0.65371742914321618},"geometry":{"type":"LineString","coordinates":[[-0.26712860000001,51.9601048],[-0.26742920000001,51.959979]]}},
{"type":"Feature","properties":{"id":64273,"nach":0.43592824112087547},"geometry":{"type":"LineString","coordinates":[[-0.267380700000012,51.9604304],[-0.2673385,51.9603685],[-0.2673264,51.9603276],[-0.2673244,51.9602842],[-0.26712860000001,51.9601048]]}},
{"type":"Feature","properties":{"id":78270,"nach":0.59215053304480558},"geometry":{"type":"LineString","coordinates":[[-0.266285,51.9604164],[-0.26611050000001,51.9604807]]}},
{"type":"Feature","properties":{"id":78273,"nach":0.60445054773311435},"geometry":{"type":"LineString","coordinates":[[-0.266285,51.9604164],[-0.2662373,51.9603635],[-0.2662009,51.9603662],[-0.2661603,51.960362699999983],[-0.26611640000001,51.9603534],[-0.2660773,51.9603365],[-0.2660066,51.9603698]]}},
{"type":"Feature","properties":{"id":78276,"nach":0.53161281009380146},"geometry":{"type":"LineString","coordinates":[[-0.2662299,51.9606064],[-0.266293100000011,51.9605831],[-0.2662911,51.9605565],[-0.2662944,51.960523399999985],[-0.2663078,51.9604933],[-0.266332,51.9604685],[-0.266285,51.9604164]]}},
{"type":"Feature","properties":{"id":78266,"nach":0.53756886664272985},"geometry":{"type":"LineString","coordinates":[[-0.2660066,51.9603698],[-0.26611050000001,51.9604807]]}},
{"type":"Feature","properties":{"id":78274,"nach":0.53364231053264399},"geometry":{"type":"LineString","coordinates":[[-0.2662299,51.9606064],[-0.26611050000001,51.9604807]]}},
{"type":"Feature","properties":{"id":78278,"nach":0.59172901458972493},"geometry":{"type":"LineString","coordinates":[[-0.2659722,51.9605494],[-0.26611050000001,51.9604807]]}},
{"type":"Feature","properties":{"id":78267,"nach":0.65364802217553264},"geometry":{"type":"LineString","coordinates":[[-0.2660066,51.9603698],[-0.2659813,51.9603428],[-0.2656856,51.9600988],[-0.2655014,51.9599479],[-0.2654068,51.9598914],[-0.265292,51.9598501]]}},
{"type":"Feature","properties":{"id":78281,"nach":0.58140271105302044},"geometry":{"type":"LineString","coordinates":[[-0.2659722,51.9605494],[-0.2659,51.9605074],[-0.2659273,51.9604819],[-0.265941,51.9604625],[-0.2659454,51.960444099999989],[-0.265945,51.9604269],[-0.2659357,51.9604032],[-0.2660066,51.9603698]]}},
{"type":"Feature","properties":{"id":78275,"nach":0.59609793933825084},"geometry":{"type":"LineString","coordinates":[[-0.2662299,51.9606064],[-0.266281100000013,51.9606603],[-0.2664634,51.9608524]]}},
{"type":"Feature","properties":{"id":78280,"nach":0.51258853820362649},"geometry":{"type":"LineString","coordinates":[[-0.2659722,51.9605494],[-0.266059,51.9605999],[-0.266104,51.9606104],[-0.2661345,51.9606176],[-0.266162800000011,51.9606312],[-0.2662299,51.9606064]]}},
{"type":"Feature","properties":{"id":78334,"nach":0.64360199248556393},"geometry":{"type":"LineString","coordinates":[[-0.2650884,51.9611384],[-0.2655629,51.9608185],[-0.2659329,51.960568900000013],[-0.2659722,51.9605494]]}},
{"type":"Feature","properties":{"id":55274,"nach":0.62061300955315157},"geometry":{"type":"LineString","coordinates":[[-0.2651314,51.9598027],[-0.265292,51.9598501]]}},
{"type":"Feature","properties":{"id":82217,"nach":0.58514946663723755},"geometry":{"type":"LineString","coordinates":[[-0.2649832,51.959888899999989],[-0.2650142,51.9598854],[-0.265036800000011,51.9598824],[-0.265092,51.959874],[-0.265292,51.9598501]]}},
{"type":"Feature","properties":{"id":55275,"nach":0.43037109766685799},"geometry":{"type":"LineString","coordinates":[[-0.2651314,51.9598027],[-0.2656925,51.959338],[-0.265795,51.9591845],[-0.265836,51.9591379]]}},
{"type":"Feature","properties":{"id":82220,"nach":0.61858888112003863},"geometry":{"type":"LineString","coordinates":[[-0.2650203,51.9597864],[-0.2651314,51.9598027]]}},
{"type":"Feature","properties":{"id":82219,"nach":0.44724755967269808},"geometry":{"type":"LineString","coordinates":[[-0.2649832,51.959888899999989],[-0.264976100000012,51.959914499999989],[-0.2649706,51.95993]]}},
{"type":"Feature","properties":{"id":82229,"nach":0.58267188952869098},"geometry":{"type":"LineString","coordinates":[[-0.2647112,51.959875],[-0.2647501,51.9598821],[-0.2648319,51.959896],[-0.2648516,51.9598982],[-0.2648651,51.959898699999989],[-0.264893,51.9598973],[-0.264971600000011,51.9598902],[-0.2649832,51.959888899999989]]}},
{"type":"Feature","properties":{"id":82222,"nach":0.23897691649572075},"geometry":{"type":"LineString","coordinates":[[-0.2650203,51.9597864],[-0.2650085,51.959806399999984],[-0.2650018,51.9598185],[-0.2649975,51.9598286],[-0.2649944,51.9598388],[-0.2649883,51.9598648],[-0.2649832,51.959888899999989]]}},
{"type":"Feature","properties":{"id":22871,"nach":0.451471775989782},"geometry":{"type":"LineString","coordinates":[[-0.2634787,51.959489],[-0.2634504,51.959589200000011]]}},
{"type":"Feature","properties":{"id":31896,"nach":0.61966357541796691},"geometry":{"type":"LineString","coordinates":[[-0.2630651,51.959526],[-0.2631502,51.9595429],[-0.2632059,51.9595526],[-0.2632461,51.9595596],[-0.2633085,51.95956970000001],[-0.2633854,51.9595802],[-0.2634504,51.959589200000011]]}},
{"type":"Feature","properties":{"id":30995,"nach":0.61882732046253452},"geometry":{"type":"LineString","coordinates":[[-0.2638004,51.9596324],[-0.2636599,51.959614599999988],[-0.2635547,51.959601799999987],[-0.2634504,51.959589200000011]]}},
{"type":"Feature","properties":{"id":67124,"nach":0.2765614312713503},"geometry":{"type":"LineString","coordinates":[[-0.2630309,51.959628],[-0.2630398,51.9595914],[-0.2630448,51.9595747],[-0.2630651,51.959526]]}},
{"type":"Feature","properties":{"id":82233,"nach":0.62082158191864634},"geometry":{"type":"LineString","coordinates":[[-0.2628183,51.9594649],[-0.262872,51.9594792],[-0.2629476,51.9594993],[-0.2629912,51.9595097],[-0.2630651,51.959526]]}},
{"type":"Feature","properties":{"id":67121,"nach":0.39813936024578467},"geometry":{"type":"LineString","coordinates":[[-0.2637675,51.9597049],[-0.26379,51.9596552],[-0.2638004,51.9596324]]}},
{"type":"Feature","properties":{"id":42464,"nach":0.61623925139643809},"geometry":{"type":"LineString","coordinates":[[-0.2645286,51.95972050000001],[-0.26398130000001,51.959654],[-0.2638004,51.9596324]]}},
{"type":"Feature","properties":{"id":82257,"nach":0.56056762223290091},"geometry":{"type":"LineString","coordinates":[[-0.258225,51.957731],[-0.2582626,51.9576962]]}},
{"type":"Feature","properties":{"id":31903,"nach":0.65671419185658886},"geometry":{"type":"LineString","coordinates":[[-0.2579919,51.9575699],[-0.2581372,51.9576376],[-0.2582626,51.9576962]]}},
{"type":"Feature","properties":{"id":21077,"nach":0.64493453933686573},"geometry":{"type":"LineString","coordinates":[[-0.2586826,51.9578725],[-0.2586418,51.9578591],[-0.2585882,51.9578408],[-0.2585498,51.9578255],[-0.258502800000012,51.9578054],[-0.2584244,51.9577698],[-0.2582626,51.9576962]]}},
{"type":"Feature","properties":{"id":82259,"nach":0.564019162718848},"geometry":{"type":"LineString","coordinates":[[-0.258225,51.957731],[-0.2581596,51.9577004],[-0.2580911,51.9576695],[-0.2580631,51.9576582],[-0.25804250000001,51.9576516],[-0.2580269,51.9576453],[-0.2579422,51.9576008]]}},
{"type":"Feature","properties":{"id":82258,"nach":0.44875940453354402},"geometry":{"type":"LineString","coordinates":[[-0.258225,51.957731],[-0.258115,51.9578326],[-0.258111,51.957895],[-0.2581391,51.9579219],[-0.2580982,51.9579673]]}},
{"type":"Feature","properties":{"id":82260,"nach":0.60139661717191994},"geometry":{"type":"LineString","coordinates":[[-0.258225,51.957731],[-0.2583122,51.9577718],[-0.2584249,51.957824],[-0.2584367,51.9578303],[-0.2584745,51.9578568],[-0.2585419,51.9579017],[-0.2585596,51.9579107],[-0.258572,51.957916],[-0.2586044,51.9579271],[-0.25864,51.9579377],[-0.258679300000012,51.9579484],[-0.258702500000011,51.9579537],[-0.2587243,51.9579581]]}},
{"type":"Feature","properties":{"id":31923,"nach":0.52000809438088591},"geometry":{"type":"LineString","coordinates":[[-0.2579422,51.9576008],[-0.2579525,51.957596],[-0.2579919,51.9575699]]}},
{"type":"Feature","properties":{"id":31905,"nach":0.65599783567587222},"geometry":{"type":"LineString","coordinates":[[-0.2576945,51.9574253],[-0.2578462,51.9574985],[-0.2579919,51.9575699]]}},
{"type":"Feature","properties":{"id":21076,"nach":0.36431241648926543},"geometry":{"type":"LineString","coordinates":[[-0.2586826,51.9578725],[-0.2587501,51.9577147]]}},
{"type":"Feature","properties":{"id":30004,"nach":0.64576782386693399},"geometry":{"type":"LineString","coordinates":[[-0.258762,51.957899],[-0.2586826,51.9578725]]}},
{"type":"Feature","properties":{"id":48933,"nach":0.48237028463696346},"geometry":{"type":"LineString","coordinates":[[-0.250151,51.9596986],[-0.249913500000011,51.959796800000014],[-0.2496911,51.959888700000015]]}},
{"type":"Feature","properties":{"id":2371,"nach":0.37120401759936372},"geometry":{"type":"LineString","coordinates":[[-0.2496911,51.959888700000015],[-0.249714500000012,51.9599115],[-0.2497286,51.95994240000001],[-0.2497247,51.9599781],[-0.2497099,51.9600016],[-0.2496919,51.960018],[-0.2496664,51.9600333],[-0.2496425,51.9600428],[-0.2495952,51.9600505]]}},
{"type":"Feature","properties":{"id":20990,"nach":0.45669805385191753},"geometry":{"type":"LineString","coordinates":[[-0.2494518,51.9598815],[-0.2495161,51.9598577],[-0.2495598,51.9598529],[-0.249612400000011,51.959857],[-0.249656,51.9598695],[-0.2496911,51.959888700000015]]}},
{"type":"Feature","properties":{"id":48930,"nach":0.52729557173290842},"geometry":{"type":"LineString","coordinates":[[-0.250151,51.9596986],[-0.2504529,51.9595726]]}},
{"type":"Feature","properties":{"id":77688,"nach":0.50072600039744453},"geometry":{"type":"LineString","coordinates":[[-0.2501947,51.9597423],[-0.250151,51.9596986]]}},
{"type":"Feature","properties":{"id":77687,"nach":0.4387484969425357},"geometry":{"type":"LineString","coordinates":[[-0.250085900000011,51.959627],[-0.250151,51.9596986]]}},
{"type":"Feature","properties":{"id":77702,"nach":0.45478943340490385},"geometry":{"type":"LineString","coordinates":[[-0.2496045,51.9600804],[-0.2495952,51.9600505]]}},
{"type":"Feature","properties":{"id":2373,"nach":0.45900639349367528},"geometry":{"type":"LineString","coordinates":[[-0.2495952,51.9600505],[-0.2495772,51.9600543],[-0.2495278,51.9600517],[-0.249474200000011,51.9600372],[-0.2494278,51.9600077]]}},
{"type":"Feature","properties":{"id":77703,"nach":0.47393326243798378},"geometry":{"type":"LineString","coordinates":[[-0.2496045,51.9600804],[-0.2497862,51.9608469]]}},
{"type":"Feature","properties":{"id":77704,"nach":0.45578805919296261},"geometry":{"type":"LineString","coordinates":[[-0.2496045,51.9600804],[-0.2494884,51.9601038],[-0.2493901,51.9600911],[-0.2493341,51.9600446]]}},
{"type":"Feature","properties":{"id":77705,"nach":0.49661780822632912},"geometry":{"type":"LineString","coordinates":[[-0.2497133,51.9600684],[-0.2496045,51.9600804]]}},
{"type":"Feature","properties":{"id":77697,"nach":0.47817263350095446},"geometry":{"type":"LineString","coordinates":[[-0.2493341,51.9600446],[-0.2494278,51.9600077]]}},
{"type":"Feature","properties":{"id":44494,"nach":0.51890152706514392},"geometry":{"type":"LineString","coordinates":[[-0.2494278,51.9600077],[-0.2494081,51.9599802],[-0.2494044,51.9599695],[-0.2494025,51.9599493],[-0.2494135,51.9599171],[-0.2494518,51.9598815]]}},
{"type":"Feature","properties":{"id":16631,"nach":0.6657695505514466},"geometry":{"type":"LineString","coordinates":[[-0.269485,51.9511445],[-0.2689259,51.9513339]]}},
{"type":"Feature","properties":{"id":28137,"nach":0.64817093151760907},"geometry":{"type":"LineString","coordinates":[[-0.2678474,51.9516938],[-0.2684173,51.9515013],[-0.2689259,51.9513339]]}},
{"type":"Feature","properties":{"id":2424,"nach":0.56649270371049465},"geometry":{"type":"LineString","coordinates":[[-0.2689259,51.9513339],[-0.2689373,51.951389],[-0.2689438,51.9514202]]}},
{"type":"Feature","properties":{"id":16632,"nach":0.63131304348629025},"geometry":{"type":"LineString","coordinates":[[-0.269485,51.9511445],[-0.26970520000001,51.9510663]]}},
{"type":"Feature","properties":{"id":81321,"nach":0.55882359876223431},"geometry":{"type":"LineString","coordinates":[[-0.2695231,51.9511818],[-0.269485,51.9511445]]}},
{"type":"Feature","properties":{"id":81320,"nach":0.58340387462539245},"geometry":{"type":"LineString","coordinates":[[-0.2694659,51.95093450000001],[-0.2695141,51.9510433],[-0.2694459,51.9510977],[-0.269485,51.9511445]]}},
{"type":"Feature","properties":{"id":28136,"nach":0.64707997829174368},"geometry":{"type":"LineString","coordinates":[[-0.2678474,51.9516938],[-0.2676831,51.9517624],[-0.2675553,51.9518395]]}},
{"type":"Feature","properties":{"id":57979,"nach":0.45002117876908498},"geometry":{"type":"LineString","coordinates":[[-0.2662186,51.9511551],[-0.2664315,51.9512062],[-0.2664861,51.9512606],[-0.2677415,51.951646599999989],[-0.2677757,51.9516586],[-0.2678011,51.9516677],[-0.2678474,51.9516938]]}},
{"type":"Feature","properties":{"id":77727,"nach":0.55679836341060296},"geometry":{"type":"LineString","coordinates":[[-0.2689438,51.9514202],[-0.2689483,51.9514419],[-0.2689825,51.9516069],[-0.2690609,51.9519844],[-0.2691237,51.95226],[-0.2691646,51.9524989],[-0.269173400000011,51.952618900000012],[-0.26923370000001,51.9529572],[-0.2692983,51.9533196]]}},
{"type":"Feature","properties":{"id":77745,"nach":0.42031965177919678},"geometry":{"type":"LineString","coordinates":[[-0.2676095,51.9519493],[-0.2676553,51.9519494],[-0.2676522,51.9518637],[-0.2676511,51.95184780000001],[-0.268068,51.9516639],[-0.26859770000001,51.9514807],[-0.2688201,51.9514139],[-0.2689039,51.9514249],[-0.2689438,51.9514202]]}},
{"type":"Feature","properties":{"id":81323,"nach":0.45703614185117514},"geometry":{"type":"LineString","coordinates":[[-0.2695231,51.9511818],[-0.2691956,51.9512878],[-0.2690053,51.951352200000017],[-0.2689855,51.9513767],[-0.2689821,51.9514187],[-0.2689438,51.9514202]]}},
{"type":"Feature","properties":{"id":59679,"nach":0.52334118178736944},"geometry":{"type":"LineString","coordinates":[[-0.2529111,51.9541379],[-0.2533943,51.954605799999989],[-0.2539697,51.9551869],[-0.254003,51.9552691],[-0.254003900000012,51.955393],[-0.25400450000001,51.9554691]]}},
{"type":"Feature","properties":{"id":7419,"nach":0.57227973153485845},"geometry":{"type":"LineString","coordinates":[[-0.252622500000012,51.9557902],[-0.2531418,51.955594],[-0.2535925,51.955482],[-0.2537973,51.9554553],[-0.25400450000001,51.9554691]]}},
{"type":"Feature","properties":{"id":21120,"nach":0.59706292585989251},"geometry":{"type":"LineString","coordinates":[[-0.2543467,51.9555536],[-0.2542438,51.9555112],[-0.25412790000001,51.955486199999989],[-0.25400450000001,51.9554691]]}},
{"type":"Feature","properties":{"id":59680,"nach":0.50387484293756502},"geometry":{"type":"LineString","coordinates":[[-0.2529111,51.9541379],[-0.2528086,51.9540387],[-0.2525665,51.9538316],[-0.2523005,51.9536261],[-0.2520401,51.953387500000012],[-0.251842,51.9531089],[-0.251711,51.9528921]]}},
{"type":"Feature","properties":{"id":59681,"nach":0.44076234939517211},"geometry":{"type":"LineString","coordinates":[[-0.2529111,51.9541379],[-0.2529847,51.9541134],[-0.253474,51.953950899999988]]}},
{"type":"Feature","properties":{"id":7418,"nach":0.46049471982428486},"geometry":{"type":"LineString","coordinates":[[-0.252622500000012,51.9557902],[-0.2523316,51.9559001],[-0.251619100000011,51.9561625],[-0.2509533,51.9563955],[-0.2502694,51.9566142],[-0.2492923,51.9568038],[-0.248983300000011,51.9568548]]}},
{"type":"Feature","properties":{"id":7421,"nach":0.55731954992710742},"geometry":{"type":"LineString","coordinates":[[-0.2521932,51.9552982],[-0.252622500000012,51.9557902]]}},
{"type":"Feature","properties":{"id":21119,"nach":0.56027314887153823},"geometry":{"type":"LineString","coordinates":[[-0.2543467,51.9555536],[-0.2543836,51.9555171],[-0.2544393,51.955462]]}},
{"type":"Feature","properties":{"id":48455,"nach":0.61508740428613473},"geometry":{"type":"LineString","coordinates":[[-0.255052800000012,51.9559266],[-0.2548715,51.955835],[-0.2544748,51.9556053],[-0.2543467,51.9555536]]}},
{"type":"Feature","properties":{"id":14859,"nach":0.4872512538467631},"geometry":{"type":"LineString","coordinates":[[-0.2475748,51.9573296],[-0.2474158,51.9571442]]}},
{"type":"Feature","properties":{"id":48105,"nach":0.41413491154806653},"geometry":{"type":"LineString","coordinates":[[-0.2476734,51.9570999],[-0.2474158,51.9571442]]}},
{"type":"Feature","properties":{"id":7435,"nach":0.44416760178854597},"geometry":{"type":"LineString","coordinates":[[-0.2465836,51.9558339],[-0.24680420000001,51.9562348],[-0.2470105,51.9565737],[-0.2474158,51.9571442]]}},
{"type":"Feature","properties":{"id":55644,"nach":0.45869873412873885},"geometry":{"type":"LineString","coordinates":[[-0.2444809,51.9576998],[-0.24535110000001,51.9575673],[-0.2468544,51.957256],[-0.2471515,51.9571902],[-0.2474158,51.9571442]]}},
{"type":"Feature","properties":{"id":14858,"nach":0.48530914387355756},"geometry":{"type":"LineString","coordinates":[[-0.2475748,51.9573296],[-0.2480847,51.958019]]}},
{"type":"Feature","properties":{"id":64064,"nach":0.33771883157904325},"geometry":{"type":"LineString","coordinates":[[-0.2426528,51.9596322],[-0.2433044,51.9589367],[-0.243699,51.9584397],[-0.2439002,51.9584068],[-0.2440579,51.9582579],[-0.2441773,51.9581388],[-0.244316,51.9580498],[-0.2443707,51.958033],[-0.244439900000011,51.9580256],[-0.2445034,51.9580198],[-0.2446155,51.958026],[-0.244692500000011,51.9580115],[-0.2447824,51.957977900000017],[-0.2450875,51.9578471],[-0.245395300000012,51.9577115],[-0.2456698,51.9576101],[-0.2466217,51.9574259],[-0.247014,51.9573719],[-0.24727950000001,51.9573642],[-0.2473986,51.957381599999984],[-0.2475748,51.9573296]]}},
{"type":"Feature","properties":{"id":48106,"nach":0.4795231225271066},"geometry":{"type":"LineString","coordinates":[[-0.2476734,51.9570999],[-0.2478455,51.957075],[-0.248983300000011,51.9568548]]}},
{"type":"Feature","properties":{"id":48107,"nach":0.46984864525889197},"geometry":{"type":"LineString","coordinates":[[-0.2476734,51.9570999],[-0.2475773,51.9572571],[-0.248146300000011,51.958004]]}},
{"type":"Feature","properties":{"id":48112,"nach":0.4182544727907378},"geometry":{"type":"LineString","coordinates":[[-0.2466669,51.9558167],[-0.2470341,51.9564099],[-0.2474225,51.956979],[-0.2476734,51.9570999]]}},
{"type":"Feature","properties":{"id":2485,"nach":0.46889632066218961},"geometry":{"type":"LineString","coordinates":[[-0.2480847,51.958019],[-0.2487182,51.9589343]]}},
{"type":"Feature","properties":{"id":22406,"nach":0.46838581405369684},"geometry":{"type":"LineString","coordinates":[[-0.2494289,51.9598593],[-0.2487182,51.9589343]]}},
{"type":"Feature","properties":{"id":48097,"nach":0.37153129704390581},"geometry":{"type":"LineString","coordinates":[[-0.24883840000001,51.9589017],[-0.2487182,51.9589343]]}},
{"type":"Feature","properties":{"id":48101,"nach":0.48163731572197571},"geometry":{"type":"LineString","coordinates":[[-0.248146300000011,51.958004],[-0.2480847,51.958019]]}},
{"type":"Feature","properties":{"id":22407,"nach":0.50953112364359066},"geometry":{"type":"LineString","coordinates":[[-0.2494289,51.9598593],[-0.2494518,51.9598815]]}},
{"type":"Feature","properties":{"id":48095,"nach":0.5014349597764437},"geometry":{"type":"LineString","coordinates":[[-0.249514800000011,51.9598309],[-0.2494289,51.9598593]]}},
{"type":"Feature","properties":{"id":77696,"nach":0.44423749484625213},"geometry":{"type":"LineString","coordinates":[[-0.2492838,51.9599982],[-0.2493121,51.9599853],[-0.2493392,51.9599466],[-0.2493202,51.9599083],[-0.24931590000001,51.9598908],[-0.2493449,51.9598827],[-0.2494289,51.9598593]]}},
{"type":"Feature","properties":{"id":48100,"nach":0.44270744523205069},"geometry":{"type":"LineString","coordinates":[[-0.24883840000001,51.9589017],[-0.250146900000011,51.9584924],[-0.2511245,51.9581356],[-0.2513368,51.958035199999983],[-0.25153980000001,51.9578615],[-0.2516735,51.9576414]]}},
{"type":"Feature","properties":{"id":61792,"nach":0.51076088549145326},"geometry":{"type":"LineString","coordinates":[[-0.2493314,51.9595722],[-0.24883840000001,51.9589017]]}},
{"type":"Feature","properties":{"id":48102,"nach":0.47947852353694881},"geometry":{"type":"LineString","coordinates":[[-0.248146300000011,51.958004],[-0.24883840000001,51.9589017]]}},
{"type":"Feature","properties":{"id":48103,"nach":0.41549273331454711},"geometry":{"type":"LineString","coordinates":[[-0.248146300000011,51.958004],[-0.2503933,51.9574555],[-0.2508176,51.9573782],[-0.2511873,51.9574619],[-0.251517,51.9575775],[-0.2516735,51.9576414]]}},
{"type":"Feature","properties":{"id":81328,"nach":0.66184853103962793},"geometry":{"type":"LineString","coordinates":[[-0.2699403,51.9509484],[-0.269877,51.9509855]]}},
{"type":"Feature","properties":{"id":2488,"nach":0.66070762184316267},"geometry":{"type":"LineString","coordinates":[[-0.269877,51.9509855],[-0.2698972,51.9510232],[-0.269893,51.9510431],[-0.2698765,51.9510639],[-0.2698287,51.9510837]]}},
{"type":"Feature","properties":{"id":2494,"nach":0.44369465910783895},"geometry":{"type":"LineString","coordinates":[[-0.269719100000011,51.9509743],[-0.2697632,51.9509602],[-0.269808,51.9509593],[-0.2698447,51.9509677],[-0.2698729,51.9509827],[-0.269877,51.9509855]]}},
{"type":"Feature","properties":{"id":81329,"nach":0.67822906921541659},"geometry":{"type":"LineString","coordinates":[[-0.2699403,51.9509484],[-0.2701199,51.9508431],[-0.2706579,51.950618]]}},
{"type":"Feature","properties":{"id":81330,"nach":0.58053257486157095},"geometry":{"type":"LineString","coordinates":[[-0.2699403,51.9509484],[-0.269865,51.9509007],[-0.2698125,51.9509021],[-0.2697399,51.9509028],[-0.2696639,51.950889],[-0.2695991,51.9508615],[-0.2695413,51.9508921]]}},
{"type":"Feature","properties":{"id":81331,"nach":0.0},"geometry":{"type":"LineString","coordinates":[[-0.2699403,51.9509484],[-0.2700159,51.9509937],[-0.2699824,51.95108050000001],[-0.269869,51.951131900000014]]}},
{"type":"Feature","properties":{"id":81324,"nach":0.63983244509082815},"geometry":{"type":"LineString","coordinates":[[-0.269869,51.951131900000014],[-0.2698287,51.9510837]]}},
{"type":"Feature","properties":{"id":2490,"nach":0.65914251778119193},"geometry":{"type":"LineString","coordinates":[[-0.2698287,51.9510837],[-0.2698051,51.9510905],[-0.2697713,51.9510903],[-0.2697328,51.9510813],[-0.26970520000001,51.9510663]]}},
{"type":"Feature","properties":{"id":81325,"nach":0.65594950700220445},"geometry":{"type":"LineString","coordinates":[[-0.269869,51.951131900000014],[-0.2699778,51.9512622],[-0.2702861,51.9515174],[-0.2707511,51.952143],[-0.2707997,51.9521975]]}},
{"type":"Feature","properties":{"id":81327,"nach":0.56159232822480731},"geometry":{"type":"LineString","coordinates":[[-0.269869,51.951131900000014],[-0.269791300000011,51.9511611],[-0.2697287,51.9511336],[-0.2696683,51.9511329],[-0.2695901,51.9511556],[-0.2695231,51.9511818]]}},
{"type":"Feature","properties":{"id":2492,"nach":0.59197082305471715},"geometry":{"type":"LineString","coordinates":[[-0.26970520000001,51.9510663],[-0.269687,51.9510456],[-0.269681800000011,51.9510193],[-0.2696924,51.9509956],[-0.269719100000011,51.9509743]]}},
{"type":"Feature","properties":{"id":31833,"nach":0.58845606340631096},"geometry":{"type":"LineString","coordinates":[[-0.2695413,51.9508921],[-0.2696234,51.9509488],[-0.269719100000011,51.9509743]]}},
{"type":"Feature","properties":{"id":31831,"nach":0.64121763304164525},"geometry":{"type":"LineString","coordinates":[[-0.2695413,51.9508921],[-0.2694962,51.9508448]]}},
{"type":"Feature","properties":{"id":81318,"nach":0.58512650364777219},"geometry":{"type":"LineString","coordinates":[[-0.2694659,51.95093450000001],[-0.2695413,51.9508921]]}},
{"type":"Feature","properties":{"id":17030,"nach":0.6514680338593235},"geometry":{"type":"LineString","coordinates":[[-0.2726489,51.9549182],[-0.2725433,51.9552821]]}},
{"type":"Feature","properties":{"id":2505,"nach":0.61308074041147487},"geometry":{"type":"LineString","coordinates":[[-0.2726589,51.9553174],[-0.2726036,51.95529530000001],[-0.2725433,51.9552821]]}},
{"type":"Feature","properties":{"id":82009,"nach":0.67396498032529084},"geometry":{"type":"LineString","coordinates":[[-0.2726673,51.954853600000014],[-0.2726489,51.9549182]]}},
{"type":"Feature","properties":{"id":82018,"nach":0.58246362022140197},"geometry":{"type":"LineString","coordinates":[[-0.2728008,51.955210499999986],[-0.2728199,51.9550559],[-0.2726489,51.9549182]]}},
{"type":"Feature","properties":{"id":2504,"nach":0.60557509142858967},"geometry":{"type":"LineString","coordinates":[[-0.2726589,51.9553174],[-0.2727022,51.9553412],[-0.272717,51.9553631],[-0.272729,51.9553846],[-0.2727411,51.955421],[-0.2727478,51.9555146]]}},
{"type":"Feature","properties":{"id":82019,"nach":0.37499412502051183},"geometry":{"type":"LineString","coordinates":[[-0.2728008,51.955210499999986],[-0.272775,51.9552536],[-0.2726589,51.9553174]]}},
{"type":"Feature","properties":{"id":17035,"nach":0.4989004483692801},"geometry":{"type":"LineString","coordinates":[[-0.2728509,51.9555124],[-0.2728082,51.9555133],[-0.2727478,51.9555146]]}},
{"type":"Feature","properties":{"id":82017,"nach":0.5734657249009617},"geometry":{"type":"LineString","coordinates":[[-0.2728008,51.955210499999986],[-0.2728509,51.9555124]]}},
{"type":"Feature","properties":{"id":17040,"nach":0.58297906857452853},"geometry":{"type":"LineString","coordinates":[[-0.2732876,51.9555239],[-0.2728509,51.9555124]]}},
{"type":"Feature","properties":{"id":31659,"nach":0.63631688884895587},"geometry":{"type":"LineString","coordinates":[[-0.2716608,51.953238199999987],[-0.27142710000001,51.9530228],[-0.2713737,51.952951400000011],[-0.2712283,51.9527953]]}},
{"type":"Feature","properties":{"id":34629,"nach":0.47212079057204065},"geometry":{"type":"LineString","coordinates":[[-0.2708803,51.9532121],[-0.2711003,51.9531857],[-0.2711351,51.9532754],[-0.2711499,51.9532981],[-0.271172,51.9533167],[-0.2712062,51.9533303],[-0.2712625,51.9533423],[-0.27130950000001,51.9533468],[-0.2713591,51.9533444],[-0.2714033,51.95333320000001],[-0.2716608,51.953238199999987]]}},
{"type":"Feature","properties":{"id":81410,"nach":0.57096438854870346},"geometry":{"type":"LineString","coordinates":[[-0.27193250000001,51.9533494],[-0.2718687,51.9532848],[-0.27176150000001,51.9532556],[-0.2716877,51.9531867],[-0.271517800000011,51.9530497],[-0.27142390000001,51.9529587],[-0.2713468,51.952854],[-0.2712541,51.9527232],[-0.2710775,51.95249170000001],[-0.2709914,51.9523802],[-0.270937,51.9523958]]}},
{"type":"Feature","properties":{"id":66227,"nach":0.5656011089144678},"geometry":{"type":"LineString","coordinates":[[-0.2690611,51.9489316],[-0.2691237,51.9490841],[-0.26934440000001,51.9493877],[-0.2694249,51.9495324],[-0.2694579,51.9496865],[-0.2694691,51.9498873],[-0.269463400000011,51.9500869],[-0.2694309,51.9504571]]}},
{"type":"Feature","properties":{"id":21780,"nach":0.60879778386463024},"geometry":{"type":"LineString","coordinates":[[-0.2694962,51.9508448],[-0.2694604,51.9507625],[-0.2694309,51.9504571]]}},
{"type":"Feature","properties":{"id":8234,"nach":0.53496929808083893},"geometry":{"type":"LineString","coordinates":[[-0.2679797,51.9497947],[-0.2681424,51.9499336],[-0.2683533,51.9500977],[-0.2684883,51.9501761],[-0.2686249,51.950235],[-0.2689293,51.9503438],[-0.2692002,51.9504163],[-0.2693246,51.9504473],[-0.2694309,51.9504571]]}},
{"type":"Feature","properties":{"id":21791,"nach":0.56481224925441598},"geometry":{"type":"LineString","coordinates":[[-0.2676979,51.9506588],[-0.2686089,51.950747],[-0.269007900000011,51.950795500000012],[-0.2692465,51.950849],[-0.2694477,51.950862199999989],[-0.2694962,51.9508448]]}},
{"type":"Feature","properties":{"id":21792,"nach":0.39682563212186056},"geometry":{"type":"LineString","coordinates":[[-0.2676979,51.9506588],[-0.267738100000011,51.9504366],[-0.2678186,51.9501563],[-0.267901200000012,51.9499566],[-0.2679404,51.9498663],[-0.2679797,51.9497947]]}},
{"type":"Feature","properties":{"id":2564,"nach":0.66788603411253478},"geometry":{"type":"LineString","coordinates":[[-0.2613944,51.9548375],[-0.2613311,51.9548265]]}},
{"type":"Feature","properties":{"id":6507,"nach":0.55547300410425504},"geometry":{"type":"LineString","coordinates":[[-0.2611778,51.9554296],[-0.261287,51.955170699999989],[-0.2613944,51.9548375]]}},
{"type":"Feature","properties":{"id":20983,"nach":0.67409287732706047},"geometry":{"type":"LineString","coordinates":[[-0.2615604,51.9548039],[-0.261505100000012,51.954825700000015],[-0.2614665,51.9548328],[-0.2614575,51.95483440000001],[-0.2613944,51.9548375]]}},
{"type":"Feature","properties":{"id":20984,"nach":0.6564032047602929},"geometry":{"type":"LineString","coordinates":[[-0.2613311,51.9548265],[-0.2612905,51.9548074]]}},
{"type":"Feature","properties":{"id":32296,"nach":0.60682497157022519},"geometry":{"type":"LineString","coordinates":[[-0.26102170000001,51.9553991],[-0.261174,51.9551919],[-0.2612475,51.9550873],[-0.2612813,51.9549757],[-0.2613311,51.9548265]]}},
{"type":"Feature","properties":{"id":32293,"nach":0.40617214415427899},"geometry":{"type":"LineString","coordinates":[[-0.26102170000001,51.9553991],[-0.2611778,51.9554296]]}},
{"type":"Feature","properties":{"id":6513,"nach":0.54128182406375391},"geometry":{"type":"LineString","coordinates":[[-0.2606033,51.9561483],[-0.2606348,51.9560332],[-0.2607059,51.9559359],[-0.2608391,51.9557842],[-0.2610523,51.955614600000011],[-0.2611778,51.9554296]]}},
{"type":"Feature","properties":{"id":19607,"nach":0.61084063607400363},"geometry":{"type":"LineString","coordinates":[[-0.2696592,51.9538541],[-0.26941,51.9538695]]}},
{"type":"Feature","properties":{"id":16557,"nach":0.54828189929729165},"geometry":{"type":"LineString","coordinates":[[-0.2692255,51.953883],[-0.26941,51.9538695]]}},
{"type":"Feature","properties":{"id":77730,"nach":0.5903524590922179},"geometry":{"type":"LineString","coordinates":[[-0.2693983,51.953812],[-0.26941,51.9538695]]}},
{"type":"Feature","properties":{"id":19606,"nach":0.55433150348678051},"geometry":{"type":"LineString","coordinates":[[-0.2696592,51.9538541],[-0.2703417,51.9538045]]}},
{"type":"Feature","properties":{"id":77771,"nach":0.5733509660541275},"geometry":{"type":"LineString","coordinates":[[-0.2696687,51.9539153],[-0.2696592,51.9538541]]}},
{"type":"Feature","properties":{"id":16559,"nach":0.5382449624101312},"geometry":{"type":"LineString","coordinates":[[-0.2692255,51.953883],[-0.269243,51.9539669],[-0.2692086,51.9540595],[-0.2689766,51.9540753],[-0.2689412,51.9540005],[-0.268923,51.9539042]]}},
{"type":"Feature","properties":{"id":32295,"nach":0.46172042903143173},"geometry":{"type":"LineString","coordinates":[[-0.26102170000001,51.9553991],[-0.260903900000011,51.955376],[-0.2607533,51.955345199999989],[-0.2605961,51.9553514],[-0.2602735,51.955394300000016],[-0.2601381,51.9554152],[-0.26002,51.955442]]}},
{"type":"Feature","properties":{"id":32294,"nach":0.59970805669854688},"geometry":{"type":"LineString","coordinates":[[-0.26102170000001,51.9553991],[-0.2604708,51.9561174]]}},
{"type":"Feature","properties":{"id":6514,"nach":0.57087931259836056},"geometry":{"type":"LineString","coordinates":[[-0.2606326,51.9562524],[-0.2606033,51.9561483]]}},
{"type":"Feature","properties":{"id":21042,"nach":0.53248113264242469},"geometry":{"type":"LineString","coordinates":[[-0.2604708,51.9561174],[-0.2606033,51.9561483]]}},
{"type":"Feature","properties":{"id":21039,"nach":0.50692736759947965},"geometry":{"type":"LineString","coordinates":[[-0.259380300000012,51.9549687],[-0.2594599,51.9550668],[-0.2594956,51.955124499999989],[-0.2595491,51.9552152],[-0.2595758,51.955272799999989],[-0.2596293,51.9553305],[-0.2597304,51.9553594],[-0.2598628,51.95539380000001],[-0.26002,51.955442]]}},
{"type":"Feature","properties":{"id":21044,"nach":0.48828603974533041},"geometry":{"type":"LineString","coordinates":[[-0.2604708,51.9561174],[-0.2603424,51.9560831],[-0.260231,51.956039199999985],[-0.25992860000001,51.95582610000001],[-0.2599413,51.9557618],[-0.2599502,51.9556189],[-0.26002,51.955442]]}},
{"type":"Feature","properties":{"id":21088,"nach":0.6484779978043328},"geometry":{"type":"LineString","coordinates":[[-0.25899750000001,51.9550118],[-0.259380300000012,51.9549687]]}},
{"type":"Feature","properties":{"id":21087,"nach":0.64045122183258496},"geometry":{"type":"LineString","coordinates":[[-0.260974100000013,51.9547736],[-0.2603168,51.9548466],[-0.2595179,51.9549468],[-0.259380300000012,51.9549687]]}},
{"type":"Feature","properties":{"id":64148,"nach":0.61589267190850794},"geometry":{"type":"LineString","coordinates":[[-0.2600976,51.9568099],[-0.2602006,51.9566577],[-0.2604474,51.9561504],[-0.2604708,51.9561174]]}},
{"type":"Feature","properties":{"id":6517,"nach":0.45467764472038391},"geometry":{"type":"LineString","coordinates":[[-0.2616262,51.9565857],[-0.2611063,51.9565164],[-0.2608724,51.9564366],[-0.260732700000012,51.9563594],[-0.2606326,51.9562524]]}},
{"type":"Feature","properties":{"id":21049,"nach":0.53566714696457196},"geometry":{"type":"LineString","coordinates":[[-0.2603504,51.9564728],[-0.260365100000011,51.9564465],[-0.260387500000012,51.9564083],[-0.2604431,51.9563121],[-0.2605309,51.9562764],[-0.2606326,51.9562524]]}},
{"type":"Feature","properties":{"id":21047,"nach":0.45996124582917791},"geometry":{"type":"LineString","coordinates":[[-0.2603504,51.9564728],[-0.2603206,51.956552200000012]]}},
{"type":"Feature","properties":{"id":21048,"nach":0.45996124582917791},"geometry":{"type":"LineString","coordinates":[[-0.2603504,51.9564728],[-0.260459,51.9564896]]}},
{"type":"Feature","properties":{"id":7444,"nach":0.59371513549262023},"geometry":{"type":"LineString","coordinates":[[-0.2540626,51.9580617],[-0.2541645,51.95801130000001]]}},
{"type":"Feature","properties":{"id":60549,"nach":0.62917047104973078},"geometry":{"type":"LineString","coordinates":[[-0.254827300000012,51.957730599999984],[-0.25475540000001,51.957761],[-0.2541645,51.95801130000001]]}},
{"type":"Feature","properties":{"id":55347,"nach":0.55953331384078575},"geometry":{"type":"LineString","coordinates":[[-0.2534747,51.9584421],[-0.2541515,51.9581655],[-0.2542562,51.9581031],[-0.2541645,51.95801130000001]]}},
{"type":"Feature","properties":{"id":7445,"nach":0.56889725310349759},"geometry":{"type":"LineString","coordinates":[[-0.2540626,51.9580617],[-0.2522851,51.9588123]]}},
{"type":"Feature","properties":{"id":81315,"nach":0.49609248230298991},"geometry":{"type":"LineString","coordinates":[[-0.2508387,51.9592306],[-0.2520862,51.9587069],[-0.2538937,51.957962100000017],[-0.2540626,51.9580617]]}},
{"type":"Feature","properties":{"id":60547,"nach":0.62715395955747322},"geometry":{"type":"LineString","coordinates":[[-0.254827300000012,51.957730599999984],[-0.255068300000011,51.9576288]]}},
{"type":"Feature","properties":{"id":60551,"nach":0.4988711581080072},"geometry":{"type":"LineString","coordinates":[[-0.254736,51.957618],[-0.254827300000012,51.957730599999984]]}},
{"type":"Feature","properties":{"id":55346,"nach":0.54501335621433655},"geometry":{"type":"LineString","coordinates":[[-0.2534747,51.9584421],[-0.2524325,51.9588723],[-0.2523862,51.9588914]]}},
{"type":"Feature","properties":{"id":55352,"nach":0.48813320733137755},"geometry":{"type":"LineString","coordinates":[[-0.254047400000011,51.9589498],[-0.25352880000001,51.9584978],[-0.2534747,51.9584421]]}},
{"type":"Feature","properties":{"id":7449,"nach":0.57808702532441214},"geometry":{"type":"LineString","coordinates":[[-0.2504529,51.9595726],[-0.2510964,51.9593015],[-0.2522851,51.9588123]]}},
{"type":"Feature","properties":{"id":6526,"nach":0.47140934942801699},"geometry":{"type":"LineString","coordinates":[[-0.2523862,51.9588914],[-0.2523161,51.9588365],[-0.2522851,51.9588123]]}},
{"type":"Feature","properties":{"id":77682,"nach":0.53839519272305414},"geometry":{"type":"LineString","coordinates":[[-0.2503953,51.9595202],[-0.2504529,51.9595726]]}},
{"type":"Feature","properties":{"id":72510,"nach":0.50672826592772791},"geometry":{"type":"LineString","coordinates":[[-0.2540549,51.960183499999985],[-0.2523862,51.9588914]]}},
{"type":"Feature","properties":{"id":8192,"nach":0.5251653533201881},"geometry":{"type":"LineString","coordinates":[[-0.25128780000001,51.9593732],[-0.2523371,51.9589129],[-0.2523862,51.9588914]]}},
{"type":"Feature","properties":{"id":72511,"nach":0.51070776479990732},"geometry":{"type":"LineString","coordinates":[[-0.2540549,51.960183499999985],[-0.2546309,51.960656899999989]]}},
{"type":"Feature","properties":{"id":72515,"nach":0.37842604720179451},"geometry":{"type":"LineString","coordinates":[[-0.252649,51.9607153],[-0.2528907,51.9607453],[-0.2529504,51.960747],[-0.2530047,51.96073410000001],[-0.2536552,51.960385],[-0.2540549,51.960183499999985]]}},
{"type":"Feature","properties":{"id":8191,"nach":0.46789007645639702},"geometry":{"type":"LineString","coordinates":[[-0.25128780000001,51.9593732],[-0.2516188,51.9596631],[-0.252333700000011,51.96014490000001]]}},
{"type":"Feature","properties":{"id":77692,"nach":0.50740739449643757},"geometry":{"type":"LineString","coordinates":[[-0.2503936,51.9597417],[-0.2506099,51.959646],[-0.25128780000001,51.9593732]]}},
{"type":"Feature","properties":{"id":61370,"nach":0.48802023052784982},"geometry":{"type":"LineString","coordinates":[[-0.2538388,51.956666199999987],[-0.2527623,51.9570942],[-0.252310600000011,51.9572807],[-0.2519709,51.9574248],[-0.2518153,51.9575204],[-0.2516735,51.9576414]]}},
{"type":"Feature","properties":{"id":61371,"nach":0.5314360546547483},"geometry":{"type":"LineString","coordinates":[[-0.2538388,51.956666199999987],[-0.2545141,51.9563826],[-0.2546288,51.9563142],[-0.254693700000012,51.9562622]]}},
{"type":"Feature","properties":{"id":61372,"nach":0.48796492760177329},"geometry":{"type":"LineString","coordinates":[[-0.2538388,51.956666199999987],[-0.2538975,51.9567181],[-0.2542778,51.9571628],[-0.2546579,51.9575511],[-0.254736,51.957618]]}},
{"type":"Feature","properties":{"id":7391,"nach":0.40634868261453116},"geometry":{"type":"LineString","coordinates":[[-0.2486353,51.9560772],[-0.248983300000011,51.9568548]]}},
{"type":"Feature","properties":{"id":7396,"nach":0.40219752778265966},"geometry":{"type":"LineString","coordinates":[[-0.2477488,51.955272399999984],[-0.2482177,51.9554611],[-0.2483484,51.9555581],[-0.2484669,51.9557267],[-0.2486353,51.9560772]]}},
{"type":"Feature","properties":{"id":7432,"nach":0.43570235165434312},"geometry":{"type":"LineString","coordinates":[[-0.2498677,51.9553892],[-0.2497657,51.9555402],[-0.2496317,51.9556628],[-0.2492921,51.9558872],[-0.2489595,51.956012],[-0.2486353,51.9560772]]}},
{"type":"Feature","properties":{"id":7398,"nach":0.46799782631647674},"geometry":{"type":"LineString","coordinates":[[-0.2482104,51.95471],[-0.2477488,51.955272399999984]]}},
{"type":"Feature","properties":{"id":7433,"nach":0.49179452620826453},"geometry":{"type":"LineString","coordinates":[[-0.2498677,51.9553892],[-0.2505129,51.9555022],[-0.2513772,51.9556348],[-0.2514764,51.9555806],[-0.2521932,51.9552982]]}},
{"type":"Feature","properties":{"id":59412,"nach":0.46899066705895354},"geometry":{"type":"LineString","coordinates":[[-0.249822100000011,51.9547376],[-0.2498614,51.9547876],[-0.2499269,51.9549758],[-0.2499303,51.9551839],[-0.2498677,51.9553892]]}},
{"type":"Feature","properties":{"id":7400,"nach":0.4729345094165826},"geometry":{"type":"LineString","coordinates":[[-0.248748,51.9541251],[-0.2482104,51.95471]]}},
{"type":"Feature","properties":{"id":7399,"nach":0.30947763407547391},"geometry":{"type":"LineString","coordinates":[[-0.2482104,51.95471],[-0.2473458,51.9544354],[-0.2472833,51.9543875],[-0.2467525,51.9534954],[-0.246753,51.953445500000015],[-0.2471277,51.9528834]]}},
{"type":"Feature","properties":{"id":47686,"nach":0.36830860679718924},"geometry":{"type":"LineString","coordinates":[[-0.2473938,51.9556108],[-0.2477253,51.9558712],[-0.2477307,51.9559373],[-0.2476985,51.9560398],[-0.2479077,51.9564762]]}},
{"type":"Feature","properties":{"id":21211,"nach":0.50928041271315894},"geometry":{"type":"LineString","coordinates":[[-0.2488844,51.95353320000001],[-0.2489227,51.9536908],[-0.2489238,51.9538168],[-0.2489043,51.9538998],[-0.2488682,51.9539762],[-0.248748,51.9541251]]}},
{"type":"Feature","properties":{"id":59411,"nach":0.45958029550426371},"geometry":{"type":"LineString","coordinates":[[-0.249822100000011,51.9547376],[-0.2497115,51.9545968],[-0.2495551,51.9544526],[-0.2493439,51.9543155],[-0.2490498,51.9542072],[-0.248748,51.9541251]]}},
{"type":"Feature","properties":{"id":47680,"nach":0.51457386445828535},"geometry":{"type":"LineString","coordinates":[[-0.2496567,51.9533623],[-0.2488844,51.95353320000001]]}},
{"type":"Feature","properties":{"id":47676,"nach":0.48281630915994045},"geometry":{"type":"LineString","coordinates":[[-0.2473841,51.9529501],[-0.2484517,51.9532278],[-0.2486515,51.9533388],[-0.248813,51.9534479],[-0.2488844,51.95353320000001]]}},
{"type":"Feature","properties":{"id":59414,"nach":0.37926590349535072},"geometry":{"type":"LineString","coordinates":[[-0.2487454,51.955261900000011],[-0.249078,51.9548833],[-0.249593,51.9547784],[-0.249822100000011,51.9547376]]}},
{"type":"Feature","properties":{"id":7428,"nach":0.53280261010041408},"geometry":{"type":"LineString","coordinates":[[-0.2519397,51.9550247],[-0.2521932,51.9552982]]}},
{"type":"Feature","properties":{"id":7427,"nach":0.50423278177351827},"geometry":{"type":"LineString","coordinates":[[-0.2519397,51.9550247],[-0.251602500000011,51.9546858]]}},
{"type":"Feature","properties":{"id":7430,"nach":0.4083295284814219},"geometry":{"type":"LineString","coordinates":[[-0.2524655,51.9548153],[-0.2519397,51.9550247]]}},
{"type":"Feature","properties":{"id":63858,"nach":0.46606684599623061},"geometry":{"type":"LineString","coordinates":[[-0.250982,51.9549323],[-0.251602500000011,51.9546858]]}},
{"type":"Feature","properties":{"id":63831,"nach":0.38987245350255934},"geometry":{"type":"LineString","coordinates":[[-0.2517795,51.954208],[-0.2519912,51.9544246],[-0.2520079,51.954443],[-0.252015300000011,51.954458099999982],[-0.2520159,51.9544688],[-0.2520128,51.9544819],[-0.2520014,51.9544971],[-0.2519784,51.954515],[-0.251868300000011,51.9545677],[-0.251602500000011,51.9546858]]}},
{"type":"Feature","properties":{"id":63859,"nach":0.38741911087411324},"geometry":{"type":"LineString","coordinates":[[-0.250982,51.9549323],[-0.2508844,51.9549711],[-0.2506967,51.9547802]]}},
{"type":"Feature","properties":{"id":63861,"nach":0.38791893490064555},"geometry":{"type":"LineString","coordinates":[[-0.2511448,51.955192],[-0.2510961,51.9550748],[-0.250982,51.9549323]]}},
{"type":"Feature","properties":{"id":7450,"nach":0.41634458630809928},"geometry":{"type":"LineString","coordinates":[[-0.2501181,51.9595257],[-0.2503194,51.9594486]]}},
{"type":"Feature","properties":{"id":77681,"nach":0.36415994505881882},"geometry":{"type":"LineString","coordinates":[[-0.2503953,51.9595202],[-0.2503194,51.9594486]]}},
{"type":"Feature","properties":{"id":81313,"nach":0.46147614077590393},"geometry":{"type":"LineString","coordinates":[[-0.2508387,51.9592306],[-0.2503194,51.9594486]]}},
{"type":"Feature","properties":{"id":9018,"nach":0.44140918241624078},"geometry":{"type":"LineString","coordinates":[[-0.2501933,51.9595861],[-0.2502041,51.9595626],[-0.2502632,51.9595368],[-0.2503074,51.9594983],[-0.2503194,51.9594486]]}},
{"type":"Feature","properties":{"id":77684,"nach":0.52805154836963253},"geometry":{"type":"LineString","coordinates":[[-0.2503953,51.9595202],[-0.2503339,51.9595446],[-0.250291300000011,51.9595497],[-0.2501933,51.9595861]]}},
{"type":"Feature","properties":{"id":81311,"nach":0.41095121527469602},"geometry":{"type":"LineString","coordinates":[[-0.2509214,51.959307],[-0.2508128,51.9593502],[-0.2507134,51.959386],[-0.2504552,51.959496200000011],[-0.2503953,51.9595202]]}},
{"type":"Feature","properties":{"id":81316,"nach":0.42315254258895685},"geometry":{"type":"LineString","coordinates":[[-0.2508387,51.9592306],[-0.2508698,51.95925660000001],[-0.2509214,51.959307]]}},
{"type":"Feature","properties":{"id":81317,"nach":0.41730046736639564},"geometry":{"type":"LineString","coordinates":[[-0.2508218,51.9592118],[-0.2508387,51.9592306]]}},
{"type":"Feature","properties":{"id":77686,"nach":0.54297777939513703},"geometry":{"type":"LineString","coordinates":[[-0.250085900000011,51.959627],[-0.2501933,51.9595861]]}},
{"type":"Feature","properties":{"id":7462,"nach":0.49844908275539418},"geometry":{"type":"LineString","coordinates":[[-0.255039,51.95747140000001],[-0.2550519,51.9575406],[-0.255068300000011,51.9576288]]}},
{"type":"Feature","properties":{"id":7460,"nach":0.50858532830267966},"geometry":{"type":"LineString","coordinates":[[-0.255039,51.95747140000001],[-0.255681,51.9571931]]}},
{"type":"Feature","properties":{"id":60550,"nach":0.3795591645538568},"geometry":{"type":"LineString","coordinates":[[-0.254736,51.957618],[-0.255039,51.95747140000001]]}},
{"type":"Feature","properties":{"id":55288,"nach":0.50941455149756265},"geometry":{"type":"LineString","coordinates":[[-0.2556811,51.9566075],[-0.255340800000011,51.9569772],[-0.255681,51.9571931]]}},
{"type":"Feature","properties":{"id":31661,"nach":0.49218717165491743},"geometry":{"type":"LineString","coordinates":[[-0.2565427,51.9566393],[-0.2564655,51.9566368],[-0.2563791,51.9566344]]}},
{"type":"Feature","properties":{"id":46746,"nach":0.47621984363872721},"geometry":{"type":"LineString","coordinates":[[-0.2563791,51.9566344],[-0.2563742,51.9565727],[-0.25640140000001,51.95653990000001],[-0.2564244,51.9565123]]}},
{"type":"Feature","properties":{"id":55286,"nach":0.53509018504997408},"geometry":{"type":"LineString","coordinates":[[-0.2556811,51.9566075],[-0.2554505,51.9565282]]}},
{"type":"Feature","properties":{"id":55289,"nach":0.44352500255044203},"geometry":{"type":"LineString","coordinates":[[-0.255932400000012,51.9566925],[-0.2556811,51.9566075]]}},
{"type":"Feature","properties":{"id":8182,"nach":0.51187398777725424},"geometry":{"type":"LineString","coordinates":[[-0.2552815,51.961168],[-0.2546309,51.960656899999989]]}},
{"type":"Feature","properties":{"id":8176,"nach":0.29785707673127731},"geometry":{"type":"LineString","coordinates":[[-0.2520078,51.96106],[-0.2524286,51.9614002],[-0.252555400000012,51.9614645],[-0.2526897,51.96149],[-0.2529798,51.9614702],[-0.2546309,51.960656899999989]]}},
{"type":"Feature","properties":{"id":8185,"nach":0.52802422013842276},"geometry":{"type":"LineString","coordinates":[[-0.2564374,51.9605656],[-0.2552815,51.961168]]}},
{"type":"Feature","properties":{"id":8241,"nach":0.41096204246496937},"geometry":{"type":"LineString","coordinates":[[-0.2522927,51.9621852],[-0.252684,51.9621934],[-0.253038500000011,51.9621595],[-0.25351170000001,51.9620493],[-0.2537973,51.9619297],[-0.2543216,51.96167650000001],[-0.2552815,51.961168]]}},
{"type":"Feature","properties":{"id":72514,"nach":0.40470754396217673},"geometry":{"type":"LineString","coordinates":[[-0.252649,51.9607153],[-0.252647,51.9607262],[-0.2524856,51.960851],[-0.2520078,51.96106]]}},
{"type":"Feature","properties":{"id":8196,"nach":0.35496367308338372},"geometry":{"type":"LineString","coordinates":[[-0.2509521,51.9618283],[-0.2509776,51.9616647],[-0.251036,51.961498400000011],[-0.2512236,51.9613543],[-0.2520078,51.96106]]}},
{"type":"Feature","properties":{"id":72513,"nach":0.45389790682945558},"geometry":{"type":"LineString","coordinates":[[-0.252649,51.9607153],[-0.2526787,51.960556],[-0.2525549,51.9603627],[-0.252333700000011,51.96014490000001]]}},
{"type":"Feature","properties":{"id":8197,"nach":0.43076715590089881},"geometry":{"type":"LineString","coordinates":[[-0.2499941,51.9619001],[-0.2509521,51.9618283]]}},
{"type":"Feature","properties":{"id":31685,"nach":0.43548803777150225},"geometry":{"type":"LineString","coordinates":[[-0.2515108,51.9620275],[-0.2509521,51.9618283]]}},
{"type":"Feature","properties":{"id":31030,"nach":0.30180713514626684},"geometry":{"type":"LineString","coordinates":[[-0.2499764,51.9608145],[-0.2504662,51.960769],[-0.2508111,51.9607169],[-0.25115130000001,51.9606467],[-0.2514818,51.96053],[-0.252333700000011,51.96014490000001]]}},
{"type":"Feature","properties":{"id":31029,"nach":0.3769636485171739},"geometry":{"type":"LineString","coordinates":[[-0.2499764,51.9608145],[-0.2497862,51.9608469]]}},
{"type":"Feature","properties":{"id":31033,"nach":0.38504242129894051},"geometry":{"type":"LineString","coordinates":[[-0.2498423,51.960070599999987],[-0.24983,51.960144599999985],[-0.24983410000001,51.9602246],[-0.249918500000011,51.960535299999989],[-0.2499764,51.9608145]]}},
{"type":"Feature","properties":{"id":82267,"nach":0.54880284707852722},"geometry":{"type":"LineString","coordinates":[[-0.2573865,51.9604245],[-0.2573029,51.9604095],[-0.2567725,51.9604686],[-0.2564374,51.9605656]]}},
{"type":"Feature","properties":{"id":8188,"nach":0.48144863729536025},"geometry":{"type":"LineString","coordinates":[[-0.255243,51.960058],[-0.2556142,51.9600886],[-0.25595180000001,51.9601378],[-0.2564374,51.9605656]]}},
{"type":"Feature","properties":{"id":31686,"nach":0.41926184343441686},"geometry":{"type":"LineString","coordinates":[[-0.2515108,51.9620275],[-0.2519024,51.96213310000001],[-0.2522927,51.9621852]]}},
{"type":"Feature","properties":{"id":8243,"nach":0.34914221755542407},"geometry":{"type":"LineString","coordinates":[[-0.2523803,51.9629539],[-0.2523639,51.962883],[-0.2522801,51.9625194],[-0.2522927,51.9621852]]}},
{"type":"Feature","properties":{"id":82266,"nach":0.49899253694317525},"geometry":{"type":"LineString","coordinates":[[-0.2573865,51.9604245],[-0.2574786,51.960441]]}},
{"type":"Feature","properties":{"id":82273,"nach":0.51539864655693157},"geometry":{"type":"LineString","coordinates":[[-0.2577423,51.9608855],[-0.257722900000011,51.9608702],[-0.2576679,51.9608339],[-0.2575987,51.9607803],[-0.25739860000001,51.9606181],[-0.2573736,51.9605885],[-0.2573646,51.9605751],[-0.2573627,51.9605688],[-0.2573627,51.9605633],[-0.2573723,51.9604639],[-0.2573745,51.960450500000015],[-0.257377,51.9604427],[-0.2573821,51.9604328],[-0.2573865,51.9604245]]}},
{"type":"Feature","properties":{"id":82276,"nach":0.54485067900290307},"geometry":{"type":"LineString","coordinates":[[-0.2580294,51.9600169],[-0.2579555,51.9600523],[-0.2579465,51.9600562],[-0.2579088,51.960068500000013],[-0.25789590000001,51.960074399999989],[-0.2577432,51.960157400000014],[-0.2575979,51.9602406],[-0.2575102,51.9602943],[-0.2574993,51.9603014],[-0.2574474,51.9603381],[-0.2574398,51.9603456],[-0.257411600000011,51.9603819],[-0.2573924,51.9604131],[-0.2573865,51.9604245]]}},
{"type":"Feature","properties":{"id":61043,"nach":0.40388257177304215},"geometry":{"type":"LineString","coordinates":[[-0.2548485,51.960087199999982],[-0.2549263,51.9600544],[-0.2549929,51.9600453],[-0.255243,51.960058]]}},
{"type":"Feature","properties":{"id":66534,"nach":0.40193033898938385},"geometry":{"type":"LineString","coordinates":[[-0.2554635,51.9603239],[-0.2552987,51.9601629],[-0.255243,51.960058]]}},
{"type":"Feature","properties":{"id":77691,"nach":0.482189191795107},"geometry":{"type":"LineString","coordinates":[[-0.2503936,51.9597417],[-0.2501031,51.9598702],[-0.250027,51.9599073],[-0.2499388,51.9599568],[-0.2498423,51.960070599999987]]}},
{"type":"Feature","properties":{"id":77693,"nach":0.4095643411857034},"geometry":{"type":"LineString","coordinates":[[-0.2503936,51.9597417],[-0.2503557,51.9597107],[-0.2503235,51.9596845],[-0.2501947,51.9597423]]}},
{"type":"Feature","properties":{"id":8201,"nach":0.45168793761235077},"geometry":{"type":"LineString","coordinates":[[-0.2497862,51.9608469],[-0.2499941,51.9619001]]}},
{"type":"Feature","properties":{"id":82107,"nach":0.34015510985601094},"geometry":{"type":"LineString","coordinates":[[-0.2502514,51.9633677],[-0.2500331,51.962181],[-0.2499941,51.9619001]]}},
{"type":"Feature","properties":{"id":31689,"nach":0.33721441802641983},"geometry":{"type":"LineString","coordinates":[[-0.251442,51.9634553],[-0.2513851,51.9632083],[-0.2512355,51.962558799999989],[-0.2512456,51.9624047],[-0.251326,51.9622372],[-0.2515108,51.9620275]]}},
{"type":"Feature","properties":{"id":21806,"nach":0.49579340737944849},"geometry":{"type":"LineString","coordinates":[[-0.2668384,51.9505747],[-0.266880800000011,51.9503942],[-0.2669556,51.9501032],[-0.2669938,51.9499844],[-0.2670404,51.9498617],[-0.2671514,51.9496779],[-0.2675781,51.949328]]}},
{"type":"Feature","properties":{"id":21804,"nach":0.56019076350623909},"geometry":{"type":"LineString","coordinates":[[-0.2668384,51.9505747],[-0.2676979,51.9506588]]}},
{"type":"Feature","properties":{"id":29033,"nach":0.59723483074438033},"geometry":{"type":"LineString","coordinates":[[-0.2650521,51.9534925],[-0.2651721,51.9533434]]}},
{"type":"Feature","properties":{"id":9010,"nach":0.59178214981637067},"geometry":{"type":"LineString","coordinates":[[-0.264839900000011,51.9533079],[-0.2650299,51.9533135],[-0.2651721,51.9533434]]}},
{"type":"Feature","properties":{"id":81341,"nach":0.63707127764831362},"geometry":{"type":"LineString","coordinates":[[-0.26543320000001,51.9530872],[-0.26524540000001,51.9532602],[-0.2651721,51.9533434]]}},
{"type":"Feature","properties":{"id":29032,"nach":0.71259591375315179},"geometry":{"type":"LineString","coordinates":[[-0.2650521,51.9534925],[-0.26503620000001,51.9535157]]}},
{"type":"Feature","properties":{"id":67137,"nach":0.52145059355106371},"geometry":{"type":"LineString","coordinates":[[-0.2651473,51.9535138],[-0.2650521,51.9534925]]}},
{"type":"Feature","properties":{"id":31656,"nach":0.69288053575931274},"geometry":{"type":"LineString","coordinates":[[-0.2648384,51.9533662],[-0.2649112,51.95338],[-0.26496480000001,51.9533948],[-0.2649906,51.9534171],[-0.2649676,51.9534726],[-0.2650521,51.9534925]]}},
{"type":"Feature","properties":{"id":77764,"nach":0.67258577366825811},"geometry":{"type":"LineString","coordinates":[[-0.264740600000011,51.9533128],[-0.264839900000011,51.9533079]]}},
{"type":"Feature","properties":{"id":31655,"nach":0.66515622065328317},"geometry":{"type":"LineString","coordinates":[[-0.2648384,51.9533662],[-0.264839900000011,51.9533079]]}},
{"type":"Feature","properties":{"id":16577,"nach":0.6142882559769558},"geometry":{"type":"LineString","coordinates":[[-0.26467390000001,51.9530569],[-0.264644500000012,51.9531087],[-0.26461680000001,51.9531403],[-0.2647453,51.9532018],[-0.2648378,51.9532349],[-0.264839900000011,51.9533079]]}},
{"type":"Feature","properties":{"id":81343,"nach":0.39748117058611565},"geometry":{"type":"LineString","coordinates":[[-0.2655033,51.9531232],[-0.26543320000001,51.9530872]]}},
{"type":"Feature","properties":{"id":83063,"nach":0.63052152808015338},"geometry":{"type":"LineString","coordinates":[[-0.2656175,51.9529573],[-0.2654813,51.9530429],[-0.26543320000001,51.9530872]]}},
{"type":"Feature","properties":{"id":77763,"nach":0.65693299116306392},"geometry":{"type":"LineString","coordinates":[[-0.264740600000011,51.9533128],[-0.2646038,51.9533195]]}},
{"type":"Feature","properties":{"id":77768,"nach":0.52716103647142576},"geometry":{"type":"LineString","coordinates":[[-0.2646668,51.9533689],[-0.2646772,51.953352899999985],[-0.264740600000011,51.9533128]]}},
{"type":"Feature","properties":{"id":83066,"nach":0.46191675806011545},"geometry":{"type":"LineString","coordinates":[[-0.2643062,51.9530745],[-0.26459190000001,51.953176599999985],[-0.264667,51.9532129],[-0.2646992,51.953239],[-0.264740600000011,51.9533128]]}},
{"type":"Feature","properties":{"id":77769,"nach":0.61460978025399915},"geometry":{"type":"LineString","coordinates":[[-0.2646668,51.9533689],[-0.2646936,51.9533685],[-0.2648384,51.9533662]]}},
{"type":"Feature","properties":{"id":16588,"nach":0.39190427071763356},"geometry":{"type":"LineString","coordinates":[[-0.2665034,51.9506119],[-0.2664797,51.9506379],[-0.2655684,51.9518908],[-0.26467390000001,51.9530569]]}},
{"type":"Feature","properties":{"id":16580,"nach":0.60506815262035873},"geometry":{"type":"LineString","coordinates":[[-0.2642822,51.9524322],[-0.2644284,51.952688],[-0.2646038,51.9529394],[-0.26467390000001,51.9530569]]}},
{"type":"Feature","properties":{"id":9013,"nach":0.48971097952475356},"geometry":{"type":"LineString","coordinates":[[-0.2646038,51.9533195],[-0.264460100000011,51.9533604],[-0.2643343,51.9533865]]}},
{"type":"Feature","properties":{"id":16613,"nach":0.64588451437977734},"geometry":{"type":"LineString","coordinates":[[-0.2638122,51.953054],[-0.2642409,51.9532266],[-0.2644479,51.95331],[-0.2646038,51.9533195]]}},
{"type":"Feature","properties":{"id":16614,"nach":0.4238284937758211},"geometry":{"type":"LineString","coordinates":[[-0.2643343,51.9533865],[-0.264230500000011,51.9533954]]}},
{"type":"Feature","properties":{"id":16615,"nach":0.26257458667763939},"geometry":{"type":"LineString","coordinates":[[-0.2643343,51.9533865],[-0.263823500000013,51.9531818],[-0.263760500000011,51.9531086],[-0.2638122,51.953054]]}},
{"type":"Feature","properties":{"id":16612,"nach":0.64193255980797292},"geometry":{"type":"LineString","coordinates":[[-0.2638122,51.953054],[-0.263701100000011,51.953017599999988]]}},
{"type":"Feature","properties":{"id":77798,"nach":0.41447123813522685},"geometry":{"type":"LineString","coordinates":[[-0.263665,51.953132500000017],[-0.263685600000011,51.9531032],[-0.2638122,51.953054]]}},
{"type":"Feature","properties":{"id":53099,"nach":0.63851391358439791},"geometry":{"type":"LineString","coordinates":[[-0.2635333,51.9529089],[-0.263701100000011,51.953017599999988]]}},
{"type":"Feature","properties":{"id":77801,"nach":0.44244613574212127},"geometry":{"type":"LineString","coordinates":[[-0.2635343,51.9530906],[-0.2635552,51.953074],[-0.263701100000011,51.953017599999988]]}},
{"type":"Feature","properties":{"id":53100,"nach":0.4486152750851779},"geometry":{"type":"LineString","coordinates":[[-0.2635333,51.9529089],[-0.2632517,51.9530185]]}},
{"type":"Feature","properties":{"id":53105,"nach":0.62969407004426881},"geometry":{"type":"LineString","coordinates":[[-0.263365,51.9528071],[-0.2634868,51.9528812],[-0.2635333,51.9529089]]}},
{"type":"Feature","properties":{"id":77685,"nach":0.54143140275145696},"geometry":{"type":"LineString","coordinates":[[-0.250085900000011,51.959627],[-0.2499421,51.9596795]]}},
{"type":"Feature","properties":{"id":18004,"nach":0.52514295020734936},"geometry":{"type":"LineString","coordinates":[[-0.2741833,51.9576294],[-0.274554900000011,51.9580103],[-0.2749968,51.958421],[-0.275251,51.958638]]}},
{"type":"Feature","properties":{"id":21805,"nach":0.57870681139927793},"geometry":{"type":"LineString","coordinates":[[-0.2668384,51.9505747],[-0.2664748,51.950546499999987],[-0.266141400000013,51.9505157]]}},
{"type":"Feature","properties":{"id":21208,"nach":0.51075524305040942},"geometry":{"type":"LineString","coordinates":[[-0.2628878,51.9500836],[-0.2631534,51.9497976],[-0.2637208,51.9492108],[-0.2637905,51.9491194]]}},
{"type":"Feature","properties":{"id":21122,"nach":0.62005152265496299},"geometry":{"type":"LineString","coordinates":[[-0.2611114,51.954291499999982],[-0.2610036,51.9540607]]}},
{"type":"Feature","properties":{"id":72929,"nach":0.54829412611479511},"geometry":{"type":"LineString","coordinates":[[-0.2607328,51.954129],[-0.2610036,51.9540607]]}},
{"type":"Feature","properties":{"id":14857,"nach":0.59336067373527723},"geometry":{"type":"LineString","coordinates":[[-0.2608964,51.9533359],[-0.2608936,51.9538246],[-0.2610036,51.9540607]]}},
{"type":"Feature","properties":{"id":21124,"nach":0.63130325852591274},"geometry":{"type":"LineString","coordinates":[[-0.2611114,51.954291499999982],[-0.261254900000011,51.9544985],[-0.2613016,51.954548900000013],[-0.2613516,51.9546141]]}},
{"type":"Feature","properties":{"id":43286,"nach":0.62557288704021174},"geometry":{"type":"LineString","coordinates":[[-0.2610103,51.9543015],[-0.2611114,51.954291499999982]]}},
{"type":"Feature","properties":{"id":72931,"nach":0.47062843678994609},"geometry":{"type":"LineString","coordinates":[[-0.2607328,51.954129],[-0.260643700000011,51.9541515],[-0.2604774,51.9540754]]}},
{"type":"Feature","properties":{"id":72930,"nach":0.47316639771738606},"geometry":{"type":"LineString","coordinates":[[-0.2607328,51.954129],[-0.260755,51.954163]]}},
{"type":"Feature","properties":{"id":59653,"nach":0.60001644745134164},"geometry":{"type":"LineString","coordinates":[[-0.2610605,51.953325],[-0.2608964,51.9533359]]}},
{"type":"Feature","properties":{"id":27460,"nach":0.62430062227607086},"geometry":{"type":"LineString","coordinates":[[-0.260864,51.9529942],[-0.260887900000012,51.9531361],[-0.2608964,51.9533359]]}},
{"type":"Feature","properties":{"id":59655,"nach":0.58774195490327175},"geometry":{"type":"LineString","coordinates":[[-0.2610605,51.953325],[-0.26105,51.9533679],[-0.2610398,51.9535827],[-0.2610935,51.9538795],[-0.261161900000011,51.9541174]]}},
{"type":"Feature","properties":{"id":60250,"nach":0.42884368990368948},"geometry":{"type":"LineString","coordinates":[[-0.2615489,51.9533462],[-0.2612573,51.95331190000001],[-0.2610605,51.953325]]}},
{"type":"Feature","properties":{"id":61770,"nach":0.50865385391642914},"geometry":{"type":"LineString","coordinates":[[-0.2610628,51.9530256],[-0.2610198,51.953250600000011],[-0.261061400000011,51.95327910000001],[-0.2610605,51.953325]]}},
{"type":"Feature","properties":{"id":51139,"nach":0.58179171255316531},"geometry":{"type":"LineString","coordinates":[[-0.2607628,51.95299940000001],[-0.260864,51.9529942]]}},
{"type":"Feature","properties":{"id":45033,"nach":0.56516639456261619},"geometry":{"type":"LineString","coordinates":[[-0.260649,51.9525228],[-0.26077040000001,51.952717],[-0.260864,51.9529942]]}},
{"type":"Feature","properties":{"id":82856,"nach":0.63198239608302953},"geometry":{"type":"LineString","coordinates":[[-0.2721466,51.9537741],[-0.2723403,51.9538074],[-0.2725515,51.9538419],[-0.2727248,51.953867300000013],[-0.2727739,51.9538839],[-0.2727996,51.9539038],[-0.2728008,51.953972],[-0.272917,51.9539755]]}},
{"type":"Feature","properties":{"id":81413,"nach":0.68957652868246921},"geometry":{"type":"LineString","coordinates":[[-0.2703338,51.953772],[-0.2703417,51.9538045]]}},
{"type":"Feature","properties":{"id":81424,"nach":0.5828211521333504},"geometry":{"type":"LineString","coordinates":[[-0.2703527,51.9538468],[-0.2703417,51.9538045]]}},
{"type":"Feature","properties":{"id":16524,"nach":0.68338912063507717},"geometry":{"type":"LineString","coordinates":[[-0.2705771,51.9537902],[-0.2705284,51.953793200000014],[-0.2703417,51.9538045]]}},
{"type":"Feature","properties":{"id":81415,"nach":0.58175943523598084},"geometry":{"type":"LineString","coordinates":[[-0.2703338,51.953772],[-0.270284900000011,51.9535718],[-0.2701908,51.9532187]]}},
{"type":"Feature","properties":{"id":81416,"nach":0.70564558227561824},"geometry":{"type":"LineString","coordinates":[[-0.2703338,51.953772],[-0.2701163,51.9537845],[-0.2698448,51.953802399999987],[-0.269472,51.9538296],[-0.269439,51.9538099],[-0.2693983,51.953812]]}},
{"type":"Feature","properties":{"id":81417,"nach":0.60038648729790778},"geometry":{"type":"LineString","coordinates":[[-0.2705729,51.953754900000014],[-0.2703338,51.953772]]}},
{"type":"Feature","properties":{"id":81425,"nach":0.56515240112287191},"geometry":{"type":"LineString","coordinates":[[-0.2703527,51.9538468],[-0.2700459,51.9538654],[-0.2697799,51.9538827],[-0.269728,51.9539123],[-0.2696687,51.9539153]]}},
{"type":"Feature","properties":{"id":81430,"nach":0.6200772131359249},"geometry":{"type":"LineString","coordinates":[[-0.2705836,51.9538333],[-0.2704525,51.953842],[-0.2703527,51.9538468]]}},
{"type":"Feature","properties":{"id":83055,"nach":0.55016702420654351},"geometry":{"type":"LineString","coordinates":[[-0.2703968,51.9540254],[-0.2703687,51.953901],[-0.2703527,51.9538468]]}},
{"type":"Feature","properties":{"id":81418,"nach":0.43339827887626925},"geometry":{"type":"LineString","coordinates":[[-0.2705729,51.953754900000014],[-0.2705771,51.9537902]]}},
{"type":"Feature","properties":{"id":81429,"nach":0.57416712987406993},"geometry":{"type":"LineString","coordinates":[[-0.2705836,51.9538333],[-0.2705771,51.9537902]]}},
{"type":"Feature","properties":{"id":79737,"nach":0.69649069268641817},"geometry":{"type":"LineString","coordinates":[[-0.2708661,51.9537647],[-0.2706229,51.9537862],[-0.2705771,51.9537902]]}},
{"type":"Feature","properties":{"id":16507,"nach":0.55744530451717156},"geometry":{"type":"LineString","coordinates":[[-0.2700977,51.9529854],[-0.2701908,51.9532187]]}},
{"type":"Feature","properties":{"id":16505,"nach":0.47600444870585817},"geometry":{"type":"LineString","coordinates":[[-0.2702182,51.9532118],[-0.2701908,51.9532187]]}},
{"type":"Feature","properties":{"id":16506,"nach":0.47550985547336638},"geometry":{"type":"LineString","coordinates":[[-0.2701124,51.953228],[-0.2701908,51.9532187]]}},
{"type":"Feature","properties":{"id":16512,"nach":0.56433794439652829},"geometry":{"type":"LineString","coordinates":[[-0.2712283,51.9527953],[-0.2709484,51.9528432],[-0.2706327,51.9528978],[-0.2700977,51.9529854]]}},
{"type":"Feature","properties":{"id":16513,"nach":0.47469233276244244},"geometry":{"type":"LineString","coordinates":[[-0.2700877,51.9528577],[-0.2700938,51.9529286],[-0.2700977,51.9529854]]}},
{"type":"Feature","properties":{"id":81355,"nach":0.64050060554155674},"geometry":{"type":"LineString","coordinates":[[-0.270937,51.9523958],[-0.2711039,51.9526263],[-0.2712283,51.9527953]]}},
{"type":"Feature","properties":{"id":81353,"nach":0.65963715890541996},"geometry":{"type":"LineString","coordinates":[[-0.270937,51.9523958],[-0.2707997,51.9521975]]}},
{"type":"Feature","properties":{"id":81357,"nach":0.48133154627132352},"geometry":{"type":"LineString","coordinates":[[-0.2708864,51.9524146],[-0.270937,51.9523958]]}},
{"type":"Feature","properties":{"id":81419,"nach":0.59780580167658925},"geometry":{"type":"LineString","coordinates":[[-0.2705729,51.953754900000014],[-0.2708713,51.9537315],[-0.27128760000001,51.9536974],[-0.2716077,51.953663599999985],[-0.2716882,51.9536351],[-0.2717538,51.9536025]]}},
{"type":"Feature","properties":{"id":81431,"nach":0.5732145271172604},"geometry":{"type":"LineString","coordinates":[[-0.2705836,51.9538333],[-0.270593,51.9538327],[-0.2707804,51.9538204],[-0.2708752,51.953808100000018]]}},
{"type":"Feature","properties":{"id":79735,"nach":0.69908536674586286},"geometry":{"type":"LineString","coordinates":[[-0.2708661,51.9537647],[-0.2716982,51.9536913]]}},
{"type":"Feature","properties":{"id":81420,"nach":0.48623079900183197},"geometry":{"type":"LineString","coordinates":[[-0.2708752,51.953808100000018],[-0.2708661,51.9537647]]}},
{"type":"Feature","properties":{"id":82767,"nach":0.71561139526993778},"geometry":{"type":"LineString","coordinates":[[-0.2670574,51.954018],[-0.2667629,51.9540108]]}},
{"type":"Feature","properties":{"id":44012,"nach":0.54156576866788109},"geometry":{"type":"LineString","coordinates":[[-0.2668122,51.9545453],[-0.2667251,51.9542724],[-0.2667579,51.9540457],[-0.2667629,51.9540108]]}},
{"type":"Feature","properties":{"id":82766,"nach":0.71564806062544628},"geometry":{"type":"LineString","coordinates":[[-0.2670574,51.954018],[-0.2671624,51.9540205]]}},
{"type":"Feature","properties":{"id":82768,"nach":0.47009208254012158},"geometry":{"type":"LineString","coordinates":[[-0.2670574,51.954018],[-0.2670575,51.9539279],[-0.2670112,51.9537031],[-0.2670012,51.9536787],[-0.2669831,51.9536688],[-0.2669616,51.9536626],[-0.2669314,51.95366180000002],[-0.2667316,51.9537246]]}},
{"type":"Feature","properties":{"id":16528,"nach":0.46528870749494605},"geometry":{"type":"LineString","coordinates":[[-0.2672439,51.9545111],[-0.2671883,51.9545176],[-0.2670452,51.9545346],[-0.266973,51.9545432],[-0.2668122,51.9545453]]}},
{"type":"Feature","properties":{"id":44013,"nach":0.46440573008863778},"geometry":{"type":"LineString","coordinates":[[-0.2668122,51.9545453],[-0.266918,51.9545093],[-0.2669448,51.9544854],[-0.2669549,51.954449],[-0.2669127,51.9543151],[-0.266914,51.95428540000001],[-0.2669258,51.9542558]]}},
{"type":"Feature","properties":{"id":16530,"nach":0.074737066045299713},"geometry":{"type":"LineString","coordinates":[[-0.2669258,51.9542558],[-0.266933400000011,51.954222099999988],[-0.2669676,51.9541998],[-0.2670501,51.9541829],[-0.267115200000011,51.9541854],[-0.2671789,51.9542151],[-0.2672124,51.9542535],[-0.2673123,51.9544847],[-0.2672439,51.9545111]]}},
{"type":"Feature","properties":{"id":59981,"nach":0.71550601767987321},"geometry":{"type":"LineString","coordinates":[[-0.2672331,51.9540174],[-0.2671624,51.9540205]]}},
{"type":"Feature","properties":{"id":45040,"nach":0.43232917955420341},"geometry":{"type":"LineString","coordinates":[[-0.2679493,51.9563275],[-0.267846,51.956056399999987],[-0.26761290000001,51.9551711],[-0.2674854,51.9547406],[-0.2673451,51.954318799999989],[-0.2671997,51.954149499999986],[-0.267167600000011,51.954086500000017],[-0.2671624,51.9540205]]}},
{"type":"Feature","properties":{"id":59982,"nach":0.47296995638816725},"geometry":{"type":"LineString","coordinates":[[-0.2672331,51.9540174],[-0.2671968,51.953946],[-0.2671791,51.9537091]]}},
{"type":"Feature","properties":{"id":59980,"nach":0.7157897516967221},"geometry":{"type":"LineString","coordinates":[[-0.2672331,51.9540174],[-0.267453,51.9540071]]}},
{"type":"Feature","properties":{"id":59995,"nach":0.58150528137651269},"geometry":{"type":"LineString","coordinates":[[-0.2683589,51.9540038],[-0.2684629,51.9539957]]}},
{"type":"Feature","properties":{"id":77755,"nach":0.53258715522186861},"geometry":{"type":"LineString","coordinates":[[-0.2685761,51.9539873],[-0.2684629,51.9539957]]}},
{"type":"Feature","properties":{"id":77735,"nach":0.71210986894303141},"geometry":{"type":"LineString","coordinates":[[-0.2684465,51.9539038],[-0.2686826,51.9538893],[-0.2688945,51.9538645],[-0.2692177,51.9538455],[-0.2693304,51.953836399999986],[-0.2693652,51.95381410000001],[-0.2693983,51.953812]]}},
{"type":"Feature","properties":{"id":77752,"nach":0.49414765549398904},"geometry":{"type":"LineString","coordinates":[[-0.2686201,51.9539316],[-0.2687355,51.953921]]}},
{"type":"Feature","properties":{"id":77754,"nach":0.39782941011792883},"geometry":{"type":"LineString","coordinates":[[-0.2686201,51.9539316],[-0.2685889,51.9539711],[-0.2685761,51.9539873]]}},
{"type":"Feature","properties":{"id":16565,"nach":0.58469685548122152},"geometry":{"type":"LineString","coordinates":[[-0.2702682,51.956831],[-0.2701548,51.9567701],[-0.2697739,51.9565896],[-0.2696373,51.9565525],[-0.269484,51.9565221],[-0.2693599,51.956504700000011],[-0.2693042,51.9564811],[-0.2692163,51.9564099],[-0.2691352,51.956311],[-0.2690813,51.956256],[-0.2690357,51.9561158]]}},
{"type":"Feature","properties":{"id":59997,"nach":0.59017293207519483},"geometry":{"type":"LineString","coordinates":[[-0.2683589,51.9540038],[-0.2683753,51.9540659],[-0.2686176,51.9549816],[-0.2687533,51.9550653],[-0.2688674,51.95541450000001],[-0.2689496,51.9557068],[-0.268968,51.9557954],[-0.2689996,51.9559381],[-0.2689991,51.9559895],[-0.2690357,51.9561158]]}},
{"type":"Feature","properties":{"id":19610,"nach":0.45322242752337061},"geometry":{"type":"LineString","coordinates":[[-0.2700523,51.9559892],[-0.2698292,51.9560239],[-0.2691856,51.9561011],[-0.26914690000001,51.9561053],[-0.2690616,51.9561139],[-0.2690357,51.9561158]]}},
{"type":"Feature","properties":{"id":16564,"nach":0.63529370633641902},"geometry":{"type":"LineString","coordinates":[[-0.2702682,51.956831],[-0.2703612,51.9568744],[-0.2704522,51.956901]]}},
{"type":"Feature","properties":{"id":16563,"nach":0.58825879060390285},"geometry":{"type":"LineString","coordinates":[[-0.2702682,51.956831],[-0.2704007,51.9566938],[-0.27053730000001,51.9565291],[-0.27064740000001,51.9563992],[-0.2707799,51.9562343],[-0.270939300000011,51.9559466],[-0.2709433,51.9558826]]}},
{"type":"Feature","properties":{"id":77757,"nach":0.61756299933778436},"geometry":{"type":"LineString","coordinates":[[-0.26805760000001,51.954022],[-0.2683589,51.9540038]]}},
{"type":"Feature","properties":{"id":19609,"nach":0.53326473561502896},"geometry":{"type":"LineString","coordinates":[[-0.2700523,51.9559892],[-0.2705128,51.9559334],[-0.2708495,51.9558925],[-0.2709433,51.9558826]]}},
{"type":"Feature","properties":{"id":82842,"nach":0.50303384879431345},"geometry":{"type":"LineString","coordinates":[[-0.2697603,51.9544105],[-0.2700523,51.9559892]]}},
{"type":"Feature","properties":{"id":16737,"nach":0.63163702403028854},"geometry":{"type":"LineString","coordinates":[[-0.27056070000001,51.9569338],[-0.2704522,51.956901]]}},
{"type":"Feature","properties":{"id":16546,"nach":0.51419720961426951},"geometry":{"type":"LineString","coordinates":[[-0.2693793,51.9574978],[-0.2695595,51.957518900000011],[-0.2696849,51.9575058],[-0.269801100000011,51.9573852],[-0.269972700000012,51.957184199999986],[-0.2701416,51.9571052],[-0.270367,51.9570656],[-0.2704522,51.956901]]}},
{"type":"Feature","properties":{"id":16548,"nach":0.50310354896649345},"geometry":{"type":"LineString","coordinates":[[-0.269237,51.9579433],[-0.2693364,51.957868],[-0.2693364,51.9577887],[-0.2692763,51.9577305],[-0.2692934,51.9576141],[-0.2693793,51.9574978]]}},
{"type":"Feature","properties":{"id":28361,"nach":0.5308971596033677},"geometry":{"type":"LineString","coordinates":[[-0.269237,51.9579433],[-0.268992998291387,51.958461354954807]]}},
{"type":"Feature","properties":{"id":28360,"nach":0.59547099128689085},"geometry":{"type":"LineString","coordinates":[[-0.2683291,51.9590621],[-0.2684462,51.9591159],[-0.2684922,51.9591371]]}},
{"type":"Feature","properties":{"id":28362,"nach":0.59471161179108134},"geometry":{"type":"LineString","coordinates":[[-0.2683291,51.9590621],[-0.2682039,51.95900240000001],[-0.2680681,51.9589442]]}},
{"type":"Feature","properties":{"id":28361,"nach":0.5308971596033677},"geometry":{"type":"LineString","coordinates":[[-0.268992998291387,51.958461354954807],[-0.2683291,51.9590621]]}},
{"type":"Feature","properties":{"id":77749,"nach":0.47951188234160252},"geometry":{"type":"LineString","coordinates":[[-0.2687451,51.953972],[-0.2687355,51.953921]]}},
{"type":"Feature","properties":{"id":16556,"nach":0.53585863343802953},"geometry":{"type":"LineString","coordinates":[[-0.268923,51.9539042],[-0.2687355,51.953921]]}},
{"type":"Feature","properties":{"id":77750,"nach":0.47465274053770268},"geometry":{"type":"LineString","coordinates":[[-0.2687451,51.953972],[-0.268748600000011,51.9539953],[-0.2688003,51.9542118]]}},
{"type":"Feature","properties":{"id":77756,"nach":0.473090750710015},"geometry":{"type":"LineString","coordinates":[[-0.2685761,51.9539873],[-0.2686317,51.95398320000001],[-0.2687451,51.953972]]}},
{"type":"Feature","properties":{"id":56525,"nach":0.5753151196657379},"geometry":{"type":"LineString","coordinates":[[-0.2715025,51.9546743],[-0.271337,51.95515240000001],[-0.2712451,51.9554577],[-0.2712042,51.955549499999989],[-0.2710258,51.9558354],[-0.2709923,51.9558656],[-0.2709735,51.9558743],[-0.2709433,51.9558826]]}},
{"type":"Feature","properties":{"id":82851,"nach":0.5929961605927534},"geometry":{"type":"LineString","coordinates":[[-0.271654,51.9541305],[-0.271575,51.9544486],[-0.2715025,51.9546743]]}},
{"type":"Feature","properties":{"id":56527,"nach":0.46774349635547241},"geometry":{"type":"LineString","coordinates":[[-0.2705728,51.9547013],[-0.2711611,51.9546591],[-0.27129870000001,51.9546571],[-0.2713965,51.9546625],[-0.2715025,51.9546743]]}},
{"type":"Feature","properties":{"id":16566,"nach":0.4526365937581745},"geometry":{"type":"LineString","coordinates":[[-0.2649547,51.9538942],[-0.2649196,51.9538803],[-0.2648706,51.953843400000011],[-0.2648377,51.953802400000015],[-0.26483230000001,51.953767399999983]]}},
{"type":"Feature","properties":{"id":16567,"nach":0.66614279638374574},"geometry":{"type":"LineString","coordinates":[[-0.2649547,51.9538942],[-0.2648211,51.9539203],[-0.26465530000001,51.953962],[-0.2643884,51.9540275]]}},
{"type":"Feature","properties":{"id":16570,"nach":0.6680562301947921},"geometry":{"type":"LineString","coordinates":[[-0.2650216,51.9538923],[-0.2649547,51.9538942]]}},
{"type":"Feature","properties":{"id":16568,"nach":0.67281204649437132},"geometry":{"type":"LineString","coordinates":[[-0.2643884,51.9540275],[-0.2647478,51.953813],[-0.26483230000001,51.953767399999983]]}},
{"type":"Feature","properties":{"id":16571,"nach":0.67314547514744949},"geometry":{"type":"LineString","coordinates":[[-0.26483230000001,51.953767399999983],[-0.26486360000001,51.953745600000012]]}},
{"type":"Feature","properties":{"id":21019,"nach":0.71693550656443328},"geometry":{"type":"LineString","coordinates":[[-0.2631816,51.954501700000016],[-0.26323460000001,51.9544858],[-0.2632914,51.9544684],[-0.2633758,51.9544432],[-0.2637092,51.9543118],[-0.263956200000011,51.954203900000017],[-0.264204900000013,51.9541019],[-0.2643884,51.9540275]]}},
{"type":"Feature","properties":{"id":21093,"nach":0.66141802108469061},"geometry":{"type":"LineString","coordinates":[[-0.2632846,51.9546627],[-0.2631816,51.954501700000016]]}},
{"type":"Feature","properties":{"id":29031,"nach":0.38812999517871871},"geometry":{"type":"LineString","coordinates":[[-0.2651102,51.9537463],[-0.2651145,51.9537723],[-0.2650871,51.9538329],[-0.2650526,51.953876],[-0.2650216,51.9538923]]}},
{"type":"Feature","properties":{"id":16573,"nach":0.4815404060559435},"geometry":{"type":"LineString","coordinates":[[-0.26486360000001,51.953745600000012],[-0.2648968,51.9537332],[-0.2649526,51.95372480000001],[-0.2650085,51.9537246],[-0.26504510000001,51.9537273],[-0.2650883,51.9537362]]}},
{"type":"Feature","properties":{"id":16574,"nach":0.669903491894422},"geometry":{"type":"LineString","coordinates":[[-0.26486360000001,51.953745600000012],[-0.2648955,51.95369],[-0.2649448,51.9536204],[-0.26503620000001,51.9535157]]}},
{"type":"Feature","properties":{"id":16572,"nach":0.66653462312082157},"geometry":{"type":"LineString","coordinates":[[-0.2650883,51.9537362],[-0.2651102,51.9537463]]}},
{"type":"Feature","properties":{"id":29029,"nach":0.66244088867158168},"geometry":{"type":"LineString","coordinates":[[-0.26503620000001,51.9535157],[-0.26505650000001,51.9535933],[-0.2650793,51.9536756],[-0.2650883,51.9537362]]}},
{"type":"Feature","properties":{"id":29030,"nach":0.66465879735002797},"geometry":{"type":"LineString","coordinates":[[-0.2651102,51.9537463],[-0.2652341,51.953804],[-0.2652868,51.9538328]]}},
{"type":"Feature","properties":{"id":83068,"nach":0.50296059723272735},"geometry":{"type":"LineString","coordinates":[[-0.2657814,51.9505428],[-0.2665034,51.9506119]]}},
{"type":"Feature","properties":{"id":81319,"nach":0.51207578934011677},"geometry":{"type":"LineString","coordinates":[[-0.2694659,51.95093450000001],[-0.2694178,51.95092970000001],[-0.269344,51.950918],[-0.269201,51.9508835],[-0.2688869,51.9508277],[-0.26856620000001,51.950796],[-0.267979500000011,51.9507313],[-0.26758380000001,51.9506955],[-0.2673167,51.9506714],[-0.2670195,51.9506424],[-0.2668105,51.9506328],[-0.2665034,51.9506119]]}},
{"type":"Feature","properties":{"id":56199,"nach":0.55591953516021597},"geometry":{"type":"LineString","coordinates":[[-0.263999100000012,51.9508126],[-0.2637912,51.9510755],[-0.2634345,51.951545],[-0.2632099,51.9518285],[-0.2631991,51.9518549],[-0.263196500000011,51.951879699999985],[-0.2632072,51.9519008],[-0.2632286,51.9519202],[-0.2634631,51.9520487],[-0.264186,51.9524128],[-0.2642822,51.9524322]]}},
{"type":"Feature","properties":{"id":83069,"nach":0.55051061109221311},"geometry":{"type":"LineString","coordinates":[[-0.2657814,51.9505428],[-0.2648515,51.9517369],[-0.2643304,51.9524063],[-0.2642822,51.9524322]]}},
{"type":"Feature","properties":{"id":56198,"nach":0.5552319232997972},"geometry":{"type":"LineString","coordinates":[[-0.263999100000012,51.9508126],[-0.26424720000001,51.950468],[-0.2642714,51.9504225],[-0.26429550000001,51.950358]]}},
{"type":"Feature","properties":{"id":56201,"nach":0.42633306783813435},"geometry":{"type":"LineString","coordinates":[[-0.2627908,51.9510573],[-0.2628664,51.950969],[-0.2630009,51.9508467],[-0.2630618,51.9508153],[-0.2630927,51.9507994],[-0.2631057,51.950793],[-0.26311220000001,51.9507835],[-0.2631796,51.950669199999986],[-0.2631932,51.9506581],[-0.2632146,51.9506512],[-0.26323720000001,51.9506463],[-0.263262,51.9506442],[-0.2632904,51.950645],[-0.263999100000012,51.9508126]]}},
{"type":"Feature","properties":{"id":83067,"nach":0.56964511317557531},"geometry":{"type":"LineString","coordinates":[[-0.2657814,51.9505428],[-0.2658201,51.9504931]]}},
{"type":"Feature","properties":{"id":34631,"nach":0.55522585887378806},"geometry":{"type":"LineString","coordinates":[[-0.2647877,51.950396900000015],[-0.26429550000001,51.950358]]}},
{"type":"Feature","properties":{"id":21207,"nach":0.59188035480148327},"geometry":{"type":"LineString","coordinates":[[-0.2628878,51.9500836],[-0.263390200000012,51.9501993],[-0.2639066,51.9502969],[-0.26429550000001,51.950358]]}},
{"type":"Feature","properties":{"id":34634,"nach":0.51379165615802724},"geometry":{"type":"LineString","coordinates":[[-0.2648847,51.9500582],[-0.2647877,51.950396900000015]]}},
{"type":"Feature","properties":{"id":44497,"nach":0.57855052828637443},"geometry":{"type":"LineString","coordinates":[[-0.2656159,51.9504736],[-0.2651843,51.95043230000001],[-0.2647877,51.950396900000015]]}},
{"type":"Feature","properties":{"id":21800,"nach":0.59583670643895104},"geometry":{"type":"LineString","coordinates":[[-0.2626771,51.950029700000016],[-0.2628878,51.9500836]]}},
{"type":"Feature","properties":{"id":21948,"nach":0.57701958409638954},"geometry":{"type":"LineString","coordinates":[[-0.2658201,51.9504931],[-0.266141400000013,51.9505157]]}},
{"type":"Feature","properties":{"id":44498,"nach":0.0},"geometry":{"type":"LineString","coordinates":[[-0.2656159,51.9504736],[-0.2656585,51.9503631],[-0.2656758,51.950336599999986],[-0.2657504,51.9503099],[-0.2661179,51.9503385],[-0.2661796,51.9503839],[-0.2661863,51.9504029],[-0.2661869,51.950421],[-0.2661686,51.9504704],[-0.266141400000013,51.9505157]]}},
{"type":"Feature","properties":{"id":44496,"nach":0.58678220672583792},"geometry":{"type":"LineString","coordinates":[[-0.2656159,51.9504736],[-0.2658201,51.9504931]]}},
{"type":"Feature","properties":{"id":16594,"nach":0.58865951719487242},"geometry":{"type":"LineString","coordinates":[[-0.2637602,51.9534808],[-0.2638598,51.9534768],[-0.2639816,51.9534676],[-0.2641289,51.9534578]]}},
{"type":"Feature","properties":{"id":77795,"nach":0.59872581023103566},"geometry":{"type":"LineString","coordinates":[[-0.2642588,51.9534445],[-0.2642221,51.9534503],[-0.2641289,51.9534578]]}},
{"type":"Feature","properties":{"id":77786,"nach":0.57923385737112087},"geometry":{"type":"LineString","coordinates":[[-0.2634747,51.9531975],[-0.2635939,51.9533135],[-0.2637602,51.9534808]]}},
{"type":"Feature","properties":{"id":77796,"nach":0.62422422616198359},"geometry":{"type":"LineString","coordinates":[[-0.2642588,51.9534445],[-0.26435790000001,51.9534288],[-0.2644654,51.9534153],[-0.2646668,51.9533689]]}},
{"type":"Feature","properties":{"id":77797,"nach":0.52886183648311169},"geometry":{"type":"LineString","coordinates":[[-0.2642588,51.9534445],[-0.2642363,51.9534119],[-0.264230500000011,51.9533954]]}},
{"type":"Feature","properties":{"id":77787,"nach":0.57344224210000394},"geometry":{"type":"LineString","coordinates":[[-0.2634747,51.9531975],[-0.2634508,51.95320610000001],[-0.2633737,51.9532396],[-0.2632231,51.9531064]]}},
{"type":"Feature","properties":{"id":77802,"nach":0.41824413931804799},"geometry":{"type":"LineString","coordinates":[[-0.2635343,51.9530906],[-0.263461100000011,51.9530771],[-0.2634289,51.9530978],[-0.2634048,51.9531276],[-0.2634075,51.9531366],[-0.2634316,51.9531697],[-0.2634747,51.9531975]]}},
{"type":"Feature","properties":{"id":40583,"nach":0.51269257246739219},"geometry":{"type":"LineString","coordinates":[[-0.2623279,51.952133],[-0.2624102,51.9521842]]}},
{"type":"Feature","properties":{"id":53126,"nach":0.43089076182107483},"geometry":{"type":"LineString","coordinates":[[-0.2622435,51.952258],[-0.2624102,51.9521842]]}},
{"type":"Feature","properties":{"id":53125,"nach":0.54417849029206933},"geometry":{"type":"LineString","coordinates":[[-0.2625712,51.9522893],[-0.2624937,51.9522418],[-0.2624102,51.9521842]]}},
{"type":"Feature","properties":{"id":40587,"nach":0.45884800618346994},"geometry":{"type":"LineString","coordinates":[[-0.261928,51.9516936],[-0.2619587,51.9517847],[-0.2621044,51.9519527],[-0.2623279,51.952133]]}},
{"type":"Feature","properties":{"id":40585,"nach":0.41981616994021975},"geometry":{"type":"LineString","coordinates":[[-0.2623279,51.952133],[-0.2621335,51.9520964],[-0.2612979,51.9513883],[-0.2604832,51.9506863],[-0.2604196,51.9506063],[-0.2604293,51.9505911]]}},
{"type":"Feature","properties":{"id":53123,"nach":0.56610196424761916},"geometry":{"type":"LineString","coordinates":[[-0.2625712,51.9522893],[-0.2627358,51.9523967]]}},
{"type":"Feature","properties":{"id":53124,"nach":0.43331598212222816},"geometry":{"type":"LineString","coordinates":[[-0.2625712,51.9522893],[-0.2623695,51.9523633]]}},
{"type":"Feature","properties":{"id":40586,"nach":0.40203407156684368},"geometry":{"type":"LineString","coordinates":[[-0.261928,51.9516936],[-0.2618119,51.9514335],[-0.2616459,51.9512613],[-0.26158430000001,51.951159],[-0.2615478,51.9509408]]}},
{"type":"Feature","properties":{"id":16601,"nach":0.0},"geometry":{"type":"LineString","coordinates":[[-0.2615478,51.9509408],[-0.2615745,51.95082020000001],[-0.26148390000001,51.95058010000001],[-0.2613919,51.9504858],[-0.2610981,51.9506221],[-0.2613833,51.9508689],[-0.2615478,51.9509408]]}},
{"type":"Feature","properties":{"id":53127,"nach":0.14831751130642562},"geometry":{"type":"LineString","coordinates":[[-0.2604293,51.9505911],[-0.2604487,51.950560500000016],[-0.26052770000001,51.9505582],[-0.2606573,51.9506441],[-0.261928,51.9516936]]}},
{"type":"Feature","properties":{"id":16611,"nach":0.62735086846480737},"geometry":{"type":"LineString","coordinates":[[-0.2672074,51.952013500000014],[-0.2673867,51.9519227],[-0.2675553,51.9518395]]}},
{"type":"Feature","properties":{"id":77743,"nach":0.57822473676971864},"geometry":{"type":"LineString","coordinates":[[-0.2676095,51.9519493],[-0.2675942,51.9518718],[-0.2675553,51.9518395]]}},
{"type":"Feature","properties":{"id":55596,"nach":0.53479780951557798},"geometry":{"type":"LineString","coordinates":[[-0.26686110000001,51.951867699999987],[-0.2668996,51.9518696],[-0.2670534,51.9519335],[-0.2672074,51.952013500000014]]}},
{"type":"Feature","properties":{"id":31653,"nach":0.62019436330595301},"geometry":{"type":"LineString","coordinates":[[-0.2659999,51.952717],[-0.2664735,51.9524199],[-0.266814900000011,51.9522225],[-0.2672074,51.952013500000014]]}},
{"type":"Feature","properties":{"id":16604,"nach":0.59560078967002061},"geometry":{"type":"LineString","coordinates":[[-0.2678146,51.9528948],[-0.2677891,51.9527461]]}},
{"type":"Feature","properties":{"id":16606,"nach":0.46602586395607892},"geometry":{"type":"LineString","coordinates":[[-0.2683728,51.9528495],[-0.2678146,51.9528948]]}},
{"type":"Feature","properties":{"id":66585,"nach":0.60245864467121091},"geometry":{"type":"LineString","coordinates":[[-0.2678649,51.9531498],[-0.2678146,51.9528948]]}},
{"type":"Feature","properties":{"id":16607,"nach":0.58951232282367683},"geometry":{"type":"LineString","coordinates":[[-0.2677891,51.9527461],[-0.2677728,51.9526508],[-0.267726,51.9524552],[-0.2676302,51.9520542]]}},
{"type":"Feature","properties":{"id":66584,"nach":0.45791900202244407},"geometry":{"type":"LineString","coordinates":[[-0.2667337,51.9530068],[-0.2669099,51.9528951],[-0.26702630000001,51.9528402],[-0.2672576,51.9527786],[-0.267445,51.9527672],[-0.2677891,51.9527461]]}},
{"type":"Feature","properties":{"id":66034,"nach":0.46305535977073592},"geometry":{"type":"LineString","coordinates":[[-0.2682452,51.9522323],[-0.2682356,51.9521544],[-0.2682085,51.952108],[-0.268161,51.9520548],[-0.2681185,51.9520345],[-0.2680608,51.9520273],[-0.2679306,51.9520309],[-0.2676302,51.9520542]]}},
{"type":"Feature","properties":{"id":66033,"nach":0.59658498152849437},"geometry":{"type":"LineString","coordinates":[[-0.2676302,51.9520542],[-0.267623100000011,51.9520181],[-0.2676095,51.9519493]]}},
{"type":"Feature","properties":{"id":55595,"nach":0.45263012308861589},"geometry":{"type":"LineString","coordinates":[[-0.26686110000001,51.951867699999987],[-0.2668274,51.951866],[-0.26676970000001,51.951882],[-0.266722,51.951889200000011],[-0.2666729,51.9518856],[-0.2663509,51.9517859],[-0.266283,51.9517477],[-0.2662628,51.9517361],[-0.266251200000012,51.9517085],[-0.266246900000011,51.9516693]]}},
{"type":"Feature","properties":{"id":55597,"nach":0.46084066570202209},"geometry":{"type":"LineString","coordinates":[[-0.2669765,51.9516955],[-0.26686110000001,51.951867699999987]]}},
{"type":"Feature","properties":{"id":81333,"nach":0.62638800374032411},"geometry":{"type":"LineString","coordinates":[[-0.2658545,51.9528083],[-0.2659999,51.952717]]}},
{"type":"Feature","properties":{"id":83065,"nach":0.44540696989153905},"geometry":{"type":"LineString","coordinates":[[-0.2655829,51.9519744],[-0.2657446,51.952026],[-0.2654636,51.9524625],[-0.2654923,51.9525122],[-0.265593,51.9525364],[-0.2657479,51.9525877],[-0.2658906,51.9526496],[-0.2659999,51.952717]]}},
{"type":"Feature","properties":{"id":77792,"nach":0.45595753212917695},"geometry":{"type":"LineString","coordinates":[[-0.264230500000011,51.9533954],[-0.2641422,51.9534029]]}},
{"type":"Feature","properties":{"id":77800,"nach":0.48033881050164329},"geometry":{"type":"LineString","coordinates":[[-0.263665,51.953132500000017],[-0.2637132,51.953149],[-0.2637293,51.9531548],[-0.2637521,51.9532028],[-0.2638084,51.95323],[-0.2639855,51.953292],[-0.264129,51.9533441],[-0.264212100000012,51.9533639],[-0.264230500000011,51.9533954]]}},
{"type":"Feature","properties":{"id":77790,"nach":0.5399138031672569},"geometry":{"type":"LineString","coordinates":[[-0.2654904,51.9539843],[-0.26547,51.954069]]}},
{"type":"Feature","properties":{"id":67138,"nach":0.54881656299820902},"geometry":{"type":"LineString","coordinates":[[-0.2651473,51.9535138],[-0.265135,51.9535781],[-0.265181,51.9536614],[-0.2653574,51.9537868],[-0.2653242,51.9538113],[-0.2652868,51.9538328]]}},
{"type":"Feature","properties":{"id":71447,"nach":0.50016799263753176},"geometry":{"type":"LineString","coordinates":[[-0.266348100000011,51.953702300000025],[-0.2662256,51.953580500000015],[-0.2664538,51.9534978],[-0.2668356,51.953382],[-0.2668752,51.9535248],[-0.266588800000012,51.9536134],[-0.266426,51.9536737]]}},
{"type":"Feature","properties":{"id":16628,"nach":0.54210676191015617},"geometry":{"type":"LineString","coordinates":[[-0.2713207,51.9517914],[-0.2713636,51.9519266],[-0.2713498,51.9519734],[-0.2713124,51.9520237],[-0.2711938,51.952100199999983],[-0.2710339,51.952138],[-0.2707997,51.9521975]]}},
{"type":"Feature","properties":{"id":16635,"nach":0.0},"geometry":{"type":"LineString","coordinates":[[-0.2641422,51.9534029],[-0.263968,51.9534064],[-0.2638235,51.95338790000001],[-0.263712,51.9533337],[-0.263527,51.9531752],[-0.2634977,51.9531501],[-0.2635072,51.953112],[-0.2635343,51.9530906]]}},
{"type":"Feature","properties":{"id":16636,"nach":0.28640193875595077},"geometry":{"type":"LineString","coordinates":[[-0.2641422,51.9534029],[-0.2638591,51.9533094],[-0.2637239,51.9532336],[-0.263655,51.9531468],[-0.263665,51.953132500000017]]}},
{"type":"Feature","properties":{"id":77803,"nach":0.42787534366075614},"geometry":{"type":"LineString","coordinates":[[-0.2635343,51.9530906],[-0.2636113,51.9531152],[-0.263665,51.953132500000017]]}},
{"type":"Feature","properties":{"id":82011,"nach":0.68037900025085118},"geometry":{"type":"LineString","coordinates":[[-0.2726673,51.954853600000014],[-0.2727082,51.9547251],[-0.2727713,51.9545883],[-0.2728363,51.9544304],[-0.2728611,51.9543192]]}},
{"type":"Feature","properties":{"id":82013,"nach":0.54352634800346911},"geometry":{"type":"LineString","coordinates":[[-0.2722875,51.9548188],[-0.2726673,51.954853600000014]]}},
{"type":"Feature","properties":{"id":17039,"nach":0.56325218423219969},"geometry":{"type":"LineString","coordinates":[[-0.2732876,51.9555239],[-0.274731300000012,51.955563499999982]]}},
{"type":"Feature","properties":{"id":17042,"nach":0.4541731286074448},"geometry":{"type":"LineString","coordinates":[[-0.2733292,51.9550065],[-0.2732876,51.9555239]]}},
{"type":"Feature","properties":{"id":64689,"nach":0.5604563403237125},"geometry":{"type":"LineString","coordinates":[[-0.2686118,51.9620018],[-0.2684737,51.9619167],[-0.2683637,51.9618646],[-0.26824570000001,51.9618179],[-0.268119,51.9617762],[-0.2679788,51.961738400000016],[-0.267838,51.9616961],[-0.2676141,51.96162120000001]]}},
{"type":"Feature","properties":{"id":66081,"nach":0.57275234401559194},"geometry":{"type":"LineString","coordinates":[[-0.2665568,51.960934],[-0.2668289,51.9611309],[-0.267124100000013,51.961335],[-0.26736410000001,51.9614897],[-0.2675155,51.9615713],[-0.2676141,51.96162120000001]]}},
{"type":"Feature","properties":{"id":17983,"nach":0.43380099772064623},"geometry":{"type":"LineString","coordinates":[[-0.2667464,51.9623551],[-0.2675878,51.9616435],[-0.2676141,51.96162120000001]]}},
{"type":"Feature","properties":{"id":64687,"nach":0.5346148866654632},"geometry":{"type":"LineString","coordinates":[[-0.2686118,51.9620018],[-0.2690756,51.962301]]}},
{"type":"Feature","properties":{"id":64690,"nach":0.48529800881217394},"geometry":{"type":"LineString","coordinates":[[-0.2684697,51.962093800000012],[-0.2686118,51.9620018]]}},
{"type":"Feature","properties":{"id":71795,"nach":0.58516453887651165},"geometry":{"type":"LineString","coordinates":[[-0.2664634,51.9608524],[-0.2665568,51.960934]]}},
{"type":"Feature","properties":{"id":66083,"nach":0.43119519350127594},"geometry":{"type":"LineString","coordinates":[[-0.2671936,51.960521800000016],[-0.2670044,51.9606485],[-0.267002700000012,51.9606778],[-0.2669939,51.9607077],[-0.2669716,51.960727],[-0.266641,51.9608869],[-0.2665568,51.960934]]}},
{"type":"Feature","properties":{"id":17981,"nach":0.38005144592735984},"geometry":{"type":"LineString","coordinates":[[-0.2667464,51.9623551],[-0.2649655,51.96122]]}},
{"type":"Feature","properties":{"id":45039,"nach":0.40589201761279603},"geometry":{"type":"LineString","coordinates":[[-0.265939,51.9630273],[-0.2664292,51.9626102],[-0.2667464,51.9623551]]}},
{"type":"Feature","properties":{"id":17106,"nach":0.46304175250033086},"geometry":{"type":"LineString","coordinates":[[-0.2713364,51.9642311],[-0.2723431,51.9641434]]}},
{"type":"Feature","properties":{"id":22947,"nach":0.44839743641275831},"geometry":{"type":"LineString","coordinates":[[-0.2725718,51.9646935],[-0.2724963,51.9646143],[-0.2724038,51.9644532],[-0.2723958,51.9642829],[-0.2723431,51.9641434]]}},
{"type":"Feature","properties":{"id":59604,"nach":0.38778329966623432},"geometry":{"type":"LineString","coordinates":[[-0.2723431,51.9641434],[-0.273152532651658,51.963855743419096]]}},
{"type":"Feature","properties":{"id":82558,"nach":0.48817346856349753},"geometry":{"type":"LineString","coordinates":[[-0.2713651,51.964343099999986],[-0.2713364,51.9642311]]}},
{"type":"Feature","properties":{"id":52595,"nach":0.49704852532858196},"geometry":{"type":"LineString","coordinates":[[-0.2708877,51.963329],[-0.270968,51.963405],[-0.2710349,51.9634953],[-0.2711816,51.9637639],[-0.2713364,51.9642311]]}},
{"type":"Feature","properties":{"id":52593,"nach":0.37559408306526176},"geometry":{"type":"LineString","coordinates":[[-0.2733935,51.9646003],[-0.2731588,51.9646283],[-0.2729416,51.9646217],[-0.2728477,51.9646159],[-0.27278470000001,51.9646374],[-0.2726385,51.964673],[-0.2725718,51.9646935]]}},
{"type":"Feature","properties":{"id":23012,"nach":0.4265152340189089},"geometry":{"type":"LineString","coordinates":[[-0.27308080000001,51.966744],[-0.273097200000011,51.9664429],[-0.2730899,51.9661584],[-0.2730459,51.9658234],[-0.2729885,51.9655976],[-0.2729105,51.9653745],[-0.2728115,51.96519270000001],[-0.2726889,51.9649235],[-0.2725718,51.9646935]]}},
{"type":"Feature","properties":{"id":59604,"nach":0.38778329966623432},"geometry":{"type":"LineString","coordinates":[[-0.273152532651658,51.963855743419096],[-0.2736068,51.9629542]]}},
{"type":"Feature","properties":{"id":82559,"nach":0.46976061178137662},"geometry":{"type":"LineString","coordinates":[[-0.2713651,51.964343099999986],[-0.27139,51.9644406],[-0.271401,51.9644947],[-0.2714315,51.9646677]]}},
{"type":"Feature","properties":{"id":82560,"nach":0.35899109683349495},"geometry":{"type":"LineString","coordinates":[[-0.2713651,51.964343099999986],[-0.271111,51.9643714],[-0.2710453,51.9643722],[-0.2709728,51.9643631],[-0.2709273,51.9643408],[-0.270877600000011,51.9642887],[-0.2706952,51.9640293]]}},
{"type":"Feature","properties":{"id":52597,"nach":0.46605638781816339},"geometry":{"type":"LineString","coordinates":[[-0.2708877,51.963329],[-0.2709286,51.963317],[-0.2710523,51.963271700000014]]}},
{"type":"Feature","properties":{"id":52596,"nach":0.50749849593815854},"geometry":{"type":"LineString","coordinates":[[-0.2708877,51.963329],[-0.270862,51.963309],[-0.2705132,51.9630777]]}},
{"type":"Feature","properties":{"id":78328,"nach":0.64194937958589737},"geometry":{"type":"LineString","coordinates":[[-0.2649178,51.9612532],[-0.2649655,51.96122]]}},
{"type":"Feature","properties":{"id":78332,"nach":0.64136366903887132},"geometry":{"type":"LineString","coordinates":[[-0.2650884,51.9611384],[-0.2649655,51.96122]]}},
{"type":"Feature","properties":{"id":78330,"nach":0.63956324682424093},"geometry":{"type":"LineString","coordinates":[[-0.2649178,51.9612532],[-0.264510700000012,51.9615368],[-0.2644019,51.96161]]}},
{"type":"Feature","properties":{"id":78331,"nach":0.43344518955634787},"geometry":{"type":"LineString","coordinates":[[-0.264739400000012,51.9611552],[-0.2649178,51.9612532]]}},
{"type":"Feature","properties":{"id":78335,"nach":0.43431458772979492},"geometry":{"type":"LineString","coordinates":[[-0.2649084,51.961042799999987],[-0.2650884,51.9611384]]}},
{"type":"Feature","properties":{"id":65150,"nach":0.59105746829936323},"geometry":{"type":"LineString","coordinates":[[-0.2641793,51.965918],[-0.2641723,51.9660877]]}},
{"type":"Feature","properties":{"id":44235,"nach":0.59170046578657665},"geometry":{"type":"LineString","coordinates":[[-0.2642407,51.9667175],[-0.2642056,51.966609799999986],[-0.2641842,51.9665135],[-0.2641761,51.9663921],[-0.2641723,51.9660877]]}},
{"type":"Feature","properties":{"id":54389,"nach":0.45095857174257115},"geometry":{"type":"LineString","coordinates":[[-0.2635442,51.9660911],[-0.264097,51.9660881],[-0.2641723,51.9660877]]}},
{"type":"Feature","properties":{"id":65151,"nach":0.591922420364147},"geometry":{"type":"LineString","coordinates":[[-0.2641793,51.965918],[-0.2641701,51.9655823]]}},
{"type":"Feature","properties":{"id":65153,"nach":0.38552250367373947},"geometry":{"type":"LineString","coordinates":[[-0.2648862,51.9658285],[-0.2648146,51.965877799999987],[-0.264703,51.9659155],[-0.2641793,51.965918]]}},
{"type":"Feature","properties":{"id":44234,"nach":0.58714844000503541},"geometry":{"type":"LineString","coordinates":[[-0.2642407,51.9667175],[-0.2642727,51.9667862],[-0.2643257,51.9668767],[-0.2643907,51.9669692],[-0.2645472,51.9671383]]}},
{"type":"Feature","properties":{"id":54386,"nach":0.49152092507765982},"geometry":{"type":"LineString","coordinates":[[-0.2635557,51.96693470000001],[-0.2641065,51.9667541],[-0.2642407,51.9667175]]}},
{"type":"Feature","properties":{"id":54388,"nach":0.21211441602351305},"geometry":{"type":"LineString","coordinates":[[-0.2635442,51.9660911],[-0.2635557,51.96693470000001]]}},
{"type":"Feature","properties":{"id":56065,"nach":0.42511882560855946},"geometry":{"type":"LineString","coordinates":[[-0.26290450000001,51.9661013],[-0.2635442,51.9660911]]}},
{"type":"Feature","properties":{"id":82561,"nach":0.57871295899449782},"geometry":{"type":"LineString","coordinates":[[-0.2647617,51.9673775],[-0.2645472,51.9671383]]}},
{"type":"Feature","properties":{"id":56564,"nach":0.52724824834633088},"geometry":{"type":"LineString","coordinates":[[-0.2651385,51.9670913],[-0.2647326,51.9670931],[-0.2645472,51.9671383]]}},
{"type":"Feature","properties":{"id":54373,"nach":0.24322787415604086},"geometry":{"type":"LineString","coordinates":[[-0.2660467,51.9670874],[-0.2660521,51.9663627],[-0.266855,51.9663433],[-0.2680777,51.966346599999987],[-0.2680743,51.9664147],[-0.268095700000012,51.966804700000012],[-0.2680205,51.9669017],[-0.2680206,51.9670327],[-0.2679884,51.9670674],[-0.2679187,51.9670757],[-0.2674202,51.9670815]]}},
{"type":"Feature","properties":{"id":54393,"nach":0.38065641225120167},"geometry":{"type":"LineString","coordinates":[[-0.262662,51.9661033],[-0.2618051,51.966111599999984]]}},
{"type":"Feature","properties":{"id":54395,"nach":0.37261642071865808},"geometry":{"type":"LineString","coordinates":[[-0.262662,51.9661033],[-0.2626567,51.9656166],[-0.262684800000012,51.9655646],[-0.2627103,51.9655406],[-0.2627496,51.9655317],[-0.2641686,51.965529]]}},
{"type":"Feature","properties":{"id":56064,"nach":0.38942893773462556},"geometry":{"type":"LineString","coordinates":[[-0.26290450000001,51.9661013],[-0.262662,51.9661033]]}},
{"type":"Feature","properties":{"id":55790,"nach":0.60015505941757186},"geometry":{"type":"LineString","coordinates":[[-0.2640884,51.9633225],[-0.2640932,51.9630862]]}},
{"type":"Feature","properties":{"id":82546,"nach":0.60267340274179371},"geometry":{"type":"LineString","coordinates":[[-0.264088,51.962958],[-0.2640932,51.9630862]]}},
{"type":"Feature","properties":{"id":53479,"nach":0.41556877421708555},"geometry":{"type":"LineString","coordinates":[[-0.2647456,51.9631512],[-0.264456800000012,51.9631132],[-0.2640932,51.9630862]]}},
{"type":"Feature","properties":{"id":62695,"nach":0.61198323286315337},"geometry":{"type":"LineString","coordinates":[[-0.2641141,51.9637255],[-0.2640884,51.9633225]]}},
{"type":"Feature","properties":{"id":55805,"nach":0.49882380125114589},"geometry":{"type":"LineString","coordinates":[[-0.263833,51.9633231],[-0.2640884,51.9633225]]}},
{"type":"Feature","properties":{"id":64693,"nach":0.41388938502578965},"geometry":{"type":"LineString","coordinates":[[-0.2647488,51.9633842],[-0.2646635,51.9633544],[-0.2643392,51.9633369],[-0.2640884,51.9633225]]}},
{"type":"Feature","properties":{"id":82547,"nach":0.62369535641552587},"geometry":{"type":"LineString","coordinates":[[-0.264088,51.962958],[-0.26408640000001,51.9629189]]}},
{"type":"Feature","properties":{"id":82548,"nach":0.53050123961211515},"geometry":{"type":"LineString","coordinates":[[-0.264088,51.962958],[-0.26386970000001,51.9629596],[-0.2638289,51.9629775]]}},
{"type":"Feature","properties":{"id":34590,"nach":0.51033887035810377},"geometry":{"type":"LineString","coordinates":[[-0.2705132,51.9630777],[-0.270311,51.9629554],[-0.269953600000012,51.9627709]]}},
{"type":"Feature","properties":{"id":64684,"nach":0.5201282104541527},"geometry":{"type":"LineString","coordinates":[[-0.2690756,51.962301],[-0.2694659,51.9625274],[-0.269953600000012,51.9627709]]}},
{"type":"Feature","properties":{"id":17989,"nach":0.3738943452296723},"geometry":{"type":"LineString","coordinates":[[-0.2677656,51.9635756],[-0.2694118,51.9630377],[-0.2695372,51.9629934],[-0.2696371,51.9629513],[-0.2698249,51.9628559],[-0.269953600000012,51.9627709]]}},
{"type":"Feature","properties":{"id":34605,"nach":0.41649821971617168},"geometry":{"type":"LineString","coordinates":[[-0.2699179,51.9639606],[-0.26958990000001,51.9635558],[-0.2695872,51.9635242],[-0.2696063,51.9635065],[-0.2701983,51.9633178],[-0.2703322,51.9632788],[-0.270384,51.9632533],[-0.2704214,51.9632239],[-0.2704531,51.963181],[-0.270496,51.9631072],[-0.2705132,51.9630777]]}},
{"type":"Feature","properties":{"id":64686,"nach":0.40214271322377293},"geometry":{"type":"LineString","coordinates":[[-0.268167,51.962628500000015],[-0.2684427,51.9625748],[-0.268712600000011,51.9624723],[-0.2690756,51.962301]]}},
{"type":"Feature","properties":{"id":68370,"nach":0.27616598224999384},"geometry":{"type":"LineString","coordinates":[[-0.2679581,51.9638061],[-0.2678743,51.9639193],[-0.2678239,51.9641045],[-0.2677469,51.96427030000001],[-0.2676013,51.9645837],[-0.2675128,51.9646787],[-0.2674444,51.9647151],[-0.2672365,51.9647564],[-0.266877100000013,51.9647672],[-0.26681810000001,51.96476220000001],[-0.2667698,51.964745700000016],[-0.266737600000014,51.964726699999986],[-0.2667189,51.9647101],[-0.2666974,51.964635],[-0.2667108,51.9644606],[-0.2668758,51.9639665],[-0.2669737,51.9638417],[-0.2671942,51.9636962],[-0.2674231,51.9636649],[-0.2675967,51.9636252],[-0.2677656,51.9635756]]}},
{"type":"Feature","properties":{"id":68371,"nach":0.20774602888974109},"geometry":{"type":"LineString","coordinates":[[-0.2679581,51.9638061],[-0.2680276,51.9638893],[-0.268118800000013,51.9640283],[-0.2682105,51.9642464],[-0.2682784,51.9644872],[-0.2683166,51.9645809],[-0.2683176,51.9646926],[-0.2683404,51.9654681],[-0.2683472,51.965595]]}},
{"type":"Feature","properties":{"id":67133,"nach":0.65181194952844002},"geometry":{"type":"LineString","coordinates":[[-0.2680438,51.9595334],[-0.2682209,51.9593669]]}},
{"type":"Feature","properties":{"id":28342,"nach":0.65063948456241472},"geometry":{"type":"LineString","coordinates":[[-0.2684922,51.9591371],[-0.2682209,51.9593669]]}},
{"type":"Feature","properties":{"id":17994,"nach":0.5634499497399662},"geometry":{"type":"LineString","coordinates":[[-0.269067100000011,51.9602168],[-0.2687902,51.9598425],[-0.2687594,51.9597991],[-0.2687252,51.95974660000001],[-0.2687044,51.9596751],[-0.2686682,51.9596073],[-0.2686487,51.9595726],[-0.2686266,51.959547],[-0.26858570000001,51.9595226],[-0.2684999,51.959484200000013],[-0.2682692,51.9593872],[-0.2682209,51.9593669]]}},
{"type":"Feature","properties":{"id":82520,"nach":0.65168274012564609},"geometry":{"type":"LineString","coordinates":[[-0.2678613,51.9596802],[-0.2680438,51.9595334]]}},
{"type":"Feature","properties":{"id":67135,"nach":0.44251880967053847},"geometry":{"type":"LineString","coordinates":[[-0.268065100000012,51.9592908],[-0.2678788,51.9594315],[-0.2679659,51.9594948],[-0.2680438,51.9595334]]}},
{"type":"Feature","properties":{"id":17997,"nach":0.52577120734505245},"geometry":{"type":"LineString","coordinates":[[-0.2690993,51.9606176],[-0.269185800000012,51.9604747],[-0.2691945,51.9604387],[-0.2691899,51.960399],[-0.269176400000011,51.9603635],[-0.269067100000011,51.9602168]]}},
{"type":"Feature","properties":{"id":59612,"nach":0.48371964439006881},"geometry":{"type":"LineString","coordinates":[[-0.2686274,51.9603259],[-0.2686735,51.9603259],[-0.2687205,51.960320899999985],[-0.269067100000011,51.9602168]]}},
{"type":"Feature","properties":{"id":17999,"nach":0.41098742324998772},"geometry":{"type":"LineString","coordinates":[[-0.2690396,51.9607259],[-0.2690993,51.9606176]]}},
{"type":"Feature","properties":{"id":82529,"nach":0.49494617820386072},"geometry":{"type":"LineString","coordinates":[[-0.2693003,51.9607292],[-0.2692743,51.9606784],[-0.2692603,51.9606623],[-0.2692234,51.9606478],[-0.2690993,51.9606176]]}},
{"type":"Feature","properties":{"id":59611,"nach":0.41066535378443075},"geometry":{"type":"LineString","coordinates":[[-0.2686274,51.9603259],[-0.2685273,51.9603086],[-0.2682011,51.9602256]]}},
{"type":"Feature","properties":{"id":59610,"nach":0.40633301831505508},"geometry":{"type":"LineString","coordinates":[[-0.2686274,51.9603259],[-0.2683,51.959902400000011]]}},
{"type":"Feature","properties":{"id":82530,"nach":0.21875910694000031},"geometry":{"type":"LineString","coordinates":[[-0.2693003,51.9607292],[-0.26892570000001,51.9608362],[-0.2688707,51.9607532],[-0.268942400000011,51.960623],[-0.26890750000001,51.9605528],[-0.2686883,51.960425900000011],[-0.2686274,51.9603259]]}},
{"type":"Feature","properties":{"id":82528,"nach":0.47379746204426704},"geometry":{"type":"LineString","coordinates":[[-0.2693003,51.9607292],[-0.26931890000001,51.9607582],[-0.2693964,51.9608781],[-0.2695003,51.9610172]]}},
{"type":"Feature","properties":{"id":59606,"nach":0.59563252965883917},"geometry":{"type":"LineString","coordinates":[[-0.2700394,51.9589793],[-0.2701179,51.9590127],[-0.270305,51.9590673],[-0.2707563,51.9591855],[-0.2709863,51.9592499],[-0.2712109,51.9593326]]}},
{"type":"Feature","properties":{"id":59608,"nach":0.34674086451970965},"geometry":{"type":"LineString","coordinates":[[-0.2700394,51.9589793],[-0.2700864,51.9590702],[-0.2702647,51.9592272],[-0.270586600000012,51.9593669],[-0.2710842,51.9597602],[-0.2727042,51.9610337],[-0.2717949,51.9614857],[-0.2718218,51.9616097],[-0.2719639,51.9617593]]}},
{"type":"Feature","properties":{"id":48722,"nach":0.49594128803541365},"geometry":{"type":"LineString","coordinates":[[-0.2746374,51.9599146],[-0.2739185,51.9594191]]}},
{"type":"Feature","properties":{"id":48721,"nach":0.40321520634600277},"geometry":{"type":"LineString","coordinates":[[-0.2735019,51.9596196],[-0.2739185,51.9594191]]}},
{"type":"Feature","properties":{"id":48724,"nach":0.39576672664485396},"geometry":{"type":"LineString","coordinates":[[-0.2746374,51.9599146],[-0.274231500000011,51.96012850000001]]}},
{"type":"Feature","properties":{"id":21156,"nach":0.6097056478304187},"geometry":{"type":"LineString","coordinates":[[-0.2582312,51.950427500000018],[-0.2579332,51.9503364]]}},
{"type":"Feature","properties":{"id":21185,"nach":0.56354617442273969},"geometry":{"type":"LineString","coordinates":[[-0.2580968,51.9502282],[-0.2580182,51.950245200000012],[-0.2579661,51.9502849],[-0.2579332,51.9503364]]}},
{"type":"Feature","properties":{"id":18457,"nach":0.65799456204589812},"geometry":{"type":"LineString","coordinates":[[-0.2579332,51.9503364],[-0.257559974168923,51.950244130725821]]}},
{"type":"Feature","properties":{"id":21158,"nach":0.56391714160542483},"geometry":{"type":"LineString","coordinates":[[-0.2582312,51.950427500000018],[-0.2584903,51.9505172],[-0.2587116,51.9506452],[-0.258986200000011,51.9508367],[-0.2591941,51.9510664],[-0.2596762,51.9515153]]}},
{"type":"Feature","properties":{"id":51135,"nach":0.55445382107653063},"geometry":{"type":"LineString","coordinates":[[-0.25815,51.9504735],[-0.2582312,51.950427500000018]]}},
{"type":"Feature","properties":{"id":21161,"nach":0.60495133713841065},"geometry":{"type":"LineString","coordinates":[[-0.2569892,51.950072],[-0.2571888,51.9501408]]}},
{"type":"Feature","properties":{"id":21176,"nach":0.52721207731345099},"geometry":{"type":"LineString","coordinates":[[-0.2573144,51.9499972],[-0.257229,51.950095],[-0.2571888,51.9501408]]}},
{"type":"Feature","properties":{"id":18457,"nach":0.65799456204589812},"geometry":{"type":"LineString","coordinates":[[-0.257559974168923,51.950244130725821],[-0.2571888,51.9501408]]}},
{"type":"Feature","properties":{"id":78209,"nach":0.45378860495257045},"geometry":{"type":"LineString","coordinates":[[-0.2582813,51.9501456],[-0.2580968,51.9502282]]}},
{"type":"Feature","properties":{"id":78207,"nach":0.52752778901832742},"geometry":{"type":"LineString","coordinates":[[-0.2582645,51.9503266],[-0.2580968,51.9502282]]}},
{"type":"Feature","properties":{"id":21172,"nach":0.65474723522955325},"geometry":{"type":"LineString","coordinates":[[-0.2568873,51.9500274],[-0.2569892,51.950072]]}},
{"type":"Feature","properties":{"id":78211,"nach":0.63706646027738689},"geometry":{"type":"LineString","coordinates":[[-0.2569345,51.9501242],[-0.2569522,51.9501073],[-0.2569892,51.950072]]}},
{"type":"Feature","properties":{"id":21173,"nach":0.61867281845045319},"geometry":{"type":"LineString","coordinates":[[-0.2568873,51.9500274],[-0.2569737,51.949968699999985],[-0.2570146,51.9499443],[-0.2570696,51.9499232],[-0.2571199,51.9499133],[-0.257186300000011,51.949917900000017],[-0.257244,51.9499377],[-0.2573144,51.9499972]]}},
{"type":"Feature","properties":{"id":21180,"nach":0.63281249058362965},"geometry":{"type":"LineString","coordinates":[[-0.2574049,51.9498938],[-0.2573144,51.9499972]]}},
{"type":"Feature","properties":{"id":18479,"nach":0.6113389070061519},"geometry":{"type":"LineString","coordinates":[[-0.2613516,51.9546141],[-0.2614068,51.9546059],[-0.2614638,51.9546057],[-0.2615101,51.9546156],[-0.2615582,51.954638]]}},
{"type":"Feature","properties":{"id":20988,"nach":0.57822348697429282},"geometry":{"type":"LineString","coordinates":[[-0.2612435,51.9546795],[-0.2612658,51.954654],[-0.2612999,51.954630099999989],[-0.2613516,51.9546141]]}},
{"type":"Feature","properties":{"id":20981,"nach":0.60962549875815153},"geometry":{"type":"LineString","coordinates":[[-0.2615582,51.954638],[-0.2618937,51.9546644]]}},
{"type":"Feature","properties":{"id":20982,"nach":0.4043608819728633},"geometry":{"type":"LineString","coordinates":[[-0.2615582,51.954638],[-0.2615878,51.9546736],[-0.2616038,51.9547186],[-0.2615922,51.9547686],[-0.2615604,51.9548039]]}},
{"type":"Feature","properties":{"id":83058,"nach":0.59922028184355502},"geometry":{"type":"LineString","coordinates":[[-0.2697231,51.9542096],[-0.2696687,51.9539153]]}},
{"type":"Feature","properties":{"id":81428,"nach":0.47921652197227749},"geometry":{"type":"LineString","coordinates":[[-0.2696017,51.9539199],[-0.2696687,51.9539153]]}},
{"type":"Feature","properties":{"id":83057,"nach":0.57836087512494394},"geometry":{"type":"LineString","coordinates":[[-0.2697231,51.9542096],[-0.2697603,51.9544105]]}},
{"type":"Feature","properties":{"id":82847,"nach":0.54436166574200839},"geometry":{"type":"LineString","coordinates":[[-0.2703102,51.954374500000014],[-0.2700154,51.9543938],[-0.2698666,51.9544035],[-0.2697603,51.9544105]]}},
{"type":"Feature","properties":{"id":79730,"nach":0.54934803440852553},"geometry":{"type":"LineString","coordinates":[[-0.2717019,51.9537779],[-0.271709,51.95374060000001],[-0.2716982,51.9536913]]}},
{"type":"Feature","properties":{"id":19613,"nach":0.60444200335662401},"geometry":{"type":"LineString","coordinates":[[-0.2716982,51.9536913],[-0.2717346,51.9536654],[-0.2717813,51.9536425]]}},
{"type":"Feature","properties":{"id":77774,"nach":0.68986390887519278},"geometry":{"type":"LineString","coordinates":[[-0.271815300000012,51.95370770000001],[-0.2716982,51.9536913]]}},
{"type":"Feature","properties":{"id":79733,"nach":0.57642577582409171},"geometry":{"type":"LineString","coordinates":[[-0.2717019,51.9537779],[-0.2717704,51.9537814],[-0.2717949,51.9537601],[-0.2718208,51.9537446]]}},
{"type":"Feature","properties":{"id":82850,"nach":0.60970331190570637},"geometry":{"type":"LineString","coordinates":[[-0.271654,51.9541305],[-0.2716986,51.9538142],[-0.2717019,51.9537779]]}},
{"type":"Feature","properties":{"id":81423,"nach":0.57092989484091095},"geometry":{"type":"LineString","coordinates":[[-0.2708752,51.953808100000018],[-0.2710847,51.9537893],[-0.271425,51.9537542],[-0.271607,51.9537398],[-0.2716245,51.953739400000011],[-0.2716366,51.9537492],[-0.2716435,51.9537749],[-0.2717019,51.9537779]]}},
{"type":"Feature","properties":{"id":77782,"nach":0.51128177688741705},"geometry":{"type":"LineString","coordinates":[[-0.2717813,51.9536425],[-0.2717909,51.95366090000001],[-0.271805,51.9536904],[-0.271815300000012,51.95370770000001]]}},
{"type":"Feature","properties":{"id":77783,"nach":0.60653130464409666},"geometry":{"type":"LineString","coordinates":[[-0.2717538,51.9536025],[-0.2717813,51.9536425]]}},
{"type":"Feature","properties":{"id":20975,"nach":0.67354498946056551},"geometry":{"type":"LineString","coordinates":[[-0.2719652,51.9537043],[-0.271815300000012,51.95370770000001]]}},
{"type":"Feature","properties":{"id":77777,"nach":0.63491122436291514},"geometry":{"type":"LineString","coordinates":[[-0.2718208,51.9537446],[-0.271815300000012,51.95370770000001]]}},
{"type":"Feature","properties":{"id":21084,"nach":0.67390349915573866},"geometry":{"type":"LineString","coordinates":[[-0.2618937,51.9546644],[-0.2615604,51.9548039]]}},
{"type":"Feature","properties":{"id":20986,"nach":0.63793843800763161},"geometry":{"type":"LineString","coordinates":[[-0.2612905,51.9548074],[-0.260974100000013,51.9547736]]}},
{"type":"Feature","properties":{"id":20987,"nach":0.55386932174553682},"geometry":{"type":"LineString","coordinates":[[-0.2612905,51.9548074],[-0.2612558,51.9547721],[-0.2612374,51.9547243],[-0.2612435,51.9546795]]}},
{"type":"Feature","properties":{"id":21086,"nach":0.47217571725681895},"geometry":{"type":"LineString","coordinates":[[-0.260974100000013,51.9547736],[-0.2612435,51.9546795]]}},
{"type":"Feature","properties":{"id":21015,"nach":0.54251920011428167},"geometry":{"type":"LineString","coordinates":[[-0.2635695,51.9567779],[-0.2635922,51.9566747],[-0.2635931,51.956595],[-0.2635571,51.9564976],[-0.2634763,51.9562823],[-0.2634683,51.9560304],[-0.2634613,51.9558207],[-0.263419,51.9556275],[-0.2633407,51.9554986],[-0.2632249,51.9553854],[-0.2630188,51.9552846]]}},
{"type":"Feature","properties":{"id":21011,"nach":0.47836663290033815},"geometry":{"type":"LineString","coordinates":[[-0.2623701,51.9561239],[-0.2622255,51.9558767],[-0.2621933,51.9557532],[-0.262237200000011,51.9556612],[-0.2623286,51.9555793],[-0.262799,51.9553883],[-0.2630188,51.9552846]]}},
{"type":"Feature","properties":{"id":21014,"nach":0.5346925021086949},"geometry":{"type":"LineString","coordinates":[[-0.2635695,51.9567779],[-0.2635644,51.95682450000001]]}},
{"type":"Feature","properties":{"id":78282,"nach":0.44527325617717478},"geometry":{"type":"LineString","coordinates":[[-0.264327,51.9571177],[-0.264091,51.9570847],[-0.2638925,51.9569082],[-0.2636658,51.9568223],[-0.2635695,51.9567779]]}},
{"type":"Feature","properties":{"id":21012,"nach":0.39554284087354036},"geometry":{"type":"LineString","coordinates":[[-0.2623701,51.9561239],[-0.2627206,51.9567307],[-0.262855,51.9568667],[-0.2630331,51.956936],[-0.2632368,51.9569339],[-0.2634346,51.9568842],[-0.2635644,51.95682450000001]]}},
{"type":"Feature","properties":{"id":21013,"nach":0.44547826886374076},"geometry":{"type":"LineString","coordinates":[[-0.261849,51.956257],[-0.2623701,51.9561239]]}},
{"type":"Feature","properties":{"id":66458,"nach":0.53914213167335923},"geometry":{"type":"LineString","coordinates":[[-0.2614912,51.9583281],[-0.263595,51.95734370000001],[-0.2636142,51.9572363],[-0.26363980000001,51.95709320000001],[-0.2636298,51.9568542],[-0.2635644,51.95682450000001]]}},
{"type":"Feature","properties":{"id":66459,"nach":0.5563687800353031},"geometry":{"type":"LineString","coordinates":[[-0.2614912,51.9583281],[-0.2614451,51.9583497],[-0.2612985,51.9584513],[-0.2612557,51.9585049],[-0.2612268,51.9585599]]}},
{"type":"Feature","properties":{"id":66460,"nach":0.44237735361774511},"geometry":{"type":"LineString","coordinates":[[-0.2621533,51.9583219],[-0.262061900000011,51.9583293],[-0.2614912,51.9583281]]}},
{"type":"Feature","properties":{"id":21092,"nach":0.6521840885854191},"geometry":{"type":"LineString","coordinates":[[-0.2632846,51.9546627],[-0.263461900000011,51.9549125]]}},
{"type":"Feature","properties":{"id":21094,"nach":0.47121606291131557},"geometry":{"type":"LineString","coordinates":[[-0.2632846,51.9546627],[-0.2636144,51.9545879]]}},
{"type":"Feature","properties":{"id":78292,"nach":0.6067123433452104},"geometry":{"type":"LineString","coordinates":[[-0.2643498,51.9560493],[-0.2642768,51.9559529]]}},
{"type":"Feature","properties":{"id":21023,"nach":0.61294150600876796},"geometry":{"type":"LineString","coordinates":[[-0.2638967,51.9554322],[-0.2642768,51.9559529]]}},
{"type":"Feature","properties":{"id":21028,"nach":0.0},"geometry":{"type":"LineString","coordinates":[[-0.2643868,51.9552792],[-0.264533600000011,51.955448199999985],[-0.2648,51.955768],[-0.2647032,51.9558031],[-0.2646882,51.9558246],[-0.2644094,51.9559116],[-0.2642768,51.9559529]]}},
{"type":"Feature","properties":{"id":78294,"nach":0.59445557283186046},"geometry":{"type":"LineString","coordinates":[[-0.2643498,51.9560493],[-0.2643629,51.9560665],[-0.2644724,51.9562263]]}},
{"type":"Feature","properties":{"id":78293,"nach":0.43569087607409279},"geometry":{"type":"LineString","coordinates":[[-0.2643498,51.9560493],[-0.263890500000011,51.9561594]]}},
{"type":"Feature","properties":{"id":21100,"nach":0.54646290509843554},"geometry":{"type":"LineString","coordinates":[[-0.2641983,51.9553387],[-0.2638967,51.9554322]]}},
{"type":"Feature","properties":{"id":21032,"nach":0.63768047028569741},"geometry":{"type":"LineString","coordinates":[[-0.263461900000011,51.9549125],[-0.2635158,51.954986100000013],[-0.2638248,51.9553493],[-0.2638967,51.9554322]]}},
{"type":"Feature","properties":{"id":21099,"nach":0.457939144757331},"geometry":{"type":"LineString","coordinates":[[-0.2641983,51.9553387],[-0.2643868,51.9552792]]}},
{"type":"Feature","properties":{"id":21097,"nach":0.30344203540406012},"geometry":{"type":"LineString","coordinates":[[-0.2640068,51.9547638],[-0.2640705,51.9548413],[-0.2640451,51.9548565],[-0.26422620000001,51.9550827],[-0.264253,51.9551261],[-0.2643868,51.9552792]]}},
{"type":"Feature","properties":{"id":21102,"nach":0.44881905370723085},"geometry":{"type":"LineString","coordinates":[[-0.2641983,51.9553387],[-0.2643787,51.9555464]]}},
{"type":"Feature","properties":{"id":21103,"nach":0.44862899297312059},"geometry":{"type":"LineString","coordinates":[[-0.2640176,51.9551211],[-0.2641983,51.9553387]]}},
{"type":"Feature","properties":{"id":21095,"nach":0.50650527059619643},"geometry":{"type":"LineString","coordinates":[[-0.2640068,51.9547638],[-0.263461900000011,51.9549125]]}},
{"type":"Feature","properties":{"id":21096,"nach":0.46159120690659433},"geometry":{"type":"LineString","coordinates":[[-0.2640068,51.9547638],[-0.2641013,51.9547315]]}},
{"type":"Feature","properties":{"id":21035,"nach":0.45005694931664958},"geometry":{"type":"LineString","coordinates":[[-0.2631796,51.954387899999986],[-0.2632056,51.9543357],[-0.2632004,51.9542876],[-0.2629966,51.9540634],[-0.262302200000012,51.9534293]]}},
{"type":"Feature","properties":{"id":45034,"nach":0.33324021923984359},"geometry":{"type":"LineString","coordinates":[[-0.260649,51.9525228],[-0.260850100000011,51.9524989],[-0.2610041,51.9525008],[-0.261157800000011,51.9525589],[-0.2615341,51.9527011],[-0.2617582,51.95281210000001],[-0.2619685,51.9528767],[-0.2621196,51.9529474],[-0.2622308,51.9529999],[-0.2626318,51.9533273],[-0.2628981,51.9536113],[-0.262974,51.953705],[-0.2631084,51.9538769],[-0.2633003,51.9541071],[-0.2633686,51.9541897],[-0.263397300000012,51.9542305],[-0.2634001,51.954271300000023],[-0.2633784,51.9542992],[-0.2633111,51.9543362],[-0.2631796,51.954387899999986]]}},
{"type":"Feature","properties":{"id":45032,"nach":0.56366372771975315},"geometry":{"type":"LineString","coordinates":[[-0.260649,51.9525228],[-0.2606225,51.9524803],[-0.2603759,51.9521924],[-0.2600863,51.951929799999988],[-0.2598864,51.9517194],[-0.2596762,51.9515153]]}},
{"type":"Feature","properties":{"id":21089,"nach":0.67024402409388395},"geometry":{"type":"LineString","coordinates":[[-0.25899750000001,51.9550118],[-0.2588493,51.9550544],[-0.258744,51.9550962],[-0.2586287,51.95515240000001],[-0.2585201,51.9552083],[-0.2584861,51.9552258],[-0.2584191,51.95526],[-0.2583666,51.9552885]]}},
{"type":"Feature","properties":{"id":43964,"nach":0.60792677924114891},"geometry":{"type":"LineString","coordinates":[[-0.2588804,51.9548404],[-0.2589427,51.9549143],[-0.25899750000001,51.9550118]]}},
{"type":"Feature","properties":{"id":64147,"nach":0.61229932946015631},"geometry":{"type":"LineString","coordinates":[[-0.2600976,51.9568099],[-0.2598815,51.9571293],[-0.2596909,51.9574251],[-0.259449700000012,51.9577056],[-0.259356,51.9578175]]}},
{"type":"Feature","properties":{"id":64149,"nach":0.41383671509382819},"geometry":{"type":"LineString","coordinates":[[-0.2600976,51.9568099],[-0.2595048,51.9568124],[-0.2593115,51.9568047]]}},
{"type":"Feature","properties":{"id":21055,"nach":0.42851287589157994},"geometry":{"type":"LineString","coordinates":[[-0.2579299,51.9555111],[-0.2580386,51.9555885],[-0.258210200000011,51.9557107],[-0.2583234,51.9557654],[-0.2583921,51.9557783],[-0.258489200000012,51.9557834],[-0.2588071,51.95559],[-0.2588443,51.95556650000001],[-0.258916400000011,51.955527],[-0.25893840000001,51.9555146]]}},
{"type":"Feature","properties":{"id":21054,"nach":0.45994111551959715},"geometry":{"type":"LineString","coordinates":[[-0.2590454,51.9554898],[-0.2589919,51.9554843],[-0.258959400000011,51.9555027],[-0.25893840000001,51.9555146]]}},
{"type":"Feature","properties":{"id":21061,"nach":0.50300150943264554},"geometry":{"type":"LineString","coordinates":[[-0.2583666,51.9552885],[-0.2584137,51.9553208],[-0.2585261,51.9552684],[-0.2585756,51.9552447],[-0.2586546,51.9552097],[-0.25867550000001,51.9552316],[-0.2587379,51.9552866],[-0.258773500000012,51.9553498],[-0.2588226,51.9554019],[-0.258876,51.9554569],[-0.25893840000001,51.9555146]]}},
{"type":"Feature","properties":{"id":64144,"nach":0.47997165520447388},"geometry":{"type":"LineString","coordinates":[[-0.2593115,51.9568047],[-0.2592363,51.956641],[-0.2591281,51.9564445],[-0.258999,51.956214],[-0.2591015,51.956042],[-0.2591836,51.9557783],[-0.259163,51.955729],[-0.2591568,51.9556739],[-0.2590588,51.955580500000011],[-0.2590008,51.9555503],[-0.25893840000001,51.9555146]]}},
{"type":"Feature","properties":{"id":21059,"nach":0.65926964417412071},"geometry":{"type":"LineString","coordinates":[[-0.2583666,51.9552885],[-0.2583185,51.9553146],[-0.2581704,51.955390800000018],[-0.2579299,51.9555111]]}},
{"type":"Feature","properties":{"id":78233,"nach":0.66066893274578953},"geometry":{"type":"LineString","coordinates":[[-0.25746680000001,51.95575310000001],[-0.2576597,51.9556478],[-0.2579299,51.9555111]]}},
{"type":"Feature","properties":{"id":21117,"nach":0.48529497664447968},"geometry":{"type":"LineString","coordinates":[[-0.2544393,51.955462],[-0.2546728,51.9554161],[-0.2550304,51.9553641],[-0.2556415,51.9553243],[-0.2561134,51.9552722],[-0.2564661,51.955232400000021],[-0.2567443,51.9552232],[-0.25701260000001,51.9552324],[-0.2573256,51.9552263],[-0.2575392,51.955232399999986],[-0.257837200000012,51.955269199999982],[-0.258031,51.9553181],[-0.2581103,51.9553595],[-0.2583199,51.9552565],[-0.2583666,51.9552885]]}},
{"type":"Feature","properties":{"id":64145,"nach":0.48839148526581394},"geometry":{"type":"LineString","coordinates":[[-0.2593115,51.9568047],[-0.25938630000001,51.9569674],[-0.2593996,51.95710540000001],[-0.2591528,51.9574552],[-0.2592031,51.9577032],[-0.259356,51.9578175]]}},
{"type":"Feature","properties":{"id":78232,"nach":0.66054167901346028},"geometry":{"type":"LineString","coordinates":[[-0.25746680000001,51.95575310000001],[-0.2574275,51.9557746]]}},
{"type":"Feature","properties":{"id":78235,"nach":0.45983430380351892},"geometry":{"type":"LineString","coordinates":[[-0.2577905,51.9559226],[-0.257625500000011,51.9558483],[-0.2575591,51.9558144],[-0.25746680000001,51.95575310000001]]}},
{"type":"Feature","properties":{"id":59676,"nach":0.53400323425783802},"geometry":{"type":"LineString","coordinates":[[-0.253474,51.953950899999988],[-0.25362960000001,51.9541479],[-0.253897900000011,51.9545446],[-0.2542305,51.955086799999989],[-0.2544393,51.955462]]}},
{"type":"Feature","properties":{"id":31890,"nach":0.49518208276776188},"geometry":{"type":"LineString","coordinates":[[-0.2570153,51.9571053],[-0.2571016,51.9570522],[-0.2571656,51.957033899999985]]}},
{"type":"Feature","properties":{"id":78238,"nach":0.64800774629399049},"geometry":{"type":"LineString","coordinates":[[-0.256788,51.9566682],[-0.256984500000011,51.9568394],[-0.2571656,51.957033899999985]]}},
{"type":"Feature","properties":{"id":21067,"nach":0.64497206011227948},"geometry":{"type":"LineString","coordinates":[[-0.2573164,51.9571783],[-0.2572423,51.9571122],[-0.2571656,51.957033899999985]]}},
{"type":"Feature","properties":{"id":31892,"nach":0.0},"geometry":{"type":"LineString","coordinates":[[-0.2570153,51.9571053],[-0.2571373,51.957252],[-0.2572579,51.9572032],[-0.2573164,51.9571783]]}},
{"type":"Feature","properties":{"id":31932,"nach":0.44487972943501664},"geometry":{"type":"LineString","coordinates":[[-0.256945100000012,51.9572886],[-0.256833,51.9571733],[-0.2570153,51.9571053]]}},
{"type":"Feature","properties":{"id":78236,"nach":0.64170338514357528},"geometry":{"type":"LineString","coordinates":[[-0.256788,51.9566682],[-0.256736,51.9566229]]}},
{"type":"Feature","properties":{"id":78237,"nach":0.49842734996176008},"geometry":{"type":"LineString","coordinates":[[-0.256788,51.9566682],[-0.2566623,51.9566528],[-0.2566016,51.956643900000017],[-0.2565427,51.9566393]]}},
{"type":"Feature","properties":{"id":21069,"nach":0.6441064228129284},"geometry":{"type":"LineString","coordinates":[[-0.2575302,51.9573242],[-0.2573164,51.9571783]]}},
{"type":"Feature","properties":{"id":78295,"nach":0.55544966338940649},"geometry":{"type":"LineString","coordinates":[[-0.2576107,51.9572742],[-0.2575679,51.9573008],[-0.2575302,51.9573242]]}},
{"type":"Feature","properties":{"id":31904,"nach":0.64735791457910574},"geometry":{"type":"LineString","coordinates":[[-0.2576945,51.9574253],[-0.2576336,51.9573908],[-0.2575725,51.95735650000001],[-0.2575302,51.9573242]]}},
{"type":"Feature","properties":{"id":58182,"nach":0.4315612706459237},"geometry":{"type":"LineString","coordinates":[[-0.2583657,51.9569985],[-0.258997500000013,51.9567826]]}},
{"type":"Feature","properties":{"id":58184,"nach":0.51204264839885594},"geometry":{"type":"LineString","coordinates":[[-0.257975400000011,51.9571335],[-0.2583657,51.9569985]]}},
{"type":"Feature","properties":{"id":78240,"nach":0.43762293714603595},"geometry":{"type":"LineString","coordinates":[[-0.2586059,51.9571289],[-0.2585422,51.957110299999989],[-0.258467,51.9570731],[-0.2583657,51.9569985]]}},
{"type":"Feature","properties":{"id":78297,"nach":0.43887868533345353},"geometry":{"type":"LineString","coordinates":[[-0.2576107,51.9572742],[-0.2576671,51.9573107],[-0.257775,51.9573462],[-0.25837450000001,51.9575533],[-0.2587815,51.9576421],[-0.2587501,51.9577147]]}},
{"type":"Feature","properties":{"id":78296,"nach":0.5476675045025079},"geometry":{"type":"LineString","coordinates":[[-0.2576107,51.9572742],[-0.2577402,51.9572225],[-0.257975400000011,51.9571335]]}},
{"type":"Feature","properties":{"id":82255,"nach":0.56665854563340712},"geometry":{"type":"LineString","coordinates":[[-0.2576432,51.9574461],[-0.2576557,51.9574396],[-0.2576945,51.9574253]]}},
{"type":"Feature","properties":{"id":78255,"nach":0.46354592910772396},"geometry":{"type":"LineString","coordinates":[[-0.2590893,51.9579281],[-0.25904640000001,51.957897900000013],[-0.2587501,51.9577147]]}},
{"type":"Feature","properties":{"id":78254,"nach":0.62205264403985061},"geometry":{"type":"LineString","coordinates":[[-0.2590893,51.9579281],[-0.2590647,51.9579724]]}},
{"type":"Feature","properties":{"id":78256,"nach":0.62431072008416999},"geometry":{"type":"LineString","coordinates":[[-0.2590893,51.9579281],[-0.259244200000011,51.957945],[-0.25928950000001,51.9579123],[-0.2593435,51.9578331],[-0.259356,51.9578175]]}},
{"type":"Feature","properties":{"id":30006,"nach":0.65340139667336783},"geometry":{"type":"LineString","coordinates":[[-0.258762,51.957899],[-0.2588214,51.957915100000022],[-0.2588835,51.9579312],[-0.2590064,51.9579596],[-0.2590647,51.9579724]]}},
{"type":"Feature","properties":{"id":82250,"nach":0.50459355962426766},"geometry":{"type":"LineString","coordinates":[[-0.2587243,51.9579581],[-0.258740500000012,51.9579317],[-0.258762,51.957899]]}},
{"type":"Feature","properties":{"id":78251,"nach":0.65032123974083678},"geometry":{"type":"LineString","coordinates":[[-0.2595228,51.9580677],[-0.259373,51.958036600000014],[-0.25915240000001,51.9579905],[-0.2590647,51.9579724]]}},
{"type":"Feature","properties":{"id":78252,"nach":0.60070859597131598},"geometry":{"type":"LineString","coordinates":[[-0.2595228,51.9580677],[-0.2596755,51.9580982],[-0.2597355,51.9581112],[-0.2597947,51.958124],[-0.2598687,51.9581424],[-0.2599394,51.9581604],[-0.2599741,51.958169399999989],[-0.2599972,51.9581763],[-0.2600358,51.9581882],[-0.260117,51.9582151],[-0.2601916,51.9582415],[-0.2602303,51.9582556],[-0.2602442,51.9582619],[-0.2602981,51.9582866],[-0.260346,51.9583096],[-0.260403700000013,51.958337399999984],[-0.2604368,51.9583556],[-0.2604941,51.9583892],[-0.2605617,51.9584305],[-0.260619,51.958467],[-0.260716800000011,51.958527899999986],[-0.260804600000012,51.9585829],[-0.2608676,51.958620299999986],[-0.2609442,51.9586632]]}},
{"type":"Feature","properties":{"id":82261,"nach":0.60373979138813827},"geometry":{"type":"LineString","coordinates":[[-0.259503,51.9581064],[-0.2595228,51.9580677]]}},
{"type":"Feature","properties":{"id":72933,"nach":0.58710832713311101},"geometry":{"type":"LineString","coordinates":[[-0.2598198,51.9543144],[-0.2596696,51.9543409],[-0.2594443,51.9544929],[-0.2588804,51.9548404]]}},
{"type":"Feature","properties":{"id":66156,"nach":0.50778948652450351},"geometry":{"type":"LineString","coordinates":[[-0.2582595,51.9540834],[-0.2582773,51.9541651],[-0.2584339,51.954252],[-0.2584613,51.9542813],[-0.2584459,51.9543179],[-0.2581996,51.9544556],[-0.2581903,51.954483700000011],[-0.2582117,51.9545282],[-0.2586741,51.95480950000001],[-0.2587125,51.9548544],[-0.2588087,51.954870400000011],[-0.2588804,51.9548404]]}},
{"type":"Feature","properties":{"id":82857,"nach":0.63453939138846605},"geometry":{"type":"LineString","coordinates":[[-0.2721466,51.9537741],[-0.2720877,51.953764],[-0.2719503,51.9537468],[-0.2718208,51.9537446]]}},
{"type":"Feature","properties":{"id":82858,"nach":0.4758598669228733},"geometry":{"type":"LineString","coordinates":[[-0.2721466,51.9537741],[-0.2721222,51.9538589],[-0.2721034,51.9539626],[-0.272123500000012,51.9540015],[-0.2721329,51.954032],[-0.272146300000011,51.9540593],[-0.2721698,51.954075],[-0.272204,51.95408530000001],[-0.2723891,51.9541002]]}},
{"type":"Feature","properties":{"id":21114,"nach":0.56920373465788021},"geometry":{"type":"LineString","coordinates":[[-0.2515661,51.9526448],[-0.252223800000011,51.9523832]]}},
{"type":"Feature","properties":{"id":45864,"nach":0.60829208950834734},"geometry":{"type":"LineString","coordinates":[[-0.253114,51.9519124],[-0.253073,51.9519412],[-0.2529954,51.95199],[-0.2523468,51.9523307],[-0.252274,51.9523631],[-0.252223800000011,51.9523832]]}},
{"type":"Feature","properties":{"id":59677,"nach":0.54677215116666178},"geometry":{"type":"LineString","coordinates":[[-0.253474,51.953950899999988],[-0.2532327,51.9536454],[-0.2526104,51.9530503],[-0.2523422,51.952746099999985],[-0.2523744,51.95268],[-0.252223800000011,51.9523832]]}},
{"type":"Feature","properties":{"id":21212,"nach":0.56488722146592407},"geometry":{"type":"LineString","coordinates":[[-0.251711,51.9528921],[-0.2515661,51.9526448]]}},
{"type":"Feature","properties":{"id":22869,"nach":0.42316026432399512},"geometry":{"type":"LineString","coordinates":[[-0.248564500000012,51.95136059999998],[-0.2492115,51.95153],[-0.2500826,51.9517721],[-0.2505227,51.9519005],[-0.2507313,51.9519752],[-0.2509159,51.9520647],[-0.25111550000001,51.952185900000011],[-0.2512846,51.9523275],[-0.251436,51.952480100000024],[-0.2515661,51.9526448]]}},
{"type":"Feature","properties":{"id":45863,"nach":0.62175890560550906},"geometry":{"type":"LineString","coordinates":[[-0.253114,51.9519124],[-0.2534513,51.9516608]]}},
{"type":"Feature","properties":{"id":45865,"nach":0.47034926825734091},"geometry":{"type":"LineString","coordinates":[[-0.253114,51.9519124],[-0.2527586,51.951696900000023],[-0.2529473,51.9514209]]}},
{"type":"Feature","properties":{"id":62991,"nach":0.56868934295982787},"geometry":{"type":"LineString","coordinates":[[-0.2534983,51.9521492],[-0.2531657,51.951955],[-0.253114,51.9519124]]}},
{"type":"Feature","properties":{"id":31681,"nach":0.56835687988556938},"geometry":{"type":"LineString","coordinates":[[-0.2503796,51.9532015],[-0.251711,51.9528921]]}},
{"type":"Feature","properties":{"id":83040,"nach":0.53118747059180138},"geometry":{"type":"LineString","coordinates":[[-0.2549959,51.9559811],[-0.2550212,51.9559568],[-0.255052800000012,51.9559266]]}},
{"type":"Feature","properties":{"id":55276,"nach":0.59501640661047384},"geometry":{"type":"LineString","coordinates":[[-0.255791500000011,51.9561648],[-0.255534100000011,51.9560888],[-0.2553061,51.9560169],[-0.255052800000012,51.9559266]]}},
{"type":"Feature","properties":{"id":43287,"nach":0.55128490911500716},"geometry":{"type":"LineString","coordinates":[[-0.2610103,51.9543015],[-0.260898600000011,51.9542804],[-0.2608015,51.9542505],[-0.260558200000012,51.9541765],[-0.2603271,51.9540911],[-0.2600783,51.9539618],[-0.2598604,51.953840600000021],[-0.2596194,51.9536729],[-0.2594447,51.953556],[-0.2592939,51.9534289],[-0.2591148,51.9533026],[-0.2589288,51.9531938],[-0.2583852,51.9528968],[-0.2578455,51.9526004]]}},
{"type":"Feature","properties":{"id":43963,"nach":0.60340490871454078},"geometry":{"type":"LineString","coordinates":[[-0.259937100000011,51.9542718],[-0.2600844,51.9543341],[-0.2606359,51.954346],[-0.2610103,51.9543015]]}},
{"type":"Feature","properties":{"id":22851,"nach":0.5516277122892197},"geometry":{"type":"LineString","coordinates":[[-0.2549918,51.9511027],[-0.2553516,51.9512831],[-0.2578455,51.9526004]]}},
{"type":"Feature","properties":{"id":21133,"nach":0.54770017844673879},"geometry":{"type":"LineString","coordinates":[[-0.258375900000012,51.952120900000011],[-0.258354100000011,51.9522231],[-0.2583081,51.9523108],[-0.2581976,51.9523898],[-0.2581154,51.9524562],[-0.2579843,51.952536],[-0.2578455,51.9526004]]}},
{"type":"Feature","properties":{"id":63704,"nach":0.55245621022980129},"geometry":{"type":"LineString","coordinates":[[-0.2548505,51.9510331],[-0.2549918,51.9511027]]}},
{"type":"Feature","properties":{"id":62981,"nach":0.42804232536812808},"geometry":{"type":"LineString","coordinates":[[-0.2545003,51.9514499],[-0.254931,51.9511435],[-0.2549918,51.9511027]]}},
{"type":"Feature","properties":{"id":21134,"nach":0.5408229308896535},"geometry":{"type":"LineString","coordinates":[[-0.258375900000012,51.952120900000011],[-0.2583871,51.9520945],[-0.2584596,51.9519548]]}},
{"type":"Feature","properties":{"id":21132,"nach":0.44984776567605067},"geometry":{"type":"LineString","coordinates":[[-0.258375900000012,51.952120900000011],[-0.2588026,51.9523273]]}},
{"type":"Feature","properties":{"id":21141,"nach":0.53544084334687936},"geometry":{"type":"LineString","coordinates":[[-0.2578045,51.951546],[-0.2579194,51.9516367],[-0.2579717,51.9516679],[-0.258019,51.9517046],[-0.2583888,51.951920700000016],[-0.2584596,51.9519548]]}},
{"type":"Feature","properties":{"id":21139,"nach":0.47918917478477668},"geometry":{"type":"LineString","coordinates":[[-0.2591781,51.9516532],[-0.2591302,51.9516993],[-0.2590605,51.9517665],[-0.2588915,51.9519149],[-0.25886130000001,51.951935900000016],[-0.2588191,51.9519529],[-0.2587581,51.9519674],[-0.258685,51.9519769],[-0.2586186,51.9519769],[-0.2585468,51.9519682],[-0.2584596,51.9519548]]}},
{"type":"Feature","properties":{"id":21151,"nach":0.54096173936154324},"geometry":{"type":"LineString","coordinates":[[-0.2573926,51.9512622],[-0.2574515,51.9512954],[-0.2575256,51.9513383],[-0.2576047,51.9513892],[-0.2576872,51.9514499],[-0.2578045,51.951546]]}},
{"type":"Feature","properties":{"id":21155,"nach":0.43227666407569909},"geometry":{"type":"LineString","coordinates":[[-0.2586991,51.9512007],[-0.2586032,51.9511393],[-0.2585643,51.9511259],[-0.258511,51.9511232],[-0.258457700000011,51.9511282],[-0.2584023,51.9511489],[-0.2583199,51.9511976],[-0.2582029,51.951293099999987],[-0.2581358,51.9513509],[-0.2580567,51.9514063],[-0.2579739,51.9514613],[-0.2578411,51.9515276],[-0.2578045,51.951546]]}},
{"type":"Feature","properties":{"id":49121,"nach":0.52107421109439755},"geometry":{"type":"LineString","coordinates":[[-0.2595721,51.9515742],[-0.2593394,51.9517132],[-0.2591781,51.9516532]]}},
{"type":"Feature","properties":{"id":78337,"nach":0.44925837697061871},"geometry":{"type":"LineString","coordinates":[[-0.2591644,51.95139],[-0.2590135,51.9514933],[-0.2590203,51.9516024],[-0.2591781,51.9516532]]}},
{"type":"Feature","properties":{"id":49120,"nach":0.35992954300715047},"geometry":{"type":"LineString","coordinates":[[-0.2595721,51.9515742],[-0.2596762,51.9515153]]}},
{"type":"Feature","properties":{"id":51137,"nach":0.55196123982262879},"geometry":{"type":"LineString","coordinates":[[-0.25815,51.9504735],[-0.2585989,51.9507389],[-0.2588989,51.9509474],[-0.2591682,51.9511517],[-0.2595721,51.9515742]]}},
{"type":"Feature","properties":{"id":51141,"nach":0.55809267815045993},"geometry":{"type":"LineString","coordinates":[[-0.2607628,51.95299940000001],[-0.2604738,51.9524968],[-0.26019780000001,51.9522001],[-0.2595721,51.9515742]]}},
{"type":"Feature","properties":{"id":21152,"nach":0.56317681451910451},"geometry":{"type":"LineString","coordinates":[[-0.2573926,51.9512622],[-0.25728090000001,51.9512008],[-0.2572567,51.9511558],[-0.2572518,51.9511009]]}},
{"type":"Feature","properties":{"id":56933,"nach":0.51216861983160678},"geometry":{"type":"LineString","coordinates":[[-0.2570331,51.9516369],[-0.2569905,51.9515958],[-0.2569905,51.9515586],[-0.257016,51.9515156],[-0.2570555,51.9514772],[-0.257362,51.95128170000001],[-0.2573926,51.9512622]]}},
{"type":"Feature","properties":{"id":21148,"nach":0.57367643272077473},"geometry":{"type":"LineString","coordinates":[[-0.257735800000011,51.9507567],[-0.2575853,51.9508292],[-0.2574893,51.9508901],[-0.2573596,51.9509596],[-0.2572745,51.951042099999981],[-0.2572518,51.9511009]]}},
{"type":"Feature","properties":{"id":21150,"nach":0.43645895296386072},"geometry":{"type":"LineString","coordinates":[[-0.2561541,51.9512919],[-0.2562307,51.951205700000017],[-0.256294,51.9511276],[-0.2563863,51.9510626],[-0.2565209,51.9510187],[-0.256671300000012,51.9509845],[-0.256856,51.9510008],[-0.2570038,51.9510496],[-0.2572518,51.9511009]]}},
{"type":"Feature","properties":{"id":66113,"nach":0.5917216653665941},"geometry":{"type":"LineString","coordinates":[[-0.257769,51.9507407],[-0.257735800000011,51.9507567]]}},
{"type":"Feature","properties":{"id":21159,"nach":0.44523323447584306},"geometry":{"type":"LineString","coordinates":[[-0.2569972,51.9505254],[-0.2571508,51.950593199999986],[-0.2572466,51.9506218],[-0.2573345,51.9506378],[-0.2574264,51.950645699999988],[-0.2574833,51.9506492],[-0.257531,51.9506568],[-0.2575893,51.9506715],[-0.257649,51.9506986],[-0.257735800000011,51.9507567]]}},
{"type":"Feature","properties":{"id":66114,"nach":0.60625102548078891},"geometry":{"type":"LineString","coordinates":[[-0.257769,51.9507407],[-0.2578796,51.950687399999985],[-0.2580104,51.9506155],[-0.2580902,51.9505498],[-0.25815,51.9504735]]}},
{"type":"Feature","properties":{"id":66116,"nach":0.44455547698864806},"geometry":{"type":"LineString","coordinates":[[-0.258455,51.9507912],[-0.258176,51.9509693],[-0.257769,51.9507407]]}},
{"type":"Feature","properties":{"id":56932,"nach":0.4326470347296491},"geometry":{"type":"LineString","coordinates":[[-0.2570331,51.9516369],[-0.2570446,51.9516627],[-0.25712340000001,51.9517282],[-0.2572254,51.9517999],[-0.2573019,51.9518598],[-0.2573684,51.9519095],[-0.25743270000001,51.9519667],[-0.257469,51.9520007]]}},
{"type":"Feature","properties":{"id":56935,"nach":0.43626621042128483},"geometry":{"type":"LineString","coordinates":[[-0.2566924,51.9518407],[-0.2567618,51.9517784],[-0.2568268,51.9517268],[-0.2568816,51.9516823],[-0.2569452,51.9516565],[-0.2570331,51.9516369]]}},
{"type":"Feature","properties":{"id":53945,"nach":0.59997703298995686},"geometry":{"type":"LineString","coordinates":[[-0.257422,51.9503233],[-0.257875100000011,51.950390099999986],[-0.25815,51.9504735]]}},
{"type":"Feature","properties":{"id":45484,"nach":0.68673241264941243},"geometry":{"type":"LineString","coordinates":[[-0.2563506,51.94971790000001],[-0.2566431,51.9499096],[-0.2567632,51.949969900000013],[-0.2568873,51.9500274]]}},
{"type":"Feature","properties":{"id":78210,"nach":0.59402971176967689},"geometry":{"type":"LineString","coordinates":[[-0.2569345,51.9501242],[-0.2568939,51.950163],[-0.2566485,51.9503725]]}},
{"type":"Feature","properties":{"id":78212,"nach":0.60206141831276283},"geometry":{"type":"LineString","coordinates":[[-0.2569345,51.9501242],[-0.2570629,51.9501605],[-0.2571293,51.9501935],[-0.2572346,51.9502531],[-0.257364,51.9503084],[-0.257422,51.9503233]]}},
{"type":"Feature","properties":{"id":21169,"nach":0.54864946227867561},"geometry":{"type":"LineString","coordinates":[[-0.2566485,51.9503725],[-0.2560229,51.9508261]]}},
{"type":"Feature","properties":{"id":26100,"nach":0.43768860632254869},"geometry":{"type":"LineString","coordinates":[[-0.255426600000011,51.9512529],[-0.2560229,51.9508261]]}},
{"type":"Feature","properties":{"id":26097,"nach":0.51116029018557629},"geometry":{"type":"LineString","coordinates":[[-0.2555082,51.950594],[-0.2557176,51.9506721],[-0.2560229,51.9508261]]}},
{"type":"Feature","properties":{"id":21171,"nach":0.52402267688924697},"geometry":{"type":"LineString","coordinates":[[-0.2566485,51.9503725],[-0.2564621,51.9502882],[-0.2562659,51.9501609]]}},
{"type":"Feature","properties":{"id":81930,"nach":0.43232382037934597},"geometry":{"type":"LineString","coordinates":[[-0.2547923,51.9508925],[-0.2550072,51.9507691],[-0.2550825,51.950762399999988],[-0.2551552,51.950724],[-0.2555082,51.950594]]}},
{"type":"Feature","properties":{"id":81929,"nach":0.43563702277480626},"geometry":{"type":"LineString","coordinates":[[-0.2557262,51.9503962],[-0.2555757,51.950495299999986],[-0.2555605,51.9505268],[-0.2555082,51.950594]]}},
{"type":"Feature","properties":{"id":63812,"nach":0.44775260056391802},"geometry":{"type":"LineString","coordinates":[[-0.2559976,51.9503254],[-0.2560785,51.9502767],[-0.2561815,51.9502149],[-0.2562659,51.9501609]]}},
{"type":"Feature","properties":{"id":63813,"nach":0.44814140964745786},"geometry":{"type":"LineString","coordinates":[[-0.2564868,51.9500154],[-0.256431700000011,51.9500562],[-0.2563434,51.9501129],[-0.2562659,51.9501609]]}},
{"type":"Feature","properties":{"id":45495,"nach":0.60893468657593819},"geometry":{"type":"LineString","coordinates":[[-0.25602870000001,51.94949230000001],[-0.2563506,51.94971790000001]]}},
{"type":"Feature","properties":{"id":45488,"nach":0.66343036687304191},"geometry":{"type":"LineString","coordinates":[[-0.2559511,51.9499047],[-0.2563506,51.94971790000001]]}},
{"type":"Feature","properties":{"id":21181,"nach":0.66148536832832772},"geometry":{"type":"LineString","coordinates":[[-0.2574049,51.9498938],[-0.257491,51.9498255],[-0.2576157,51.9497902]]}},
{"type":"Feature","properties":{"id":53944,"nach":0.59350030947176347},"geometry":{"type":"LineString","coordinates":[[-0.2574049,51.9498938],[-0.257559974168923,51.950244130725821]]}},
{"type":"Feature","properties":{"id":21187,"nach":0.64439460407475257},"geometry":{"type":"LineString","coordinates":[[-0.2595922,51.9488419],[-0.25944540000001,51.948919500000017],[-0.258862,51.9492302],[-0.258743700000013,51.9492419],[-0.2583822,51.9494348],[-0.2583556,51.94949350000001],[-0.2582445,51.9495715],[-0.2580392,51.9496695],[-0.2578313,51.9497414],[-0.2576157,51.9497902]]}},
{"type":"Feature","properties":{"id":40452,"nach":0.61891230346717074},"geometry":{"type":"LineString","coordinates":[[-0.2570891,51.9494237],[-0.2574579,51.9496778],[-0.2576157,51.9497902]]}},
{"type":"Feature","properties":{"id":53944,"nach":0.59350030947176347},"geometry":{"type":"LineString","coordinates":[[-0.257559974168923,51.950244130725821],[-0.257422,51.9503233]]}},
{"type":"Feature","properties":{"id":78206,"nach":0.45202932662668704},"geometry":{"type":"LineString","coordinates":[[-0.2582645,51.9503266],[-0.2584101,51.9502539]]}},
{"type":"Feature","properties":{"id":78208,"nach":0.45147490350651681},"geometry":{"type":"LineString","coordinates":[[-0.2582645,51.9503266],[-0.2583738,51.9503729],[-0.2584174,51.9503725],[-0.258455,51.9503597],[-0.2585187,51.9503279]]}},
{"type":"Feature","properties":{"id":21802,"nach":0.5633736038267807},"geometry":{"type":"LineString","coordinates":[[-0.2626771,51.950029700000016],[-0.2625072,51.9500232],[-0.2622423,51.9499627],[-0.261787,51.9498465],[-0.261334,51.9497148],[-0.2611493,51.9496571],[-0.2609624,51.9495774],[-0.260637,51.949408700000014],[-0.2603694,51.949261]]}},
{"type":"Feature","properties":{"id":21808,"nach":0.50488898753399258},"geometry":{"type":"LineString","coordinates":[[-0.2614876,51.949579900000018],[-0.2616174,51.9496674],[-0.2621577,51.9498439],[-0.2626771,51.950029700000016]]}},
{"type":"Feature","properties":{"id":55625,"nach":0.55621565583102639},"geometry":{"type":"LineString","coordinates":[[-0.2627727,51.94967],[-0.2627373,51.9497196],[-0.26264590000001,51.9498067],[-0.2626375,51.9498989],[-0.2626506,51.9499549],[-0.2626771,51.950029700000016]]}},
{"type":"Feature","properties":{"id":47682,"nach":0.53403789450334771},"geometry":{"type":"LineString","coordinates":[[-0.2496567,51.9533623],[-0.2502997,51.95322010000001],[-0.2503796,51.9532015]]}},
{"type":"Feature","properties":{"id":47681,"nach":0.42036071436918337},"geometry":{"type":"LineString","coordinates":[[-0.2496567,51.9533623],[-0.2498443,51.9537024]]}},
{"type":"Feature","properties":{"id":62936,"nach":0.48758505219554038},"geometry":{"type":"LineString","coordinates":[[-0.2505404,51.9534416],[-0.2503796,51.9532015]]}},
{"type":"Feature","properties":{"id":47674,"nach":0.44651399671421338},"geometry":{"type":"LineString","coordinates":[[-0.2483433,51.9522592],[-0.2483903,51.9522712],[-0.2494581,51.9525332],[-0.2496982,51.95260420000001],[-0.2498403,51.9526736],[-0.2499725,51.9527522],[-0.2501636,51.9528926],[-0.250269,51.9530315],[-0.2503796,51.9532015]]}},
{"type":"Feature","properties":{"id":44004,"nach":0.47270757118053941},"geometry":{"type":"LineString","coordinates":[[-0.267453,51.9540071],[-0.2674361,51.9536553]]}},
{"type":"Feature","properties":{"id":77737,"nach":0.71419376743418383},"geometry":{"type":"LineString","coordinates":[[-0.2676616,51.9539962],[-0.267453,51.9540071]]}},
{"type":"Feature","properties":{"id":77746,"nach":0.51850481256136705},"geometry":{"type":"LineString","coordinates":[[-0.2674745,51.9540664],[-0.267453,51.9540071]]}},
{"type":"Feature","properties":{"id":61791,"nach":0.43282863701466889},"geometry":{"type":"LineString","coordinates":[[-0.2493314,51.9595722],[-0.249514800000011,51.9598309]]}},
{"type":"Feature","properties":{"id":61796,"nach":0.48423770491421508},"geometry":{"type":"LineString","coordinates":[[-0.2499421,51.9596795],[-0.24982410000001,51.9597266],[-0.2497621,51.9597502],[-0.2496603,51.9597846],[-0.2495877,51.9598045],[-0.249514800000011,51.9598309]]}},
{"type":"Feature","properties":{"id":77695,"nach":0.40880203411837568},"geometry":{"type":"LineString","coordinates":[[-0.2492838,51.9599982],[-0.2491412,51.960063],[-0.2488413,51.9601898],[-0.248639,51.9602823],[-0.24846030000001,51.9603743],[-0.2482811,51.9604415],[-0.2482195,51.9604602],[-0.2481396,51.9605039],[-0.2479768,51.9606069],[-0.2478274,51.9606965],[-0.2475302,51.9608862],[-0.2473121,51.961044499999986],[-0.247071700000011,51.9611924],[-0.2466475,51.9614508],[-0.2459434,51.9618829],[-0.2452853,51.9623126],[-0.24519920000001,51.9623747]]}},
{"type":"Feature","properties":{"id":77698,"nach":0.31986629163475228},"geometry":{"type":"LineString","coordinates":[[-0.2493341,51.9600446],[-0.2492838,51.9599982]]}},
{"type":"Feature","properties":{"id":54851,"nach":0.63829976123937948},"geometry":{"type":"LineString","coordinates":[[-0.2642294,51.9617465],[-0.2643161,51.9616742],[-0.2644019,51.96161]]}},
{"type":"Feature","properties":{"id":51155,"nach":0.0},"geometry":{"type":"LineString","coordinates":[[-0.256596100000012,51.9689211],[-0.2564265,51.9685096],[-0.255728,51.968657],[-0.2553716,51.9687644],[-0.2552735,51.9686266],[-0.2559696,51.9679877],[-0.2575732,51.9666363],[-0.2576934,51.9666374],[-0.2577483,51.9665879],[-0.257728,51.9665069],[-0.2585939,51.9658044],[-0.2602384,51.9645525],[-0.262646,51.9624859],[-0.2630323,51.962104400000023],[-0.2635997,51.9615471],[-0.2637181,51.9614428],[-0.2638819,51.9613214],[-0.2644019,51.96161]]}},
{"type":"Feature","properties":{"id":54852,"nach":0.41066879704386888},"geometry":{"type":"LineString","coordinates":[[-0.2642294,51.9617465],[-0.2647537,51.9619775],[-0.2648479,51.962002],[-0.2650824,51.9620394],[-0.2655807,51.962331]]}},
{"type":"Feature","properties":{"id":82121,"nach":0.42512854456149901},"geometry":{"type":"LineString","coordinates":[[-0.2637255,51.96152210000001],[-0.2642294,51.9617465]]}},
{"type":"Feature","properties":{"id":54859,"nach":0.63466910650115882},"geometry":{"type":"LineString","coordinates":[[-0.2640687,51.9622624],[-0.2640652,51.9620963],[-0.26407980000001,51.9620002],[-0.26410990000001,51.9618982],[-0.264156,51.9618232],[-0.2642294,51.9617465]]}},
{"type":"Feature","properties":{"id":49167,"nach":0.6039706985442066},"geometry":{"type":"LineString","coordinates":[[-0.2545425,51.9505396],[-0.254283700000011,51.9507194]]}},
{"type":"Feature","properties":{"id":63705,"nach":0.54247479156185074},"geometry":{"type":"LineString","coordinates":[[-0.2548505,51.9510331],[-0.254714,51.9509658],[-0.2543425,51.9507593],[-0.254283700000011,51.9507194]]}},
{"type":"Feature","properties":{"id":22853,"nach":0.58761018927926878},"geometry":{"type":"LineString","coordinates":[[-0.253945200000012,51.9508837],[-0.2540597,51.9508605],[-0.254283700000011,51.9507194]]}},
{"type":"Feature","properties":{"id":58456,"nach":0.59983673460243092},"geometry":{"type":"LineString","coordinates":[[-0.2546712,51.9504497],[-0.2546162,51.9504884],[-0.2545425,51.9505396]]}},
{"type":"Feature","properties":{"id":49171,"nach":0.51530252397062704},"geometry":{"type":"LineString","coordinates":[[-0.2539536,51.9502828],[-0.25404950000001,51.9503229],[-0.2541011,51.950339],[-0.2541661,51.9503568],[-0.2542243,51.9503782],[-0.2544363,51.950487400000014],[-0.2545425,51.9505396]]}},
{"type":"Feature","properties":{"id":78319,"nach":0.4630853198695225},"geometry":{"type":"LineString","coordinates":[[-0.2541484,51.951271],[-0.25435590000001,51.9511255],[-0.254698,51.9510624],[-0.2548505,51.9510331]]}},
{"type":"Feature","properties":{"id":49195,"nach":0.60401090796387391},"geometry":{"type":"LineString","coordinates":[[-0.2536149,51.9505815],[-0.2537793,51.9506868],[-0.253945200000012,51.9508837]]}},
{"type":"Feature","properties":{"id":62977,"nach":0.63295218739446535},"geometry":{"type":"LineString","coordinates":[[-0.2539931,51.951192],[-0.2540175,51.951093100000016],[-0.253945200000012,51.9508837]]}},
{"type":"Feature","properties":{"id":78318,"nach":0.42903326773820089},"geometry":{"type":"LineString","coordinates":[[-0.2541484,51.951271],[-0.2545003,51.9514499]]}},
{"type":"Feature","properties":{"id":62984,"nach":0.43704048356968112},"geometry":{"type":"LineString","coordinates":[[-0.2541389,51.9517052],[-0.2545003,51.9514499]]}},
{"type":"Feature","properties":{"id":49194,"nach":0.52293779190223455},"geometry":{"type":"LineString","coordinates":[[-0.2536149,51.9505815],[-0.2532911,51.9504199]]}},
{"type":"Feature","properties":{"id":49196,"nach":0.58499725422589111},"geometry":{"type":"LineString","coordinates":[[-0.2536149,51.9505815],[-0.2537437,51.9504981],[-0.2538436,51.9504312],[-0.2539046,51.9503617],[-0.2539536,51.9502828]]}},
{"type":"Feature","properties":{"id":78317,"nach":0.51895885240358497},"geometry":{"type":"LineString","coordinates":[[-0.2541484,51.951271],[-0.2539931,51.951192]]}},
{"type":"Feature","properties":{"id":62987,"nach":0.6302672452788749},"geometry":{"type":"LineString","coordinates":[[-0.253717,51.9514694],[-0.253916,51.9512987],[-0.2539931,51.951192]]}},
{"type":"Feature","properties":{"id":62989,"nach":0.39506437050677362},"geometry":{"type":"LineString","coordinates":[[-0.2534983,51.9521492],[-0.253902,51.9518725]]}},
{"type":"Feature","properties":{"id":62983,"nach":0.48304405401200445},"geometry":{"type":"LineString","coordinates":[[-0.2541389,51.9517052],[-0.253902,51.9518725]]}},
{"type":"Feature","properties":{"id":43283,"nach":0.43257854981366795},"geometry":{"type":"LineString","coordinates":[[-0.2534513,51.9516608],[-0.2535385,51.9516838],[-0.253902,51.9518725]]}},
{"type":"Feature","properties":{"id":82138,"nach":0.5618651817304644},"geometry":{"type":"LineString","coordinates":[[-0.2544877,51.9528056],[-0.254365700000011,51.9526943],[-0.2540801,51.9525966],[-0.25390040000001,51.952489900000018],[-0.2538525,51.95240170000001],[-0.2537735,51.9523478],[-0.25360520000001,51.9522566],[-0.2534983,51.9521492]]}},
{"type":"Feature","properties":{"id":62986,"nach":0.46617303537989868},"geometry":{"type":"LineString","coordinates":[[-0.253717,51.9514694],[-0.2541389,51.9517052]]}},
{"type":"Feature","properties":{"id":62985,"nach":0.62160335393707822},"geometry":{"type":"LineString","coordinates":[[-0.253717,51.9514694],[-0.2534513,51.9516608]]}},
{"type":"Feature","properties":{"id":45861,"nach":0.40145498345363995},"geometry":{"type":"LineString","coordinates":[[-0.2529473,51.9514209],[-0.253348,51.9516222],[-0.2534513,51.9516608]]}},
{"type":"Feature","properties":{"id":62931,"nach":0.47676555048394964},"geometry":{"type":"LineString","coordinates":[[-0.2526847,51.9507074],[-0.2525798,51.9507796]]}},
{"type":"Feature","properties":{"id":45860,"nach":0.48523666702429114},"geometry":{"type":"LineString","coordinates":[[-0.2529473,51.9514209],[-0.2528505,51.951371],[-0.25280220000001,51.9513082],[-0.252813,51.9512239],[-0.2528036,51.9511838],[-0.2524985,51.9509937],[-0.2524509,51.950957699999989],[-0.2524227,51.9509234],[-0.252416,51.95089320000001],[-0.2525798,51.9507796]]}},
{"type":"Feature","properties":{"id":45460,"nach":0.45524611191778958},"geometry":{"type":"LineString","coordinates":[[-0.2514545,51.950119799999989],[-0.2516028,51.950162],[-0.2517012,51.9501927],[-0.251798500000011,51.9502299],[-0.2517447,51.9502825],[-0.2516915,51.9503251],[-0.2518015,51.950396499999982],[-0.2521594,51.9505788],[-0.2525798,51.9507796]]}},
{"type":"Feature","properties":{"id":62933,"nach":0.0},"geometry":{"type":"LineString","coordinates":[[-0.2526847,51.9507074],[-0.2526037,51.9507152],[-0.2523884,51.9506059],[-0.2524807,51.9505403],[-0.25291,51.9502129]]}},
{"type":"Feature","properties":{"id":62932,"nach":0.49489090117957973},"geometry":{"type":"LineString","coordinates":[[-0.2526847,51.9507074],[-0.2529075,51.9506006],[-0.2530061,51.9505349],[-0.2530845,51.9504415]]}},
{"type":"Feature","properties":{"id":31025,"nach":0.60909846760549347},"geometry":{"type":"LineString","coordinates":[[-0.2610629,51.9587218],[-0.2609442,51.9586632]]}},
{"type":"Feature","properties":{"id":22877,"nach":0.57446311729960153},"geometry":{"type":"LineString","coordinates":[[-0.2612268,51.9585599],[-0.2610209,51.9586069],[-0.2609442,51.9586632]]}},
{"type":"Feature","properties":{"id":82243,"nach":0.47602153246298068},"geometry":{"type":"LineString","coordinates":[[-0.2609959,51.9587747],[-0.2610629,51.9587218]]}},
{"type":"Feature","properties":{"id":82283,"nach":0.59688582591475892},"geometry":{"type":"LineString","coordinates":[[-0.2613658,51.958849900000011],[-0.2610629,51.9587218]]}},
{"type":"Feature","properties":{"id":66038,"nach":0.44190818116799069},"geometry":{"type":"LineString","coordinates":[[-0.261808,51.9588189],[-0.2612268,51.9585599]]}},
{"type":"Feature","properties":{"id":58666,"nach":0.32999578851319306},"geometry":{"type":"LineString","coordinates":[[-0.2744959,51.9671816],[-0.2745308,51.9670763],[-0.2745798,51.9669176],[-0.2746491,51.9667386],[-0.274769,51.9664799],[-0.2747943,51.9664309],[-0.2748218,51.9663892],[-0.27486610000001,51.9663152],[-0.2748949,51.9662524],[-0.274976,51.9660835],[-0.2750411,51.965894300000016],[-0.2750941,51.965824],[-0.2751356,51.9657753],[-0.2751504,51.9657149],[-0.2751506,51.9656509],[-0.2751651,51.9655232],[-0.275157100000012,51.9653902],[-0.2751544,51.9652225],[-0.2751591,51.9651547],[-0.275202,51.9650729],[-0.2752215,51.9650266],[-0.2751853,51.9649634],[-0.2750968,51.9648994],[-0.275162800000011,51.9645504],[-0.2752053,51.9644933],[-0.27519,51.964397],[-0.2751578,51.9643652],[-0.2751195,51.9643457],[-0.2750029,51.9643251],[-0.274710500000011,51.9642829],[-0.2745657,51.9642592],[-0.274459,51.9642443]]}},
{"type":"Feature","properties":{"id":52592,"nach":0.271297129195466},"geometry":{"type":"LineString","coordinates":[[-0.2733935,51.9646003],[-0.2736202,51.964539],[-0.2737785,51.9644896],[-0.2741116,51.9643873],[-0.2743021,51.9643187],[-0.2743571,51.9642937],[-0.274459,51.9642443]]}},
{"type":"Feature","properties":{"id":22949,"nach":0.42192924309749236},"geometry":{"type":"LineString","coordinates":[[-0.274459,51.9642443],[-0.273152532651658,51.963855743419096]]}},
{"type":"Feature","properties":{"id":33702,"nach":0.44410399666582034},"geometry":{"type":"LineString","coordinates":[[-0.268697400000011,51.9610881],[-0.2688145,51.961127],[-0.268983,51.9611785],[-0.26920920000001,51.9612409],[-0.26947,51.9612361],[-0.2698127,51.9613606],[-0.2700374,51.9616031],[-0.2702863,51.961840800000012],[-0.270594,51.9622136],[-0.2707206,51.9625027],[-0.2709753,51.9631271],[-0.2710523,51.963271700000014]]}},
{"type":"Feature","properties":{"id":22949,"nach":0.42192924309749236},"geometry":{"type":"LineString","coordinates":[[-0.273152532651658,51.963855743419096],[-0.2710523,51.963271700000014]]}},
{"type":"Feature","properties":{"id":52594,"nach":0.33509676024158203},"geometry":{"type":"LineString","coordinates":[[-0.2733935,51.9646003],[-0.2733748,51.9647151],[-0.2733292,51.9647812]]}},
{"type":"Feature","properties":{"id":33703,"nach":0.49663423956747421},"geometry":{"type":"LineString","coordinates":[[-0.268697400000011,51.9610881],[-0.2682352,51.9607825],[-0.2681014,51.9606736],[-0.26793380000001,51.9605272],[-0.2677927,51.9604162],[-0.2675681,51.9602337],[-0.26742920000001,51.959979]]}},
{"type":"Feature","properties":{"id":33704,"nach":0.42283485704940882},"geometry":{"type":"LineString","coordinates":[[-0.268697400000011,51.9610881],[-0.2686817,51.9611642],[-0.2686707,51.9612414]]}},
{"type":"Feature","properties":{"id":27431,"nach":0.50712834609285351},"geometry":{"type":"LineString","coordinates":[[-0.2621076,51.954181],[-0.261547,51.9540789]]}},
{"type":"Feature","properties":{"id":60249,"nach":0.40556016810250689},"geometry":{"type":"LineString","coordinates":[[-0.2615489,51.9533462],[-0.2616865,51.9533582],[-0.2618259,51.9534772],[-0.261547,51.9540789]]}},
{"type":"Feature","properties":{"id":59647,"nach":0.44461298581732689},"geometry":{"type":"LineString","coordinates":[[-0.261161900000011,51.9541174],[-0.261481,51.95417590000001],[-0.2615214,51.954075],[-0.261547,51.9540789]]}},
{"type":"Feature","properties":{"id":27436,"nach":0.54261271894651597},"geometry":{"type":"LineString","coordinates":[[-0.262404,51.9541678],[-0.2622444,51.9541913],[-0.2621076,51.954181]]}},
{"type":"Feature","properties":{"id":59651,"nach":0.57447994010093795},"geometry":{"type":"LineString","coordinates":[[-0.262205300000011,51.9545537],[-0.2621141,51.9545165],[-0.2619424,51.954518899999989],[-0.2621076,51.954181]]}},
{"type":"Feature","properties":{"id":61771,"nach":0.0},"geometry":{"type":"LineString","coordinates":[[-0.2610628,51.9530256],[-0.261629,51.9530705],[-0.2616423,51.9530895],[-0.2615489,51.9533462]]}},
{"type":"Feature","properties":{"id":59652,"nach":0.58608404209449982},"geometry":{"type":"LineString","coordinates":[[-0.262205300000011,51.9545537],[-0.2620377,51.9545722],[-0.2619459,51.9545994],[-0.2617668,51.9546213],[-0.261695800000012,51.9546131],[-0.2614979,51.9545362],[-0.2613685,51.9544622],[-0.2612814,51.954375],[-0.2612384,51.9542697],[-0.261161900000011,51.9541174]]}},
{"type":"Feature","properties":{"id":27438,"nach":0.46677666524395611},"geometry":{"type":"LineString","coordinates":[[-0.2625751,51.9541134],[-0.262404,51.9541678]]}},
{"type":"Feature","properties":{"id":27437,"nach":0.46632856736988448},"geometry":{"type":"LineString","coordinates":[[-0.2625319,51.954309400000014],[-0.262404,51.9541678]]}},
{"type":"Feature","properties":{"id":51140,"nach":0.53805889372935578},"geometry":{"type":"LineString","coordinates":[[-0.2607628,51.95299940000001],[-0.2602248,51.9530599],[-0.2597755,51.9532984]]}},
{"type":"Feature","properties":{"id":27466,"nach":0.49305061619892698},"geometry":{"type":"LineString","coordinates":[[-0.2592081,51.9527565],[-0.259283200000011,51.9528887],[-0.2597755,51.9532984]]}},
{"type":"Feature","properties":{"id":69167,"nach":0.42752614377659742},"geometry":{"type":"LineString","coordinates":[[-0.259967700000011,51.953818],[-0.2602218,51.9536543],[-0.260254100000013,51.9536219],[-0.2599962,51.9534608],[-0.2597755,51.9532984]]}},
{"type":"Feature","properties":{"id":27468,"nach":0.42265716895229355},"geometry":{"type":"LineString","coordinates":[[-0.2588541,51.9527234],[-0.2592081,51.9527565]]}},
{"type":"Feature","properties":{"id":27467,"nach":0.39749122743770049},"geometry":{"type":"LineString","coordinates":[[-0.259651,51.9522399],[-0.2598198,51.9523307],[-0.2598854,51.9524322],[-0.259863,51.9524829],[-0.259795,51.9525218],[-0.2595836,51.952564700000011],[-0.2593369,51.952657299999984],[-0.2592081,51.9527565]]}},
{"type":"Feature","properties":{"id":49176,"nach":0.60094878487642855},"geometry":{"type":"LineString","coordinates":[[-0.2537424,51.9500895],[-0.2537837,51.9501121],[-0.2538067,51.9501448],[-0.2538798,51.9502142],[-0.2539536,51.9502828]]}},
{"type":"Feature","properties":{"id":45504,"nach":0.56080243999233181},"geometry":{"type":"LineString","coordinates":[[-0.2550277,51.9496674],[-0.255109,51.9498313]]}},
{"type":"Feature","properties":{"id":45491,"nach":0.57773777811156879},"geometry":{"type":"LineString","coordinates":[[-0.2554602,51.9499791],[-0.2552404,51.949872],[-0.255109,51.9498313]]}},
{"type":"Feature","properties":{"id":27525,"nach":0.58925974288953364},"geometry":{"type":"LineString","coordinates":[[-0.2549755,51.9499675],[-0.2550197,51.9499468],[-0.25506730000001,51.949903],[-0.255109,51.9498313]]}},
{"type":"Feature","properties":{"id":45492,"nach":0.57274235160490328},"geometry":{"type":"LineString","coordinates":[[-0.2554602,51.9499791],[-0.2555699,51.95003],[-0.2556301,51.95004440000001]]}},
{"type":"Feature","properties":{"id":45493,"nach":0.0},"geometry":{"type":"LineString","coordinates":[[-0.2554602,51.9499791],[-0.2555273,51.94989180000001],[-0.2555113,51.949865],[-0.255681,51.9497526],[-0.2559511,51.9499047]]}},
{"type":"Feature","properties":{"id":78309,"nach":0.45060630753109598},"geometry":{"type":"LineString","coordinates":[[-0.2557453,51.9498249],[-0.2555475,51.949958],[-0.2554602,51.9499791]]}},
{"type":"Feature","properties":{"id":61185,"nach":0.55161612468555166},"geometry":{"type":"LineString","coordinates":[[-0.2541804,51.9496129],[-0.2547716,51.9499505],[-0.25482330000001,51.9499704],[-0.2548729,51.949979],[-0.2549205,51.9499799],[-0.2549755,51.9499675]]}},
{"type":"Feature","properties":{"id":42139,"nach":0.54345500807466796},"geometry":{"type":"LineString","coordinates":[[-0.2548816,51.9501725],[-0.2548921,51.9501063],[-0.254925,51.9500605],[-0.2549843,51.950021700000015],[-0.2549755,51.9499675]]}},
{"type":"Feature","properties":{"id":42140,"nach":0.65415392992280641},"geometry":{"type":"LineString","coordinates":[[-0.2548816,51.9501725],[-0.254838,51.9502158],[-0.2547388,51.95029980000001],[-0.2547045,51.9503039]]}},
{"type":"Feature","properties":{"id":78201,"nach":0.64928349176375855},"geometry":{"type":"LineString","coordinates":[[-0.2548816,51.9501725],[-0.255131819403173,51.950308883543691]]}},
{"type":"Feature","properties":{"id":45499,"nach":0.60524521176256574},"geometry":{"type":"LineString","coordinates":[[-0.2554402,51.9490859],[-0.2557069,51.9492702],[-0.25602870000001,51.94949230000001]]}},
{"type":"Feature","properties":{"id":28350,"nach":0.41383585937567258},"geometry":{"type":"LineString","coordinates":[[-0.2675175,51.9584487],[-0.267663,51.9585119]]}},
{"type":"Feature","properties":{"id":28351,"nach":0.48562274137115125},"geometry":{"type":"LineString","coordinates":[[-0.2675175,51.9584487],[-0.2674417,51.9585223],[-0.26730360000001,51.9586499],[-0.2672174,51.958728]]}},
{"type":"Feature","properties":{"id":82539,"nach":0.40365368761459741},"geometry":{"type":"LineString","coordinates":[[-0.2673103,51.95804540000001],[-0.2672017,51.9581537],[-0.2671547,51.9582747],[-0.267217,51.9583062],[-0.2673149,51.9583557],[-0.2673934,51.958395399999986],[-0.2675175,51.9584487]]}},
{"type":"Feature","properties":{"id":28353,"nach":0.4220068683940198},"geometry":{"type":"LineString","coordinates":[[-0.2669764,51.9586256],[-0.2672174,51.958728]]}},
{"type":"Feature","properties":{"id":28356,"nach":0.53748709629700531},"geometry":{"type":"LineString","coordinates":[[-0.2675926,51.95889540000001],[-0.2675547,51.958878500000012],[-0.2672174,51.958728]]}},
{"type":"Feature","properties":{"id":59614,"nach":0.41330490030794365},"geometry":{"type":"LineString","coordinates":[[-0.266799300000011,51.9591272],[-0.2670347,51.9589024],[-0.2671061,51.9588342],[-0.2672174,51.958728]]}},
{"type":"Feature","properties":{"id":28358,"nach":0.55128804745166171},"geometry":{"type":"LineString","coordinates":[[-0.2680681,51.9589442],[-0.2678742,51.958859],[-0.267815200000013,51.9588458],[-0.2677495,51.95884250000001],[-0.2676965,51.9588487],[-0.2676483,51.958864],[-0.2675926,51.95889540000001]]}},
{"type":"Feature","properties":{"id":82536,"nach":0.27503120688630622},"geometry":{"type":"LineString","coordinates":[[-0.2675899,51.9590541],[-0.2675685,51.9590276],[-0.267555700000011,51.959002799999979],[-0.267551,51.9589822],[-0.267553,51.9589537],[-0.2675926,51.95889540000001]]}},
{"type":"Feature","properties":{"id":82537,"nach":0.52188197196108643},"geometry":{"type":"LineString","coordinates":[[-0.2675899,51.9590541],[-0.2676308,51.9590834],[-0.267675100000011,51.9591012],[-0.267732100000011,51.9591115],[-0.267773,51.9591123],[-0.2678306,51.9591082],[-0.2678756,51.9590975],[-0.2679198,51.9590768],[-0.267958,51.9590458],[-0.26804210000001,51.9589682],[-0.2680681,51.9589442]]}},
{"type":"Feature","properties":{"id":82538,"nach":0.50012967521827645},"geometry":{"type":"LineString","coordinates":[[-0.2675899,51.9590541],[-0.2674929,51.9591435],[-0.2674184,51.9592121],[-0.2673827,51.959245]]}},
{"type":"Feature","properties":{"id":81344,"nach":0.57183571934709987},"geometry":{"type":"LineString","coordinates":[[-0.2655033,51.9531232],[-0.265422600000011,51.9532034],[-0.2652315,51.9534059],[-0.2651473,51.9535138]]}},
{"type":"Feature","properties":{"id":82251,"nach":0.5944311617093081},"geometry":{"type":"LineString","coordinates":[[-0.2587243,51.9579581],[-0.258634,51.9581051],[-0.2584956,51.9583088],[-0.258456500000011,51.9583597]]}},
{"type":"Feature","properties":{"id":82263,"nach":0.54435471102913491},"geometry":{"type":"LineString","coordinates":[[-0.259503,51.9581064],[-0.259442,51.9580937],[-0.259101,51.9580231],[-0.2590935,51.9580218],[-0.2590821,51.9580201],[-0.25907460000001,51.9580201],[-0.2590395,51.958020800000014],[-0.2590304,51.958020499999989],[-0.2590207,51.95801980000001],[-0.259008800000011,51.9580175],[-0.258799500000011,51.9579716],[-0.258788700000011,51.957969600000013],[-0.258767200000012,51.957966],[-0.2587243,51.9579581]]}},
{"type":"Feature","properties":{"id":82275,"nach":0.52850256325524347},"geometry":{"type":"LineString","coordinates":[[-0.2580294,51.9600169],[-0.258051,51.9600297],[-0.2580918,51.9600538]]}},
{"type":"Feature","properties":{"id":31006,"nach":0.56349734156698239},"geometry":{"type":"LineString","coordinates":[[-0.2574786,51.960441],[-0.2574981,51.960405699999988],[-0.257535,51.960361],[-0.2576027,51.96031270000001],[-0.2577844,51.9602069],[-0.2579742,51.9601073],[-0.2580918,51.9600538]]}},
{"type":"Feature","properties":{"id":31018,"nach":0.5521739347303487},"geometry":{"type":"LineString","coordinates":[[-0.258583100000011,51.9598846],[-0.2584134,51.959935],[-0.2582223,51.959999499999988],[-0.2580918,51.9600538]]}},
{"type":"Feature","properties":{"id":82274,"nach":0.58108952998510333},"geometry":{"type":"LineString","coordinates":[[-0.2580294,51.9600169],[-0.2575189,51.9597152],[-0.2574894,51.9596883],[-0.2574793,51.959658600000012],[-0.2574833,51.9596268],[-0.2575028,51.9595871],[-0.258456500000011,51.9583597]]}},
{"type":"Feature","properties":{"id":82280,"nach":0.38909370735875659},"geometry":{"type":"LineString","coordinates":[[-0.260069200000011,51.9593287],[-0.2599862,51.9593737],[-0.259919,51.9594124],[-0.2597876,51.9594798],[-0.2597421,51.9595007],[-0.2596659,51.9595362],[-0.2595657,51.9595806],[-0.259522200000011,51.959598],[-0.259431200000011,51.9596295],[-0.2593723,51.9596457],[-0.2592712,51.9596713],[-0.2591498,51.9597009],[-0.2589853,51.9597388],[-0.2589264,51.959754],[-0.2587516,51.9597903],[-0.2585781,51.9598306],[-0.2584427,51.9598642],[-0.258383800000012,51.9598807],[-0.2583332,51.9598953],[-0.258241700000011,51.9599241],[-0.2581207,51.959968299999979],[-0.2581111,51.9599731],[-0.2580887,51.9599873],[-0.2580765,51.9599944],[-0.2580294,51.9600169]]}},
{"type":"Feature","properties":{"id":31028,"nach":0.53915559352402243},"geometry":{"type":"LineString","coordinates":[[-0.25781350000001,51.960825500000013],[-0.2575645,51.960675899999984],[-0.2574921,51.9606052],[-0.2574686,51.9605581],[-0.2574626,51.9604924],[-0.2574786,51.960441]]}},
{"type":"Feature","properties":{"id":31017,"nach":0.5361801352217882},"geometry":{"type":"LineString","coordinates":[[-0.258583100000011,51.9598846],[-0.2591034,51.9597689],[-0.2593723,51.9597057],[-0.2595359,51.9596553]]}},
{"type":"Feature","properties":{"id":31016,"nach":0.45815545191274892},"geometry":{"type":"LineString","coordinates":[[-0.258583100000011,51.9598846],[-0.2586115,51.959923900000014],[-0.258694400000012,51.9600387],[-0.2587956,51.9601594],[-0.258913,51.9602478],[-0.259283900000011,51.9604598],[-0.259542600000012,51.9606193],[-0.2597196,51.9607478],[-0.2601112,51.9610465],[-0.2602004,51.9611068],[-0.260287,51.9611622]]}},
{"type":"Feature","properties":{"id":67120,"nach":0.30679352894901196},"geometry":{"type":"LineString","coordinates":[[-0.2637675,51.9597049],[-0.2637566,51.9597251],[-0.2637473,51.9597414],[-0.2637381,51.9597552],[-0.2637066,51.9597994],[-0.2636497,51.9598768]]}},
{"type":"Feature","properties":{"id":82292,"nach":0.5416669697126526},"geometry":{"type":"LineString","coordinates":[[-0.2636552,51.9596908],[-0.2636709,51.9596926],[-0.2637485,51.9597021],[-0.2637675,51.9597049]]}},
{"type":"Feature","properties":{"id":67142,"nach":0.54560576724611132},"geometry":{"type":"LineString","coordinates":[[-0.264468,51.9598284],[-0.2644499,51.9598254],[-0.2644219,51.959821400000024],[-0.2643621,51.959810600000012],[-0.2641303,51.9597676],[-0.26403,51.9597502],[-0.263942,51.959734],[-0.2639283,51.9597314],[-0.26391510000001,51.9597291],[-0.263900900000012,51.9597267],[-0.2638356,51.9597158],[-0.2637675,51.9597049]]}},
{"type":"Feature","properties":{"id":82224,"nach":0.61716842492867885},"geometry":{"type":"LineString","coordinates":[[-0.2647639,51.9597496],[-0.2645286,51.95972050000001]]}},
{"type":"Feature","properties":{"id":67141,"nach":0.32993035766387596},"geometry":{"type":"LineString","coordinates":[[-0.264468,51.9598284],[-0.2644986,51.9597926],[-0.264506600000011,51.95978],[-0.2645135,51.9597644],[-0.2645242,51.9597344],[-0.2645286,51.95972050000001]]}},
{"type":"Feature","properties":{"id":31912,"nach":0.5531873506352869},"geometry":{"type":"LineString","coordinates":[[-0.260142,51.959369],[-0.2599932,51.959447899999986],[-0.2597659,51.9595656],[-0.2595359,51.9596553]]}},
{"type":"Feature","properties":{"id":31893,"nach":0.42691060137566028},"geometry":{"type":"LineString","coordinates":[[-0.2600477,51.9599863],[-0.2596278,51.95973919999998],[-0.2595359,51.9596553]]}},
{"type":"Feature","properties":{"id":82279,"nach":0.41643254573448851},"geometry":{"type":"LineString","coordinates":[[-0.260069200000011,51.9593287],[-0.260142,51.959369]]}},
{"type":"Feature","properties":{"id":66041,"nach":0.56846889038847392},"geometry":{"type":"LineString","coordinates":[[-0.2607758,51.9589484],[-0.2607054,51.9589981],[-0.2602872,51.9592807],[-0.260142,51.959369]]}},
{"type":"Feature","properties":{"id":31022,"nach":0.3827044706016251},"geometry":{"type":"LineString","coordinates":[[-0.2564849,51.9618688],[-0.2564346,51.9617779],[-0.2563743,51.9617146],[-0.2561768,51.961569],[-0.25634210000001,51.961482],[-0.256472800000012,51.961419600000013],[-0.256555300000012,51.9613556],[-0.2566465,51.9612738],[-0.2567223,51.9612234],[-0.2568517,51.9611771],[-0.2569784,51.9611486]]}},
{"type":"Feature","properties":{"id":31020,"nach":0.47221646655484972},"geometry":{"type":"LineString","coordinates":[[-0.2572217,51.961111099999989],[-0.2570951,51.9611234],[-0.2569784,51.9611486]]}},
{"type":"Feature","properties":{"id":78261,"nach":0.39742219775348536},"geometry":{"type":"LineString","coordinates":[[-0.257195700000013,51.9615998],[-0.2571152,51.9615184],[-0.2570569,51.9614329],[-0.2570515,51.9613746],[-0.257026,51.9612887],[-0.2569784,51.9611486]]}},
{"type":"Feature","properties":{"id":64143,"nach":0.40892866433355868},"geometry":{"type":"LineString","coordinates":[[-0.2571246,51.9609193],[-0.2572217,51.961111099999989]]}},
{"type":"Feature","properties":{"id":82271,"nach":0.51312333653597653},"geometry":{"type":"LineString","coordinates":[[-0.2577423,51.9608855],[-0.2576919,51.9609279],[-0.2575772,51.960999],[-0.2574907,51.961044],[-0.2573962,51.9610792],[-0.257321700000011,51.9610982],[-0.2572217,51.961111099999989]]}},
{"type":"Feature","properties":{"id":31010,"nach":0.37855609590585548},"geometry":{"type":"LineString","coordinates":[[-0.260923,51.9623935],[-0.2604291,51.9627625]]}},
{"type":"Feature","properties":{"id":31011,"nach":0.38256156050303347},"geometry":{"type":"LineString","coordinates":[[-0.260923,51.9623935],[-0.260878600000011,51.9623736],[-0.2608654,51.962367],[-0.2608563,51.9623607],[-0.2608471,51.9623515],[-0.2608007,51.962289],[-0.2605528,51.9618608],[-0.2602889,51.9613886],[-0.26027560000001,51.9613615],[-0.2602665,51.9613408],[-0.2602608,51.96132140000001],[-0.260259,51.9613097],[-0.2602576,51.9612947],[-0.260258200000012,51.9612781],[-0.2602655,51.9612304],[-0.2602702,51.9612042],[-0.2602736,51.961189499999989],[-0.2602805,51.9611742],[-0.260287,51.9611622]]}},
{"type":"Feature","properties":{"id":31013,"nach":0.38130033018685167},"geometry":{"type":"LineString","coordinates":[[-0.2629657,51.9608187],[-0.2629576,51.9608277],[-0.2629492,51.9608358],[-0.2629341,51.9608488],[-0.2627757,51.9609766],[-0.2621867,51.9614218],[-0.2617945,51.9617256],[-0.2612808,51.9621174],[-0.260923,51.9623935]]}},
{"type":"Feature","properties":{"id":82270,"nach":0.4619959876864016},"geometry":{"type":"LineString","coordinates":[[-0.2577423,51.9608855],[-0.25781350000001,51.960825500000013]]}},
{"type":"Feature","properties":{"id":78262,"nach":0.49720752356489401},"geometry":{"type":"LineString","coordinates":[[-0.2583043,51.9610619],[-0.25781350000001,51.960825500000013]]}},
{"type":"Feature","properties":{"id":31037,"nach":0.41845508777452833},"geometry":{"type":"LineString","coordinates":[[-0.261871,51.9604512],[-0.2618548,51.9604537],[-0.2618355,51.9604571],[-0.2618114,51.9604627],[-0.261786600000014,51.9604696],[-0.2617668,51.9604758],[-0.2617179,51.9604958],[-0.2613133,51.9606651],[-0.2606537,51.9609465],[-0.260462,51.9610315],[-0.260441,51.9610412],[-0.2604274,51.961048200000015],[-0.260411,51.961057],[-0.2603885,51.961071],[-0.2603699,51.9610837],[-0.2603495,51.9610995],[-0.2603381,51.9611091],[-0.260321,51.9611245],[-0.260287,51.9611622]]}},
{"type":"Feature","properties":{"id":31036,"nach":0.48499993809596037},"geometry":{"type":"LineString","coordinates":[[-0.261871,51.9604512],[-0.2619286,51.9604488],[-0.261947800000012,51.9604491],[-0.2619632,51.9604498],[-0.261986500000012,51.9604522],[-0.2620086,51.960455299999985],[-0.262023400000013,51.9604581],[-0.2620465,51.9604638],[-0.2620704,51.9604712],[-0.262094100000012,51.9604796],[-0.26212380000001,51.9604908],[-0.2621927,51.9605181],[-0.2625929,51.9606767],[-0.2629016,51.9607943],[-0.2629657,51.9608187]]}},
{"type":"Feature","properties":{"id":47771,"nach":0.46375748962436386},"geometry":{"type":"LineString","coordinates":[[-0.2614416,51.9599603],[-0.2614872,51.9600301],[-0.2615476,51.9600995],[-0.2617722,51.9603118],[-0.261785,51.9603261],[-0.2618009,51.9603449],[-0.2618118,51.9603584],[-0.2618234,51.9603732],[-0.2618335,51.960387],[-0.2618436,51.9604033],[-0.2618503,51.9604144],[-0.261871,51.9604512]]}},
{"type":"Feature","properties":{"id":42466,"nach":0.51520717213847211},"geometry":{"type":"LineString","coordinates":[[-0.2636497,51.9598768],[-0.263569,51.959993],[-0.263458,51.9601525],[-0.2632787,51.9603985],[-0.26313410000001,51.9605947],[-0.2630163,51.960757100000016],[-0.2629657,51.9608187]]}},
{"type":"Feature","properties":{"id":82294,"nach":0.51007000430021865},"geometry":{"type":"LineString","coordinates":[[-0.2635848,51.9598682],[-0.2636497,51.9598768]]}},
{"type":"Feature","properties":{"id":67140,"nach":0.5223011322116704},"geometry":{"type":"LineString","coordinates":[[-0.264468,51.9598284],[-0.264462,51.9598352],[-0.2644562,51.9598404],[-0.264436700000012,51.95985550000001],[-0.2644191,51.9598675],[-0.2644015,51.9598788],[-0.2643761,51.9598938],[-0.2643558,51.9599049],[-0.2643437,51.9599109],[-0.26432960000001,51.9599174],[-0.2643156,51.9599228],[-0.2643021,51.9599271],[-0.2642882,51.9599306],[-0.2642657,51.959936],[-0.264251,51.9599386],[-0.2642355,51.959941],[-0.264218400000012,51.9599428],[-0.2642015,51.9599442],[-0.2641835,51.9599448],[-0.2641688,51.959944900000011],[-0.26415280000001,51.9599447],[-0.2641176,51.9599422],[-0.26407610000001,51.9599365],[-0.2638238,51.9599006],[-0.2636497,51.9598768]]}},
{"type":"Feature","properties":{"id":82272,"nach":0.41768473466902156},"geometry":{"type":"LineString","coordinates":[[-0.2577423,51.9608855],[-0.257771,51.9609081],[-0.2577818,51.9609187],[-0.2577914,51.96092860000001],[-0.2578113,51.9609412],[-0.2578902,51.9609787],[-0.2581089,51.9610838]]}},
{"type":"Feature","properties":{"id":82242,"nach":0.55631481160830898},"geometry":{"type":"LineString","coordinates":[[-0.2609959,51.9587747],[-0.2607758,51.9589484]]}},
{"type":"Feature","properties":{"id":82244,"nach":0.60243743862718713},"geometry":{"type":"LineString","coordinates":[[-0.2609959,51.9587747],[-0.260942,51.958744100000011],[-0.2609274,51.9587345],[-0.260922,51.9587305]]}},
{"type":"Feature","properties":{"id":82286,"nach":0.6221082950736736},"geometry":{"type":"LineString","coordinates":[[-0.2613119,51.9588944],[-0.2612839,51.958888],[-0.2612623,51.9588823],[-0.2612521,51.9588793],[-0.261161500000011,51.9588454],[-0.2611351,51.9588361],[-0.2611113,51.9588268],[-0.2610611,51.9588076],[-0.261047600000011,51.9588019],[-0.2610282,51.9587929],[-0.261015800000012,51.9587866],[-0.261004,51.9587793],[-0.2609959,51.9587747]]}},
{"type":"Feature","properties":{"id":82284,"nach":0.59335774765267624},"geometry":{"type":"LineString","coordinates":[[-0.2613658,51.958849900000011],[-0.2617459,51.9590107],[-0.262073,51.9591717]]}},
{"type":"Feature","properties":{"id":82288,"nach":0.36773585809901771},"geometry":{"type":"LineString","coordinates":[[-0.2613119,51.9588944],[-0.2613263,51.9588817],[-0.261337,51.9588727],[-0.2613658,51.958849900000011]]}},
{"type":"Feature","properties":{"id":78263,"nach":0.43920520330305496},"geometry":{"type":"LineString","coordinates":[[-0.2583043,51.9610619],[-0.258380600000013,51.961098699999987],[-0.2585236,51.9612416],[-0.2585753,51.9613092],[-0.2585451,51.9614803],[-0.25871730000001,51.9615811],[-0.2587942,51.961662]]}},
{"type":"Feature","properties":{"id":78265,"nach":0.4092018817871762},"geometry":{"type":"LineString","coordinates":[[-0.258573700000012,51.9608763],[-0.2583745,51.9610085],[-0.2583043,51.9610619]]}},
{"type":"Feature","properties":{"id":77708,"nach":0.41282654356468751},"geometry":{"type":"LineString","coordinates":[[-0.249893,51.9600762],[-0.2498423,51.960070599999987]]}},
{"type":"Feature","properties":{"id":77707,"nach":0.45600069175122598},"geometry":{"type":"LineString","coordinates":[[-0.2497133,51.9600684],[-0.2498004,51.960069600000011],[-0.2498423,51.960070599999987]]}},
{"type":"Feature","properties":{"id":77706,"nach":0.46711169668792374},"geometry":{"type":"LineString","coordinates":[[-0.2497133,51.9600684],[-0.2497334,51.9600158],[-0.2497857,51.9599291],[-0.2501947,51.9597423]]}},
{"type":"Feature","properties":{"id":78192,"nach":0.38484208277277027},"geometry":{"type":"LineString","coordinates":[[-0.2609447,51.9599689],[-0.2611875,51.9599669],[-0.2614416,51.9599603]]}},
{"type":"Feature","properties":{"id":78193,"nach":0.38957344573582514},"geometry":{"type":"LineString","coordinates":[[-0.261559,51.9598053],[-0.2615415,51.9598619],[-0.26150660000001,51.959908199999987],[-0.2614845,51.9599375],[-0.2614416,51.9599603]]}},
{"type":"Feature","properties":{"id":83062,"nach":0.62253490058647887},"geometry":{"type":"LineString","coordinates":[[-0.2656175,51.9529573],[-0.2658545,51.9528083]]}},
{"type":"Feature","properties":{"id":81336,"nach":0.55075222355561571},"geometry":{"type":"LineString","coordinates":[[-0.2659079,51.9528357],[-0.2658545,51.9528083]]}},
{"type":"Feature","properties":{"id":78244,"nach":0.55431508523775197},"geometry":{"type":"LineString","coordinates":[[-0.2565588,51.9565914],[-0.2565492,51.956620399999984],[-0.2565427,51.9566393]]}},
{"type":"Feature","properties":{"id":78246,"nach":0.48956091122593537},"geometry":{"type":"LineString","coordinates":[[-0.2565588,51.9565914],[-0.2566026,51.9565919],[-0.256626100000012,51.9565813],[-0.2566584,51.9565666]]}},
{"type":"Feature","properties":{"id":55277,"nach":0.64634367803045012},"geometry":{"type":"LineString","coordinates":[[-0.255791500000011,51.9561648],[-0.2559645,51.956208599999989],[-0.2561044,51.9562503]]}},
{"type":"Feature","properties":{"id":31665,"nach":0.5832708485004382},"geometry":{"type":"LineString","coordinates":[[-0.2561044,51.9562503],[-0.256328,51.9562904],[-0.2564005,51.9563122],[-0.2564573,51.9563293]]}},
{"type":"Feature","properties":{"id":78247,"nach":0.4497969479525844},"geometry":{"type":"LineString","coordinates":[[-0.2565694,51.9560958],[-0.25641450000001,51.9560673],[-0.2561932,51.9559962],[-0.2561409,51.9560698],[-0.2561476,51.9561801],[-0.2561044,51.9562503]]}},
{"type":"Feature","properties":{"id":31672,"nach":0.61791229011390358},"geometry":{"type":"LineString","coordinates":[[-0.256339,51.9563788],[-0.2561044,51.9562503]]}},
{"type":"Feature","properties":{"id":78231,"nach":0.61657285295688402},"geometry":{"type":"LineString","coordinates":[[-0.25576,51.956209],[-0.2557712,51.9561933],[-0.255791500000011,51.9561648]]}},
{"type":"Feature","properties":{"id":46740,"nach":0.38704580693932705},"geometry":{"type":"LineString","coordinates":[[-0.2564573,51.9563293],[-0.2564222,51.9563687],[-0.2563682,51.9563514],[-0.256339,51.9563788]]}},
{"type":"Feature","properties":{"id":46739,"nach":0.47271348526772627},"geometry":{"type":"LineString","coordinates":[[-0.2564573,51.9563293],[-0.2564923,51.9563413],[-0.2565459,51.9563799]]}},
{"type":"Feature","properties":{"id":78242,"nach":0.57994088482476547},"geometry":{"type":"LineString","coordinates":[[-0.2566268,51.9563006],[-0.2565774,51.956283],[-0.2565218,51.9562712],[-0.2564906,51.956291899999989],[-0.2564573,51.9563293]]}},
{"type":"Feature","properties":{"id":46691,"nach":0.34104463000765761},"geometry":{"type":"LineString","coordinates":[[-0.2567269,51.9565001],[-0.2566773,51.9565123],[-0.256704800000013,51.9565456],[-0.2566584,51.9565666]]}},
{"type":"Feature","properties":{"id":31679,"nach":0.61111020407710415},"geometry":{"type":"LineString","coordinates":[[-0.256736,51.9566229],[-0.2566971,51.9565949],[-0.2566584,51.9565666]]}},
{"type":"Feature","properties":{"id":46689,"nach":0.57976312142028941},"geometry":{"type":"LineString","coordinates":[[-0.2567269,51.9565001],[-0.2567618,51.9565541],[-0.256736,51.9566229]]}},
{"type":"Feature","properties":{"id":46749,"nach":0.0},"geometry":{"type":"LineString","coordinates":[[-0.256683900000012,51.9563769],[-0.25674,51.95639520000001],[-0.256783,51.956409400000013],[-0.2567897,51.9564863],[-0.25676350000001,51.9564911],[-0.2567269,51.9565001]]}},
{"type":"Feature","properties":{"id":47424,"nach":0.58279834163887911},"geometry":{"type":"LineString","coordinates":[[-0.2566297,51.95643290000001],[-0.2567015,51.9564768],[-0.2567269,51.9565001]]}},
{"type":"Feature","properties":{"id":73391,"nach":0.66051711695116799},"geometry":{"type":"LineString","coordinates":[[-0.2574275,51.9557746],[-0.2572131,51.9558983],[-0.2570207,51.9560322],[-0.256747500000011,51.9562609]]}},
{"type":"Feature","properties":{"id":31671,"nach":0.6291473237656352},"geometry":{"type":"LineString","coordinates":[[-0.256747500000011,51.9562609],[-0.256736800000011,51.956319],[-0.2567147,51.9563434],[-0.256683900000012,51.9563769]]}},
{"type":"Feature","properties":{"id":78241,"nach":0.59276210677732921},"geometry":{"type":"LineString","coordinates":[[-0.2566268,51.9563006],[-0.2566458,51.9562813],[-0.256747500000011,51.9562609]]}},
{"type":"Feature","properties":{"id":73396,"nach":0.46236292808369678},"geometry":{"type":"LineString","coordinates":[[-0.2572727,51.9556859],[-0.2574275,51.9557746]]}},
{"type":"Feature","properties":{"id":46747,"nach":0.63056774260257142},"geometry":{"type":"LineString","coordinates":[[-0.256683900000012,51.9563769],[-0.2566297,51.95643290000001]]}},
{"type":"Feature","properties":{"id":78243,"nach":0.075588073571032074},"geometry":{"type":"LineString","coordinates":[[-0.2566268,51.9563006],[-0.256669,51.956315600000011],[-0.2566277,51.9563586],[-0.256683900000012,51.9563769]]}},
{"type":"Feature","properties":{"id":46744,"nach":0.44098465071348947},"geometry":{"type":"LineString","coordinates":[[-0.2564244,51.9565123],[-0.2563535,51.9564867],[-0.256350200000011,51.9564634],[-0.2563053,51.9564103],[-0.256339,51.9563788]]}},
{"type":"Feature","properties":{"id":78239,"nach":0.45140584215263801},"geometry":{"type":"LineString","coordinates":[[-0.25721980000001,51.9563454],[-0.2570703,51.9564946],[-0.256736,51.9566229]]}},
{"type":"Feature","properties":{"id":62935,"nach":0.44631543128774903},"geometry":{"type":"LineString","coordinates":[[-0.2505404,51.9534416],[-0.2508789,51.9534014],[-0.2510091,51.953409599999986],[-0.2511032,51.9534729],[-0.2512339,51.9537208],[-0.2512473,51.9537911],[-0.2511501,51.9538213],[-0.2508486,51.9539017]]}},
{"type":"Feature","properties":{"id":47672,"nach":0.42152232071199852},"geometry":{"type":"LineString","coordinates":[[-0.2483433,51.9522592],[-0.2483803,51.9521959],[-0.2479612,51.9520791]]}},
{"type":"Feature","properties":{"id":47673,"nach":0.40866748692685217},"geometry":{"type":"LineString","coordinates":[[-0.2483433,51.9522592],[-0.2483047,51.9523205],[-0.2478746,51.9522098]]}},
{"type":"Feature","properties":{"id":31692,"nach":0.38814286036545986},"geometry":{"type":"LineString","coordinates":[[-0.2508486,51.9539017],[-0.2508252,51.9539854],[-0.2503059,51.9541931]]}},
{"type":"Feature","properties":{"id":82031,"nach":0.53721125365889721},"geometry":{"type":"LineString","coordinates":[[-0.2708892,51.957139],[-0.2708288,51.9571129]]}},
{"type":"Feature","properties":{"id":54164,"nach":0.58278059852221131},"geometry":{"type":"LineString","coordinates":[[-0.2714624,51.959454],[-0.2712109,51.9593326]]}},
{"type":"Feature","properties":{"id":66984,"nach":0.48289725594295446},"geometry":{"type":"LineString","coordinates":[[-0.2714266,51.9591521],[-0.271405800000011,51.959181],[-0.2713566,51.9592224],[-0.2712109,51.9593326]]}},
{"type":"Feature","properties":{"id":54167,"nach":0.47658864395606115},"geometry":{"type":"LineString","coordinates":[[-0.271605,51.9593665],[-0.2714624,51.959454]]}},
{"type":"Feature","properties":{"id":54182,"nach":0.56896591336354407},"geometry":{"type":"LineString","coordinates":[[-0.2718397,51.95972960000001],[-0.271590400000012,51.9595317],[-0.2714624,51.959454]]}},
{"type":"Feature","properties":{"id":66986,"nach":0.4030376744051809},"geometry":{"type":"LineString","coordinates":[[-0.2715439,51.9587975],[-0.2713273,51.9590306],[-0.2713244,51.9590755],[-0.2713746,51.9591227],[-0.2714266,51.9591521]]}},
{"type":"Feature","properties":{"id":66987,"nach":0.40231297251687742},"geometry":{"type":"LineString","coordinates":[[-0.2720191,51.9590104],[-0.2716826,51.9591762],[-0.2716278,51.9591855],[-0.27152650000001,51.9591518],[-0.27147650000001,51.9591504],[-0.2714266,51.9591521]]}},
{"type":"Feature","properties":{"id":82278,"nach":0.43192974228763537},"geometry":{"type":"LineString","coordinates":[[-0.260069200000011,51.9593287],[-0.2594207,51.9589696]]}},
{"type":"Feature","properties":{"id":82281,"nach":0.45344916347582603},"geometry":{"type":"LineString","coordinates":[[-0.260069200000011,51.9593287],[-0.2600938,51.9593153],[-0.260143700000013,51.9592881],[-0.2601834,51.9592632],[-0.2603525,51.9591551],[-0.2604423,51.9590928],[-0.2604685,51.9590758],[-0.260495400000013,51.9590581],[-0.2605422,51.9590241],[-0.26063690000001,51.958952200000013],[-0.2607069,51.9588971]]}},
{"type":"Feature","properties":{"id":82296,"nach":0.50932696148826073},"geometry":{"type":"LineString","coordinates":[[-0.2635848,51.9598682],[-0.2634401,51.959849],[-0.2633654,51.9598381],[-0.263326,51.9598323],[-0.2632953,51.9598267],[-0.2632728,51.959822],[-0.2632503,51.9598155],[-0.2632227,51.9598062],[-0.2631985,51.9597968],[-0.2631833,51.9597891],[-0.2631589,51.9597765],[-0.2631247,51.959755600000015],[-0.2631067,51.9597422],[-0.2630862,51.9597251],[-0.2630657,51.9597069],[-0.2630535,51.959695400000015],[-0.263044,51.9596845],[-0.2630344,51.9596718],[-0.2630316,51.9596656],[-0.263029,51.9596546],[-0.2630285,51.9596409],[-0.2630309,51.959628]]}},
{"type":"Feature","properties":{"id":82237,"nach":0.57576524637093884},"geometry":{"type":"LineString","coordinates":[[-0.2627518,51.9595342],[-0.2628075,51.9595558],[-0.262895700000011,51.9595879],[-0.262950800000012,51.959608],[-0.2629825,51.9596196],[-0.2629952,51.9596226],[-0.2630077,51.9596247],[-0.2630309,51.959628]]}},
{"type":"Feature","properties":{"id":82291,"nach":0.54260552584142963},"geometry":{"type":"LineString","coordinates":[[-0.2636552,51.9596908],[-0.2635767,51.9596816],[-0.2634666,51.9596712],[-0.26334,51.9596605],[-0.263269300000011,51.959654],[-0.2630309,51.959628]]}},
{"type":"Feature","properties":{"id":82232,"nach":0.62153734121392024},"geometry":{"type":"LineString","coordinates":[[-0.2628183,51.9594649],[-0.2627979,51.9594595],[-0.2627465,51.9594434],[-0.262643100000012,51.9594094],[-0.2625879,51.9593905]]}},
{"type":"Feature","properties":{"id":82238,"nach":0.2541643612600184},"geometry":{"type":"LineString","coordinates":[[-0.2627518,51.9595342],[-0.262763,51.959524],[-0.2627765,51.9595111],[-0.262795400000011,51.9594911],[-0.2628183,51.9594649]]}},
{"type":"Feature","properties":{"id":31914,"nach":0.43095421073468715},"geometry":{"type":"LineString","coordinates":[[-0.2573782,51.958567100000018],[-0.2572432,51.9585163]]}},
{"type":"Feature","properties":{"id":31922,"nach":0.5366993292283051},"geometry":{"type":"LineString","coordinates":[[-0.2579422,51.9576008],[-0.2579206,51.9576086],[-0.2578774,51.9576227],[-0.2578582,51.95763],[-0.257847,51.9576352],[-0.2578301,51.957645],[-0.2578192,51.9576516],[-0.257812,51.9576572],[-0.257807700000011,51.9576628],[-0.257801600000012,51.9576722],[-0.257793600000011,51.9576861],[-0.257788,51.9576995],[-0.2577858,51.957707399999983],[-0.257785,51.9577161],[-0.25778470000001,51.95772250000001],[-0.2577857,51.9577492],[-0.2577931,51.9578301],[-0.257779700000012,51.957938],[-0.2577529,51.9580355],[-0.2576966,51.9581483],[-0.2573782,51.958567100000018]]}},
{"type":"Feature","properties":{"id":83046,"nach":0.49814210408056336},"geometry":{"type":"LineString","coordinates":[[-0.2571208,51.9588525],[-0.2571357,51.9588443],[-0.2572726,51.9587002],[-0.2573782,51.958567100000018]]}},
{"type":"Feature","properties":{"id":77717,"nach":0.61501719115953224},"geometry":{"type":"LineString","coordinates":[[-0.2565073,51.9573511],[-0.2566118,51.9573492]]}},
{"type":"Feature","properties":{"id":31918,"nach":0.44458525071805799},"geometry":{"type":"LineString","coordinates":[[-0.2566036,51.9572351],[-0.2566118,51.9573492]]}},
{"type":"Feature","properties":{"id":31919,"nach":0.61272145493522756},"geometry":{"type":"LineString","coordinates":[[-0.2568812,51.9574148],[-0.25680540000001,51.9573681],[-0.2567598,51.9573549],[-0.2567001,51.957348300000014],[-0.2566118,51.9573492]]}},
{"type":"Feature","properties":{"id":77718,"nach":0.44374621786431911},"geometry":{"type":"LineString","coordinates":[[-0.2565073,51.9573511],[-0.2563447,51.957356],[-0.2562168,51.9572907]]}},
{"type":"Feature","properties":{"id":31931,"nach":0.56532851258988281},"geometry":{"type":"LineString","coordinates":[[-0.2567813,51.9575946],[-0.2568081,51.9575285],[-0.2568436,51.9574578],[-0.2568812,51.9574148]]}},
{"type":"Feature","properties":{"id":82254,"nach":0.60693990037534906},"geometry":{"type":"LineString","coordinates":[[-0.2576432,51.9574461],[-0.2576255,51.9574553],[-0.2575906,51.9574681],[-0.2575497,51.9574756],[-0.2575056,51.9574707],[-0.2571782,51.9574016],[-0.2570495,51.95738630000001],[-0.2569851,51.95738510000001],[-0.25693150000001,51.9573938],[-0.2568812,51.9574148]]}},
{"type":"Feature","properties":{"id":82256,"nach":0.55961460174412603},"geometry":{"type":"LineString","coordinates":[[-0.2576432,51.9574461],[-0.257767,51.9575114],[-0.2578711,51.9575633],[-0.2579422,51.9576008]]}},
{"type":"Feature","properties":{"id":31926,"nach":0.42839751308620039},"geometry":{"type":"LineString","coordinates":[[-0.256312,51.958142],[-0.2563367,51.9582545]]}},
{"type":"Feature","properties":{"id":63636,"nach":0.47596397441874361},"geometry":{"type":"LineString","coordinates":[[-0.2564715,51.9580838],[-0.256312,51.958142]]}},
{"type":"Feature","properties":{"id":78300,"nach":0.0},"geometry":{"type":"LineString","coordinates":[[-0.256544500000011,51.9577303],[-0.256391,51.9577194],[-0.256341400000011,51.9577177],[-0.2562965,51.957724700000014],[-0.2562442,51.9577396],[-0.2561134,51.9578185],[-0.2560839,51.9578491],[-0.256070500000011,51.9578851],[-0.2560718,51.9579252],[-0.2560993,51.9579685],[-0.256312,51.958142]]}},
{"type":"Feature","properties":{"id":31930,"nach":0.55259161461180484},"geometry":{"type":"LineString","coordinates":[[-0.2567813,51.9575946],[-0.2568349,51.9576148],[-0.2568691,51.9576351],[-0.2569362,51.9576917],[-0.2569476,51.9577136],[-0.2569322,51.9577409],[-0.2568973,51.9577619],[-0.2568685,51.9577632],[-0.2567464,51.9577512],[-0.256648100000011,51.9577241]]}},
{"type":"Feature","properties":{"id":78301,"nach":0.53835613804676541},"geometry":{"type":"LineString","coordinates":[[-0.256544500000011,51.9577303],[-0.2565707,51.9577322],[-0.256648100000011,51.9577241]]}},
{"type":"Feature","properties":{"id":78299,"nach":0.52096392145668036},"geometry":{"type":"LineString","coordinates":[[-0.256544500000011,51.9577303],[-0.2564715,51.9580838]]}},
{"type":"Feature","properties":{"id":66042,"nach":0.48588217085043878},"geometry":{"type":"LineString","coordinates":[[-0.2607069,51.9588971],[-0.2607758,51.9589484]]}},
{"type":"Feature","properties":{"id":83045,"nach":0.41919343485355953},"geometry":{"type":"LineString","coordinates":[[-0.2571208,51.9588525],[-0.2571038,51.9588618],[-0.2570741,51.9588731],[-0.257041,51.958877299999983],[-0.2569886,51.958859],[-0.2565882,51.958651]]}},
{"type":"Feature","properties":{"id":83047,"nach":0.42382561450940953},"geometry":{"type":"LineString","coordinates":[[-0.2573553,51.9589313],[-0.2571208,51.9588525]]}},
{"type":"Feature","properties":{"id":78203,"nach":0.41835587888386749},"geometry":{"type":"LineString","coordinates":[[-0.2568151,51.9583166],[-0.2570537,51.9581121],[-0.2564715,51.9580838]]}},
{"type":"Feature","properties":{"id":47180,"nach":0.65456975937876882},"geometry":{"type":"LineString","coordinates":[[-0.267587,51.9598827],[-0.26742920000001,51.959979]]}},
{"type":"Feature","properties":{"id":47182,"nach":0.5045681652076931},"geometry":{"type":"LineString","coordinates":[[-0.267587,51.9598827],[-0.267551,51.959855],[-0.267378700000011,51.9597228],[-0.2673468,51.9597104],[-0.267313,51.95970530000001],[-0.2672784,51.9597063],[-0.267234200000012,51.9597113],[-0.2670173,51.9597971]]}},
{"type":"Feature","properties":{"id":82521,"nach":0.65235319450130991},"geometry":{"type":"LineString","coordinates":[[-0.2678613,51.9596802],[-0.2678132,51.9597189],[-0.2676818,51.959821],[-0.267587,51.9598827]]}},
{"type":"Feature","properties":{"id":56197,"nach":0.33789815370273457},"geometry":{"type":"LineString","coordinates":[[-0.2687377,51.9643589],[-0.2699179,51.9639606]]}},
{"type":"Feature","properties":{"id":56196,"nach":0.32515818423683596},"geometry":{"type":"LineString","coordinates":[[-0.2691811,51.9646397],[-0.2698032,51.9644918],[-0.2698853,51.9644626],[-0.2701664,51.9643284],[-0.2701885,51.9643147],[-0.2702036,51.9642987],[-0.2702014,51.9642813],[-0.2699179,51.9639606]]}},
{"type":"Feature","properties":{"id":34635,"nach":0.44751828828157686},"geometry":{"type":"LineString","coordinates":[[-0.2648847,51.9500582],[-0.26509930000001,51.9499855]]}},
{"type":"Feature","properties":{"id":44495,"nach":0.40871071564491496},"geometry":{"type":"LineString","coordinates":[[-0.263333300000012,51.950072],[-0.2637516,51.9501797],[-0.2639882,51.9501935],[-0.2642042,51.9502726],[-0.2642669,51.9502573],[-0.264365,51.9501987],[-0.2645317,51.9501493],[-0.2646697,51.9500486],[-0.2647936,51.9500226],[-0.2648847,51.9500582]]}},
{"type":"Feature","properties":{"id":53129,"nach":0.3611070755608452},"geometry":{"type":"LineString","coordinates":[[-0.2596747,51.9500115],[-0.260354,51.9505433],[-0.2604293,51.9505911]]}},
{"type":"Feature","properties":{"id":58455,"nach":0.60349504895134098},"geometry":{"type":"LineString","coordinates":[[-0.2546712,51.9504497],[-0.2547664,51.9503826],[-0.2548144,51.9503559],[-0.2547045,51.9503039]]}},
{"type":"Feature","properties":{"id":59697,"nach":0.61500409203318829},"geometry":{"type":"LineString","coordinates":[[-0.2539639,51.9499291],[-0.2540293,51.949972],[-0.2543767,51.9501522],[-0.2546583,51.9503039],[-0.2547045,51.9503039]]}},
{"type":"Feature","properties":{"id":58458,"nach":0.45187314400367434},"geometry":{"type":"LineString","coordinates":[[-0.254359,51.9503078],[-0.2544786,51.9503471],[-0.2546712,51.9504497]]}},
{"type":"Feature","properties":{"id":78201,"nach":0.64928349176375855},"geometry":{"type":"LineString","coordinates":[[-0.255131819403173,51.950308883543691],[-0.2551324,51.9503092]]}},
{"type":"Feature","properties":{"id":82225,"nach":0.61756849843054717},"geometry":{"type":"LineString","coordinates":[[-0.2647639,51.9597496],[-0.2648059,51.9597548],[-0.2650203,51.9597864]]}},
{"type":"Feature","properties":{"id":82230,"nach":0.10993238754955356},"geometry":{"type":"LineString","coordinates":[[-0.2647112,51.959875],[-0.264726,51.9598399],[-0.2647639,51.9597496]]}},
{"type":"Feature","properties":{"id":82228,"nach":0.58102833487923489},"geometry":{"type":"LineString","coordinates":[[-0.2647112,51.959875],[-0.2645736,51.9598498],[-0.264468,51.9598284]]}},
{"type":"Feature","properties":{"id":82295,"nach":0.44843299056729646},"geometry":{"type":"LineString","coordinates":[[-0.2635848,51.9598682],[-0.2635249,51.9599483]]}},
{"type":"Feature","properties":{"id":82297,"nach":0.21432260666718322},"geometry":{"type":"LineString","coordinates":[[-0.2635848,51.9598682],[-0.2636631,51.9597636],[-0.263666400000011,51.9597577],[-0.2636708,51.9597473],[-0.2636723,51.9597391],[-0.263671900000012,51.9597273],[-0.2636694,51.9597173],[-0.2636664,51.959711400000018],[-0.2636552,51.9596908]]}},
{"type":"Feature","properties":{"id":43036,"nach":0.38482698331520243},"geometry":{"type":"LineString","coordinates":[[-0.2587942,51.961662],[-0.259287700000011,51.9613145]]}},
{"type":"Feature","properties":{"id":43039,"nach":0.17550829500481832},"geometry":{"type":"LineString","coordinates":[[-0.2576933,51.966535],[-0.257671500000011,51.9665021],[-0.2576205,51.966430899999985],[-0.2575957,51.9663997],[-0.2575789,51.9663794],[-0.257548300000012,51.966340700000011],[-0.2568912,51.9654356],[-0.256027,51.9642965],[-0.2560238,51.964262],[-0.2560744,51.9642163],[-0.257054800000013,51.9639537],[-0.2575121,51.9638337],[-0.2579017,51.9636752],[-0.257948,51.9636235],[-0.257983500000012,51.9635406],[-0.2581223,51.962906],[-0.258187900000011,51.962591],[-0.2582127,51.9623609],[-0.2581858,51.9622555],[-0.258164200000011,51.9622004],[-0.25847620000001,51.9619378],[-0.2587851,51.9616971],[-0.2587942,51.961662]]}},
{"type":"Feature","properties":{"id":62988,"nach":0.48929591538464839},"geometry":{"type":"LineString","coordinates":[[-0.253717,51.9514694],[-0.2534941,51.9513526],[-0.2531509,51.951169],[-0.2530729,51.9511159]]}},
{"type":"Feature","properties":{"id":72932,"nach":0.59411177144338423},"geometry":{"type":"LineString","coordinates":[[-0.2598198,51.9543144],[-0.259937100000011,51.9542718]]}},
{"type":"Feature","properties":{"id":55833,"nach":0.52930579134448896},"geometry":{"type":"LineString","coordinates":[[-0.2576611,51.952647500000012],[-0.2587846,51.9532479],[-0.2591598,51.9534689],[-0.2598842,51.9539486],[-0.2599208,51.9540271],[-0.2598953,51.9541882],[-0.259937100000011,51.9542718]]}},
{"type":"Feature","properties":{"id":43921,"nach":0.37695638750255972},"geometry":{"type":"LineString","coordinates":[[-0.2641257,51.9639688],[-0.2654594,51.9639631],[-0.265435,51.9629462]]}},
{"type":"Feature","properties":{"id":43920,"nach":0.60429483542519147},"geometry":{"type":"LineString","coordinates":[[-0.2641257,51.9639688],[-0.2641151,51.9637418]]}},
{"type":"Feature","properties":{"id":55815,"nach":0.59463596821417342},"geometry":{"type":"LineString","coordinates":[[-0.264126900000012,51.9640108],[-0.2641257,51.9639688]]}},
{"type":"Feature","properties":{"id":49289,"nach":0.45379408786734071},"geometry":{"type":"LineString","coordinates":[[-0.2646545,51.9641175],[-0.2644452,51.9641175],[-0.264346,51.9641093],[-0.2641257,51.9639688]]}},
{"type":"Feature","properties":{"id":49273,"nach":0.39513506092331396},"geometry":{"type":"LineString","coordinates":[[-0.2633125,51.9644441],[-0.2633084,51.964026],[-0.2632226,51.9639839]]}},
{"type":"Feature","properties":{"id":49276,"nach":0.51770884515526783},"geometry":{"type":"LineString","coordinates":[[-0.2633831,51.9637662],[-0.2633244,51.9638082],[-0.2632548,51.9638689],[-0.2632226,51.9639839]]}},
{"type":"Feature","properties":{"id":49278,"nach":0.48939998766508869},"geometry":{"type":"LineString","coordinates":[[-0.26289720000001,51.9640616],[-0.2629703,51.9640285],[-0.263152700000011,51.9640259],[-0.2632226,51.9639839]]}},
{"type":"Feature","properties":{"id":49275,"nach":0.55344472306203396},"geometry":{"type":"LineString","coordinates":[[-0.2633831,51.9637662],[-0.263502,51.9637441],[-0.2635794,51.9637438],[-0.2641151,51.9637418]]}},
{"type":"Feature","properties":{"id":82542,"nach":0.47533707104290751},"geometry":{"type":"LineString","coordinates":[[-0.263349,51.9634755],[-0.263353100000011,51.9635715],[-0.2633594,51.9637186],[-0.2633695,51.9637388],[-0.2633831,51.9637662]]}},
{"type":"Feature","properties":{"id":49277,"nach":0.0},"geometry":{"type":"LineString","coordinates":[[-0.26289720000001,51.9640616],[-0.2628069,51.9641325],[-0.2627398,51.9642425],[-0.2627076,51.9643912],[-0.2626956,51.9645763],[-0.2627021,51.9649579],[-0.2626258,51.965000200000013],[-0.2624971,51.9650151],[-0.2611211,51.9650299],[-0.2608479,51.9650038],[-0.2607585,51.964978],[-0.2606915,51.9649263],[-0.2605769,51.9647576],[-0.2605927,51.9644656],[-0.2606638,51.96438040000001],[-0.26072820000001,51.9643011],[-0.260822,51.9641516],[-0.2608891,51.9641011],[-0.2610016,51.9640743]]}},
{"type":"Feature","properties":{"id":49279,"nach":0.46867206986012377},"geometry":{"type":"LineString","coordinates":[[-0.2622405,51.964063],[-0.26289720000001,51.9640616]]}},
{"type":"Feature","properties":{"id":62694,"nach":0.6105823147286783},"geometry":{"type":"LineString","coordinates":[[-0.2641141,51.9637255],[-0.2641151,51.9637418]]}},
{"type":"Feature","properties":{"id":62697,"nach":0.40752775492213467},"geometry":{"type":"LineString","coordinates":[[-0.2650577,51.963819],[-0.26503870000001,51.9637563],[-0.2650238,51.9637345],[-0.2649844,51.963717],[-0.2644009,51.963722],[-0.2641141,51.9637255]]}},
{"type":"Feature","properties":{"id":54390,"nach":0.58615426696564699},"geometry":{"type":"LineString","coordinates":[[-0.2641686,51.965529],[-0.2641701,51.9655823]]}},
{"type":"Feature","properties":{"id":43924,"nach":0.43582477690035032},"geometry":{"type":"LineString","coordinates":[[-0.26470840000001,51.965539700000015],[-0.264574300000011,51.9655694],[-0.2641701,51.9655823]]}},
{"type":"Feature","properties":{"id":55810,"nach":0.58972927931061059},"geometry":{"type":"LineString","coordinates":[[-0.264141,51.9645253],[-0.2641686,51.965529]]}},
{"type":"Feature","properties":{"id":49285,"nach":0.43732366665887334},"geometry":{"type":"LineString","coordinates":[[-0.264678200000013,51.964742200000011],[-0.26470840000001,51.965539700000015]]}},
{"type":"Feature","properties":{"id":57133,"nach":0.0},"geometry":{"type":"LineString","coordinates":[[-0.2661669,51.9647315],[-0.2662055,51.9651866],[-0.266193,51.9652833],[-0.2661679,51.9653838],[-0.2661584,51.9654302],[-0.266102,51.9654515],[-0.2659356,51.9654534],[-0.2658729,51.9654708],[-0.2658564,51.9655297],[-0.26586470000001,51.9659265],[-0.265336,51.9659396],[-0.2653234,51.9655378],[-0.26470840000001,51.965539700000015]]}},
{"type":"Feature","properties":{"id":55814,"nach":0.58761805204365614},"geometry":{"type":"LineString","coordinates":[[-0.264126900000012,51.9640108],[-0.264141,51.9645253]]}},
{"type":"Feature","properties":{"id":55819,"nach":0.41564704477001796},"geometry":{"type":"LineString","coordinates":[[-0.2639736,51.9645265],[-0.2639736,51.9640138],[-0.264126900000012,51.9640108]]}},
{"type":"Feature","properties":{"id":49288,"nach":0.44493145166866921},"geometry":{"type":"LineString","coordinates":[[-0.2646545,51.9641175],[-0.264678200000013,51.964742200000011]]}},
{"type":"Feature","properties":{"id":57132,"nach":0.0},"geometry":{"type":"LineString","coordinates":[[-0.2661669,51.9647315],[-0.2661473,51.9640789],[-0.2661452,51.964054799999985],[-0.2661452,51.9640211],[-0.2646509,51.9640294],[-0.2646545,51.9641175]]}},
{"type":"Feature","properties":{"id":57131,"nach":0.39119927524916565},"geometry":{"type":"LineString","coordinates":[[-0.2661669,51.9647315],[-0.2660314,51.9647302],[-0.264678200000013,51.964742200000011]]}},
{"type":"Feature","properties":{"id":72934,"nach":0.46851643409047067},"geometry":{"type":"LineString","coordinates":[[-0.2598198,51.9543144],[-0.2598545,51.9543638],[-0.2598535,51.9544401]]}},
{"type":"Feature","properties":{"id":72935,"nach":0.44441647029187142},"geometry":{"type":"LineString","coordinates":[[-0.2575551,51.9527212],[-0.2576611,51.952647500000012]]}},
{"type":"Feature","properties":{"id":72796,"nach":0.5105390152368775},"geometry":{"type":"LineString","coordinates":[[-0.2565783,51.952452],[-0.2571675,51.9524649],[-0.25735960000001,51.95249110000001],[-0.2576611,51.952647500000012]]}},
{"type":"Feature","properties":{"id":66158,"nach":0.47168473338871431},"geometry":{"type":"LineString","coordinates":[[-0.257888800000011,51.9538928],[-0.2580368,51.9537857],[-0.2582873,51.9539151],[-0.2582595,51.9540834]]}},
{"type":"Feature","properties":{"id":44006,"nach":0.46546711165875665},"geometry":{"type":"LineString","coordinates":[[-0.26771610000001,51.9546268],[-0.2680388,51.9546006]]}},
{"type":"Feature","properties":{"id":44009,"nach":0.46617037657452992},"geometry":{"type":"LineString","coordinates":[[-0.267742800000011,51.954761799999986],[-0.26771610000001,51.9546268]]}},
{"type":"Feature","properties":{"id":77747,"nach":0.54101247235518579},"geometry":{"type":"LineString","coordinates":[[-0.2674745,51.9540664],[-0.2675361,51.9542368],[-0.267578300000011,51.9543919],[-0.2676437,51.954632599999989],[-0.26771610000001,51.9546268]]}},
{"type":"Feature","properties":{"id":77738,"nach":0.69744043277325229},"geometry":{"type":"LineString","coordinates":[[-0.2676616,51.9539962],[-0.2676848,51.9539635],[-0.267876,51.9539507]]}},
{"type":"Feature","properties":{"id":77758,"nach":0.51368270245278436},"geometry":{"type":"LineString","coordinates":[[-0.26805760000001,51.954022],[-0.2680148,51.9540245],[-0.2674745,51.9540664]]}},
{"type":"Feature","properties":{"id":44011,"nach":0.0},"geometry":{"type":"LineString","coordinates":[[-0.267742800000011,51.954761799999986],[-0.2681582,51.9547234],[-0.2682011,51.9549085],[-0.2677799,51.9549496],[-0.267742800000011,51.954761799999986]]}},
{"type":"Feature","properties":{"id":77699,"nach":0.50194295814266765},"geometry":{"type":"LineString","coordinates":[[-0.2493341,51.9600446],[-0.2491954,51.9600992],[-0.2486962,51.960295700000017],[-0.248208,51.9605398],[-0.247345700000013,51.9610711],[-0.24602,51.9619092],[-0.245606,51.96218420000001]]}},
{"type":"Feature","properties":{"id":45502,"nach":0.42119391805819645},"geometry":{"type":"LineString","coordinates":[[-0.2553472,51.9494746],[-0.2557427,51.9496901],[-0.25602870000001,51.94949230000001]]}},
{"type":"Feature","properties":{"id":45489,"nach":0.66297185986875884},"geometry":{"type":"LineString","coordinates":[[-0.2559511,51.9499047],[-0.2558459,51.9499265],[-0.2557379,51.94997990000001],[-0.2556301,51.95004440000001]]}},
{"type":"Feature","properties":{"id":78202,"nach":0.64559446418249344},"geometry":{"type":"LineString","coordinates":[[-0.2556301,51.95004440000001],[-0.255131819403173,51.950308883543691]]}},
{"type":"Feature","properties":{"id":78202,"nach":0.64559446418249344},"geometry":{"type":"LineString","coordinates":[[-0.255131819403173,51.950308883543691],[-0.2551316,51.950309]]}},
{"type":"Feature","properties":{"id":46737,"nach":0.48888860191847239},"geometry":{"type":"LineString","coordinates":[[-0.2565459,51.9563799],[-0.2566297,51.95643290000001]]}},
{"type":"Feature","properties":{"id":46738,"nach":0.48775662045023988},"geometry":{"type":"LineString","coordinates":[[-0.2565459,51.9563799],[-0.2566268,51.9563006]]}},
{"type":"Feature","properties":{"id":47183,"nach":0.42838064165447548},"geometry":{"type":"LineString","coordinates":[[-0.2668353,51.959593099999985],[-0.2670173,51.9597971]]}},
{"type":"Feature","properties":{"id":47179,"nach":0.42709402111781131},"geometry":{"type":"LineString","coordinates":[[-0.2665403,51.9599616],[-0.2666744,51.9599187],[-0.2670173,51.9597971]]}},
{"type":"Feature","properties":{"id":82522,"nach":0.4328967518856025},"geometry":{"type":"LineString","coordinates":[[-0.2678613,51.9596802],[-0.2679393,51.959727600000015],[-0.268011,51.9597776],[-0.2681565,51.9599433],[-0.26790040000001,51.9600358]]}},
{"type":"Feature","properties":{"id":82246,"nach":0.56586013047764938},"geometry":{"type":"LineString","coordinates":[[-0.262033,51.9592037],[-0.262073,51.9591717]]}},
{"type":"Feature","properties":{"id":59231,"nach":0.61875558707206002},"geometry":{"type":"LineString","coordinates":[[-0.2625879,51.9593905],[-0.262512600000012,51.9593626],[-0.2624206,51.9593244],[-0.262217200000011,51.9592346],[-0.262073,51.9591717]]}},
{"type":"Feature","properties":{"id":82247,"nach":0.44688439589365309},"geometry":{"type":"LineString","coordinates":[[-0.262033,51.9592037],[-0.261707900000012,51.9594641]]}},
{"type":"Feature","properties":{"id":82249,"nach":0.5883004993314489},"geometry":{"type":"LineString","coordinates":[[-0.262033,51.9592037],[-0.2620994,51.959232900000011],[-0.2621972,51.9592768],[-0.262276400000012,51.9593133],[-0.262291,51.9593196],[-0.2623012,51.9593233],[-0.2623427,51.9593409],[-0.262415,51.9593728],[-0.2624845,51.959402],[-0.2625389,51.9594255]]}},
{"type":"Feature","properties":{"id":82287,"nach":0.61901924659885099},"geometry":{"type":"LineString","coordinates":[[-0.2613119,51.9588944],[-0.2613345,51.9588996],[-0.261358800000012,51.9589056],[-0.2613696,51.9589089],[-0.2613804,51.9589132],[-0.2614774,51.9589557],[-0.2616004,51.9590099],[-0.2618385,51.9591163],[-0.2619469,51.9591658],[-0.262033,51.9592037]]}},
{"type":"Feature","properties":{"id":67128,"nach":0.43175597757618006},"geometry":{"type":"LineString","coordinates":[[-0.2625389,51.9594255],[-0.2625879,51.9593905]]}},
{"type":"Feature","properties":{"id":47782,"nach":0.41343218072691379},"geometry":{"type":"LineString","coordinates":[[-0.2651877,51.95687250000001],[-0.2652933,51.956818099999985],[-0.2654388,51.9567797]]}},
{"type":"Feature","properties":{"id":47780,"nach":0.41343218072691379},"geometry":{"type":"LineString","coordinates":[[-0.2651877,51.95687250000001],[-0.26536840000001,51.957019]]}},
{"type":"Feature","properties":{"id":71783,"nach":0.48879796859839131},"geometry":{"type":"LineString","coordinates":[[-0.2647113,51.9565714],[-0.2648384,51.9567374],[-0.2651877,51.95687250000001]]}},
{"type":"Feature","properties":{"id":78290,"nach":0.56393893879141099},"geometry":{"type":"LineString","coordinates":[[-0.2644939,51.956257500000014],[-0.2646238,51.956447],[-0.2647113,51.9565714]]}},
{"type":"Feature","properties":{"id":71788,"nach":0.5235762719013517},"geometry":{"type":"LineString","coordinates":[[-0.2642836,51.956682],[-0.264638,51.9565919],[-0.2647113,51.9565714]]}},
{"type":"Feature","properties":{"id":61795,"nach":0.49394278551364418},"geometry":{"type":"LineString","coordinates":[[-0.2499421,51.9596795],[-0.2498981,51.9596483],[-0.2498404,51.959620600000015],[-0.2497619,51.9595958],[-0.2496761,51.9595772],[-0.24959230000001,51.9595623],[-0.2495172,51.9595536],[-0.2494521,51.9595553],[-0.2493992,51.9595602],[-0.2493314,51.9595722]]}},
{"type":"Feature","properties":{"id":83039,"nach":0.5123987843145007},"geometry":{"type":"LineString","coordinates":[[-0.2549959,51.9559811],[-0.2548132,51.9561561],[-0.254693700000012,51.9562622]]}},
{"type":"Feature","properties":{"id":83038,"nach":0.47042622774224102},"geometry":{"type":"LineString","coordinates":[[-0.2549959,51.9559811],[-0.2550612,51.9560013]]}},
{"type":"Feature","properties":{"id":61803,"nach":0.50374763291284874},"geometry":{"type":"LineString","coordinates":[[-0.2530845,51.9504415],[-0.2532937,51.950551],[-0.253116700000012,51.950675]]}},
{"type":"Feature","properties":{"id":82544,"nach":0.40059037113232693},"geometry":{"type":"LineString","coordinates":[[-0.2636558,51.9634682],[-0.263349,51.9634755]]}},
{"type":"Feature","properties":{"id":82545,"nach":0.39830574774047217},"geometry":{"type":"LineString","coordinates":[[-0.2633353,51.963153300000016],[-0.26334470000001,51.9633747],[-0.2633471,51.9634311],[-0.263349,51.9634755]]}},
{"type":"Feature","properties":{"id":58201,"nach":0.41505224015353542},"geometry":{"type":"LineString","coordinates":[[-0.2610016,51.9640743],[-0.2614174,51.9640705],[-0.26218980000001,51.9640635],[-0.2622405,51.964063]]}},
{"type":"Feature","properties":{"id":82540,"nach":0.36678380554498424},"geometry":{"type":"LineString","coordinates":[[-0.2610044,51.9642755],[-0.2610023,51.9641276],[-0.2610016,51.9640743]]}},
{"type":"Feature","properties":{"id":58200,"nach":0.37316595570336741},"geometry":{"type":"LineString","coordinates":[[-0.2621545,51.9633908],[-0.2621667,51.963719],[-0.2621837,51.9639273],[-0.2622104,51.9640247],[-0.2622405,51.964063]]}},
{"type":"Feature","properties":{"id":82568,"nach":0.1497778806984757},"geometry":{"type":"LineString","coordinates":[[-0.2671373,51.9661454],[-0.2672108,51.9661488],[-0.2682415,51.9661178],[-0.2683272,51.9660831],[-0.2683705,51.9660313],[-0.2683472,51.965595]]}},
{"type":"Feature","properties":{"id":82567,"nach":0.1497778806984757},"geometry":{"type":"LineString","coordinates":[[-0.2665606,51.965648],[-0.2668798,51.9656703],[-0.2670863,51.9656678],[-0.2672218,51.9656521],[-0.2674024,51.965619],[-0.2683472,51.965595]]}},
{"type":"Feature","properties":{"id":82569,"nach":0.0},"geometry":{"type":"LineString","coordinates":[[-0.2671373,51.9661454],[-0.2667028,51.9661471],[-0.266627700000013,51.9661355],[-0.2665821,51.9661016],[-0.2665553,51.9660545],[-0.2665566,51.9658992],[-0.2665848,51.9658686],[-0.2666438,51.9658505],[-0.266969700000011,51.9658455],[-0.2670273,51.965858700000013],[-0.2670743,51.9658785],[-0.267095700000012,51.9659009],[-0.2671373,51.9661454]]}},
{"type":"Feature","properties":{"id":49313,"nach":0.4154502064118637},"geometry":{"type":"LineString","coordinates":[[-0.268919,51.9650858],[-0.2708343,51.965081],[-0.2711347,51.9650744],[-0.2712392,51.9650618]]}},
{"type":"Feature","properties":{"id":49321,"nach":0.45371452385382671},"geometry":{"type":"LineString","coordinates":[[-0.2714315,51.9646677],[-0.27139220000001,51.9648232],[-0.2713278,51.964958699999983],[-0.2712392,51.9650618]]}},
{"type":"Feature","properties":{"id":49305,"nach":0.35967010021336393},"geometry":{"type":"LineString","coordinates":[[-0.2707431,51.9656198],[-0.271183,51.9651273],[-0.2712392,51.9650618]]}},
{"type":"Feature","properties":{"id":49312,"nach":0.31113296232829207},"geometry":{"type":"LineString","coordinates":[[-0.268919,51.9650858],[-0.2689056,51.9649532]]}},
{"type":"Feature","properties":{"id":49316,"nach":0.39124117351879012},"geometry":{"type":"LineString","coordinates":[[-0.2690908,51.9655966],[-0.2690908,51.9655305],[-0.2690747,51.9653438],[-0.2690747,51.9652645],[-0.26901040000001,51.9652248],[-0.2689675,51.9651736],[-0.2689219,51.9650975],[-0.268919,51.9650858]]}},
{"type":"Feature","properties":{"id":49320,"nach":0.32792937924445514},"geometry":{"type":"LineString","coordinates":[[-0.2714315,51.9646677],[-0.2714351,51.9646877],[-0.2714565,51.96486620000001],[-0.2714565,51.9650413],[-0.2713761,51.9667468],[-0.271322400000011,51.9675268],[-0.2712902,51.9679499],[-0.271242,51.9680523],[-0.2711561,51.9681217],[-0.2710435,51.9681878],[-0.2710111,51.9681975]]}},
{"type":"Feature","properties":{"id":49317,"nach":0.3796314991096772},"geometry":{"type":"LineString","coordinates":[[-0.2690908,51.9655966],[-0.2690184,51.9656379],[-0.2687716,51.9656446],[-0.268651,51.965657799999988],[-0.26857320000001,51.9656776],[-0.2684981,51.9657173],[-0.2684686,51.9657701],[-0.2684712,51.9658693],[-0.2684766,51.9660098]]}},
{"type":"Feature","properties":{"id":58177,"nach":0.36133455925440117},"geometry":{"type":"LineString","coordinates":[[-0.2685731,51.96612],[-0.26852490000001,51.9660742],[-0.2684766,51.9660098]]}},
{"type":"Feature","properties":{"id":58176,"nach":0.0},"geometry":{"type":"LineString","coordinates":[[-0.2690964,51.9667668],[-0.2689641,51.9668102],[-0.2688955,51.9668186],[-0.2688612,51.9668003],[-0.2687424,51.9666581],[-0.26860990000001,51.9665159],[-0.268539,51.9664216],[-0.2684887,51.9663442],[-0.2684727,51.9662372],[-0.268475,51.9661485],[-0.2684766,51.9660098]]}},
{"type":"Feature","properties":{"id":49315,"nach":0.22890422111946518},"geometry":{"type":"LineString","coordinates":[[-0.2690908,51.9655966],[-0.2703944,51.965598300000011]]}},
{"type":"Feature","properties":{"id":53104,"nach":0.44572065839742203},"geometry":{"type":"LineString","coordinates":[[-0.263365,51.9528071],[-0.26313240000001,51.9529046]]}},
{"type":"Feature","properties":{"id":53107,"nach":0.62005970809860977},"geometry":{"type":"LineString","coordinates":[[-0.2631888,51.9526922],[-0.263365,51.9528071]]}},
{"type":"Feature","properties":{"id":53108,"nach":0.44334251129040436},"geometry":{"type":"LineString","coordinates":[[-0.2631888,51.9526922],[-0.2629793,51.9527767]]}},
{"type":"Feature","properties":{"id":53113,"nach":0.6093784810684526},"geometry":{"type":"LineString","coordinates":[[-0.26303,51.9525888],[-0.2631096,51.9526403],[-0.2631888,51.9526922]]}},
{"type":"Feature","properties":{"id":53112,"nach":0.44071245371399265},"geometry":{"type":"LineString","coordinates":[[-0.26303,51.9525888],[-0.2628513,51.9526752]]}},
{"type":"Feature","properties":{"id":53116,"nach":0.59724663093849972},"geometry":{"type":"LineString","coordinates":[[-0.2628789,51.9524902],[-0.26303,51.9525888]]}},
{"type":"Feature","properties":{"id":53117,"nach":0.43780641557408556},"geometry":{"type":"LineString","coordinates":[[-0.2628789,51.9524902],[-0.2626825,51.95257]]}},
{"type":"Feature","properties":{"id":53120,"nach":0.58313764043110272},"geometry":{"type":"LineString","coordinates":[[-0.2627358,51.9523967],[-0.2628789,51.9524902]]}},
{"type":"Feature","properties":{"id":53121,"nach":0.43503535465368831},"geometry":{"type":"LineString","coordinates":[[-0.2627358,51.9523967],[-0.2625118,51.9524785]]}},
{"type":"Feature","properties":{"id":83000,"nach":0.54578848627036602},"geometry":{"type":"LineString","coordinates":[[-0.2740849,51.9616317],[-0.2740284,51.9615887]]}},
{"type":"Feature","properties":{"id":59582,"nach":0.53794875187009816},"geometry":{"type":"LineString","coordinates":[[-0.2733627,51.961065499999989],[-0.2740284,51.9615887]]}},
{"type":"Feature","properties":{"id":54406,"nach":0.49372939502617064},"geometry":{"type":"LineString","coordinates":[[-0.2742338,51.9614833],[-0.2740284,51.9615887]]}},
{"type":"Feature","properties":{"id":83002,"nach":0.54911727386043918},"geometry":{"type":"LineString","coordinates":[[-0.2740849,51.9616317],[-0.2742901,51.9617878],[-0.2743799,51.9618477],[-0.2744309,51.96186920000001],[-0.274494600000011,51.9618919]]}},
{"type":"Feature","properties":{"id":83001,"nach":0.46561802090257487},"geometry":{"type":"LineString","coordinates":[[-0.2740849,51.9616317],[-0.2739049,51.9617177]]}},
{"type":"Feature","properties":{"id":59586,"nach":0.53827690075590306},"geometry":{"type":"LineString","coordinates":[[-0.2730831,51.9608498],[-0.2731896,51.96080480000002],[-0.2732441,51.9608059],[-0.2734246,51.9609507],[-0.2734535,51.961],[-0.2734382,51.9610262],[-0.2733627,51.961065499999989]]}},
{"type":"Feature","properties":{"id":54405,"nach":0.45665524935841223},"geometry":{"type":"LineString","coordinates":[[-0.2742338,51.9614833],[-0.2744153,51.9613929]]}},
{"type":"Feature","properties":{"id":54408,"nach":0.38666364971692435},"geometry":{"type":"LineString","coordinates":[[-0.2746576,51.9618129],[-0.2742338,51.9614833]]}},
{"type":"Feature","properties":{"id":54172,"nach":0.44178900155215528},"geometry":{"type":"LineString","coordinates":[[-0.2724268,51.958996],[-0.271605,51.9593665]]}},
{"type":"Feature","properties":{"id":54178,"nach":0.14913910779894962},"geometry":{"type":"LineString","coordinates":[[-0.2719968,51.9596478],[-0.271605,51.9593665]]}},
{"type":"Feature","properties":{"id":54181,"nach":0.44723191796938422},"geometry":{"type":"LineString","coordinates":[[-0.2718397,51.95972960000001],[-0.2719968,51.9596478]]}},
{"type":"Feature","properties":{"id":82993,"nach":0.55893881126332468},"geometry":{"type":"LineString","coordinates":[[-0.2721077,51.959966600000016],[-0.2718397,51.95972960000001]]}},
{"type":"Feature","properties":{"id":54175,"nach":0.10914047734428359},"geometry":{"type":"LineString","coordinates":[[-0.2728102,51.9592896],[-0.2729279,51.9592623],[-0.27256470000001,51.9589445],[-0.2724268,51.958996]]}},
{"type":"Feature","properties":{"id":54183,"nach":0.39386538624042783},"geometry":{"type":"LineString","coordinates":[[-0.272064,51.958751299999989],[-0.2724268,51.958996]]}},
{"type":"Feature","properties":{"id":54179,"nach":0.39427336914268563},"geometry":{"type":"LineString","coordinates":[[-0.2719968,51.9596478],[-0.2722985,51.9595007],[-0.2724051,51.9594917],[-0.2728102,51.9592896]]}},
{"type":"Feature","properties":{"id":82995,"nach":0.55220044865698181},"geometry":{"type":"LineString","coordinates":[[-0.2721077,51.959966600000016],[-0.2723247,51.9601586],[-0.272366800000011,51.9602026]]}},
{"type":"Feature","properties":{"id":82996,"nach":0.39754823149010099},"geometry":{"type":"LineString","coordinates":[[-0.2727968,51.9596396],[-0.2721077,51.959966600000016]]}},
{"type":"Feature","properties":{"id":54381,"nach":0.44937017307777305},"geometry":{"type":"LineString","coordinates":[[-0.2650892,51.9667734],[-0.2651928,51.96689150000001],[-0.2652177,51.967091]]}},
{"type":"Feature","properties":{"id":54380,"nach":0.37533427516463763},"geometry":{"type":"LineString","coordinates":[[-0.2650892,51.9667734],[-0.2650676,51.966748800000012],[-0.2644792,51.9667141]]}},
{"type":"Feature","properties":{"id":54383,"nach":0.37533427516463763},"geometry":{"type":"LineString","coordinates":[[-0.264742100000013,51.9663014],[-0.2647547,51.966544399999989],[-0.2649487,51.9665868],[-0.2650892,51.9667734]]}},
{"type":"Feature","properties":{"id":56972,"nach":0.28264777396799323},"geometry":{"type":"LineString","coordinates":[[-0.2629197,51.9670358],[-0.26290450000001,51.9661013]]}},
{"type":"Feature","properties":{"id":55818,"nach":0.39119917318660669},"geometry":{"type":"LineString","coordinates":[[-0.2639736,51.9645265],[-0.264141,51.9645253]]}},
{"type":"Feature","properties":{"id":78320,"nach":0.48206621598884791},"geometry":{"type":"LineString","coordinates":[[-0.2531692,51.9510481],[-0.2530729,51.9511159]]}},
{"type":"Feature","properties":{"id":54755,"nach":0.44900106766219389},"geometry":{"type":"LineString","coordinates":[[-0.2529453,51.951195],[-0.2530729,51.9511159]]}},
{"type":"Feature","properties":{"id":78322,"nach":0.47947151717317882},"geometry":{"type":"LineString","coordinates":[[-0.2531692,51.9510481],[-0.252781400000011,51.9508424],[-0.252926900000012,51.9507139],[-0.2529705,51.9506816],[-0.2530067,51.9506705],[-0.253116700000012,51.950675]]}},
{"type":"Feature","properties":{"id":54858,"nach":0.63066384803582087},"geometry":{"type":"LineString","coordinates":[[-0.2640687,51.9622624],[-0.264070300000011,51.9623385],[-0.264069100000011,51.962491199999988]]}},
{"type":"Feature","properties":{"id":54862,"nach":0.4875963158089418},"geometry":{"type":"LineString","coordinates":[[-0.2630507,51.9622723],[-0.2640687,51.9622624]]}},
{"type":"Feature","properties":{"id":67078,"nach":0.4122706770398139},"geometry":{"type":"LineString","coordinates":[[-0.2654192,51.9625878],[-0.2650259,51.962491],[-0.264422,51.9623275],[-0.2642416,51.962273],[-0.2640687,51.9622624]]}},
{"type":"Feature","properties":{"id":82551,"nach":0.62570934165154835},"geometry":{"type":"LineString","coordinates":[[-0.26407610000001,51.9626637],[-0.264069100000011,51.962491199999988]]}},
{"type":"Feature","properties":{"id":54867,"nach":0.43116524717307059},"geometry":{"type":"LineString","coordinates":[[-0.2633979,51.9624986],[-0.264069100000011,51.962491199999988]]}},
{"type":"Feature","properties":{"id":82550,"nach":0.62246540651505555},"geometry":{"type":"LineString","coordinates":[[-0.26407610000001,51.9626637],[-0.26408640000001,51.9629189]]}},
{"type":"Feature","properties":{"id":82554,"nach":0.48527006398433165},"geometry":{"type":"LineString","coordinates":[[-0.2649499,51.962833500000016],[-0.2642365,51.9626881],[-0.26407610000001,51.9626637]]}},
{"type":"Feature","properties":{"id":54866,"nach":0.41466671435863406},"geometry":{"type":"LineString","coordinates":[[-0.2633979,51.9624986],[-0.2632698,51.9624978]]}},
{"type":"Feature","properties":{"id":54871,"nach":0.39414643827683282},"geometry":{"type":"LineString","coordinates":[[-0.26408640000001,51.9629189],[-0.2634069,51.962918],[-0.2633979,51.9624986]]}},
{"type":"Feature","properties":{"id":54864,"nach":0.41214801128354017},"geometry":{"type":"LineString","coordinates":[[-0.2629572,51.9624056],[-0.2630507,51.9622723]]}},
{"type":"Feature","properties":{"id":54865,"nach":0.41147056790056097},"geometry":{"type":"LineString","coordinates":[[-0.2632617,51.9620238],[-0.2630507,51.9622723]]}},
{"type":"Feature","properties":{"id":78230,"nach":0.57245774412442252},"geometry":{"type":"LineString","coordinates":[[-0.25576,51.956209],[-0.2557144,51.9562636],[-0.2554505,51.9565282]]}},
{"type":"Feature","properties":{"id":83042,"nach":0.55843503286433527},"geometry":{"type":"LineString","coordinates":[[-0.2553812,51.9561007],[-0.25576,51.956209]]}},
{"type":"Feature","properties":{"id":55295,"nach":0.53985501316868412},"geometry":{"type":"LineString","coordinates":[[-0.2550617,51.956391600000011],[-0.2554505,51.9565282]]}},
{"type":"Feature","properties":{"id":62930,"nach":0.0},"geometry":{"type":"LineString","coordinates":[[-0.2548794,51.9565875],[-0.2552712,51.956728],[-0.2554505,51.9565282]]}},
{"type":"Feature","properties":{"id":83032,"nach":0.46689203388997347},"geometry":{"type":"LineString","coordinates":[[-0.2547496,51.9562818],[-0.2550617,51.956391600000011]]}},
{"type":"Feature","properties":{"id":62929,"nach":0.53711716553604338},"geometry":{"type":"LineString","coordinates":[[-0.2548794,51.9565875],[-0.2550617,51.956391600000011]]}},
{"type":"Feature","properties":{"id":62928,"nach":0.51591195366808473},"geometry":{"type":"LineString","coordinates":[[-0.2548794,51.9565875],[-0.2548286,51.9566421]]}},
{"type":"Feature","properties":{"id":83034,"nach":0.53720607809035514},"geometry":{"type":"LineString","coordinates":[[-0.2547496,51.9562818],[-0.2547365,51.9562772],[-0.254693700000012,51.9562622]]}},
{"type":"Feature","properties":{"id":83036,"nach":0.51838400135785778},"geometry":{"type":"LineString","coordinates":[[-0.2549574,51.956095799999986],[-0.2547496,51.9562818]]}},
{"type":"Feature","properties":{"id":55291,"nach":0.43735664944725922},"geometry":{"type":"LineString","coordinates":[[-0.2548286,51.9566421],[-0.2544317,51.9567751]]}},
{"type":"Feature","properties":{"id":78248,"nach":0.43971933254368867},"geometry":{"type":"LineString","coordinates":[[-0.2546114,51.9565239],[-0.2548286,51.9566421]]}},
{"type":"Feature","properties":{"id":55355,"nach":0.45592881850203065},"geometry":{"type":"LineString","coordinates":[[-0.2543719,51.9591703],[-0.254219,51.9592546],[-0.2541703,51.9592513],[-0.253879500000011,51.9590437],[-0.254047400000011,51.9589498]]}},
{"type":"Feature","properties":{"id":55353,"nach":0.40754310658224646},"geometry":{"type":"LineString","coordinates":[[-0.2543719,51.9591703],[-0.254413,51.9591983],[-0.2544622,51.9592488]]}},
{"type":"Feature","properties":{"id":55806,"nach":0.48007844489664236},"geometry":{"type":"LineString","coordinates":[[-0.263833,51.9633231],[-0.2636154,51.9633206],[-0.2636045,51.9629802]]}},
{"type":"Feature","properties":{"id":55808,"nach":0.41335541528007308},"geometry":{"type":"LineString","coordinates":[[-0.2638289,51.9629775],[-0.263833,51.9633231]]}},
{"type":"Feature","properties":{"id":55802,"nach":0.53494009874735082},"geometry":{"type":"LineString","coordinates":[[-0.2632363,51.962973],[-0.2636045,51.9629802]]}},
{"type":"Feature","properties":{"id":55807,"nach":0.5134802051335674},"geometry":{"type":"LineString","coordinates":[[-0.2638289,51.9629775],[-0.2636045,51.9629802]]}},
{"type":"Feature","properties":{"id":55801,"nach":0.51040515532370345},"geometry":{"type":"LineString","coordinates":[[-0.2632363,51.962973],[-0.2630092,51.9629741]]}},
{"type":"Feature","properties":{"id":55803,"nach":0.4036171654785215},"geometry":{"type":"LineString","coordinates":[[-0.2632363,51.962973],[-0.2632239,51.9626149]]}},
{"type":"Feature","properties":{"id":55799,"nach":0.4006102613496455},"geometry":{"type":"LineString","coordinates":[[-0.263001,51.9626297],[-0.2630092,51.9629741]]}},
{"type":"Feature","properties":{"id":82118,"nach":0.47375357238698618},"geometry":{"type":"LineString","coordinates":[[-0.2627996,51.962893],[-0.2627975,51.962922],[-0.2628994,51.9629757],[-0.2630092,51.9629741]]}},
{"type":"Feature","properties":{"id":82119,"nach":0.39591548164844848},"geometry":{"type":"LineString","coordinates":[[-0.2627996,51.962893],[-0.2625909,51.962845100000017],[-0.2625883,51.962642700000011]]}},
{"type":"Feature","properties":{"id":82120,"nach":0.39790468027414505},"geometry":{"type":"LineString","coordinates":[[-0.2628002,51.9626327],[-0.2627996,51.962893]]}},
{"type":"Feature","properties":{"id":55817,"nach":0.40314200143584872},"geometry":{"type":"LineString","coordinates":[[-0.2639736,51.9645265],[-0.2635864,51.9645293]]}},
{"type":"Feature","properties":{"id":72800,"nach":0.4247357483321908},"geometry":{"type":"LineString","coordinates":[[-0.2556444,51.9518578],[-0.255827100000011,51.951993],[-0.256052,51.9521227],[-0.2565783,51.952452]]}},
{"type":"Feature","properties":{"id":72919,"nach":0.48393294460881098},"geometry":{"type":"LineString","coordinates":[[-0.2554227,51.953108],[-0.2557111,51.9530815],[-0.2565783,51.952452]]}},
{"type":"Feature","properties":{"id":56464,"nach":0.59566458303005154},"geometry":{"type":"LineString","coordinates":[[-0.2692983,51.9533196],[-0.2693341,51.9534957]]}},
{"type":"Feature","properties":{"id":56466,"nach":0.54596685517034127},"geometry":{"type":"LineString","coordinates":[[-0.2687759,51.9533691],[-0.2689755,51.9533422],[-0.269188,51.9533225],[-0.2692983,51.9533196]]}},
{"type":"Feature","properties":{"id":83050,"nach":0.4763617252309913},"geometry":{"type":"LineString","coordinates":[[-0.2697404,51.9534675],[-0.2693341,51.9534957]]}},
{"type":"Feature","properties":{"id":83049,"nach":0.61015111189357085},"geometry":{"type":"LineString","coordinates":[[-0.2693341,51.9534957],[-0.2693914,51.953778],[-0.2693983,51.953812]]}},
{"type":"Feature","properties":{"id":56470,"nach":0.46885551474217635},"geometry":{"type":"LineString","coordinates":[[-0.2686796,51.9529305],[-0.2687024,51.9531247],[-0.2687573,51.9533053],[-0.2687759,51.9533691]]}},
{"type":"Feature","properties":{"id":56469,"nach":0.46885551474217635},"geometry":{"type":"LineString","coordinates":[[-0.2683125,51.9535562],[-0.268735900000011,51.9535255],[-0.2687695,51.9535162],[-0.2687937,51.9535013],[-0.2688044,51.9534877],[-0.2688101,51.95346880000001],[-0.2687759,51.9533691]]}},
{"type":"Feature","properties":{"id":82853,"nach":0.47373975830924364},"geometry":{"type":"LineString","coordinates":[[-0.2721289,51.9542461],[-0.2721456,51.9541663],[-0.271654,51.9541305]]}},
{"type":"Feature","properties":{"id":78298,"nach":0.43204201543562021},"geometry":{"type":"LineString","coordinates":[[-0.258230300000011,51.95655940000001],[-0.2580292,51.956676],[-0.2579153,51.9567194],[-0.2578608,51.9567453],[-0.2578318,51.956762500000018],[-0.2578131,51.9567831],[-0.2578004,51.9568023],[-0.257789300000013,51.956829600000013],[-0.2577824,51.9568499],[-0.2577824,51.9568772],[-0.2577847,51.9568968],[-0.25779150000001,51.9569199],[-0.2578052,51.9569451],[-0.2578267,51.9569724],[-0.257975400000011,51.9571335]]}},
{"type":"Feature","properties":{"id":61238,"nach":0.44570361717322393},"geometry":{"type":"LineString","coordinates":[[-0.26547,51.954069],[-0.2654649,51.954090300000011],[-0.2655414,51.9542505],[-0.2655616,51.9542879],[-0.2656113,51.954379500000016],[-0.265327,51.954431],[-0.2652969,51.9544599],[-0.2652836,51.954497],[-0.2653036,51.9545506],[-0.2654039,51.9547896],[-0.2656146,51.9550389],[-0.2658049,51.9552344],[-0.2659344,51.9553778]]}},
{"type":"Feature","properties":{"id":61240,"nach":0.46561452846255846},"geometry":{"type":"LineString","coordinates":[[-0.2648067,51.954195],[-0.2649182,51.9543116],[-0.2650034,51.95431450000001],[-0.265153200000012,51.9541453],[-0.2653022,51.9540894],[-0.26547,51.954069]]}},
{"type":"Feature","properties":{"id":71449,"nach":0.45120525531607603},"geometry":{"type":"LineString","coordinates":[[-0.266351,51.9538575],[-0.266348100000011,51.953702300000025]]}},
{"type":"Feature","properties":{"id":67129,"nach":0.44498021673500493},"geometry":{"type":"LineString","coordinates":[[-0.2625389,51.9594255],[-0.2620518,51.9598065]]}},
{"type":"Feature","properties":{"id":82236,"nach":0.5789130321589685},"geometry":{"type":"LineString","coordinates":[[-0.2627518,51.9595342],[-0.262732,51.9595265],[-0.262712,51.9595181],[-0.2626566,51.959493099999989],[-0.262585,51.9594574],[-0.2625802,51.95945360000001],[-0.2625733,51.9594449],[-0.2625695,51.959441599999984],[-0.2625603,51.959435399999983],[-0.2625389,51.9594255]]}},
{"type":"Feature","properties":{"id":83005,"nach":0.54016537896385797},"geometry":{"type":"LineString","coordinates":[[-0.2725963,51.9604499],[-0.2727632,51.960599],[-0.2730831,51.9608498]]}},
{"type":"Feature","properties":{"id":83007,"nach":0.39101902200564836},"geometry":{"type":"LineString","coordinates":[[-0.2725963,51.9604499],[-0.27278950000001,51.9603791],[-0.2728692,51.960342],[-0.2733547,51.960116]]}},
{"type":"Feature","properties":{"id":83006,"nach":0.5459156793109774},"geometry":{"type":"LineString","coordinates":[[-0.2725963,51.9604499],[-0.2724937,51.9603354],[-0.272366800000011,51.9602026]]}},
{"type":"Feature","properties":{"id":61769,"nach":0.45782971141209505},"geometry":{"type":"LineString","coordinates":[[-0.2610628,51.9530256],[-0.2611064,51.9527969]]}},
{"type":"Feature","properties":{"id":59977,"nach":0.44506532866740878},"geometry":{"type":"LineString","coordinates":[[-0.2632231,51.9531064],[-0.2631246,51.95315020000001]]}},
{"type":"Feature","properties":{"id":59987,"nach":0.54898024880498575},"geometry":{"type":"LineString","coordinates":[[-0.2631132,51.9530022],[-0.2632231,51.9531064]]}},
{"type":"Feature","properties":{"id":59988,"nach":0.51212890152991886},"geometry":{"type":"LineString","coordinates":[[-0.2631132,51.9530022],[-0.2627408,51.9531543]]}},
{"type":"Feature","properties":{"id":59991,"nach":0.4428803399380129},"geometry":{"type":"LineString","coordinates":[[-0.263081,51.9529725],[-0.2631132,51.9530022]]}},
{"type":"Feature","properties":{"id":59986,"nach":0.43645227442904522},"geometry":{"type":"LineString","coordinates":[[-0.2627408,51.9531543],[-0.2628435,51.9532452],[-0.262899,51.9532338]]}},
{"type":"Feature","properties":{"id":59990,"nach":0.43816600261217648},"geometry":{"type":"LineString","coordinates":[[-0.26271620000001,51.9531295],[-0.2627408,51.9531543]]}},
{"type":"Feature","properties":{"id":82136,"nach":0.51490106177313888},"geometry":{"type":"LineString","coordinates":[[-0.2544877,51.9528056],[-0.2546248,51.952741]]}},
{"type":"Feature","properties":{"id":82137,"nach":0.49238374361283815},"geometry":{"type":"LineString","coordinates":[[-0.2544877,51.9528056],[-0.254752,51.9529236],[-0.255057,51.9530424],[-0.2554227,51.953108]]}},
{"type":"Feature","properties":{"id":66078,"nach":0.40754715759367949},"geometry":{"type":"LineString","coordinates":[[-0.2686672,51.9623184],[-0.268715,51.9622902],[-0.2687267,51.962274499999985],[-0.2687256,51.9622516],[-0.2687108,51.962227],[-0.2684697,51.962093800000012]]}},
{"type":"Feature","properties":{"id":66079,"nach":0.40754715759367949},"geometry":{"type":"LineString","coordinates":[[-0.2680757,51.9621181],[-0.2682265,51.962016],[-0.2682605,51.9620056],[-0.2682997,51.9620062],[-0.268334800000011,51.9620167],[-0.2684697,51.962093800000012]]}},
{"type":"Feature","properties":{"id":81338,"nach":0.49561464035312053},"geometry":{"type":"LineString","coordinates":[[-0.2659079,51.9528357],[-0.2659591,51.9528039],[-0.2663603,51.9525532],[-0.2668062,51.9522783],[-0.2674455,51.9519498],[-0.2674969,51.9519271],[-0.2675338,51.951927099999985],[-0.2675561,51.9519333],[-0.2675735,51.9519519],[-0.2676095,51.9519493]]}},
{"type":"Feature","properties":{"id":66046,"nach":0.43705012234985213},"geometry":{"type":"LineString","coordinates":[[-0.2600335,51.9587218],[-0.2601863,51.958614],[-0.26052310000001,51.9587853],[-0.2607069,51.9588971]]}},
{"type":"Feature","properties":{"id":82241,"nach":0.54722317896079709},"geometry":{"type":"LineString","coordinates":[[-0.260922,51.9587305],[-0.2609077,51.9587407],[-0.2608879,51.9587549],[-0.260867400000011,51.9587707],[-0.2607069,51.9588971]]}},
{"type":"Feature","properties":{"id":82264,"nach":0.6198810694326391},"geometry":{"type":"LineString","coordinates":[[-0.259503,51.9581064],[-0.2596163,51.9581299],[-0.2597511,51.9581588],[-0.2598837,51.9581933],[-0.2599602,51.958214200000015],[-0.2599796,51.9582209],[-0.260033,51.9582415],[-0.2600698,51.9582554],[-0.2601399,51.9582807],[-0.26015120000001,51.9582857],[-0.26015770000001,51.9582897],[-0.2601814,51.9583053],[-0.2601868,51.9583086],[-0.2602418,51.9583348],[-0.2602833,51.9583544],[-0.260358700000012,51.958395],[-0.2604094,51.9584229],[-0.2604941,51.958475],[-0.26050270000001,51.95848],[-0.2605086,51.958482],[-0.2605145,51.9584823],[-0.2605387,51.9584819],[-0.2605441,51.9584819],[-0.260550600000011,51.9584826],[-0.2605565,51.9584842],[-0.260563,51.9584876],[-0.2606147,51.958519699999989],[-0.260740900000011,51.9586024],[-0.2608417,51.9586682],[-0.2608843,51.9586968],[-0.26089990000001,51.9587092],[-0.260922,51.9587305]]}},
{"type":"Feature","properties":{"id":78336,"nach":0.43155027860658879},"geometry":{"type":"LineString","coordinates":[[-0.265823,51.9610271],[-0.2659839,51.961107700000014],[-0.266275,51.9609205],[-0.2664634,51.9608524]]}},
{"type":"Feature","properties":{"id":66160,"nach":0.41196859360758298},"geometry":{"type":"LineString","coordinates":[[-0.2567447,51.9533222],[-0.2576586,51.9538153],[-0.2578126,51.9538513],[-0.257888800000011,51.9538928]]}},
{"type":"Feature","properties":{"id":66587,"nach":0.46766361432048165},"geometry":{"type":"LineString","coordinates":[[-0.2673013,51.9531912],[-0.2678649,51.9531498]]}},
{"type":"Feature","properties":{"id":66769,"nach":0.0},"geometry":{"type":"LineString","coordinates":[[-0.2598535,51.9544401],[-0.2598729,51.954464100000017],[-0.259914,51.9544854],[-0.2600523,51.9545074],[-0.2601733,51.95450670000001],[-0.2601696,51.9546209],[-0.260156500000011,51.9546313],[-0.260128500000011,51.9546366],[-0.2598378,51.9546373],[-0.2598187,51.954627],[-0.2597973,51.9545959],[-0.2597949,51.9545078],[-0.2598535,51.9544401]]}},
{"type":"Feature","properties":{"id":82235,"nach":0.45022533156905953},"geometry":{"type":"LineString","coordinates":[[-0.2627518,51.9595342],[-0.2627312,51.9595526]]}},
{"type":"Feature","properties":{"id":81345,"nach":0.55609745514836639},"geometry":{"type":"LineString","coordinates":[[-0.2655033,51.9531232],[-0.2655322,51.953094499999985],[-0.265673,51.9529919],[-0.2658484,51.9528728],[-0.2659079,51.9528357]]}},
{"type":"Feature","properties":{"id":81347,"nach":0.46043192662512006},"geometry":{"type":"LineString","coordinates":[[-0.265488600000011,51.9533783],[-0.2657065,51.9533005],[-0.2655033,51.9531232]]}},
{"type":"Feature","properties":{"id":82227,"nach":0.44914357766670104},"geometry":{"type":"LineString","coordinates":[[-0.2647112,51.959875],[-0.2647065,51.9598863]]}},
{"type":"Feature","properties":{"id":78288,"nach":0.58072251989009227},"geometry":{"type":"LineString","coordinates":[[-0.2644939,51.956257500000014],[-0.2644724,51.9562263]]}},
{"type":"Feature","properties":{"id":78289,"nach":0.42762458982605889},"geometry":{"type":"LineString","coordinates":[[-0.2644939,51.956257500000014],[-0.2640051,51.9563884]]}},
{"type":"Feature","properties":{"id":71787,"nach":0.41876026909081371},"geometry":{"type":"LineString","coordinates":[[-0.2642836,51.956682],[-0.2641984,51.9567037]]}},
{"type":"Feature","properties":{"id":71793,"nach":0.48636305487252041},"geometry":{"type":"LineString","coordinates":[[-0.2644545,51.9570099],[-0.264375,51.9568837],[-0.2643645,51.956819],[-0.2642836,51.956682]]}},
{"type":"Feature","properties":{"id":71791,"nach":0.41180264503831138},"geometry":{"type":"LineString","coordinates":[[-0.2644545,51.9570099],[-0.2644991,51.9570807]]}},
{"type":"Feature","properties":{"id":71794,"nach":0.41180264503831138},"geometry":{"type":"LineString","coordinates":[[-0.26458,51.956977],[-0.2644545,51.9570099]]}},
{"type":"Feature","properties":{"id":72914,"nach":0.3808752478653038},"geometry":{"type":"LineString","coordinates":[[-0.2541192,51.952107],[-0.2548943,51.951538],[-0.2549855,51.9515189],[-0.2550721,51.9515281],[-0.255534100000012,51.9517777],[-0.2556444,51.9518578]]}},
{"type":"Feature","properties":{"id":82141,"nach":0.45343567294807879},"geometry":{"type":"LineString","coordinates":[[-0.25503940000001,51.9523067],[-0.255244100000012,51.9521371],[-0.2556444,51.9518578]]}},
{"type":"Feature","properties":{"id":72918,"nach":0.33323751691339892},"geometry":{"type":"LineString","coordinates":[[-0.2554227,51.953108],[-0.2551693,51.9530187],[-0.2546248,51.952741]]}},
{"type":"Feature","properties":{"id":82140,"nach":0.4914698210748602},"geometry":{"type":"LineString","coordinates":[[-0.25503940000001,51.9523067],[-0.254837800000012,51.9524738],[-0.254606,51.9526319],[-0.2546248,51.952741]]}},
{"type":"Feature","properties":{"id":82142,"nach":0.41760706534902148},"geometry":{"type":"LineString","coordinates":[[-0.25503940000001,51.9523067],[-0.2554538,51.952553],[-0.2556412,51.952687]]}},
{"type":"Feature","properties":{"id":73398,"nach":0.0},"geometry":{"type":"LineString","coordinates":[[-0.2572727,51.9556859],[-0.2572238,51.955714],[-0.2571995,51.9557263],[-0.257170900000011,51.955734600000014],[-0.2571399,51.9557383],[-0.2571085,51.9557371],[-0.256942100000011,51.9556778],[-0.2568001,51.955614],[-0.2567826,51.9556013],[-0.25677860000001,51.9555863],[-0.2567853,51.9555726],[-0.2568731,51.9555131],[-0.2568963,51.9555009],[-0.2569157,51.955496],[-0.25693790000001,51.9554958],[-0.256956,51.9555015],[-0.2572727,51.9556859]]}},
{"type":"Feature","properties":{"id":81310,"nach":0.41728131760451215},"geometry":{"type":"LineString","coordinates":[[-0.2509214,51.959307],[-0.2509928,51.9592786]]}},
{"type":"Feature","properties":{"id":82036,"nach":0.46955051687092347},"geometry":{"type":"LineString","coordinates":[[-0.271096,51.957215],[-0.2709787,51.9571765],[-0.2708892,51.957139]]}},
{"type":"Feature","properties":{"id":82040,"nach":0.57460469815457527},"geometry":{"type":"LineString","coordinates":[[-0.271408,51.9571367],[-0.2709688,51.9571437],[-0.2708892,51.957139]]}},
{"type":"Feature","properties":{"id":81339,"nach":0.46136100171951105},"geometry":{"type":"LineString","coordinates":[[-0.2659838,51.9528818],[-0.2659079,51.9528357]]}},
{"type":"Feature","properties":{"id":83059,"nach":0.47374478554996607},"geometry":{"type":"LineString","coordinates":[[-0.2697231,51.9542096],[-0.2693333,51.9542436],[-0.2692609,51.9542808]]}},
{"type":"Feature","properties":{"id":81412,"nach":0.47812237460386281},"geometry":{"type":"LineString","coordinates":[[-0.2716547,51.9533051],[-0.2717636,51.9534009],[-0.271864200000012,51.953480399999989],[-0.2718788,51.953502499999985],[-0.2718799,51.9535231],[-0.2718756,51.9535387],[-0.2718469,51.9535638],[-0.2717538,51.9536025]]}},
{"type":"Feature","properties":{"id":83041,"nach":0.4757062687113115},"geometry":{"type":"LineString","coordinates":[[-0.2553812,51.9561007],[-0.2550612,51.9560013]]}},
{"type":"Feature","properties":{"id":83043,"nach":0.52272368069164377},"geometry":{"type":"LineString","coordinates":[[-0.2553812,51.9561007],[-0.2553087,51.9561049],[-0.2549574,51.956095799999986]]}},
{"type":"Feature","properties":{"id":82262,"nach":0.44736212330892799},"geometry":{"type":"LineString","coordinates":[[-0.259503,51.9581064],[-0.25944940000001,51.9582111],[-0.2593421,51.9582446],[-0.2592596,51.958228],[-0.2591859,51.9583198]]}},
{"type":"Feature","properties":{"id":78260,"nach":0.43983403321347775},"geometry":{"type":"LineString","coordinates":[[-0.259031,51.9585252],[-0.258456500000011,51.9583597]]}},
{"type":"Feature","properties":{"id":78286,"nach":0.43004365782259146},"geometry":{"type":"LineString","coordinates":[[-0.2649332,51.9561103],[-0.2644724,51.9562263]]}},
{"type":"Feature","properties":{"id":81421,"nach":0.47673610119024751},"geometry":{"type":"LineString","coordinates":[[-0.2708752,51.953808100000018],[-0.270915300000011,51.9539995],[-0.2709474,51.9540271],[-0.2709554,51.9540823]]}},
{"type":"Feature","properties":{"id":83064,"nach":0.45666862595041419},"geometry":{"type":"LineString","coordinates":[[-0.2656175,51.9529573],[-0.2654777,51.952899],[-0.2652973,51.9528237],[-0.26502510000001,51.9527327]]}},
{"type":"Feature","properties":{"id":82024,"nach":0.53463576351529185},"geometry":{"type":"LineString","coordinates":[[-0.271518,51.9570351],[-0.2714168,51.957026]]}},
{"type":"Feature","properties":{"id":82038,"nach":0.47047241579570409},"geometry":{"type":"LineString","coordinates":[[-0.271408,51.9571367],[-0.2714168,51.957026]]}},
{"type":"Feature","properties":{"id":83053,"nach":0.47491532146914034},"geometry":{"type":"LineString","coordinates":[[-0.2703968,51.9540254],[-0.2706443,51.9540093]]}},
{"type":"Feature","properties":{"id":83054,"nach":0.47491532146914034},"geometry":{"type":"LineString","coordinates":[[-0.2703968,51.9540254],[-0.2703707,51.9540721],[-0.270378700000011,51.9541858]]}},
{"type":"Feature","properties":{"id":82015,"nach":0.46806258739696815},"geometry":{"type":"LineString","coordinates":[[-0.2722432,51.9549576],[-0.2722875,51.9548188]]}},
{"type":"Feature","properties":{"id":82042,"nach":0.16261688619870363},"geometry":{"type":"LineString","coordinates":[[-0.2714906,51.9571441],[-0.271518,51.9570351]]}},
{"type":"Feature","properties":{"id":82049,"nach":0.51432598612960523},"geometry":{"type":"LineString","coordinates":[[-0.2722382,51.957133],[-0.2717473,51.9570632],[-0.271518,51.9570351]]}},
{"type":"Feature","properties":{"id":82037,"nach":0.46478642923694552},"geometry":{"type":"LineString","coordinates":[[-0.271408,51.9571367],[-0.2714018,51.9572203]]}},
{"type":"Feature","properties":{"id":82044,"nach":0.56895087444561676},"geometry":{"type":"LineString","coordinates":[[-0.2714906,51.9571441],[-0.271408,51.9571367]]}},
{"type":"Feature","properties":{"id":82041,"nach":0.46264607164896421},"geometry":{"type":"LineString","coordinates":[[-0.2714906,51.9571441],[-0.2714536,51.957332099999988]]}},
{"type":"Feature","properties":{"id":82051,"nach":0.54360910360761205},"geometry":{"type":"LineString","coordinates":[[-0.2721873,51.9572356],[-0.2714906,51.9571441]]}},
{"type":"Feature","properties":{"id":82052,"nach":0.54397331135941129},"geometry":{"type":"LineString","coordinates":[[-0.2721873,51.9572356],[-0.2722382,51.957133]]}},
{"type":"Feature","properties":{"id":82057,"nach":0.0},"geometry":{"type":"LineString","coordinates":[[-0.2725278,51.9571857],[-0.272692700000011,51.9573103],[-0.272489,51.9574216],[-0.2721432,51.95738],[-0.2721776,51.9572822],[-0.2721873,51.9572356]]}},
{"type":"Feature","properties":{"id":82289,"nach":0.44944698142788653},"geometry":{"type":"LineString","coordinates":[[-0.2613119,51.9588944],[-0.2612908,51.958913],[-0.26128010000001,51.9589225],[-0.2612677,51.9589306],[-0.2612469,51.9589444],[-0.26122610000001,51.9589581],[-0.2612138,51.9589667],[-0.2611784,51.9589947]]}},
{"type":"Feature","properties":{"id":82525,"nach":0.39908342838449651},"geometry":{"type":"LineString","coordinates":[[-0.2695003,51.9610172],[-0.269273,51.9610854]]}},
{"type":"Feature","properties":{"id":82527,"nach":0.39755473262283275},"geometry":{"type":"LineString","coordinates":[[-0.2695003,51.9610172],[-0.2696566,51.9609726],[-0.2697203,51.9610713]]}},
{"type":"Feature","properties":{"id":82534,"nach":0.42571522850814708},"geometry":{"type":"LineString","coordinates":[[-0.2673827,51.959245],[-0.2672627,51.9591909]]}},
{"type":"Feature","properties":{"id":82533,"nach":0.42200676413642457},"geometry":{"type":"LineString","coordinates":[[-0.2673827,51.959245],[-0.2676221,51.959352800000012]]}},
{"type":"Feature","properties":{"id":82553,"nach":0.40886138969275609},"geometry":{"type":"LineString","coordinates":[[-0.2649499,51.962833500000016],[-0.265035100000011,51.9628178],[-0.2650988,51.962799199999985],[-0.265145700000011,51.9627951],[-0.2652832,51.9628133]]}},
{"type":"Feature","properties":{"id":82556,"nach":0.40886138969275609},"geometry":{"type":"LineString","coordinates":[[-0.2651645,51.9629658],[-0.265009,51.9628567],[-0.2649499,51.962833500000016]]}},
{"type":"Feature","properties":{"id":82848,"nach":0.46856655994746993},"geometry":{"type":"LineString","coordinates":[[-0.2703412,51.95457170000001],[-0.2703102,51.954374500000014]]}},
{"type":"Feature","properties":{"id":82849,"nach":0.46950216592550503},"geometry":{"type":"LineString","coordinates":[[-0.2702875,51.9542308],[-0.2703102,51.954374500000014]]}},
{"type":"Feature","properties":{"id":82992,"nach":0.39534477559178938},"geometry":{"type":"LineString","coordinates":[[-0.272902,51.9600635],[-0.2727941,51.9599726],[-0.272548,51.960102],[-0.2724782,51.9601528],[-0.272366800000011,51.9602026]]}},
{"type":"Feature","properties":{"id":83003,"nach":0.39083193010671108},"geometry":{"type":"LineString","coordinates":[[-0.2736893,51.96155060000001],[-0.2739049,51.9617177]]}},
{"type":"Feature","properties":{"id":83004,"nach":0.38999509883899403},"geometry":{"type":"LineString","coordinates":[[-0.2741479,51.961906],[-0.2739049,51.9617177]]}},
{"type":"Feature","properties":{"id":83035,"nach":0.39468294073449844},"geometry":{"type":"LineString","coordinates":[[-0.2549574,51.956095799999986],[-0.2550612,51.9560013]]}},
{"type":"Feature","properties":{"id":67136,"nach":0.54948291577777475},"geometry":{"type":"LineString","coordinates":[[-0.269063080152768,51.958543738307341],[-0.268992998291387,51.958461354954807]]}}
]
}
