{
"type": "FeatureCollection",
"name": "TENDR_9_NACH_800m",
"crs": { "type": "name", "properties": { "name": "urn:ogc:def:crs:OGC:1.3:CRS84" } },
"features": [
{ "type": "Feature", "properties": { "id": 10499, "nach": 0.59473271877978184 }, "geometry": { "type": "LineString", "coordinates": [ [ 1.2363578, 51.9291493 ], [ 1.2362024, 51.9291279 ] ] } },
{ "type": "Feature", "properties": { "id": 34081, "nach": 0.61471360428181077 }, "geometry": { "type": "LineString", "coordinates": [ [ 1.236507, 51.9283876 ], [ 1.2364676, 51.9284655 ], [ 1.2363579, 51.9287494 ], [ 1.2362024, 51.9291279 ] ] } },
{ "type": "Feature", "properties": { "id": 34116, "nach": 0.64435611846867791 }, "geometry": { "type": "LineString", "coordinates": [ [ 1.2354081, 51.9291386 ], [ 1.2359498, 51.92911680000001 ], [ 1.2362024, 51.9291279 ] ] } },
{ "type": "Feature", "properties": { "id": 34120, "nach": 0.0 }, "geometry": { "type": "LineString", "coordinates": [ [ 1.2376747, 51.9293285 ], [ 1.2371875, 51.9292039 ], [ 1.2370445, 51.929165299999987 ], [ 1.2369117, 51.9291249 ], [ 1.2367234, 51.929055100000021 ], [ 1.236603, 51.9290073 ], [ 1.2365395, 51.929000100000017 ], [ 1.2364769, 51.9290079 ], [ 1.2364338, 51.929034500000014 ], [ 1.2363938, 51.9290806 ], [ 1.2363578, 51.9291493 ] ] } },
{ "type": "Feature", "properties": { "id": 34123, "nach": 0.59024245340594628 }, "geometry": { "type": "LineString", "coordinates": [ [ 1.2376061, 51.929436 ], [ 1.2369385, 51.9292639 ], [ 1.2363578, 51.9291493 ] ] } },
{ "type": "Feature", "properties": { "id": 34082, "nach": 0.54873789632954806 }, "geometry": { "type": "LineString", "coordinates": [ [ 1.236507, 51.9283876 ], [ 1.2366375, 51.9282028 ], [ 1.2367409, 51.927885 ], [ 1.2367781, 51.927677 ], [ 1.2368325, 51.9275159 ], [ 1.2368542, 51.927395 ], [ 1.2368758, 51.9272685 ], [ 1.236927, 51.9270933 ], [ 1.2369947, 51.9269017 ], [ 1.2371174, 51.9266638 ] ] } },
{ "type": "Feature", "properties": { "id": 34083, "nach": 0.58139289281398732 }, "geometry": { "type": "LineString", "coordinates": [ [ 1.236507, 51.9283876 ], [ 1.2370788, 51.9284111 ], [ 1.2371501, 51.9284026 ] ] } },
{ "type": "Feature", "properties": { "id": 34115, "nach": 0.63279688222290931 }, "geometry": { "type": "LineString", "coordinates": [ [ 1.2354081, 51.9291386 ], [ 1.235344, 51.92914170000001 ] ] } },
{ "type": "Feature", "properties": { "id": 34117, "nach": 0.62827594311768997 }, "geometry": { "type": "LineString", "coordinates": [ [ 1.2354081, 51.9291386 ], [ 1.2354118, 51.9290198 ], [ 1.2354102, 51.9289112 ] ] } },
{ "type": "Feature", "properties": { "id": 7793, "nach": 0.52951098407106789 }, "geometry": { "type": "LineString", "coordinates": [ [ 1.2427504, 51.930333100000013 ], [ 1.2431547, 51.9303717 ] ] } },
{ "type": "Feature", "properties": { "id": 19784, "nach": 0.58820592796802917 }, "geometry": { "type": "LineString", "coordinates": [ [ 1.2453454, 51.930799800000017 ], [ 1.2437661, 51.9305415 ], [ 1.2434087, 51.9304646 ], [ 1.2431547, 51.9303717 ] ] } },
{ "type": "Feature", "properties": { "id": 7797, "nach": 0.55543189155745176 }, "geometry": { "type": "LineString", "coordinates": [ [ 1.243242, 51.9301493 ], [ 1.2431969, 51.9302551 ], [ 1.2431547, 51.9303717 ] ] } },
{ "type": "Feature", "properties": { "id": 48108, "nach": 0.57671640103356747 }, "geometry": { "type": "LineString", "coordinates": [ [ 1.2428097, 51.9301932 ], [ 1.2427504, 51.930333100000013 ] ] } },
{ "type": "Feature", "properties": { "id": 10510, "nach": 0.59303632614620783 }, "geometry": { "type": "LineString", "coordinates": [ [ 1.2421352, 51.9302368 ], [ 1.2423395, 51.930266600000017 ], [ 1.242709, 51.9303294 ], [ 1.2427504, 51.930333100000013 ] ] } },
{ "type": "Feature", "properties": { "id": 19785, "nach": 0.43060830068583328 }, "geometry": { "type": "LineString", "coordinates": [ [ 1.2453454, 51.930799800000017 ], [ 1.2455522, 51.9303289 ], [ 1.2451927, 51.930277 ] ] } },
{ "type": "Feature", "properties": { "id": 25729, "nach": 0.59247448106771694 }, "geometry": { "type": "LineString", "coordinates": [ [ 1.2458829, 51.9308946 ], [ 1.2453454, 51.930799800000017 ] ] } },
{ "type": "Feature", "properties": { "id": 47287, "nach": 0.6149440468687003 }, "geometry": { "type": "LineString", "coordinates": [ [ 1.2432834, 51.9300643 ], [ 1.243242, 51.9301493 ] ] } },
{ "type": "Feature", "properties": { "id": 48105, "nach": 0.58671211024883774 }, "geometry": { "type": "LineString", "coordinates": [ [ 1.2429947, 51.9301166 ], [ 1.243242, 51.9301493 ] ] } },
{ "type": "Feature", "properties": { "id": 9512, "nach": 0.55711336977821579 }, "geometry": { "type": "LineString", "coordinates": [ [ 1.2307649, 51.923191 ], [ 1.2308702, 51.9233428 ] ] } },
{ "type": "Feature", "properties": { "id": 8817, "nach": 0.47651329038453838 }, "geometry": { "type": "LineString", "coordinates": [ [ 1.2295619, 51.9245059 ], [ 1.2300293, 51.9240447 ], [ 1.2302215, 51.9238 ], [ 1.2303769, 51.9235628 ], [ 1.2305193, 51.9234784 ], [ 1.2306801, 51.9233985 ], [ 1.2308702, 51.9233428 ] ] } },
{ "type": "Feature", "properties": { "id": 10413, "nach": 0.56815418181100363 }, "geometry": { "type": "LineString", "coordinates": [ [ 1.2319298, 51.9244413 ], [ 1.2317233, 51.9243061 ], [ 1.2315103, 51.924126200000011 ], [ 1.231282499999989, 51.923849 ], [ 1.2310296, 51.9235561 ], [ 1.2308702, 51.9233428 ] ] } },
{ "type": "Feature", "properties": { "id": 52863, "nach": 0.5517717267066945 }, "geometry": { "type": "LineString", "coordinates": [ [ 1.2306108, 51.9229308 ], [ 1.2307649, 51.923191 ] ] } },
{ "type": "Feature", "properties": { "id": 9609, "nach": 0.36192021188149093 }, "geometry": { "type": "LineString", "coordinates": [ [ 1.232648, 51.922520900000016 ], [ 1.232413, 51.9226381 ], [ 1.232093, 51.9229391 ], [ 1.2320213, 51.9229489 ], [ 1.2318065, 51.9229161 ], [ 1.2317235, 51.9229228 ], [ 1.2316315, 51.9229379 ], [ 1.2315272, 51.9229717 ], [ 1.2314154, 51.9230163 ], [ 1.2312594, 51.9230535 ], [ 1.2310948, 51.9230991 ], [ 1.2308833, 51.9231497 ], [ 1.2307649, 51.923191 ] ] } },
{ "type": "Feature", "properties": { "id": 34149, "nach": 0.46991613294703716 }, "geometry": { "type": "LineString", "coordinates": [ [ 1.2292287, 51.9248488 ], [ 1.2295619, 51.9245059 ] ] } },
{ "type": "Feature", "properties": { "id": 34457, "nach": 0.4378684328080874 }, "geometry": { "type": "LineString", "coordinates": [ [ 1.2285402, 51.9238904 ], [ 1.2285599, 51.9239241 ], [ 1.2286823, 51.9240681 ], [ 1.2288091, 51.9241657 ], [ 1.2289833, 51.924271 ], [ 1.2291912, 51.9243698 ], [ 1.2295619, 51.9245059 ] ] } },
{ "type": "Feature", "properties": { "id": 10420, "nach": 0.56662830051778013 }, "geometry": { "type": "LineString", "coordinates": [ [ 1.2340614, 51.9257878 ], [ 1.2334683, 51.9253676 ], [ 1.2329941, 51.9250693 ], [ 1.2319298, 51.9244413 ] ] } },
{ "type": "Feature", "properties": { "id": 34146, "nach": 0.5776604530997913 }, "geometry": { "type": "LineString", "coordinates": [ [ 1.2316106, 51.9246144 ], [ 1.2316466, 51.9245922 ], [ 1.2319298, 51.9244413 ] ] } },
{ "type": "Feature", "properties": { "id": 10467, "nach": 0.52624670783523964 }, "geometry": { "type": "LineString", "coordinates": [ [ 1.2380719, 51.926860399999981 ], [ 1.237607, 51.9267532 ], [ 1.2373742, 51.926694 ], [ 1.2372593, 51.9266716 ], [ 1.2371174, 51.9266638 ] ] } },
{ "type": "Feature", "properties": { "id": 34174, "nach": 0.58204500678451465 }, "geometry": { "type": "LineString", "coordinates": [ [ 1.2356842, 51.9265342 ], [ 1.2360319, 51.926605699999989 ], [ 1.2362935, 51.9266427 ], [ 1.2365556, 51.926656600000015 ], [ 1.2369698, 51.926657400000011 ], [ 1.2371174, 51.9266638 ] ] } },
{ "type": "Feature", "properties": { "id": 10466, "nach": 0.56911789852652694 }, "geometry": { "type": "LineString", "coordinates": [ [ 1.2380719, 51.926860399999981 ], [ 1.238652, 51.9270048 ] ] } },
{ "type": "Feature", "properties": { "id": 10468, "nach": 0.55271908684782622 }, "geometry": { "type": "LineString", "coordinates": [ [ 1.2380719, 51.926860399999981 ], [ 1.237859, 51.9271531 ], [ 1.2376807, 51.927353900000014 ], [ 1.23749, 51.9275746 ], [ 1.2374028, 51.9276637 ], [ 1.2373256, 51.9277734 ] ] } },
{ "type": "Feature", "properties": { "id": 34175, "nach": 0.5317397390050369 }, "geometry": { "type": "LineString", "coordinates": [ [ 1.2356842, 51.9265342 ], [ 1.2355075, 51.926487 ], [ 1.2353769, 51.9264505 ], [ 1.2351781, 51.9263861 ], [ 1.2348895, 51.9262617 ], [ 1.2346896, 51.9261532 ], [ 1.2340614, 51.9257878 ] ] } },
{ "type": "Feature", "properties": { "id": 34180, "nach": 0.56230110859107441 }, "geometry": { "type": "LineString", "coordinates": [ [ 1.2351938, 51.92714 ], [ 1.2354076, 51.926853100000017 ], [ 1.2354246, 51.9268531 ], [ 1.2355433, 51.9267015 ], [ 1.2356842, 51.9265342 ] ] } },
{ "type": "Feature", "properties": { "id": 10389, "nach": 0.56107166771549244 }, "geometry": { "type": "LineString", "coordinates": [ [ 1.2394578, 51.9271973 ], [ 1.238652, 51.9270048 ] ] } },
{ "type": "Feature", "properties": { "id": 25326, "nach": 0.38783157520229894 }, "geometry": { "type": "LineString", "coordinates": [ [ 1.2398523, 51.926169500000015 ], [ 1.2396606, 51.9263209 ], [ 1.2393283, 51.9267053 ], [ 1.2390982, 51.9267909 ], [ 1.2388105, 51.926890600000021 ], [ 1.2387258, 51.926954100000017 ], [ 1.238652, 51.9270048 ] ] } },
{ "type": "Feature", "properties": { "id": 10396, "nach": 0.56406477776160169 }, "geometry": { "type": "LineString", "coordinates": [ [ 1.2398466, 51.9272939 ], [ 1.2394578, 51.9271973 ] ] } },
{ "type": "Feature", "properties": { "id": 25325, "nach": 0.36175880867391291 }, "geometry": { "type": "LineString", "coordinates": [ [ 1.2398523, 51.926169500000015 ], [ 1.2399588, 51.9262922 ], [ 1.2400555, 51.9263842 ], [ 1.2396995, 51.9268644 ], [ 1.2394578, 51.9271973 ] ] } },
{ "type": "Feature", "properties": { "id": 25327, "nach": 0.22518777894633554 }, "geometry": { "type": "LineString", "coordinates": [ [ 1.2398523, 51.926169500000015 ], [ 1.2399427, 51.9260389 ], [ 1.2400925, 51.925839 ], [ 1.2401108, 51.9257467 ], [ 1.2400074, 51.9256917 ], [ 1.2397941, 51.9255984 ], [ 1.2397769, 51.9255347 ], [ 1.2399798, 51.9251572 ], [ 1.2402966, 51.9247239 ], [ 1.2405964, 51.924311800000012 ], [ 1.2409361, 51.9238632 ], [ 1.2414314, 51.92331380000001 ], [ 1.2419611, 51.92270280000001 ], [ 1.2424117, 51.922225500000017 ], [ 1.2425149, 51.9220579 ], [ 1.2424771, 51.9219137 ], [ 1.2424124, 51.9218038 ] ] } },
{ "type": "Feature", "properties": { "id": 10490, "nach": 0.42399403751622461 }, "geometry": { "type": "LineString", "coordinates": [ [ 1.2431481, 51.9282428 ], [ 1.243211, 51.928149300000015 ] ] } },
{ "type": "Feature", "properties": { "id": 10486, "nach": 0.5845200403763674 }, "geometry": { "type": "LineString", "coordinates": [ [ 1.2417282, 51.9277477 ], [ 1.243211, 51.928149300000015 ] ] } },
{ "type": "Feature", "properties": { "id": 3318, "nach": 0.59688968245728857 }, "geometry": { "type": "LineString", "coordinates": [ [ 1.2438993, 51.9284243 ], [ 1.2436518, 51.9283026 ], [ 1.2435352, 51.9282575 ], [ 1.243211, 51.928149300000015 ] ] } },
{ "type": "Feature", "properties": { "id": 10492, "nach": 0.38323262335599401 }, "geometry": { "type": "LineString", "coordinates": [ [ 1.2431481, 51.9282428 ], [ 1.2429632, 51.9281922 ], [ 1.2417551, 51.9278517 ], [ 1.2417113, 51.9278294 ], [ 1.2417082, 51.927795400000015 ], [ 1.2417282, 51.9277477 ] ] } },
{ "type": "Feature", "properties": { "id": 10495, "nach": 0.3925320342320559 }, "geometry": { "type": "LineString", "coordinates": [ [ 1.2435514, 51.9289772 ], [ 1.243669, 51.928739 ], [ 1.2437202, 51.9286313 ], [ 1.2437305, 51.928581 ], [ 1.2437268, 51.9285355 ], [ 1.2437051, 51.9284844 ], [ 1.243662, 51.9284336 ], [ 1.2435801, 51.928387 ], [ 1.2434698, 51.9283461 ], [ 1.2431481, 51.9282428 ] ] } },
{ "type": "Feature", "properties": { "id": 10487, "nach": 0.58419524377611132 }, "geometry": { "type": "LineString", "coordinates": [ [ 1.2417282, 51.9277477 ], [ 1.2414269, 51.9276679 ] ] } },
{ "type": "Feature", "properties": { "id": 10498, "nach": 0.63886428992716515 }, "geometry": { "type": "LineString", "coordinates": [ [ 1.2437253, 51.92901040000001 ], [ 1.2438903, 51.9286091 ], [ 1.2439149, 51.9285242 ], [ 1.2438993, 51.9284243 ] ] } },
{ "type": "Feature", "properties": { "id": 33731, "nach": 0.65984887170774342 }, "geometry": { "type": "LineString", "coordinates": [ [ 1.2446501, 51.9281905 ], [ 1.2445748, 51.9282202 ], [ 1.2444187, 51.9282724 ], [ 1.2442166, 51.9283288 ], [ 1.2438993, 51.9284243 ] ] } },
{ "type": "Feature", "properties": { "id": 10496, "nach": 0.63002797419209233 }, "geometry": { "type": "LineString", "coordinates": [ [ 1.2437253, 51.92901040000001 ], [ 1.2435502, 51.9294001 ] ] } },
{ "type": "Feature", "properties": { "id": 10497, "nach": 0.54144638057149386 }, "geometry": { "type": "LineString", "coordinates": [ [ 1.2437253, 51.92901040000001 ], [ 1.2435514, 51.9289772 ] ] } },
{ "type": "Feature", "properties": { "id": 33730, "nach": 0.66696116347724221 }, "geometry": { "type": "LineString", "coordinates": [ [ 1.2446501, 51.9281905 ], [ 1.2448717, 51.9280971 ], [ 1.244999, 51.9280317 ] ] } },
{ "type": "Feature", "properties": { "id": 33729, "nach": 0.53058074458746807 }, "geometry": { "type": "LineString", "coordinates": [ [ 1.2446501, 51.9281905 ], [ 1.244543, 51.9280884 ] ] } },
{ "type": "Feature", "properties": { "id": 22693, "nach": 0.64112279932544924 }, "geometry": { "type": "LineString", "coordinates": [ [ 1.2458072, 51.9273449 ], [ 1.2457095, 51.927484800000016 ], [ 1.2455615, 51.927630300000011 ], [ 1.2454024, 51.9277665 ] ] } },
{ "type": "Feature", "properties": { "id": 29841, "nach": 0.63301257526981303 }, "geometry": { "type": "LineString", "coordinates": [ [ 1.244999, 51.9280317 ], [ 1.2451424, 51.9279474 ], [ 1.2454024, 51.9277665 ] ] } },
{ "type": "Feature", "properties": { "id": 10259, "nach": 0.5639503184096224 }, "geometry": { "type": "LineString", "coordinates": [ [ 1.2467915, 51.9281485 ], [ 1.2462342, 51.9280666 ], [ 1.2460811, 51.9280365 ], [ 1.245868, 51.9279724 ], [ 1.245632, 51.9278692 ], [ 1.2454024, 51.9277665 ] ] } },
{ "type": "Feature", "properties": { "id": 33707, "nach": 0.66590781343180494 }, "geometry": { "type": "LineString", "coordinates": [ [ 1.2458285, 51.9273103 ], [ 1.2458072, 51.9273449 ] ] } },
{ "type": "Feature", "properties": { "id": 54186, "nach": 0.60804466401260282 }, "geometry": { "type": "LineString", "coordinates": [ [ 1.2457558, 51.9273272 ], [ 1.2458072, 51.9273449 ] ] } },
{ "type": "Feature", "properties": { "id": 54176, "nach": 0.59944197152640699 }, "geometry": { "type": "LineString", "coordinates": [ [ 1.2458244, 51.9284673 ], [ 1.2457472, 51.928445 ], [ 1.2457272, 51.928433400000017 ], [ 1.245656, 51.9283846 ], [ 1.2454911, 51.928268 ], [ 1.2453101, 51.928180399999988 ], [ 1.2451008, 51.928077 ], [ 1.244999, 51.9280317 ] ] } },
{ "type": "Feature", "properties": { "id": 54188, "nach": 0.51116718873996425 }, "geometry": { "type": "LineString", "coordinates": [ [ 1.2457558, 51.9273272 ], [ 1.2456379, 51.9275041 ], [ 1.2453723, 51.9277489 ], [ 1.2449995, 51.927980500000011 ], [ 1.244999, 51.9280317 ] ] } },
{ "type": "Feature", "properties": { "id": 54181, "nach": 0.60007491232460508 }, "geometry": { "type": "LineString", "coordinates": [ [ 1.2446975, 51.927741 ], [ 1.2447216, 51.9278287 ], [ 1.2447801, 51.9279028 ], [ 1.2448756, 51.9279389 ], [ 1.244999, 51.9280317 ] ] } },
{ "type": "Feature", "properties": { "id": 33706, "nach": 0.66664201782618271 }, "geometry": { "type": "LineString", "coordinates": [ [ 1.2458285, 51.9273103 ], [ 1.2461055, 51.926861100000011 ] ] } },
{ "type": "Feature", "properties": { "id": 33710, "nach": 0.53082327460862877 }, "geometry": { "type": "LineString", "coordinates": [ [ 1.2460239, 51.927345 ], [ 1.2458285, 51.9273103 ] ] } },
{ "type": "Feature", "properties": { "id": 8913, "nach": 0.37953577918028997 }, "geometry": { "type": "LineString", "coordinates": [ [ 1.2256944, 51.9262149 ], [ 1.2259793, 51.926724599999986 ] ] } },
{ "type": "Feature", "properties": { "id": 8814, "nach": 0.4461653186198104 }, "geometry": { "type": "LineString", "coordinates": [ [ 1.2256802, 51.92679540000001 ], [ 1.2258216, 51.9267411 ], [ 1.2259793, 51.926724599999986 ] ] } },
{ "type": "Feature", "properties": { "id": 34151, "nach": 0.41052717788175352 }, "geometry": { "type": "LineString", "coordinates": [ [ 1.2292287, 51.9248488 ], [ 1.2290371, 51.9250647 ], [ 1.228527, 51.92566810000001 ], [ 1.2281649, 51.9262203 ], [ 1.2277402, 51.926891700000013 ], [ 1.2276366, 51.92697 ], [ 1.2274797, 51.9270033 ], [ 1.2272424, 51.9269691 ], [ 1.226173, 51.9267354 ], [ 1.2259793, 51.926724599999986 ] ] } },
{ "type": "Feature", "properties": { "id": 8813, "nach": 0.47117327898723721 }, "geometry": { "type": "LineString", "coordinates": [ [ 1.2256802, 51.92679540000001 ], [ 1.2255326, 51.9271279 ], [ 1.2254293, 51.9272765 ], [ 1.2253196, 51.927436899999989 ], [ 1.2250535, 51.9277629 ], [ 1.2248412, 51.9280329 ] ] } },
{ "type": "Feature", "properties": { "id": 8815, "nach": 0.44352896137186293 }, "geometry": { "type": "LineString", "coordinates": [ [ 1.2256802, 51.92679540000001 ], [ 1.2254611, 51.9266916 ], [ 1.225347, 51.926661200000019 ], [ 1.225082, 51.9266314 ] ] } },
{ "type": "Feature", "properties": { "id": 34150, "nach": 0.43417636462214776 }, "geometry": { "type": "LineString", "coordinates": [ [ 1.2292287, 51.9248488 ], [ 1.2282774, 51.9245288 ] ] } },
{ "type": "Feature", "properties": { "id": 28821, "nach": 0.49643001776872536 }, "geometry": { "type": "LineString", "coordinates": [ [ 1.2238917, 51.9277709 ], [ 1.2240455, 51.927809599999989 ], [ 1.2243282, 51.9278889 ], [ 1.2248412, 51.9280329 ] ] } },
{ "type": "Feature", "properties": { "id": 28541, "nach": 0.49656150874554023 }, "geometry": { "type": "LineString", "coordinates": [ [ 1.2257212, 51.9282708 ], [ 1.2254793, 51.9282117 ], [ 1.2248412, 51.9280329 ] ] } },
{ "type": "Feature", "properties": { "id": 28822, "nach": 0.49865045196160235 }, "geometry": { "type": "LineString", "coordinates": [ [ 1.2238917, 51.9277709 ], [ 1.2235561, 51.9276895 ], [ 1.2230017, 51.9275656 ] ] } },
{ "type": "Feature", "properties": { "id": 28823, "nach": 0.36657973645987174 }, "geometry": { "type": "LineString", "coordinates": [ [ 1.2238917, 51.9277709 ], [ 1.2238623, 51.9278137 ], [ 1.2237738, 51.9279708 ], [ 1.2237254, 51.9281346 ], [ 1.2237469, 51.9281991 ], [ 1.2238757, 51.9282669 ], [ 1.2240152, 51.928333 ], [ 1.2241412, 51.9284306 ], [ 1.2242137, 51.9285282 ], [ 1.2241976, 51.9285993 ], [ 1.2241493, 51.9286341 ], [ 1.2240876, 51.928663799999981 ], [ 1.2240795, 51.9286969 ], [ 1.224109, 51.9287383 ], [ 1.2241815, 51.9287995 ], [ 1.224211, 51.9288408 ] ] } },
{ "type": "Feature", "properties": { "id": 28540, "nach": 0.49825645878206037 }, "geometry": { "type": "LineString", "coordinates": [ [ 1.2257212, 51.9282708 ], [ 1.2261286, 51.9283758 ], [ 1.2263807, 51.9284318 ], [ 1.227146, 51.9285851 ], [ 1.2275435, 51.928657299999983 ], [ 1.2279563, 51.9287286 ] ] } },
{ "type": "Feature", "properties": { "id": 28539, "nach": 0.11275256186384336 }, "geometry": { "type": "LineString", "coordinates": [ [ 1.2257212, 51.9282708 ], [ 1.227751123874033, 51.934579760133254 ] ] } },
{ "type": "Feature", "properties": { "id": 48110, "nach": 0.57592013718749513 }, "geometry": { "type": "LineString", "coordinates": [ [ 1.2428097, 51.9301932 ], [ 1.2429008, 51.9301856 ], [ 1.2429658, 51.9301589 ], [ 1.2429947, 51.9301166 ] ] } },
{ "type": "Feature", "properties": { "id": 53832, "nach": 0.44572117437814945 }, "geometry": { "type": "LineString", "coordinates": [ [ 1.2425157, 51.9301357 ], [ 1.2428097, 51.9301932 ] ] } },
{ "type": "Feature", "properties": { "id": 10509, "nach": 0.49849027824881587 }, "geometry": { "type": "LineString", "coordinates": [ [ 1.2421352, 51.9302368 ], [ 1.2421752, 51.9301345 ] ] } },
{ "type": "Feature", "properties": { "id": 34004, "nach": 0.56912787875896809 }, "geometry": { "type": "LineString", "coordinates": [ [ 1.2420533, 51.9302226 ], [ 1.2421352, 51.9302368 ] ] } },
{ "type": "Feature", "properties": { "id": 47288, "nach": 0.61681523104771507 }, "geometry": { "type": "LineString", "coordinates": [ [ 1.2432834, 51.9300643 ], [ 1.2434668, 51.929611 ] ] } },
{ "type": "Feature", "properties": { "id": 47290, "nach": 0.44703801876064125 }, "geometry": { "type": "LineString", "coordinates": [ [ 1.2433961, 51.9301315 ], [ 1.2433865, 51.9300937 ], [ 1.2433762, 51.9300838 ], [ 1.2433612, 51.930077900000015 ], [ 1.2432834, 51.9300643 ] ] } },
{ "type": "Feature", "properties": { "id": 48106, "nach": 0.44574843055575347 }, "geometry": { "type": "LineString", "coordinates": [ [ 1.2429947, 51.9301166 ], [ 1.2430597, 51.9299451 ] ] } },
{ "type": "Feature", "properties": { "id": 23469, "nach": 0.24887193896646129 }, "geometry": { "type": "LineString", "coordinates": [ [ 1.2208163, 51.9293955 ], [ 1.227751123874033, 51.934579760133254 ] ] } },
{ "type": "Feature", "properties": { "id": 23469, "nach": 0.24887193896646129 }, "geometry": { "type": "LineString", "coordinates": [ [ 1.227751123874033, 51.934579760133254 ], [ 1.2300019, 51.935370299999988 ] ] } },
{ "type": "Feature", "properties": { "id": 8325, "nach": 0.41717221299203727 }, "geometry": { "type": "LineString", "coordinates": [ [ 1.2446205, 51.929604 ], [ 1.2450346, 51.9288202 ] ] } },
{ "type": "Feature", "properties": { "id": 8324, "nach": 0.42795665949867828 }, "geometry": { "type": "LineString", "coordinates": [ [ 1.2446205, 51.929604 ], [ 1.24448, 51.9298822 ] ] } },
{ "type": "Feature", "properties": { "id": 8326, "nach": 0.5032685025034368 }, "geometry": { "type": "LineString", "coordinates": [ [ 1.2446205, 51.929604 ], [ 1.2440358, 51.9294957 ], [ 1.2435502, 51.9294001 ] ] } },
{ "type": "Feature", "properties": { "id": 10464, "nach": 0.6241336815639098 }, "geometry": { "type": "LineString", "coordinates": [ [ 1.2434668, 51.929611 ], [ 1.2435502, 51.9294001 ] ] } },
{ "type": "Feature", "properties": { "id": 10484, "nach": 0.53340769002042532 }, "geometry": { "type": "LineString", "coordinates": [ [ 1.2416311, 51.929323599999989 ], [ 1.2419906, 51.929376 ], [ 1.2434668, 51.929611 ] ] } },
{ "type": "Feature", "properties": { "id": 10519, "nach": 0.55189619982474702 }, "geometry": { "type": "LineString", "coordinates": [ [ 1.2401109, 51.9299449 ], [ 1.2397648, 51.9299001 ] ] } },
{ "type": "Feature", "properties": { "id": 10520, "nach": 0.48131996503283836 }, "geometry": { "type": "LineString", "coordinates": [ [ 1.2393919, 51.930654 ], [ 1.2395667, 51.9303615 ], [ 1.2396925, 51.9300553 ], [ 1.2397648, 51.9299001 ] ] } },
{ "type": "Feature", "properties": { "id": 10512, "nach": 0.56045415908859264 }, "geometry": { "type": "LineString", "coordinates": [ [ 1.2383389, 51.929621300000015 ], [ 1.239037, 51.9297844 ], [ 1.2393826, 51.9298504 ], [ 1.2397648, 51.9299001 ] ] } },
{ "type": "Feature", "properties": { "id": 10517, "nach": 0.22340581905290038 }, "geometry": { "type": "LineString", "coordinates": [ [ 1.2401109, 51.9299449 ], [ 1.2401541, 51.9298389 ] ] } },
{ "type": "Feature", "properties": { "id": 34005, "nach": 0.55197148127661055 }, "geometry": { "type": "LineString", "coordinates": [ [ 1.2420533, 51.9302226 ], [ 1.2401109, 51.9299449 ] ] } },
{ "type": "Feature", "properties": { "id": 45954, "nach": 0.40187758262398804 }, "geometry": { "type": "LineString", "coordinates": [ [ 1.2390148, 51.9313242 ], [ 1.2389844, 51.9312893 ], [ 1.2390901, 51.9310371 ], [ 1.2391862, 51.930886799999989 ], [ 1.2393919, 51.930654 ] ] } },
{ "type": "Feature", "properties": { "id": 34009, "nach": 0.37115385922100325 }, "geometry": { "type": "LineString", "coordinates": [ [ 1.2417083, 51.9310536 ], [ 1.2409837, 51.9309329 ], [ 1.2402936, 51.930812100000011 ], [ 1.2393919, 51.930654 ] ] } },
{ "type": "Feature", "properties": { "id": 41751, "nach": 0.31427397821745434 }, "geometry": { "type": "LineString", "coordinates": [ [ 1.2362349, 51.9305602 ], [ 1.2362242, 51.9306892 ], [ 1.2362778, 51.930781899999985 ], [ 1.2364388, 51.9308579 ], [ 1.2366534, 51.930900900000012 ], [ 1.2368787, 51.9309506 ], [ 1.2371362, 51.9310068 ], [ 1.2374205, 51.9310696 ], [ 1.237678, 51.9311308 ], [ 1.2377987, 51.9311143 ], [ 1.2378818, 51.9310498 ], [ 1.237973, 51.9309836 ], [ 1.2380696, 51.9308646 ], [ 1.2381554, 51.9306859 ], [ 1.2381746, 51.9306406 ], [ 1.2382144, 51.930547 ], [ 1.2382949, 51.9304734 ], [ 1.2383517, 51.9304358 ], [ 1.2388765, 51.9305523 ], [ 1.2393919, 51.930654 ] ] } },
{ "type": "Feature", "properties": { "id": 10511, "nach": 0.47586846475252287 }, "geometry": { "type": "LineString", "coordinates": [ [ 1.2383389, 51.929621300000015 ], [ 1.2384077, 51.9295158 ] ] } },
{ "type": "Feature", "properties": { "id": 34122, "nach": 0.58075175730888917 }, "geometry": { "type": "LineString", "coordinates": [ [ 1.2376061, 51.929436 ], [ 1.2381162, 51.929567600000013 ], [ 1.2383389, 51.929621300000015 ] ] } },
{ "type": "Feature", "properties": { "id": 34544, "nach": 0.48272086245927998 }, "geometry": { "type": "LineString", "coordinates": [ [ 1.2212029, 51.9273276 ], [ 1.2214242, 51.9273429 ], [ 1.2220242, 51.9274065 ], [ 1.2225156, 51.9274829 ], [ 1.2230017, 51.9275656 ] ] } },
{ "type": "Feature", "properties": { "id": 34558, "nach": 0.39944177455346985 }, "geometry": { "type": "LineString", "coordinates": [ [ 1.2200812, 51.9274027 ], [ 1.2204436, 51.9273832 ], [ 1.2206793, 51.92737850000001 ], [ 1.2209061, 51.927378499999989 ], [ 1.2211292, 51.927384 ], [ 1.2213344, 51.9273941 ], [ 1.2215385, 51.9274074 ], [ 1.2217552, 51.927430100000016 ], [ 1.2220073, 51.927460600000018 ], [ 1.2222823, 51.9275004 ], [ 1.2225636, 51.927545 ], [ 1.2229413, 51.9276083 ], [ 1.2230017, 51.9275656 ] ] } },
{ "type": "Feature", "properties": { "id": 34545, "nach": 0.52108295698449802 }, "geometry": { "type": "LineString", "coordinates": [ [ 1.2212029, 51.9273276 ], [ 1.2210887, 51.9273197 ], [ 1.220743, 51.9273103 ], [ 1.2205737, 51.9273115 ], [ 1.2200495, 51.9273158 ] ] } },
{ "type": "Feature", "properties": { "id": 35821, "nach": 0.46340952352823767 }, "geometry": { "type": "LineString", "coordinates": [ [ 1.2219271, 51.9256881 ], [ 1.2212029, 51.9273276 ] ] } },
{ "type": "Feature", "properties": { "id": 46769, "nach": 0.42408319886429274 }, "geometry": { "type": "LineString", "coordinates": [ [ 1.2244146, 51.9261053 ], [ 1.224372, 51.9261856 ], [ 1.2243493, 51.9262969 ], [ 1.2243921, 51.9264165 ], [ 1.2245642, 51.9265624 ], [ 1.2248054, 51.9266317 ], [ 1.225082, 51.9266314 ] ] } },
{ "type": "Feature", "properties": { "id": 46770, "nach": 0.43577495222214691 }, "geometry": { "type": "LineString", "coordinates": [ [ 1.2244146, 51.9261053 ], [ 1.2244555, 51.9260357 ], [ 1.2246162, 51.9258592 ] ] } },
{ "type": "Feature", "properties": { "id": 34456, "nach": 0.40279237627524317 }, "geometry": { "type": "LineString", "coordinates": [ [ 1.2285402, 51.9238904 ], [ 1.2284889, 51.923803 ], [ 1.2284442, 51.9236745 ], [ 1.2284331, 51.9234644 ], [ 1.2284607, 51.9233606 ], [ 1.2284707, 51.9233333 ] ] } },
{ "type": "Feature", "properties": { "id": 34458, "nach": 0.36085822306515419 }, "geometry": { "type": "LineString", "coordinates": [ [ 1.2285402, 51.9238904 ], [ 1.2284004, 51.923858500000016 ], [ 1.2280099, 51.9237211 ] ] } },
{ "type": "Feature", "properties": { "id": 34436, "nach": 0.4530972971597676 }, "geometry": { "type": "LineString", "coordinates": [ [ 1.2285978, 51.9231143 ], [ 1.2285093, 51.923239099999989 ] ] } },
{ "type": "Feature", "properties": { "id": 34446, "nach": 0.44011706051905192 }, "geometry": { "type": "LineString", "coordinates": [ [ 1.2284707, 51.9233333 ], [ 1.2285093, 51.923239099999989 ] ] } },
{ "type": "Feature", "properties": { "id": 34438, "nach": 0.24349807392377995 }, "geometry": { "type": "LineString", "coordinates": [ [ 1.2282573, 51.9231833 ], [ 1.2285093, 51.923239099999989 ] ] } },
{ "type": "Feature", "properties": { "id": 34435, "nach": 0.50798050234837355 }, "geometry": { "type": "LineString", "coordinates": [ [ 1.2285978, 51.9231143 ], [ 1.2286077, 51.9231003 ] ] } },
{ "type": "Feature", "properties": { "id": 34440, "nach": 0.4576660266385954 }, "geometry": { "type": "LineString", "coordinates": [ [ 1.2282573, 51.9231833 ], [ 1.2285978, 51.9231143 ] ] } },
{ "type": "Feature", "properties": { "id": 34450, "nach": 0.41713201164583724 }, "geometry": { "type": "LineString", "coordinates": [ [ 1.2284269, 51.9233475 ], [ 1.2284707, 51.9233333 ] ] } },
{ "type": "Feature", "properties": { "id": 34441, "nach": 0.47084602998756081 }, "geometry": { "type": "LineString", "coordinates": [ [ 1.2282573, 51.9231833 ], [ 1.2281708, 51.9231642 ], [ 1.2279959, 51.923122 ], [ 1.2277486, 51.9230268 ], [ 1.227384, 51.9228448 ] ] } },
{ "type": "Feature", "properties": { "id": 34449, "nach": 0.37901194250807407 }, "geometry": { "type": "LineString", "coordinates": [ [ 1.2284269, 51.9233475 ], [ 1.2282573, 51.9231833 ] ] } },
{ "type": "Feature", "properties": { "id": 8825, "nach": 0.52506632071560022 }, "geometry": { "type": "LineString", "coordinates": [ [ 1.2304271, 51.9224884 ], [ 1.2298472, 51.9225661 ] ] } },
{ "type": "Feature", "properties": { "id": 34429, "nach": 0.52152061391194848 }, "geometry": { "type": "LineString", "coordinates": [ [ 1.2289989, 51.922828100000011 ], [ 1.2290879, 51.922779 ], [ 1.229269, 51.9226997 ], [ 1.2295769, 51.9226109 ], [ 1.2298472, 51.9225661 ] ] } },
{ "type": "Feature", "properties": { "id": 9477, "nach": 0.39110263346032881 }, "geometry": { "type": "LineString", "coordinates": [ [ 1.2288839, 51.9218408 ], [ 1.2289967, 51.9218867 ], [ 1.2295211, 51.9221547 ], [ 1.2296468, 51.9222438 ], [ 1.2297526, 51.9223626 ], [ 1.2298472, 51.9225661 ] ] } },
{ "type": "Feature", "properties": { "id": 9611, "nach": 0.54267314002420586 }, "geometry": { "type": "LineString", "coordinates": [ [ 1.2304518, 51.9225438 ], [ 1.2304271, 51.9224884 ] ] } },
{ "type": "Feature", "properties": { "id": 9509, "nach": 0.46988965969758273 }, "geometry": { "type": "LineString", "coordinates": [ [ 1.23039, 51.9223709 ], [ 1.2304271, 51.9224884 ] ] } },
{ "type": "Feature", "properties": { "id": 34433, "nach": 0.5061661485452571 }, "geometry": { "type": "LineString", "coordinates": [ [ 1.2286077, 51.9231003 ], [ 1.2286434, 51.9230499 ], [ 1.2287906, 51.9229234 ], [ 1.2289989, 51.922828100000011 ] ] } },
{ "type": "Feature", "properties": { "id": 34444, "nach": 0.38336030724885684 }, "geometry": { "type": "LineString", "coordinates": [ [ 1.2293372, 51.9232509 ], [ 1.2292848, 51.9231443 ], [ 1.2289989, 51.922828100000011 ] ] } },
{ "type": "Feature", "properties": { "id": 9478, "nach": 0.34934624579567786 }, "geometry": { "type": "LineString", "coordinates": [ [ 1.2288839, 51.9218408 ], [ 1.2287818, 51.9218494 ], [ 1.2286944, 51.9218933 ], [ 1.2285386, 51.9220085 ], [ 1.2282296, 51.9222421 ], [ 1.2275933, 51.9226822 ] ] } },
{ "type": "Feature", "properties": { "id": 52754, "nach": 0.39834355189395021 }, "geometry": { "type": "LineString", "coordinates": [ [ 1.2289651, 51.92169220000001 ], [ 1.228888, 51.9217805 ], [ 1.2288839, 51.9218408 ] ] } },
{ "type": "Feature", "properties": { "id": 9612, "nach": 0.3253842836161972 }, "geometry": { "type": "LineString", "coordinates": [ [ 1.2304518, 51.9225438 ], [ 1.2309272, 51.9225168 ], [ 1.2319517, 51.9225359 ], [ 1.232648, 51.922520900000016 ] ] } },
{ "type": "Feature", "properties": { "id": 52865, "nach": 0.54169843608712542 }, "geometry": { "type": "LineString", "coordinates": [ [ 1.2306108, 51.9229308 ], [ 1.2305322, 51.9227982 ], [ 1.2304518, 51.9225438 ] ] } },
{ "type": "Feature", "properties": { "id": 21670, "nach": 0.41773267868987979 }, "geometry": { "type": "LineString", "coordinates": [ [ 1.231413, 51.9195196 ], [ 1.2314568, 51.919694500000013 ], [ 1.2314282, 51.9197954 ], [ 1.2313856, 51.9198961 ], [ 1.2312065, 51.9202379 ], [ 1.2309811, 51.9206176 ], [ 1.2307699, 51.9209868 ], [ 1.2305751, 51.921349 ], [ 1.2304379, 51.9216952 ], [ 1.230383, 51.9218768 ], [ 1.2303547, 51.9220502 ], [ 1.2303668, 51.922247100000014 ], [ 1.23039, 51.9223709 ] ] } },
{ "type": "Feature", "properties": { "id": 52752, "nach": 0.40972343509169412 }, "geometry": { "type": "LineString", "coordinates": [ [ 1.2289651, 51.92169220000001 ], [ 1.2294124, 51.921916 ], [ 1.2302294, 51.9222609 ], [ 1.23039, 51.9223709 ] ] } },
{ "type": "Feature", "properties": { "id": 8836, "nach": 0.45867775480965212 }, "geometry": { "type": "LineString", "coordinates": [ [ 1.227384, 51.9228448 ], [ 1.2272173, 51.9229583 ] ] } },
{ "type": "Feature", "properties": { "id": 25113, "nach": 0.3319213603492584 }, "geometry": { "type": "LineString", "coordinates": [ [ 1.2267195, 51.9242691 ], [ 1.2268368, 51.9241357 ], [ 1.2269266, 51.9240173 ], [ 1.2269495, 51.9239568 ], [ 1.226962, 51.9237701 ], [ 1.226937, 51.9236697 ], [ 1.2268827, 51.9234625 ], [ 1.2268744, 51.923403200000017 ], [ 1.2268806, 51.9233389 ], [ 1.2269015, 51.9232706 ], [ 1.2272543, 51.9229835 ], [ 1.2272173, 51.9229583 ] ] } },
{ "type": "Feature", "properties": { "id": 35820, "nach": 0.44159156089974727 }, "geometry": { "type": "LineString", "coordinates": [ [ 1.2241816, 51.9254615 ], [ 1.2246359, 51.9250417 ], [ 1.2249962, 51.924699600000011 ], [ 1.225256, 51.9244492 ], [ 1.2252677, 51.924420200000014 ], [ 1.2252403, 51.9243896 ], [ 1.2251502, 51.9243373 ], [ 1.2251385, 51.9243164 ], [ 1.2251659, 51.924285 ], [ 1.2257375, 51.9238306 ], [ 1.2258232, 51.923790300000022 ], [ 1.2259211, 51.923771500000015 ], [ 1.2259945, 51.9237903 ], [ 1.2261067, 51.923823100000014 ], [ 1.2261679, 51.9238168 ], [ 1.2262801, 51.9237048 ], [ 1.2269683, 51.923102 ], [ 1.2270518, 51.9230402 ], [ 1.2272173, 51.9229583 ] ] } },
{ "type": "Feature", "properties": { "id": 8835, "nach": 0.41039536142148453 }, "geometry": { "type": "LineString", "coordinates": [ [ 1.227384, 51.9228448 ], [ 1.2275933, 51.9226822 ] ] } },
{ "type": "Feature", "properties": { "id": 35818, "nach": 0.47456377532624255 }, "geometry": { "type": "LineString", "coordinates": [ [ 1.2241816, 51.9254615 ], [ 1.2240315, 51.9256117 ], [ 1.2246162, 51.9258592 ] ] } },
{ "type": "Feature", "properties": { "id": 35819, "nach": 0.47041726037475329 }, "geometry": { "type": "LineString", "coordinates": [ [ 1.2241816, 51.9254615 ], [ 1.2238297, 51.9253315 ], [ 1.2235274, 51.9251181 ] ] } },
{ "type": "Feature", "properties": { "id": 8832, "nach": 0.34808117301382568 }, "geometry": { "type": "LineString", "coordinates": [ [ 1.2275933, 51.9226822 ], [ 1.2270699, 51.9224115 ] ] } },
{ "type": "Feature", "properties": { "id": 52753, "nach": 0.42621344708541287 }, "geometry": { "type": "LineString", "coordinates": [ [ 1.2289651, 51.92169220000001 ], [ 1.2283207, 51.9213698 ], [ 1.2282693, 51.9213909 ], [ 1.2281381, 51.9213014 ], [ 1.2280909, 51.9212757 ], [ 1.2274171, 51.9209186 ], [ 1.2265605, 51.9205093 ], [ 1.2265347, 51.9204996 ] ] } },
{ "type": "Feature", "properties": { "id": 35816, "nach": 0.31970088415987186 }, "geometry": { "type": "LineString", "coordinates": [ [ 1.2235274, 51.9251181 ], [ 1.2232612, 51.9249302 ], [ 1.222777, 51.924448500000011 ], [ 1.2227634, 51.924267 ] ] } },
{ "type": "Feature", "properties": { "id": 35823, "nach": 0.34356730451266554 }, "geometry": { "type": "LineString", "coordinates": [ [ 1.2219271, 51.9256881 ], [ 1.221546, 51.9256613 ], [ 1.2212827, 51.9256327 ], [ 1.2210426, 51.9256397 ] ] } },
{ "type": "Feature", "properties": { "id": 35822, "nach": 0.46670580855858568 }, "geometry": { "type": "LineString", "coordinates": [ [ 1.2219271, 51.9256881 ], [ 1.2224632, 51.9255085 ], [ 1.2230518, 51.9253423 ], [ 1.2235274, 51.9251181 ] ] } },
{ "type": "Feature", "properties": { "id": 28539, "nach": 0.11275256186384336 }, "geometry": { "type": "LineString", "coordinates": [ [ 1.227751123874033, 51.934579760133254 ], [ 1.2179967, 51.927974 ] ] } },
{ "type": "Feature", "properties": { "id": 52867, "nach": 0.45834897151676907 }, "geometry": { "type": "LineString", "coordinates": [ [ 1.2308916, 51.9228792 ], [ 1.2306108, 51.9229308 ] ] } },
{ "type": "Feature", "properties": { "id": 9610, "nach": 0.30919665062010626 }, "geometry": { "type": "LineString", "coordinates": [ [ 1.232648, 51.922520900000016 ], [ 1.2330332, 51.9221217 ], [ 1.233296, 51.9219101 ], [ 1.2335227, 51.9216804 ], [ 1.2338137, 51.9215264 ], [ 1.2340543, 51.9213188 ], [ 1.2343429, 51.9211204 ], [ 1.2346462, 51.9208648 ], [ 1.2349204, 51.9206126 ], [ 1.2351813, 51.9204212 ], [ 1.235397, 51.920228800000011 ], [ 1.2355523, 51.9201037 ], [ 1.2357864, 51.919887700000011 ], [ 1.2359447, 51.9197662 ], [ 1.2361732, 51.9196253 ] ] } },
{ "type": "Feature", "properties": { "id": 10397, "nach": 0.43078949400892724 }, "geometry": { "type": "LineString", "coordinates": [ [ 1.2398466, 51.9272939 ], [ 1.2396887, 51.9275457 ], [ 1.2395581, 51.927749200000015 ] ] } },
{ "type": "Feature", "properties": { "id": 34182, "nach": 0.56382960147306305 }, "geometry": { "type": "LineString", "coordinates": [ [ 1.2402029, 51.9273804 ], [ 1.2398466, 51.9272939 ] ] } },
{ "type": "Feature", "properties": { "id": 34187, "nach": 0.58053669330853264 }, "geometry": { "type": "LineString", "coordinates": [ [ 1.2413908, 51.9276572 ], [ 1.2414269, 51.9276679 ] ] } },
{ "type": "Feature", "properties": { "id": 16898, "nach": 0.23035542390538699 }, "geometry": { "type": "LineString", "coordinates": [ [ 1.2452786, 51.9226242 ], [ 1.2450903, 51.9228137 ], [ 1.2440567, 51.9240007 ], [ 1.2437624, 51.9243334 ], [ 1.2436355, 51.9244942 ], [ 1.2434702, 51.924716600000018 ], [ 1.2433748, 51.924922700000018 ], [ 1.2432415, 51.9251219 ], [ 1.2430559, 51.9253407 ], [ 1.2428785, 51.9255399 ], [ 1.2428016, 51.9256487 ], [ 1.2427308, 51.9257847 ], [ 1.2422838, 51.9264511 ], [ 1.2420701, 51.9267527 ], [ 1.2418609, 51.9270631 ], [ 1.2414269, 51.9276679 ] ] } },
{ "type": "Feature", "properties": { "id": 34188, "nach": 0.5625965770980782 }, "geometry": { "type": "LineString", "coordinates": [ [ 1.2413908, 51.9276572 ], [ 1.240893, 51.9275278 ] ] } },
{ "type": "Feature", "properties": { "id": 34189, "nach": 0.4534114719152017 }, "geometry": { "type": "LineString", "coordinates": [ [ 1.2413908, 51.9276572 ], [ 1.2413783, 51.9275315 ], [ 1.241239, 51.9274694 ], [ 1.2410674, 51.9274349 ], [ 1.2409294, 51.9274134 ] ] } },
{ "type": "Feature", "properties": { "id": 34181, "nach": 0.56648790777118752 }, "geometry": { "type": "LineString", "coordinates": [ [ 1.2402029, 51.9273804 ], [ 1.240893, 51.9275278 ] ] } },
{ "type": "Feature", "properties": { "id": 34190, "nach": 0.43460682577197274 }, "geometry": { "type": "LineString", "coordinates": [ [ 1.2399827, 51.9277603 ], [ 1.2401226, 51.927516 ], [ 1.2402029, 51.9273804 ] ] } },
{ "type": "Feature", "properties": { "id": 34185, "nach": 0.4259157668383316 }, "geometry": { "type": "LineString", "coordinates": [ [ 1.2409294, 51.9274134 ], [ 1.2409284, 51.927394 ], [ 1.2408898, 51.9273019 ], [ 1.2409537, 51.927211300000018 ], [ 1.2410404, 51.9270563 ], [ 1.2410972, 51.9270148 ], [ 1.2412146, 51.9269747 ], [ 1.2412985, 51.9268444 ] ] } },
{ "type": "Feature", "properties": { "id": 34184, "nach": 0.40982446756307805 }, "geometry": { "type": "LineString", "coordinates": [ [ 1.2409294, 51.9274134 ], [ 1.240914, 51.9274618 ], [ 1.240893, 51.9275278 ] ] } },
{ "type": "Feature", "properties": { "id": 10404, "nach": 0.35273492533914214 }, "geometry": { "type": "LineString", "coordinates": [ [ 1.2309781, 51.926460400000018 ], [ 1.2311788, 51.9264944 ], [ 1.2314083, 51.9265201 ], [ 1.2315562, 51.9265404 ], [ 1.2316954, 51.9265708 ], [ 1.2319477, 51.9266522 ] ] } },
{ "type": "Feature", "properties": { "id": 34411, "nach": 0.45590366175882541 }, "geometry": { "type": "LineString", "coordinates": [ [ 1.2308898, 51.9263953 ], [ 1.2309781, 51.926460400000018 ] ] } },
{ "type": "Feature", "properties": { "id": 34425, "nach": 0.41437907051422901 }, "geometry": { "type": "LineString", "coordinates": [ [ 1.230676299999989, 51.9271915 ], [ 1.2306891, 51.9271532 ], [ 1.2307408, 51.9270971 ], [ 1.2308949, 51.9270129 ], [ 1.2309742, 51.9269554 ], [ 1.2310003, 51.9268884 ], [ 1.2309659, 51.926818 ], [ 1.2308882, 51.9267407 ], [ 1.2308366, 51.9266646 ], [ 1.2308715, 51.9265796 ], [ 1.2309781, 51.926460400000018 ] ] } },
{ "type": "Feature", "properties": { "id": 34413, "nach": 0.48250862509488968 }, "geometry": { "type": "LineString", "coordinates": [ [ 1.2308898, 51.9263953 ], [ 1.2308233, 51.9263472 ], [ 1.2307303, 51.9262536 ] ] } },
{ "type": "Feature", "properties": { "id": 34412, "nach": 0.3603015246525953 }, "geometry": { "type": "LineString", "coordinates": [ [ 1.2308898, 51.9263953 ], [ 1.2311595, 51.9261933 ] ] } },
{ "type": "Feature", "properties": { "id": 34427, "nach": 0.33181688492982453 }, "geometry": { "type": "LineString", "coordinates": [ [ 1.230676299999989, 51.9271915 ], [ 1.2305099, 51.9272044 ], [ 1.2302415, 51.9271887 ], [ 1.2301758, 51.9271556 ], [ 1.2301878, 51.9270679 ] ] } },
{ "type": "Feature", "properties": { "id": 34428, "nach": 0.34040951730499441 }, "geometry": { "type": "LineString", "coordinates": [ [ 1.2307515, 51.9274213 ], [ 1.2307365, 51.9273687 ], [ 1.2307115, 51.9273295 ], [ 1.2307029, 51.9272581 ], [ 1.230676299999989, 51.9271915 ] ] } },
{ "type": "Feature", "properties": { "id": 10411, "nach": 0.53129724622961361 }, "geometry": { "type": "LineString", "coordinates": [ [ 1.2307419, 51.925799 ], [ 1.2306752, 51.9259119 ], [ 1.2306957, 51.926045500000015 ], [ 1.2307303, 51.9262536 ] ] } },
{ "type": "Feature", "properties": { "id": 34408, "nach": 0.49049532071245489 }, "geometry": { "type": "LineString", "coordinates": [ [ 1.2302699, 51.9263236 ], [ 1.2302906, 51.926324 ], [ 1.2307303, 51.9262536 ] ] } },
{ "type": "Feature", "properties": { "id": 34396, "nach": 0.44262937621413401 }, "geometry": { "type": "LineString", "coordinates": [ [ 1.2304578, 51.9257106 ], [ 1.2307419, 51.925799 ] ] } },
{ "type": "Feature", "properties": { "id": 34391, "nach": 0.54674839813812359 }, "geometry": { "type": "LineString", "coordinates": [ [ 1.2312036, 51.9255802 ], [ 1.2310944, 51.9256166 ], [ 1.2308577, 51.9257036 ], [ 1.2307419, 51.925799 ] ] } },
{ "type": "Feature", "properties": { "id": 34409, "nach": 0.46982953660841481 }, "geometry": { "type": "LineString", "coordinates": [ [ 1.2302699, 51.9263236 ], [ 1.2301328, 51.9263209 ], [ 1.2299577, 51.926276799999989 ], [ 1.2298912, 51.9262628 ] ] } },
{ "type": "Feature", "properties": { "id": 34414, "nach": 0.35716844431280076 }, "geometry": { "type": "LineString", "coordinates": [ [ 1.2302403, 51.9266948 ], [ 1.2302282, 51.9266583 ], [ 1.2301678, 51.926590500000017 ], [ 1.2301812, 51.9265458 ], [ 1.2302067, 51.9264788 ], [ 1.2302699, 51.9263236 ] ] } },
{ "type": "Feature", "properties": { "id": 34395, "nach": 0.36719544557767048 }, "geometry": { "type": "LineString", "coordinates": [ [ 1.2304578, 51.9257106 ], [ 1.2305663, 51.92558420000001 ] ] } },
{ "type": "Feature", "properties": { "id": 34397, "nach": 0.36719544557767048 }, "geometry": { "type": "LineString", "coordinates": [ [ 1.2304578, 51.9257106 ], [ 1.2302403, 51.9256429 ] ] } },
{ "type": "Feature", "properties": { "id": 34390, "nach": 0.55844653755751972 }, "geometry": { "type": "LineString", "coordinates": [ [ 1.2312036, 51.9255802 ], [ 1.2314445, 51.9254999 ], [ 1.2316154, 51.9254205 ], [ 1.2316368, 51.9253402 ], [ 1.2316219, 51.925284 ] ] } },
{ "type": "Feature", "properties": { "id": 34399, "nach": 0.44373656464684191 }, "geometry": { "type": "LineString", "coordinates": [ [ 1.2315956, 51.9257958 ], [ 1.2315634, 51.9257927 ], [ 1.2314399, 51.9257704 ], [ 1.2313487, 51.9257406 ], [ 1.2312036, 51.9255802 ] ] } },
{ "type": "Feature", "properties": { "id": 34158, "nach": 0.56067809936897073 }, "geometry": { "type": "LineString", "coordinates": [ [ 1.2338505, 51.9259044 ], [ 1.2340614, 51.9257878 ] ] } },
{ "type": "Feature", "properties": { "id": 34379, "nach": 0.57300116724750971 }, "geometry": { "type": "LineString", "coordinates": [ [ 1.2314048, 51.9250667 ], [ 1.2313442, 51.9249827 ], [ 1.231368, 51.9248658 ], [ 1.231443599999989, 51.9247429 ], [ 1.2315258, 51.9246667 ], [ 1.2316106, 51.9246144 ] ] } },
{ "type": "Feature", "properties": { "id": 34152, "nach": 0.3780577849590761 }, "geometry": { "type": "LineString", "coordinates": [ [ 1.2324584, 51.9249007 ], [ 1.2322941, 51.9248183 ], [ 1.2321097, 51.9247582 ], [ 1.2319625, 51.9247262 ], [ 1.2317865, 51.9246765 ], [ 1.2316106, 51.9246144 ] ] } },
{ "type": "Feature", "properties": { "id": 34359, "nach": 0.50144421145773121 }, "geometry": { "type": "LineString", "coordinates": [ [ 1.2339052, 51.92656 ], [ 1.2344266, 51.9265335 ] ] } },
{ "type": "Feature", "properties": { "id": 34164, "nach": 0.50297205231962094 }, "geometry": { "type": "LineString", "coordinates": [ [ 1.2347388, 51.9267513 ], [ 1.2347086, 51.9266402 ], [ 1.2346402, 51.9265729 ], [ 1.2345491, 51.92654550000001 ], [ 1.2344266, 51.9265335 ] ] } },
{ "type": "Feature", "properties": { "id": 34351, "nach": 0.38393253356543783 }, "geometry": { "type": "LineString", "coordinates": [ [ 1.234078, 51.9262083 ], [ 1.2342079, 51.9262772 ], [ 1.2343131, 51.9263372 ], [ 1.2344001, 51.9263981 ], [ 1.234426, 51.9264477 ], [ 1.2344266, 51.9265335 ] ] } },
{ "type": "Feature", "properties": { "id": 34360, "nach": 0.5049717860601266 }, "geometry": { "type": "LineString", "coordinates": [ [ 1.2339052, 51.92656 ], [ 1.233864, 51.9265621 ], [ 1.2337692, 51.9265396 ], [ 1.2336696, 51.9264775 ], [ 1.233647, 51.9264601 ] ] } },
{ "type": "Feature", "properties": { "id": 34363, "nach": 0.46229492960434088 }, "geometry": { "type": "LineString", "coordinates": [ [ 1.2339118, 51.9267785 ], [ 1.233904, 51.926724 ], [ 1.2339052, 51.92656 ] ] } },
{ "type": "Feature", "properties": { "id": 34178, "nach": 0.50848658518198075 }, "geometry": { "type": "LineString", "coordinates": [ [ 1.2351938, 51.92714 ], [ 1.2351224, 51.927133600000012 ], [ 1.2349408, 51.927110900000017 ], [ 1.23485, 51.9270715 ], [ 1.2347896, 51.9270088 ], [ 1.2347586, 51.9268944 ], [ 1.2347388, 51.9267513 ] ] } },
{ "type": "Feature", "properties": { "id": 34357, "nach": 0.39012745059343201 }, "geometry": { "type": "LineString", "coordinates": [ [ 1.2350948, 51.9265166 ], [ 1.2351143, 51.9265686 ], [ 1.2351195, 51.9266223 ], [ 1.2351, 51.9266703 ], [ 1.2350351, 51.926708 ], [ 1.2349468, 51.9267288 ], [ 1.2347388, 51.9267513 ] ] } },
{ "type": "Feature", "properties": { "id": 34159, "nach": 0.54956114398199196 }, "geometry": { "type": "LineString", "coordinates": [ [ 1.2338505, 51.9259044 ], [ 1.2337618, 51.9259534 ], [ 1.2334832, 51.926129900000014 ], [ 1.2334399, 51.9261867 ] ] } },
{ "type": "Feature", "properties": { "id": 34160, "nach": 0.40139910676097856 }, "geometry": { "type": "LineString", "coordinates": [ [ 1.2338505, 51.9259044 ], [ 1.2336505, 51.9257633 ], [ 1.2336102, 51.925697300000017 ] ] } },
{ "type": "Feature", "properties": { "id": 34353, "nach": 0.50772584149580291 }, "geometry": { "type": "LineString", "coordinates": [ [ 1.233647, 51.9264601 ], [ 1.2334816, 51.9263329 ], [ 1.2334322, 51.926256 ], [ 1.2334399, 51.9261867 ] ] } },
{ "type": "Feature", "properties": { "id": 34161, "nach": 0.5103108257464618 }, "geometry": { "type": "LineString", "coordinates": [ [ 1.2329103, 51.925912800000013 ], [ 1.2329469, 51.9259365 ], [ 1.2330034, 51.9260156 ], [ 1.233055, 51.9260907 ], [ 1.2331264, 51.9261327 ], [ 1.2334399, 51.9261867 ] ] } },
{ "type": "Feature", "properties": { "id": 34358, "nach": 0.38563859676106432 }, "geometry": { "type": "LineString", "coordinates": [ [ 1.233082, 51.926553400000017 ], [ 1.2331612, 51.9265759 ], [ 1.2332404, 51.9266007 ], [ 1.2332963, 51.9266095 ], [ 1.2333495, 51.9265983 ], [ 1.233647, 51.9264601 ] ] } },
{ "type": "Feature", "properties": { "id": 34163, "nach": 0.37822604415021444 }, "geometry": { "type": "LineString", "coordinates": [ [ 1.2329103, 51.925912800000013 ], [ 1.2331313, 51.9256855 ], [ 1.2331578, 51.9256136 ], [ 1.2331122, 51.92558360000001 ], [ 1.2329956, 51.9255235 ] ] } },
{ "type": "Feature", "properties": { "id": 34162, "nach": 0.48521632985182284 }, "geometry": { "type": "LineString", "coordinates": [ [ 1.2329103, 51.925912800000013 ], [ 1.2328428, 51.9258926 ], [ 1.2327784, 51.925885500000014 ], [ 1.2327053, 51.9258959 ] ] } },
{ "type": "Feature", "properties": { "id": 10428, "nach": 0.49073668370098933 }, "geometry": { "type": "LineString", "coordinates": [ [ 1.2334943, 51.9272516 ], [ 1.2334635, 51.9271794 ], [ 1.2333804, 51.9271272 ], [ 1.2331898, 51.9270695 ], [ 1.2330461, 51.9270411 ], [ 1.2329552, 51.9270326 ], [ 1.2328328, 51.9270259 ], [ 1.2327472, 51.927012 ], [ 1.2326718, 51.9269861 ], [ 1.2325694, 51.926933 ], [ 1.2324164, 51.9268358 ], [ 1.2322997, 51.926812 ], [ 1.2321516, 51.9268017 ] ] } },
{ "type": "Feature", "properties": { "id": 34015, "nach": 0.454457983434854 }, "geometry": { "type": "LineString", "coordinates": [ [ 1.2318179, 51.9270844 ], [ 1.2318918, 51.9270306 ], [ 1.2319976, 51.926954 ], [ 1.2321516, 51.9268017 ] ] } },
{ "type": "Feature", "properties": { "id": 34012, "nach": 0.38316540069140509 }, "geometry": { "type": "LineString", "coordinates": [ [ 1.2321143, 51.9266101 ], [ 1.2320743, 51.9266715 ], [ 1.2321516, 51.9268017 ] ] } },
{ "type": "Feature", "properties": { "id": 10448, "nach": 0.49862535281678577 }, "geometry": { "type": "LineString", "coordinates": [ [ 1.2334432, 51.927777399999989 ], [ 1.2334342, 51.927724 ], [ 1.2334468, 51.92759310000001 ], [ 1.2334663, 51.927410600000016 ], [ 1.2334943, 51.9272516 ] ] } },
{ "type": "Feature", "properties": { "id": 34024, "nach": 0.34468909258248376 }, "geometry": { "type": "LineString", "coordinates": [ [ 1.2347937, 51.927555 ], [ 1.2346556, 51.9275137 ], [ 1.234346, 51.92742 ], [ 1.2342466, 51.92738150000001 ], [ 1.2341806, 51.9273271 ], [ 1.2341262, 51.92727750000001 ], [ 1.2340243, 51.9272594 ], [ 1.2339189, 51.9272543 ], [ 1.2337118, 51.9272613 ], [ 1.2334943, 51.9272516 ] ] } },
{ "type": "Feature", "properties": { "id": 34016, "nach": 0.37836711824425312 }, "geometry": { "type": "LineString", "coordinates": [ [ 1.2318179, 51.9270844 ], [ 1.2317168, 51.9270636 ], [ 1.2316297, 51.9270328 ], [ 1.2315742, 51.9270178 ] ] } },
{ "type": "Feature", "properties": { "id": 34017, "nach": 0.37894286891544143 }, "geometry": { "type": "LineString", "coordinates": [ [ 1.2317596, 51.92718210000001 ], [ 1.2317932, 51.927134 ], [ 1.2318179, 51.9270844 ] ] } },
{ "type": "Feature", "properties": { "id": 34030, "nach": 0.49475216334372085 }, "geometry": { "type": "LineString", "coordinates": [ [ 1.2332769, 51.9278218 ], [ 1.2334432, 51.927777399999989 ] ] } },
{ "type": "Feature", "properties": { "id": 34041, "nach": 0.48252904628357424 }, "geometry": { "type": "LineString", "coordinates": [ [ 1.2337152, 51.9279059 ], [ 1.2335629, 51.9278409 ], [ 1.2334906, 51.9278054 ], [ 1.2334432, 51.927777399999989 ] ] } },
{ "type": "Feature", "properties": { "id": 34026, "nach": 0.48703853538254099 }, "geometry": { "type": "LineString", "coordinates": [ [ 1.2349537, 51.9276 ], [ 1.2347937, 51.927555 ] ] } },
{ "type": "Feature", "properties": { "id": 34033, "nach": 0.49831284396909259 }, "geometry": { "type": "LineString", "coordinates": [ [ 1.2344897, 51.9278826 ], [ 1.2345771, 51.9278179 ], [ 1.2346116, 51.9277648 ], [ 1.2346368, 51.9277477 ], [ 1.2347937, 51.927555 ] ] } },
{ "type": "Feature", "properties": { "id": 45334, "nach": 0.60057773621816823 }, "geometry": { "type": "LineString", "coordinates": [ [ 1.2338412, 51.9291344 ], [ 1.2336212, 51.92912170000001 ] ] } },
{ "type": "Feature", "properties": { "id": 34104, "nach": 0.591144143747106 }, "geometry": { "type": "LineString", "coordinates": [ [ 1.2336484, 51.9286689 ], [ 1.233640699999989, 51.928723 ], [ 1.2336302, 51.9289987 ], [ 1.2336212, 51.92912170000001 ] ] } },
{ "type": "Feature", "properties": { "id": 50231, "nach": 0.58071050831794824 }, "geometry": { "type": "LineString", "coordinates": [ [ 1.231285, 51.9290404 ], [ 1.2322061, 51.9290582 ], [ 1.2336212, 51.92912170000001 ] ] } },
{ "type": "Feature", "properties": { "id": 45336, "nach": 0.60368254127075438 }, "geometry": { "type": "LineString", "coordinates": [ [ 1.2338412, 51.9291344 ], [ 1.2338847, 51.9291358 ], [ 1.2340838, 51.9291441 ] ] } },
{ "type": "Feature", "properties": { "id": 45337, "nach": 0.42133963603647745 }, "geometry": { "type": "LineString", "coordinates": [ [ 1.2337894, 51.9293287 ], [ 1.2338412, 51.9291344 ] ] } },
{ "type": "Feature", "properties": { "id": 34105, "nach": 0.58225591349199823 }, "geometry": { "type": "LineString", "coordinates": [ [ 1.2336484, 51.9286689 ], [ 1.2336485, 51.9285687 ], [ 1.2336683, 51.9284961 ], [ 1.2336844, 51.928437700000011 ] ] } },
{ "type": "Feature", "properties": { "id": 34108, "nach": 0.41468480021830073 }, "geometry": { "type": "LineString", "coordinates": [ [ 1.2338634, 51.9287949 ], [ 1.2337286, 51.9287081 ], [ 1.2336484, 51.9286689 ] ] } },
{ "type": "Feature", "properties": { "id": 34110, "nach": 0.41361682309652437 }, "geometry": { "type": "LineString", "coordinates": [ [ 1.233395, 51.9288628 ], [ 1.2334553, 51.9288118 ], [ 1.2334676, 51.9287649 ], [ 1.2334724, 51.928718 ], [ 1.2335142, 51.9286652 ], [ 1.2336484, 51.9286689 ] ] } },
{ "type": "Feature", "properties": { "id": 50232, "nach": 0.57466111907932305 }, "geometry": { "type": "LineString", "coordinates": [ [ 1.231285, 51.9290404 ], [ 1.2311583, 51.929039 ], [ 1.2309516, 51.929036699999969 ] ] } },
{ "type": "Feature", "properties": { "id": 50234, "nach": 0.39868500138913759 }, "geometry": { "type": "LineString", "coordinates": [ [ 1.231707, 51.9279425 ], [ 1.2312724, 51.928624 ], [ 1.231285, 51.9290404 ] ] } },
{ "type": "Feature", "properties": { "id": 34085, "nach": 0.58546173851103422 }, "geometry": { "type": "LineString", "coordinates": [ [ 1.2337183, 51.9284009 ], [ 1.2338021, 51.9283362 ] ] } },
{ "type": "Feature", "properties": { "id": 34068, "nach": 0.53961098173525146 }, "geometry": { "type": "LineString", "coordinates": [ [ 1.2338603, 51.92829840000001 ], [ 1.2338021, 51.9283362 ] ] } },
{ "type": "Feature", "properties": { "id": 34095, "nach": 0.58620182735259496 }, "geometry": { "type": "LineString", "coordinates": [ [ 1.2343512, 51.92849 ], [ 1.2342846, 51.9284696 ], [ 1.2338021, 51.9283362 ] ] } },
{ "type": "Feature", "properties": { "id": 34086, "nach": 0.59335010424472112 }, "geometry": { "type": "LineString", "coordinates": [ [ 1.2337183, 51.9284009 ], [ 1.2336175, 51.928357600000012 ], [ 1.233508, 51.9282883 ], [ 1.2334399, 51.928228 ], [ 1.2334014, 51.9281784 ] ] } },
{ "type": "Feature", "properties": { "id": 34091, "nach": 0.5859764279702766 }, "geometry": { "type": "LineString", "coordinates": [ [ 1.2336844, 51.928437700000011 ], [ 1.2337183, 51.9284009 ] ] } },
{ "type": "Feature", "properties": { "id": 34069, "nach": 0.4781851568848548 }, "geometry": { "type": "LineString", "coordinates": [ [ 1.2338603, 51.92829840000001 ], [ 1.2339166, 51.9282459 ], [ 1.2339413, 51.9281939 ], [ 1.2339521, 51.9281378 ], [ 1.2339287, 51.9280543 ], [ 1.2338562, 51.927985300000017 ], [ 1.2337152, 51.9279059 ] ] } },
{ "type": "Feature", "properties": { "id": 34073, "nach": 0.49043390683092619 }, "geometry": { "type": "LineString", "coordinates": [ [ 1.2339432, 51.9282977 ], [ 1.2339235, 51.9283147 ], [ 1.2338603, 51.92829840000001 ] ] } },
{ "type": "Feature", "properties": { "id": 34096, "nach": 0.44227172179794416 }, "geometry": { "type": "LineString", "coordinates": [ [ 1.2343512, 51.92849 ], [ 1.2343615, 51.9284399 ], [ 1.2344035, 51.9284395 ], [ 1.2343955, 51.928411300000015 ] ] } },
{ "type": "Feature", "properties": { "id": 34098, "nach": 0.59130751810757376 }, "geometry": { "type": "LineString", "coordinates": [ [ 1.2345963, 51.9285153 ], [ 1.234443, 51.9284989 ], [ 1.2343512, 51.92849 ] ] } },
{ "type": "Feature", "properties": { "id": 34097, "nach": 0.60029923172444499 }, "geometry": { "type": "LineString", "coordinates": [ [ 1.2345963, 51.9285153 ], [ 1.2346613, 51.928527400000014 ], [ 1.2347262, 51.9285569 ], [ 1.2347899, 51.928598400000013 ], [ 1.2350714, 51.9288633 ] ] } },
{ "type": "Feature", "properties": { "id": 34112, "nach": 0.60659960524861489 }, "geometry": { "type": "LineString", "coordinates": [ [ 1.2354102, 51.9289112 ], [ 1.2352393, 51.9289018 ], [ 1.2351515, 51.928891 ], [ 1.2350714, 51.9288633 ] ] } },
{ "type": "Feature", "properties": { "id": 34114, "nach": 0.41647790633882986 }, "geometry": { "type": "LineString", "coordinates": [ [ 1.2342042, 51.9289719 ], [ 1.2344913, 51.9289773 ], [ 1.2346567, 51.9289513 ], [ 1.2347814, 51.9289558 ], [ 1.2348982, 51.9289257 ], [ 1.2350714, 51.9288633 ] ] } },
{ "type": "Feature", "properties": { "id": 34099, "nach": 0.45338523352981031 }, "geometry": { "type": "LineString", "coordinates": [ [ 1.2345963, 51.9285153 ], [ 1.2346298, 51.9283818 ], [ 1.2346645, 51.9282149 ], [ 1.2346866, 51.9281137 ], [ 1.2346765, 51.928046900000012 ], [ 1.2346246, 51.9279644 ], [ 1.234563, 51.9279169 ], [ 1.2344897, 51.9278826 ] ] } },
{ "type": "Feature", "properties": { "id": 34111, "nach": 0.54104235693578706 }, "geometry": { "type": "LineString", "coordinates": [ [ 1.2354102, 51.9289112 ], [ 1.2355468, 51.9289045 ], [ 1.2356969, 51.9288885 ], [ 1.2358568, 51.9288121 ], [ 1.2359464, 51.9287628 ], [ 1.2359925, 51.9287234 ], [ 1.2360125, 51.9286783 ], [ 1.2360178, 51.928645 ] ] } },
{ "type": "Feature", "properties": { "id": 34075, "nach": 0.49091941183326809 }, "geometry": { "type": "LineString", "coordinates": [ [ 1.2357909, 51.9283242 ], [ 1.2358151, 51.9282482 ], [ 1.2358751, 51.9279643 ] ] } },
{ "type": "Feature", "properties": { "id": 34038, "nach": 0.46454834864741196 }, "geometry": { "type": "LineString", "coordinates": [ [ 1.2357904, 51.9278719 ], [ 1.2358498, 51.9279084 ], [ 1.2358751, 51.9279643 ] ] } },
{ "type": "Feature", "properties": { "id": 34046, "nach": 0.40695236770896909 }, "geometry": { "type": "LineString", "coordinates": [ [ 1.2364288, 51.928058 ], [ 1.2360553, 51.9279789 ], [ 1.2358751, 51.9279643 ] ] } },
{ "type": "Feature", "properties": { "id": 34074, "nach": 0.41036741378313174 }, "geometry": { "type": "LineString", "coordinates": [ [ 1.2357909, 51.9283242 ], [ 1.2349916, 51.928258300000017 ] ] } },
{ "type": "Feature", "properties": { "id": 34102, "nach": 0.51645185918423264 }, "geometry": { "type": "LineString", "coordinates": [ [ 1.2360178, 51.928645 ], [ 1.2359937, 51.928600200000012 ], [ 1.23592, 51.9285259 ], [ 1.2358483, 51.9284647 ], [ 1.2358006, 51.9284166 ], [ 1.2357858, 51.928373 ], [ 1.2357909, 51.9283242 ] ] } },
{ "type": "Feature", "properties": { "id": 34037, "nach": 0.43631914680158995 }, "geometry": { "type": "LineString", "coordinates": [ [ 1.2357904, 51.9278719 ], [ 1.2357465, 51.9278412 ], [ 1.2356378, 51.9277595 ], [ 1.2355392, 51.927732 ], [ 1.235418, 51.927729300000017 ], [ 1.2352346, 51.9276776 ], [ 1.2349537, 51.9276 ] ] } },
{ "type": "Feature", "properties": { "id": 34039, "nach": 0.40737629235031042 }, "geometry": { "type": "LineString", "coordinates": [ [ 1.2357904, 51.9278719 ], [ 1.2359636, 51.927803 ], [ 1.2359656, 51.9277515 ] ] } },
{ "type": "Feature", "properties": { "id": 10444, "nach": 0.38758902142640966 }, "geometry": { "type": "LineString", "coordinates": [ [ 1.2323967, 51.9288614 ], [ 1.2324398, 51.9288881 ], [ 1.2325877, 51.9289051 ], [ 1.2327526, 51.9288946 ], [ 1.2328882, 51.9288914 ] ] } },
{ "type": "Feature", "properties": { "id": 34065, "nach": 0.46293885663293283 }, "geometry": { "type": "LineString", "coordinates": [ [ 1.2325551, 51.9282245 ], [ 1.2325282, 51.9282528 ], [ 1.2325232, 51.9283028 ], [ 1.2325047, 51.9283545 ], [ 1.2324499, 51.9284101 ], [ 1.2323926, 51.9284522 ], [ 1.2323654, 51.928497300000011 ], [ 1.2323876, 51.92856350000001 ], [ 1.232434, 51.9286538 ], [ 1.232439, 51.9287039 ], [ 1.2324005, 51.9287759 ], [ 1.2323796, 51.928825100000012 ], [ 1.2323967, 51.9288614 ] ] } },
{ "type": "Feature", "properties": { "id": 34109, "nach": 0.38708532820894548 }, "geometry": { "type": "LineString", "coordinates": [ [ 1.2317983, 51.9288446 ], [ 1.2321159, 51.9288736 ], [ 1.2322406, 51.9288727 ], [ 1.2323967, 51.9288614 ] ] } },
{ "type": "Feature", "properties": { "id": 34064, "nach": 0.50096804030815079 }, "geometry": { "type": "LineString", "coordinates": [ [ 1.2325551, 51.9282245 ], [ 1.2325841, 51.9281939 ], [ 1.2326341, 51.9281763 ], [ 1.2327023, 51.9281499 ], [ 1.2328065, 51.9280784 ], [ 1.2328619, 51.928024 ] ] } },
{ "type": "Feature", "properties": { "id": 34080, "nach": 0.39460458208049992 }, "geometry": { "type": "LineString", "coordinates": [ [ 1.2329606, 51.9283402 ], [ 1.2328692, 51.9282924 ], [ 1.2325551, 51.9282245 ] ] } },
{ "type": "Feature", "properties": { "id": 34031, "nach": 0.4273209849499463 }, "geometry": { "type": "LineString", "coordinates": [ [ 1.2332769, 51.9278218 ], [ 1.2330965, 51.927865300000015 ], [ 1.232985, 51.9279018 ] ] } },
{ "type": "Feature", "properties": { "id": 34049, "nach": 0.48440031197957428 }, "geometry": { "type": "LineString", "coordinates": [ [ 1.2333978, 51.9280599 ], [ 1.2333978, 51.9280174 ], [ 1.2333884, 51.9279861 ], [ 1.2333297, 51.9279204 ], [ 1.2332847, 51.9278658 ], [ 1.2332769, 51.9278218 ] ] } },
{ "type": "Feature", "properties": { "id": 34042, "nach": 0.40265880287119443 }, "geometry": { "type": "LineString", "coordinates": [ [ 1.2337152, 51.9279059 ], [ 1.2337379, 51.9278841 ], [ 1.2337778, 51.9278524 ], [ 1.2341026, 51.9277826 ], [ 1.2342005, 51.9277764 ], [ 1.2342998, 51.9278171 ], [ 1.2344897, 51.9278826 ] ] } },
{ "type": "Feature", "properties": { "id": 34022, "nach": 0.38715854746398004 }, "geometry": { "type": "LineString", "coordinates": [ [ 1.231552, 51.9275218 ], [ 1.2314802, 51.9275385 ], [ 1.2314015, 51.927594 ] ] } },
{ "type": "Feature", "properties": { "id": 34021, "nach": 0.46234615536891971 }, "geometry": { "type": "LineString", "coordinates": [ [ 1.231552, 51.9275218 ], [ 1.231582, 51.9275247 ], [ 1.2316448, 51.9275356 ], [ 1.231733, 51.9275616 ], [ 1.2318321, 51.9275959 ], [ 1.2318916, 51.927628600000013 ], [ 1.2319446, 51.92765390000001 ], [ 1.2320174, 51.9276935 ], [ 1.2320924, 51.9277248 ], [ 1.2321575, 51.92774450000001 ], [ 1.2322268, 51.9277496 ], [ 1.2322861, 51.92772 ], [ 1.2323449, 51.9276711 ], [ 1.2324181, 51.9276594 ] ] } },
{ "type": "Feature", "properties": { "id": 34020, "nach": 0.38665105460983867 }, "geometry": { "type": "LineString", "coordinates": [ [ 1.231552, 51.9275218 ], [ 1.231549, 51.9273893 ] ] } },
{ "type": "Feature", "properties": { "id": 10454, "nach": 0.49876393893697651 }, "geometry": { "type": "LineString", "coordinates": [ [ 1.232985, 51.9279018 ], [ 1.2326419, 51.9277401 ], [ 1.2324748, 51.927663100000011 ], [ 1.2324181, 51.9276594 ] ] } },
{ "type": "Feature", "properties": { "id": 10456, "nach": 0.38947338382018082 }, "geometry": { "type": "LineString", "coordinates": [ [ 1.232548, 51.9273168 ], [ 1.2324898, 51.927503 ], [ 1.2324315, 51.9276049 ], [ 1.2324181, 51.9276594 ] ] } },
{ "type": "Feature", "properties": { "id": 34043, "nach": 0.5120497962462911 }, "geometry": { "type": "LineString", "coordinates": [ [ 1.2328619, 51.928024 ], [ 1.232985, 51.9279018 ] ] } },
{ "type": "Feature", "properties": { "id": 34054, "nach": 0.54832498976122235 }, "geometry": { "type": "LineString", "coordinates": [ [ 1.2332695, 51.9281386 ], [ 1.2331368, 51.9281126 ], [ 1.2330266, 51.9280894 ], [ 1.2329214, 51.928059 ], [ 1.2328619, 51.928024 ] ] } },
{ "type": "Feature", "properties": { "id": 10478, "nach": 0.49132576680849377 }, "geometry": { "type": "LineString", "coordinates": [ [ 1.2382857, 51.9280463 ], [ 1.2378048, 51.9279084 ], [ 1.2373256, 51.9277734 ] ] } },
{ "type": "Feature", "properties": { "id": 10470, "nach": 0.55162998693736487 }, "geometry": { "type": "LineString", "coordinates": [ [ 1.2371501, 51.9284026 ], [ 1.2371578, 51.9282878 ], [ 1.2371824, 51.9281633 ], [ 1.2372408, 51.9279723 ], [ 1.2373256, 51.9277734 ] ] } },
{ "type": "Feature", "properties": { "id": 10477, "nach": 0.45578607711660557 }, "geometry": { "type": "LineString", "coordinates": [ [ 1.2382857, 51.9280463 ], [ 1.2386127, 51.9281418 ], [ 1.2388148, 51.9282044 ], [ 1.2390292, 51.9282777 ], [ 1.2392891, 51.9283849 ], [ 1.2395501, 51.9285242 ] ] } },
{ "type": "Feature", "properties": { "id": 10476, "nach": 0.42050283264452137 }, "geometry": { "type": "LineString", "coordinates": [ [ 1.2382857, 51.9280463 ], [ 1.2387137, 51.9273892 ] ] } },
{ "type": "Feature", "properties": { "id": 10474, "nach": 0.49528349135282174 }, "geometry": { "type": "LineString", "coordinates": [ [ 1.2395501, 51.9285242 ], [ 1.2390643, 51.9288381 ], [ 1.2389544, 51.9289064 ], [ 1.2384762, 51.9287804 ], [ 1.2372518, 51.9284451 ], [ 1.2371501, 51.9284026 ] ] } },
{ "type": "Feature", "properties": { "id": 34191, "nach": 0.50758976795593025 }, "geometry": { "type": "LineString", "coordinates": [ [ 1.2399623, 51.9287701 ], [ 1.2397575, 51.9286334 ] ] } },
{ "type": "Feature", "properties": { "id": 10472, "nach": 0.52184615759851949 }, "geometry": { "type": "LineString", "coordinates": [ [ 1.2395501, 51.9285242 ], [ 1.2397575, 51.9286334 ] ] } },
{ "type": "Feature", "properties": { "id": 10482, "nach": 0.38424670551840612 }, "geometry": { "type": "LineString", "coordinates": [ [ 1.2419782, 51.928538199999984 ], [ 1.241669, 51.92847110000001 ], [ 1.2408165, 51.9282736 ], [ 1.240591, 51.9282276 ], [ 1.2404863, 51.9282303 ], [ 1.2404073, 51.9282625 ], [ 1.2401878, 51.928379 ], [ 1.2399623, 51.9285261 ], [ 1.2397575, 51.9286334 ] ] } },
{ "type": "Feature", "properties": { "id": 34193, "nach": 0.5022074076968791 }, "geometry": { "type": "LineString", "coordinates": [ [ 1.2399623, 51.9287701 ], [ 1.240234, 51.9289884 ], [ 1.2403725, 51.9290643 ], [ 1.2405649, 51.9291406 ], [ 1.2408011, 51.9292097 ], [ 1.2410503, 51.9292534 ], [ 1.2416311, 51.929323599999989 ] ] } },
{ "type": "Feature", "properties": { "id": 34194, "nach": 0.43111875140646333 }, "geometry": { "type": "LineString", "coordinates": [ [ 1.239563, 51.9289784 ], [ 1.2399623, 51.9287701 ] ] } },
{ "type": "Feature", "properties": { "id": 10480, "nach": 0.40879796744718888 }, "geometry": { "type": "LineString", "coordinates": [ [ 1.2419782, 51.928538199999984 ], [ 1.2427542, 51.9287127 ] ] } },
{ "type": "Feature", "properties": { "id": 10483, "nach": 0.43990323597947101 }, "geometry": { "type": "LineString", "coordinates": [ [ 1.2416311, 51.929323599999989 ], [ 1.2419782, 51.928538199999984 ] ] } },
{ "type": "Feature", "properties": { "id": 34344, "nach": 0.44356713610155329 }, "geometry": { "type": "LineString", "coordinates": [ [ 1.2435405, 51.929003700000017 ], [ 1.243406, 51.929269 ] ] } },
{ "type": "Feature", "properties": { "id": 34345, "nach": 0.52167075416407993 }, "geometry": { "type": "LineString", "coordinates": [ [ 1.2435405, 51.929003700000017 ], [ 1.2435514, 51.9289772 ] ] } },
{ "type": "Feature", "properties": { "id": 34346, "nach": 0.44261235079063671 }, "geometry": { "type": "LineString", "coordinates": [ [ 1.2435405, 51.929003700000017 ], [ 1.243141, 51.928934 ], [ 1.2431046, 51.928917900000016 ], [ 1.2430924, 51.9288853 ], [ 1.2431112, 51.9288101 ] ] } },
{ "type": "Feature", "properties": { "id": 34118, "nach": 0.3387644651285 }, "geometry": { "type": "LineString", "coordinates": [ [ 1.2376747, 51.9293285 ], [ 1.2384077, 51.9295158 ] ] } },
{ "type": "Feature", "properties": { "id": 34121, "nach": 0.40971196161558526 }, "geometry": { "type": "LineString", "coordinates": [ [ 1.2376061, 51.929436 ], [ 1.2376747, 51.9293285 ] ] } },
{ "type": "Feature", "properties": { "id": 10516, "nach": 0.46851534040810711 }, "geometry": { "type": "LineString", "coordinates": [ [ 1.2401541, 51.9298389 ], [ 1.2396955, 51.9297767 ], [ 1.239366, 51.9297283 ], [ 1.2390369, 51.9296606 ], [ 1.2384077, 51.9295158 ] ] } },
{ "type": "Feature", "properties": { "id": 10515, "nach": 0.4677918066704006 }, "geometry": { "type": "LineString", "coordinates": [ [ 1.2401541, 51.9298389 ], [ 1.2409056, 51.929937200000012 ], [ 1.2421752, 51.9301345 ] ] } },
{ "type": "Feature", "properties": { "id": 34011, "nach": 0.4344579081277774 }, "geometry": { "type": "LineString", "coordinates": [ [ 1.2423954, 51.9298826 ], [ 1.2424982, 51.929905 ], [ 1.2425216, 51.9299383 ], [ 1.242498, 51.9300053 ], [ 1.2424473, 51.9301167 ], [ 1.2424141, 51.9301599 ], [ 1.2421752, 51.9301345 ] ] } },
{ "type": "Feature", "properties": { "id": 34010, "nach": 0.44181519844688671 }, "geometry": { "type": "LineString", "coordinates": [ [ 1.2417083, 51.9310536 ], [ 1.2417595, 51.9309355 ], [ 1.2418454, 51.930718 ], [ 1.241955, 51.9304606 ], [ 1.2420533, 51.9302226 ] ] } },
{ "type": "Feature", "properties": { "id": 45953, "nach": 0.0 }, "geometry": { "type": "LineString", "coordinates": [ [ 1.2390148, 51.9313242 ], [ 1.2387626, 51.9314439 ], [ 1.2386774, 51.9316257 ], [ 1.2386028, 51.931868799999982 ], [ 1.2387129, 51.9318885 ], [ 1.2388798, 51.9318951 ], [ 1.239029, 51.9318513 ], [ 1.2391924, 51.9318513 ], [ 1.2393664, 51.9318775 ], [ 1.2395547, 51.9319038 ], [ 1.2397429, 51.931941 ], [ 1.2400306, 51.931987 ], [ 1.2401762, 51.931998 ], [ 1.2402721, 51.931917 ], [ 1.2403503, 51.9318096 ], [ 1.2404391, 51.9316541 ], [ 1.2404655, 51.9315451 ], [ 1.2391646, 51.9313741 ], [ 1.2391302, 51.931364200000012 ], [ 1.2390856, 51.9313492 ], [ 1.2390148, 51.9313242 ] ] } },
{ "type": "Feature", "properties": { "id": 34008, "nach": 0.40294006965031198 }, "geometry": { "type": "LineString", "coordinates": [ [ 1.2417083, 51.9310536 ], [ 1.242639, 51.9312194 ] ] } },
{ "type": "Feature", "properties": { "id": 34134, "nach": 0.60109968487899046 }, "geometry": { "type": "LineString", "coordinates": [ [ 1.2352976, 51.9294586 ], [ 1.2353269, 51.92932110000001 ], [ 1.235344, 51.92914170000001 ] ] } },
{ "type": "Feature", "properties": { "id": 34136, "nach": 0.59012039073711064 }, "geometry": { "type": "LineString", "coordinates": [ [ 1.2340838, 51.9291441 ], [ 1.2343313, 51.9291564 ], [ 1.2347106, 51.9291622 ], [ 1.2350584, 51.9291583 ], [ 1.235344, 51.92914170000001 ] ] } },
{ "type": "Feature", "properties": { "id": 34133, "nach": 0.58516415794370025 }, "geometry": { "type": "LineString", "coordinates": [ [ 1.2352976, 51.9294586 ], [ 1.2352788, 51.9295981 ], [ 1.2352921, 51.9297622 ] ] } },
{ "type": "Feature", "properties": { "id": 34132, "nach": 0.49790806591682946 }, "geometry": { "type": "LineString", "coordinates": [ [ 1.2352976, 51.9294586 ], [ 1.2351151, 51.9294548 ] ] } },
{ "type": "Feature", "properties": { "id": 34140, "nach": 0.59897845560812757 }, "geometry": { "type": "LineString", "coordinates": [ [ 1.2338688, 51.92988110000001 ], [ 1.2339212, 51.9297366 ], [ 1.2340076, 51.9294545 ], [ 1.2340838, 51.9291441 ] ] } },
{ "type": "Feature", "properties": { "id": 20064, "nach": 0.41727633130516339 }, "geometry": { "type": "LineString", "coordinates": [ [ 1.2349103, 51.9297718 ], [ 1.2352921, 51.9297622 ] ] } },
{ "type": "Feature", "properties": { "id": 10553, "nach": 0.57679279837481146 }, "geometry": { "type": "LineString", "coordinates": [ [ 1.2352099, 51.9303911 ], [ 1.2352742, 51.9303443 ], [ 1.2353318, 51.9302785 ], [ 1.2353669, 51.9302141 ], [ 1.2353628, 51.9301115 ], [ 1.2353224, 51.9299256 ], [ 1.2352921, 51.9297622 ] ] } },
{ "type": "Feature", "properties": { "id": 34282, "nach": 0.51415057088215721 }, "geometry": { "type": "LineString", "coordinates": [ [ 1.2341968, 51.9304338 ], [ 1.2344447, 51.9304694 ], [ 1.2347052, 51.930470800000016 ], [ 1.2349703, 51.9304551 ], [ 1.2350888, 51.9304297 ], [ 1.2352099, 51.9303911 ] ] } },
{ "type": "Feature", "properties": { "id": 34201, "nach": 0.57563444909383921 }, "geometry": { "type": "LineString", "coordinates": [ [ 1.2353138, 51.9309497 ], [ 1.235333, 51.9307861 ], [ 1.2353576, 51.9305627 ], [ 1.2353342, 51.9304876 ], [ 1.2353074, 51.9304528 ], [ 1.2352099, 51.9303911 ] ] } },
{ "type": "Feature", "properties": { "id": 34275, "nach": 0.53146047883696623 }, "geometry": { "type": "LineString", "coordinates": [ [ 1.2325132, 51.9303458 ], [ 1.2320277, 51.9303287 ] ] } },
{ "type": "Feature", "properties": { "id": 10536, "nach": 0.38985543880286455 }, "geometry": { "type": "LineString", "coordinates": [ [ 1.232059, 51.9299407 ], [ 1.2320277, 51.9303287 ] ] } },
{ "type": "Feature", "properties": { "id": 34285, "nach": 0.49967220211045665 }, "geometry": { "type": "LineString", "coordinates": [ [ 1.2320106, 51.9305681 ], [ 1.2320277, 51.9303287 ] ] } },
{ "type": "Feature", "properties": { "id": 34124, "nach": 0.39132849821345678 }, "geometry": { "type": "LineString", "coordinates": [ [ 1.2315278, 51.9303124 ], [ 1.2320277, 51.9303287 ] ] } },
{ "type": "Feature", "properties": { "id": 34276, "nach": 0.53956837467585861 }, "geometry": { "type": "LineString", "coordinates": [ [ 1.2325132, 51.9303458 ], [ 1.2328849, 51.9303589 ] ] } },
{ "type": "Feature", "properties": { "id": 34277, "nach": 0.0 }, "geometry": { "type": "LineString", "coordinates": [ [ 1.2325132, 51.9303458 ], [ 1.232533, 51.9301746 ], [ 1.2325518, 51.9299853 ], [ 1.2325591, 51.9298397 ], [ 1.2328358, 51.9298519 ], [ 1.2335714, 51.929882 ] ] } },
{ "type": "Feature", "properties": { "id": 34287, "nach": 0.38902485748404009 }, "geometry": { "type": "LineString", "coordinates": [ [ 1.2320106, 51.9305681 ], [ 1.231700299999989, 51.9305599 ] ] } },
{ "type": "Feature", "properties": { "id": 34289, "nach": 0.46485148307575846 }, "geometry": { "type": "LineString", "coordinates": [ [ 1.2320056, 51.93063870000001 ], [ 1.2320106, 51.9305681 ] ] } },
{ "type": "Feature", "properties": { "id": 34290, "nach": 0.39017796624911105 }, "geometry": { "type": "LineString", "coordinates": [ [ 1.2320056, 51.93063870000001 ], [ 1.2320039, 51.9306629 ] ] } },
{ "type": "Feature", "properties": { "id": 34292, "nach": 0.38819607437795861 }, "geometry": { "type": "LineString", "coordinates": [ [ 1.2322521, 51.930647 ], [ 1.2320056, 51.93063870000001 ] ] } },
{ "type": "Feature", "properties": { "id": 10541, "nach": 0.55564025969733788 }, "geometry": { "type": "LineString", "coordinates": [ [ 1.2333388, 51.9303759 ], [ 1.2331764, 51.9303688 ], [ 1.2328849, 51.9303589 ] ] } },
{ "type": "Feature", "properties": { "id": 34296, "nach": 0.43544565509384103 }, "geometry": { "type": "LineString", "coordinates": [ [ 1.2329115, 51.93063690000001 ], [ 1.2328738, 51.9306016 ], [ 1.2328636, 51.930522 ], [ 1.2328849, 51.9303589 ] ] } },
{ "type": "Feature", "properties": { "id": 34272, "nach": 0.55305401873544502 }, "geometry": { "type": "LineString", "coordinates": [ [ 1.2333532, 51.9301361 ], [ 1.2333388, 51.9303759 ] ] } },
{ "type": "Feature", "properties": { "id": 34279, "nach": 0.4624822951568387 }, "geometry": { "type": "LineString", "coordinates": [ [ 1.2338812, 51.9303936 ], [ 1.2337319, 51.9303863 ], [ 1.2333388, 51.9303759 ] ] } },
{ "type": "Feature", "properties": { "id": 34297, "nach": 0.3567051657244662 }, "geometry": { "type": "LineString", "coordinates": [ [ 1.2329115, 51.93063690000001 ], [ 1.2329416, 51.9306652 ], [ 1.2330656, 51.9306921 ], [ 1.2333838, 51.9307098 ], [ 1.2337067, 51.9307152 ] ] } },
{ "type": "Feature", "properties": { "id": 34299, "nach": 0.39291059560470087 }, "geometry": { "type": "LineString", "coordinates": [ [ 1.2326146, 51.9306676 ], [ 1.2327852, 51.9306667 ], [ 1.2329115, 51.93063690000001 ] ] } },
{ "type": "Feature", "properties": { "id": 34273, "nach": 0.56122417567020344 }, "geometry": { "type": "LineString", "coordinates": [ [ 1.2333532, 51.9301361 ], [ 1.233354, 51.9301238 ] ] } },
{ "type": "Feature", "properties": { "id": 34274, "nach": 0.40075698839807905 }, "geometry": { "type": "LineString", "coordinates": [ [ 1.2333532, 51.9301361 ], [ 1.2331229, 51.9301318 ] ] } },
{ "type": "Feature", "properties": { "id": 34278, "nach": 0.45199100727717378 }, "geometry": { "type": "LineString", "coordinates": [ [ 1.2338812, 51.9303936 ], [ 1.2339012, 51.9301329 ] ] } },
{ "type": "Feature", "properties": { "id": 34281, "nach": 0.50534431988935324 }, "geometry": { "type": "LineString", "coordinates": [ [ 1.2341968, 51.9304338 ], [ 1.2341679, 51.930429699999983 ], [ 1.2339475, 51.9303968 ], [ 1.2338812, 51.9303936 ] ] } },
{ "type": "Feature", "properties": { "id": 10550, "nach": 0.42162359864902166 }, "geometry": { "type": "LineString", "coordinates": [ [ 1.2380045, 51.9316338 ], [ 1.2379842, 51.9317257 ], [ 1.2379537, 51.9317839 ], [ 1.2378427, 51.9319012 ] ] } },
{ "type": "Feature", "properties": { "id": 34209, "nach": 0.0 }, "geometry": { "type": "LineString", "coordinates": [ [ 1.2356605, 51.9311627 ], [ 1.2356583, 51.9312166 ], [ 1.2356638, 51.9312516 ], [ 1.2356888, 51.9312936 ], [ 1.2356902, 51.9313526 ], [ 1.235668, 51.9313834 ], [ 1.2356458, 51.93141 ], [ 1.2356458, 51.9314365 ], [ 1.2356652, 51.9314673 ], [ 1.2357179, 51.93152030000001 ], [ 1.2357707, 51.9315546 ], [ 1.2358595, 51.9315734 ], [ 1.2359691, 51.9315999 ], [ 1.2360829, 51.931617900000013 ], [ 1.2362411, 51.931659 ], [ 1.2363286, 51.9316881 ], [ 1.2364174, 51.9317223 ], [ 1.2365215, 51.9317813 ], [ 1.236602, 51.9318019 ], [ 1.2367657, 51.9318344 ], [ 1.2368962, 51.9318669 ], [ 1.2370058, 51.9319028 ], [ 1.2370696, 51.9319422 ], [ 1.2371168, 51.9319807 ], [ 1.2371585, 51.9320355 ], [ 1.2371973, 51.9320997 ], [ 1.2372612, 51.93215270000001 ], [ 1.2373763, 51.9322032 ], [ 1.2374915, 51.9322408 ], [ 1.2376164, 51.932263900000017 ], [ 1.2377025, 51.9322648 ], [ 1.2377497, 51.9322477 ], [ 1.2377885, 51.9322203 ], [ 1.2377516, 51.9321976 ], [ 1.2378343, 51.9321365 ], [ 1.2378607, 51.9321048 ], [ 1.2378664, 51.9320628 ], [ 1.2378427, 51.9319012 ] ] } },
{ "type": "Feature", "properties": { "id": 34215, "nach": 0.37357949067313206 }, "geometry": { "type": "LineString", "coordinates": [ [ 1.2375609, 51.9319918 ], [ 1.2376178, 51.931925100000015 ], [ 1.2376844, 51.931896 ], [ 1.2378427, 51.9319012 ] ] } },
{ "type": "Feature", "properties": { "id": 10549, "nach": 0.44485427480225359 }, "geometry": { "type": "LineString", "coordinates": [ [ 1.2380045, 51.9316338 ], [ 1.2381396, 51.9315674 ], [ 1.2382436, 51.9315001 ], [ 1.2383353, 51.9313492 ], [ 1.2384128, 51.931210299999989 ], [ 1.2384482, 51.931145200000017 ] ] } },
{ "type": "Feature", "properties": { "id": 34242, "nach": 0.49350854741154943 }, "geometry": { "type": "LineString", "coordinates": [ [ 1.237129, 51.931402399999989 ], [ 1.237343, 51.9314262 ], [ 1.2374874, 51.931451900000013 ], [ 1.237615, 51.931490199999978 ], [ 1.2378831, 51.9316 ], [ 1.2380045, 51.9316338 ] ] } },
{ "type": "Feature", "properties": { "id": 34207, "nach": 0.54150141669371654 }, "geometry": { "type": "LineString", "coordinates": [ [ 1.2356605, 51.9311627 ], [ 1.2355924, 51.9311582 ], [ 1.2355109, 51.9311508 ], [ 1.2354447, 51.9311281 ] ] } },
{ "type": "Feature", "properties": { "id": 34211, "nach": 0.53314217411119091 }, "geometry": { "type": "LineString", "coordinates": [ [ 1.2364618, 51.931226 ], [ 1.23629, 51.93118650000001 ], [ 1.236026, 51.9311678 ], [ 1.2358498, 51.9311661 ], [ 1.2356605, 51.9311627 ] ] } },
{ "type": "Feature", "properties": { "id": 34203, "nach": 0.36915000776623746 }, "geometry": { "type": "LineString", "coordinates": [ [ 1.2381202, 51.9310779 ], [ 1.2384482, 51.931145200000017 ] ] } },
{ "type": "Feature", "properties": { "id": 34210, "nach": 0.36915000776623746 }, "geometry": { "type": "LineString", "coordinates": [ [ 1.2387253, 51.9311994 ], [ 1.2384482, 51.931145200000017 ] ] } },
{ "type": "Feature", "properties": { "id": 34241, "nach": 0.51540281598493609 }, "geometry": { "type": "LineString", "coordinates": [ [ 1.237129, 51.931402399999989 ], [ 1.237059, 51.9313946 ], [ 1.2369017, 51.9313706 ], [ 1.2367082, 51.9313191 ], [ 1.2364618, 51.931226 ] ] } },
{ "type": "Feature", "properties": { "id": 34245, "nach": 0.38143559078980471 }, "geometry": { "type": "LineString", "coordinates": [ [ 1.2369063, 51.9317834 ], [ 1.2369973, 51.931707 ], [ 1.2369959, 51.9316611 ], [ 1.2370524, 51.9316245 ], [ 1.237091, 51.9315489 ], [ 1.2371089, 51.931497100000016 ], [ 1.237129, 51.931402399999989 ] ] } },
{ "type": "Feature", "properties": { "id": 34295, "nach": 0.44679816819983381 }, "geometry": { "type": "LineString", "coordinates": [ [ 1.2337067, 51.9307152 ], [ 1.2338862, 51.9307192 ], [ 1.234031, 51.9307246 ], [ 1.2341702, 51.9307238 ], [ 1.2341968, 51.9304338 ] ] } },
{ "type": "Feature", "properties": { "id": 34300, "nach": 0.48625986964443324 }, "geometry": { "type": "LineString", "coordinates": [ [ 1.2351306, 51.9309566 ], [ 1.2353138, 51.9309497 ] ] } },
{ "type": "Feature", "properties": { "id": 34204, "nach": 0.54811206711062588 }, "geometry": { "type": "LineString", "coordinates": [ [ 1.2354447, 51.9311281 ], [ 1.2353674, 51.9310703 ], [ 1.2353244, 51.931012200000012 ], [ 1.2353138, 51.9309497 ] ] } },
{ "type": "Feature", "properties": { "id": 10557, "nach": 0.33458771503065288 }, "geometry": { "type": "LineString", "coordinates": [ [ 1.228337, 51.9318047 ], [ 1.2282194, 51.9318022 ], [ 1.227693, 51.931649400000019 ] ] } },
{ "type": "Feature", "properties": { "id": 10560, "nach": 0.40251764540194546 }, "geometry": { "type": "LineString", "coordinates": [ [ 1.2288709, 51.9309453 ], [ 1.2288879, 51.9310734 ], [ 1.228885, 51.9311995 ], [ 1.2288589, 51.9313502 ], [ 1.228798, 51.931438199999988 ], [ 1.2287093, 51.931498 ], [ 1.2285848, 51.931584 ], [ 1.2284674, 51.931715400000016 ], [ 1.228337, 51.9318047 ] ] } },
{ "type": "Feature", "properties": { "id": 34127, "nach": 0.27337700661519498 }, "geometry": { "type": "LineString", "coordinates": [ [ 1.2306062, 51.9339468 ], [ 1.230457, 51.9338534 ], [ 1.2303105, 51.9337282 ], [ 1.2301278, 51.9335726 ], [ 1.2300451, 51.9334939 ], [ 1.2297754, 51.93324 ], [ 1.2293534, 51.932868 ], [ 1.2290213, 51.932581 ], [ 1.2287313, 51.9323342 ], [ 1.2284906, 51.932125 ], [ 1.2283926, 51.9320374 ], [ 1.2283397, 51.9319649 ], [ 1.2283136, 51.9318871 ], [ 1.228337, 51.9318047 ] ] } },
{ "type": "Feature", "properties": { "id": 10564, "nach": 0.45441831453727705 }, "geometry": { "type": "LineString", "coordinates": [ [ 1.2292525, 51.9306124 ], [ 1.2290735, 51.9307774 ], [ 1.2289488, 51.9308901 ], [ 1.2288709, 51.9309453 ] ] } },
{ "type": "Feature", "properties": { "id": 34225, "nach": 0.41718201832470703 }, "geometry": { "type": "LineString", "coordinates": [ [ 1.2275567, 51.9306056 ], [ 1.2275611, 51.93061 ], [ 1.2279405, 51.9307437 ], [ 1.2284399, 51.9309296 ], [ 1.2286312, 51.93095 ], [ 1.2288709, 51.9309453 ] ] } },
{ "type": "Feature", "properties": { "id": 34126, "nach": 0.0 }, "geometry": { "type": "LineString", "coordinates": [ [ 1.2306062, 51.9339468 ], [ 1.2306455, 51.9339714 ], [ 1.2307281, 51.9340559 ], [ 1.2307969, 51.9341094 ], [ 1.230922, 51.934133 ], [ 1.2310449, 51.9341349 ], [ 1.2311032, 51.934116 ], [ 1.2311233, 51.9340474 ], [ 1.2311223, 51.9339742 ], [ 1.2310915, 51.9339174 ], [ 1.2310195, 51.9339063 ], [ 1.2308266, 51.933920599999986 ], [ 1.2306062, 51.9339468 ] ] } },
{ "type": "Feature", "properties": { "id": 10568, "nach": 0.38618567680790561 }, "geometry": { "type": "LineString", "coordinates": [ [ 1.2296141, 51.9306871 ], [ 1.2292525, 51.9306124 ] ] } },
{ "type": "Feature", "properties": { "id": 10567, "nach": 0.48661947338065747 }, "geometry": { "type": "LineString", "coordinates": [ [ 1.2299536, 51.9289668 ], [ 1.2298092, 51.929304 ], [ 1.229771, 51.92954610000001 ], [ 1.2297232, 51.9297834 ], [ 1.2296405, 51.9299217 ], [ 1.2295894, 51.9300467 ], [ 1.2292525, 51.9306124 ] ] } },
{ "type": "Feature", "properties": { "id": 34226, "nach": 0.39212824912906991 }, "geometry": { "type": "LineString", "coordinates": [ [ 1.2275567, 51.9306056 ], [ 1.2274566, 51.9305062 ], [ 1.2274491, 51.9304909 ] ] } },
{ "type": "Feature", "properties": { "id": 34231, "nach": 0.35650882805176337 }, "geometry": { "type": "LineString", "coordinates": [ [ 1.2272377, 51.930739300000013 ], [ 1.2273349, 51.930687300000017 ], [ 1.227435, 51.930628 ], [ 1.2274978, 51.9306117 ], [ 1.2275567, 51.9306056 ] ] } },
{ "type": "Feature", "properties": { "id": 34198, "nach": 0.56789494614110803 }, "geometry": { "type": "LineString", "coordinates": [ [ 1.2309516, 51.929036699999969 ], [ 1.2307128, 51.929033 ], [ 1.2302883, 51.9290039 ], [ 1.2299536, 51.9289668 ] ] } },
{ "type": "Feature", "properties": { "id": 54437, "nach": 0.54289222906406431 }, "geometry": { "type": "LineString", "coordinates": [ [ 1.2294786, 51.92892 ], [ 1.2295384, 51.9289273 ], [ 1.2299536, 51.9289668 ] ] } },
{ "type": "Feature", "properties": { "id": 34196, "nach": 0.40868639583660282 }, "geometry": { "type": "LineString", "coordinates": [ [ 1.2309516, 51.929036699999969 ], [ 1.2310177, 51.9289191 ] ] } },
{ "type": "Feature", "properties": { "id": 54436, "nach": 0.53325015496392747 }, "geometry": { "type": "LineString", "coordinates": [ [ 1.2294786, 51.92892 ], [ 1.2286324, 51.9288163 ] ] } },
{ "type": "Feature", "properties": { "id": 54439, "nach": 0.39508967940085277 }, "geometry": { "type": "LineString", "coordinates": [ [ 1.2302216, 51.9278334 ], [ 1.2301229, 51.9279551 ], [ 1.2300456, 51.9280967 ], [ 1.2300006, 51.9282052 ], [ 1.2298997, 51.9283044 ], [ 1.229801, 51.928382500000012 ], [ 1.2297066, 51.9284791 ], [ 1.2296186, 51.9286035 ], [ 1.2295306, 51.9287596 ], [ 1.2294786, 51.92892 ] ] } },
{ "type": "Feature", "properties": { "id": 34172, "nach": 0.52497804056462283 }, "geometry": { "type": "LineString", "coordinates": [ [ 1.2286324, 51.9288163 ], [ 1.2282431, 51.9287686 ], [ 1.2279563, 51.9287286 ] ] } },
{ "type": "Feature", "properties": { "id": 10574, "nach": 0.49821211842033197 }, "geometry": { "type": "LineString", "coordinates": [ [ 1.2273162, 51.9301147 ], [ 1.2273374, 51.9298873 ], [ 1.2276322, 51.9295276 ], [ 1.2278079, 51.9292065 ], [ 1.2278886, 51.9289634 ], [ 1.2279563, 51.9287286 ] ] } },
{ "type": "Feature", "properties": { "id": 34173, "nach": 0.40365976495694306 }, "geometry": { "type": "LineString", "coordinates": [ [ 1.2286324, 51.9288163 ], [ 1.2288085, 51.9285518 ], [ 1.2288308, 51.9284956 ], [ 1.2287979, 51.9284374 ], [ 1.2287068, 51.92837080000001 ], [ 1.2285817, 51.9283211 ], [ 1.2285711, 51.9282767 ], [ 1.2287047, 51.9281074 ] ] } },
{ "type": "Feature", "properties": { "id": 34216, "nach": 0.40147433673942889 }, "geometry": { "type": "LineString", "coordinates": [ [ 1.2266753, 51.9303761 ], [ 1.2267209, 51.93032920000001 ], [ 1.2268917, 51.9301452 ], [ 1.2270102, 51.9301187 ], [ 1.2273162, 51.9301147 ] ] } },
{ "type": "Feature", "properties": { "id": 34220, "nach": 0.46358321464517033 }, "geometry": { "type": "LineString", "coordinates": [ [ 1.2274491, 51.9304909 ], [ 1.2273249, 51.9302393 ], [ 1.2273162, 51.9301147 ] ] } },
{ "type": "Feature", "properties": { "id": 34237, "nach": 0.36089674101697305 }, "geometry": { "type": "LineString", "coordinates": [ [ 1.2266286, 51.9307661 ], [ 1.2265901, 51.9307048 ], [ 1.2265351, 51.9306734 ], [ 1.2264478, 51.9306502 ], [ 1.2265536, 51.9305012 ], [ 1.2266753, 51.9303761 ] ] } },
{ "type": "Feature", "properties": { "id": 34224, "nach": 0.23477873629146734 }, "geometry": { "type": "LineString", "coordinates": [ [ 1.2269659, 51.9305439 ], [ 1.2268904, 51.9304519 ], [ 1.2266753, 51.9303761 ] ] } },
{ "type": "Feature", "properties": { "id": 34223, "nach": 0.44773758171159306 }, "geometry": { "type": "LineString", "coordinates": [ [ 1.2269659, 51.9305439 ], [ 1.2270533, 51.930550500000017 ], [ 1.2273054, 51.930511800000012 ], [ 1.2274491, 51.9304909 ] ] } },
{ "type": "Feature", "properties": { "id": 19718, "nach": 0.43994471738796953 }, "geometry": { "type": "LineString", "coordinates": [ [ 1.2457943, 51.930140200000011 ], [ 1.245941, 51.9300442 ], [ 1.2461844, 51.9300936 ], [ 1.2463527, 51.9300818 ] ] } },
{ "type": "Feature", "properties": { "id": 34247, "nach": 0.42152515937977647 }, "geometry": { "type": "LineString", "coordinates": [ [ 1.2436051, 51.9335202 ], [ 1.2436655, 51.9334176 ], [ 1.2439186, 51.9329658 ], [ 1.2441805, 51.932543100000011 ], [ 1.2444365, 51.9321629 ], [ 1.2445395, 51.9320323 ], [ 1.2446307, 51.9319724 ], [ 1.2447602, 51.931951500000011 ], [ 1.2448897, 51.9319162 ], [ 1.2450761, 51.9318373 ], [ 1.2452915, 51.9317116 ], [ 1.2456671, 51.9315804 ], [ 1.2459355, 51.9313683 ], [ 1.2462197, 51.9310372 ] ] } },
{ "type": "Feature", "properties": { "id": 54208, "nach": 0.61107245311606162 }, "geometry": { "type": "LineString", "coordinates": [ [ 1.2454923, 51.9272562 ], [ 1.2457558, 51.9273272 ] ] } },
{ "type": "Feature", "properties": { "id": 55001, "nach": 0.54063983159650564 }, "geometry": { "type": "LineString", "coordinates": [ [ 1.2473734, 51.9249574 ], [ 1.2472928, 51.9250214 ], [ 1.2471238, 51.9251752 ], [ 1.2468824, 51.925511 ], [ 1.2465525, 51.92602870000001 ], [ 1.2461582, 51.926673800000017 ], [ 1.2459356, 51.9270575 ], [ 1.2457558, 51.9273272 ] ] } },
{ "type": "Feature", "properties": { "id": 25750, "nach": 0.0 }, "geometry": { "type": "LineString", "coordinates": [ [ 1.243807855772179, 51.934042814215921 ], [ 1.2305542, 51.935500600000012 ] ] } },
{ "type": "Feature", "properties": { "id": 43770, "nach": 0.44399604241126139 }, "geometry": { "type": "LineString", "coordinates": [ [ 1.2247851, 51.9257115 ], [ 1.2246669, 51.9258169 ], [ 1.2246349, 51.9258432 ], [ 1.2246162, 51.9258592 ] ] } },
{ "type": "Feature", "properties": { "id": 43771, "nach": 0.36799951262234515 }, "geometry": { "type": "LineString", "coordinates": [ [ 1.2249406, 51.9255734 ], [ 1.2247851, 51.9257115 ] ] } },
{ "type": "Feature", "properties": { "id": 43772, "nach": 0.36584507448895115 }, "geometry": { "type": "LineString", "coordinates": [ [ 1.2243927, 51.925575200000011 ], [ 1.2247851, 51.9257115 ] ] } },
{ "type": "Feature", "properties": { "id": 34249, "nach": 0.13573880737489524 }, "geometry": { "type": "LineString", "coordinates": [ [ 1.235411, 51.9355142 ], [ 1.2354992, 51.9355024 ], [ 1.2363423, 51.93536 ], [ 1.2377887, 51.935066 ], [ 1.2388467, 51.934842 ], [ 1.2399973, 51.9345934 ], [ 1.2408934, 51.9343956 ], [ 1.2417718, 51.934209599999988 ], [ 1.2427841, 51.9339992 ], [ 1.2433035, 51.9338939 ], [ 1.243408, 51.933844 ], [ 1.2434786, 51.9337542 ], [ 1.2435492, 51.9336009 ], [ 1.2436051, 51.9335202 ] ] } },
{ "type": "Feature", "properties": { "id": 54175, "nach": 0.60408321947820287 }, "geometry": { "type": "LineString", "coordinates": [ [ 1.2458244, 51.9284673 ], [ 1.2459384, 51.9284943 ], [ 1.2463849, 51.9286063 ], [ 1.2465888, 51.9286546 ] ] } },
{ "type": "Feature", "properties": { "id": 54174, "nach": 0.46330598232654446 }, "geometry": { "type": "LineString", "coordinates": [ [ 1.2458244, 51.9284673 ], [ 1.245784, 51.9285242 ] ] } },
{ "type": "Feature", "properties": { "id": 54178, "nach": 0.45295227374655533 }, "geometry": { "type": "LineString", "coordinates": [ [ 1.2446975, 51.927741 ], [ 1.2445222, 51.9277715 ] ] } },
{ "type": "Feature", "properties": { "id": 54211, "nach": 0.45150504243998674 }, "geometry": { "type": "LineString", "coordinates": [ [ 1.2451303, 51.92766790000001 ], [ 1.2448797, 51.9277093 ], [ 1.2446975, 51.927741 ] ] } },
{ "type": "Feature", "properties": { "id": 54183, "nach": 0.57300236497525059 }, "geometry": { "type": "LineString", "coordinates": [ [ 1.2448496, 51.9271124 ], [ 1.2447859, 51.9272804 ], [ 1.2446461, 51.927478 ], [ 1.2446178, 51.92755 ], [ 1.244632, 51.9275947 ], [ 1.2446975, 51.927741 ] ] } },
{ "type": "Feature", "properties": { "id": 33711, "nach": 0.45417714220780414 }, "geometry": { "type": "LineString", "coordinates": [ [ 1.2460239, 51.927345 ], [ 1.2460713, 51.9273223 ], [ 1.246105, 51.9272647 ] ] } },
{ "type": "Feature", "properties": { "id": 33712, "nach": 0.45476595616471982 }, "geometry": { "type": "LineString", "coordinates": [ [ 1.2460851, 51.9274007 ], [ 1.2460239, 51.927345 ] ] } },
{ "type": "Feature", "properties": { "id": 33726, "nach": 0.45371632907618853 }, "geometry": { "type": "LineString", "coordinates": [ [ 1.244543, 51.9280884 ], [ 1.2446186, 51.9280557 ], [ 1.2446951, 51.9280128 ] ] } },
{ "type": "Feature", "properties": { "id": 33728, "nach": 0.45371632907618853 }, "geometry": { "type": "LineString", "coordinates": [ [ 1.2443802, 51.9281501 ], [ 1.2444557, 51.928115599999984 ], [ 1.244543, 51.9280884 ] ] } },
{ "type": "Feature", "properties": { "id": 34027, "nach": 0.39978305922156598 }, "geometry": { "type": "LineString", "coordinates": [ [ 1.2349537, 51.9276 ], [ 1.2350733, 51.9274309 ] ] } },
{ "type": "Feature", "properties": { "id": 34072, "nach": 0.44718892291040546 }, "geometry": { "type": "LineString", "coordinates": [ [ 1.2339432, 51.9282977 ], [ 1.2340163, 51.9282347 ], [ 1.2340555, 51.9281953 ], [ 1.2340968, 51.928142100000017 ], [ 1.2341367, 51.928114 ], [ 1.2342367, 51.9280697 ], [ 1.234281, 51.9280451 ], [ 1.2343013, 51.9280268 ], [ 1.2343295, 51.9279776 ], [ 1.2343644, 51.9279463 ], [ 1.2344897, 51.9278826 ] ] } },
{ "type": "Feature", "properties": { "id": 34051, "nach": 0.40964544990473667 }, "geometry": { "type": "LineString", "coordinates": [ [ 1.2334645, 51.928071 ], [ 1.2333978, 51.9280599 ] ] } },
{ "type": "Feature", "properties": { "id": 34063, "nach": 0.51112043181607059 }, "geometry": { "type": "LineString", "coordinates": [ [ 1.2334014, 51.9281784 ], [ 1.2333956, 51.928117499999985 ], [ 1.2333978, 51.9280599 ] ] } },
{ "type": "Feature", "properties": { "id": 34056, "nach": 0.26646068592450545 }, "geometry": { "type": "LineString", "coordinates": [ [ 1.2332695, 51.9281386 ], [ 1.2333289, 51.9281144 ], [ 1.2333717, 51.9280871 ], [ 1.2333978, 51.9280599 ] ] } },
{ "type": "Feature", "properties": { "id": 34077, "nach": 0.3776379052932532 }, "geometry": { "type": "LineString", "coordinates": [ [ 1.2339801, 51.9283214 ], [ 1.2339432, 51.9282977 ] ] } },
{ "type": "Feature", "properties": { "id": 34061, "nach": 0.5555538950959511 }, "geometry": { "type": "LineString", "coordinates": [ [ 1.2334014, 51.9281784 ], [ 1.2333543, 51.9281618 ], [ 1.2332695, 51.9281386 ] ] } },
{ "type": "Feature", "properties": { "id": 34059, "nach": 0.0 }, "geometry": { "type": "LineString", "coordinates": [ [ 1.2334594, 51.9281609 ], [ 1.2334776, 51.9281801 ], [ 1.2335095, 51.928187700000016 ], [ 1.2335436, 51.9281837 ], [ 1.2335747, 51.9281649 ], [ 1.2335907, 51.928134500000013 ], [ 1.2335979, 51.928111700000017 ], [ 1.2335965, 51.9280858 ], [ 1.2335798, 51.9280585 ], [ 1.2335472, 51.928046 ], [ 1.2335022, 51.9280487 ], [ 1.2334645, 51.928071 ] ] } },
{ "type": "Feature", "properties": { "id": 34060, "nach": 0.41182713415675493 }, "geometry": { "type": "LineString", "coordinates": [ [ 1.2334014, 51.9281784 ], [ 1.2334594, 51.9281609 ] ] } },
{ "type": "Feature", "properties": { "id": 34090, "nach": 0.37270906112706126 }, "geometry": { "type": "LineString", "coordinates": [ [ 1.2343955, 51.928411300000015 ], [ 1.2343963, 51.9283666 ], [ 1.2343644, 51.92833980000001 ], [ 1.234281, 51.928288800000011 ], [ 1.2341882, 51.928259700000012 ], [ 1.2341127, 51.9282468 ], [ 1.2340685, 51.9282472 ], [ 1.2339801, 51.9283214 ] ] } },
{ "type": "Feature", "properties": { "id": 34101, "nach": 0.41784149610771876 }, "geometry": { "type": "LineString", "coordinates": [ [ 1.2360178, 51.928645 ], [ 1.2361735, 51.9285963 ] ] } },
{ "type": "Feature", "properties": { "id": 34093, "nach": 0.41180137170308539 }, "geometry": { "type": "LineString", "coordinates": [ [ 1.2336844, 51.928437700000011 ], [ 1.2334696, 51.9284095 ], [ 1.2332296, 51.9283863 ], [ 1.2331288, 51.928401 ] ] } },
{ "type": "Feature", "properties": { "id": 34130, "nach": 0.42123199981639681 }, "geometry": { "type": "LineString", "coordinates": [ [ 1.2351151, 51.9294548 ], [ 1.2351585, 51.929313 ] ] } },
{ "type": "Feature", "properties": { "id": 34135, "nach": 0.42155175744911477 }, "geometry": { "type": "LineString", "coordinates": [ [ 1.2350949, 51.9295718 ], [ 1.2351151, 51.9294548 ] ] } },
{ "type": "Feature", "properties": { "id": 34250, "nach": 0.59273231075525423 }, "geometry": { "type": "LineString", "coordinates": [ [ 1.2335714, 51.929882 ], [ 1.2338688, 51.92988110000001 ] ] } },
{ "type": "Feature", "properties": { "id": 34253, "nach": 0.41323493009031526 }, "geometry": { "type": "LineString", "coordinates": [ [ 1.2341957, 51.9298929 ], [ 1.2339454, 51.9298879 ], [ 1.2338688, 51.92988110000001 ] ] } },
{ "type": "Feature", "properties": { "id": 34255, "nach": 0.58932508042243303 }, "geometry": { "type": "LineString", "coordinates": [ [ 1.2335593, 51.9299973 ], [ 1.2335662, 51.9299301 ], [ 1.2335714, 51.929882 ] ] } },
{ "type": "Feature", "properties": { "id": 34145, "nach": 0.35234619637422721 }, "geometry": { "type": "LineString", "coordinates": [ [ 1.2282774, 51.9245288 ], [ 1.2280136, 51.924419 ], [ 1.2278525, 51.9243263 ], [ 1.2277206, 51.924446 ] ] } },
{ "type": "Feature", "properties": { "id": 44953, "nach": 0.36148473159281808 }, "geometry": { "type": "LineString", "coordinates": [ [ 1.2281846, 51.9246263 ], [ 1.2282774, 51.9245288 ] ] } },
{ "type": "Feature", "properties": { "id": 34386, "nach": 0.56395843765413922 }, "geometry": { "type": "LineString", "coordinates": [ [ 1.2316219, 51.925284 ], [ 1.2316162, 51.9252624 ], [ 1.2314321, 51.925104600000012 ], [ 1.2314048, 51.9250667 ] ] } },
{ "type": "Feature", "properties": { "id": 34384, "nach": 0.4501926752948584 }, "geometry": { "type": "LineString", "coordinates": [ [ 1.2310609, 51.9251431 ], [ 1.2310897, 51.9251348 ], [ 1.2314048, 51.9250667 ] ] } },
{ "type": "Feature", "properties": { "id": 34347, "nach": 0.38139994263099153 }, "geometry": { "type": "LineString", "coordinates": [ [ 1.2323613, 51.9257719 ], [ 1.2327053, 51.9258959 ] ] } },
{ "type": "Feature", "properties": { "id": 34348, "nach": 0.44473450375061263 }, "geometry": { "type": "LineString", "coordinates": [ [ 1.2324401, 51.926201200000015 ], [ 1.2326003, 51.92597150000001 ], [ 1.2326555, 51.9259221 ], [ 1.2327053, 51.9258959 ] ] } },
{ "type": "Feature", "properties": { "id": 34352, "nach": 0.36858255252232042 }, "geometry": { "type": "LineString", "coordinates": [ [ 1.2321535, 51.9262796 ], [ 1.2322353, 51.9263004 ], [ 1.2323288, 51.9263156 ], [ 1.2323743, 51.9262996 ], [ 1.2323978, 51.926261800000013 ], [ 1.2324401, 51.926201200000015 ] ] } },
{ "type": "Feature", "properties": { "id": 34356, "nach": 0.36288737423831097 }, "geometry": { "type": "LineString", "coordinates": [ [ 1.2327327, 51.9265054 ], [ 1.2327704, 51.9264477 ], [ 1.2327807, 51.9264157 ], [ 1.2327704, 51.9263877 ], [ 1.2326561, 51.9263012 ], [ 1.2325963, 51.9262563 ], [ 1.2324401, 51.926201200000015 ] ] } },
{ "type": "Feature", "properties": { "id": 34179, "nach": 0.51970377435516246 }, "geometry": { "type": "LineString", "coordinates": [ [ 1.2351938, 51.92714 ], [ 1.2352824, 51.927148 ], [ 1.2353778, 51.9271776 ], [ 1.2354774, 51.9272212 ], [ 1.2355929, 51.9272996 ], [ 1.2356649, 51.9273205 ], [ 1.2357583, 51.9273181 ], [ 1.2359108, 51.9273107 ] ] } },
{ "type": "Feature", "properties": { "id": 34369, "nach": 0.4099400838642841 }, "geometry": { "type": "LineString", "coordinates": [ [ 1.2350351, 51.927353400000015 ], [ 1.2351938, 51.92714 ] ] } },
{ "type": "Feature", "properties": { "id": 34367, "nach": 0.39113885858289188 }, "geometry": { "type": "LineString", "coordinates": [ [ 1.2360389, 51.9271228 ], [ 1.2359108, 51.9273107 ] ] } },
{ "type": "Feature", "properties": { "id": 34371, "nach": 0.49315828239423581 }, "geometry": { "type": "LineString", "coordinates": [ [ 1.2361187, 51.9274528 ], [ 1.2360704, 51.9273634 ], [ 1.2360411, 51.9273375 ], [ 1.2359849, 51.9273153 ], [ 1.2359108, 51.9273107 ] ] } },
{ "type": "Feature", "properties": { "id": 34377, "nach": 0.38393196383186312 }, "geometry": { "type": "LineString", "coordinates": [ [ 1.236035, 51.9275528 ], [ 1.2361187, 51.9274528 ] ] } },
{ "type": "Feature", "properties": { "id": 34374, "nach": 0.45588834305612774 }, "geometry": { "type": "LineString", "coordinates": [ [ 1.236331199999989, 51.9274896 ], [ 1.2362479, 51.927464700000016 ], [ 1.2361187, 51.9274528 ] ] } },
{ "type": "Feature", "properties": { "id": 34301, "nach": 0.39404203839668639 }, "geometry": { "type": "LineString", "coordinates": [ [ 1.2351306, 51.9309566 ], [ 1.2345873, 51.9309424 ], [ 1.2345804, 51.9308195 ] ] } },
{ "type": "Feature", "properties": { "id": 34305, "nach": 0.43159616545975871 }, "geometry": { "type": "LineString", "coordinates": [ [ 1.2349641, 51.93156650000001 ], [ 1.2350005, 51.9311412 ], [ 1.235117, 51.9310392 ], [ 1.2351306, 51.9309566 ] ] } },
{ "type": "Feature", "properties": { "id": 34304, "nach": 0.26933864480748321 }, "geometry": { "type": "LineString", "coordinates": [ [ 1.2349641, 51.93156650000001 ], [ 1.2350449, 51.9315625 ], [ 1.2351545, 51.9315154 ], [ 1.2352184, 51.9314221 ], [ 1.2353016, 51.9312895 ], [ 1.2354447, 51.9311281 ] ] } },
{ "type": "Feature", "properties": { "id": 34303, "nach": 0.38737279701580973 }, "geometry": { "type": "LineString", "coordinates": [ [ 1.2349641, 51.93156650000001 ], [ 1.2349242, 51.9315684 ], [ 1.2343025, 51.9315444 ], [ 1.2341206, 51.9315351 ] ] } },
{ "type": "Feature", "properties": { "id": 34244, "nach": 0.38755629650149964 }, "geometry": { "type": "LineString", "coordinates": [ [ 1.2362477, 51.93156 ], [ 1.236289, 51.9314852 ], [ 1.2363083, 51.9314444 ], [ 1.2363001, 51.9314096 ], [ 1.2363207, 51.9313654 ], [ 1.2363759, 51.9313399 ], [ 1.2363938, 51.9313009 ], [ 1.2364618, 51.931226 ] ] } },
{ "type": "Feature", "properties": { "id": 34238, "nach": 0.28162549920377089 }, "geometry": { "type": "LineString", "coordinates": [ [ 1.2266286, 51.9307661 ], [ 1.2267451, 51.930677 ], [ 1.2267638, 51.9306843 ], [ 1.2267157, 51.930749 ], [ 1.2267461, 51.9307623 ] ] } },
{ "type": "Feature", "properties": { "id": 34239, "nach": 0.3317170838517185 }, "geometry": { "type": "LineString", "coordinates": [ [ 1.2266548, 51.9308077 ], [ 1.2266286, 51.9307661 ] ] } },
{ "type": "Feature", "properties": { "id": 34230, "nach": 0.43048198253882458 }, "geometry": { "type": "LineString", "coordinates": [ [ 1.2268069, 51.93070190000001 ], [ 1.2269659, 51.9305439 ] ] } },
{ "type": "Feature", "properties": { "id": 34232, "nach": 0.33711541971918491 }, "geometry": { "type": "LineString", "coordinates": [ [ 1.2269151, 51.9307419 ], [ 1.2268069, 51.93070190000001 ] ] } },
{ "type": "Feature", "properties": { "id": 34233, "nach": 0.38848363915607864 }, "geometry": { "type": "LineString", "coordinates": [ [ 1.2267461, 51.9307623 ], [ 1.2268069, 51.93070190000001 ] ] } },
{ "type": "Feature", "properties": { "id": 34240, "nach": 0.32253700842645 }, "geometry": { "type": "LineString", "coordinates": [ [ 1.2266833, 51.9309674 ], [ 1.2267353, 51.930864 ], [ 1.2267265, 51.93080350000001 ], [ 1.2267461, 51.9307623 ] ] } },
{ "type": "Feature", "properties": { "id": 34262, "nach": 0.5719298133215891 }, "geometry": { "type": "LineString", "coordinates": [ [ 1.2333554, 51.9301006 ], [ 1.233509, 51.9300931 ], [ 1.2335548, 51.9300411 ], [ 1.2335593, 51.9299973 ] ] } },
{ "type": "Feature", "properties": { "id": 34271, "nach": 0.46843742686734346 }, "geometry": { "type": "LineString", "coordinates": [ [ 1.2339012, 51.9301329 ], [ 1.2339064, 51.930034699999986 ], [ 1.2337639, 51.9300328 ], [ 1.2337649, 51.930002 ], [ 1.2335593, 51.9299973 ] ] } },
{ "type": "Feature", "properties": { "id": 34261, "nach": 0.40126798647567535 }, "geometry": { "type": "LineString", "coordinates": [ [ 1.2333554, 51.9301006 ], [ 1.233357, 51.9300746 ], [ 1.2331274, 51.930062199999988 ] ] } },
{ "type": "Feature", "properties": { "id": 34264, "nach": 0.56494322651362394 }, "geometry": { "type": "LineString", "coordinates": [ [ 1.233354, 51.9301238 ], [ 1.2333554, 51.9301006 ] ] } },
{ "type": "Feature", "properties": { "id": 34269, "nach": 0.24998866316212778 }, "geometry": { "type": "LineString", "coordinates": [ [ 1.2339012, 51.9301329 ], [ 1.233354, 51.9301238 ] ] } },
{ "type": "Feature", "properties": { "id": 34267, "nach": 0.0 }, "geometry": { "type": "LineString", "coordinates": [ [ 1.2331229, 51.9301318 ], [ 1.2328358, 51.9301213 ], [ 1.2328421, 51.930052 ], [ 1.2331274, 51.930062199999988 ] ] } },
{ "type": "Feature", "properties": { "id": 34293, "nach": 0.39542680536541958 }, "geometry": { "type": "LineString", "coordinates": [ [ 1.2337067, 51.9307152 ], [ 1.2337155, 51.9305904 ] ] } },
{ "type": "Feature", "properties": { "id": 34366, "nach": 0.38386424799009111 }, "geometry": { "type": "LineString", "coordinates": [ [ 1.2337287, 51.926957 ], [ 1.2337793, 51.9268874 ], [ 1.2338326, 51.9268225 ], [ 1.2338638, 51.9267945 ], [ 1.2339118, 51.9267785 ] ] } },
{ "type": "Feature", "properties": { "id": 34365, "nach": 0.38441048981106518 }, "geometry": { "type": "LineString", "coordinates": [ [ 1.2342066, 51.9268818 ], [ 1.234091, 51.9268489 ], [ 1.233991, 51.9268169 ], [ 1.2339118, 51.9267785 ] ] } },
{ "type": "Feature", "properties": { "id": 34373, "nach": 0.37599376660982109 }, "geometry": { "type": "LineString", "coordinates": [ [ 1.236331199999989, 51.9274896 ], [ 1.2364791, 51.9273054 ] ] } },
{ "type": "Feature", "properties": { "id": 34376, "nach": 0.3819055486552716 }, "geometry": { "type": "LineString", "coordinates": [ [ 1.2365466, 51.9275504 ], [ 1.2363739, 51.9275024 ], [ 1.236331199999989, 51.9274896 ] ] } },
{ "type": "Feature", "properties": { "id": 34382, "nach": 0.37485416374273411 }, "geometry": { "type": "LineString", "coordinates": [ [ 1.2310609, 51.9251431 ], [ 1.231032, 51.9250645 ], [ 1.2309676, 51.9249867 ] ] } },
{ "type": "Feature", "properties": { "id": 34389, "nach": 0.37421601058403908 }, "geometry": { "type": "LineString", "coordinates": [ [ 1.2307395, 51.925403 ], [ 1.2309099, 51.9252979 ], [ 1.2309797, 51.9251928 ], [ 1.2310119, 51.9251572 ], [ 1.2310609, 51.9251431 ] ] } },
{ "type": "Feature", "properties": { "id": 34388, "nach": 0.37292257765031211 }, "geometry": { "type": "LineString", "coordinates": [ [ 1.2316219, 51.925284 ], [ 1.2318828, 51.9252424 ], [ 1.2320505, 51.92523 ], [ 1.2321096, 51.92516710000001 ] ] } },
{ "type": "Feature", "properties": { "id": 34400, "nach": 0.36752308302173026 }, "geometry": { "type": "LineString", "coordinates": [ [ 1.2315956, 51.9257958 ], [ 1.2317472, 51.9258101 ], [ 1.2318908, 51.9257174 ], [ 1.2319687, 51.9256852 ], [ 1.2320599, 51.9257042 ], [ 1.2322183, 51.9257588 ] ] } },
{ "type": "Feature", "properties": { "id": 34403, "nach": 0.36821740567634736 }, "geometry": { "type": "LineString", "coordinates": [ [ 1.2316788, 51.926089 ], [ 1.2315902, 51.92606330000001 ], [ 1.2315553, 51.9260344 ], [ 1.2315392, 51.9259839 ], [ 1.2315701, 51.9259185 ], [ 1.2315956, 51.9257958 ] ] } },
{ "type": "Feature", "properties": { "id": 34407, "nach": 0.35441386588376633 }, "geometry": { "type": "LineString", "coordinates": [ [ 1.2298912, 51.9262628 ], [ 1.2298779, 51.9261117 ], [ 1.2298497, 51.9260612 ], [ 1.2297772, 51.9260273 ], [ 1.2296806, 51.92600250000001 ] ] } },
{ "type": "Feature", "properties": { "id": 34417, "nach": 0.44051130578902631 }, "geometry": { "type": "LineString", "coordinates": [ [ 1.2293851, 51.9268549 ], [ 1.2293487, 51.9268333 ], [ 1.2293364, 51.9267603 ], [ 1.2293411, 51.926724100000015 ], [ 1.229366, 51.926689900000021 ], [ 1.2294276, 51.926644800000012 ], [ 1.2295213, 51.926618900000015 ], [ 1.2296071, 51.9265723 ], [ 1.2296347, 51.9265171 ], [ 1.2296224, 51.9264137 ], [ 1.2296939, 51.9263225 ], [ 1.2298347, 51.9262667 ], [ 1.2298912, 51.9262628 ] ] } },
{ "type": "Feature", "properties": { "id": 34419, "nach": 0.40628730798462914 }, "geometry": { "type": "LineString", "coordinates": [ [ 1.2291962, 51.926935900000011 ], [ 1.2293851, 51.9268549 ] ] } },
{ "type": "Feature", "properties": { "id": 34423, "nach": 0.32949112330099428 }, "geometry": { "type": "LineString", "coordinates": [ [ 1.2297947, 51.9270725 ], [ 1.2297048, 51.9270435 ], [ 1.2295661, 51.9269625 ], [ 1.2293851, 51.9268549 ] ] } },
{ "type": "Feature", "properties": { "id": 34420, "nach": 0.33153623344579364 }, "geometry": { "type": "LineString", "coordinates": [ [ 1.2291962, 51.926935900000011 ], [ 1.2291277, 51.9268631 ], [ 1.229062, 51.9268391 ] ] } },
{ "type": "Feature", "properties": { "id": 34424, "nach": 0.32921229447899669 }, "geometry": { "type": "LineString", "coordinates": [ [ 1.2290445, 51.927118 ], [ 1.2291036, 51.9270195 ], [ 1.2291962, 51.926935900000011 ] ] } },
{ "type": "Feature", "properties": { "id": 34443, "nach": 0.33958891573024697 }, "geometry": { "type": "LineString", "coordinates": [ [ 1.2293372, 51.9232509 ], [ 1.2293196, 51.923237 ], [ 1.2292445, 51.92321050000001 ], [ 1.2287909, 51.9231492 ], [ 1.2286983, 51.9231335 ], [ 1.2286077, 51.9231003 ] ] } },
{ "type": "Feature", "properties": { "id": 34445, "nach": 0.35878098326880542 }, "geometry": { "type": "LineString", "coordinates": [ [ 1.2299785, 51.9232709 ], [ 1.2296108, 51.923405 ], [ 1.2294257, 51.9233859 ], [ 1.2293894, 51.9233603 ], [ 1.229372, 51.9232783 ], [ 1.2293372, 51.9232509 ] ] } },
{ "type": "Feature", "properties": { "id": 34454, "nach": 0.35562977562396053 }, "geometry": { "type": "LineString", "coordinates": [ [ 1.2280099, 51.9237211 ], [ 1.2281414, 51.9236069 ], [ 1.228387, 51.9233661 ], [ 1.2284269, 51.9233475 ] ] } },
{ "type": "Feature", "properties": { "id": 34455, "nach": 0.35477763559985054 }, "geometry": { "type": "LineString", "coordinates": [ [ 1.2275201, 51.9237468 ], [ 1.2280099, 51.9237211 ] ] } },
{ "type": "Feature", "properties": { "id": 52869, "nach": 0.38129724595439363 }, "geometry": { "type": "LineString", "coordinates": [ [ 1.2307438, 51.9226001 ], [ 1.2308916, 51.9228792 ] ] } },
{ "type": "Feature", "properties": { "id": 52870, "nach": 0.38304062979256404 }, "geometry": { "type": "LineString", "coordinates": [ [ 1.2309839, 51.9230601 ], [ 1.2308916, 51.9228792 ] ] } },
{ "type": "Feature", "properties": { "id": 52959, "nach": 0.41417407695711644 }, "geometry": { "type": "LineString", "coordinates": [ [ 1.2457431, 51.9252185 ], [ 1.2456851, 51.9252269 ], [ 1.2455825, 51.9252258 ], [ 1.2454741, 51.925209400000014 ], [ 1.2448317, 51.9250607 ], [ 1.2447508, 51.9250336 ], [ 1.2446858, 51.9249837 ], [ 1.2446492, 51.9249312 ] ] } },
{ "type": "Feature", "properties": { "id": 52963, "nach": 0.48945490822326948 }, "geometry": { "type": "LineString", "coordinates": [ [ 1.2455884, 51.9257647 ], [ 1.2457021, 51.9255636 ], [ 1.2458031, 51.9254253 ], [ 1.2458026, 51.925361 ], [ 1.2457787, 51.9252962 ], [ 1.2457431, 51.9252185 ] ] } },
{ "type": "Feature", "properties": { "id": 52973, "nach": 0.32988919949627837 }, "geometry": { "type": "LineString", "coordinates": [ [ 1.2455584, 51.9259566 ], [ 1.2455884, 51.9257647 ] ] } },
{ "type": "Feature", "properties": { "id": 55964, "nach": 0.41095534679048085 }, "geometry": { "type": "LineString", "coordinates": [ [ 1.2460839, 51.9259095 ], [ 1.2457377, 51.9258358 ], [ 1.2455884, 51.9257647 ] ] } },
{ "type": "Feature", "properties": { "id": 55965, "nach": 0.40947874443952881 }, "geometry": { "type": "LineString", "coordinates": [ [ 1.2450201, 51.9256456 ], [ 1.2454334, 51.9257284 ], [ 1.2455884, 51.9257647 ] ] } },
{ "type": "Feature", "properties": { "id": 52974, "nach": 0.50711343341037718 }, "geometry": { "type": "LineString", "coordinates": [ [ 1.2455584, 51.9259566 ], [ 1.2451868, 51.9258602 ] ] } },
{ "type": "Feature", "properties": { "id": 55258, "nach": 0.52117724318416214 }, "geometry": { "type": "LineString", "coordinates": [ [ 1.2461623, 51.9260484 ], [ 1.2459122, 51.9260184 ], [ 1.2457232, 51.9259883 ], [ 1.2455584, 51.9259566 ] ] } },
{ "type": "Feature", "properties": { "id": 52971, "nach": 0.40241392319077407 }, "geometry": { "type": "LineString", "coordinates": [ [ 1.2451868, 51.9258602 ], [ 1.2449653, 51.9258179 ], [ 1.2447539, 51.9257919 ], [ 1.2445479, 51.925757 ], [ 1.2443538, 51.925709500000011 ] ] } },
{ "type": "Feature", "properties": { "id": 55254, "nach": 0.46326562842832464 }, "geometry": { "type": "LineString", "coordinates": [ [ 1.2443095, 51.9260869 ], [ 1.2443827, 51.9260631 ], [ 1.2444538, 51.9260067 ], [ 1.2445372, 51.9259641 ], [ 1.2446429, 51.9259302 ], [ 1.2447404, 51.9259014 ], [ 1.244838, 51.925883800000022 ], [ 1.2449254, 51.9258801 ], [ 1.2450332, 51.9258763 ], [ 1.2451868, 51.9258602 ] ] } },
{ "type": "Feature", "properties": { "id": 55953, "nach": 0.37330565216372841 }, "geometry": { "type": "LineString", "coordinates": [ [ 1.2430108, 51.9259639 ], [ 1.2431435, 51.926001100000015 ], [ 1.2433487, 51.92605240000001 ], [ 1.2435271, 51.9261012 ], [ 1.2437551, 51.9261823 ], [ 1.2438867, 51.9262047 ], [ 1.2439822, 51.9262035 ], [ 1.2440595, 51.926196 ], [ 1.2441692, 51.9261621 ], [ 1.2442465, 51.9261258 ], [ 1.2443095, 51.9260869 ] ] } },
{ "type": "Feature", "properties": { "id": 55257, "nach": 0.38741007553166218 }, "geometry": { "type": "LineString", "coordinates": [ [ 1.244277, 51.9257209 ], [ 1.2443176, 51.92576480000001 ], [ 1.2443522, 51.9258086 ], [ 1.2443745, 51.925858799999986 ], [ 1.2443745, 51.925927700000017 ], [ 1.2443563, 51.9259791 ], [ 1.2443095, 51.9260343 ], [ 1.2443095, 51.9260869 ] ] } },
{ "type": "Feature", "properties": { "id": 55264, "nach": 0.41453604692465162 }, "geometry": { "type": "LineString", "coordinates": [ [ 1.245961, 51.9266865 ], [ 1.2461074, 51.9264245 ], [ 1.2461277, 51.9263643 ], [ 1.2461135, 51.9263167 ], [ 1.2460667, 51.926239 ], [ 1.2460769, 51.92617 ], [ 1.2461623, 51.9260484 ] ] } },
{ "type": "Feature", "properties": { "id": 54189, "nach": 0.62871720014824961 }, "geometry": { "type": "LineString", "coordinates": [ [ 1.2447134, 51.9270873 ], [ 1.2448496, 51.9271124 ] ] } },
{ "type": "Feature", "properties": { "id": 54209, "nach": 0.59692989057929746 }, "geometry": { "type": "LineString", "coordinates": [ [ 1.2454923, 51.9272562 ], [ 1.2450195, 51.9271288 ], [ 1.2448496, 51.9271124 ] ] } },
{ "type": "Feature", "properties": { "id": 54193, "nach": 0.60292442974998828 }, "geometry": { "type": "LineString", "coordinates": [ [ 1.2439942, 51.9269471 ], [ 1.2444775, 51.927058 ], [ 1.2447134, 51.9270873 ] ] } },
{ "type": "Feature", "properties": { "id": 54201, "nach": 0.53053984584718017 }, "geometry": { "type": "LineString", "coordinates": [ [ 1.2450047, 51.9266161 ], [ 1.2449687, 51.9266635 ], [ 1.2448571, 51.9268103 ], [ 1.2447431, 51.926983199999988 ], [ 1.2447134, 51.9270873 ] ] } },
{ "type": "Feature", "properties": { "id": 54210, "nach": 0.4509105100428466 }, "geometry": { "type": "LineString", "coordinates": [ [ 1.2454923, 51.9272562 ], [ 1.2456397, 51.9270516 ], [ 1.2457167, 51.9269642 ], [ 1.2457907, 51.926854 ] ] } },
{ "type": "Feature", "properties": { "id": 54195, "nach": 0.57155550910868291 }, "geometry": { "type": "LineString", "coordinates": [ [ 1.2434268, 51.9267907 ], [ 1.2434711, 51.9268046 ], [ 1.2435622, 51.9268319 ], [ 1.2439942, 51.9269471 ] ] } },
{ "type": "Feature", "properties": { "id": 54206, "nach": 0.5152148537001916 }, "geometry": { "type": "LineString", "coordinates": [ [ 1.2437357, 51.9274143 ], [ 1.2438989, 51.9272017 ], [ 1.2438928, 51.9271143 ], [ 1.2439942, 51.9269471 ] ] } },
{ "type": "Feature", "properties": { "id": 54203, "nach": 0.47196475559601592 }, "geometry": { "type": "LineString", "coordinates": [ [ 1.2450047, 51.9266161 ], [ 1.2448818, 51.92657280000001 ], [ 1.244777, 51.9265473 ], [ 1.2445244, 51.9264795 ], [ 1.2443304, 51.9264378 ], [ 1.2442741, 51.9264238 ], [ 1.244093, 51.9263714 ], [ 1.2438744, 51.9263129 ], [ 1.2437863, 51.9262927 ], [ 1.243705, 51.9262746 ] ] } },
{ "type": "Feature", "properties": { "id": 55957, "nach": 0.44260449855960243 }, "geometry": { "type": "LineString", "coordinates": [ [ 1.2454475, 51.9266925 ], [ 1.2452222, 51.9266537 ], [ 1.2450047, 51.9266161 ] ] } },
{ "type": "Feature", "properties": { "id": 55019, "nach": 0.56040677255171056 }, "geometry": { "type": "LineString", "coordinates": [ [ 1.2430282, 51.9269961 ], [ 1.2430899, 51.9269779 ], [ 1.2432039, 51.9269307 ], [ 1.2434268, 51.9267907 ] ] } },
{ "type": "Feature", "properties": { "id": 54200, "nach": 0.26951173759757785 }, "geometry": { "type": "LineString", "coordinates": [ [ 1.243705, 51.9262746 ], [ 1.2436683, 51.9263218 ], [ 1.2434362, 51.92663490000001 ], [ 1.2433996, 51.9267034 ], [ 1.2434268, 51.9267907 ] ] } },
{ "type": "Feature", "properties": { "id": 55007, "nach": 0.43864124174733288 }, "geometry": { "type": "LineString", "coordinates": [ [ 1.2439166, 51.927463299999985 ], [ 1.2437357, 51.9274143 ] ] } },
{ "type": "Feature", "properties": { "id": 55008, "nach": 0.43888583907896722 }, "geometry": { "type": "LineString", "coordinates": [ [ 1.2436028, 51.9273782 ], [ 1.2437357, 51.9274143 ] ] } },
{ "type": "Feature", "properties": { "id": 55017, "nach": 0.50528823257876143 }, "geometry": { "type": "LineString", "coordinates": [ [ 1.2430282, 51.9269961 ], [ 1.2430443, 51.927087 ], [ 1.2429464, 51.927235900000014 ] ] } },
{ "type": "Feature", "properties": { "id": 55018, "nach": 0.49627155448696275 }, "geometry": { "type": "LineString", "coordinates": [ [ 1.2430282, 51.9269961 ], [ 1.2429517, 51.9270068 ], [ 1.2428699, 51.9269977 ], [ 1.2423483, 51.9268563 ] ] } },
{ "type": "Feature", "properties": { "id": 55956, "nach": 0.42211475855876379 }, "geometry": { "type": "LineString", "coordinates": [ [ 1.2430631, 51.926127700000016 ], [ 1.2435204, 51.9262335 ], [ 1.243705, 51.9262746 ] ] } },
{ "type": "Feature", "properties": { "id": 55011, "nach": 0.4287589281953858 }, "geometry": { "type": "LineString", "coordinates": [ [ 1.2429464, 51.927235900000014 ], [ 1.2431261, 51.9272855 ] ] } },
{ "type": "Feature", "properties": { "id": 55012, "nach": 0.42903757319388519 }, "geometry": { "type": "LineString", "coordinates": [ [ 1.2429464, 51.927235900000014 ], [ 1.2427841, 51.927197 ] ] } },
{ "type": "Feature", "properties": { "id": 55955, "nach": 0.41557096628749668 }, "geometry": { "type": "LineString", "coordinates": [ [ 1.2428713, 51.926609 ], [ 1.2427345, 51.9265693 ], [ 1.2426272, 51.9265627 ], [ 1.2425736, 51.9265834 ], [ 1.2424073, 51.9267645 ], [ 1.2423483, 51.9268563 ] ] } },
{ "type": "Feature", "properties": { "id": 55954, "nach": 0.41919152058203552 }, "geometry": { "type": "LineString", "coordinates": [ [ 1.2421471, 51.9271366 ], [ 1.2422705, 51.926953 ], [ 1.2423483, 51.9268563 ] ] } }
]
}
