{
"type": "FeatureCollection",
"name": "BROAD_33_NACH",
"crs": { "type": "name", "properties": { "name": "urn:ogc:def:crs:OGC:1.3:CRS84" } },
"features": [
{ "type": "Feature", "properties": { "id": 175, "nach": 0.61809690661740657 }, "geometry": { "type": "LineString", "coordinates": [ [ 1.3057861, 52.65288 ], [ 1.3069501, 52.6526754 ], [ 1.3071799, 52.652633 ], [ 1.3072835, 52.6526142 ] ] } },
{ "type": "Feature", "properties": { "id": 81512, "nach": 0.61160420872448451 }, "geometry": { "type": "LineString", "coordinates": [ [ 1.3072519, 52.652554 ], [ 1.3069111, 52.6526155 ], [ 1.3062187, 52.6527286 ], [ 1.305325, 52.6528781 ], [ 1.3051306, 52.6529294 ], [ 1.3049335, 52.6529568 ] ] } },
{ "type": "Feature", "properties": { "id": 174, "nach": 0.61336171238401116 }, "geometry": { "type": "LineString", "coordinates": [ [ 1.3057861, 52.65288 ], [ 1.3054486, 52.652917700000017 ], [ 1.3049867, 52.6529851 ] ] } },
{ "type": "Feature", "properties": { "id": 81509, "nach": 0.41114353816697663 }, "geometry": { "type": "LineString", "coordinates": [ [ 1.3045111, 52.6531325 ], [ 1.3051549, 52.6530226 ], [ 1.305466, 52.65296080000001 ], [ 1.3057861, 52.65288 ] ] } },
{ "type": "Feature", "properties": { "id": 44176, "nach": 0.40926975643960861 }, "geometry": { "type": "LineString", "coordinates": [ [ 1.3045179, 52.6531651 ], [ 1.3061756, 52.6528869 ], [ 1.3080089, 52.652556900000015 ], [ 1.3081214, 52.652462500000013 ] ] } },
{ "type": "Feature", "properties": { "id": 81474, "nach": 0.50650468573218232 }, "geometry": { "type": "LineString", "coordinates": [ [ 1.3049335, 52.6529568 ], [ 1.3049867, 52.6529851 ] ] } },
{ "type": "Feature", "properties": { "id": 81497, "nach": 0.59715674668223739 }, "geometry": { "type": "LineString", "coordinates": [ [ 1.3049867, 52.6529851 ], [ 1.3046517, 52.653037499999989 ], [ 1.30458, 52.65305020000001 ] ] } },
{ "type": "Feature", "properties": { "id": 44166, "nach": 0.41099028955659084 }, "geometry": { "type": "LineString", "coordinates": [ [ 1.3040069, 52.6531195 ], [ 1.3040281, 52.653152100000014 ] ] } },
{ "type": "Feature", "properties": { "id": 177, "nach": 0.64003122015718805 }, "geometry": { "type": "LineString", "coordinates": [ [ 1.3040281, 52.653152100000014 ], [ 1.3035815, 52.6532467 ] ] } },
{ "type": "Feature", "properties": { "id": 81471, "nach": 0.63741617528736372 }, "geometry": { "type": "LineString", "coordinates": [ [ 1.3043909, 52.6530854 ], [ 1.3040281, 52.653152100000014 ] ] } },
{ "type": "Feature", "properties": { "id": 44169, "nach": 0.55736127758691589 }, "geometry": { "type": "LineString", "coordinates": [ [ 1.3040069, 52.6531195 ], [ 1.3033937, 52.653207 ], [ 1.303341, 52.6532593 ] ] } },
{ "type": "Feature", "properties": { "id": 81517, "nach": 0.45575806693314858 }, "geometry": { "type": "LineString", "coordinates": [ [ 1.3039038, 52.6528863 ], [ 1.3039712, 52.65303080000001 ], [ 1.3039883, 52.6530723 ], [ 1.3040069, 52.6531195 ] ] } },
{ "type": "Feature", "properties": { "id": 81500, "nach": 0.56326162622234954 }, "geometry": { "type": "LineString", "coordinates": [ [ 1.3044187, 52.6530481 ], [ 1.3041799, 52.6530948 ], [ 1.3040069, 52.6531195 ] ] } },
{ "type": "Feature", "properties": { "id": 178, "nach": 0.55757140012491258 }, "geometry": { "type": "LineString", "coordinates": [ [ 1.3035815, 52.6532467 ], [ 1.303341, 52.6532593 ] ] } },
{ "type": "Feature", "properties": { "id": 179, "nach": 0.43098265361923632 }, "geometry": { "type": "LineString", "coordinates": [ [ 1.3035815, 52.6532467 ], [ 1.3040672, 52.6532 ], [ 1.3045111, 52.6531325 ] ] } },
{ "type": "Feature", "properties": { "id": 33010, "nach": 0.62225190608005065 }, "geometry": { "type": "LineString", "coordinates": [ [ 1.3033561, 52.6533085 ], [ 1.3035815, 52.6532467 ] ] } },
{ "type": "Feature", "properties": { "id": 8564, "nach": 0.60545898914471286 }, "geometry": { "type": "LineString", "coordinates": [ [ 1.303341, 52.6532593 ], [ 1.3032926, 52.6532617 ], [ 1.3031454, 52.6532492 ], [ 1.3029977, 52.6532101 ] ] } },
{ "type": "Feature", "properties": { "id": 81507, "nach": 0.35957516878661516 }, "geometry": { "type": "LineString", "coordinates": [ [ 1.3045111, 52.6531325 ], [ 1.3045179, 52.6531651 ] ] } },
{ "type": "Feature", "properties": { "id": 81508, "nach": 0.27706828388585575 }, "geometry": { "type": "LineString", "coordinates": [ [ 1.3045111, 52.6531325 ], [ 1.3045004, 52.6531089 ], [ 1.3045956, 52.6530796 ], [ 1.30458, 52.65305020000001 ] ] } },
{ "type": "Feature", "properties": { "id": 180, "nach": 0.62500417283845322 }, "geometry": { "type": "LineString", "coordinates": [ [ 1.3030526, 52.6534422 ], [ 1.3031884, 52.6533728 ], [ 1.303265, 52.653339400000014 ], [ 1.3033561, 52.6533085 ] ] } },
{ "type": "Feature", "properties": { "id": 181, "nach": 0.45613206189256739 }, "geometry": { "type": "LineString", "coordinates": [ [ 1.3030526, 52.6534422 ], [ 1.3030928, 52.65339130000001 ], [ 1.3031011, 52.6533328 ], [ 1.3030833, 52.6532828 ], [ 1.3029977, 52.6532101 ] ] } },
{ "type": "Feature", "properties": { "id": 8570, "nach": 0.63038211232747188 }, "geometry": { "type": "LineString", "coordinates": [ [ 1.3029825, 52.6534817 ], [ 1.3030255, 52.6534636 ], [ 1.3030526, 52.6534422 ] ] } },
{ "type": "Feature", "properties": { "id": 44177, "nach": 0.37420750763910177 }, "geometry": { "type": "LineString", "coordinates": [ [ 1.3045179, 52.6531651 ], [ 1.3034266, 52.6533465 ], [ 1.3033561, 52.6533085 ] ] } },
{ "type": "Feature", "properties": { "id": 1149, "nach": 0.60668838958803284 }, "geometry": { "type": "LineString", "coordinates": [ [ 1.3029977, 52.6532101 ], [ 1.3028215, 52.6531196 ], [ 1.3027132, 52.653071 ] ] } },
{ "type": "Feature", "properties": { "id": 81513, "nach": 0.64453761341306304 }, "geometry": { "type": "LineString", "coordinates": [ [ 1.3026639, 52.6539599 ], [ 1.3026629, 52.6538495 ] ] } },
{ "type": "Feature", "properties": { "id": 183, "nach": 0.58701895020374328 }, "geometry": { "type": "LineString", "coordinates": [ [ 1.3026629, 52.6538495 ], [ 1.3027248, 52.6537358 ], [ 1.3027655, 52.6536967 ] ] } },
{ "type": "Feature", "properties": { "id": 55160, "nach": 0.61032683321986758 }, "geometry": { "type": "LineString", "coordinates": [ [ 1.3024803, 52.6534251 ], [ 1.3025585, 52.65351780000001 ], [ 1.3026097, 52.6535982 ], [ 1.3026203, 52.6536512 ], [ 1.3026629, 52.6538495 ] ] } },
{ "type": "Feature", "properties": { "id": 81514, "nach": 0.0 }, "geometry": { "type": "LineString", "coordinates": [ [ 1.3026639, 52.6539599 ], [ 1.3025711, 52.65391240000001 ], [ 1.3024786, 52.6535735 ], [ 1.3024412, 52.6534816 ], [ 1.3024499, 52.653411600000013 ] ] } },
{ "type": "Feature", "properties": { "id": 81515, "nach": 0.64289029095732586 }, "geometry": { "type": "LineString", "coordinates": [ [ 1.3026639, 52.6539599 ], [ 1.3026685, 52.6540282 ], [ 1.3027143, 52.6542514 ], [ 1.3027616, 52.6543661 ], [ 1.3028199, 52.6544913 ] ] } },
{ "type": "Feature", "properties": { "id": 33013, "nach": 0.50711291658952606 }, "geometry": { "type": "LineString", "coordinates": [ [ 1.3027655, 52.6536967 ], [ 1.3027975, 52.6538137 ], [ 1.3028077, 52.6541074 ], [ 1.3028608, 52.654327 ], [ 1.3029259, 52.654476600000017 ] ] } },
{ "type": "Feature", "properties": { "id": 33012, "nach": 0.60839268935845825 }, "geometry": { "type": "LineString", "coordinates": [ [ 1.3027655, 52.6536967 ], [ 1.3028638, 52.6536165 ], [ 1.3029825, 52.6534817 ] ] } },
{ "type": "Feature", "properties": { "id": 184, "nach": 0.631247432773825 }, "geometry": { "type": "LineString", "coordinates": [ [ 1.3022598, 52.6533032 ], [ 1.302434, 52.6534048 ] ] } },
{ "type": "Feature", "properties": { "id": 3271, "nach": 0.62108899897357395 }, "geometry": { "type": "LineString", "coordinates": [ [ 1.3020429, 52.6532595 ], [ 1.3022598, 52.6533032 ] ] } },
{ "type": "Feature", "properties": { "id": 8569, "nach": 0.49569917567670385 }, "geometry": { "type": "LineString", "coordinates": [ [ 1.3022167, 52.65311040000001 ], [ 1.3022064, 52.6531667 ], [ 1.3022185, 52.653244400000013 ], [ 1.3022598, 52.6533032 ] ] } },
{ "type": "Feature", "properties": { "id": 16381, "nach": 0.43798180044879426 }, "geometry": { "type": "LineString", "coordinates": [ [ 1.302434, 52.6534048 ], [ 1.3023, 52.653474 ], [ 1.302238, 52.653479 ], [ 1.302188, 52.653472 ], [ 1.302141, 52.653437 ], [ 1.302029, 52.653353 ], [ 1.3019703, 52.6533505 ], [ 1.301897, 52.6533486 ], [ 1.301044, 52.653414 ] ] } },
{ "type": "Feature", "properties": { "id": 16380, "nach": 0.6333876424756899 }, "geometry": { "type": "LineString", "coordinates": [ [ 1.302434, 52.6534048 ], [ 1.3024499, 52.653411600000013 ] ] } },
{ "type": "Feature", "properties": { "id": 185, "nach": 0.56279120345800304 }, "geometry": { "type": "LineString", "coordinates": [ [ 1.3020403, 52.6531993 ], [ 1.3018594, 52.653246 ] ] } },
{ "type": "Feature", "properties": { "id": 9094, "nach": 0.53244028596363957 }, "geometry": { "type": "LineString", "coordinates": [ [ 1.3003374, 52.6532991 ], [ 1.3007588, 52.6532623 ], [ 1.3013893, 52.653215299999985 ], [ 1.3018424, 52.6531814 ], [ 1.3019657, 52.6531723 ], [ 1.3020403, 52.6531993 ] ] } },
{ "type": "Feature", "properties": { "id": 8568, "nach": 0.59865598955726884 }, "geometry": { "type": "LineString", "coordinates": [ [ 1.3022167, 52.65311040000001 ], [ 1.3021468, 52.6531496 ], [ 1.3020765, 52.6531829 ], [ 1.3020403, 52.6531993 ] ] } },
{ "type": "Feature", "properties": { "id": 9336, "nach": 0.62595501599860048 }, "geometry": { "type": "LineString", "coordinates": [ [ 1.3018594, 52.653246 ], [ 1.3011617, 52.6533023 ] ] } },
{ "type": "Feature", "properties": { "id": 9337, "nach": 0.59526150607386397 }, "geometry": { "type": "LineString", "coordinates": [ [ 1.3018594, 52.653246 ], [ 1.3020429, 52.6532595 ] ] } },
{ "type": "Feature", "properties": { "id": 9339, "nach": 0.40885345051245497 }, "geometry": { "type": "LineString", "coordinates": [ [ 1.3003456, 52.6533392 ], [ 1.3003374, 52.6532991 ] ] } },
{ "type": "Feature", "properties": { "id": 44173, "nach": 0.53438692000584997 }, "geometry": { "type": "LineString", "coordinates": [ [ 1.3000398, 52.6532346 ], [ 1.3001209, 52.6532286 ], [ 1.3002757, 52.653302100000012 ], [ 1.3003374, 52.6532991 ] ] } },
{ "type": "Feature", "properties": { "id": 188, "nach": 0.58478580125217117 }, "geometry": { "type": "LineString", "coordinates": [ [ 1.3011617, 52.6533023 ], [ 1.3005756, 52.653319400000015 ], [ 1.3004004, 52.6533355 ], [ 1.3003456, 52.6533392 ] ] } },
{ "type": "Feature", "properties": { "id": 74395, "nach": 0.57263085438013406 }, "geometry": { "type": "LineString", "coordinates": [ [ 1.3005021, 52.6533859 ], [ 1.3005727, 52.653379 ], [ 1.3011617, 52.6533023 ] ] } },
{ "type": "Feature", "properties": { "id": 9338, "nach": 0.59243768942246544 }, "geometry": { "type": "LineString", "coordinates": [ [ 1.3003456, 52.6533392 ], [ 1.3002741, 52.6533449 ] ] } },
{ "type": "Feature", "properties": { "id": 74396, "nach": 0.42074197375651612 }, "geometry": { "type": "LineString", "coordinates": [ [ 1.3005021, 52.6533859 ], [ 1.3004958, 52.6533575 ], [ 1.3003468, 52.65336760000001 ], [ 1.3003456, 52.6533392 ] ] } },
{ "type": "Feature", "properties": { "id": 44181, "nach": 0.5013364774179202 }, "geometry": { "type": "LineString", "coordinates": [ [ 1.2992376, 52.6535331 ], [ 1.2992235, 52.6534685 ] ] } },
{ "type": "Feature", "properties": { "id": 190, "nach": 0.54910887906382722 }, "geometry": { "type": "LineString", "coordinates": [ [ 1.2992235, 52.6534685 ], [ 1.2994858, 52.6534733 ], [ 1.2998834, 52.6534376 ], [ 1.2999943, 52.6534276 ] ] } },
{ "type": "Feature", "properties": { "id": 193, "nach": 0.56015693690700996 }, "geometry": { "type": "LineString", "coordinates": [ [ 1.295486, 52.654123100000014 ], [ 1.2959885, 52.6539639 ], [ 1.2964925, 52.6538209 ], [ 1.296936, 52.6537269 ], [ 1.2975568, 52.6536231 ], [ 1.2983143, 52.653545400000013 ], [ 1.2992235, 52.6534685 ] ] } },
{ "type": "Feature", "properties": { "id": 9086, "nach": 0.53169873621184816 }, "geometry": { "type": "LineString", "coordinates": [ [ 1.2999022, 52.6533745 ], [ 1.2994697, 52.6534173 ], [ 1.2992235, 52.6534685 ] ] } },
{ "type": "Feature", "properties": { "id": 44183, "nach": 0.5009213912535444 }, "geometry": { "type": "LineString", "coordinates": [ [ 1.2992376, 52.6535331 ], [ 1.2994353, 52.6535218 ], [ 1.2997621, 52.65349350000001 ], [ 1.2999662, 52.653528799999989 ], [ 1.3000813, 52.6535428 ], [ 1.3001334, 52.6535397 ] ] } },
{ "type": "Feature", "properties": { "id": 77410, "nach": 0.46806499903890564 }, "geometry": { "type": "LineString", "coordinates": [ [ 1.2973955, 52.6537905 ], [ 1.297778, 52.6537456 ], [ 1.2981527, 52.6536999 ], [ 1.2985791, 52.6536638 ], [ 1.2991491, 52.6536227 ], [ 1.2991801, 52.6536167 ], [ 1.2992161, 52.6535987 ], [ 1.2992361, 52.6535777 ], [ 1.2992401, 52.653553699999989 ], [ 1.2992376, 52.6535331 ] ] } },
{ "type": "Feature", "properties": { "id": 77406, "nach": 0.51154862595763484 }, "geometry": { "type": "LineString", "coordinates": [ [ 1.2973616, 52.6537286 ], [ 1.2977874, 52.6536641 ], [ 1.2981286, 52.6536293 ], [ 1.2988643, 52.6535665 ], [ 1.2992376, 52.6535331 ] ] } },
{ "type": "Feature", "properties": { "id": 59691, "nach": 0.55344989522700838 }, "geometry": { "type": "LineString", "coordinates": [ [ 1.2999943, 52.6534276 ], [ 1.3000783, 52.6534212 ] ] } },
{ "type": "Feature", "properties": { "id": 59692, "nach": 0.38658666272146619 }, "geometry": { "type": "LineString", "coordinates": [ [ 1.2999943, 52.6534276 ], [ 1.3000892, 52.6534855 ] ] } },
{ "type": "Feature", "properties": { "id": 44189, "nach": 0.56835268215253287 }, "geometry": { "type": "LineString", "coordinates": [ [ 1.2950905, 52.654246 ], [ 1.295486, 52.654123100000014 ] ] } },
{ "type": "Feature", "properties": { "id": 44186, "nach": 0.24659920680381159 }, "geometry": { "type": "LineString", "coordinates": [ [ 1.295536, 52.6541832 ], [ 1.2955177, 52.6541616 ], [ 1.295486, 52.654123100000014 ] ] } },
{ "type": "Feature", "properties": { "id": 44190, "nach": 0.61975574203189654 }, "geometry": { "type": "LineString", "coordinates": [ [ 1.2950905, 52.654246 ], [ 1.2945266, 52.6544344 ] ] } },
{ "type": "Feature", "properties": { "id": 44191, "nach": 0.56904271727501554 }, "geometry": { "type": "LineString", "coordinates": [ [ 1.2950905, 52.654246 ], [ 1.2952441, 52.6542677 ], [ 1.295536, 52.6541832 ] ] } },
{ "type": "Feature", "properties": { "id": 79041, "nach": 0.5227728885507521 }, "geometry": { "type": "LineString", "coordinates": [ [ 1.2956977, 52.6545559 ], [ 1.29566, 52.6544617 ], [ 1.2956678, 52.6544223 ], [ 1.2956704, 52.6543729 ], [ 1.295657, 52.65434 ], [ 1.295637, 52.654307 ], [ 1.295536, 52.6541832 ] ] } },
{ "type": "Feature", "properties": { "id": 77407, "nach": 0.54096322848552647 }, "geometry": { "type": "LineString", "coordinates": [ [ 1.2973616, 52.6537286 ], [ 1.2969794, 52.6537913 ], [ 1.2965366, 52.653888799999983 ], [ 1.2961697, 52.6539886 ], [ 1.295536, 52.6541832 ] ] } },
{ "type": "Feature", "properties": { "id": 195, "nach": 0.57522920585914383 }, "geometry": { "type": "LineString", "coordinates": [ [ 1.2934062, 52.6547853 ], [ 1.2930526, 52.6548498 ] ] } },
{ "type": "Feature", "properties": { "id": 3729, "nach": 0.62330432815986203 }, "geometry": { "type": "LineString", "coordinates": [ [ 1.2945266, 52.6544344 ], [ 1.2941743, 52.6545442 ], [ 1.2938, 52.6546614 ], [ 1.2934062, 52.6547853 ] ] } },
{ "type": "Feature", "properties": { "id": 44199, "nach": 0.58924382251772911 }, "geometry": { "type": "LineString", "coordinates": [ [ 1.2931422, 52.654915 ], [ 1.2934062, 52.6547853 ] ] } },
{ "type": "Feature", "properties": { "id": 9005, "nach": 0.48730978144983156 }, "geometry": { "type": "LineString", "coordinates": [ [ 1.2930526, 52.6548498 ], [ 1.2928272, 52.6549156 ], [ 1.2926221, 52.65497580000001 ] ] } },
{ "type": "Feature", "properties": { "id": 9006, "nach": 0.56934023035534775 }, "geometry": { "type": "LineString", "coordinates": [ [ 1.2930526, 52.6548498 ], [ 1.2928696, 52.6548544 ], [ 1.2928036, 52.6548438 ], [ 1.2927491, 52.6548314 ] ] } },
{ "type": "Feature", "properties": { "id": 44192, "nach": 0.53817316818337246 }, "geometry": { "type": "LineString", "coordinates": [ [ 1.2946219, 52.654535 ], [ 1.2945266, 52.6544344 ] ] } },
{ "type": "Feature", "properties": { "id": 197, "nach": 0.58682517111132759 }, "geometry": { "type": "LineString", "coordinates": [ [ 1.2926221, 52.65497580000001 ], [ 1.2923453, 52.6550782 ] ] } },
{ "type": "Feature", "properties": { "id": 44195, "nach": 0.68288764971101878 }, "geometry": { "type": "LineString", "coordinates": [ [ 1.2926422, 52.6548535 ], [ 1.2926221, 52.65497580000001 ] ] } },
{ "type": "Feature", "properties": { "id": 9003, "nach": 0.67133708784262991 }, "geometry": { "type": "LineString", "coordinates": [ [ 1.292613, 52.655095 ], [ 1.2926221, 52.65497580000001 ] ] } },
{ "type": "Feature", "properties": { "id": 44201, "nach": 0.5073836804902665 }, "geometry": { "type": "LineString", "coordinates": [ [ 1.2922957, 52.6550343 ], [ 1.2923453, 52.6550782 ] ] } },
{ "type": "Feature", "properties": { "id": 9031, "nach": 0.5841033319211334 }, "geometry": { "type": "LineString", "coordinates": [ [ 1.2923453, 52.6550782 ], [ 1.2917913, 52.6552752 ], [ 1.2913076, 52.6554779 ] ] } },
{ "type": "Feature", "properties": { "id": 74814, "nach": 0.48890241364190812 }, "geometry": { "type": "LineString", "coordinates": [ [ 1.2923213, 52.6551829 ], [ 1.2922911, 52.6551507 ], [ 1.2923658, 52.655105700000014 ], [ 1.2923453, 52.6550782 ] ] } },
{ "type": "Feature", "properties": { "id": 44197, "nach": 0.65108715877605139 }, "geometry": { "type": "LineString", "coordinates": [ [ 1.2926422, 52.6548535 ], [ 1.2926453, 52.6548348 ], [ 1.2926494, 52.6548174 ], [ 1.2926569, 52.654774600000017 ] ] } },
{ "type": "Feature", "properties": { "id": 44198, "nach": 0.61615492546882822 }, "geometry": { "type": "LineString", "coordinates": [ [ 1.2926422, 52.6548535 ], [ 1.2927109, 52.654858 ], [ 1.2927491, 52.6548314 ] ] } },
{ "type": "Feature", "properties": { "id": 56882, "nach": 0.48182006631070873 }, "geometry": { "type": "LineString", "coordinates": [ [ 1.2925849, 52.6548495 ], [ 1.2926422, 52.6548535 ] ] } },
{ "type": "Feature", "properties": { "id": 9002, "nach": 0.63409335105090703 }, "geometry": { "type": "LineString", "coordinates": [ [ 1.292613, 52.655095 ], [ 1.2928024, 52.6550427 ] ] } },
{ "type": "Feature", "properties": { "id": 17516, "nach": 0.5938068826909666 }, "geometry": { "type": "LineString", "coordinates": [ [ 1.2926073, 52.6552153 ], [ 1.292613, 52.655095 ] ] } },
{ "type": "Feature", "properties": { "id": 74813, "nach": 0.65261003752555968 }, "geometry": { "type": "LineString", "coordinates": [ [ 1.2923213, 52.6551829 ], [ 1.292613, 52.655095 ] ] } },
{ "type": "Feature", "properties": { "id": 17477, "nach": 0.6691760093720508 }, "geometry": { "type": "LineString", "coordinates": [ [ 1.2884867, 52.6563572 ], [ 1.2885629, 52.656332399999982 ] ] } },
{ "type": "Feature", "properties": { "id": 74816, "nach": 0.63859357865682698 }, "geometry": { "type": "LineString", "coordinates": [ [ 1.2896458, 52.655997 ], [ 1.2885629, 52.656332399999982 ] ] } },
{ "type": "Feature", "properties": { "id": 9009, "nach": 0.62925079969306952 }, "geometry": { "type": "LineString", "coordinates": [ [ 1.288506399999989, 52.6562556 ], [ 1.2885291, 52.6562891 ], [ 1.2885629, 52.656332399999982 ] ] } },
{ "type": "Feature", "properties": { "id": 69505, "nach": 0.7281956153980691 }, "geometry": { "type": "LineString", "coordinates": [ [ 1.2880549, 52.6564971 ], [ 1.2884867, 52.6563572 ] ] } },
{ "type": "Feature", "properties": { "id": 17960, "nach": 0.45540998429113605 }, "geometry": { "type": "LineString", "coordinates": [ [ 1.2888222, 52.6583221 ], [ 1.288893, 52.65745 ], [ 1.288918, 52.657221 ], [ 1.2886733, 52.6566171 ], [ 1.2885831, 52.6564842 ], [ 1.2885202, 52.65639860000001 ], [ 1.2884867, 52.6563572 ] ] } },
{ "type": "Feature", "properties": { "id": 67206, "nach": 0.72555747810447047 }, "geometry": { "type": "LineString", "coordinates": [ [ 1.2890786, 52.6562566 ], [ 1.2887208, 52.6563714 ], [ 1.2884867, 52.6563572 ] ] } },
{ "type": "Feature", "properties": { "id": 74817, "nach": 0.63207732810079442 }, "geometry": { "type": "LineString", "coordinates": [ [ 1.2896458, 52.655997 ], [ 1.2901654, 52.6558361 ] ] } },
{ "type": "Feature", "properties": { "id": 74818, "nach": 0.49370223521948753 }, "geometry": { "type": "LineString", "coordinates": [ [ 1.2896458, 52.655997 ], [ 1.2897663, 52.656035 ] ] } },
{ "type": "Feature", "properties": { "id": 9010, "nach": 0.61168288682627725 }, "geometry": { "type": "LineString", "coordinates": [ [ 1.288506399999989, 52.6562556 ], [ 1.2884863, 52.6561678 ], [ 1.2884684, 52.6560334 ], [ 1.2884433, 52.6558183 ], [ 1.2883825, 52.655399700000011 ] ] } },
{ "type": "Feature", "properties": { "id": 44215, "nach": 0.54701527990776599 }, "geometry": { "type": "LineString", "coordinates": [ [ 1.2885866, 52.6562337 ], [ 1.288506399999989, 52.6562556 ] ] } },
{ "type": "Feature", "properties": { "id": 44216, "nach": 0.58657355048047144 }, "geometry": { "type": "LineString", "coordinates": [ [ 1.2884001, 52.6562859 ], [ 1.288506399999989, 52.6562556 ] ] } },
{ "type": "Feature", "properties": { "id": 8992, "nach": 0.73367741917957319 }, "geometry": { "type": "LineString", "coordinates": [ [ 1.2867416, 52.6569223 ], [ 1.285894, 52.657198800000018 ] ] } },
{ "type": "Feature", "properties": { "id": 8861, "nach": 0.71531192507997543 }, "geometry": { "type": "LineString", "coordinates": [ [ 1.2853116, 52.657392400000013 ], [ 1.2854592, 52.6573433 ], [ 1.285894, 52.657198800000018 ] ] } },
{ "type": "Feature", "properties": { "id": 8837, "nach": 0.67710456321787538 }, "geometry": { "type": "LineString", "coordinates": [ [ 1.2854211, 52.6567743 ], [ 1.2855552, 52.656780600000012 ], [ 1.2855757, 52.6567839 ], [ 1.2856563, 52.65678960000001 ], [ 1.2856906, 52.65679930000001 ], [ 1.2857082, 52.65681570000001 ], [ 1.2857155, 52.657 ], [ 1.2858148, 52.6569992 ], [ 1.2858195, 52.6570655 ], [ 1.2858309, 52.6571261 ], [ 1.285894, 52.657198800000018 ] ] } },
{ "type": "Feature", "properties": { "id": 43226, "nach": 0.69956979221774918 }, "geometry": { "type": "LineString", "coordinates": [ [ 1.2869888, 52.6568424 ], [ 1.2867416, 52.6569223 ] ] } },
{ "type": "Feature", "properties": { "id": 80660, "nach": 0.62703958719150266 }, "geometry": { "type": "LineString", "coordinates": [ [ 1.2866055, 52.6557793 ], [ 1.2866071, 52.6558008 ], [ 1.2866677, 52.65665820000001 ], [ 1.2866738, 52.6567397 ], [ 1.2866805, 52.6567861 ], [ 1.286712, 52.656878300000017 ], [ 1.2867416, 52.6569223 ] ] } },
{ "type": "Feature", "properties": { "id": 62460, "nach": 0.6278027702340242 }, "geometry": { "type": "LineString", "coordinates": [ [ 1.2875264, 52.6565758 ], [ 1.2874666, 52.656595900000013 ], [ 1.2870707, 52.6567308 ], [ 1.2867684, 52.6567988 ], [ 1.2867416, 52.6569223 ] ] } },
{ "type": "Feature", "properties": { "id": 8863, "nach": 0.71017610786771013 }, "geometry": { "type": "LineString", "coordinates": [ [ 1.2849298, 52.6574943 ], [ 1.2850314, 52.657470600000018 ], [ 1.2853116, 52.657392400000013 ] ] } },
{ "type": "Feature", "properties": { "id": 44246, "nach": 0.54067810804056937 }, "geometry": { "type": "LineString", "coordinates": [ [ 1.2853808, 52.6575526 ], [ 1.2853705, 52.6575114 ], [ 1.2853565, 52.657458 ], [ 1.2853116, 52.657392400000013 ] ] } },
{ "type": "Feature", "properties": { "id": 74436, "nach": 0.54540112298184917 }, "geometry": { "type": "LineString", "coordinates": [ [ 1.2853784, 52.6568024 ], [ 1.2854211, 52.6567743 ] ] } },
{ "type": "Feature", "properties": { "id": 74440, "nach": 0.66736683237380934 }, "geometry": { "type": "LineString", "coordinates": [ [ 1.2853619, 52.6564875 ], [ 1.2853713, 52.656629700000011 ], [ 1.2854169, 52.65674520000001 ], [ 1.2854211, 52.6567743 ] ] } },
{ "type": "Feature", "properties": { "id": 43567, "nach": 0.54091947153881514 }, "geometry": { "type": "LineString", "coordinates": [ [ 1.2828424, 52.65751010000001 ], [ 1.2828115, 52.6576076 ] ] } },
{ "type": "Feature", "properties": { "id": 8875, "nach": 0.66648272614116855 }, "geometry": { "type": "LineString", "coordinates": [ [ 1.2835031, 52.657665 ], [ 1.2833917, 52.6577174 ], [ 1.2829687, 52.65769 ], [ 1.2828115, 52.6576076 ] ] } },
{ "type": "Feature", "properties": { "id": 60730, "nach": 0.65019840518726868 }, "geometry": { "type": "LineString", "coordinates": [ [ 1.282765, 52.6578172 ], [ 1.282773, 52.657736 ], [ 1.2828115, 52.6576076 ] ] } },
{ "type": "Feature", "properties": { "id": 17684, "nach": 0.65056506525585378 }, "geometry": { "type": "LineString", "coordinates": [ [ 1.2826037, 52.6575807 ], [ 1.2828115, 52.6576076 ] ] } },
{ "type": "Feature", "properties": { "id": 43568, "nach": 0.67843418400216482 }, "geometry": { "type": "LineString", "coordinates": [ [ 1.2828424, 52.65751010000001 ], [ 1.2827168, 52.6574942 ] ] } },
{ "type": "Feature", "properties": { "id": 44249, "nach": 0.68629153998752523 }, "geometry": { "type": "LineString", "coordinates": [ [ 1.2833174, 52.6575728 ], [ 1.2832205, 52.6575301 ], [ 1.2829274, 52.657491900000011 ], [ 1.2828424, 52.65751010000001 ] ] } },
{ "type": "Feature", "properties": { "id": 8874, "nach": 0.66745265922062103 }, "geometry": { "type": "LineString", "coordinates": [ [ 1.2835031, 52.657665 ], [ 1.283633, 52.6576668 ] ] } },
{ "type": "Feature", "properties": { "id": 60731, "nach": 0.54132185000535249 }, "geometry": { "type": "LineString", "coordinates": [ [ 1.282765, 52.6578172 ], [ 1.2830427, 52.6578387 ], [ 1.2831312, 52.65782 ], [ 1.2832332, 52.6578167 ] ] } },
{ "type": "Feature", "properties": { "id": 60735, "nach": 0.63052846952863717 }, "geometry": { "type": "LineString", "coordinates": [ [ 1.2827295, 52.6581606 ], [ 1.282754, 52.657929 ], [ 1.282765, 52.6578172 ] ] } },
{ "type": "Feature", "properties": { "id": 44238, "nach": 0.70735407978530795 }, "geometry": { "type": "LineString", "coordinates": [ [ 1.2811923, 52.6573956 ], [ 1.2812592, 52.6574039 ] ] } },
{ "type": "Feature", "properties": { "id": 211, "nach": 0.62128653433314196 }, "geometry": { "type": "LineString", "coordinates": [ [ 1.2812592, 52.6574039 ], [ 1.2819126, 52.6574908 ], [ 1.2822513, 52.6575367 ], [ 1.2824338, 52.657557 ] ] } },
{ "type": "Feature", "properties": { "id": 44244, "nach": 0.61820420112535812 }, "geometry": { "type": "LineString", "coordinates": [ [ 1.2817459, 52.6575318 ], [ 1.2812777, 52.6574685 ], [ 1.2812592, 52.6574039 ] ] } },
{ "type": "Feature", "properties": { "id": 8872, "nach": 0.65436405875696757 }, "geometry": { "type": "LineString", "coordinates": [ [ 1.2820474, 52.657438399999982 ], [ 1.2812592, 52.6574039 ] ] } },
{ "type": "Feature", "properties": { "id": 44240, "nach": 0.47979701055738844 }, "geometry": { "type": "LineString", "coordinates": [ [ 1.2811923, 52.6573956 ], [ 1.28114, 52.657489 ], [ 1.281137, 52.657563 ], [ 1.281189, 52.657698 ] ] } },
{ "type": "Feature", "properties": { "id": 44241, "nach": 0.42256837608293779 }, "geometry": { "type": "LineString", "coordinates": [ [ 1.2811923, 52.6573956 ], [ 1.281201, 52.6573492 ], [ 1.2811928, 52.6573309 ] ] } },
{ "type": "Feature", "properties": { "id": 44239, "nach": 0.70698424928550319 }, "geometry": { "type": "LineString", "coordinates": [ [ 1.2811923, 52.6573956 ], [ 1.2811311, 52.657388 ], [ 1.2809555, 52.6573663 ] ] } },
{ "type": "Feature", "properties": { "id": 17678, "nach": 0.52952649311704958 }, "geometry": { "type": "LineString", "coordinates": [ [ 1.2824338, 52.657557 ], [ 1.2824582, 52.6574651 ] ] } },
{ "type": "Feature", "properties": { "id": 17679, "nach": 0.6353052596652432 }, "geometry": { "type": "LineString", "coordinates": [ [ 1.2824338, 52.657557 ], [ 1.2826037, 52.6575807 ] ] } },
{ "type": "Feature", "properties": { "id": 44243, "nach": 0.58147184111394157 }, "geometry": { "type": "LineString", "coordinates": [ [ 1.2817459, 52.6575318 ], [ 1.2824601, 52.6576189 ], [ 1.2825781, 52.6576392 ], [ 1.2826037, 52.6575807 ] ] } },
{ "type": "Feature", "properties": { "id": 44264, "nach": 0.64303438187517115 }, "geometry": { "type": "LineString", "coordinates": [ [ 1.2816985, 52.657666 ], [ 1.2817257, 52.6575892 ], [ 1.2817413, 52.6575488 ], [ 1.2817459, 52.6575318 ] ] } },
{ "type": "Feature", "properties": { "id": 17463, "nach": 0.70870773835298806 }, "geometry": { "type": "LineString", "coordinates": [ [ 1.2797675, 52.6572241 ], [ 1.2799325, 52.6572443 ] ] } },
{ "type": "Feature", "properties": { "id": 8896, "nach": 0.59609058686973426 }, "geometry": { "type": "LineString", "coordinates": [ [ 1.2802421, 52.6564106 ], [ 1.280112, 52.656758600000018 ], [ 1.2799805, 52.6570938 ], [ 1.2799325, 52.6572443 ] ] } },
{ "type": "Feature", "properties": { "id": 44236, "nach": 0.70758101409234875 }, "geometry": { "type": "LineString", "coordinates": [ [ 1.2809555, 52.6573663 ], [ 1.2805662, 52.6573229 ], [ 1.2799325, 52.6572443 ] ] } },
{ "type": "Feature", "properties": { "id": 44230, "nach": 0.55950363080151411 }, "geometry": { "type": "LineString", "coordinates": [ [ 1.2810392, 52.6573125 ], [ 1.2800617, 52.6571952 ], [ 1.2799325, 52.6572443 ] ] } },
{ "type": "Feature", "properties": { "id": 17464, "nach": 0.71348705394035217 }, "geometry": { "type": "LineString", "coordinates": [ [ 1.2797675, 52.6572241 ], [ 1.2793194, 52.6571499 ], [ 1.2790062, 52.6570829 ], [ 1.2784329, 52.6569266 ] ] } },
{ "type": "Feature", "properties": { "id": 17658, "nach": 0.62107811571181137 }, "geometry": { "type": "LineString", "coordinates": [ [ 1.280118, 52.6577838 ], [ 1.280027, 52.6576188 ], [ 1.279979, 52.6575718 ], [ 1.279765, 52.6574468 ], [ 1.279737, 52.6574158 ], [ 1.279733, 52.6573678 ], [ 1.279744, 52.6573138 ], [ 1.2797675, 52.6572241 ] ] } },
{ "type": "Feature", "properties": { "id": 8895, "nach": 0.45089147943689889 }, "geometry": { "type": "LineString", "coordinates": [ [ 1.2802421, 52.6564106 ], [ 1.2803373, 52.6561257 ], [ 1.2803614, 52.6560378 ], [ 1.2803777, 52.6558965 ], [ 1.2804078, 52.6558496 ], [ 1.2805393, 52.6558529 ], [ 1.2807565, 52.65587570000001 ], [ 1.2808772, 52.6558936 ], [ 1.2812098, 52.6558968 ] ] } },
{ "type": "Feature", "properties": { "id": 32972, "nach": 0.53874798770509291 }, "geometry": { "type": "LineString", "coordinates": [ [ 1.2809961, 52.6565503 ], [ 1.2808784, 52.6565503 ], [ 1.2808339, 52.6565407 ], [ 1.2807703, 52.656501099999979 ], [ 1.2806924, 52.656455800000025 ], [ 1.2806082, 52.6564375 ], [ 1.2802421, 52.6564106 ] ] } },
{ "type": "Feature", "properties": { "id": 44235, "nach": 0.17231062695026214 }, "geometry": { "type": "LineString", "coordinates": [ [ 1.2809555, 52.6573663 ], [ 1.2810392, 52.6573125 ] ] } },
{ "type": "Feature", "properties": { "id": 44227, "nach": 0.53056484102119095 }, "geometry": { "type": "LineString", "coordinates": [ [ 1.2810392, 52.6573125 ], [ 1.2811498, 52.6572346 ] ] } },
{ "type": "Feature", "properties": { "id": 44232, "nach": 0.48476838960107493 }, "geometry": { "type": "LineString", "coordinates": [ [ 1.2811928, 52.6573309 ], [ 1.2810392, 52.6573125 ] ] } },
{ "type": "Feature", "properties": { "id": 8871, "nach": 0.40045166047806624 }, "geometry": { "type": "LineString", "coordinates": [ [ 1.2844808, 52.6575351 ], [ 1.2844949, 52.6575974 ] ] } },
{ "type": "Feature", "properties": { "id": 464, "nach": 0.67844882043233701 }, "geometry": { "type": "LineString", "coordinates": [ [ 1.2844949, 52.6575974 ], [ 1.2847818, 52.6575479 ], [ 1.2849298, 52.6574943 ] ] } },
{ "type": "Feature", "properties": { "id": 2758, "nach": 0.67890637760611072 }, "geometry": { "type": "LineString", "coordinates": [ [ 1.2841992, 52.6576436 ], [ 1.2844949, 52.6575974 ] ] } },
{ "type": "Feature", "properties": { "id": 8869, "nach": 0.54840950700468083 }, "geometry": { "type": "LineString", "coordinates": [ [ 1.2844808, 52.6575351 ], [ 1.2844516, 52.6574155 ] ] } },
{ "type": "Feature", "properties": { "id": 8864, "nach": 0.6586333319815324 }, "geometry": { "type": "LineString", "coordinates": [ [ 1.2849298, 52.6574943 ], [ 1.2846596, 52.6575179 ], [ 1.2844808, 52.6575351 ] ] } },
{ "type": "Feature", "properties": { "id": 8870, "nach": 0.64515120763804834 }, "geometry": { "type": "LineString", "coordinates": [ [ 1.2844808, 52.6575351 ], [ 1.2841761, 52.6575651 ] ] } },
{ "type": "Feature", "properties": { "id": 44254, "nach": 0.6105747669045235 }, "geometry": { "type": "LineString", "coordinates": [ [ 1.2850172, 52.6576228 ], [ 1.2849808, 52.6575646 ], [ 1.2849298, 52.6574943 ] ] } },
{ "type": "Feature", "properties": { "id": 9189, "nach": 0.6226578368841017 }, "geometry": { "type": "LineString", "coordinates": [ [ 1.2836743, 52.6529407 ], [ 1.2833835, 52.6529234 ] ] } },
{ "type": "Feature", "properties": { "id": 39111, "nach": 0.64872266065137441 }, "geometry": { "type": "LineString", "coordinates": [ [ 1.2834739, 52.65326670000001 ], [ 1.2834205, 52.6531058 ], [ 1.2833835, 52.6529234 ] ] } },
{ "type": "Feature", "properties": { "id": 9191, "nach": 0.59101586885110768 }, "geometry": { "type": "LineString", "coordinates": [ [ 1.2836743, 52.6529407 ], [ 1.284006, 52.6529602 ], [ 1.2844207, 52.6529608 ], [ 1.2847496, 52.6529556 ] ] } },
{ "type": "Feature", "properties": { "id": 9298, "nach": 0.56406484441843618 }, "geometry": { "type": "LineString", "coordinates": [ [ 1.2840378, 52.652563 ], [ 1.2838957, 52.652714300000014 ], [ 1.2837374, 52.652877 ], [ 1.2836743, 52.6529407 ] ] } },
{ "type": "Feature", "properties": { "id": 39109, "nach": 0.64552695240745761 }, "geometry": { "type": "LineString", "coordinates": [ [ 1.2834739, 52.65326670000001 ], [ 1.2834881, 52.6533097 ] ] } },
{ "type": "Feature", "properties": { "id": 39110, "nach": 0.4543156591652619 }, "geometry": { "type": "LineString", "coordinates": [ [ 1.2834739, 52.65326670000001 ], [ 1.2845843, 52.6532607 ] ] } },
{ "type": "Feature", "properties": { "id": 18711, "nach": 0.6156259203143053 }, "geometry": { "type": "LineString", "coordinates": [ [ 1.3012335, 52.6612333 ], [ 1.3014352, 52.661192900000017 ], [ 1.3018415, 52.6611049 ], [ 1.3021207, 52.661045500000014 ], [ 1.3024736, 52.6609741 ] ] } },
{ "type": "Feature", "properties": { "id": 589, "nach": 0.61452546414275133 }, "geometry": { "type": "LineString", "coordinates": [ [ 1.3027177, 52.661382499999988 ], [ 1.3026078, 52.661180200000011 ], [ 1.3025312, 52.6610516 ], [ 1.3024736, 52.6609741 ] ] } },
{ "type": "Feature", "properties": { "id": 32698, "nach": 0.60896458064237324 }, "geometry": { "type": "LineString", "coordinates": [ [ 1.3021586, 52.6602667 ], [ 1.3022349, 52.660423 ], [ 1.3024736, 52.6609741 ] ] } },
{ "type": "Feature", "properties": { "id": 18712, "nach": 0.61693736903557128 }, "geometry": { "type": "LineString", "coordinates": [ [ 1.3012335, 52.6612333 ], [ 1.3010054, 52.66129260000001 ], [ 1.3007361, 52.6613533 ], [ 1.3005193, 52.6614008 ], [ 1.300196, 52.6614676 ], [ 1.3001731, 52.6614723 ] ] } },
{ "type": "Feature", "properties": { "id": 62828, "nach": 0.52789623721846202 }, "geometry": { "type": "LineString", "coordinates": [ [ 1.3013939, 52.6614876 ], [ 1.3013468, 52.6614128 ], [ 1.3012335, 52.6612333 ] ] } },
{ "type": "Feature", "properties": { "id": 16536, "nach": 0.58366529522753197 }, "geometry": { "type": "LineString", "coordinates": [ [ 1.3028368, 52.6614437 ], [ 1.3027177, 52.661382499999988 ] ] } },
{ "type": "Feature", "properties": { "id": 81146, "nach": 0.54675843381814204 }, "geometry": { "type": "LineString", "coordinates": [ [ 1.3032897, 52.6612451 ], [ 1.3030664, 52.6612973 ], [ 1.3027177, 52.661382499999988 ] ] } },
{ "type": "Feature", "properties": { "id": 32699, "nach": 0.54258010968530357 }, "geometry": { "type": "LineString", "coordinates": [ [ 1.3021586, 52.6602667 ], [ 1.3020177, 52.6602659 ], [ 1.3018906, 52.6602758 ], [ 1.3018026, 52.6603038 ] ] } },
{ "type": "Feature", "properties": { "id": 32697, "nach": 0.61719819740039783 }, "geometry": { "type": "LineString", "coordinates": [ [ 1.3021586, 52.6602667 ], [ 1.3019693, 52.6598898 ] ] } },
{ "type": "Feature", "properties": { "id": 18668, "nach": 0.60457277930200981 }, "geometry": { "type": "LineString", "coordinates": [ [ 1.2973057, 52.662445 ], [ 1.2970154, 52.6625104 ] ] } },
{ "type": "Feature", "properties": { "id": 18657, "nach": 0.60940854197496852 }, "geometry": { "type": "LineString", "coordinates": [ [ 1.2969185, 52.6625321 ], [ 1.2970154, 52.6625104 ] ] } },
{ "type": "Feature", "properties": { "id": 58266, "nach": 0.34761042382688684 }, "geometry": { "type": "LineString", "coordinates": [ [ 1.2969702, 52.662434600000012 ], [ 1.2970154, 52.6625104 ] ] } },
{ "type": "Feature", "properties": { "id": 18667, "nach": 0.6168909917826364 }, "geometry": { "type": "LineString", "coordinates": [ [ 1.2973057, 52.662445 ], [ 1.2975172, 52.6623866 ] ] } },
{ "type": "Feature", "properties": { "id": 18678, "nach": 0.50865896716024961 }, "geometry": { "type": "LineString", "coordinates": [ [ 1.2972475, 52.6626551 ], [ 1.2972355, 52.6626361 ], [ 1.2972335, 52.6626051 ], [ 1.2972655, 52.6625441 ], [ 1.2973125, 52.662497100000017 ], [ 1.2973215, 52.6624781 ], [ 1.2973057, 52.662445 ] ] } },
{ "type": "Feature", "properties": { "id": 18658, "nach": 0.64174757145825978 }, "geometry": { "type": "LineString", "coordinates": [ [ 1.2969185, 52.6625321 ], [ 1.296794, 52.6625574 ], [ 1.2966878, 52.6625721 ], [ 1.2965773, 52.6625756 ] ] } },
{ "type": "Feature", "properties": { "id": 18659, "nach": 0.57998996130878333 }, "geometry": { "type": "LineString", "coordinates": [ [ 1.2969185, 52.6625321 ], [ 1.296941, 52.6625706 ], [ 1.2969563, 52.662603800000021 ] ] } },
{ "type": "Feature", "properties": { "id": 58267, "nach": 0.52799435984805287 }, "geometry": { "type": "LineString", "coordinates": [ [ 1.2969702, 52.662434600000012 ], [ 1.296909, 52.66233 ], [ 1.296827, 52.662169 ], [ 1.296804, 52.6621 ], [ 1.2968017, 52.662007600000017 ], [ 1.2968144, 52.661914 ], [ 1.2968461, 52.6618326 ], [ 1.2968968, 52.6617452 ], [ 1.2970187, 52.6616023 ], [ 1.2970864, 52.6615237 ] ] } },
{ "type": "Feature", "properties": { "id": 58268, "nach": 0.51563612343145548 }, "geometry": { "type": "LineString", "coordinates": [ [ 1.2969702, 52.662434600000012 ], [ 1.2968736, 52.6624566 ], [ 1.2966201, 52.6625371 ], [ 1.2964925, 52.6625715 ] ] } },
{ "type": "Feature", "properties": { "id": 58269, "nach": 0.47686204840360186 }, "geometry": { "type": "LineString", "coordinates": [ [ 1.2969702, 52.662434600000012 ], [ 1.2973725, 52.66236880000001 ], [ 1.2975172, 52.6623866 ] ] } },
{ "type": "Feature", "properties": { "id": 18225, "nach": 0.64495230843650442 }, "geometry": { "type": "LineString", "coordinates": [ [ 1.2953039, 52.6628975 ], [ 1.2952612, 52.662815499999986 ] ] } },
{ "type": "Feature", "properties": { "id": 18652, "nach": 0.65819836181430669 }, "geometry": { "type": "LineString", "coordinates": [ [ 1.2964925, 52.6625715 ], [ 1.296395, 52.6625723 ], [ 1.296312, 52.6625721 ], [ 1.2962538, 52.662580400000017 ], [ 1.2961481, 52.6626036 ], [ 1.2952612, 52.662815499999986 ] ] } },
{ "type": "Feature", "properties": { "id": 73188, "nach": 0.673340382494376 }, "geometry": { "type": "LineString", "coordinates": [ [ 1.2950306, 52.662417600000012 ], [ 1.2951867, 52.6626791 ], [ 1.2952612, 52.662815499999986 ] ] } },
{ "type": "Feature", "properties": { "id": 18557, "nach": 0.45572505073872127 }, "geometry": { "type": "LineString", "coordinates": [ [ 1.2938148, 52.6633524 ], [ 1.2940024, 52.6633108 ], [ 1.2941774, 52.6632599 ], [ 1.2946331, 52.663066 ], [ 1.2953039, 52.6628975 ] ] } },
{ "type": "Feature", "properties": { "id": 18563, "nach": 0.63872936263171243 }, "geometry": { "type": "LineString", "coordinates": [ [ 1.2956362, 52.6635787 ], [ 1.295496, 52.663262 ], [ 1.2953039, 52.6628975 ] ] } },
{ "type": "Feature", "properties": { "id": 18651, "nach": 0.64647838495893806 }, "geometry": { "type": "LineString", "coordinates": [ [ 1.2964925, 52.6625715 ], [ 1.2965773, 52.6625756 ] ] } },
{ "type": "Feature", "properties": { "id": 73187, "nach": 0.67588240139738787 }, "geometry": { "type": "LineString", "coordinates": [ [ 1.2950306, 52.662417600000012 ], [ 1.2949911, 52.6623547 ], [ 1.2948601, 52.6621544 ] ] } },
{ "type": "Feature", "properties": { "id": 73190, "nach": 0.4789840000457774 }, "geometry": { "type": "LineString", "coordinates": [ [ 1.2953722, 52.6623541 ], [ 1.2952808, 52.6623535 ], [ 1.2952157, 52.6623655 ], [ 1.2950306, 52.662417600000012 ] ] } },
{ "type": "Feature", "properties": { "id": 2755, "nach": 0.59751519259288455 }, "geometry": { "type": "LineString", "coordinates": [ [ 1.294486, 52.66201550000001 ], [ 1.2946041, 52.662028 ], [ 1.2947254, 52.6620606 ], [ 1.2947761, 52.6620833 ], [ 1.294825, 52.6621154 ], [ 1.2948601, 52.6621544 ] ] } },
{ "type": "Feature", "properties": { "id": 18224, "nach": 0.65286374867703278 }, "geometry": { "type": "LineString", "coordinates": [ [ 1.2943207, 52.6617357 ], [ 1.2944669, 52.6617758 ], [ 1.2948223, 52.6620463 ], [ 1.2948679, 52.6621154 ], [ 1.2948601, 52.6621544 ] ] } },
{ "type": "Feature", "properties": { "id": 18223, "nach": 0.56006636422660294 }, "geometry": { "type": "LineString", "coordinates": [ [ 1.2943207, 52.6617357 ], [ 1.2944321, 52.6618446 ], [ 1.2944552, 52.661889 ], [ 1.2944669, 52.6619303 ], [ 1.294486, 52.66201550000001 ] ] } },
{ "type": "Feature", "properties": { "id": 18474, "nach": 0.62469704378620983 }, "geometry": { "type": "LineString", "coordinates": [ [ 1.2914738, 52.6635369 ], [ 1.2917372, 52.6634298 ], [ 1.2919362, 52.6633355 ], [ 1.2921166, 52.6632506 ], [ 1.2924195, 52.6630968 ], [ 1.2930622, 52.662735 ], [ 1.2932949, 52.6626194 ], [ 1.2935076, 52.662512 ], [ 1.2937732, 52.662397300000016 ], [ 1.2942409, 52.6621981 ], [ 1.2943879, 52.6621229 ], [ 1.2944294, 52.6620877 ], [ 1.294486, 52.66201550000001 ] ] } },
{ "type": "Feature", "properties": { "id": 87221, "nach": 0.66812197325286071 }, "geometry": { "type": "LineString", "coordinates": [ [ 1.2939324, 52.6614523 ], [ 1.2943207, 52.6617357 ] ] } },
{ "type": "Feature", "properties": { "id": 5768, "nach": 0.67961463749474227 }, "geometry": { "type": "LineString", "coordinates": [ [ 1.2929944, 52.660699 ], [ 1.2931216, 52.660791900000014 ] ] } },
{ "type": "Feature", "properties": { "id": 18219, "nach": 0.67416959715644531 }, "geometry": { "type": "LineString", "coordinates": [ [ 1.2937315, 52.6613057 ], [ 1.2931216, 52.660791900000014 ] ] } },
{ "type": "Feature", "properties": { "id": 27950, "nach": 0.55110963243705646 }, "geometry": { "type": "LineString", "coordinates": [ [ 1.2934392, 52.6605965 ], [ 1.2934168, 52.6606201 ], [ 1.2933649, 52.66066270000001 ], [ 1.2932645, 52.6607275 ], [ 1.2931216, 52.660791900000014 ] ] } },
{ "type": "Feature", "properties": { "id": 67177, "nach": 0.64096072184632424 }, "geometry": { "type": "LineString", "coordinates": [ [ 1.2924887, 52.6601956 ], [ 1.2925404, 52.6603 ], [ 1.2925987, 52.6603781 ], [ 1.2926522, 52.660439499999988 ], [ 1.2927534, 52.660527299999984 ], [ 1.2928853, 52.6606224 ], [ 1.2929944, 52.660699 ] ] } },
{ "type": "Feature", "properties": { "id": 18177, "nach": 0.66385381812194533 }, "geometry": { "type": "LineString", "coordinates": [ [ 1.2917801, 52.6611098 ], [ 1.292357, 52.660886 ], [ 1.292525, 52.660827 ], [ 1.292684, 52.660787 ], [ 1.292873, 52.660745 ], [ 1.2929944, 52.660699 ] ] } },
{ "type": "Feature", "properties": { "id": 18221, "nach": 0.61652363120310405 }, "geometry": { "type": "LineString", "coordinates": [ [ 1.2937315, 52.6613057 ], [ 1.2935737, 52.6613765 ], [ 1.2933387, 52.6614815 ], [ 1.2932187, 52.6615395 ], [ 1.2931057, 52.66161850000001 ], [ 1.2929957, 52.6617035 ], [ 1.2929397, 52.6617315 ], [ 1.2928827, 52.6617425 ], [ 1.2928357, 52.6617452 ] ] } },
{ "type": "Feature", "properties": { "id": 87220, "nach": 0.66862477338108484 }, "geometry": { "type": "LineString", "coordinates": [ [ 1.2939324, 52.6614523 ], [ 1.2937315, 52.6613057 ] ] } },
{ "type": "Feature", "properties": { "id": 27949, "nach": 0.52188691287043987 }, "geometry": { "type": "LineString", "coordinates": [ [ 1.2934392, 52.6605965 ], [ 1.2935322, 52.6604984 ], [ 1.293631, 52.6604597 ], [ 1.2937649, 52.6604617 ] ] } },
{ "type": "Feature", "properties": { "id": 27951, "nach": 0.0 }, "geometry": { "type": "LineString", "coordinates": [ [ 1.2939768, 52.6605081 ], [ 1.2939896, 52.6605525 ], [ 1.2938605, 52.6606946 ], [ 1.293521, 52.6606212 ], [ 1.2934392, 52.6605965 ] ] } },
{ "type": "Feature", "properties": { "id": 18746, "nach": 0.59524917390338561 }, "geometry": { "type": "LineString", "coordinates": [ [ 1.3032342, 52.6618346 ], [ 1.3028368, 52.6614437 ] ] } },
{ "type": "Feature", "properties": { "id": 81149, "nach": 0.48201087643754909 }, "geometry": { "type": "LineString", "coordinates": [ [ 1.3033742, 52.6612946 ], [ 1.303006, 52.661389 ], [ 1.3028368, 52.6614437 ] ] } },
{ "type": "Feature", "properties": { "id": 81147, "nach": 0.51014602527055386 }, "geometry": { "type": "LineString", "coordinates": [ [ 1.3033742, 52.6612946 ], [ 1.3032897, 52.6612451 ] ] } },
{ "type": "Feature", "properties": { "id": 81151, "nach": 0.48958181937992551 }, "geometry": { "type": "LineString", "coordinates": [ [ 1.3036881, 52.6611517 ], [ 1.3036653, 52.661157400000015 ], [ 1.3032897, 52.6612451 ] ] } },
{ "type": "Feature", "properties": { "id": 15545, "nach": 0.627583567161064 }, "geometry": { "type": "LineString", "coordinates": [ [ 1.3029471, 52.6546862 ], [ 1.3030722, 52.6548701 ], [ 1.3031411, 52.65495090000001 ] ] } },
{ "type": "Feature", "properties": { "id": 15548, "nach": 0.54512176446591443 }, "geometry": { "type": "LineString", "coordinates": [ [ 1.3031086, 52.654643600000014 ], [ 1.30316, 52.654724 ], [ 1.303234, 52.654929 ], [ 1.3031411, 52.65495090000001 ] ] } },
{ "type": "Feature", "properties": { "id": 16397, "nach": 0.64481533101243338 }, "geometry": { "type": "LineString", "coordinates": [ [ 1.3035453, 52.6553229 ], [ 1.3034121, 52.6552163 ], [ 1.3032502, 52.65507490000001 ], [ 1.3031411, 52.65495090000001 ] ] } },
{ "type": "Feature", "properties": { "id": 16382, "nach": 0.62907982779474203 }, "geometry": { "type": "LineString", "coordinates": [ [ 1.3029344, 52.654666 ], [ 1.3029471, 52.6546862 ] ] } },
{ "type": "Feature", "properties": { "id": 15547, "nach": 0.35096252036667558 }, "geometry": { "type": "LineString", "coordinates": [ [ 1.3031086, 52.654643600000014 ], [ 1.3029471, 52.6546862 ] ] } },
{ "type": "Feature", "properties": { "id": 15549, "nach": 0.55617235444491564 }, "geometry": { "type": "LineString", "coordinates": [ [ 1.3031086, 52.654643600000014 ], [ 1.30308, 52.654597 ], [ 1.3029259, 52.654476600000017 ] ] } },
{ "type": "Feature", "properties": { "id": 15560, "nach": 0.58775034260796644 }, "geometry": { "type": "LineString", "coordinates": [ [ 1.3040692, 52.654375899999984 ], [ 1.3031086, 52.654643600000014 ] ] } },
{ "type": "Feature", "properties": { "id": 16396, "nach": 0.64520695105319714 }, "geometry": { "type": "LineString", "coordinates": [ [ 1.3035453, 52.6553229 ], [ 1.303659, 52.6554141 ], [ 1.3037589, 52.6554873 ] ] } },
{ "type": "Feature", "properties": { "id": 16395, "nach": 0.49441057977005065 }, "geometry": { "type": "LineString", "coordinates": [ [ 1.3035453, 52.6553229 ], [ 1.30327, 52.655425 ], [ 1.30308, 52.655487 ], [ 1.302911, 52.655527 ], [ 1.3024715, 52.655582800000012 ] ] } },
{ "type": "Feature", "properties": { "id": 16441, "nach": 0.58929130146082831 }, "geometry": { "type": "LineString", "coordinates": [ [ 1.3066493, 52.65737570000001 ], [ 1.306502, 52.6572865 ] ] } },
{ "type": "Feature", "properties": { "id": 15652, "nach": 0.55095964365074024 }, "geometry": { "type": "LineString", "coordinates": [ [ 1.3065276, 52.6572765 ], [ 1.306502, 52.6572865 ] ] } },
{ "type": "Feature", "properties": { "id": 15646, "nach": 0.62014935415773209 }, "geometry": { "type": "LineString", "coordinates": [ [ 1.3048315, 52.6562375 ], [ 1.3049888, 52.6563371 ], [ 1.3052518, 52.6564994 ], [ 1.3057019, 52.6567878 ], [ 1.3061417, 52.6570636 ], [ 1.306502, 52.6572865 ] ] } },
{ "type": "Feature", "properties": { "id": 16503, "nach": 0.50196441470834285 }, "geometry": { "type": "LineString", "coordinates": [ [ 1.3059417, 52.6576157 ], [ 1.3064, 52.657493 ], [ 1.306547, 52.657446 ], [ 1.3066493, 52.65737570000001 ] ] } },
{ "type": "Feature", "properties": { "id": 16516, "nach": 0.57614439039663012 }, "geometry": { "type": "LineString", "coordinates": [ [ 1.3068652, 52.6574864 ], [ 1.3067481, 52.657429399999977 ], [ 1.3066493, 52.65737570000001 ] ] } },
{ "type": "Feature", "properties": { "id": 15653, "nach": 0.54343913718281367 }, "geometry": { "type": "LineString", "coordinates": [ [ 1.3065276, 52.6572765 ], [ 1.306614, 52.65731 ], [ 1.3069753, 52.65743770000001 ] ] } },
{ "type": "Feature", "properties": { "id": 57695, "nach": 0.42461572269036657 }, "geometry": { "type": "LineString", "coordinates": [ [ 1.3067038, 52.6567869 ], [ 1.3068822, 52.656903199999988 ], [ 1.3069211, 52.6569512 ], [ 1.3069198, 52.65699020000001 ], [ 1.3068849, 52.6570309 ], [ 1.3068353, 52.657083 ], [ 1.3066891, 52.657181400000013 ], [ 1.3065276, 52.6572765 ] ] } },
{ "type": "Feature", "properties": { "id": 15647, "nach": 0.64593667484167361 }, "geometry": { "type": "LineString", "coordinates": [ [ 1.3048315, 52.6562375 ], [ 1.3046684, 52.6561239 ], [ 1.3044594, 52.6559818 ], [ 1.304193, 52.6557959 ], [ 1.3039507, 52.6556273 ], [ 1.3037589, 52.6554873 ] ] } },
{ "type": "Feature", "properties": { "id": 15644, "nach": 0.63125779802412307 }, "geometry": { "type": "LineString", "coordinates": [ [ 1.3048315, 52.6562375 ], [ 1.304995, 52.656194 ], [ 1.305255, 52.656102 ], [ 1.305332, 52.656078 ], [ 1.305529, 52.656026 ] ] } },
{ "type": "Feature", "properties": { "id": 16419, "nach": 0.63222879072362559 }, "geometry": { "type": "LineString", "coordinates": [ [ 1.3045096, 52.6563306 ], [ 1.304679, 52.656277 ], [ 1.3048315, 52.6562375 ] ] } },
{ "type": "Feature", "properties": { "id": 51595, "nach": 0.57494718273061773 }, "geometry": { "type": "LineString", "coordinates": [ [ 1.3073471, 52.6576502 ], [ 1.3072041, 52.6576123 ] ] } },
{ "type": "Feature", "properties": { "id": 15820, "nach": 0.57641463859128839 }, "geometry": { "type": "LineString", "coordinates": [ [ 1.3068996, 52.6575011 ], [ 1.3072041, 52.6576123 ] ] } },
{ "type": "Feature", "properties": { "id": 15816, "nach": 0.25212365737737974 }, "geometry": { "type": "LineString", "coordinates": [ [ 1.307241, 52.657562 ], [ 1.3072041, 52.6576123 ] ] } },
{ "type": "Feature", "properties": { "id": 51596, "nach": 0.50725041028696805 }, "geometry": { "type": "LineString", "coordinates": [ [ 1.3073471, 52.6576502 ], [ 1.3073359, 52.6575991 ], [ 1.307241, 52.657562 ] ] } },
{ "type": "Feature", "properties": { "id": 51597, "nach": 0.59528592671935843 }, "geometry": { "type": "LineString", "coordinates": [ [ 1.3073471, 52.6576502 ], [ 1.3074567, 52.657679200000011 ], [ 1.3076761, 52.6577301 ], [ 1.3079119, 52.657782199999986 ], [ 1.308194, 52.657838 ] ] } },
{ "type": "Feature", "properties": { "id": 15819, "nach": 0.34799213870072343 }, "geometry": { "type": "LineString", "coordinates": [ [ 1.3068996, 52.6575011 ], [ 1.3069753, 52.65743770000001 ] ] } },
{ "type": "Feature", "properties": { "id": 16514, "nach": 0.57990285697031618 }, "geometry": { "type": "LineString", "coordinates": [ [ 1.3068652, 52.6574864 ], [ 1.3068996, 52.6575011 ] ] } },
{ "type": "Feature", "properties": { "id": 15818, "nach": 0.51275633279880783 }, "geometry": { "type": "LineString", "coordinates": [ [ 1.307241, 52.657562 ], [ 1.307049, 52.657464 ], [ 1.3069753, 52.65743770000001 ] ] } },
{ "type": "Feature", "properties": { "id": 51608, "nach": 0.35494143370649445 }, "geometry": { "type": "LineString", "coordinates": [ [ 1.310283, 52.6586417 ], [ 1.3101948, 52.6586773 ] ] } },
{ "type": "Feature", "properties": { "id": 16716, "nach": 0.57125112921926813 }, "geometry": { "type": "LineString", "coordinates": [ [ 1.3103432, 52.6588062 ], [ 1.3101948, 52.6586773 ] ] } },
{ "type": "Feature", "properties": { "id": 15832, "nach": 0.56861872372417044 }, "geometry": { "type": "LineString", "coordinates": [ [ 1.3093648, 52.6581619 ], [ 1.3094195, 52.658185 ], [ 1.3096253, 52.6582843 ], [ 1.3097963, 52.6583822 ], [ 1.3099527, 52.6584832 ], [ 1.3101948, 52.6586773 ] ] } },
{ "type": "Feature", "properties": { "id": 51607, "nach": 0.42769199944154257 }, "geometry": { "type": "LineString", "coordinates": [ [ 1.310283, 52.6586417 ], [ 1.3107763, 52.6584485 ] ] } },
{ "type": "Feature", "properties": { "id": 51609, "nach": 0.47906109772996108 }, "geometry": { "type": "LineString", "coordinates": [ [ 1.310283, 52.6586417 ], [ 1.310409, 52.6587587 ], [ 1.3105356, 52.6588989 ], [ 1.31057, 52.6590274 ] ] } },
{ "type": "Feature", "properties": { "id": 51610, "nach": 0.49088007395469574 }, "geometry": { "type": "LineString", "coordinates": [ [ 1.310283, 52.6586417 ], [ 1.3100532, 52.658455 ], [ 1.309873, 52.6583287 ], [ 1.309732, 52.658254 ], [ 1.3095439, 52.65818 ], [ 1.309404, 52.6581284 ] ] } },
{ "type": "Feature", "properties": { "id": 16714, "nach": 0.51212581493956311 }, "geometry": { "type": "LineString", "coordinates": [ [ 1.3103432, 52.6588062 ], [ 1.309477, 52.659219 ] ] } },
{ "type": "Feature", "properties": { "id": 33375, "nach": 0.54507482590273493 }, "geometry": { "type": "LineString", "coordinates": [ [ 1.31057, 52.6590274 ], [ 1.3103432, 52.6588062 ] ] } },
{ "type": "Feature", "properties": { "id": 51604, "nach": 0.4554592186729261 }, "geometry": { "type": "LineString", "coordinates": [ [ 1.309404, 52.6581284 ], [ 1.3093648, 52.6581619 ] ] } },
{ "type": "Feature", "properties": { "id": 51603, "nach": 0.55799400342085226 }, "geometry": { "type": "LineString", "coordinates": [ [ 1.3092539, 52.6581181 ], [ 1.3092596, 52.6581658 ], [ 1.3093257, 52.6581943 ], [ 1.3093648, 52.6581619 ] ] } },
{ "type": "Feature", "properties": { "id": 74852, "nach": 0.6361512656759899 }, "geometry": { "type": "LineString", "coordinates": [ [ 1.3074011, 52.6662536 ], [ 1.3074068, 52.666206900000013 ] ] } },
{ "type": "Feature", "properties": { "id": 16650, "nach": 0.62260133313108823 }, "geometry": { "type": "LineString", "coordinates": [ [ 1.3068757, 52.66625040000001 ], [ 1.3071499, 52.6662165 ], [ 1.3072834, 52.6662095 ], [ 1.3074068, 52.666206900000013 ] ] } },
{ "type": "Feature", "properties": { "id": 16929, "nach": 0.67399303476122729 }, "geometry": { "type": "LineString", "coordinates": [ [ 1.3077743, 52.6662426 ], [ 1.3076723, 52.6662287 ], [ 1.3075446, 52.6662139 ], [ 1.3074068, 52.666206900000013 ] ] } },
{ "type": "Feature", "properties": { "id": 74853, "nach": 0.63318278325907917 }, "geometry": { "type": "LineString", "coordinates": [ [ 1.3074011, 52.6662536 ], [ 1.307387, 52.666369 ], [ 1.3073487, 52.6665267 ] ] } },
{ "type": "Feature", "properties": { "id": 74855, "nach": 0.56959483273425859 }, "geometry": { "type": "LineString", "coordinates": [ [ 1.3074011, 52.6662536 ], [ 1.3073389, 52.6662533 ], [ 1.3072919, 52.66625530000001 ], [ 1.3071444, 52.6662606 ], [ 1.3070335, 52.6662758 ], [ 1.3069225, 52.6662941 ], [ 1.3068539, 52.6663103 ], [ 1.3065941, 52.6663825 ] ] } },
{ "type": "Feature", "properties": { "id": 74859, "nach": 0.5588060382020783 }, "geometry": { "type": "LineString", "coordinates": [ [ 1.3091515, 52.666528 ], [ 1.3088962, 52.666499500000015 ], [ 1.3086921, 52.6664668 ], [ 1.3084793, 52.6664273 ], [ 1.3080445, 52.666343399999988 ], [ 1.3079735, 52.6663275 ], [ 1.3077619, 52.666287 ], [ 1.3075503, 52.666258600000013 ], [ 1.3074405, 52.6662533 ], [ 1.3074011, 52.6662536 ] ] } },
{ "type": "Feature", "properties": { "id": 16649, "nach": 0.62391572214265356 }, "geometry": { "type": "LineString", "coordinates": [ [ 1.3068757, 52.66625040000001 ], [ 1.3067307, 52.6662896 ], [ 1.3065642, 52.6663375 ] ] } },
{ "type": "Feature", "properties": { "id": 16648, "nach": 0.43236269437193986 }, "geometry": { "type": "LineString", "coordinates": [ [ 1.3068757, 52.66625040000001 ], [ 1.3070711, 52.6661893 ] ] } },
{ "type": "Feature", "properties": { "id": 16928, "nach": 0.5710637963136046 }, "geometry": { "type": "LineString", "coordinates": [ [ 1.3077743, 52.6662426 ], [ 1.3076647, 52.6661926 ], [ 1.3075279, 52.6661731 ], [ 1.307395, 52.6661632 ], [ 1.3072464, 52.666167 ], [ 1.3071253, 52.6661778 ], [ 1.3070711, 52.6661893 ] ] } },
{ "type": "Feature", "properties": { "id": 16930, "nach": 0.68677370821558092 }, "geometry": { "type": "LineString", "coordinates": [ [ 1.3079494, 52.66628 ], [ 1.3077743, 52.6662426 ] ] } },
{ "type": "Feature", "properties": { "id": 74857, "nach": 0.61685085146595564 }, "geometry": { "type": "LineString", "coordinates": [ [ 1.3091515, 52.666528 ], [ 1.3091628, 52.666498 ] ] } },
{ "type": "Feature", "properties": { "id": 621, "nach": 0.57297676599946268 }, "geometry": { "type": "LineString", "coordinates": [ [ 1.3095733, 52.666509 ], [ 1.309344, 52.6665072 ], [ 1.3091628, 52.666498 ] ] } },
{ "type": "Feature", "properties": { "id": 16940, "nach": 0.57874585741155804 }, "geometry": { "type": "LineString", "coordinates": [ [ 1.3085952, 52.6664142 ], [ 1.3087925, 52.6664532 ], [ 1.308893, 52.6664687 ], [ 1.3090302, 52.6664845 ], [ 1.3091628, 52.666498 ] ] } },
{ "type": "Feature", "properties": { "id": 74856, "nach": 0.60870740829039482 }, "geometry": { "type": "LineString", "coordinates": [ [ 1.3091515, 52.666528 ], [ 1.309116, 52.6666265 ] ] } },
{ "type": "Feature", "properties": { "id": 74863, "nach": 0.53265265181454413 }, "geometry": { "type": "LineString", "coordinates": [ [ 1.3095568, 52.6665427 ], [ 1.3094898, 52.6665428 ], [ 1.3093127, 52.6665388 ], [ 1.3091515, 52.666528 ] ] } },
{ "type": "Feature", "properties": { "id": 74860, "nach": 0.66958651471766739 }, "geometry": { "type": "LineString", "coordinates": [ [ 1.3095568, 52.6665427 ], [ 1.3095733, 52.666509 ] ] } },
{ "type": "Feature", "properties": { "id": 16969, "nach": 0.61361555963095316 }, "geometry": { "type": "LineString", "coordinates": [ [ 1.3095825, 52.6664711 ], [ 1.3095733, 52.666509 ] ] } },
{ "type": "Feature", "properties": { "id": 16973, "nach": 0.65330212659393938 }, "geometry": { "type": "LineString", "coordinates": [ [ 1.309713, 52.6665046 ], [ 1.3095733, 52.666509 ] ] } },
{ "type": "Feature", "properties": { "id": 16942, "nach": 0.65027696157333192 }, "geometry": { "type": "LineString", "coordinates": [ [ 1.3084791, 52.6663906 ], [ 1.3085952, 52.6664142 ] ] } },
{ "type": "Feature", "properties": { "id": 16955, "nach": 0.62006207080594966 }, "geometry": { "type": "LineString", "coordinates": [ [ 1.309116, 52.6664472 ], [ 1.3087591, 52.6664246 ], [ 1.3085952, 52.6664142 ] ] } },
{ "type": "Feature", "properties": { "id": 74861, "nach": 0.67902548878572588 }, "geometry": { "type": "LineString", "coordinates": [ [ 1.3095568, 52.6665427 ], [ 1.30951, 52.666638 ], [ 1.3094877, 52.666689 ] ] } },
{ "type": "Feature", "properties": { "id": 74874, "nach": 0.58280401370330115 }, "geometry": { "type": "LineString", "coordinates": [ [ 1.3107281, 52.6664206 ], [ 1.3106742, 52.6664177 ], [ 1.3106103, 52.6664239 ], [ 1.3104925, 52.666440800000011 ], [ 1.3102226, 52.66648510000001 ], [ 1.310087, 52.6665068 ], [ 1.3098825, 52.6665276 ], [ 1.3096743, 52.666540800000021 ], [ 1.3095568, 52.6665427 ] ] } },
{ "type": "Feature", "properties": { "id": 16970, "nach": 0.68229303666628272 }, "geometry": { "type": "LineString", "coordinates": [ [ 1.3095825, 52.6664711 ], [ 1.309116, 52.6664472 ] ] } },
{ "type": "Feature", "properties": { "id": 16980, "nach": 0.49363402100850889 }, "geometry": { "type": "LineString", "coordinates": [ [ 1.3099877, 52.6664077 ], [ 1.309568, 52.666441 ], [ 1.3095825, 52.6664711 ] ] } },
{ "type": "Feature", "properties": { "id": 16972, "nach": 0.64935678320551926 }, "geometry": { "type": "LineString", "coordinates": [ [ 1.309713, 52.6665046 ], [ 1.3095825, 52.6664711 ] ] } },
{ "type": "Feature", "properties": { "id": 16982, "nach": 0.69754428022196846 }, "geometry": { "type": "LineString", "coordinates": [ [ 1.3100062, 52.6664805 ], [ 1.3099386, 52.66648630000001 ], [ 1.309713, 52.6665046 ] ] } },
{ "type": "Feature", "properties": { "id": 17086, "nach": 0.69705904562245025 }, "geometry": { "type": "LineString", "coordinates": [ [ 1.3102551, 52.6664442 ], [ 1.310068, 52.666473 ], [ 1.3100062, 52.6664805 ] ] } },
{ "type": "Feature", "properties": { "id": 17075, "nach": 0.47736959054615091 }, "geometry": { "type": "LineString", "coordinates": [ [ 1.3102371, 52.6663898 ], [ 1.3099877, 52.6664077 ] ] } },
{ "type": "Feature", "properties": { "id": 8633, "nach": 0.56879590251748047 }, "geometry": { "type": "LineString", "coordinates": [ [ 1.2999578, 52.6489705 ], [ 1.3001793, 52.6493619 ], [ 1.3004956, 52.6498099 ], [ 1.3006096, 52.6499818 ], [ 1.3006815, 52.6501085 ] ] } },
{ "type": "Feature", "properties": { "id": 5765, "nach": 0.53165888767225977 }, "geometry": { "type": "LineString", "coordinates": [ [ 1.3022402, 52.6528006 ], [ 1.3017922, 52.6519991 ], [ 1.3013125, 52.6511596 ], [ 1.3008944, 52.6504003 ], [ 1.3007547, 52.650223 ], [ 1.3006815, 52.6501085 ] ] } },
{ "type": "Feature", "properties": { "id": 8642, "nach": 0.57476463557741675 }, "geometry": { "type": "LineString", "coordinates": [ [ 1.3028618, 52.6495289 ], [ 1.3024166, 52.6496945 ], [ 1.302329, 52.649726 ], [ 1.3020384, 52.649819600000015 ], [ 1.3016516, 52.6499083 ], [ 1.3012562, 52.6499839 ], [ 1.3011265, 52.6500095 ], [ 1.3010649, 52.6500217 ], [ 1.3008888, 52.6500589 ], [ 1.3006815, 52.6501085 ] ] } },
{ "type": "Feature", "properties": { "id": 61978, "nach": 0.58704875563280756 }, "geometry": { "type": "LineString", "coordinates": [ [ 1.2996505, 52.6502256 ], [ 1.3002071, 52.6501665 ], [ 1.3006815, 52.6501085 ] ] } },
{ "type": "Feature", "properties": { "id": 5764, "nach": 0.50266072092048231 }, "geometry": { "type": "LineString", "coordinates": [ [ 1.3022402, 52.6528006 ], [ 1.3022732, 52.6528927 ], [ 1.3022778, 52.6529559 ], [ 1.3022457, 52.6530852 ] ] } },
{ "type": "Feature", "properties": { "id": 8566, "nach": 0.49636693749556593 }, "geometry": { "type": "LineString", "coordinates": [ [ 1.3027132, 52.653071 ], [ 1.3025933, 52.6530035 ], [ 1.3024787, 52.6529498 ], [ 1.3023066, 52.6528512 ], [ 1.3022402, 52.6528006 ] ] } },
{ "type": "Feature", "properties": { "id": 61979, "nach": 0.58728440340255672 }, "geometry": { "type": "LineString", "coordinates": [ [ 1.2996505, 52.6502256 ], [ 1.2990482, 52.6502895 ], [ 1.2986709, 52.6503359 ], [ 1.2986181, 52.65034270000001 ] ] } },
{ "type": "Feature", "properties": { "id": 61977, "nach": 0.44895856507880944 }, "geometry": { "type": "LineString", "coordinates": [ [ 1.2996505, 52.6502256 ], [ 1.2999701, 52.6507893 ] ] } },
{ "type": "Feature", "properties": { "id": 1148, "nach": 0.60687819454235137 }, "geometry": { "type": "LineString", "coordinates": [ [ 1.3022457, 52.6530852 ], [ 1.3022167, 52.65311040000001 ] ] } },
{ "type": "Feature", "properties": { "id": 8567, "nach": 0.59018835883325194 }, "geometry": { "type": "LineString", "coordinates": [ [ 1.3027132, 52.653071 ], [ 1.3026115, 52.653045400000011 ], [ 1.3025279, 52.65303320000001 ], [ 1.3024285, 52.6530295 ], [ 1.3023325, 52.6530431 ], [ 1.3022457, 52.6530852 ] ] } },
{ "type": "Feature", "properties": { "id": 9104, "nach": 0.44867920798591909 }, "geometry": { "type": "LineString", "coordinates": [ [ 1.2847815, 52.6538523 ], [ 1.2847734, 52.6537411 ], [ 1.2847685, 52.6536195 ], [ 1.2847574, 52.6534751 ], [ 1.2847653, 52.6533377 ], [ 1.2847466, 52.6532108 ], [ 1.2847439, 52.6530741 ], [ 1.2847496, 52.6529556 ] ] } },
{ "type": "Feature", "properties": { "id": 1166, "nach": 0.58449265405226525 }, "geometry": { "type": "LineString", "coordinates": [ [ 1.2878114, 52.652533 ], [ 1.286674, 52.6527568 ], [ 1.2857009, 52.6528919 ], [ 1.2852922, 52.6529208 ], [ 1.2847496, 52.6529556 ] ] } },
{ "type": "Feature", "properties": { "id": 9210, "nach": 0.61937434965845362 }, "geometry": { "type": "LineString", "coordinates": [ [ 1.2889987, 52.6522924 ], [ 1.2878114, 52.652533 ] ] } },
{ "type": "Feature", "properties": { "id": 8910, "nach": 0.60432768311304741 }, "geometry": { "type": "LineString", "coordinates": [ [ 1.2880371, 52.6534037 ], [ 1.28783, 52.6526126 ], [ 1.2878114, 52.652533 ] ] } },
{ "type": "Feature", "properties": { "id": 9211, "nach": 0.63934951930134221 }, "geometry": { "type": "LineString", "coordinates": [ [ 1.2889987, 52.6522924 ], [ 1.2892366, 52.6522465 ] ] } },
{ "type": "Feature", "properties": { "id": 47749, "nach": 0.58783856108108901 }, "geometry": { "type": "LineString", "coordinates": [ [ 1.2883123, 52.6519777 ], [ 1.2886405, 52.6521074 ], [ 1.288940899999989, 52.6522278 ], [ 1.2889838, 52.6522571 ], [ 1.2889987, 52.6522924 ] ] } },
{ "type": "Feature", "properties": { "id": 8917, "nach": 0.60593812550528781 }, "geometry": { "type": "LineString", "coordinates": [ [ 1.2881639, 52.6540062 ], [ 1.2881607, 52.653986 ], [ 1.2881532, 52.6539395 ], [ 1.2880956, 52.6536669 ], [ 1.2880371, 52.6534037 ] ] } },
{ "type": "Feature", "properties": { "id": 77644, "nach": 0.3833482203951597 }, "geometry": { "type": "LineString", "coordinates": [ [ 1.2852121, 52.6545068 ], [ 1.2851664, 52.6543684 ], [ 1.2850094, 52.6543875 ], [ 1.2849239, 52.6543709 ], [ 1.2848612, 52.6543427 ], [ 1.2848194, 52.6543005 ], [ 1.2848121, 52.6542845 ], [ 1.2847082, 52.6540097 ], [ 1.284694, 52.6539752 ], [ 1.2847033, 52.653947 ], [ 1.2847358, 52.6539231 ], [ 1.2847822, 52.6539104 ], [ 1.2848041, 52.653907600000011 ], [ 1.2850767, 52.6538744 ], [ 1.2852931, 52.6538419 ], [ 1.2875776, 52.6534757 ], [ 1.2880011, 52.6534068 ], [ 1.2880371, 52.6534037 ] ] } },
{ "type": "Feature", "properties": { "id": 8970, "nach": 0.57195075662259287 }, "geometry": { "type": "LineString", "coordinates": [ [ 1.2895176, 52.6531829 ], [ 1.2894559, 52.6529877 ], [ 1.2894076, 52.6528298 ], [ 1.289354, 52.6526622 ], [ 1.2892923, 52.652473499999985 ], [ 1.2892366, 52.6522465 ] ] } },
{ "type": "Feature", "properties": { "id": 39191, "nach": 0.63882399002916102 }, "geometry": { "type": "LineString", "coordinates": [ [ 1.2895541, 52.6521776 ], [ 1.2894533, 52.6521995 ], [ 1.2892366, 52.6522465 ] ] } },
{ "type": "Feature", "properties": { "id": 8971, "nach": 0.41736424373440223 }, "geometry": { "type": "LineString", "coordinates": [ [ 1.2895176, 52.6531829 ], [ 1.2892789, 52.6532138 ], [ 1.2891313, 52.6531894 ], [ 1.2890918, 52.6531841 ], [ 1.2890411, 52.6531817 ], [ 1.2889633, 52.653191500000013 ], [ 1.2889157, 52.6532249 ], [ 1.288906, 52.6532447 ], [ 1.2889007, 52.653277300000013 ], [ 1.2889335, 52.6533424 ], [ 1.2889565, 52.6533976 ], [ 1.2889811, 52.6534651 ], [ 1.2890308, 52.6536218 ] ] } },
{ "type": "Feature", "properties": { "id": 8969, "nach": 0.55328893018415026 }, "geometry": { "type": "LineString", "coordinates": [ [ 1.2895176, 52.6531829 ], [ 1.2895659, 52.6533147 ] ] } },
{ "type": "Feature", "properties": { "id": 39190, "nach": 0.49569616660449456 }, "geometry": { "type": "LineString", "coordinates": [ [ 1.2895541, 52.6521776 ], [ 1.2894796, 52.6520224 ], [ 1.2894005, 52.6519711 ], [ 1.2890754, 52.6518646 ], [ 1.2888251, 52.6517807 ], [ 1.2887803, 52.6517422 ], [ 1.2885411, 52.6512641 ] ] } },
{ "type": "Feature", "properties": { "id": 43963, "nach": 0.63920496959395268 }, "geometry": { "type": "LineString", "coordinates": [ [ 1.2901746, 52.6520428 ], [ 1.2895541, 52.6521776 ] ] } },
{ "type": "Feature", "properties": { "id": 74254, "nach": 0.55391141602571869 }, "geometry": { "type": "LineString", "coordinates": [ [ 1.2955974, 52.6506223 ], [ 1.2953443, 52.6506293 ], [ 1.2950257, 52.6506596 ], [ 1.2946577, 52.6507065 ] ] } },
{ "type": "Feature", "properties": { "id": 67142, "nach": 0.60932595189493199 }, "geometry": { "type": "LineString", "coordinates": [ [ 1.2942872, 52.6507482 ], [ 1.2944269, 52.6507239 ], [ 1.2946577, 52.6507065 ] ] } },
{ "type": "Feature", "properties": { "id": 74256, "nach": 0.56949667825303163 }, "geometry": { "type": "LineString", "coordinates": [ [ 1.2946771, 52.65076 ], [ 1.2946681, 52.6507356 ], [ 1.2946577, 52.6507065 ] ] } },
{ "type": "Feature", "properties": { "id": 74253, "nach": 0.5549626482008897 }, "geometry": { "type": "LineString", "coordinates": [ [ 1.2955974, 52.6506223 ], [ 1.2957681, 52.650621 ], [ 1.2959777, 52.6506214 ] ] } },
{ "type": "Feature", "properties": { "id": 74258, "nach": 0.18163642421250112 }, "geometry": { "type": "LineString", "coordinates": [ [ 1.2956056, 52.650682 ], [ 1.2955974, 52.6506223 ] ] } },
{ "type": "Feature", "properties": { "id": 67143, "nach": 0.61139435731006553 }, "geometry": { "type": "LineString", "coordinates": [ [ 1.2942872, 52.6507482 ], [ 1.2941365, 52.6507911 ], [ 1.2939577, 52.6508547 ], [ 1.293475, 52.6511145 ], [ 1.2933116, 52.651182 ], [ 1.2928122, 52.6513589 ], [ 1.2927132, 52.651392 ], [ 1.2924424, 52.6514825 ], [ 1.2924046, 52.6514976 ] ] } },
{ "type": "Feature", "properties": { "id": 67145, "nach": 0.43494673811463402 }, "geometry": { "type": "LineString", "coordinates": [ [ 1.294033, 52.6502768 ], [ 1.2942137, 52.650611799999986 ], [ 1.2942872, 52.6507482 ] ] } },
{ "type": "Feature", "properties": { "id": 74255, "nach": 0.53790090930500978 }, "geometry": { "type": "LineString", "coordinates": [ [ 1.2946771, 52.65076 ], [ 1.2946982, 52.650840500000015 ], [ 1.2947533, 52.6510253 ], [ 1.294823, 52.6511359 ], [ 1.2948659, 52.6511913 ] ] } },
{ "type": "Feature", "properties": { "id": 74261, "nach": 0.56033444659878962 }, "geometry": { "type": "LineString", "coordinates": [ [ 1.2956056, 52.650682 ], [ 1.2954252, 52.6506873 ], [ 1.2951978, 52.6507043 ], [ 1.294762, 52.6507527 ], [ 1.2946771, 52.65076 ] ] } },
{ "type": "Feature", "properties": { "id": 1177, "nach": 0.54849985784234379 }, "geometry": { "type": "LineString", "coordinates": [ [ 1.2921289, 52.651537 ], [ 1.2920939, 52.6515486 ], [ 1.292066, 52.6515658 ], [ 1.2920474, 52.6515872 ], [ 1.2920397, 52.6516109 ], [ 1.2920437, 52.651635 ], [ 1.292059, 52.6516573 ] ] } },
{ "type": "Feature", "properties": { "id": 9016, "nach": 0.58497093355988383 }, "geometry": { "type": "LineString", "coordinates": [ [ 1.2920908, 52.6514378 ], [ 1.292105, 52.65147480000001 ], [ 1.2921289, 52.651537 ] ] } },
{ "type": "Feature", "properties": { "id": 9248, "nach": 0.61271309906365801 }, "geometry": { "type": "LineString", "coordinates": [ [ 1.2922741, 52.651557 ], [ 1.2922313, 52.6515389 ], [ 1.2921804, 52.6515319 ], [ 1.2921289, 52.651537 ] ] } },
{ "type": "Feature", "properties": { "id": 63951, "nach": 0.553906843064775 }, "geometry": { "type": "LineString", "coordinates": [ [ 1.292059, 52.6516573 ], [ 1.2919571, 52.6516779 ], [ 1.2919126, 52.6516868 ] ] } },
{ "type": "Feature", "properties": { "id": 63950, "nach": 0.43905554466507513 }, "geometry": { "type": "LineString", "coordinates": [ [ 1.292059, 52.6516573 ], [ 1.2920909, 52.6516795 ], [ 1.2921336, 52.6516935 ], [ 1.2921816, 52.6516976 ], [ 1.292229, 52.6516912 ] ] } },
{ "type": "Feature", "properties": { "id": 9015, "nach": 0.6125654370569843 }, "geometry": { "type": "LineString", "coordinates": [ [ 1.2920908, 52.6514378 ], [ 1.2920666, 52.6513858 ], [ 1.2920016, 52.6512368 ], [ 1.2919387, 52.6510923 ], [ 1.2919231, 52.6510569 ], [ 1.2918923, 52.650987 ] ] } },
{ "type": "Feature", "properties": { "id": 63925, "nach": 0.55680156138545023 }, "geometry": { "type": "LineString", "coordinates": [ [ 1.292017, 52.6514489 ], [ 1.2920908, 52.6514378 ] ] } },
{ "type": "Feature", "properties": { "id": 63938, "nach": 0.54304838823613877 }, "geometry": { "type": "LineString", "coordinates": [ [ 1.2924046, 52.6514976 ], [ 1.2923634, 52.651452400000011 ], [ 1.2921743, 52.65142560000001 ], [ 1.2920908, 52.6514378 ] ] } },
{ "type": "Feature", "properties": { "id": 1400, "nach": 0.50067572175290154 }, "geometry": { "type": "LineString", "coordinates": [ [ 1.3002741, 52.6533449 ], [ 1.3001404, 52.6533554 ] ] } },
{ "type": "Feature", "properties": { "id": 1401, "nach": 0.57465044804060605 }, "geometry": { "type": "LineString", "coordinates": [ [ 1.3002741, 52.6533449 ], [ 1.3001877, 52.6533237 ], [ 1.3001436, 52.6533054 ], [ 1.3001017, 52.6532831 ] ] } },
{ "type": "Feature", "properties": { "id": 74388, "nach": 0.49170876409472236 }, "geometry": { "type": "LineString", "coordinates": [ [ 1.3001525, 52.6534156 ], [ 1.3001404, 52.6533554 ] ] } },
{ "type": "Feature", "properties": { "id": 74392, "nach": 0.48678226422534393 }, "geometry": { "type": "LineString", "coordinates": [ [ 1.3001404, 52.6533554 ], [ 1.300062, 52.653362100000024 ] ] } },
{ "type": "Feature", "properties": { "id": 74393, "nach": 0.49445054801273974 }, "geometry": { "type": "LineString", "coordinates": [ [ 1.3001404, 52.6533554 ], [ 1.3001017, 52.6532831 ] ] } },
{ "type": "Feature", "properties": { "id": 9098, "nach": 0.59020221273009876 }, "geometry": { "type": "LineString", "coordinates": [ [ 1.3001017, 52.6532831 ], [ 1.3000398, 52.6532346 ] ] } },
{ "type": "Feature", "properties": { "id": 76864, "nach": 0.51115205098375804 }, "geometry": { "type": "LineString", "coordinates": [ [ 1.2991473, 52.65152530000001 ], [ 1.2991801, 52.6515173 ], [ 1.2992334, 52.6515075 ] ] } },
{ "type": "Feature", "properties": { "id": 9077, "nach": 0.59506566939668881 }, "geometry": { "type": "LineString", "coordinates": [ [ 1.2994941, 52.651998200000016 ], [ 1.2994486, 52.651906400000016 ], [ 1.2992334, 52.6515075 ] ] } },
{ "type": "Feature", "properties": { "id": 9069, "nach": 0.57881467830123146 }, "geometry": { "type": "LineString", "coordinates": [ [ 1.2989752, 52.6510016 ], [ 1.2991512, 52.651343900000015 ], [ 1.2992334, 52.6515075 ] ] } },
{ "type": "Feature", "properties": { "id": 76863, "nach": 0.43811274188867877 }, "geometry": { "type": "LineString", "coordinates": [ [ 1.2991473, 52.65152530000001 ], [ 1.2989697, 52.651568699999984 ], [ 1.2986506, 52.6516224 ], [ 1.2984585, 52.6516231 ] ] } },
{ "type": "Feature", "properties": { "id": 76869, "nach": 0.49426364064597733 }, "geometry": { "type": "LineString", "coordinates": [ [ 1.2988656, 52.6510169 ], [ 1.2989107, 52.6510538 ], [ 1.2991473, 52.65152530000001 ] ] } },
{ "type": "Feature", "properties": { "id": 71723, "nach": 0.4367169247533903 }, "geometry": { "type": "LineString", "coordinates": [ [ 1.3004778, 52.65186090000001 ], [ 1.3003966, 52.6518641 ], [ 1.3002611, 52.651871200000024 ], [ 1.2994941, 52.651998200000016 ] ] } },
{ "type": "Feature", "properties": { "id": 9107, "nach": 0.59830330678768195 }, "geometry": { "type": "LineString", "coordinates": [ [ 1.2998079, 52.6526231 ], [ 1.2997114, 52.65243760000002 ], [ 1.2994941, 52.651998200000016 ] ] } },
{ "type": "Feature", "properties": { "id": 76868, "nach": 0.14764110116223572 }, "geometry": { "type": "LineString", "coordinates": [ [ 1.2988656, 52.6510169 ], [ 1.298916, 52.6510098 ], [ 1.2989752, 52.6510016 ] ] } },
{ "type": "Feature", "properties": { "id": 30778, "nach": 0.58178701687528722 }, "geometry": { "type": "LineString", "coordinates": [ [ 1.2986181, 52.65034270000001 ], [ 1.2988527, 52.650776 ], [ 1.2989752, 52.6510016 ] ] } },
{ "type": "Feature", "properties": { "id": 9035, "nach": 0.66957820046803029 }, "geometry": { "type": "LineString", "coordinates": [ [ 1.2928393, 52.6538389 ], [ 1.292809, 52.653992 ], [ 1.2927138, 52.65447 ] ] } },
{ "type": "Feature", "properties": { "id": 76760, "nach": 0.51826735176602168 }, "geometry": { "type": "LineString", "coordinates": [ [ 1.2926356, 52.6545914 ], [ 1.2926455, 52.6545427 ], [ 1.2926595, 52.6544674 ], [ 1.2927138, 52.65447 ] ] } },
{ "type": "Feature", "properties": { "id": 5766, "nach": 0.66435685398937905 }, "geometry": { "type": "LineString", "coordinates": [ [ 1.2926569, 52.654774600000017 ], [ 1.2926886, 52.6545924 ], [ 1.2927138, 52.65447 ] ] } },
{ "type": "Feature", "properties": { "id": 9033, "nach": 0.57443220414418339 }, "geometry": { "type": "LineString", "coordinates": [ [ 1.2928393, 52.6538389 ], [ 1.2927347, 52.6538373 ], [ 1.2925992, 52.6538625 ], [ 1.2923594, 52.6539257 ], [ 1.2921314, 52.6539924 ], [ 1.2919343, 52.6540591 ], [ 1.2917183, 52.6541429 ], [ 1.2913902, 52.6543209 ] ] } },
{ "type": "Feature", "properties": { "id": 76845, "nach": 0.65914588797116003 }, "geometry": { "type": "LineString", "coordinates": [ [ 1.2930154, 52.652852 ], [ 1.2930034, 52.6529376 ], [ 1.2929722, 52.6531765 ], [ 1.2929139, 52.6534405 ], [ 1.2928554, 52.653753100000017 ], [ 1.2928393, 52.6538389 ] ] } },
{ "type": "Feature", "properties": { "id": 76759, "nach": 0.47902623731543775 }, "geometry": { "type": "LineString", "coordinates": [ [ 1.2926356, 52.6545914 ], [ 1.2926067, 52.6547342 ], [ 1.2925988, 52.6547713 ], [ 1.2925849, 52.6548495 ] ] } },
{ "type": "Feature", "properties": { "id": 76764, "nach": 0.49494291473441859 }, "geometry": { "type": "LineString", "coordinates": [ [ 1.2921693, 52.655075 ], [ 1.292177, 52.6550248 ], [ 1.2922239, 52.6549011 ], [ 1.2922601, 52.654832 ], [ 1.2923272, 52.6547563 ], [ 1.292409, 52.6546921 ], [ 1.2925203, 52.654627 ], [ 1.292574, 52.6546042 ], [ 1.2926356, 52.6545914 ] ] } },
{ "type": "Feature", "properties": { "id": 9025, "nach": 0.56206321400436554 }, "geometry": { "type": "LineString", "coordinates": [ [ 1.2927491, 52.6548314 ], [ 1.2927144, 52.6548129 ], [ 1.2926569, 52.654774600000017 ] ] } },
{ "type": "Feature", "properties": { "id": 76844, "nach": 0.67722648796921037 }, "geometry": { "type": "LineString", "coordinates": [ [ 1.2930154, 52.652852 ], [ 1.2930168, 52.6527771 ] ] } },
{ "type": "Feature", "properties": { "id": 8949, "nach": 0.55552121012388689 }, "geometry": { "type": "LineString", "coordinates": [ [ 1.291246, 52.653178400000016 ], [ 1.2913053, 52.6531902 ], [ 1.2913683, 52.6531894 ], [ 1.2918549, 52.653098 ], [ 1.2920212, 52.653063 ], [ 1.2922465, 52.6529963 ], [ 1.2927924, 52.6528043 ], [ 1.292877, 52.6527826 ], [ 1.2929537, 52.6527779 ], [ 1.2930168, 52.6527771 ] ] } },
{ "type": "Feature", "properties": { "id": 9019, "nach": 0.67043363466406447 }, "geometry": { "type": "LineString", "coordinates": [ [ 1.2929138, 52.6525643 ], [ 1.2929636, 52.6526317 ], [ 1.2929924, 52.6526952 ], [ 1.2930168, 52.6527771 ] ] } },
{ "type": "Feature", "properties": { "id": 76846, "nach": 0.63327235899119183 }, "geometry": { "type": "LineString", "coordinates": [ [ 1.2930154, 52.652852 ], [ 1.293071, 52.652857 ], [ 1.2931104, 52.6528766 ], [ 1.2931678, 52.6529562 ], [ 1.293243, 52.65308490000001 ] ] } },
{ "type": "Feature", "properties": { "id": 8950, "nach": 0.48965128164142518 }, "geometry": { "type": "LineString", "coordinates": [ [ 1.291246, 52.653178400000016 ], [ 1.2912074, 52.653162600000016 ], [ 1.2911839, 52.65313410000001 ], [ 1.2910652, 52.6528925 ], [ 1.2909483, 52.652605 ], [ 1.2908946, 52.6525203 ], [ 1.2908142, 52.6524748 ] ] } },
{ "type": "Feature", "properties": { "id": 76720, "nach": 0.54368072392265165 }, "geometry": { "type": "LineString", "coordinates": [ [ 1.2913106, 52.6534221 ], [ 1.2912865, 52.653369300000016 ], [ 1.2912302, 52.653250400000012 ], [ 1.291246, 52.653178400000016 ] ] } },
{ "type": "Feature", "properties": { "id": 76726, "nach": 0.32499472712282917 }, "geometry": { "type": "LineString", "coordinates": [ [ 1.2904028, 52.653336599999989 ], [ 1.2904405, 52.6533307 ], [ 1.2910867, 52.6532171 ], [ 1.291246, 52.653178400000016 ] ] } },
{ "type": "Feature", "properties": { "id": 58384, "nach": 0.66422612138173753 }, "geometry": { "type": "LineString", "coordinates": [ [ 1.2928623, 52.6524971 ], [ 1.2929138, 52.6525643 ] ] } },
{ "type": "Feature", "properties": { "id": 58374, "nach": 0.57930379552033628 }, "geometry": { "type": "LineString", "coordinates": [ [ 1.2932961, 52.6524629 ], [ 1.2930594, 52.652528 ], [ 1.2929138, 52.6525643 ] ] } },
{ "type": "Feature", "properties": { "id": 18768, "nach": 0.56153097900813087 }, "geometry": { "type": "LineString", "coordinates": [ [ 1.296511, 52.665101 ], [ 1.2964397, 52.664965400000014 ] ] } },
{ "type": "Feature", "properties": { "id": 75705, "nach": 0.59482308933883032 }, "geometry": { "type": "LineString", "coordinates": [ [ 1.2959816, 52.6642452 ], [ 1.29611, 52.664464 ], [ 1.2963685, 52.66485 ], [ 1.2964397, 52.664965400000014 ] ] } },
{ "type": "Feature", "properties": { "id": 18754, "nach": 0.53316368344403542 }, "geometry": { "type": "LineString", "coordinates": [ [ 1.297047, 52.664779 ], [ 1.296865, 52.664866 ], [ 1.296782, 52.664899 ], [ 1.296701, 52.66492 ], [ 1.2964855, 52.6649574 ], [ 1.2964397, 52.664965400000014 ] ] } },
{ "type": "Feature", "properties": { "id": 68795, "nach": 0.58057101029301716 }, "geometry": { "type": "LineString", "coordinates": [ [ 1.2964569, 52.665112 ], [ 1.2964085, 52.6650146 ], [ 1.2964397, 52.664965400000014 ] ] } },
{ "type": "Feature", "properties": { "id": 18770, "nach": 0.56346369398439144 }, "geometry": { "type": "LineString", "coordinates": [ [ 1.296511, 52.665101 ], [ 1.29654, 52.665183 ], [ 1.296562, 52.665276 ], [ 1.2965702, 52.6653308 ] ] } },
{ "type": "Feature", "properties": { "id": 68794, "nach": 0.39500623339840962 }, "geometry": { "type": "LineString", "coordinates": [ [ 1.2964569, 52.665112 ], [ 1.296511, 52.665101 ] ] } },
{ "type": "Feature", "properties": { "id": 75706, "nach": 0.54380515397918783 }, "geometry": { "type": "LineString", "coordinates": [ [ 1.2959816, 52.6642452 ], [ 1.2960608, 52.6642314 ], [ 1.2961239, 52.664233 ], [ 1.2962177, 52.6642151 ], [ 1.296258, 52.6642005 ], [ 1.2964095, 52.664175199999988 ], [ 1.296439, 52.6641834 ], [ 1.2966268, 52.6643086 ], [ 1.2966791, 52.6643184 ], [ 1.296697, 52.664357 ], [ 1.296822, 52.664339 ] ] } },
{ "type": "Feature", "properties": { "id": 75704, "nach": 0.6228131171174125 }, "geometry": { "type": "LineString", "coordinates": [ [ 1.2959816, 52.6642452 ], [ 1.2959229, 52.6641522 ] ] } },
{ "type": "Feature", "properties": { "id": 75713, "nach": 0.532539336757205 }, "geometry": { "type": "LineString", "coordinates": [ [ 1.2969385, 52.6645921 ], [ 1.2969894, 52.6646866 ], [ 1.2969972, 52.664701 ], [ 1.297047, 52.664779 ] ] } },
{ "type": "Feature", "properties": { "id": 18765, "nach": 0.0 }, "geometry": { "type": "LineString", "coordinates": [ [ 1.297593, 52.664479 ], [ 1.297577, 52.664489 ], [ 1.297573, 52.664502 ], [ 1.297667, 52.664751 ], [ 1.2975134, 52.664775099999986 ], [ 1.2975029, 52.6647508 ], [ 1.2973275, 52.6647763 ], [ 1.2971933, 52.6647782 ], [ 1.297168, 52.664778 ], [ 1.297047, 52.664779 ] ] } },
{ "type": "Feature", "properties": { "id": 68796, "nach": 0.5839115713022146 }, "geometry": { "type": "LineString", "coordinates": [ [ 1.2964569, 52.665112 ], [ 1.2964707, 52.66526180000001 ], [ 1.2964371, 52.6652916 ], [ 1.2963976, 52.6653112 ] ] } },
{ "type": "Feature", "properties": { "id": 72528, "nach": 0.44534181358914127 }, "geometry": { "type": "LineString", "coordinates": [ [ 1.2970641, 52.6653013 ], [ 1.2965702, 52.6653308 ] ] } },
{ "type": "Feature", "properties": { "id": 18773, "nach": 0.40846761868076281 }, "geometry": { "type": "LineString", "coordinates": [ [ 1.296406, 52.665346 ], [ 1.2965184, 52.6653333 ], [ 1.2965702, 52.6653308 ] ] } },
{ "type": "Feature", "properties": { "id": 18798, "nach": 0.57490701429671376 }, "geometry": { "type": "LineString", "coordinates": [ [ 1.296563, 52.665853 ], [ 1.296576, 52.665574 ], [ 1.296579, 52.665427 ], [ 1.2965702, 52.6653308 ] ] } },
{ "type": "Feature", "properties": { "id": 68791, "nach": 0.5844117915379744 }, "geometry": { "type": "LineString", "coordinates": [ [ 1.2963976, 52.6653112 ], [ 1.296406, 52.665346 ] ] } },
{ "type": "Feature", "properties": { "id": 68801, "nach": 0.49966785218705217 }, "geometry": { "type": "LineString", "coordinates": [ [ 1.2955992, 52.665372 ], [ 1.295634, 52.665385 ], [ 1.295688, 52.665397 ], [ 1.295751, 52.665398 ], [ 1.296406, 52.665346 ] ] } },
{ "type": "Feature", "properties": { "id": 74947, "nach": 0.59980546671848545 }, "geometry": { "type": "LineString", "coordinates": [ [ 1.2964699, 52.6659935 ], [ 1.2964982, 52.665695500000012 ], [ 1.2964417, 52.6654123 ], [ 1.2964159, 52.6653886 ], [ 1.296406, 52.665346 ] ] } },
{ "type": "Feature", "properties": { "id": 74944, "nach": 0.60079318589700359 }, "geometry": { "type": "LineString", "coordinates": [ [ 1.2965482, 52.6659992 ], [ 1.296555, 52.665961 ], [ 1.296563, 52.665853 ] ] } },
{ "type": "Feature", "properties": { "id": 78922, "nach": 0.57402019571695406 }, "geometry": { "type": "LineString", "coordinates": [ [ 1.2983421, 52.6658315 ], [ 1.298165, 52.665835 ], [ 1.296851, 52.665852 ], [ 1.2966201, 52.66585280000001 ], [ 1.296563, 52.665853 ] ] } },
{ "type": "Feature", "properties": { "id": 68787, "nach": 0.55066260565211833 }, "geometry": { "type": "LineString", "coordinates": [ [ 1.2961917, 52.6664839 ], [ 1.2962941, 52.6664794 ] ] } },
{ "type": "Feature", "properties": { "id": 1457, "nach": 0.59054263740513246 }, "geometry": { "type": "LineString", "coordinates": [ [ 1.2962941, 52.6664794 ], [ 1.296358, 52.666506 ], [ 1.296363, 52.666556 ], [ 1.296395, 52.666699 ], [ 1.296467, 52.666829 ], [ 1.296568, 52.666973 ], [ 1.2966892, 52.6670939 ] ] } },
{ "type": "Feature", "properties": { "id": 33650, "nach": 0.59580574803162045 }, "geometry": { "type": "LineString", "coordinates": [ [ 1.2964032, 52.6663414 ], [ 1.296352, 52.666412 ], [ 1.2962941, 52.6664794 ] ] } },
{ "type": "Feature", "properties": { "id": 4322, "nach": 0.53593996714966252 }, "geometry": { "type": "LineString", "coordinates": [ [ 1.2960097, 52.6675349 ], [ 1.2959312, 52.667435 ], [ 1.295891, 52.6673514 ], [ 1.2958527, 52.6672307 ], [ 1.2958738, 52.66713080000001 ], [ 1.2959178, 52.6670228 ], [ 1.2959906, 52.66688460000001 ], [ 1.2961035, 52.6667313 ], [ 1.2961935, 52.6666059 ], [ 1.2962941, 52.6664794 ] ] } },
{ "type": "Feature", "properties": { "id": 68788, "nach": 0.63492981549332483 }, "geometry": { "type": "LineString", "coordinates": [ [ 1.2961917, 52.6664839 ], [ 1.296166, 52.666485 ], [ 1.295876, 52.666525 ], [ 1.295439, 52.666574 ], [ 1.2953, 52.666575 ] ] } },
{ "type": "Feature", "properties": { "id": 68790, "nach": 0.57169302391858434 }, "geometry": { "type": "LineString", "coordinates": [ [ 1.2961917, 52.6664839 ], [ 1.2957928, 52.6670044 ], [ 1.2957712, 52.6672158 ], [ 1.2958107, 52.667384300000016 ], [ 1.2959321, 52.6675525 ] ] } },
{ "type": "Feature", "properties": { "id": 74948, "nach": 0.6157640541001147 }, "geometry": { "type": "LineString", "coordinates": [ [ 1.2964699, 52.6659935 ], [ 1.2964276, 52.6661379 ], [ 1.2961917, 52.6664839 ] ] } },
{ "type": "Feature", "properties": { "id": 18819, "nach": 0.59013420251113513 }, "geometry": { "type": "LineString", "coordinates": [ [ 1.2966892, 52.6670939 ], [ 1.2967384, 52.667315 ] ] } },
{ "type": "Feature", "properties": { "id": 33651, "nach": 0.45233357458598805 }, "geometry": { "type": "LineString", "coordinates": [ [ 1.2974236, 52.6665223 ], [ 1.2972257, 52.6664623 ], [ 1.2967681, 52.6663862 ], [ 1.2964032, 52.6663414 ] ] } },
{ "type": "Feature", "properties": { "id": 74945, "nach": 0.5887445915054923 }, "geometry": { "type": "LineString", "coordinates": [ [ 1.2965482, 52.6659992 ], [ 1.2965421, 52.666033199999987 ], [ 1.296499, 52.666169 ], [ 1.296431, 52.666303 ], [ 1.2964032, 52.6663414 ] ] } },
{ "type": "Feature", "properties": { "id": 4323, "nach": 0.42771501796698758 }, "geometry": { "type": "LineString", "coordinates": [ [ 1.2960097, 52.6675349 ], [ 1.2963314, 52.66791460000001 ], [ 1.296714, 52.6683674 ] ] } },
{ "type": "Feature", "properties": { "id": 68785, "nach": 0.52426839007929038 }, "geometry": { "type": "LineString", "coordinates": [ [ 1.2959321, 52.6675525 ], [ 1.2959623, 52.6675453 ], [ 1.2960097, 52.6675349 ] ] } },
{ "type": "Feature", "properties": { "id": 68779, "nach": 0.4802135794927363 }, "geometry": { "type": "LineString", "coordinates": [ [ 1.2966281, 52.6683981 ], [ 1.296714, 52.6683674 ] ] } },
{ "type": "Feature", "properties": { "id": 19083, "nach": 0.49722599745602158 }, "geometry": { "type": "LineString", "coordinates": [ [ 1.2968024, 52.668476600000012 ], [ 1.296714, 52.6683674 ] ] } },
{ "type": "Feature", "properties": { "id": 68782, "nach": 0.62675356721471831 }, "geometry": { "type": "LineString", "coordinates": [ [ 1.2966281, 52.6683981 ], [ 1.296597, 52.6684092 ], [ 1.2963426, 52.6684537 ], [ 1.2962727, 52.6684731 ], [ 1.2961118, 52.6685468 ], [ 1.2959604, 52.6686303 ] ] } },
{ "type": "Feature", "properties": { "id": 68781, "nach": 0.55727519900349476 }, "geometry": { "type": "LineString", "coordinates": [ [ 1.2966281, 52.6683981 ], [ 1.2970599, 52.6689492 ] ] } },
{ "type": "Feature", "properties": { "id": 68783, "nach": 0.60117720309065237 }, "geometry": { "type": "LineString", "coordinates": [ [ 1.2959321, 52.6675525 ], [ 1.2966281, 52.6683981 ] ] } },
{ "type": "Feature", "properties": { "id": 19084, "nach": 0.59988384175032516 }, "geometry": { "type": "LineString", "coordinates": [ [ 1.2968024, 52.668476600000012 ], [ 1.2968461, 52.6684632 ], [ 1.296938, 52.668435 ] ] } },
{ "type": "Feature", "properties": { "id": 17036, "nach": 0.65697970124514127 }, "geometry": { "type": "LineString", "coordinates": [ [ 1.307884, 52.6686064 ], [ 1.3077328, 52.6684099 ], [ 1.3076737, 52.6683172 ], [ 1.3076044, 52.6682231 ], [ 1.3075191, 52.668040400000017 ], [ 1.3073354, 52.6677443 ] ] } },
{ "type": "Feature", "properties": { "id": 16683, "nach": 0.43412650874401632 }, "geometry": { "type": "LineString", "coordinates": [ [ 1.3071745, 52.6672775 ], [ 1.3070429, 52.6673199 ] ] } },
{ "type": "Feature", "properties": { "id": 16688, "nach": 0.54716333110672111 }, "geometry": { "type": "LineString", "coordinates": [ [ 1.3069104, 52.6671473 ], [ 1.3070429, 52.6673199 ] ] } },
{ "type": "Feature", "properties": { "id": 16681, "nach": 0.54557614059434567 }, "geometry": { "type": "LineString", "coordinates": [ [ 1.3072435, 52.6676055 ], [ 1.3070429, 52.6673199 ] ] } },
{ "type": "Feature", "properties": { "id": 16685, "nach": 0.67229192209284716 }, "geometry": { "type": "LineString", "coordinates": [ [ 1.3071745, 52.6672775 ], [ 1.3072265, 52.6673565 ], [ 1.3073135, 52.667508499999983 ] ] } },
{ "type": "Feature", "properties": { "id": 16693, "nach": 0.66327723669754735 }, "geometry": { "type": "LineString", "coordinates": [ [ 1.3070305, 52.6671065 ], [ 1.3071205, 52.66721050000001 ], [ 1.3071745, 52.6672775 ] ] } },
{ "type": "Feature", "properties": { "id": 16989, "nach": 0.70648971361223289 }, "geometry": { "type": "LineString", "coordinates": [ [ 1.307416, 52.6672516 ], [ 1.307321, 52.667264 ], [ 1.3071745, 52.6672775 ] ] } },
{ "type": "Feature", "properties": { "id": 16690, "nach": 0.55280932257533122 }, "geometry": { "type": "LineString", "coordinates": [ [ 1.3069104, 52.6671473 ], [ 1.3067877, 52.6669999 ], [ 1.3065308, 52.6666938 ] ] } },
{ "type": "Feature", "properties": { "id": 16692, "nach": 0.63514349211924659 }, "geometry": { "type": "LineString", "coordinates": [ [ 1.3070305, 52.6671065 ], [ 1.3069104, 52.6671473 ] ] } },
{ "type": "Feature", "properties": { "id": 18956, "nach": 0.64351848271613732 }, "geometry": { "type": "LineString", "coordinates": [ [ 1.306319, 52.667285 ], [ 1.306787, 52.667164 ], [ 1.306799, 52.667181 ], [ 1.3069104, 52.6671473 ] ] } },
{ "type": "Feature", "properties": { "id": 16680, "nach": 0.44564779724970138 }, "geometry": { "type": "LineString", "coordinates": [ [ 1.3072435, 52.6676055 ], [ 1.3073525, 52.667580500000021 ] ] } },
{ "type": "Feature", "properties": { "id": 16682, "nach": 0.54199578398140735 }, "geometry": { "type": "LineString", "coordinates": [ [ 1.3072435, 52.6676055 ], [ 1.3073354, 52.6677443 ] ] } },
{ "type": "Feature", "properties": { "id": 15907, "nach": 0.49372563252870838 }, "geometry": { "type": "LineString", "coordinates": [ [ 1.3155382, 52.662934300000018 ], [ 1.3151697, 52.662845100000013 ], [ 1.3150785, 52.6628016 ], [ 1.3149663, 52.6627304 ], [ 1.3146824, 52.662445 ], [ 1.3142379, 52.6620654 ], [ 1.3136654, 52.6615954 ], [ 1.3131123, 52.6611666 ] ] } },
{ "type": "Feature", "properties": { "id": 18388, "nach": 0.71378484983468671 }, "geometry": { "type": "LineString", "coordinates": [ [ 1.288861, 52.664194 ], [ 1.289087, 52.664161 ], [ 1.289356, 52.664112 ], [ 1.2898412, 52.664006600000015 ] ] } },
{ "type": "Feature", "properties": { "id": 2211, "nach": 0.60689943959409942 }, "geometry": { "type": "LineString", "coordinates": [ [ 1.2898412, 52.664006600000015 ], [ 1.2899516, 52.664017 ], [ 1.290107, 52.6640273 ] ] } },
{ "type": "Feature", "properties": { "id": 75795, "nach": 0.0 }, "geometry": { "type": "LineString", "coordinates": [ [ 1.2900791, 52.6637569 ], [ 1.2900226, 52.6637706 ], [ 1.2900075, 52.6637894 ], [ 1.2900125, 52.663815 ], [ 1.2900179, 52.6638426 ], [ 1.2900147, 52.6638526 ], [ 1.2899969, 52.6638779 ], [ 1.2899791, 52.6638912 ], [ 1.2899508, 52.6639045 ], [ 1.2898543, 52.6639435 ], [ 1.2898189, 52.6639629 ], [ 1.2898412, 52.664006600000015 ] ] } },
{ "type": "Feature", "properties": { "id": 2245, "nach": 0.64476023897673351 }, "geometry": { "type": "LineString", "coordinates": [ [ 1.2899759, 52.6644869 ], [ 1.2899614, 52.664429 ], [ 1.2899675, 52.6643986 ], [ 1.28999, 52.6643798 ], [ 1.2900125, 52.6643179 ], [ 1.2900123, 52.6642632 ], [ 1.2899942, 52.6642085 ], [ 1.2899715, 52.664158900000011 ], [ 1.2898902, 52.6640931 ], [ 1.2898675, 52.6640503 ], [ 1.2898412, 52.664006600000015 ] ] } },
{ "type": "Feature", "properties": { "id": 2753, "nach": 0.71226148080540963 }, "geometry": { "type": "LineString", "coordinates": [ [ 1.2900649, 52.6638979 ], [ 1.2899621, 52.6639526 ], [ 1.2898412, 52.664006600000015 ] ] } },
{ "type": "Feature", "properties": { "id": 18387, "nach": 0.67423030568288411 }, "geometry": { "type": "LineString", "coordinates": [ [ 1.288861, 52.664194 ], [ 1.288723, 52.664211 ], [ 1.288488, 52.664235 ], [ 1.287798, 52.664305 ] ] } },
{ "type": "Feature", "properties": { "id": 18386, "nach": 0.6561123426644565 }, "geometry": { "type": "LineString", "coordinates": [ [ 1.288861, 52.664194 ], [ 1.2887976, 52.6639237 ] ] } },
{ "type": "Feature", "properties": { "id": 2754, "nach": 0.63424092298877222 }, "geometry": { "type": "LineString", "coordinates": [ [ 1.2900649, 52.6638979 ], [ 1.2900436, 52.6639382 ], [ 1.2900468, 52.6639699 ], [ 1.2900635, 52.6639965 ], [ 1.290107, 52.6640273 ] ] } },
{ "type": "Feature", "properties": { "id": 18410, "nach": 0.66790099146300919 }, "geometry": { "type": "LineString", "coordinates": [ [ 1.290107, 52.6640273 ], [ 1.2901425, 52.66404 ], [ 1.290179, 52.6640467 ] ] } },
{ "type": "Feature", "properties": { "id": 75797, "nach": 0.73332578251370029 }, "geometry": { "type": "LineString", "coordinates": [ [ 1.2900791, 52.6637569 ], [ 1.2900884, 52.6637757 ], [ 1.2900932, 52.663785400000016 ] ] } },
{ "type": "Feature", "properties": { "id": 75796, "nach": 0.73261769836451229 }, "geometry": { "type": "LineString", "coordinates": [ [ 1.2900791, 52.6637569 ], [ 1.2900495, 52.6637011 ], [ 1.2899235, 52.6634636 ], [ 1.2898052, 52.6632982 ], [ 1.289655, 52.663137 ], [ 1.2894929, 52.662956 ] ] } },
{ "type": "Feature", "properties": { "id": 18466, "nach": 0.58920444375183156 }, "geometry": { "type": "LineString", "coordinates": [ [ 1.2901763, 52.6658229 ], [ 1.290131, 52.665346 ], [ 1.2900254, 52.6645213 ], [ 1.2899759, 52.6644869 ] ] } },
{ "type": "Feature", "properties": { "id": 18432, "nach": 0.6434615937999888 }, "geometry": { "type": "LineString", "coordinates": [ [ 1.28961, 52.664594 ], [ 1.2897089, 52.664572 ], [ 1.2899327, 52.6645038 ], [ 1.2899759, 52.6644869 ] ] } },
{ "type": "Feature", "properties": { "id": 2247, "nach": 0.58092950779762653 }, "geometry": { "type": "LineString", "coordinates": [ [ 1.2903066, 52.6643343 ], [ 1.290282, 52.664359 ], [ 1.290198, 52.664408 ], [ 1.2900641, 52.664457100000014 ], [ 1.2899759, 52.6644869 ] ] } },
{ "type": "Feature", "properties": { "id": 18350, "nach": 0.67920502568984842 }, "geometry": { "type": "LineString", "coordinates": [ [ 1.286447, 52.664442 ], [ 1.286755, 52.6644111 ] ] } },
{ "type": "Feature", "properties": { "id": 18340, "nach": 0.6642867259794889 }, "geometry": { "type": "LineString", "coordinates": [ [ 1.287798, 52.664305 ], [ 1.286755, 52.6644111 ] ] } },
{ "type": "Feature", "properties": { "id": 18288, "nach": 0.59064279926639129 }, "geometry": { "type": "LineString", "coordinates": [ [ 1.286686, 52.664113 ], [ 1.286723, 52.664278 ], [ 1.286755, 52.6644111 ] ] } },
{ "type": "Feature", "properties": { "id": 68398, "nach": 0.68294287572733059 }, "geometry": { "type": "LineString", "coordinates": [ [ 1.2858955, 52.6644959 ], [ 1.286447, 52.664442 ] ] } },
{ "type": "Feature", "properties": { "id": 18354, "nach": 0.59772843245989893 }, "geometry": { "type": "LineString", "coordinates": [ [ 1.286484, 52.665446 ], [ 1.2864865, 52.66540830000001 ], [ 1.286501, 52.665194 ], [ 1.286537, 52.664798 ], [ 1.28654, 52.664606 ], [ 1.286528, 52.664542 ], [ 1.286495, 52.66451 ], [ 1.286458, 52.664491 ], [ 1.286447, 52.664442 ] ] } },
{ "type": "Feature", "properties": { "id": 18341, "nach": 0.59669288782426178 }, "geometry": { "type": "LineString", "coordinates": [ [ 1.287798, 52.664305 ], [ 1.2877446, 52.664099 ] ] } },
{ "type": "Feature", "properties": { "id": 18287, "nach": 0.57203227104337828 }, "geometry": { "type": "LineString", "coordinates": [ [ 1.286686, 52.664113 ], [ 1.286657, 52.663989 ] ] } },
{ "type": "Feature", "properties": { "id": 18291, "nach": 0.45716983588686205 }, "geometry": { "type": "LineString", "coordinates": [ [ 1.2863098, 52.6641633 ], [ 1.2863077, 52.6641545 ], [ 1.286686, 52.664113 ] ] } },
{ "type": "Feature", "properties": { "id": 17894, "nach": 0.64509128256590709 }, "geometry": { "type": "LineString", "coordinates": [ [ 1.2839235, 52.6646948 ], [ 1.2847254, 52.6646151 ] ] } },
{ "type": "Feature", "properties": { "id": 18346, "nach": 0.63231137387542036 }, "geometry": { "type": "LineString", "coordinates": [ [ 1.285795, 52.664505 ], [ 1.2847254, 52.6646151 ] ] } },
{ "type": "Feature", "properties": { "id": 2234, "nach": 0.59857193079390214 }, "geometry": { "type": "LineString", "coordinates": [ [ 1.2847192, 52.66513 ], [ 1.284765, 52.665079 ], [ 1.284805, 52.664991 ], [ 1.284806, 52.664921 ], [ 1.284755, 52.664731 ], [ 1.2847254, 52.6646151 ] ] } },
{ "type": "Feature", "properties": { "id": 17895, "nach": 0.67092639982045277 }, "geometry": { "type": "LineString", "coordinates": [ [ 1.2839235, 52.6646948 ], [ 1.283586, 52.664732 ], [ 1.283341, 52.664771 ], [ 1.282777, 52.66486 ] ] } },
{ "type": "Feature", "properties": { "id": 17896, "nach": 0.6207413932771666 }, "geometry": { "type": "LineString", "coordinates": [ [ 1.2839235, 52.6646948 ], [ 1.2839081, 52.6646404 ], [ 1.283821, 52.664332 ], [ 1.283858, 52.6642361 ] ] } },
{ "type": "Feature", "properties": { "id": 18348, "nach": 0.65949529876051405 }, "geometry": { "type": "LineString", "coordinates": [ [ 1.285795, 52.664505 ], [ 1.285745, 52.664311 ] ] } },
{ "type": "Feature", "properties": { "id": 68397, "nach": 0.68154610284826744 }, "geometry": { "type": "LineString", "coordinates": [ [ 1.2858955, 52.6644959 ], [ 1.285795, 52.664505 ] ] } },
{ "type": "Feature", "properties": { "id": 17901, "nach": 0.5412285615439415 }, "geometry": { "type": "LineString", "coordinates": [ [ 1.284, 52.665276 ], [ 1.284366, 52.665259 ], [ 1.284458, 52.665248 ], [ 1.284543, 52.665225 ], [ 1.284648, 52.665176 ], [ 1.2847192, 52.66513 ] ] } },
{ "type": "Feature", "properties": { "id": 2237, "nach": 0.57301606701500352 }, "geometry": { "type": "LineString", "coordinates": [ [ 1.285085, 52.6652643 ], [ 1.285028, 52.665223 ], [ 1.284823, 52.665165 ], [ 1.2847192, 52.66513 ] ] } },
{ "type": "Feature", "properties": { "id": 68401, "nach": 0.57214505782034575 }, "geometry": { "type": "LineString", "coordinates": [ [ 1.2859044, 52.665364 ], [ 1.285808, 52.66534 ], [ 1.2856107, 52.66531 ], [ 1.2852561, 52.6652682 ], [ 1.2851797, 52.66526180000001 ], [ 1.285085, 52.6652643 ] ] } },
{ "type": "Feature", "properties": { "id": 17912, "nach": 0.50245771749191737 }, "geometry": { "type": "LineString", "coordinates": [ [ 1.284754, 52.665907 ], [ 1.284792, 52.665707 ], [ 1.284792, 52.665642 ], [ 1.284783, 52.665589 ], [ 1.2848, 52.665542 ], [ 1.28485, 52.665504 ], [ 1.284919, 52.665487 ], [ 1.284991, 52.665461 ], [ 1.285046, 52.665424 ], [ 1.285092, 52.665303 ], [ 1.285085, 52.6652643 ] ] } },
{ "type": "Feature", "properties": { "id": 68400, "nach": 0.5815955647891401 }, "geometry": { "type": "LineString", "coordinates": [ [ 1.2859044, 52.665364 ], [ 1.28637, 52.665418 ], [ 1.286484, 52.665446 ] ] } },
{ "type": "Feature", "properties": { "id": 68403, "nach": 0.44941689626951981 }, "geometry": { "type": "LineString", "coordinates": [ [ 1.285639, 52.6656073 ], [ 1.2856486, 52.6655797 ], [ 1.2856518, 52.665557 ], [ 1.2856769, 52.6655435 ], [ 1.285709, 52.6655435 ], [ 1.2857483, 52.6655481 ], [ 1.2857867, 52.6655481 ], [ 1.2858241, 52.6655388 ], [ 1.2858605, 52.6655166 ], [ 1.2859044, 52.665364 ] ] } },
{ "type": "Feature", "properties": { "id": 64922, "nach": 0.42722079160323256 }, "geometry": { "type": "LineString", "coordinates": [ [ 1.2856452, 52.6657873 ], [ 1.2855697, 52.6657864 ], [ 1.2855484, 52.6657861 ], [ 1.2855213, 52.6658019 ], [ 1.2854456, 52.66591480000001 ], [ 1.2854248, 52.6659293 ], [ 1.285397, 52.6659309 ], [ 1.285136, 52.665913 ], [ 1.285023, 52.665905 ], [ 1.284878, 52.665912 ], [ 1.284754, 52.665907 ] ] } },
{ "type": "Feature", "properties": { "id": 70275, "nach": 0.55780937864554625 }, "geometry": { "type": "LineString", "coordinates": [ [ 1.2878703, 52.6648425 ], [ 1.2878858, 52.6648262 ], [ 1.2879175, 52.6648074 ], [ 1.2879539, 52.6647972 ], [ 1.2880177, 52.664787 ], [ 1.2887547, 52.6647541 ], [ 1.288859, 52.6647563 ], [ 1.2889438, 52.6647668 ], [ 1.2891157, 52.6648047 ] ] } },
{ "type": "Feature", "properties": { "id": 18426, "nach": 0.59446435603152925 }, "geometry": { "type": "LineString", "coordinates": [ [ 1.289081, 52.665142 ], [ 1.289107, 52.665097 ], [ 1.289107, 52.665008 ], [ 1.289098, 52.664869 ], [ 1.2891157, 52.6648047 ] ] } },
{ "type": "Feature", "properties": { "id": 18431, "nach": 0.62605839345240288 }, "geometry": { "type": "LineString", "coordinates": [ [ 1.28961, 52.664594 ], [ 1.289501, 52.664618 ], [ 1.2893301, 52.6646569 ], [ 1.289228, 52.664702 ], [ 1.289153, 52.664758 ], [ 1.2891157, 52.6648047 ] ] } },
{ "type": "Feature", "properties": { "id": 70276, "nach": 0.5415720066602433 }, "geometry": { "type": "LineString", "coordinates": [ [ 1.2878703, 52.6648425 ], [ 1.2878629, 52.6648503 ], [ 1.287851, 52.664886 ], [ 1.2878821, 52.665237 ], [ 1.287871, 52.665268 ], [ 1.287693, 52.665449 ], [ 1.287634, 52.665488 ], [ 1.2875933, 52.6654925 ] ] } },
{ "type": "Feature", "properties": { "id": 70277, "nach": 0.454191586233685 }, "geometry": { "type": "LineString", "coordinates": [ [ 1.2878703, 52.6648425 ], [ 1.2878313, 52.664830700000017 ], [ 1.2877807, 52.6648186 ], [ 1.2877097, 52.6648069 ], [ 1.287662, 52.6648021 ], [ 1.2874922, 52.6648025 ] ] } },
{ "type": "Feature", "properties": { "id": 18463, "nach": 0.46408685404753214 }, "geometry": { "type": "LineString", "coordinates": [ [ 1.289625, 52.665919 ], [ 1.289566, 52.665321 ], [ 1.28954, 52.665278 ], [ 1.289477, 52.66524 ], [ 1.289188, 52.665167 ], [ 1.289081, 52.665142 ] ] } },
{ "type": "Feature", "properties": { "id": 18429, "nach": 0.58141169255068381 }, "geometry": { "type": "LineString", "coordinates": [ [ 1.2885, 52.665642 ], [ 1.288577, 52.665595 ], [ 1.288632, 52.665531 ], [ 1.28866, 52.66544 ], [ 1.288699, 52.665374 ], [ 1.288776, 52.665313 ], [ 1.288895, 52.665265 ], [ 1.288999, 52.665214 ], [ 1.2890499, 52.6651765 ], [ 1.289081, 52.665142 ] ] } },
{ "type": "Feature", "properties": { "id": 18433, "nach": 0.54325791060062767 }, "geometry": { "type": "LineString", "coordinates": [ [ 1.28961, 52.664594 ], [ 1.289564, 52.664525 ], [ 1.2895412, 52.664479300000018 ], [ 1.2895023, 52.6644011 ] ] } },
{ "type": "Feature", "properties": { "id": 18470, "nach": 0.61635423646416265 }, "geometry": { "type": "LineString", "coordinates": [ [ 1.2901681, 52.6659936 ], [ 1.290178, 52.665943 ], [ 1.2901763, 52.6658229 ] ] } },
{ "type": "Feature", "properties": { "id": 77598, "nach": 0.54377318689925269 }, "geometry": { "type": "LineString", "coordinates": [ [ 1.2908875, 52.6656909 ], [ 1.2908285, 52.6657145 ], [ 1.2907849, 52.665719 ], [ 1.2905811, 52.6657328 ], [ 1.2905087, 52.6657491 ], [ 1.2904228, 52.6657808 ], [ 1.2903424, 52.665806 ], [ 1.2902659, 52.665819 ], [ 1.2901763, 52.6658229 ] ] } },
{ "type": "Feature", "properties": { "id": 18436, "nach": 0.67036837611131372 }, "geometry": { "type": "LineString", "coordinates": [ [ 1.290577, 52.664408 ], [ 1.290394, 52.66436 ], [ 1.2903066, 52.6643343 ] ] } },
{ "type": "Feature", "properties": { "id": 2250, "nach": 0.67099764435051479 }, "geometry": { "type": "LineString", "coordinates": [ [ 1.2903214, 52.6642054 ], [ 1.290326, 52.664258 ], [ 1.29032, 52.664313 ], [ 1.2903066, 52.6643343 ] ] } },
{ "type": "Feature", "properties": { "id": 18434, "nach": 0.47375587250360723 }, "geometry": { "type": "LineString", "coordinates": [ [ 1.290577, 52.664408 ], [ 1.2906517, 52.6643001 ] ] } },
{ "type": "Feature", "properties": { "id": 45498, "nach": 0.6651990028756205 }, "geometry": { "type": "LineString", "coordinates": [ [ 1.2907969, 52.6644664 ], [ 1.290696, 52.6644383 ], [ 1.290577, 52.664408 ] ] } },
{ "type": "Feature", "properties": { "id": 2249, "nach": 0.53404394940642863 }, "geometry": { "type": "LineString", "coordinates": [ [ 1.2903214, 52.6642054 ], [ 1.2903263, 52.6641136 ], [ 1.290344, 52.664005300000014 ] ] } },
{ "type": "Feature", "properties": { "id": 18412, "nach": 0.66389362394426277 }, "geometry": { "type": "LineString", "coordinates": [ [ 1.290179, 52.6640467 ], [ 1.2902294, 52.6641123 ], [ 1.2903214, 52.6642054 ] ] } },
{ "type": "Feature", "properties": { "id": 18411, "nach": 0.45495619221891237 }, "geometry": { "type": "LineString", "coordinates": [ [ 1.290179, 52.6640467 ], [ 1.2902153, 52.6640482 ], [ 1.2902664, 52.6640419 ], [ 1.2903128, 52.6640258 ], [ 1.290344, 52.664005300000014 ] ] } },
{ "type": "Feature", "properties": { "id": 18419, "nach": 0.55689823851717368 }, "geometry": { "type": "LineString", "coordinates": [ [ 1.290344, 52.664005300000014 ], [ 1.2903668, 52.6639767 ], [ 1.2903737, 52.6639493 ] ] } },
{ "type": "Feature", "properties": { "id": 2256, "nach": 0.51486577158087454 }, "geometry": { "type": "LineString", "coordinates": [ [ 1.2871154, 52.6648068 ], [ 1.287156, 52.66506 ], [ 1.287071, 52.665253 ], [ 1.287045, 52.665431 ], [ 1.2870441, 52.665492900000011 ] ] } },
{ "type": "Feature", "properties": { "id": 68405, "nach": 0.54606088647173834 }, "geometry": { "type": "LineString", "coordinates": [ [ 1.2875933, 52.6654925 ], [ 1.287535, 52.665499 ], [ 1.287353, 52.665476 ], [ 1.287151, 52.66549 ], [ 1.2870441, 52.665492900000011 ] ] } },
{ "type": "Feature", "properties": { "id": 18352, "nach": 0.56080747236137152 }, "geometry": { "type": "LineString", "coordinates": [ [ 1.286484, 52.665446 ], [ 1.286575, 52.665464 ], [ 1.2870441, 52.665492900000011 ] ] } },
{ "type": "Feature", "properties": { "id": 2257, "nach": 0.43993048045246824 }, "geometry": { "type": "LineString", "coordinates": [ [ 1.287288, 52.66479 ], [ 1.2871154, 52.6648068 ] ] } },
{ "type": "Feature", "properties": { "id": 2258, "nach": 0.44032542831457461 }, "geometry": { "type": "LineString", "coordinates": [ [ 1.2869681, 52.664821 ], [ 1.2871154, 52.6648068 ] ] } },
{ "type": "Feature", "properties": { "id": 68407, "nach": 0.4534688811301954 }, "geometry": { "type": "LineString", "coordinates": [ [ 1.2878221, 52.6656186 ], [ 1.2877713, 52.6656212 ], [ 1.2877328, 52.6656191 ], [ 1.2877084, 52.6656101 ], [ 1.2876639, 52.6655871 ], [ 1.2876242, 52.6655548 ], [ 1.2875933, 52.6654925 ] ] } },
{ "type": "Feature", "properties": { "id": 18449, "nach": 0.61488994500681038 }, "geometry": { "type": "LineString", "coordinates": [ [ 1.287955, 52.665941 ], [ 1.2878732, 52.6659082 ], [ 1.287808, 52.665882 ], [ 1.287476, 52.665799 ], [ 1.287098, 52.665709 ], [ 1.286992, 52.665675 ], [ 1.286915, 52.665658 ], [ 1.286758, 52.665639 ], [ 1.286674, 52.665645 ], [ 1.286554, 52.665642 ], [ 1.286492, 52.665627 ], [ 1.286471, 52.665598 ], [ 1.286478, 52.665486 ], [ 1.286484, 52.665446 ] ] } },
{ "type": "Feature", "properties": { "id": 76743, "nach": 0.46408561637891022 }, "geometry": { "type": "LineString", "coordinates": [ [ 1.2941109, 52.6540789 ], [ 1.2942899, 52.6542295 ] ] } },
{ "type": "Feature", "properties": { "id": 76744, "nach": 0.45711051909148454 }, "geometry": { "type": "LineString", "coordinates": [ [ 1.2941109, 52.6540789 ], [ 1.2939522, 52.6539567 ] ] } },
{ "type": "Feature", "properties": { "id": 76753, "nach": 0.4748222321284839 }, "geometry": { "type": "LineString", "coordinates": [ [ 1.2940089, 52.65411 ], [ 1.2941109, 52.6540789 ] ] } },
{ "type": "Feature", "properties": { "id": 55146, "nach": 0.73145069236899707 }, "geometry": { "type": "LineString", "coordinates": [ [ 1.2900932, 52.6638759 ], [ 1.2900649, 52.6638979 ] ] } },
{ "type": "Feature", "properties": { "id": 18501, "nach": 0.57554510527373681 }, "geometry": { "type": "LineString", "coordinates": [ [ 1.292375, 52.664195 ], [ 1.292295, 52.664062 ], [ 1.292243, 52.663995 ], [ 1.292189, 52.663957 ], [ 1.291764, 52.66372 ], [ 1.291617, 52.663643 ], [ 1.2915131, 52.6635745 ], [ 1.2914738, 52.6635369 ] ] } },
{ "type": "Feature", "properties": { "id": 18478, "nach": 0.63674854733523734 }, "geometry": { "type": "LineString", "coordinates": [ [ 1.2910395, 52.6636836 ], [ 1.2912057, 52.6636332 ], [ 1.2913313, 52.6635878 ], [ 1.2914738, 52.6635369 ] ] } },
{ "type": "Feature", "properties": { "id": 8867, "nach": 0.52748439440170036 }, "geometry": { "type": "LineString", "coordinates": [ [ 1.2841761, 52.6575651 ], [ 1.2841992, 52.6576436 ] ] } },
{ "type": "Feature", "properties": { "id": 60717, "nach": 0.66939378531263827 }, "geometry": { "type": "LineString", "coordinates": [ [ 1.284419, 52.658180800000011 ], [ 1.284375, 52.6580737 ], [ 1.2843225, 52.6579385 ], [ 1.2842397, 52.6577293 ], [ 1.2841992, 52.6576436 ] ] } },
{ "type": "Feature", "properties": { "id": 17712, "nach": 0.67484645150544798 }, "geometry": { "type": "LineString", "coordinates": [ [ 1.2839618, 52.657660700000015 ], [ 1.284015, 52.6576586 ], [ 1.2841992, 52.6576436 ] ] } },
{ "type": "Feature", "properties": { "id": 8868, "nach": 0.6427003194818881 }, "geometry": { "type": "LineString", "coordinates": [ [ 1.2841761, 52.6575651 ], [ 1.2841705, 52.6575393 ], [ 1.2843791, 52.6574211 ], [ 1.2844516, 52.6574155 ] ] } },
{ "type": "Feature", "properties": { "id": 8866, "nach": 0.68412121839041484 }, "geometry": { "type": "LineString", "coordinates": [ [ 1.2841761, 52.6575651 ], [ 1.2839468, 52.6575877 ] ] } },
{ "type": "Feature", "properties": { "id": 60718, "nach": 0.48714547878209724 }, "geometry": { "type": "LineString", "coordinates": [ [ 1.284419, 52.658180800000011 ], [ 1.2843425, 52.6581896 ], [ 1.2841281, 52.6582099 ] ] } },
{ "type": "Feature", "properties": { "id": 62445, "nach": 0.66815272652859536 }, "geometry": { "type": "LineString", "coordinates": [ [ 1.284478, 52.6583955 ], [ 1.284462, 52.658355 ], [ 1.284419, 52.658180800000011 ] ] } },
{ "type": "Feature", "properties": { "id": 4635, "nach": 0.46461789839564105 }, "geometry": { "type": "LineString", "coordinates": [ [ 1.2835696, 52.6586617 ], [ 1.2845635, 52.6586168 ] ] } },
{ "type": "Feature", "properties": { "id": 70581, "nach": 0.66015579710768701 }, "geometry": { "type": "LineString", "coordinates": [ [ 1.2846575, 52.658859300000017 ], [ 1.2845635, 52.6586168 ] ] } },
{ "type": "Feature", "properties": { "id": 62444, "nach": 0.6640483610055552 }, "geometry": { "type": "LineString", "coordinates": [ [ 1.284478, 52.6583955 ], [ 1.2845635, 52.6586168 ] ] } },
{ "type": "Feature", "properties": { "id": 70580, "nach": 0.65660171297778047 }, "geometry": { "type": "LineString", "coordinates": [ [ 1.2846575, 52.658859300000017 ], [ 1.2847704, 52.6591506 ] ] } },
{ "type": "Feature", "properties": { "id": 70583, "nach": 0.47204980232113014 }, "geometry": { "type": "LineString", "coordinates": [ [ 1.2842805, 52.6590308 ], [ 1.2843796, 52.6590228 ], [ 1.2844076, 52.6589427 ], [ 1.2844357, 52.6589086 ], [ 1.28451, 52.6588776 ], [ 1.2846575, 52.658859300000017 ] ] } },
{ "type": "Feature", "properties": { "id": 62447, "nach": 0.46453680836439115 }, "geometry": { "type": "LineString", "coordinates": [ [ 1.2853972, 52.6581607 ], [ 1.2853796, 52.6582462 ], [ 1.2853664, 52.6582663 ], [ 1.2853289, 52.6582778 ], [ 1.2852831, 52.658282 ], [ 1.284478, 52.6583955 ] ] } },
{ "type": "Feature", "properties": { "id": 17941, "nach": 0.63053838213106128 }, "geometry": { "type": "LineString", "coordinates": [ [ 1.285456, 52.659068 ], [ 1.285001, 52.659127 ], [ 1.2847704, 52.6591506 ] ] } },
{ "type": "Feature", "properties": { "id": 66226, "nach": 0.58850287489372144 }, "geometry": { "type": "LineString", "coordinates": [ [ 1.284977, 52.6601358 ], [ 1.2850197, 52.6598886 ], [ 1.2850129, 52.6598102 ], [ 1.2849778, 52.6597147 ], [ 1.2847704, 52.6591506 ] ] } },
{ "type": "Feature", "properties": { "id": 84186, "nach": 0.62514287133350666 }, "geometry": { "type": "LineString", "coordinates": [ [ 1.2855445, 52.6590566 ], [ 1.285456, 52.659068 ] ] } },
{ "type": "Feature", "properties": { "id": 17944, "nach": 0.43455370700225315 }, "geometry": { "type": "LineString", "coordinates": [ [ 1.285825, 52.660126 ], [ 1.28572, 52.659849 ], [ 1.285509, 52.659223 ], [ 1.2854662, 52.6590977 ], [ 1.285456, 52.659068 ] ] } },
{ "type": "Feature", "properties": { "id": 66225, "nach": 0.58642785758200089 }, "geometry": { "type": "LineString", "coordinates": [ [ 1.284977, 52.6601358 ], [ 1.284972, 52.660165 ], [ 1.284961, 52.660229 ], [ 1.28491, 52.660375 ], [ 1.284825, 52.660617 ], [ 1.2847959, 52.660662 ] ] } },
{ "type": "Feature", "properties": { "id": 66227, "nach": 0.45403180641576346 }, "geometry": { "type": "LineString", "coordinates": [ [ 1.284977, 52.6601358 ], [ 1.284195, 52.6601301 ], [ 1.2841029, 52.6597787 ] ] } },
{ "type": "Feature", "properties": { "id": 18035, "nach": 0.57613937277967142 }, "geometry": { "type": "LineString", "coordinates": [ [ 1.286982, 52.660713 ], [ 1.286903, 52.660663 ], [ 1.286813, 52.660644 ], [ 1.286707, 52.660641 ], [ 1.286502, 52.660667 ], [ 1.285336, 52.660788 ], [ 1.285204, 52.66078 ], [ 1.285027, 52.66074 ], [ 1.2847959, 52.660662 ] ] } },
{ "type": "Feature", "properties": { "id": 2772, "nach": 0.54656292813663587 }, "geometry": { "type": "LineString", "coordinates": [ [ 1.2836182, 52.6608039 ], [ 1.2836433, 52.66078 ], [ 1.283689, 52.660754 ], [ 1.2837543, 52.6607434 ], [ 1.2846152, 52.6607371 ], [ 1.284672, 52.660729 ], [ 1.284737, 52.660705 ], [ 1.2847959, 52.660662 ] ] } },
{ "type": "Feature", "properties": { "id": 61623, "nach": 0.62150501232035926 }, "geometry": { "type": "LineString", "coordinates": [ [ 1.28757, 52.660274 ], [ 1.287582, 52.660351 ], [ 1.287584, 52.660425 ], [ 1.28754, 52.660494 ], [ 1.287472, 52.660548 ], [ 1.287357, 52.660606 ], [ 1.287235, 52.660646 ], [ 1.286982, 52.660713 ] ] } },
{ "type": "Feature", "properties": { "id": 61613, "nach": 0.64780713054395067 }, "geometry": { "type": "LineString", "coordinates": [ [ 1.2871265, 52.661485899999988 ], [ 1.287044, 52.660847 ], [ 1.287021, 52.66077 ], [ 1.286982, 52.660713 ] ] } },
{ "type": "Feature", "properties": { "id": 17741, "nach": 0.51429849156809282 }, "geometry": { "type": "LineString", "coordinates": [ [ 1.2832694, 52.6624733 ], [ 1.283331, 52.662126 ], [ 1.2834436, 52.6616409 ], [ 1.28353, 52.6612115 ], [ 1.283556, 52.661091 ], [ 1.2835871, 52.66088220000001 ], [ 1.2836021, 52.660832 ], [ 1.2836182, 52.6608039 ] ] } },
{ "type": "Feature", "properties": { "id": 64321, "nach": 0.48740687267196137 }, "geometry": { "type": "LineString", "coordinates": [ [ 1.2834156, 52.6607563 ], [ 1.283437, 52.660759 ], [ 1.283543, 52.660783400000014 ], [ 1.2836182, 52.6608039 ] ] } },
{ "type": "Feature", "properties": { "id": 17740, "nach": 0.54134841811854495 }, "geometry": { "type": "LineString", "coordinates": [ [ 1.2832694, 52.6624733 ], [ 1.28326, 52.662506299999983 ] ] } },
{ "type": "Feature", "properties": { "id": 61209, "nach": 0.48417165831416964 }, "geometry": { "type": "LineString", "coordinates": [ [ 1.2808132, 52.66252690000001 ], [ 1.281525, 52.662502 ], [ 1.282273, 52.6624889 ], [ 1.2828134, 52.6624724 ], [ 1.2830971, 52.6624685 ], [ 1.2832164, 52.6624693 ], [ 1.2832694, 52.6624733 ] ] } },
{ "type": "Feature", "properties": { "id": 64323, "nach": 0.40908768627743608 }, "geometry": { "type": "LineString", "coordinates": [ [ 1.2834156, 52.6607563 ], [ 1.2834107, 52.6607988 ], [ 1.2834095, 52.660845 ], [ 1.2834117, 52.6608981 ], [ 1.2834086, 52.6609401 ], [ 1.2834086, 52.6609964 ], [ 1.283407, 52.6610441 ], [ 1.2834055, 52.661109 ], [ 1.2834007, 52.6611682 ], [ 1.2833897, 52.6612292 ], [ 1.2833782, 52.661307900000011 ], [ 1.2833699, 52.6613954 ], [ 1.2833377, 52.66142 ], [ 1.2832266, 52.661425 ], [ 1.2830865, 52.66142880000001 ], [ 1.2829116, 52.6614297 ], [ 1.2827327, 52.6614319 ], [ 1.2825069, 52.6614242 ], [ 1.2819286, 52.6614187 ], [ 1.2818943, 52.66140450000001 ], [ 1.2818979, 52.6613694 ], [ 1.281887, 52.6612795 ], [ 1.2818979, 52.6611776 ], [ 1.2818943, 52.6610219 ], [ 1.2818907, 52.6609189 ], [ 1.281831, 52.660922 ], [ 1.281819, 52.660766 ] ] } },
{ "type": "Feature", "properties": { "id": 3223, "nach": 0.72335716298098918 }, "geometry": { "type": "LineString", "coordinates": [ [ 1.2900932, 52.663785400000016 ], [ 1.2900996, 52.6638361 ], [ 1.2900932, 52.6638759 ] ] } },
{ "type": "Feature", "properties": { "id": 18408, "nach": 0.60202163355842597 }, "geometry": { "type": "LineString", "coordinates": [ [ 1.2902055, 52.6638477 ], [ 1.2901574, 52.663826099999987 ], [ 1.2900932, 52.663785400000016 ] ] } },
{ "type": "Feature", "properties": { "id": 18409, "nach": 0.588748114922517 }, "geometry": { "type": "LineString", "coordinates": [ [ 1.2902055, 52.6638477 ], [ 1.2901407, 52.6638564 ], [ 1.2900932, 52.6638759 ] ] } },
{ "type": "Feature", "properties": { "id": 18141, "nach": 0.6294732025456593 }, "geometry": { "type": "LineString", "coordinates": [ [ 1.289789, 52.662382 ], [ 1.289317, 52.662402 ], [ 1.289205, 52.662424 ], [ 1.2890813, 52.662463100000011 ] ] } },
{ "type": "Feature", "properties": { "id": 3249, "nach": 0.70450149664572592 }, "geometry": { "type": "LineString", "coordinates": [ [ 1.2894929, 52.662956 ], [ 1.28929, 52.6627 ], [ 1.2890813, 52.662463100000011 ] ] } },
{ "type": "Feature", "properties": { "id": 18103, "nach": 0.67993072571461799 }, "geometry": { "type": "LineString", "coordinates": [ [ 1.288687, 52.661843799999986 ], [ 1.2887716, 52.6620297 ], [ 1.288866, 52.662198 ], [ 1.288992, 52.662366 ], [ 1.2890813, 52.662463100000011 ] ] } },
{ "type": "Feature", "properties": { "id": 18142, "nach": 0.60184684183700765 }, "geometry": { "type": "LineString", "coordinates": [ [ 1.289789, 52.662382 ], [ 1.2897858, 52.662301 ], [ 1.2898345, 52.662284 ], [ 1.289821, 52.662131 ], [ 1.2897905, 52.6620871 ] ] } },
{ "type": "Feature", "properties": { "id": 18140, "nach": 0.568485754768566 }, "geometry": { "type": "LineString", "coordinates": [ [ 1.289789, 52.662382 ], [ 1.289793, 52.662467 ], [ 1.2898, 52.662515 ] ] } },
{ "type": "Feature", "properties": { "id": 18149, "nach": 0.67101292779843558 }, "geometry": { "type": "LineString", "coordinates": [ [ 1.290342, 52.662669 ], [ 1.2898831, 52.6628293 ], [ 1.289694, 52.662896 ], [ 1.2894929, 52.662956 ] ] } },
{ "type": "Feature", "properties": { "id": 77581, "nach": 0.56699411217821316 }, "geometry": { "type": "LineString", "coordinates": [ [ 1.2890669, 52.6618405 ], [ 1.288687, 52.661843799999986 ] ] } },
{ "type": "Feature", "properties": { "id": 66781, "nach": 0.67059740005498436 }, "geometry": { "type": "LineString", "coordinates": [ [ 1.2886324, 52.6615479 ], [ 1.288652, 52.661716 ], [ 1.288687, 52.661843799999986 ] ] } },
{ "type": "Feature", "properties": { "id": 66779, "nach": 0.63464311602097001 }, "geometry": { "type": "LineString", "coordinates": [ [ 1.2886324, 52.6615479 ], [ 1.2886219, 52.6614578 ] ] } },
{ "type": "Feature", "properties": { "id": 66782, "nach": 0.6346049605895393 }, "geometry": { "type": "LineString", "coordinates": [ [ 1.2886116, 52.6613691 ], [ 1.2886219, 52.6614578 ] ] } },
{ "type": "Feature", "properties": { "id": 66775, "nach": 0.6112828786895339 }, "geometry": { "type": "LineString", "coordinates": [ [ 1.2883863, 52.661472 ], [ 1.2886219, 52.6614578 ] ] } },
{ "type": "Feature", "properties": { "id": 18051, "nach": 0.6122475819705383 }, "geometry": { "type": "LineString", "coordinates": [ [ 1.2894436, 52.6614544 ], [ 1.289126, 52.661467 ], [ 1.289017, 52.661466 ], [ 1.288904, 52.661451 ], [ 1.288798, 52.661451 ], [ 1.2886219, 52.6614578 ] ] } },
{ "type": "Feature", "properties": { "id": 66780, "nach": 0.61073883238547655 }, "geometry": { "type": "LineString", "coordinates": [ [ 1.2886324, 52.6615479 ], [ 1.2883863, 52.661472 ] ] } },
{ "type": "Feature", "properties": { "id": 66784, "nach": 0.67458322731853315 }, "geometry": { "type": "LineString", "coordinates": [ [ 1.2886116, 52.6613691 ], [ 1.2885634, 52.6609535 ], [ 1.2885144, 52.660596 ], [ 1.2885242, 52.6605088 ], [ 1.288563, 52.6604577 ], [ 1.2886308, 52.6604191 ], [ 1.2887061, 52.6603936 ] ] } },
{ "type": "Feature", "properties": { "id": 66783, "nach": 0.62442037270508799 }, "geometry": { "type": "LineString", "coordinates": [ [ 1.2886116, 52.6613691 ], [ 1.2883863, 52.661472 ] ] } },
{ "type": "Feature", "properties": { "id": 66776, "nach": 0.68781862587559006 }, "geometry": { "type": "LineString", "coordinates": [ [ 1.2883863, 52.661472 ], [ 1.2882673, 52.6614791 ] ] } },
{ "type": "Feature", "properties": { "id": 18049, "nach": 0.6198209923819018 }, "geometry": { "type": "LineString", "coordinates": [ [ 1.2894436, 52.6614544 ], [ 1.289438, 52.661377 ], [ 1.289453, 52.661284 ] ] } },
{ "type": "Feature", "properties": { "id": 18101, "nach": 0.62713078868613825 }, "geometry": { "type": "LineString", "coordinates": [ [ 1.289465, 52.661739 ], [ 1.289454, 52.6615458 ], [ 1.2894436, 52.6614544 ] ] } },
{ "type": "Feature", "properties": { "id": 74930, "nach": 0.66947505797032181 }, "geometry": { "type": "LineString", "coordinates": [ [ 1.288739, 52.6601877 ], [ 1.2886899, 52.6603233 ], [ 1.2886891, 52.6603582 ], [ 1.2887061, 52.6603936 ] ] } },
{ "type": "Feature", "properties": { "id": 3237, "nach": 0.56533613825215978 }, "geometry": { "type": "LineString", "coordinates": [ [ 1.2893399, 52.660414300000014 ], [ 1.2888385, 52.6603827 ], [ 1.2887505, 52.66038420000001 ], [ 1.2887061, 52.6603936 ] ] } },
{ "type": "Feature", "properties": { "id": 74931, "nach": 0.66786056219380219 }, "geometry": { "type": "LineString", "coordinates": [ [ 1.288739, 52.6601877 ], [ 1.2887427, 52.6601774 ], [ 1.2888082, 52.6600951 ] ] } },
{ "type": "Feature", "properties": { "id": 74929, "nach": 0.47446156627783748 }, "geometry": { "type": "LineString", "coordinates": [ [ 1.288739, 52.6601877 ], [ 1.2885932, 52.6601644 ] ] } },
{ "type": "Feature", "properties": { "id": 3238, "nach": 0.64978943932114708 }, "geometry": { "type": "LineString", "coordinates": [ [ 1.2896859, 52.6604363 ], [ 1.2893399, 52.660414300000014 ] ] } },
{ "type": "Feature", "properties": { "id": 18040, "nach": 0.63955649547904481 }, "geometry": { "type": "LineString", "coordinates": [ [ 1.28938, 52.660687 ], [ 1.2893651, 52.6606685 ], [ 1.289342, 52.660605 ], [ 1.289333, 52.660495 ], [ 1.2893361, 52.6604418 ], [ 1.2893399, 52.660414300000014 ] ] } },
{ "type": "Feature", "properties": { "id": 18052, "nach": 0.59545165219059915 }, "geometry": { "type": "LineString", "coordinates": [ [ 1.2898545, 52.660468899999984 ], [ 1.2896859, 52.6604363 ] ] } },
{ "type": "Feature", "properties": { "id": 18017, "nach": 0.64821814427411761 }, "geometry": { "type": "LineString", "coordinates": [ [ 1.2897562, 52.6601541 ], [ 1.289758, 52.660176 ], [ 1.2897091, 52.6603535 ], [ 1.2896859, 52.6604363 ] ] } },
{ "type": "Feature", "properties": { "id": 18059, "nach": 0.63882958291277647 }, "geometry": { "type": "LineString", "coordinates": [ [ 1.289594, 52.660802 ], [ 1.289447, 52.660723 ], [ 1.28938, 52.660687 ] ] } },
{ "type": "Feature", "properties": { "id": 77595, "nach": 0.0 }, "geometry": { "type": "LineString", "coordinates": [ [ 1.2892116, 52.6611786 ], [ 1.2891883, 52.6611494 ], [ 1.2890334, 52.6611539 ], [ 1.28902, 52.660970499999983 ], [ 1.2890086, 52.6609583 ], [ 1.2889878, 52.6609469 ], [ 1.2889671, 52.6609022 ], [ 1.2889087, 52.660846 ], [ 1.2889067, 52.660818 ], [ 1.288867, 52.660778 ], [ 1.288865, 52.660737 ], [ 1.289138, 52.660728 ], [ 1.289305, 52.660714 ], [ 1.28938, 52.660687 ] ] } },
{ "type": "Feature", "properties": { "id": 18056, "nach": 0.5224011497512101 }, "geometry": { "type": "LineString", "coordinates": [ [ 1.289958, 52.6602731 ], [ 1.2899129, 52.6603047 ], [ 1.2898884, 52.660359799999988 ], [ 1.2898545, 52.660468899999984 ] ] } },
{ "type": "Feature", "properties": { "id": 77542, "nach": 0.58961301872855587 }, "geometry": { "type": "LineString", "coordinates": [ [ 1.2904491, 52.6606495 ], [ 1.2903901, 52.6606236 ], [ 1.2902025, 52.660556 ], [ 1.2898545, 52.660468899999984 ] ] } },
{ "type": "Feature", "properties": { "id": 18018, "nach": 0.49114292019486661 }, "geometry": { "type": "LineString", "coordinates": [ [ 1.2897562, 52.6601541 ], [ 1.2897092, 52.6601752 ], [ 1.2895003, 52.660159 ], [ 1.2893875, 52.6601293 ], [ 1.289338, 52.66012880000001 ], [ 1.2892238, 52.660129499999989 ] ] } },
{ "type": "Feature", "properties": { "id": 18019, "nach": 0.64067396114883723 }, "geometry": { "type": "LineString", "coordinates": [ [ 1.289778, 52.6600534 ], [ 1.2897562, 52.6601541 ] ] } },
{ "type": "Feature", "properties": { "id": 18187, "nach": 0.69033650474175778 }, "geometry": { "type": "LineString", "coordinates": [ [ 1.290981, 52.6616019 ], [ 1.2909567, 52.661423 ] ] } },
{ "type": "Feature", "properties": { "id": 18179, "nach": 0.63690068521549392 }, "geometry": { "type": "LineString", "coordinates": [ [ 1.2916674, 52.6612151 ], [ 1.2915476, 52.6612434 ], [ 1.2913883, 52.661246299999988 ], [ 1.2912108, 52.6613017 ], [ 1.2910458, 52.6614055 ], [ 1.2909567, 52.661423 ] ] } },
{ "type": "Feature", "properties": { "id": 61615, "nach": 0.65004446067157773 }, "geometry": { "type": "LineString", "coordinates": [ [ 1.2908629, 52.6610048 ], [ 1.29087, 52.661014 ], [ 1.2909119, 52.661113 ], [ 1.2909567, 52.661423 ] ] } },
{ "type": "Feature", "properties": { "id": 18189, "nach": 0.66750232381453445 }, "geometry": { "type": "LineString", "coordinates": [ [ 1.290981, 52.6616019 ], [ 1.2910126, 52.6619082 ], [ 1.2909974, 52.6620427 ] ] } },
{ "type": "Feature", "properties": { "id": 18188, "nach": 0.65888574971563663 }, "geometry": { "type": "LineString", "coordinates": [ [ 1.290981, 52.6616019 ], [ 1.2909174, 52.6616029 ], [ 1.290707, 52.661608 ], [ 1.290591, 52.661615 ], [ 1.290517, 52.66163 ], [ 1.290468, 52.661649 ] ] } },
{ "type": "Feature", "properties": { "id": 18180, "nach": 0.63393197235480658 }, "geometry": { "type": "LineString", "coordinates": [ [ 1.2916674, 52.6612151 ], [ 1.2917111, 52.6611768 ], [ 1.2917801, 52.6611098 ] ] } },
{ "type": "Feature", "properties": { "id": 67122, "nach": 0.45410803598711175 }, "geometry": { "type": "LineString", "coordinates": [ [ 1.2916403, 52.6610617 ], [ 1.2916574, 52.6611095 ], [ 1.2916659, 52.661161100000015 ], [ 1.2916674, 52.6612151 ] ] } },
{ "type": "Feature", "properties": { "id": 67134, "nach": 0.65702668461384051 }, "geometry": { "type": "LineString", "coordinates": [ [ 1.2906286, 52.6607678 ], [ 1.290684, 52.6608114 ], [ 1.29076, 52.660872 ], [ 1.2908629, 52.6610048 ] ] } },
{ "type": "Feature", "properties": { "id": 67125, "nach": 0.54470259381846853 }, "geometry": { "type": "LineString", "coordinates": [ [ 1.2914765, 52.6608423 ], [ 1.2913943, 52.660863199999987 ], [ 1.2912096, 52.6609167 ], [ 1.2908629, 52.6610048 ] ] } },
{ "type": "Feature", "properties": { "id": 18186, "nach": 0.5442902006560979 }, "geometry": { "type": "LineString", "coordinates": [ [ 1.291415, 52.662041 ], [ 1.2911747, 52.6620535 ], [ 1.2910458, 52.662047 ], [ 1.2909974, 52.6620427 ] ] } },
{ "type": "Feature", "properties": { "id": 18148, "nach": 0.66442085305786425 }, "geometry": { "type": "LineString", "coordinates": [ [ 1.290342, 52.662669 ], [ 1.2905683, 52.662557 ], [ 1.2907435, 52.6624352 ], [ 1.290857, 52.662311 ], [ 1.2909469, 52.66217420000001 ], [ 1.2909974, 52.6620427 ] ] } },
{ "type": "Feature", "properties": { "id": 18190, "nach": 0.47057067618231557 }, "geometry": { "type": "LineString", "coordinates": [ [ 1.2914241, 52.6622604 ], [ 1.291419, 52.662133 ], [ 1.291415, 52.662041 ] ] } },
{ "type": "Feature", "properties": { "id": 77563, "nach": 0.46534566215617129 }, "geometry": { "type": "LineString", "coordinates": [ [ 1.291603, 52.6616375 ], [ 1.2913884, 52.6616409 ], [ 1.29141, 52.661964 ], [ 1.291415, 52.662041 ] ] } },
{ "type": "Feature", "properties": { "id": 18395, "nach": 0.64338577902460936 }, "geometry": { "type": "LineString", "coordinates": [ [ 1.290762, 52.663114 ], [ 1.290342, 52.662669 ] ] } },
{ "type": "Feature", "properties": { "id": 44180, "nach": 0.53762710487333798 }, "geometry": { "type": "LineString", "coordinates": [ [ 1.3005104, 52.6534306 ], [ 1.3009229, 52.653395 ], [ 1.301797, 52.653315200000023 ], [ 1.301907, 52.6533033 ], [ 1.3020429, 52.6532595 ] ] } },
{ "type": "Feature", "properties": { "id": 44179, "nach": 0.53263996458451812 }, "geometry": { "type": "LineString", "coordinates": [ [ 1.3005104, 52.6534306 ], [ 1.300420699999989, 52.6534416 ], [ 1.3003242, 52.6534693 ], [ 1.3002762, 52.6535312 ], [ 1.3002193, 52.6535346 ] ] } },
{ "type": "Feature", "properties": { "id": 74394, "nach": 0.41002419448828481 }, "geometry": { "type": "LineString", "coordinates": [ [ 1.3005021, 52.6533859 ], [ 1.3005104, 52.6534306 ] ] } },
{ "type": "Feature", "properties": { "id": 44193, "nach": 0.54254992559705906 }, "geometry": { "type": "LineString", "coordinates": [ [ 1.2946219, 52.654535 ], [ 1.2948129, 52.6547122 ], [ 1.2951548, 52.655021 ], [ 1.2956862, 52.6554611 ], [ 1.2958497, 52.6555773 ], [ 1.2959764, 52.6556409 ] ] } },
{ "type": "Feature", "properties": { "id": 44200, "nach": 0.46978428571254666 }, "geometry": { "type": "LineString", "coordinates": [ [ 1.2931422, 52.654915 ], [ 1.2932339, 52.6549356 ], [ 1.2936927, 52.6547838 ], [ 1.2945391, 52.6545458 ], [ 1.2946219, 52.654535 ] ] } },
{ "type": "Feature", "properties": { "id": 32616, "nach": 0.50672354412830622 }, "geometry": { "type": "LineString", "coordinates": [ [ 1.2961942, 52.6557728 ], [ 1.2962043, 52.6557676 ], [ 1.2962152, 52.6557551 ], [ 1.2962476, 52.655700299999985 ] ] } },
{ "type": "Feature", "properties": { "id": 3735, "nach": 0.50499397233178456 }, "geometry": { "type": "LineString", "coordinates": [ [ 1.3011664, 52.6565697 ], [ 1.3010766, 52.656553400000014 ], [ 1.300858, 52.656498899999988 ], [ 1.3001069, 52.6563484 ], [ 1.2994967, 52.6562377 ], [ 1.2990287, 52.656159700000011 ], [ 1.2986679, 52.6561043 ], [ 1.2983862, 52.6560452 ], [ 1.2981123, 52.655983399999982 ], [ 1.2977333, 52.6558801 ], [ 1.2973976, 52.6558133 ], [ 1.2970222, 52.6557567 ], [ 1.2965742, 52.6557278 ], [ 1.2963635, 52.6557127 ], [ 1.2962476, 52.655700299999985 ] ] } },
{ "type": "Feature", "properties": { "id": 17550, "nach": 0.48699179032722284 }, "geometry": { "type": "LineString", "coordinates": [ [ 1.2959764, 52.6556409 ], [ 1.2960603, 52.6556659 ], [ 1.2961258, 52.6556788 ], [ 1.2962476, 52.655700299999985 ] ] } },
{ "type": "Feature", "properties": { "id": 32617, "nach": 0.5027313173484913 }, "geometry": { "type": "LineString", "coordinates": [ [ 1.2961942, 52.6557728 ], [ 1.2961302, 52.6558211 ], [ 1.296055, 52.655821499999988 ] ] } },
{ "type": "Feature", "properties": { "id": 32626, "nach": 0.0 }, "geometry": { "type": "LineString", "coordinates": [ [ 1.2957874, 52.6562789 ], [ 1.2959767, 52.65629220000001 ], [ 1.2960796, 52.6562888 ], [ 1.2961545, 52.6562695 ], [ 1.2963228, 52.655968799999989 ], [ 1.2963359, 52.6559098 ], [ 1.2962461, 52.6558076 ], [ 1.2961942, 52.6557728 ] ] } },
{ "type": "Feature", "properties": { "id": 3737, "nach": 0.57713870432194081 }, "geometry": { "type": "LineString", "coordinates": [ [ 1.3013333, 52.656933699999989 ], [ 1.3011664, 52.6565697 ] ] } },
{ "type": "Feature", "properties": { "id": 33285, "nach": 0.56052494868515457 }, "geometry": { "type": "LineString", "coordinates": [ [ 1.3010264, 52.6561074 ], [ 1.3010699, 52.656302 ], [ 1.3011664, 52.6565697 ] ] } },
{ "type": "Feature", "properties": { "id": 17554, "nach": 0.50630228121758736 }, "geometry": { "type": "LineString", "coordinates": [ [ 1.296055, 52.655821499999988 ], [ 1.2959942, 52.6557951 ], [ 1.2959622, 52.65573710000001 ], [ 1.2959552, 52.6557031 ], [ 1.2959764, 52.6556409 ] ] } },
{ "type": "Feature", "properties": { "id": 78251, "nach": 0.60016263566285533 }, "geometry": { "type": "LineString", "coordinates": [ [ 1.301972, 52.6568631 ], [ 1.3016324, 52.6568974 ], [ 1.3014814, 52.6569121 ], [ 1.3013333, 52.656933699999989 ] ] } },
{ "type": "Feature", "properties": { "id": 68844, "nach": 0.58448089663572211 }, "geometry": { "type": "LineString", "coordinates": [ [ 1.3014648, 52.6577452 ], [ 1.3014752, 52.6574565 ], [ 1.3014752, 52.6573415 ], [ 1.3014736, 52.6573012 ], [ 1.3014214, 52.6571501 ], [ 1.3013333, 52.656933699999989 ] ] } },
{ "type": "Feature", "properties": { "id": 33284, "nach": 0.55220371040391492 }, "geometry": { "type": "LineString", "coordinates": [ [ 1.3010264, 52.6561074 ], [ 1.300908, 52.65577660000001 ] ] } },
{ "type": "Feature", "properties": { "id": 33294, "nach": 0.4335022405340066 }, "geometry": { "type": "LineString", "coordinates": [ [ 1.3014714, 52.6565832 ], [ 1.3012861, 52.6561577 ], [ 1.301242, 52.6561213 ], [ 1.3011687, 52.6561075 ], [ 1.3010264, 52.6561074 ] ] } },
{ "type": "Feature", "properties": { "id": 3736, "nach": 0.57220422312434316 }, "geometry": { "type": "LineString", "coordinates": [ [ 1.3003453, 52.6533985 ], [ 1.3005021, 52.6533859 ] ] } },
{ "type": "Feature", "properties": { "id": 9091, "nach": 0.43833345398561652 }, "geometry": { "type": "LineString", "coordinates": [ [ 1.3002193, 52.6535346 ], [ 1.3002538, 52.6534643 ], [ 1.3002953, 52.6534241 ], [ 1.3003453, 52.6533985 ] ] } },
{ "type": "Feature", "properties": { "id": 74387, "nach": 0.56445167751239733 }, "geometry": { "type": "LineString", "coordinates": [ [ 1.3001525, 52.6534156 ], [ 1.3003453, 52.6533985 ] ] } },
{ "type": "Feature", "properties": { "id": 78252, "nach": 0.599028672579623 }, "geometry": { "type": "LineString", "coordinates": [ [ 1.301972, 52.6568631 ], [ 1.3024743, 52.6568163 ], [ 1.3027995, 52.6567399 ] ] } },
{ "type": "Feature", "properties": { "id": 78253, "nach": 0.44011599888083724 }, "geometry": { "type": "LineString", "coordinates": [ [ 1.3019242, 52.6565996 ], [ 1.301972, 52.6568631 ] ] } },
{ "type": "Feature", "properties": { "id": 68843, "nach": 0.58071295237231091 }, "geometry": { "type": "LineString", "coordinates": [ [ 1.3014648, 52.6577452 ], [ 1.3014637, 52.6578015 ], [ 1.3014426, 52.6580651 ], [ 1.3014407, 52.6582835 ], [ 1.3014637, 52.6585761 ], [ 1.3014943, 52.6588038 ], [ 1.3015231, 52.6589617 ], [ 1.3015728, 52.659086 ] ] } },
{ "type": "Feature", "properties": { "id": 68846, "nach": 0.42361308182255064 }, "geometry": { "type": "LineString", "coordinates": [ [ 1.3006384, 52.6575328 ], [ 1.3007007, 52.6575355 ], [ 1.3007274, 52.657545 ], [ 1.3007407, 52.6575598 ], [ 1.3007496, 52.6576435 ], [ 1.3007541, 52.6577217 ], [ 1.3007563, 52.6577528 ], [ 1.3007665, 52.6577717 ], [ 1.300783, 52.6577824 ], [ 1.3008108, 52.6577933 ], [ 1.3008386, 52.6578013 ], [ 1.3008747, 52.6578061 ], [ 1.3009431, 52.6578067 ], [ 1.3010254, 52.657805400000015 ], [ 1.301081, 52.6578027 ], [ 1.3011026, 52.657799 ], [ 1.3011811, 52.6577743 ], [ 1.3012932, 52.6577464 ], [ 1.3014648, 52.6577452 ] ] } },
{ "type": "Feature", "properties": { "id": 71784, "nach": 0.54807944295664768 }, "geometry": { "type": "LineString", "coordinates": [ [ 1.3016259, 52.6591889 ], [ 1.3015728, 52.659086 ] ] } },
{ "type": "Feature", "properties": { "id": 16477, "nach": 0.51945483775871693 }, "geometry": { "type": "LineString", "coordinates": [ [ 1.3019354, 52.659424 ], [ 1.301921, 52.6593866 ], [ 1.3016568, 52.6590718 ], [ 1.3015728, 52.659086 ] ] } },
{ "type": "Feature", "properties": { "id": 71783, "nach": 0.55252457640039732 }, "geometry": { "type": "LineString", "coordinates": [ [ 1.3016259, 52.6591889 ], [ 1.3017653, 52.6594588 ] ] } },
{ "type": "Feature", "properties": { "id": 71785, "nach": 0.43268768942567376 }, "geometry": { "type": "LineString", "coordinates": [ [ 1.3016259, 52.6591889 ], [ 1.3013776, 52.6592342 ] ] } },
{ "type": "Feature", "properties": { "id": 16475, "nach": 0.35195643332657195 }, "geometry": { "type": "LineString", "coordinates": [ [ 1.3019354, 52.659424 ], [ 1.3017653, 52.6594588 ] ] } },
{ "type": "Feature", "properties": { "id": 16484, "nach": 0.5772467235253953 }, "geometry": { "type": "LineString", "coordinates": [ [ 1.3019271, 52.659784 ], [ 1.3019841, 52.6597712 ], [ 1.301959, 52.6594886 ], [ 1.3019354, 52.659424 ] ] } },
{ "type": "Feature", "properties": { "id": 16480, "nach": 0.59770656847600145 }, "geometry": { "type": "LineString", "coordinates": [ [ 1.3026427, 52.6593628 ], [ 1.302231, 52.6593709 ], [ 1.3021062, 52.659387600000017 ], [ 1.3019354, 52.659424 ] ] } },
{ "type": "Feature", "properties": { "id": 18929, "nach": 0.38299002821589379 }, "geometry": { "type": "LineString", "coordinates": [ [ 1.304754, 52.666561 ], [ 1.3047258, 52.6664656 ] ] } },
{ "type": "Feature", "properties": { "id": 4508, "nach": 0.59134399779243352 }, "geometry": { "type": "LineString", "coordinates": [ [ 1.303664, 52.666577 ], [ 1.303746, 52.666566 ], [ 1.304287, 52.666514 ], [ 1.3047258, 52.6664656 ] ] } },
{ "type": "Feature", "properties": { "id": 18928, "nach": 0.59526503322569646 }, "geometry": { "type": "LineString", "coordinates": [ [ 1.305516, 52.666343 ], [ 1.305159, 52.6664 ], [ 1.3047258, 52.6664656 ] ] } },
{ "type": "Feature", "properties": { "id": 18930, "nach": 0.663157848982322 }, "geometry": { "type": "LineString", "coordinates": [ [ 1.304754, 52.666561 ], [ 1.304806, 52.666704 ], [ 1.3048257, 52.6668031 ] ] } },
{ "type": "Feature", "properties": { "id": 18932, "nach": 0.60186953036315316 }, "geometry": { "type": "LineString", "coordinates": [ [ 1.304754, 52.666561 ], [ 1.304352, 52.666586 ], [ 1.304087, 52.666599 ], [ 1.303683, 52.666621 ], [ 1.303664, 52.666577 ] ] } },
{ "type": "Feature", "properties": { "id": 18931, "nach": 0.62626680198730278 }, "geometry": { "type": "LineString", "coordinates": [ [ 1.304754, 52.666561 ], [ 1.305538, 52.666389 ], [ 1.305516, 52.666343 ] ] } },
{ "type": "Feature", "properties": { "id": 4511, "nach": 0.64143100510754947 }, "geometry": { "type": "LineString", "coordinates": [ [ 1.3031613, 52.6666632 ], [ 1.303319, 52.666628 ], [ 1.3034184, 52.6666086 ], [ 1.3034953, 52.6665972 ], [ 1.303664, 52.666577 ] ] } },
{ "type": "Feature", "properties": { "id": 18935, "nach": 0.66114526746377611 }, "geometry": { "type": "LineString", "coordinates": [ [ 1.3060667, 52.6661973 ], [ 1.305862, 52.666256 ], [ 1.3057509, 52.666289499999984 ], [ 1.305516, 52.666343 ] ] } },
{ "type": "Feature", "properties": { "id": 3826, "nach": 0.66464980513880279 }, "geometry": { "type": "LineString", "coordinates": [ [ 1.3048039, 52.6671108 ], [ 1.304829, 52.666935 ], [ 1.3048257, 52.6668031 ] ] } },
{ "type": "Feature", "properties": { "id": 3864, "nach": 0.61240220381282717 }, "geometry": { "type": "LineString", "coordinates": [ [ 1.3062976, 52.6672498 ], [ 1.306126, 52.667038 ], [ 1.306033, 52.666938 ], [ 1.3059192, 52.66686 ], [ 1.305799, 52.666814 ], [ 1.305668, 52.666786 ], [ 1.3055008, 52.666775 ], [ 1.30526, 52.666783 ], [ 1.3048257, 52.6668031 ] ] } },
{ "type": "Feature", "properties": { "id": 18941, "nach": 0.65003270867581453 }, "geometry": { "type": "LineString", "coordinates": [ [ 1.304704, 52.667455 ], [ 1.304779, 52.667276 ], [ 1.3048039, 52.6671108 ] ] } },
{ "type": "Feature", "properties": { "id": 18916, "nach": 0.53701510678576159 }, "geometry": { "type": "LineString", "coordinates": [ [ 1.303907, 52.667182 ], [ 1.304079, 52.667143 ], [ 1.304248, 52.667111 ], [ 1.304446, 52.6670999 ], [ 1.304672, 52.667104 ], [ 1.3048039, 52.6671108 ] ] } },
{ "type": "Feature", "properties": { "id": 18955, "nach": 0.64044456386383541 }, "geometry": { "type": "LineString", "coordinates": [ [ 1.306319, 52.667285 ], [ 1.3062976, 52.6672498 ] ] } },
{ "type": "Feature", "properties": { "id": 3875, "nach": 0.56482745222949693 }, "geometry": { "type": "LineString", "coordinates": [ [ 1.3056806, 52.6673742 ], [ 1.305791, 52.667344 ], [ 1.306206, 52.667271 ], [ 1.3062976, 52.6672498 ] ] } },
{ "type": "Feature", "properties": { "id": 18940, "nach": 0.64167288863379868 }, "geometry": { "type": "LineString", "coordinates": [ [ 1.304704, 52.667455 ], [ 1.3045927, 52.6676674 ] ] } },
{ "type": "Feature", "properties": { "id": 18942, "nach": 0.47247523137747371 }, "geometry": { "type": "LineString", "coordinates": [ [ 1.304704, 52.667455 ], [ 1.304755, 52.667465 ], [ 1.304686, 52.667685 ] ] } },
{ "type": "Feature", "properties": { "id": 18915, "nach": 0.46150617612816647 }, "geometry": { "type": "LineString", "coordinates": [ [ 1.303907, 52.667182 ], [ 1.303696, 52.66721 ], [ 1.3035192, 52.667235 ] ] } },
{ "type": "Feature", "properties": { "id": 18917, "nach": 0.50543285028884932 }, "geometry": { "type": "LineString", "coordinates": [ [ 1.303907, 52.667182 ], [ 1.303933, 52.667309 ], [ 1.303727, 52.667332 ] ] } },
{ "type": "Feature", "properties": { "id": 3832, "nach": 0.63940591892467646 }, "geometry": { "type": "LineString", "coordinates": [ [ 1.3044401, 52.667925900000014 ], [ 1.30446, 52.667882 ], [ 1.3045927, 52.6676674 ] ] } },
{ "type": "Feature", "properties": { "id": 18939, "nach": 0.30736224724671735 }, "geometry": { "type": "LineString", "coordinates": [ [ 1.304686, 52.667685 ], [ 1.3046376, 52.6676759 ], [ 1.3045927, 52.6676674 ] ] } },
{ "type": "Feature", "properties": { "id": 18922, "nach": 0.63844332586943919 }, "geometry": { "type": "LineString", "coordinates": [ [ 1.304391, 52.668121 ], [ 1.3044401, 52.667925900000014 ] ] } },
{ "type": "Feature", "properties": { "id": 18919, "nach": 0.55157621402276114 }, "geometry": { "type": "LineString", "coordinates": [ [ 1.3038367, 52.667882 ], [ 1.30408, 52.667886 ], [ 1.304284, 52.667903 ], [ 1.304389, 52.6679184 ], [ 1.3044401, 52.667925900000014 ] ] } },
{ "type": "Feature", "properties": { "id": 18938, "nach": 0.49193333642592035 }, "geometry": { "type": "LineString", "coordinates": [ [ 1.304686, 52.667685 ], [ 1.30445, 52.668121 ], [ 1.304391, 52.668121 ] ] } },
{ "type": "Feature", "properties": { "id": 18945, "nach": 0.51716668198756766 }, "geometry": { "type": "LineString", "coordinates": [ [ 1.305287, 52.668088 ], [ 1.305276, 52.667977299999983 ], [ 1.305261, 52.66794 ], [ 1.305234, 52.667911 ], [ 1.3051306, 52.6678296 ], [ 1.3050061, 52.6677634 ], [ 1.304863, 52.667723 ], [ 1.304686, 52.667685 ] ] } },
{ "type": "Feature", "properties": { "id": 18923, "nach": 0.64428391846541799 }, "geometry": { "type": "LineString", "coordinates": [ [ 1.304391, 52.668121 ], [ 1.30435, 52.668385 ], [ 1.3043402, 52.668629 ] ] } },
{ "type": "Feature", "properties": { "id": 18918, "nach": 0.45687824640956287 }, "geometry": { "type": "LineString", "coordinates": [ [ 1.3038367, 52.667882 ], [ 1.303752, 52.6678822 ], [ 1.3035043, 52.6678804 ] ] } },
{ "type": "Feature", "properties": { "id": 18920, "nach": 0.46483621097125333 }, "geometry": { "type": "LineString", "coordinates": [ [ 1.3038367, 52.667882 ], [ 1.303837, 52.667605 ], [ 1.303782, 52.66755 ], [ 1.3037452, 52.6674042 ], [ 1.303727, 52.667332 ] ] } },
{ "type": "Feature", "properties": { "id": 18925, "nach": 0.45120541418491245 }, "geometry": { "type": "LineString", "coordinates": [ [ 1.303902, 52.668451 ], [ 1.3039117, 52.668432200000012 ], [ 1.3039117, 52.66821010000001 ], [ 1.3038392, 52.6681573 ], [ 1.3038367, 52.667882 ] ] } },
{ "type": "Feature", "properties": { "id": 18949, "nach": 0.52222793838458959 }, "geometry": { "type": "LineString", "coordinates": [ [ 1.305842, 52.667957 ], [ 1.305354, 52.668086 ], [ 1.305287, 52.668088 ] ] } },
{ "type": "Feature", "properties": { "id": 18958, "nach": 0.58023919839230953 }, "geometry": { "type": "LineString", "coordinates": [ [ 1.306463, 52.667498 ], [ 1.306319, 52.667285 ] ] } },
{ "type": "Feature", "properties": { "id": 18943, "nach": 0.46889176977102764 }, "geometry": { "type": "LineString", "coordinates": [ [ 1.30555, 52.667404 ], [ 1.3056806, 52.6673742 ] ] } },
{ "type": "Feature", "properties": { "id": 18950, "nach": 0.53771204236687054 }, "geometry": { "type": "LineString", "coordinates": [ [ 1.305842, 52.667957 ], [ 1.305734, 52.667783 ], [ 1.305604, 52.667611 ], [ 1.305599, 52.667587 ], [ 1.305646, 52.667532 ], [ 1.305637, 52.667507 ], [ 1.305733, 52.667447 ], [ 1.3056806, 52.6673742 ] ] } },
{ "type": "Feature", "properties": { "id": 18957, "nach": 0.55853551167529947 }, "geometry": { "type": "LineString", "coordinates": [ [ 1.306463, 52.667498 ], [ 1.3067365, 52.6678932 ] ] } },
{ "type": "Feature", "properties": { "id": 3870, "nach": 0.53639799837481172 }, "geometry": { "type": "LineString", "coordinates": [ [ 1.30716, 52.668643 ], [ 1.307157, 52.6685798 ], [ 1.3071338, 52.6685123 ], [ 1.3067365, 52.6678932 ] ] } },
{ "type": "Feature", "properties": { "id": 3873, "nach": 0.46437864918921185 }, "geometry": { "type": "LineString", "coordinates": [ [ 1.30618, 52.668034 ], [ 1.306365, 52.6679819 ], [ 1.3067365, 52.6678932 ] ] } },
{ "type": "Feature", "properties": { "id": 18960, "nach": 0.46997173305694961 }, "geometry": { "type": "LineString", "coordinates": [ [ 1.306716, 52.66743 ], [ 1.306463, 52.667498 ] ] } },
{ "type": "Feature", "properties": { "id": 18948, "nach": 0.46444418595204001 }, "geometry": { "type": "LineString", "coordinates": [ [ 1.305842, 52.667957 ], [ 1.305958, 52.667997 ] ] } },
{ "type": "Feature", "properties": { "id": 68784, "nach": 0.4341037959621516 }, "geometry": { "type": "LineString", "coordinates": [ [ 1.2959321, 52.6675525 ], [ 1.295877, 52.667565 ], [ 1.294858, 52.667649 ], [ 1.293841, 52.667735 ] ] } },
{ "type": "Feature", "properties": { "id": 4335, "nach": 0.41907080370039251 }, "geometry": { "type": "LineString", "coordinates": [ [ 1.2909536, 52.6473984 ], [ 1.2909626, 52.64704230000001 ] ] } },
{ "type": "Feature", "properties": { "id": 9318, "nach": 0.41932633337683001 }, "geometry": { "type": "LineString", "coordinates": [ [ 1.290392, 52.647403 ], [ 1.2909536, 52.6473984 ] ] } },
{ "type": "Feature", "properties": { "id": 4340, "nach": 0.49535740647249982 }, "geometry": { "type": "LineString", "coordinates": [ [ 1.290974, 52.6481148 ], [ 1.2909632, 52.647938 ], [ 1.2909561, 52.6477023 ], [ 1.2909536, 52.6473984 ] ] } },
{ "type": "Feature", "properties": { "id": 76913, "nach": 0.63524627425002755 }, "geometry": { "type": "LineString", "coordinates": [ [ 1.2909912, 52.6481886 ], [ 1.290974, 52.6481148 ] ] } },
{ "type": "Feature", "properties": { "id": 9156, "nach": 0.59186387248541483 }, "geometry": { "type": "LineString", "coordinates": [ [ 1.291731, 52.648232700000015 ], [ 1.291316, 52.6481624 ], [ 1.2910237, 52.648119800000018 ], [ 1.290974, 52.6481148 ] ] } },
{ "type": "Feature", "properties": { "id": 9138, "nach": 0.64467715839966455 }, "geometry": { "type": "LineString", "coordinates": [ [ 1.290312, 52.648014 ], [ 1.2909351, 52.6481115 ], [ 1.290974, 52.6481148 ] ] } },
{ "type": "Feature", "properties": { "id": 76912, "nach": 0.62549283044540493 }, "geometry": { "type": "LineString", "coordinates": [ [ 1.2909912, 52.6481886 ], [ 1.2913575, 52.649761 ] ] } },
{ "type": "Feature", "properties": { "id": 76914, "nach": 0.54112841433010905 }, "geometry": { "type": "LineString", "coordinates": [ [ 1.2909912, 52.6481886 ], [ 1.2911564, 52.6481922 ], [ 1.2920831, 52.6483371 ], [ 1.293148, 52.6485185 ], [ 1.2937179, 52.6486031 ], [ 1.2938534, 52.6486104 ], [ 1.2944435, 52.648657600000014 ], [ 1.2961968, 52.6488647 ] ] } },
{ "type": "Feature", "properties": { "id": 9155, "nach": 0.55681772368189941 }, "geometry": { "type": "LineString", "coordinates": [ [ 1.291731, 52.648232700000015 ], [ 1.2926195, 52.6483655 ] ] } },
{ "type": "Feature", "properties": { "id": 9250, "nach": 0.54757396053194896 }, "geometry": { "type": "LineString", "coordinates": [ [ 1.2922939, 52.6472468 ], [ 1.2921649, 52.647331400000013 ], [ 1.2921005, 52.6473916 ], [ 1.2920415, 52.647484300000016 ], [ 1.2917422, 52.648207 ], [ 1.291731, 52.648232700000015 ] ] } },
{ "type": "Feature", "properties": { "id": 9159, "nach": 0.64303019340443079 }, "geometry": { "type": "LineString", "coordinates": [ [ 1.2899306, 52.6479498 ], [ 1.290312, 52.648014 ] ] } },
{ "type": "Feature", "properties": { "id": 9335, "nach": 0.39757711976240623 }, "geometry": { "type": "LineString", "coordinates": [ [ 1.2905341, 52.6497805 ], [ 1.290408099999989, 52.6491442 ], [ 1.2902901, 52.648617 ], [ 1.290219, 52.6481987 ], [ 1.2902351, 52.6481564 ], [ 1.290312, 52.648014 ] ] } },
{ "type": "Feature", "properties": { "id": 9227, "nach": 0.63299562932354858 }, "geometry": { "type": "LineString", "coordinates": [ [ 1.2913639, 52.6497816 ], [ 1.2913575, 52.649761 ] ] } },
{ "type": "Feature", "properties": { "id": 9226, "nach": 0.58310884648856531 }, "geometry": { "type": "LineString", "coordinates": [ [ 1.2925296, 52.6496029 ], [ 1.2916043, 52.64973 ], [ 1.2913991, 52.6497558 ], [ 1.2913575, 52.649761 ] ] } },
{ "type": "Feature", "properties": { "id": 9330, "nach": 0.4922804499964159 }, "geometry": { "type": "LineString", "coordinates": [ [ 1.2900355, 52.6500818 ], [ 1.2900487, 52.6500571 ], [ 1.2901023, 52.6500164 ], [ 1.2902391, 52.6499757 ], [ 1.291084, 52.6498309 ], [ 1.2913639, 52.6497816 ] ] } },
{ "type": "Feature", "properties": { "id": 67147, "nach": 0.63441004858783467 }, "geometry": { "type": "LineString", "coordinates": [ [ 1.2915773, 52.6502429 ], [ 1.2915489, 52.6501759 ], [ 1.2913639, 52.6497816 ] ] } },
{ "type": "Feature", "properties": { "id": 9225, "nach": 0.55124638074156684 }, "geometry": { "type": "LineString", "coordinates": [ [ 1.2925296, 52.6496029 ], [ 1.2926289, 52.6495982 ], [ 1.2927121, 52.6496137 ], [ 1.2928221, 52.6496514 ] ] } },
{ "type": "Feature", "properties": { "id": 9224, "nach": 0.498397469402451 }, "geometry": { "type": "LineString", "coordinates": [ [ 1.2925296, 52.6496029 ], [ 1.2925619, 52.6492109 ] ] } },
{ "type": "Feature", "properties": { "id": 67146, "nach": 0.6359215577334717 }, "geometry": { "type": "LineString", "coordinates": [ [ 1.2915773, 52.6502429 ], [ 1.2918923, 52.650987 ] ] } },
{ "type": "Feature", "properties": { "id": 9313, "nach": 0.56112623761138869 }, "geometry": { "type": "LineString", "coordinates": [ [ 1.2916978, 52.6510262 ], [ 1.2918923, 52.650987 ] ] } },
{ "type": "Feature", "properties": { "id": 67149, "nach": 0.43628508165047131 }, "geometry": { "type": "LineString", "coordinates": [ [ 1.2925395, 52.6500856 ], [ 1.2918021, 52.6502062 ], [ 1.2915773, 52.6502429 ] ] } },
{ "type": "Feature", "properties": { "id": 9312, "nach": 0.57078599166830668 }, "geometry": { "type": "LineString", "coordinates": [ [ 1.2916978, 52.6510262 ], [ 1.2911989, 52.6511433 ] ] } },
{ "type": "Feature", "properties": { "id": 63942, "nach": 0.50961439943306963 }, "geometry": { "type": "LineString", "coordinates": [ [ 1.2918882, 52.651468300000012 ], [ 1.2917863, 52.65121 ], [ 1.2916978, 52.6510262 ] ] } },
{ "type": "Feature", "properties": { "id": 18897, "nach": 0.53691047373075129 }, "geometry": { "type": "LineString", "coordinates": [ [ 1.302965, 52.665844 ], [ 1.303047, 52.666295 ], [ 1.303089, 52.666443 ], [ 1.3031613, 52.6666632 ] ] } },
{ "type": "Feature", "properties": { "id": 18873, "nach": 0.63200363338952759 }, "geometry": { "type": "LineString", "coordinates": [ [ 1.3018399, 52.6673013 ], [ 1.3021833, 52.6671151 ], [ 1.3022231, 52.667093599999987 ], [ 1.302308, 52.6670448 ], [ 1.302832, 52.666778 ], [ 1.303008, 52.666704 ], [ 1.3031613, 52.6666632 ] ] } },
{ "type": "Feature", "properties": { "id": 18903, "nach": 0.58665960126285388 }, "geometry": { "type": "LineString", "coordinates": [ [ 1.304054, 52.66574 ], [ 1.303828, 52.665789 ], [ 1.303682, 52.665814 ], [ 1.303464, 52.665829 ], [ 1.30315, 52.665827 ], [ 1.302965, 52.665844 ] ] } },
{ "type": "Feature", "properties": { "id": 18901, "nach": 0.5838402930875316 }, "geometry": { "type": "LineString", "coordinates": [ [ 1.302496, 52.665893 ], [ 1.302772, 52.665853 ], [ 1.302965, 52.665844 ] ] } },
{ "type": "Feature", "properties": { "id": 18905, "nach": 0.47322518084260506 }, "geometry": { "type": "LineString", "coordinates": [ [ 1.3019309, 52.6673674 ], [ 1.3018399, 52.6673013 ] ] } },
{ "type": "Feature", "properties": { "id": 71863, "nach": 0.63144824907841446 }, "geometry": { "type": "LineString", "coordinates": [ [ 1.3011032, 52.6676905 ], [ 1.30141, 52.667532 ], [ 1.3014969, 52.66748290000001 ], [ 1.3016262, 52.6674141 ], [ 1.3018399, 52.6673013 ] ] } },
{ "type": "Feature", "properties": { "id": 71865, "nach": 0.58092859882732173 }, "geometry": { "type": "LineString", "coordinates": [ [ 1.3007517, 52.6672154 ], [ 1.3007746, 52.667262500000014 ], [ 1.3008704, 52.6674027 ], [ 1.3009614, 52.6675103 ], [ 1.3011032, 52.6676905 ] ] } },
{ "type": "Feature", "properties": { "id": 67176, "nach": 0.6392305734596313 }, "geometry": { "type": "LineString", "coordinates": [ [ 1.2924887, 52.6601956 ], [ 1.2924838, 52.6601857 ], [ 1.2924347, 52.66005650000001 ], [ 1.2924166, 52.6598853 ], [ 1.2924038, 52.6597051 ], [ 1.2924147, 52.6590685 ] ] } },
{ "type": "Feature", "properties": { "id": 67175, "nach": 0.47739132044144694 }, "geometry": { "type": "LineString", "coordinates": [ [ 1.2924887, 52.6601956 ], [ 1.2921514, 52.6602224 ] ] } },
{ "type": "Feature", "properties": { "id": 67121, "nach": 0.596869714520883 }, "geometry": { "type": "LineString", "coordinates": [ [ 1.2916403, 52.6610617 ], [ 1.2917063, 52.6610862 ], [ 1.2917801, 52.6611098 ] ] } },
{ "type": "Feature", "properties": { "id": 18578, "nach": 0.56243861481808433 }, "geometry": { "type": "LineString", "coordinates": [ [ 1.293591, 52.666264 ], [ 1.293634, 52.666256 ], [ 1.293778, 52.666585 ], [ 1.2938073, 52.666612 ] ] } },
{ "type": "Feature", "properties": { "id": 18600, "nach": 0.63025646299062821 }, "geometry": { "type": "LineString", "coordinates": [ [ 1.2953, 52.666575 ], [ 1.295186, 52.666607 ], [ 1.295004, 52.666622 ], [ 1.294467, 52.66662 ], [ 1.293838, 52.666617 ], [ 1.2938073, 52.666612 ] ] } },
{ "type": "Feature", "properties": { "id": 18581, "nach": 0.60014059006562015 }, "geometry": { "type": "LineString", "coordinates": [ [ 1.29336, 52.66654 ], [ 1.293404, 52.666577 ], [ 1.2938073, 52.666612 ] ] } },
{ "type": "Feature", "properties": { "id": 18580, "nach": 0.51420274366720953 }, "geometry": { "type": "LineString", "coordinates": [ [ 1.29336, 52.66654 ], [ 1.293451, 52.666512 ], [ 1.293517, 52.666469 ], [ 1.293575, 52.666409 ], [ 1.293598, 52.666347 ], [ 1.2935969, 52.666295199999986 ], [ 1.293591, 52.666264 ] ] } },
{ "type": "Feature", "properties": { "id": 60638, "nach": 0.58674904319028875 }, "geometry": { "type": "LineString", "coordinates": [ [ 1.2935338, 52.6661505 ], [ 1.293562, 52.666197 ], [ 1.293591, 52.666264 ] ] } },
{ "type": "Feature", "properties": { "id": 18602, "nach": 0.51457152274443596 }, "geometry": { "type": "LineString", "coordinates": [ [ 1.2953, 52.666575 ], [ 1.295285, 52.666511 ], [ 1.295267, 52.666404 ], [ 1.295308, 52.666226 ], [ 1.295296, 52.666136 ], [ 1.295177, 52.666139 ], [ 1.294596, 52.666002 ] ] } },
{ "type": "Feature", "properties": { "id": 18588, "nach": 0.61621686102492756 }, "geometry": { "type": "LineString", "coordinates": [ [ 1.293279, 52.666545 ], [ 1.29336, 52.66654 ] ] } },
{ "type": "Feature", "properties": { "id": 8562, "nach": 0.63454631392191607 }, "geometry": { "type": "LineString", "coordinates": [ [ 1.3024499, 52.653411600000013 ], [ 1.3024803, 52.6534251 ] ] } },
{ "type": "Feature", "properties": { "id": 55161, "nach": 0.55760582293792493 }, "geometry": { "type": "LineString", "coordinates": [ [ 1.3024803, 52.6534251 ], [ 1.3026763, 52.653493799999985 ], [ 1.3027555, 52.6535096 ], [ 1.3028193, 52.6535116 ], [ 1.302892, 52.6535062 ], [ 1.3029825, 52.6534817 ] ] } },
{ "type": "Feature", "properties": { "id": 8651, "nach": 0.432905660009133 }, "geometry": { "type": "LineString", "coordinates": [ [ 1.303823, 52.6512226 ], [ 1.3029214, 52.6513826 ] ] } },
{ "type": "Feature", "properties": { "id": 8650, "nach": 0.0 }, "geometry": { "type": "LineString", "coordinates": [ [ 1.3029214, 52.6513826 ], [ 1.3028919, 52.651357200000014 ], [ 1.302844, 52.6513475 ], [ 1.3027837, 52.6513637 ], [ 1.3027629, 52.6514003 ], [ 1.3027968, 52.6514367 ], [ 1.3028635, 52.65144440000001 ], [ 1.302911, 52.6514241 ], [ 1.3029214, 52.6513826 ] ] } },
{ "type": "Feature", "properties": { "id": 8661, "nach": 0.50345788684719939 }, "geometry": { "type": "LineString", "coordinates": [ [ 1.3042834, 52.6519952 ], [ 1.3040312, 52.6520424 ], [ 1.3032963, 52.6521839 ] ] } },
{ "type": "Feature", "properties": { "id": 8663, "nach": 0.55305549378986396 }, "geometry": { "type": "LineString", "coordinates": [ [ 1.3045169, 52.6523879 ], [ 1.3042834, 52.6519952 ] ] } },
{ "type": "Feature", "properties": { "id": 8658, "nach": 0.42865008053373832 }, "geometry": { "type": "LineString", "coordinates": [ [ 1.3032365, 52.6520955 ], [ 1.3032963, 52.6521839 ] ] } },
{ "type": "Feature", "properties": { "id": 8657, "nach": 0.42957108640230335 }, "geometry": { "type": "LineString", "coordinates": [ [ 1.3033231, 52.652252300000015 ], [ 1.3032963, 52.6521839 ] ] } },
{ "type": "Feature", "properties": { "id": 8664, "nach": 0.44168192736755063 }, "geometry": { "type": "LineString", "coordinates": [ [ 1.3045169, 52.6523879 ], [ 1.3045759, 52.6525344 ] ] } },
{ "type": "Feature", "properties": { "id": 8672, "nach": 0.56699871557589332 }, "geometry": { "type": "LineString", "coordinates": [ [ 1.3058473, 52.652082 ], [ 1.3053216, 52.6522155 ], [ 1.3046537, 52.6523554 ], [ 1.3045169, 52.6523879 ] ] } },
{ "type": "Feature", "properties": { "id": 8801, "nach": 0.56268021723974226 }, "geometry": { "type": "LineString", "coordinates": [ [ 1.282836, 52.6533667 ], [ 1.2834881, 52.6533097 ] ] } },
{ "type": "Feature", "properties": { "id": 8822, "nach": 0.63706219343154313 }, "geometry": { "type": "LineString", "coordinates": [ [ 1.2836911, 52.6539741 ], [ 1.2835854, 52.6536484 ], [ 1.2834881, 52.6533097 ] ] } },
{ "type": "Feature", "properties": { "id": 56823, "nach": 0.63576473100879316 }, "geometry": { "type": "LineString", "coordinates": [ [ 1.2836982, 52.6540066 ], [ 1.2836911, 52.6539741 ] ] } },
{ "type": "Feature", "properties": { "id": 8826, "nach": 0.51488665382528176 }, "geometry": { "type": "LineString", "coordinates": [ [ 1.282108, 52.654146 ], [ 1.28324, 52.6540324 ], [ 1.2836911, 52.6539741 ] ] } },
{ "type": "Feature", "properties": { "id": 56824, "nach": 0.63451228199949361 }, "geometry": { "type": "LineString", "coordinates": [ [ 1.2836982, 52.6540066 ], [ 1.2837948, 52.6543441 ], [ 1.2838249, 52.6544385 ], [ 1.2838837, 52.6546332 ], [ 1.2839211, 52.6547553 ] ] } },
{ "type": "Feature", "properties": { "id": 56825, "nach": 0.46103137903354696 }, "geometry": { "type": "LineString", "coordinates": [ [ 1.2836982, 52.6540066 ], [ 1.2837932, 52.6539941 ], [ 1.2839976, 52.6539721 ] ] } },
{ "type": "Feature", "properties": { "id": 65959, "nach": 0.62982757677422008 }, "geometry": { "type": "LineString", "coordinates": [ [ 1.2839928, 52.654985100000012 ], [ 1.2839792, 52.6549469 ], [ 1.2839211, 52.6547553 ] ] } },
{ "type": "Feature", "properties": { "id": 8855, "nach": 0.46604765510283802 }, "geometry": { "type": "LineString", "coordinates": [ [ 1.2842973, 52.6548225 ], [ 1.2842836, 52.6547894 ], [ 1.2842442, 52.654760100000011 ], [ 1.2841879, 52.6547411 ], [ 1.2840927, 52.654741 ], [ 1.2840117, 52.6547473 ], [ 1.2839211, 52.6547553 ] ] } },
{ "type": "Feature", "properties": { "id": 65960, "nach": 0.63225160380178191 }, "geometry": { "type": "LineString", "coordinates": [ [ 1.2839928, 52.654985100000012 ], [ 1.2840705, 52.6552623 ], [ 1.2841069, 52.6554074 ] ] } },
{ "type": "Feature", "properties": { "id": 65964, "nach": 0.44494299829636391 }, "geometry": { "type": "LineString", "coordinates": [ [ 1.2829621, 52.655314 ], [ 1.2829306, 52.6552144 ], [ 1.2829461, 52.6551628 ], [ 1.2829887, 52.6551275 ], [ 1.2830661, 52.6550946 ], [ 1.2839928, 52.654985100000012 ] ] } },
{ "type": "Feature", "properties": { "id": 64753, "nach": 0.6491296504966807 }, "geometry": { "type": "LineString", "coordinates": [ [ 1.2841479, 52.6560128 ], [ 1.2841455, 52.6560552 ] ] } },
{ "type": "Feature", "properties": { "id": 74427, "nach": 0.64473330498774195 }, "geometry": { "type": "LineString", "coordinates": [ [ 1.2847016, 52.6561218 ], [ 1.2846589, 52.65611590000001 ], [ 1.2845308, 52.6560827 ], [ 1.284402, 52.6560635 ], [ 1.2842824, 52.6560609 ], [ 1.2841455, 52.6560552 ] ] } },
{ "type": "Feature", "properties": { "id": 68557, "nach": 0.63927752444124242 }, "geometry": { "type": "LineString", "coordinates": [ [ 1.2843611, 52.65715440000001 ], [ 1.284142, 52.656522 ], [ 1.2841151, 52.65642110000001 ], [ 1.2841178, 52.6563007 ], [ 1.2841455, 52.6560552 ] ] } },
{ "type": "Feature", "properties": { "id": 64755, "nach": 0.64370791556014184 }, "geometry": { "type": "LineString", "coordinates": [ [ 1.2841479, 52.6560128 ], [ 1.2841488, 52.6557894 ], [ 1.2841445, 52.655704299999989 ], [ 1.2841069, 52.6554074 ] ] } },
{ "type": "Feature", "properties": { "id": 64756, "nach": 0.46399300263814425 }, "geometry": { "type": "LineString", "coordinates": [ [ 1.2833677, 52.6560696 ], [ 1.2841479, 52.6560128 ] ] } },
{ "type": "Feature", "properties": { "id": 74428, "nach": 0.4672929095704309 }, "geometry": { "type": "LineString", "coordinates": [ [ 1.2847016, 52.6561218 ], [ 1.2846896, 52.6561767 ], [ 1.2846983, 52.6563232 ] ] } },
{ "type": "Feature", "properties": { "id": 74446, "nach": 0.64319341739754832 }, "geometry": { "type": "LineString", "coordinates": [ [ 1.2850249, 52.6561397 ], [ 1.2849352, 52.6561386 ], [ 1.284777, 52.6561321 ], [ 1.2847016, 52.6561218 ] ] } },
{ "type": "Feature", "properties": { "id": 68555, "nach": 0.65337177708920924 }, "geometry": { "type": "LineString", "coordinates": [ [ 1.2843611, 52.65715440000001 ], [ 1.2844516, 52.6574155 ] ] } },
{ "type": "Feature", "properties": { "id": 68560, "nach": 0.54836042210020064 }, "geometry": { "type": "LineString", "coordinates": [ [ 1.2844609, 52.657134 ], [ 1.2843611, 52.65715440000001 ] ] } },
{ "type": "Feature", "properties": { "id": 8845, "nach": 0.66558303874736557 }, "geometry": { "type": "LineString", "coordinates": [ [ 1.2857478, 52.6561284 ], [ 1.2853418, 52.6561399 ] ] } },
{ "type": "Feature", "properties": { "id": 74444, "nach": 0.64232063056114175 }, "geometry": { "type": "LineString", "coordinates": [ [ 1.2850249, 52.6561397 ], [ 1.2853418, 52.6561399 ] ] } },
{ "type": "Feature", "properties": { "id": 74441, "nach": 0.66260672331455084 }, "geometry": { "type": "LineString", "coordinates": [ [ 1.2853619, 52.6564875 ], [ 1.2853552, 52.6563856 ], [ 1.2853418, 52.6561399 ] ] } },
{ "type": "Feature", "properties": { "id": 74467, "nach": 0.62490998297525813 }, "geometry": { "type": "LineString", "coordinates": [ [ 1.2860116, 52.656160199999988 ], [ 1.2859909, 52.6561448 ], [ 1.2859158, 52.6561237 ], [ 1.2857478, 52.6561284 ] ] } },
{ "type": "Feature", "properties": { "id": 74452, "nach": 0.60689433174005802 }, "geometry": { "type": "LineString", "coordinates": [ [ 1.2857287, 52.6558319 ], [ 1.2857334, 52.655915400000012 ], [ 1.2857478, 52.6561284 ] ] } },
{ "type": "Feature", "properties": { "id": 74445, "nach": 0.46651788771095576 }, "geometry": { "type": "LineString", "coordinates": [ [ 1.2850249, 52.6561397 ], [ 1.2850115, 52.6559335 ] ] } },
{ "type": "Feature", "properties": { "id": 74442, "nach": 0.46567237164543124 }, "geometry": { "type": "LineString", "coordinates": [ [ 1.2853619, 52.6564875 ], [ 1.285512, 52.6564842 ], [ 1.2856027, 52.65648190000001 ], [ 1.2858295, 52.6564761 ] ] } },
{ "type": "Feature", "properties": { "id": 74435, "nach": 0.47405132843217829 }, "geometry": { "type": "LineString", "coordinates": [ [ 1.2853784, 52.6568024 ], [ 1.2852801, 52.656807 ] ] } },
{ "type": "Feature", "properties": { "id": 74438, "nach": 0.46513369001891097 }, "geometry": { "type": "LineString", "coordinates": [ [ 1.2854284, 52.65720180000001 ], [ 1.2853294, 52.6569974 ], [ 1.2853736, 52.6569764 ], [ 1.2853875, 52.656927600000024 ], [ 1.2853834, 52.6568705 ], [ 1.2853784, 52.6568024 ] ] } },
{ "type": "Feature", "properties": { "id": 8839, "nach": 0.50587550146640115 }, "geometry": { "type": "LineString", "coordinates": [ [ 1.2841069, 52.6554074 ], [ 1.2842958, 52.6553789 ], [ 1.284471, 52.655362499999988 ] ] } },
{ "type": "Feature", "properties": { "id": 8854, "nach": 0.46281663551407326 }, "geometry": { "type": "LineString", "coordinates": [ [ 1.2844894, 52.6554315 ], [ 1.284471, 52.655362499999988 ] ] } },
{ "type": "Feature", "properties": { "id": 8856, "nach": 0.4742123017642958 }, "geometry": { "type": "LineString", "coordinates": [ [ 1.2842973, 52.6548225 ], [ 1.2844356, 52.655241500000017 ], [ 1.284471, 52.655362499999988 ] ] } },
{ "type": "Feature", "properties": { "id": 74490, "nach": 0.47706492044454524 }, "geometry": { "type": "LineString", "coordinates": [ [ 1.2862828, 52.6554613 ], [ 1.2859439, 52.655468 ] ] } },
{ "type": "Feature", "properties": { "id": 74432, "nach": 0.52723660822899754 }, "geometry": { "type": "LineString", "coordinates": [ [ 1.2857691, 52.655570399999988 ], [ 1.2858166, 52.6555282 ], [ 1.2859439, 52.655468 ] ] } },
{ "type": "Feature", "properties": { "id": 74429, "nach": 0.439480234547725 }, "geometry": { "type": "LineString", "coordinates": [ [ 1.2856948, 52.6554031 ], [ 1.2858121, 52.6554071 ], [ 1.2859439, 52.655468 ] ] } },
{ "type": "Feature", "properties": { "id": 74492, "nach": 0.42696026529905667 }, "geometry": { "type": "LineString", "coordinates": [ [ 1.2862828, 52.6554613 ], [ 1.2864733, 52.6554576 ], [ 1.2864639, 52.655255 ], [ 1.2864223, 52.655215200000015 ], [ 1.2864049, 52.655166299999983 ], [ 1.2864009, 52.6551159 ] ] } },
{ "type": "Feature", "properties": { "id": 74491, "nach": 0.31266822670893041 }, "geometry": { "type": "LineString", "coordinates": [ [ 1.2862828, 52.6554613 ], [ 1.2862966, 52.6556448 ] ] } },
{ "type": "Feature", "properties": { "id": 74434, "nach": 0.4394353967142976 }, "geometry": { "type": "LineString", "coordinates": [ [ 1.2857691, 52.655570399999988 ], [ 1.2856404, 52.65553 ], [ 1.2855885, 52.6555246 ], [ 1.2854959, 52.6555251 ], [ 1.28545, 52.6555251 ], [ 1.2852488, 52.65553 ] ] } },
{ "type": "Feature", "properties": { "id": 74450, "nach": 0.55652833751661235 }, "geometry": { "type": "LineString", "coordinates": [ [ 1.2857265, 52.6557935 ], [ 1.28572, 52.6556795 ], [ 1.2857415, 52.6555949 ], [ 1.2857691, 52.655570399999988 ] ] } },
{ "type": "Feature", "properties": { "id": 74466, "nach": 0.57701782939456991 }, "geometry": { "type": "LineString", "coordinates": [ [ 1.2860116, 52.656160199999988 ], [ 1.2861116, 52.6562343 ] ] } },
{ "type": "Feature", "properties": { "id": 74468, "nach": 0.57295426925422344 }, "geometry": { "type": "LineString", "coordinates": [ [ 1.2860116, 52.656160199999988 ], [ 1.2861098, 52.6561092 ], [ 1.2861809, 52.6560913 ], [ 1.2862386, 52.6560669 ] ] } },
{ "type": "Feature", "properties": { "id": 74451, "nach": 0.57840456376952765 }, "geometry": { "type": "LineString", "coordinates": [ [ 1.2857287, 52.6558319 ], [ 1.2857265, 52.6557935 ] ] } },
{ "type": "Feature", "properties": { "id": 74472, "nach": 0.51892808880048702 }, "geometry": { "type": "LineString", "coordinates": [ [ 1.2860449, 52.6558253 ], [ 1.2860347, 52.6558253 ], [ 1.2857287, 52.6558319 ] ] } },
{ "type": "Feature", "properties": { "id": 74456, "nach": 0.55304186336652705 }, "geometry": { "type": "LineString", "coordinates": [ [ 1.2861628, 52.65630860000001 ], [ 1.2861116, 52.6562343 ] ] } },
{ "type": "Feature", "properties": { "id": 74463, "nach": 0.0 }, "geometry": { "type": "LineString", "coordinates": [ [ 1.2862386, 52.6560669 ], [ 1.286250599999989, 52.6561597 ], [ 1.2862949, 52.6562768 ], [ 1.2862808, 52.6562894 ], [ 1.2862439, 52.6562906 ], [ 1.286195699999989, 52.656271099999984 ], [ 1.2861116, 52.6562343 ] ] } },
{ "type": "Feature", "properties": { "id": 74459, "nach": 0.44806449800327014 }, "geometry": { "type": "LineString", "coordinates": [ [ 1.2857907, 52.6562833 ], [ 1.2860213, 52.6562792 ], [ 1.2861116, 52.6562343 ] ] } },
{ "type": "Feature", "properties": { "id": 74457, "nach": 0.51764307286204148 }, "geometry": { "type": "LineString", "coordinates": [ [ 1.2861628, 52.65630860000001 ], [ 1.2861925, 52.65635180000001 ], [ 1.2862437, 52.6564533 ] ] } },
{ "type": "Feature", "properties": { "id": 74458, "nach": 0.44474046833403702 }, "geometry": { "type": "LineString", "coordinates": [ [ 1.2861628, 52.65630860000001 ], [ 1.2862379, 52.6562996 ], [ 1.2865879, 52.6562878 ] ] } },
{ "type": "Feature", "properties": { "id": 74464, "nach": 0.56173602494291641 }, "geometry": { "type": "LineString", "coordinates": [ [ 1.2862386, 52.6560669 ], [ 1.28626, 52.6560368 ], [ 1.286254, 52.6559017 ] ] } },
{ "type": "Feature", "properties": { "id": 44250, "nach": 0.52502625295334693 }, "geometry": { "type": "LineString", "coordinates": [ [ 1.2853959, 52.657590399999982 ], [ 1.2853808, 52.6575526 ] ] } },
{ "type": "Feature", "properties": { "id": 44253, "nach": 0.43436234396711865 }, "geometry": { "type": "LineString", "coordinates": [ [ 1.2850172, 52.6576228 ], [ 1.2851325, 52.6575936 ], [ 1.2853808, 52.6575526 ] ] } },
{ "type": "Feature", "properties": { "id": 44255, "nach": 0.43407450479084797 }, "geometry": { "type": "LineString", "coordinates": [ [ 1.2850172, 52.6576228 ], [ 1.2851488, 52.6576312 ], [ 1.2853959, 52.657590399999982 ] ] } },
{ "type": "Feature", "properties": { "id": 44261, "nach": 0.50409029602840272 }, "geometry": { "type": "LineString", "coordinates": [ [ 1.2854141, 52.657636 ], [ 1.2851686, 52.6576771 ], [ 1.2850172, 52.6576228 ] ] } },
{ "type": "Feature", "properties": { "id": 44270, "nach": 0.0 }, "geometry": { "type": "LineString", "coordinates": [ [ 1.285437, 52.6576937 ], [ 1.285142, 52.657737 ], [ 1.285092, 52.6577443 ], [ 1.2850172, 52.6576228 ] ] } },
{ "type": "Feature", "properties": { "id": 44267, "nach": 0.56572612941995293 }, "geometry": { "type": "LineString", "coordinates": [ [ 1.2846009, 52.6576849 ], [ 1.2847109, 52.6576717 ], [ 1.2848778, 52.6576616 ], [ 1.2850172, 52.6576228 ] ] } },
{ "type": "Feature", "properties": { "id": 17711, "nach": 0.53593187110289842 }, "geometry": { "type": "LineString", "coordinates": [ [ 1.2839618, 52.657660700000015 ], [ 1.2839468, 52.6575877 ] ] } },
{ "type": "Feature", "properties": { "id": 17710, "nach": 0.68689258820235999 }, "geometry": { "type": "LineString", "coordinates": [ [ 1.2839468, 52.6575877 ], [ 1.2838202, 52.6575931 ], [ 1.2836287, 52.657598 ], [ 1.2834103, 52.6575851 ], [ 1.2833174, 52.6575728 ] ] } },
{ "type": "Feature", "properties": { "id": 44234, "nach": 0.54163241103259208 }, "geometry": { "type": "LineString", "coordinates": [ [ 1.2811928, 52.6573309 ], [ 1.2813346, 52.6573479 ], [ 1.2819511, 52.6573967 ], [ 1.2820474, 52.657438399999982 ] ] } },
{ "type": "Feature", "properties": { "id": 8913, "nach": 0.6659349248687858 }, "geometry": { "type": "LineString", "coordinates": [ [ 1.2824582, 52.6574651 ], [ 1.2820474, 52.657438399999982 ] ] } },
{ "type": "Feature", "properties": { "id": 44231, "nach": 0.52378812866512414 }, "geometry": { "type": "LineString", "coordinates": [ [ 1.2811928, 52.6573309 ], [ 1.2811498, 52.6572346 ] ] } },
{ "type": "Feature", "properties": { "id": 60723, "nach": 0.56467291166449785 }, "geometry": { "type": "LineString", "coordinates": [ [ 1.283633, 52.6576668 ], [ 1.2836308, 52.657718700000011 ], [ 1.2836798, 52.6577996 ], [ 1.2836902, 52.657817 ], [ 1.283709, 52.6578412 ] ] } },
{ "type": "Feature", "properties": { "id": 60722, "nach": 0.66870682124591707 }, "geometry": { "type": "LineString", "coordinates": [ [ 1.283633, 52.6576668 ], [ 1.2837352, 52.6576683 ], [ 1.2839618, 52.657660700000015 ] ] } },
{ "type": "Feature", "properties": { "id": 64302, "nach": 0.5709068794830704 }, "geometry": { "type": "LineString", "coordinates": [ [ 1.2814907, 52.6556014 ], [ 1.2805476, 52.655574 ], [ 1.2804215, 52.655549600000015 ], [ 1.2803142, 52.65549750000001 ], [ 1.2802284, 52.6554243 ], [ 1.2801989, 52.6553446 ], [ 1.2802042, 52.6552649 ], [ 1.2802579, 52.65519 ], [ 1.2803249, 52.6551249 ], [ 1.2803384, 52.6550387 ], [ 1.2803229, 52.6549331 ] ] } },
{ "type": "Feature", "properties": { "id": 39112, "nach": 0.45992034641516755 }, "geometry": { "type": "LineString", "coordinates": [ [ 1.2810297, 52.656255 ], [ 1.2809961, 52.6565503 ] ] } },
{ "type": "Feature", "properties": { "id": 39113, "nach": 0.46561038385385062 }, "geometry": { "type": "LineString", "coordinates": [ [ 1.2809931, 52.656658 ], [ 1.2809961, 52.6565503 ] ] } },
{ "type": "Feature", "properties": { "id": 8927, "nach": 0.4769685782011161 }, "geometry": { "type": "LineString", "coordinates": [ [ 1.2885857, 52.6543175 ], [ 1.2885503, 52.6540322 ], [ 1.2885073, 52.6540013 ], [ 1.2884523, 52.6539956 ], [ 1.2881639, 52.6540062 ] ] } },
{ "type": "Feature", "properties": { "id": 8938, "nach": 0.59884514090694418 }, "geometry": { "type": "LineString", "coordinates": [ [ 1.2879082, 52.6543425 ], [ 1.2878757, 52.654068800000012 ], [ 1.2878814, 52.6540428 ], [ 1.2879266, 52.65402 ], [ 1.2881639, 52.6540062 ] ] } },
{ "type": "Feature", "properties": { "id": 62433, "nach": 0.61346065964179941 }, "geometry": { "type": "LineString", "coordinates": [ [ 1.2822978, 52.6566901 ], [ 1.2824788, 52.657210800000023 ], [ 1.2824923, 52.6573085 ], [ 1.2824839, 52.6573659 ], [ 1.2824582, 52.6574651 ] ] } },
{ "type": "Feature", "properties": { "id": 17707, "nach": 0.67415428425562141 }, "geometry": { "type": "LineString", "coordinates": [ [ 1.2827168, 52.6574942 ], [ 1.2824582, 52.6574651 ] ] } },
{ "type": "Feature", "properties": { "id": 62436, "nach": 0.56758586884424589 }, "geometry": { "type": "LineString", "coordinates": [ [ 1.2825456, 52.6566597 ], [ 1.2822978, 52.6566901 ] ] } },
{ "type": "Feature", "properties": { "id": 64303, "nach": 0.57179061223671568 }, "geometry": { "type": "LineString", "coordinates": [ [ 1.2814907, 52.6556014 ], [ 1.2816124, 52.6556049 ], [ 1.281768, 52.6556196 ], [ 1.2818967, 52.6556619 ], [ 1.2820308, 52.6557286 ], [ 1.2821006, 52.6557969 ], [ 1.282173, 52.6561044 ], [ 1.2821891, 52.6563436 ], [ 1.2822159, 52.656459100000014 ], [ 1.2822978, 52.6566901 ] ] } },
{ "type": "Feature", "properties": { "id": 8955, "nach": 0.60206845822831001 }, "geometry": { "type": "LineString", "coordinates": [ [ 1.2882967, 52.6546302 ], [ 1.2885542, 52.6546188 ], [ 1.2886105, 52.6546009 ], [ 1.2886239, 52.6545651 ], [ 1.2885857, 52.6543175 ] ] } },
{ "type": "Feature", "properties": { "id": 8939, "nach": 0.60709671707524682 }, "geometry": { "type": "LineString", "coordinates": [ [ 1.290248499999988, 52.6541468 ], [ 1.2901174, 52.6541524 ], [ 1.2889198, 52.6543054 ], [ 1.2886197, 52.65434960000001 ], [ 1.2885857, 52.6543175 ] ] } },
{ "type": "Feature", "properties": { "id": 8936, "nach": 0.59930016362962568 }, "geometry": { "type": "LineString", "coordinates": [ [ 1.2879082, 52.6543425 ], [ 1.2879346, 52.6544723 ] ] } },
{ "type": "Feature", "properties": { "id": 80621, "nach": 0.60877836536603536 }, "geometry": { "type": "LineString", "coordinates": [ [ 1.2872148, 52.6543925 ], [ 1.2878666, 52.6543468 ], [ 1.2879082, 52.6543425 ] ] } },
{ "type": "Feature", "properties": { "id": 64305, "nach": 0.45265296025493557 }, "geometry": { "type": "LineString", "coordinates": [ [ 1.2815102, 52.6560746 ], [ 1.2814939, 52.65568 ], [ 1.2814907, 52.6556014 ] ] } },
{ "type": "Feature", "properties": { "id": 8953, "nach": 0.60894653468845694 }, "geometry": { "type": "LineString", "coordinates": [ [ 1.2882967, 52.6546302 ], [ 1.2879934, 52.6546424 ], [ 1.2879639, 52.6546254 ], [ 1.2879534, 52.6545985 ] ] } },
{ "type": "Feature", "properties": { "id": 8932, "nach": 0.60389832260435128 }, "geometry": { "type": "LineString", "coordinates": [ [ 1.2879346, 52.6544723 ], [ 1.2878888, 52.6544919 ], [ 1.2878995, 52.6545822 ], [ 1.2879534, 52.6545985 ] ] } },
{ "type": "Feature", "properties": { "id": 8974, "nach": 0.59544626065125827 }, "geometry": { "type": "LineString", "coordinates": [ [ 1.2883825, 52.655399700000011 ], [ 1.2883005, 52.654664500000017 ], [ 1.2882967, 52.6546302 ] ] } },
{ "type": "Feature", "properties": { "id": 80641, "nach": 0.56405160652920117 }, "geometry": { "type": "LineString", "coordinates": [ [ 1.2882656, 52.6551264 ], [ 1.288202, 52.6546896 ], [ 1.2882967, 52.6546302 ] ] } },
{ "type": "Feature", "properties": { "id": 8981, "nach": 0.56317539395574867 }, "geometry": { "type": "LineString", "coordinates": [ [ 1.2907558, 52.65416050000001 ], [ 1.2904702, 52.6541468 ], [ 1.290248499999988, 52.6541468 ] ] } },
{ "type": "Feature", "properties": { "id": 8943, "nach": 0.59753746954650511 }, "geometry": { "type": "LineString", "coordinates": [ [ 1.2902764, 52.6538286 ], [ 1.2902321, 52.6539042 ], [ 1.290223, 52.6539485 ], [ 1.2902429, 52.6540832 ], [ 1.2902463, 52.6541226 ], [ 1.290248499999988, 52.6541468 ] ] } },
{ "type": "Feature", "properties": { "id": 8947, "nach": 0.54030265785485643 }, "geometry": { "type": "LineString", "coordinates": [ [ 1.2908142, 52.6524748 ], [ 1.2907136, 52.6524715 ], [ 1.2904306, 52.652541500000012 ], [ 1.2901791, 52.6526098 ] ] } },
{ "type": "Feature", "properties": { "id": 76732, "nach": 0.51238343845078782 }, "geometry": { "type": "LineString", "coordinates": [ [ 1.2903759, 52.6536511 ], [ 1.2903675, 52.6536154 ], [ 1.2901986, 52.6531216 ], [ 1.2901222, 52.652893 ], [ 1.2900806, 52.6527506 ], [ 1.2900792, 52.6526839 ], [ 1.2901141, 52.6526399 ], [ 1.2901791, 52.6526098 ] ] } },
{ "type": "Feature", "properties": { "id": 76727, "nach": 0.46547543833307381 }, "geometry": { "type": "LineString", "coordinates": [ [ 1.2904028, 52.653336599999989 ], [ 1.2902994, 52.653110499999983 ], [ 1.2903611, 52.6531024 ], [ 1.2902002, 52.652646 ], [ 1.2901791, 52.6526098 ] ] } },
{ "type": "Feature", "properties": { "id": 8989, "nach": 0.561277955951894 }, "geometry": { "type": "LineString", "coordinates": [ [ 1.2912369, 52.6523173 ], [ 1.2908694, 52.6524084 ], [ 1.2908142, 52.6524748 ] ] } },
{ "type": "Feature", "properties": { "id": 76733, "nach": 0.59471793249060234 }, "geometry": { "type": "LineString", "coordinates": [ [ 1.2903759, 52.6536511 ], [ 1.2903702, 52.653682100000012 ], [ 1.2902764, 52.6538286 ] ] } },
{ "type": "Feature", "properties": { "id": 76731, "nach": 0.56834732747090211 }, "geometry": { "type": "LineString", "coordinates": [ [ 1.2903759, 52.6536511 ], [ 1.2905294, 52.6536222 ] ] } },
{ "type": "Feature", "properties": { "id": 76725, "nach": 0.48198084156221943 }, "geometry": { "type": "LineString", "coordinates": [ [ 1.2904028, 52.653336599999989 ], [ 1.2905078, 52.6535703 ] ] } },
{ "type": "Feature", "properties": { "id": 80620, "nach": 0.52645166352352368 }, "geometry": { "type": "LineString", "coordinates": [ [ 1.2872148, 52.6543925 ], [ 1.2870818, 52.6544018 ], [ 1.2866704, 52.654446800000017 ] ] } },
{ "type": "Feature", "properties": { "id": 80622, "nach": 0.60138936072617355 }, "geometry": { "type": "LineString", "coordinates": [ [ 1.2872939, 52.6548178 ], [ 1.2872148, 52.6543925 ] ] } },
{ "type": "Feature", "properties": { "id": 8982, "nach": 0.55892667029465726 }, "geometry": { "type": "LineString", "coordinates": [ [ 1.2907558, 52.65416050000001 ], [ 1.290953, 52.6541858 ], [ 1.2912534, 52.6542525 ], [ 1.2913311, 52.6542802 ], [ 1.2913588, 52.6542992 ], [ 1.2913902, 52.6543209 ] ] } },
{ "type": "Feature", "properties": { "id": 76738, "nach": 0.52700576803198773 }, "geometry": { "type": "LineString", "coordinates": [ [ 1.2907903, 52.6538915 ], [ 1.2907558, 52.65416050000001 ] ] } },
{ "type": "Feature", "properties": { "id": 76717, "nach": 0.0 }, "geometry": { "type": "LineString", "coordinates": [ [ 1.2905972, 52.6536165 ], [ 1.2906951, 52.6538 ], [ 1.290447, 52.6538419 ], [ 1.2903397, 52.653837 ], [ 1.2902764, 52.6538286 ] ] } },
{ "type": "Feature", "properties": { "id": 76715, "nach": 0.32779124368883661 }, "geometry": { "type": "LineString", "coordinates": [ [ 1.2905972, 52.6536165 ], [ 1.2905682, 52.6535596 ] ] } },
{ "type": "Feature", "properties": { "id": 76728, "nach": 0.44204982436979601 }, "geometry": { "type": "LineString", "coordinates": [ [ 1.2905294, 52.6536222 ], [ 1.2905972, 52.6536165 ] ] } },
{ "type": "Feature", "properties": { "id": 8988, "nach": 0.56300431335376122 }, "geometry": { "type": "LineString", "coordinates": [ [ 1.2912369, 52.6523173 ], [ 1.2914139, 52.6522717 ], [ 1.2916633, 52.6522115 ], [ 1.2914966, 52.651836 ], [ 1.2914719, 52.6517797 ] ] } },
{ "type": "Feature", "properties": { "id": 8991, "nach": 0.44963198966226836 }, "geometry": { "type": "LineString", "coordinates": [ [ 1.2913898, 52.652491400000017 ], [ 1.2912369, 52.6523173 ] ] } },
{ "type": "Feature", "properties": { "id": 76721, "nach": 0.53113873636772679 }, "geometry": { "type": "LineString", "coordinates": [ [ 1.2913106, 52.6534221 ], [ 1.290581, 52.6535573 ], [ 1.2905682, 52.6535596 ] ] } },
{ "type": "Feature", "properties": { "id": 76719, "nach": 0.44582992746637568 }, "geometry": { "type": "LineString", "coordinates": [ [ 1.2913106, 52.6534221 ], [ 1.2914649, 52.653724700000012 ] ] } },
{ "type": "Feature", "properties": { "id": 8985, "nach": 0.49221833266277376 }, "geometry": { "type": "LineString", "coordinates": [ [ 1.2900759, 52.6549334 ], [ 1.2895287, 52.6550917 ], [ 1.2886309, 52.6553612 ], [ 1.2884834, 52.6553943 ], [ 1.2883825, 52.655399700000011 ] ] } },
{ "type": "Feature", "properties": { "id": 80640, "nach": 0.47046188427909991 }, "geometry": { "type": "LineString", "coordinates": [ [ 1.2882656, 52.6551264 ], [ 1.2877487, 52.6551545 ], [ 1.2877426, 52.6550785 ] ] } },
{ "type": "Feature", "properties": { "id": 80643, "nach": 0.57938486324806271 }, "geometry": { "type": "LineString", "coordinates": [ [ 1.2883374, 52.6556187 ], [ 1.2882656, 52.6551264 ] ] } },
{ "type": "Feature", "properties": { "id": 8964, "nach": 0.42905987692630548 }, "geometry": { "type": "LineString", "coordinates": [ [ 1.2898582, 52.6534742 ], [ 1.2896973, 52.6534937 ], [ 1.2896088, 52.6534644 ] ] } },
{ "type": "Feature", "properties": { "id": 8965, "nach": 0.42884305495421426 }, "geometry": { "type": "LineString", "coordinates": [ [ 1.2893781, 52.6535295 ], [ 1.2895498, 52.65351 ], [ 1.2896088, 52.6534644 ] ] } },
{ "type": "Feature", "properties": { "id": 8963, "nach": 0.50409215456651335 }, "geometry": { "type": "LineString", "coordinates": [ [ 1.2895659, 52.6533147 ], [ 1.2895873, 52.6533863 ], [ 1.2896088, 52.6534644 ] ] } },
{ "type": "Feature", "properties": { "id": 8990, "nach": 0.43518907599003304 }, "geometry": { "type": "LineString", "coordinates": [ [ 1.2893271, 52.6533456 ], [ 1.2895659, 52.6533147 ] ] } },
{ "type": "Feature", "properties": { "id": 8986, "nach": 0.43538738890392681 }, "geometry": { "type": "LineString", "coordinates": [ [ 1.2897938, 52.6532838 ], [ 1.2895659, 52.6533147 ] ] } },
{ "type": "Feature", "properties": { "id": 43964, "nach": 0.62609556448523296 }, "geometry": { "type": "LineString", "coordinates": [ [ 1.2901746, 52.6520428 ], [ 1.2906097, 52.6519545 ], [ 1.2914214, 52.6517899 ], [ 1.2914719, 52.6517797 ] ] } },
{ "type": "Feature", "properties": { "id": 63948, "nach": 0.6338693601019062 }, "geometry": { "type": "LineString", "coordinates": [ [ 1.2919126, 52.6516868 ], [ 1.2918689, 52.6516956 ], [ 1.2915806, 52.6517567 ], [ 1.2914719, 52.6517797 ] ] } },
{ "type": "Feature", "properties": { "id": 43962, "nach": 0.61620062535175779 }, "geometry": { "type": "LineString", "coordinates": [ [ 1.2901746, 52.6520428 ], [ 1.2901205, 52.6518959 ] ] } },
{ "type": "Feature", "properties": { "id": 63946, "nach": 0.57735330456667733 }, "geometry": { "type": "LineString", "coordinates": [ [ 1.2919126, 52.6516868 ], [ 1.2918913, 52.651644099999984 ] ] } },
{ "type": "Feature", "properties": { "id": 63949, "nach": 0.60934753706778033 }, "geometry": { "type": "LineString", "coordinates": [ [ 1.2919126, 52.6516868 ], [ 1.2919463, 52.6517535 ], [ 1.2921797, 52.6518023 ], [ 1.2922824, 52.6517762 ] ] } },
{ "type": "Feature", "properties": { "id": 9000, "nach": 0.45801449526741922 }, "geometry": { "type": "LineString", "coordinates": [ [ 1.2870553, 52.65524880000001 ], [ 1.2870876, 52.6553334 ] ] } },
{ "type": "Feature", "properties": { "id": 8999, "nach": 0.45815548950271068 }, "geometry": { "type": "LineString", "coordinates": [ [ 1.2870553, 52.65524880000001 ], [ 1.287176, 52.6552314 ] ] } },
{ "type": "Feature", "properties": { "id": 9001, "nach": 0.53217000806171111 }, "geometry": { "type": "LineString", "coordinates": [ [ 1.2870553, 52.65524880000001 ], [ 1.2867455, 52.6552872 ], [ 1.286577899999989, 52.655294399999988 ] ] } },
{ "type": "Feature", "properties": { "id": 9012, "nach": 0.46722255874924024 }, "geometry": { "type": "LineString", "coordinates": [ [ 1.2903212, 52.654856100000018 ], [ 1.2901453, 52.654651200000011 ], [ 1.2901158, 52.6546284 ], [ 1.2900729, 52.65463 ], [ 1.2899227, 52.6546772 ], [ 1.2898878, 52.6547033 ], [ 1.2899012, 52.654743900000014 ], [ 1.2900759, 52.6549334 ] ] } },
{ "type": "Feature", "properties": { "id": 9013, "nach": 0.46212498556669351 }, "geometry": { "type": "LineString", "coordinates": [ [ 1.2903212, 52.654856100000018 ], [ 1.2903869, 52.6548338 ], [ 1.2905369, 52.6547837 ], [ 1.290907, 52.6545627 ], [ 1.2913902, 52.6543209 ] ] } },
{ "type": "Feature", "properties": { "id": 76736, "nach": 0.45319475099476975 }, "geometry": { "type": "LineString", "coordinates": [ [ 1.2907903, 52.6538915 ], [ 1.290732, 52.65389110000001 ] ] } },
{ "type": "Feature", "properties": { "id": 76737, "nach": 0.45288164596615399 }, "geometry": { "type": "LineString", "coordinates": [ [ 1.2907903, 52.6538915 ], [ 1.2908567, 52.6538692 ] ] } },
{ "type": "Feature", "properties": { "id": 43229, "nach": 0.58698500491497163 }, "geometry": { "type": "LineString", "coordinates": [ [ 1.2871306, 52.6570063 ], [ 1.2869888, 52.6568424 ] ] } },
{ "type": "Feature", "properties": { "id": 62454, "nach": 0.70092767056554406 }, "geometry": { "type": "LineString", "coordinates": [ [ 1.2875935, 52.6566464 ], [ 1.2869888, 52.6568424 ] ] } },
{ "type": "Feature", "properties": { "id": 80658, "nach": 0.62962375246085744 }, "geometry": { "type": "LineString", "coordinates": [ [ 1.2866055, 52.6557793 ], [ 1.2866045, 52.655756 ] ] } },
{ "type": "Feature", "properties": { "id": 80659, "nach": 0.46982785335554988 }, "geometry": { "type": "LineString", "coordinates": [ [ 1.2866055, 52.6557793 ], [ 1.2866858, 52.6557761 ] ] } },
{ "type": "Feature", "properties": { "id": 62459, "nach": 0.60904714167611407 }, "geometry": { "type": "LineString", "coordinates": [ [ 1.2875264, 52.6565758 ], [ 1.287668, 52.656528299999984 ], [ 1.2884001, 52.6562859 ] ] } },
{ "type": "Feature", "properties": { "id": 62457, "nach": 0.65641029047873889 }, "geometry": { "type": "LineString", "coordinates": [ [ 1.2875264, 52.6565758 ], [ 1.2875935, 52.6566464 ] ] } },
{ "type": "Feature", "properties": { "id": 74203, "nach": 0.67762925017205933 }, "geometry": { "type": "LineString", "coordinates": [ [ 1.2874862, 52.6565298 ], [ 1.2875093, 52.656557 ], [ 1.2875264, 52.6565758 ] ] } },
{ "type": "Feature", "properties": { "id": 80636, "nach": 0.61766897327461145 }, "geometry": { "type": "LineString", "coordinates": [ [ 1.2866617, 52.6550179 ], [ 1.2866355, 52.6550358 ], [ 1.2865732, 52.6550874 ], [ 1.2865672, 52.6551138 ], [ 1.286577899999989, 52.655294399999988 ] ] } },
{ "type": "Feature", "properties": { "id": 80648, "nach": 0.63063231474571513 }, "geometry": { "type": "LineString", "coordinates": [ [ 1.2865996, 52.65567810000001 ], [ 1.2865978, 52.6556463 ], [ 1.2865843, 52.6554076 ], [ 1.286577899999989, 52.655294399999988 ] ] } },
{ "type": "Feature", "properties": { "id": 80634, "nach": 0.61083567581211962 }, "geometry": { "type": "LineString", "coordinates": [ [ 1.2866617, 52.6550179 ], [ 1.2867958, 52.6550077 ], [ 1.2868041, 52.655006899999989 ] ] } },
{ "type": "Feature", "properties": { "id": 80637, "nach": 0.4598072064507191 }, "geometry": { "type": "LineString", "coordinates": [ [ 1.2866624, 52.654893 ], [ 1.2866684, 52.6549894 ], [ 1.2866617, 52.6550179 ] ] } },
{ "type": "Feature", "properties": { "id": 80647, "nach": 0.63773396422507866 }, "geometry": { "type": "LineString", "coordinates": [ [ 1.2865996, 52.65567810000001 ], [ 1.2866045, 52.655756 ] ] } },
{ "type": "Feature", "properties": { "id": 80649, "nach": 0.45429692829142215 }, "geometry": { "type": "LineString", "coordinates": [ [ 1.2865996, 52.65567810000001 ], [ 1.2867576, 52.655672400000014 ], [ 1.2872873, 52.6555967 ], [ 1.2873638, 52.6555755 ], [ 1.287412, 52.655541400000011 ], [ 1.2874724, 52.6554958 ], [ 1.2874912, 52.6554486 ], [ 1.2874764, 52.6553974 ] ] } },
{ "type": "Feature", "properties": { "id": 40234, "nach": 0.60689688834629674 }, "geometry": { "type": "LineString", "coordinates": [ [ 1.2928024, 52.6550427 ], [ 1.2931422, 52.654915 ] ] } },
{ "type": "Feature", "properties": { "id": 57009, "nach": 0.61565612144112503 }, "geometry": { "type": "LineString", "coordinates": [ [ 1.2927778, 52.655091899999988 ], [ 1.2928024, 52.6550427 ] ] } },
{ "type": "Feature", "properties": { "id": 17519, "nach": 0.60906068552084502 }, "geometry": { "type": "LineString", "coordinates": [ [ 1.2926073, 52.6552153 ], [ 1.292605, 52.6552802 ], [ 1.2925896, 52.655645799999988 ] ] } },
{ "type": "Feature", "properties": { "id": 17518, "nach": 0.47488352640677395 }, "geometry": { "type": "LineString", "coordinates": [ [ 1.2926073, 52.6552153 ], [ 1.2925067, 52.6552156 ], [ 1.2923614, 52.6552495 ] ] } },
{ "type": "Feature", "properties": { "id": 57010, "nach": 0.53018999546988255 }, "geometry": { "type": "LineString", "coordinates": [ [ 1.2927778, 52.655091899999988 ], [ 1.2927086, 52.6551237 ], [ 1.2926791, 52.6551529 ], [ 1.2926751, 52.655216 ], [ 1.2926073, 52.6552153 ] ] } },
{ "type": "Feature", "properties": { "id": 76749, "nach": 0.61847156033342299 }, "geometry": { "type": "LineString", "coordinates": [ [ 1.2939397, 52.654468 ], [ 1.2936349, 52.6545772 ], [ 1.2929553, 52.654804 ], [ 1.2927889, 52.6548105 ], [ 1.2927491, 52.6548314 ] ] } },
{ "type": "Feature", "properties": { "id": 44214, "nach": 0.52319415370712963 }, "geometry": { "type": "LineString", "coordinates": [ [ 1.2885866, 52.6562337 ], [ 1.2885565, 52.6561394 ], [ 1.2886928, 52.6561998 ] ] } },
{ "type": "Feature", "properties": { "id": 80645, "nach": 0.59505396059901938 }, "geometry": { "type": "LineString", "coordinates": [ [ 1.2883374, 52.6556187 ], [ 1.2884206, 52.65625 ], [ 1.2884001, 52.6562859 ] ] } },
{ "type": "Feature", "properties": { "id": 63940, "nach": 0.48645314518407601 }, "geometry": { "type": "LineString", "coordinates": [ [ 1.2918882, 52.651468300000012 ], [ 1.292017, 52.6514489 ] ] } },
{ "type": "Feature", "properties": { "id": 63929, "nach": 0.51734043791994755 }, "geometry": { "type": "LineString", "coordinates": [ [ 1.2918913, 52.651644099999984 ], [ 1.291945, 52.6516265 ], [ 1.2919718, 52.6515663 ], [ 1.2920187, 52.6515159 ], [ 1.2920254, 52.651479300000013 ], [ 1.292017, 52.6514489 ] ] } },
{ "type": "Feature", "properties": { "id": 63936, "nach": 0.54153093486904669 }, "geometry": { "type": "LineString", "coordinates": [ [ 1.2924046, 52.6514976 ], [ 1.2923607, 52.6515151 ], [ 1.2922741, 52.651557 ] ] } },
{ "type": "Feature", "properties": { "id": 63939, "nach": 0.54438983521993145 }, "geometry": { "type": "LineString", "coordinates": [ [ 1.2924046, 52.6514976 ], [ 1.2924432, 52.6515423 ], [ 1.2923896, 52.6515643 ], [ 1.2923835, 52.65159160000001 ], [ 1.2923842, 52.6516363 ], [ 1.2923621, 52.651679400000013 ], [ 1.2923373, 52.6516998 ], [ 1.2923359, 52.6517335 ], [ 1.2923493, 52.6517583 ], [ 1.2922824, 52.6517762 ] ] } },
{ "type": "Feature", "properties": { "id": 58383, "nach": 0.66219544919282403 }, "geometry": { "type": "LineString", "coordinates": [ [ 1.2928623, 52.6524971 ], [ 1.2928015, 52.6524225 ] ] } },
{ "type": "Feature", "properties": { "id": 58386, "nach": 0.46397790742052059 }, "geometry": { "type": "LineString", "coordinates": [ [ 1.2930104, 52.6524545 ], [ 1.2928623, 52.6524971 ] ] } },
{ "type": "Feature", "properties": { "id": 58372, "nach": 0.5513435846429996 }, "geometry": { "type": "LineString", "coordinates": [ [ 1.2932961, 52.6524629 ], [ 1.2933388, 52.6524523 ] ] } },
{ "type": "Feature", "properties": { "id": 58381, "nach": 0.46045517546858777 }, "geometry": { "type": "LineString", "coordinates": [ [ 1.2932991, 52.6524433 ], [ 1.2933033, 52.6524485 ], [ 1.2932877, 52.652453 ], [ 1.2932961, 52.6524629 ] ] } },
{ "type": "Feature", "properties": { "id": 9021, "nach": 0.59147022757444234 }, "geometry": { "type": "LineString", "coordinates": [ [ 1.2913076, 52.6554779 ], [ 1.2920268, 52.6552754 ] ] } },
{ "type": "Feature", "properties": { "id": 17469, "nach": 0.63572782549551532 }, "geometry": { "type": "LineString", "coordinates": [ [ 1.2901654, 52.6558361 ], [ 1.290365, 52.6557794 ], [ 1.2913076, 52.6554779 ] ] } },
{ "type": "Feature", "properties": { "id": 9023, "nach": 0.46018595108881738 }, "geometry": { "type": "LineString", "coordinates": [ [ 1.2920268, 52.6552754 ], [ 1.2921657, 52.6552803 ], [ 1.2922571, 52.6553041 ], [ 1.2923052, 52.6553356 ] ] } },
{ "type": "Feature", "properties": { "id": 9024, "nach": 0.58061554372512791 }, "geometry": { "type": "LineString", "coordinates": [ [ 1.2920268, 52.6552754 ], [ 1.2922535, 52.6552042 ], [ 1.2923213, 52.6551829 ] ] } },
{ "type": "Feature", "properties": { "id": 44204, "nach": 0.50451740098779752 }, "geometry": { "type": "LineString", "coordinates": [ [ 1.2901065, 52.6557712 ], [ 1.2901654, 52.6558361 ] ] } },
{ "type": "Feature", "properties": { "id": 17470, "nach": 0.53785341186177427 }, "geometry": { "type": "LineString", "coordinates": [ [ 1.2902157, 52.655893 ], [ 1.2901654, 52.6558361 ] ] } },
{ "type": "Feature", "properties": { "id": 17510, "nach": 0.49944623518017239 }, "geometry": { "type": "LineString", "coordinates": [ [ 1.2923052, 52.6553356 ], [ 1.2923755, 52.6553969 ], [ 1.2924858, 52.655527500000012 ], [ 1.2925896, 52.655645799999988 ] ] } },
{ "type": "Feature", "properties": { "id": 67214, "nach": 0.63891892093207514 }, "geometry": { "type": "LineString", "coordinates": [ [ 1.2914449, 52.6554926 ], [ 1.2920222, 52.6553448 ], [ 1.2921011, 52.655334 ], [ 1.2921587, 52.6553388 ], [ 1.2922003, 52.6553453 ], [ 1.2922429, 52.6553655 ], [ 1.2923052, 52.6553356 ] ] } },
{ "type": "Feature", "properties": { "id": 17515, "nach": 0.64179857214598013 }, "geometry": { "type": "LineString", "coordinates": [ [ 1.2923614, 52.6552495 ], [ 1.2923647, 52.6553046 ], [ 1.2923052, 52.6553356 ] ] } },
{ "type": "Feature", "properties": { "id": 74815, "nach": 0.641221823117059 }, "geometry": { "type": "LineString", "coordinates": [ [ 1.2923213, 52.6551829 ], [ 1.2923599, 52.655223700000015 ], [ 1.2923614, 52.6552495 ] ] } },
{ "type": "Feature", "properties": { "id": 76748, "nach": 0.56529714368964468 }, "geometry": { "type": "LineString", "coordinates": [ [ 1.2939397, 52.654468 ], [ 1.2940355, 52.6544341 ], [ 1.294314, 52.6544173 ], [ 1.2945308, 52.6543477 ] ] } },
{ "type": "Feature", "properties": { "id": 76756, "nach": 0.59509037469564374 }, "geometry": { "type": "LineString", "coordinates": [ [ 1.293956, 52.65434590000001 ], [ 1.2939397, 52.654468 ] ] } },
{ "type": "Feature", "properties": { "id": 17543, "nach": 0.61865979169661034 }, "geometry": { "type": "LineString", "coordinates": [ [ 1.2925213, 52.6568099 ], [ 1.2925656, 52.6563439 ], [ 1.2925896, 52.655645799999988 ] ] } },
{ "type": "Feature", "properties": { "id": 17544, "nach": 0.63740569200501485 }, "geometry": { "type": "LineString", "coordinates": [ [ 1.2925213, 52.6568099 ], [ 1.29232, 52.6567967 ], [ 1.2921876, 52.6567724 ] ] } },
{ "type": "Feature", "properties": { "id": 32694, "nach": 0.61710738587686187 }, "geometry": { "type": "LineString", "coordinates": [ [ 1.2924544, 52.6581443 ], [ 1.2924634, 52.6579227 ], [ 1.2924842, 52.6575098 ], [ 1.2924947, 52.6571739 ], [ 1.2925213, 52.6568099 ] ] } },
{ "type": "Feature", "properties": { "id": 32637, "nach": 0.5982685446436603 }, "geometry": { "type": "LineString", "coordinates": [ [ 1.2930554, 52.6568346 ], [ 1.292782, 52.6568394 ], [ 1.2925924, 52.656838700000016 ], [ 1.2925213, 52.6568099 ] ] } },
{ "type": "Feature", "properties": { "id": 76762, "nach": 0.45730044931122665 }, "geometry": { "type": "LineString", "coordinates": [ [ 1.2921693, 52.655075 ], [ 1.2922957, 52.6550343 ] ] } },
{ "type": "Feature", "properties": { "id": 56884, "nach": 0.48140118408374594 }, "geometry": { "type": "LineString", "coordinates": [ [ 1.2925849, 52.6548495 ], [ 1.2925684, 52.6548679 ], [ 1.2925547, 52.6548858 ], [ 1.2925186, 52.6549078 ], [ 1.2924864, 52.654925 ], [ 1.2923983, 52.6549579 ], [ 1.2922957, 52.6550343 ] ] } },
{ "type": "Feature", "properties": { "id": 9039, "nach": 0.41483379824712358 }, "geometry": { "type": "LineString", "coordinates": [ [ 1.2950255, 52.65374090000001 ], [ 1.2949384, 52.6536169 ], [ 1.294746, 52.6533013 ], [ 1.2947439, 52.6532659 ], [ 1.2947653, 52.6532334 ], [ 1.2948022, 52.653211 ], [ 1.2948501, 52.6531945 ], [ 1.294981, 52.6531589 ], [ 1.295157, 52.6531113 ], [ 1.2954761, 52.6529979 ], [ 1.2957388, 52.6528928 ], [ 1.2959575, 52.652806800000015 ] ] } },
{ "type": "Feature", "properties": { "id": 20765, "nach": 0.57672430146515774 }, "geometry": { "type": "LineString", "coordinates": [ [ 1.296176, 52.652937 ], [ 1.296104, 52.652938 ], [ 1.2960812, 52.6529253 ], [ 1.2959575, 52.652806800000015 ] ] } },
{ "type": "Feature", "properties": { "id": 9049, "nach": 0.57149776617031611 }, "geometry": { "type": "LineString", "coordinates": [ [ 1.2955275, 52.6524607 ], [ 1.2955713, 52.6524971 ], [ 1.2956399, 52.652562399999987 ], [ 1.2958681, 52.65272920000001 ], [ 1.2959575, 52.652806800000015 ] ] } },
{ "type": "Feature", "properties": { "id": 20767, "nach": 0.531092503390316 }, "geometry": { "type": "LineString", "coordinates": [ [ 1.296176, 52.652937 ], [ 1.296133, 52.652964 ], [ 1.296182, 52.653008 ], [ 1.296134, 52.6530274 ], [ 1.2962633, 52.653152 ], [ 1.296293, 52.6532039 ] ] } },
{ "type": "Feature", "properties": { "id": 20768, "nach": 0.59160170978143689 }, "geometry": { "type": "LineString", "coordinates": [ [ 1.2966, 52.652804 ], [ 1.2965505, 52.6528426 ], [ 1.296176, 52.652937 ] ] } },
{ "type": "Feature", "properties": { "id": 76841, "nach": 0.58540154807192735 }, "geometry": { "type": "LineString", "coordinates": [ [ 1.2938514, 52.6529112 ], [ 1.2952218, 52.652502 ], [ 1.2953828, 52.6524606 ], [ 1.2954647, 52.6524523 ], [ 1.2955275, 52.6524607 ] ] } },
{ "type": "Feature", "properties": { "id": 76854, "nach": 0.58271601245279603 }, "geometry": { "type": "LineString", "coordinates": [ [ 1.2955089, 52.6521257 ], [ 1.295631199999988, 52.6522793 ], [ 1.295625, 52.652349200000018 ], [ 1.295582, 52.6524137 ], [ 1.2955275, 52.6524607 ] ] } },
{ "type": "Feature", "properties": { "id": 9041, "nach": 0.43700733801254976 }, "geometry": { "type": "LineString", "coordinates": [ [ 1.2941249, 52.65152 ], [ 1.2940586, 52.65145 ] ] } },
{ "type": "Feature", "properties": { "id": 9047, "nach": 0.43681097727193985 }, "geometry": { "type": "LineString", "coordinates": [ [ 1.2941954, 52.6515997 ], [ 1.2941249, 52.65152 ] ] } },
{ "type": "Feature", "properties": { "id": 9052, "nach": 0.51083964925228942 }, "geometry": { "type": "LineString", "coordinates": [ [ 1.2925174, 52.6520657 ], [ 1.2929695, 52.6519268 ], [ 1.2941249, 52.65152 ] ] } },
{ "type": "Feature", "properties": { "id": 58375, "nach": 0.66120995564411778 }, "geometry": { "type": "LineString", "coordinates": [ [ 1.2928015, 52.6524225 ], [ 1.2925174, 52.6520657 ] ] } },
{ "type": "Feature", "properties": { "id": 63932, "nach": 0.66058867069116256 }, "geometry": { "type": "LineString", "coordinates": [ [ 1.2922824, 52.6517762 ], [ 1.2923056, 52.6518039 ], [ 1.2924324, 52.6519548 ], [ 1.2924457, 52.6519706 ], [ 1.2925174, 52.6520657 ] ] } },
{ "type": "Feature", "properties": { "id": 76842, "nach": 0.60174636902918599 }, "geometry": { "type": "LineString", "coordinates": [ [ 1.2938514, 52.6529112 ], [ 1.2936459, 52.6529699 ], [ 1.2932882, 52.6530748 ], [ 1.293243, 52.65308490000001 ] ] } },
{ "type": "Feature", "properties": { "id": 79562, "nach": 0.56873680007715288 }, "geometry": { "type": "LineString", "coordinates": [ [ 1.2936202, 52.6536179 ], [ 1.2934525, 52.653402900000017 ], [ 1.293243, 52.65308490000001 ] ] } },
{ "type": "Feature", "properties": { "id": 76843, "nach": 0.47208222968421726 }, "geometry": { "type": "LineString", "coordinates": [ [ 1.2938514, 52.6529112 ], [ 1.2937159, 52.6527399 ], [ 1.2936733, 52.6527343 ], [ 1.2934604, 52.6524442 ], [ 1.2934702, 52.6524094 ], [ 1.293654, 52.652359799999985 ] ] } },
{ "type": "Feature", "properties": { "id": 79561, "nach": 0.57370213088720579 }, "geometry": { "type": "LineString", "coordinates": [ [ 1.2936202, 52.6536179 ], [ 1.2936705, 52.6536824 ], [ 1.2937769, 52.6537987 ], [ 1.2939522, 52.6539567 ] ] } },
{ "type": "Feature", "properties": { "id": 79563, "nach": 0.45726614660255738 }, "geometry": { "type": "LineString", "coordinates": [ [ 1.2936202, 52.6536179 ], [ 1.2934015, 52.65367770000001 ], [ 1.2934766, 52.6537916 ], [ 1.2932995, 52.6538307 ] ] } },
{ "type": "Feature", "properties": { "id": 76853, "nach": 0.54878608682051799 }, "geometry": { "type": "LineString", "coordinates": [ [ 1.2955089, 52.6521257 ], [ 1.2953849, 52.6519699 ], [ 1.2953675, 52.6519333 ], [ 1.2953316, 52.651907 ] ] } },
{ "type": "Feature", "properties": { "id": 76852, "nach": 0.50079409586390022 }, "geometry": { "type": "LineString", "coordinates": [ [ 1.2955089, 52.6521257 ], [ 1.2959737, 52.6520028 ] ] } },
{ "type": "Feature", "properties": { "id": 58379, "nach": 0.0 }, "geometry": { "type": "LineString", "coordinates": [ [ 1.2933853, 52.6524328 ], [ 1.29339, 52.6524128 ], [ 1.2933799, 52.6523697 ], [ 1.293335, 52.6523079 ], [ 1.2932961, 52.652294500000018 ], [ 1.2932411, 52.6522928 ], [ 1.2931131, 52.6523315 ], [ 1.2929186, 52.6523897 ], [ 1.2928015, 52.6524225 ] ] } },
{ "type": "Feature", "properties": { "id": 63934, "nach": 0.59265337319314559 }, "geometry": { "type": "LineString", "coordinates": [ [ 1.292229, 52.6516912 ], [ 1.2922614, 52.6517512 ], [ 1.2922824, 52.6517762 ] ] } },
{ "type": "Feature", "properties": { "id": 9060, "nach": 0.50340745205787329 }, "geometry": { "type": "LineString", "coordinates": [ [ 1.2950376, 52.6512856 ], [ 1.294933, 52.6512482 ], [ 1.2948659, 52.6511913 ] ] } },
{ "type": "Feature", "properties": { "id": 9057, "nach": 0.42826273816416144 }, "geometry": { "type": "LineString", "coordinates": [ [ 1.2945896, 52.6511115 ], [ 1.2946755, 52.6512677 ], [ 1.2948659, 52.6511913 ] ] } },
{ "type": "Feature", "properties": { "id": 9071, "nach": 0.4296899567972986 }, "geometry": { "type": "LineString", "coordinates": [ [ 1.2950242, 52.651339299999989 ], [ 1.2950376, 52.6512856 ] ] } },
{ "type": "Feature", "properties": { "id": 9062, "nach": 0.4296899567972986 }, "geometry": { "type": "LineString", "coordinates": [ [ 1.2951019, 52.6512515 ], [ 1.2950376, 52.6512856 ] ] } },
{ "type": "Feature", "properties": { "id": 9082, "nach": 0.44153776533748984 }, "geometry": { "type": "LineString", "coordinates": [ [ 1.293654, 52.652359799999985 ], [ 1.2937034, 52.6524257 ] ] } },
{ "type": "Feature", "properties": { "id": 9084, "nach": 0.38736284971805895 }, "geometry": { "type": "LineString", "coordinates": [ [ 1.293654, 52.652359799999985 ], [ 1.2950675, 52.6519338 ], [ 1.2952274, 52.6519014 ], [ 1.2952884, 52.6518975 ], [ 1.2953316, 52.651907 ] ] } },
{ "type": "Feature", "properties": { "id": 9065, "nach": 0.43297409779853357 }, "geometry": { "type": "LineString", "coordinates": [ [ 1.2976979, 52.6512379 ], [ 1.2977305, 52.6513035 ] ] } },
{ "type": "Feature", "properties": { "id": 9067, "nach": 0.43318507300842168 }, "geometry": { "type": "LineString", "coordinates": [ [ 1.2976715, 52.6511782 ], [ 1.2976979, 52.6512379 ] ] } },
{ "type": "Feature", "properties": { "id": 76867, "nach": 0.50751263172192906 }, "geometry": { "type": "LineString", "coordinates": [ [ 1.2988656, 52.6510169 ], [ 1.2985405, 52.6510628 ], [ 1.2983582, 52.6510953 ], [ 1.2981879, 52.65114 ], [ 1.2980456, 52.6511766 ], [ 1.2977989, 52.6512222 ], [ 1.2976979, 52.6512379 ] ] } },
{ "type": "Feature", "properties": { "id": 76876, "nach": 0.51797769251908299 }, "geometry": { "type": "LineString", "coordinates": [ [ 1.2985316, 52.6503556 ], [ 1.2988656, 52.6510169 ] ] } },
{ "type": "Feature", "properties": { "id": 30777, "nach": 0.48438997852932086 }, "geometry": { "type": "LineString", "coordinates": [ [ 1.2986181, 52.65034270000001 ], [ 1.298391, 52.6498715 ], [ 1.2980985, 52.6492675 ], [ 1.2979556, 52.6489739 ] ] } },
{ "type": "Feature", "properties": { "id": 76877, "nach": 0.60913648046179714 }, "geometry": { "type": "LineString", "coordinates": [ [ 1.2985316, 52.6503556 ], [ 1.2985526, 52.6503524 ], [ 1.2986181, 52.65034270000001 ] ] } },
{ "type": "Feature", "properties": { "id": 9110, "nach": 0.42628253498279167 }, "geometry": { "type": "LineString", "coordinates": [ [ 1.2998306, 52.6526685 ], [ 1.2995023, 52.6527253 ], [ 1.2990904, 52.6527905 ], [ 1.2983107, 52.6529268 ], [ 1.2975603, 52.6530349 ], [ 1.296293, 52.6532039 ] ] } },
{ "type": "Feature", "properties": { "id": 80257, "nach": 0.5399394523007055 }, "geometry": { "type": "LineString", "coordinates": [ [ 1.2960252, 52.6538748 ], [ 1.2960152, 52.6537854 ], [ 1.2959525, 52.6537672 ], [ 1.2959497, 52.6537215 ], [ 1.2959162, 52.6536551 ], [ 1.2959205, 52.653353800000012 ], [ 1.2959366, 52.6533001 ], [ 1.2959902, 52.6532546 ], [ 1.2960895, 52.6532237 ], [ 1.296293, 52.6532039 ] ] } },
{ "type": "Feature", "properties": { "id": 9109, "nach": 0.62535417208223365 }, "geometry": { "type": "LineString", "coordinates": [ [ 1.2998306, 52.6526685 ], [ 1.2998163, 52.652643 ], [ 1.2998079, 52.6526231 ] ] } },
{ "type": "Feature", "properties": { "id": 44170, "nach": 0.62523364890969413 }, "geometry": { "type": "LineString", "coordinates": [ [ 1.3000398, 52.6532346 ], [ 1.2999768, 52.6530801 ], [ 1.2998306, 52.6526685 ] ] } },
{ "type": "Feature", "properties": { "id": 80255, "nach": 0.53062423767645961 }, "geometry": { "type": "LineString", "coordinates": [ [ 1.2960252, 52.6538748 ], [ 1.2961848, 52.6538265 ], [ 1.296434, 52.6537557 ], [ 1.2968964, 52.6536557 ], [ 1.2975383, 52.6535436 ], [ 1.2984133, 52.653432399999986 ], [ 1.2992416, 52.6533632 ], [ 1.299635, 52.6533302 ], [ 1.2997036, 52.6533231 ], [ 1.2999543, 52.6532444 ], [ 1.2999796, 52.6532407 ], [ 1.3000398, 52.6532346 ] ] } },
{ "type": "Feature", "properties": { "id": 80256, "nach": 0.58522999018995225 }, "geometry": { "type": "LineString", "coordinates": [ [ 1.2960252, 52.6538748 ], [ 1.295062, 52.6541794 ], [ 1.2946761, 52.6542953 ], [ 1.2945308, 52.6543477 ] ] } },
{ "type": "Feature", "properties": { "id": 59843, "nach": 0.56888638358257693 }, "geometry": { "type": "LineString", "coordinates": [ [ 1.2977188, 52.652825400000012 ], [ 1.2978432, 52.6528615 ], [ 1.2981144, 52.652883 ], [ 1.2982489, 52.6528783 ], [ 1.2989239, 52.6527609 ], [ 1.2995697, 52.6526586 ], [ 1.2998079, 52.6526231 ] ] } },
{ "type": "Feature", "properties": { "id": 76862, "nach": 0.42538926354736317 }, "geometry": { "type": "LineString", "coordinates": [ [ 1.2953648, 52.6518637 ], [ 1.2953684, 52.6518288 ], [ 1.2952946, 52.6517263 ] ] } },
{ "type": "Feature", "properties": { "id": 76860, "nach": 0.52946612002004623 }, "geometry": { "type": "LineString", "coordinates": [ [ 1.2953648, 52.6518637 ], [ 1.2953316, 52.651907 ] ] } },
{ "type": "Feature", "properties": { "id": 76861, "nach": 0.49155770718891761 }, "geometry": { "type": "LineString", "coordinates": [ [ 1.2953648, 52.6518637 ], [ 1.2958603, 52.6517323 ] ] } },
{ "type": "Feature", "properties": { "id": 9085, "nach": 0.50976964583366713 }, "geometry": { "type": "LineString", "coordinates": [ [ 1.3000892, 52.6534855 ], [ 1.3001334, 52.6535397 ] ] } },
{ "type": "Feature", "properties": { "id": 74384, "nach": 0.52053359251649356 }, "geometry": { "type": "LineString", "coordinates": [ [ 1.3000783, 52.6534212 ], [ 1.3000892, 52.6534855 ] ] } },
{ "type": "Feature", "properties": { "id": 74389, "nach": 0.48945092326187195 }, "geometry": { "type": "LineString", "coordinates": [ [ 1.3001774, 52.6535371 ], [ 1.3001334, 52.6535397 ] ] } },
{ "type": "Feature", "properties": { "id": 9088, "nach": 0.51828109292946312 }, "geometry": { "type": "LineString", "coordinates": [ [ 1.3001334, 52.6535397 ], [ 1.3001927, 52.6536188 ] ] } },
{ "type": "Feature", "properties": { "id": 44171, "nach": 0.5092818678843738 }, "geometry": { "type": "LineString", "coordinates": [ [ 1.3000398, 52.6532346 ], [ 1.2999954, 52.6532992 ], [ 1.299951, 52.65334450000001 ], [ 1.2999022, 52.6533745 ] ] } },
{ "type": "Feature", "properties": { "id": 74385, "nach": 0.4831315721655835 }, "geometry": { "type": "LineString", "coordinates": [ [ 1.300062, 52.653362100000024 ], [ 1.2999022, 52.6533745 ] ] } },
{ "type": "Feature", "properties": { "id": 74390, "nach": 0.5071881862473504 }, "geometry": { "type": "LineString", "coordinates": [ [ 1.3001774, 52.6535371 ], [ 1.3002193, 52.6535346 ] ] } },
{ "type": "Feature", "properties": { "id": 9240, "nach": 0.42488815256027279 }, "geometry": { "type": "LineString", "coordinates": [ [ 1.3001927, 52.6536188 ], [ 1.3001774, 52.6535371 ] ] } },
{ "type": "Feature", "properties": { "id": 74391, "nach": 0.46532129775772213 }, "geometry": { "type": "LineString", "coordinates": [ [ 1.3001774, 52.6535371 ], [ 1.3001592, 52.6534485 ], [ 1.3001525, 52.6534156 ] ] } },
{ "type": "Feature", "properties": { "id": 9239, "nach": 0.50074596236836699 }, "geometry": { "type": "LineString", "coordinates": [ [ 1.3001927, 52.6536188 ], [ 1.3002193, 52.6535346 ] ] } },
{ "type": "Feature", "properties": { "id": 16377, "nach": 0.55483861458944683 }, "geometry": { "type": "LineString", "coordinates": [ [ 1.3006311, 52.65492170000001 ], [ 1.3004177, 52.6542505 ], [ 1.3002679, 52.6539159 ], [ 1.3001927, 52.6536188 ] ] } },
{ "type": "Feature", "properties": { "id": 44174, "nach": 0.5285150769979895 }, "geometry": { "type": "LineString", "coordinates": [ [ 1.3000398, 52.6532346 ], [ 1.3000564, 52.6533297 ], [ 1.300062, 52.653362100000024 ] ] } },
{ "type": "Feature", "properties": { "id": 59844, "nach": 0.54354380824602522 }, "geometry": { "type": "LineString", "coordinates": [ [ 1.2977188, 52.652825400000012 ], [ 1.2976502, 52.6528165 ], [ 1.2976679, 52.6527622 ], [ 1.2972263, 52.6527094 ], [ 1.2971281, 52.6527138 ], [ 1.2966, 52.652804 ] ] } },
{ "type": "Feature", "properties": { "id": 59847, "nach": 0.49176348954302668 }, "geometry": { "type": "LineString", "coordinates": [ [ 1.2969822, 52.6518137 ], [ 1.297119, 52.6518364 ], [ 1.2972021, 52.65187550000001 ], [ 1.2972906, 52.6519504 ], [ 1.2974086, 52.652080500000011 ], [ 1.297465, 52.6522091 ], [ 1.2975347, 52.652407599999982 ], [ 1.2976339, 52.65261910000001 ], [ 1.2977359, 52.652765600000023 ], [ 1.2977188, 52.652825400000012 ] ] } },
{ "type": "Feature", "properties": { "id": 9251, "nach": 0.45809100119867874 }, "geometry": { "type": "LineString", "coordinates": [ [ 1.2922939, 52.6472468 ], [ 1.2923929, 52.64718 ], [ 1.2925243, 52.6470661 ], [ 1.2926906, 52.6468952 ], [ 1.2928928, 52.6465962 ], [ 1.2929062, 52.6465763 ] ] } },
{ "type": "Feature", "properties": { "id": 9134, "nach": 0.39515658468354303 }, "geometry": { "type": "LineString", "coordinates": [ [ 1.289295, 52.6495722 ], [ 1.2891716, 52.6495575 ] ] } },
{ "type": "Feature", "properties": { "id": 9133, "nach": 0.39515658468354303 }, "geometry": { "type": "LineString", "coordinates": [ [ 1.289295, 52.6495722 ], [ 1.2894183, 52.6495852 ] ] } },
{ "type": "Feature", "properties": { "id": 9162, "nach": 0.46874620708603493 }, "geometry": { "type": "LineString", "coordinates": [ [ 1.2893432, 52.649442 ], [ 1.289295, 52.6495722 ] ] } },
{ "type": "Feature", "properties": { "id": 9252, "nach": 0.51795890691125246 }, "geometry": { "type": "LineString", "coordinates": [ [ 1.2922939, 52.6472468 ], [ 1.2923607, 52.6472646 ], [ 1.2930071, 52.6473493 ], [ 1.2931252, 52.6473444 ], [ 1.2932217, 52.6473086 ], [ 1.2933183, 52.6472256 ], [ 1.2937286, 52.6467716 ] ] } },
{ "type": "Feature", "properties": { "id": 9158, "nach": 0.41823541304149509 }, "geometry": { "type": "LineString", "coordinates": [ [ 1.2926411, 52.647866 ], [ 1.292755, 52.6480897 ], [ 1.2926195, 52.6483655 ] ] } },
{ "type": "Feature", "properties": { "id": 76917, "nach": 0.54763374098915685 }, "geometry": { "type": "LineString", "coordinates": [ [ 1.2945415, 52.6485784 ], [ 1.2943335, 52.648561600000015 ], [ 1.2934121, 52.648462400000014 ], [ 1.2930072, 52.6484168 ], [ 1.2926195, 52.6483655 ] ] } },
{ "type": "Feature", "properties": { "id": 76916, "nach": 0.54806499384346852 }, "geometry": { "type": "LineString", "coordinates": [ [ 1.2945415, 52.6485784 ], [ 1.2951482, 52.648642199999983 ], [ 1.2955841, 52.6486976 ] ] } },
{ "type": "Feature", "properties": { "id": 76918, "nach": 0.41055035847308835 }, "geometry": { "type": "LineString", "coordinates": [ [ 1.2945415, 52.6485784 ], [ 1.2945568, 52.6485246 ], [ 1.2937756, 52.6484135 ], [ 1.2933464, 52.6483493 ] ] } },
{ "type": "Feature", "properties": { "id": 75752, "nach": 0.38094271290351484 }, "geometry": { "type": "LineString", "coordinates": [ [ 1.2899384, 52.6494951 ], [ 1.2901667, 52.649481 ] ] } },
{ "type": "Feature", "properties": { "id": 75753, "nach": 0.42813877386713556 }, "geometry": { "type": "LineString", "coordinates": [ [ 1.2899384, 52.6494951 ], [ 1.289826, 52.649503 ] ] } },
{ "type": "Feature", "properties": { "id": 75754, "nach": 0.19645392874802925 }, "geometry": { "type": "LineString", "coordinates": [ [ 1.2899384, 52.6494951 ], [ 1.2899642, 52.6496275 ], [ 1.2900044, 52.6496543 ], [ 1.2902512, 52.649634 ], [ 1.2901322, 52.6490619 ] ] } },
{ "type": "Feature", "properties": { "id": 75737, "nach": 0.54149178045771196 }, "geometry": { "type": "LineString", "coordinates": [ [ 1.2895448, 52.6489069 ], [ 1.2893432, 52.649442 ] ] } },
{ "type": "Feature", "properties": { "id": 75758, "nach": 0.50346615065731504 }, "geometry": { "type": "LineString", "coordinates": [ [ 1.2894894, 52.6494615 ], [ 1.2893432, 52.649442 ] ] } },
{ "type": "Feature", "properties": { "id": 70106, "nach": 0.58708201137685201 }, "geometry": { "type": "LineString", "coordinates": [ [ 1.2897009, 52.648499 ], [ 1.2899131, 52.6479916 ], [ 1.2899306, 52.6479498 ] ] } },
{ "type": "Feature", "properties": { "id": 9209, "nach": 0.63496615246150057 }, "geometry": { "type": "LineString", "coordinates": [ [ 1.2894773, 52.6478244 ], [ 1.2895256, 52.6478537 ], [ 1.2896436, 52.6478895 ], [ 1.2899306, 52.6479498 ] ] } },
{ "type": "Feature", "properties": { "id": 9152, "nach": 0.40601070404203315 }, "geometry": { "type": "LineString", "coordinates": [ [ 1.2957511, 52.6495738 ], [ 1.2957738, 52.6497373 ] ] } },
{ "type": "Feature", "properties": { "id": 9188, "nach": 0.49861024508490887 }, "geometry": { "type": "LineString", "coordinates": [ [ 1.2954614, 52.6495876 ], [ 1.2956048, 52.649582 ], [ 1.2957511, 52.6495738 ] ] } },
{ "type": "Feature", "properties": { "id": 76902, "nach": 0.52492200618981699 }, "geometry": { "type": "LineString", "coordinates": [ [ 1.2958664, 52.6495478 ], [ 1.2957946, 52.6495551 ], [ 1.2957511, 52.6495738 ] ] } },
{ "type": "Feature", "properties": { "id": 9232, "nach": 0.4716154184770196 }, "geometry": { "type": "LineString", "coordinates": [ [ 1.2954936, 52.6500034 ], [ 1.2948552, 52.650036 ] ] } },
{ "type": "Feature", "properties": { "id": 9196, "nach": 0.36898330121421108 }, "geometry": { "type": "LineString", "coordinates": [ [ 1.2949034, 52.6502222 ], [ 1.2948552, 52.650036 ] ] } },
{ "type": "Feature", "properties": { "id": 76884, "nach": 0.43404821402967825 }, "geometry": { "type": "LineString", "coordinates": [ [ 1.294564199999989, 52.6500384 ], [ 1.2947063, 52.6500221 ], [ 1.2947385, 52.6500424 ], [ 1.2948552, 52.650036 ] ] } },
{ "type": "Feature", "properties": { "id": 9233, "nach": 0.30595663417204039 }, "geometry": { "type": "LineString", "coordinates": [ [ 1.2954936, 52.6500034 ], [ 1.296505, 52.6499472 ] ] } },
{ "type": "Feature", "properties": { "id": 9231, "nach": 0.4842612044881846 }, "geometry": { "type": "LineString", "coordinates": [ [ 1.2954936, 52.6500034 ], [ 1.2954614, 52.6495876 ] ] } },
{ "type": "Feature", "properties": { "id": 76883, "nach": 0.3525439718461707 }, "geometry": { "type": "LineString", "coordinates": [ [ 1.294564199999989, 52.6500384 ], [ 1.2946111, 52.6503077 ], [ 1.2945145, 52.6503174 ] ] } },
{ "type": "Feature", "properties": { "id": 76882, "nach": 0.36316819388897925 }, "geometry": { "type": "LineString", "coordinates": [ [ 1.294564199999989, 52.6500384 ], [ 1.294359, 52.650061200000025 ] ] } },
{ "type": "Feature", "properties": { "id": 76905, "nach": 0.53680823995990978 }, "geometry": { "type": "LineString", "coordinates": [ [ 1.2963792, 52.6495467 ], [ 1.2964162, 52.6496601 ] ] } },
{ "type": "Feature", "properties": { "id": 9176, "nach": 0.48614582171033477 }, "geometry": { "type": "LineString", "coordinates": [ [ 1.296505, 52.6499472 ], [ 1.2964873, 52.6498423 ], [ 1.2964162, 52.6496601 ] ] } },
{ "type": "Feature", "properties": { "id": 9182, "nach": 0.47881698392265082 }, "geometry": { "type": "LineString", "coordinates": [ [ 1.2971002, 52.649551 ], [ 1.2966, 52.6496364 ], [ 1.2964162, 52.6496601 ] ] } },
{ "type": "Feature", "properties": { "id": 76906, "nach": 0.60498007236456675 }, "geometry": { "type": "LineString", "coordinates": [ [ 1.2963792, 52.6495467 ], [ 1.2963122, 52.6493415 ] ] } },
{ "type": "Feature", "properties": { "id": 76907, "nach": 0.57310215722199809 }, "geometry": { "type": "LineString", "coordinates": [ [ 1.2963792, 52.6495467 ], [ 1.2960675, 52.6495665 ], [ 1.2959817, 52.6495591 ], [ 1.2958664, 52.6495478 ] ] } },
{ "type": "Feature", "properties": { "id": 9198, "nach": 0.46070754818878035 }, "geometry": { "type": "LineString", "coordinates": [ [ 1.297258, 52.6499098 ], [ 1.297237, 52.6498618 ], [ 1.296781, 52.649935 ], [ 1.296505, 52.6499472 ] ] } },
{ "type": "Feature", "properties": { "id": 9259, "nach": 0.4053898733885295 }, "geometry": { "type": "LineString", "coordinates": [ [ 1.2970768, 52.649492 ], [ 1.2971002, 52.649551 ] ] } },
{ "type": "Feature", "properties": { "id": 9192, "nach": 0.40507734973700976 }, "geometry": { "type": "LineString", "coordinates": [ [ 1.2971291, 52.6496177 ], [ 1.2971002, 52.649551 ] ] } },
{ "type": "Feature", "properties": { "id": 76901, "nach": 0.30302447811407568 }, "geometry": { "type": "LineString", "coordinates": [ [ 1.2954493, 52.6494937 ], [ 1.2954507, 52.6495054 ], [ 1.2954614, 52.6495876 ] ] } },
{ "type": "Feature", "properties": { "id": 76903, "nach": 0.51736298913216971 }, "geometry": { "type": "LineString", "coordinates": [ [ 1.2958664, 52.6495478 ], [ 1.2958194, 52.6495372 ], [ 1.2956317, 52.649505 ], [ 1.2955601, 52.6494964 ] ] } },
{ "type": "Feature", "properties": { "id": 75750, "nach": 0.57632447475262139 }, "geometry": { "type": "LineString", "coordinates": [ [ 1.289631, 52.648685 ], [ 1.2897009, 52.648499 ] ] } },
{ "type": "Feature", "properties": { "id": 70108, "nach": 0.4162406858617031 }, "geometry": { "type": "LineString", "coordinates": [ [ 1.2901205, 52.6484955 ], [ 1.2900997, 52.6485584 ], [ 1.2897009, 52.648499 ] ] } },
{ "type": "Feature", "properties": { "id": 37898, "nach": 0.55437562850044053 }, "geometry": { "type": "LineString", "coordinates": [ [ 1.2893889, 52.6477554 ], [ 1.2894773, 52.6478244 ] ] } },
{ "type": "Feature", "properties": { "id": 37930, "nach": 0.62599354568649102 }, "geometry": { "type": "LineString", "coordinates": [ [ 1.2892237, 52.6480911 ], [ 1.2892789, 52.6479514 ], [ 1.2893191, 52.6479123 ], [ 1.2894773, 52.6478244 ] ] } },
{ "type": "Feature", "properties": { "id": 75749, "nach": 0.54984220082949065 }, "geometry": { "type": "LineString", "coordinates": [ [ 1.289631, 52.648685 ], [ 1.2895448, 52.6489069 ] ] } },
{ "type": "Feature", "properties": { "id": 75740, "nach": 0.22928676191916367 }, "geometry": { "type": "LineString", "coordinates": [ [ 1.2898492, 52.6489522 ], [ 1.2895448, 52.6489069 ] ] } },
{ "type": "Feature", "properties": { "id": 75761, "nach": 0.48842211625044057 }, "geometry": { "type": "LineString", "coordinates": [ [ 1.2897469, 52.649497 ], [ 1.289729499999989, 52.6495494 ], [ 1.2897322, 52.649583600000014 ], [ 1.2894613, 52.6495494 ], [ 1.2894894, 52.6494615 ] ] } },
{ "type": "Feature", "properties": { "id": 75759, "nach": 0.47303188519182937 }, "geometry": { "type": "LineString", "coordinates": [ [ 1.2897469, 52.649497 ], [ 1.289826, 52.649503 ] ] } },
{ "type": "Feature", "properties": { "id": 75755, "nach": 0.37978144948132275 }, "geometry": { "type": "LineString", "coordinates": [ [ 1.2901077, 52.649459899999989 ], [ 1.2900996, 52.6494176 ], [ 1.2898502, 52.6494355 ], [ 1.289826, 52.649503 ] ] } },
{ "type": "Feature", "properties": { "id": 9170, "nach": 0.41424978755267011 }, "geometry": { "type": "LineString", "coordinates": [ [ 1.2937286, 52.6495722 ], [ 1.2938628, 52.649564 ] ] } },
{ "type": "Feature", "properties": { "id": 9179, "nach": 0.41424978755267011 }, "geometry": { "type": "LineString", "coordinates": [ [ 1.2937367, 52.6496503 ], [ 1.2937286, 52.6495722 ] ] } },
{ "type": "Feature", "properties": { "id": 9183, "nach": 0.48815960191173735 }, "geometry": { "type": "LineString", "coordinates": [ [ 1.2928221, 52.6496514 ], [ 1.2928596, 52.649636 ], [ 1.2929113, 52.64962950000001 ], [ 1.2937286, 52.6495722 ] ] } },
{ "type": "Feature", "properties": { "id": 87383, "nach": 0.49793290908271731 }, "geometry": { "type": "LineString", "coordinates": [ [ 1.2928756, 52.649838 ], [ 1.2928194, 52.6497007 ], [ 1.2928107, 52.6496743 ], [ 1.2928221, 52.6496514 ] ] } },
{ "type": "Feature", "properties": { "id": 87381, "nach": 0.42292095615387709 }, "geometry": { "type": "LineString", "coordinates": [ [ 1.2928756, 52.649838 ], [ 1.292924, 52.6499562 ] ] } },
{ "type": "Feature", "properties": { "id": 87382, "nach": 0.42387092345358646 }, "geometry": { "type": "LineString", "coordinates": [ [ 1.2928756, 52.649838 ], [ 1.2930138, 52.649816299999983 ] ] } },
{ "type": "Feature", "properties": { "id": 9242, "nach": 0.38443900624200988 }, "geometry": { "type": "LineString", "coordinates": [ [ 1.2974999, 52.6497951 ], [ 1.2975321, 52.6498683 ], [ 1.297258, 52.6499098 ] ] } },
{ "type": "Feature", "properties": { "id": 76885, "nach": 0.38443900624200988 }, "geometry": { "type": "LineString", "coordinates": [ [ 1.297583, 52.6498818 ], [ 1.2973624, 52.6499163 ], [ 1.2973329, 52.6499228 ], [ 1.2973215, 52.6499322 ], [ 1.2973094, 52.649944 ], [ 1.2972853, 52.649948499999986 ], [ 1.2972719, 52.6499416 ], [ 1.297258, 52.6499098 ] ] } },
{ "type": "Feature", "properties": { "id": 76900, "nach": 0.4497700666521362 }, "geometry": { "type": "LineString", "coordinates": [ [ 1.2954493, 52.6494937 ], [ 1.2955311, 52.6494928 ], [ 1.2955601, 52.6494964 ] ] } },
{ "type": "Feature", "properties": { "id": 76899, "nach": 0.39819598938424661 }, "geometry": { "type": "LineString", "coordinates": [ [ 1.2954493, 52.6494937 ], [ 1.2950295, 52.6495107 ] ] } },
{ "type": "Feature", "properties": { "id": 9300, "nach": 0.55123313924425765 }, "geometry": { "type": "LineString", "coordinates": [ [ 1.2842846, 52.652327 ], [ 1.2841988, 52.6522912 ], [ 1.2838125, 52.6521513 ], [ 1.2837374, 52.6521562 ], [ 1.2836891, 52.652188700000018 ], [ 1.2835604, 52.6523205 ], [ 1.2835604, 52.6523596 ], [ 1.2835872, 52.652397 ], [ 1.283673, 52.6524328 ], [ 1.2840378, 52.652563 ] ] } },
{ "type": "Feature", "properties": { "id": 9202, "nach": 0.42513300243576518 }, "geometry": { "type": "LineString", "coordinates": [ [ 1.2925619, 52.6492109 ], [ 1.2924466, 52.649206 ] ] } },
{ "type": "Feature", "properties": { "id": 9213, "nach": 0.42300513289103431 }, "geometry": { "type": "LineString", "coordinates": [ [ 1.2925699, 52.6490905 ], [ 1.2925619, 52.6492109 ] ] } },
{ "type": "Feature", "properties": { "id": 9288, "nach": 0.49135867531951399 }, "geometry": { "type": "LineString", "coordinates": [ [ 1.2845662, 52.6512905 ], [ 1.2856931, 52.6511058 ] ] } },
{ "type": "Feature", "properties": { "id": 37900, "nach": 0.42037736236712403 }, "geometry": { "type": "LineString", "coordinates": [ [ 1.2893889, 52.6477554 ], [ 1.2893092, 52.6477881 ], [ 1.2890115, 52.6477174 ] ] } },
{ "type": "Feature", "properties": { "id": 76778, "nach": 0.53337315963550225 }, "geometry": { "type": "LineString", "coordinates": [ [ 1.2891085, 52.64749350000001 ], [ 1.2893566, 52.6477301 ], [ 1.2893889, 52.6477554 ] ] } },
{ "type": "Feature", "properties": { "id": 37928, "nach": 0.59713002063643772 }, "geometry": { "type": "LineString", "coordinates": [ [ 1.2892237, 52.6480911 ], [ 1.2891917, 52.6481723 ] ] } },
{ "type": "Feature", "properties": { "id": 37929, "nach": 0.58766372879337925 }, "geometry": { "type": "LineString", "coordinates": [ [ 1.2892237, 52.6480911 ], [ 1.288799, 52.648026900000012 ] ] } },
{ "type": "Feature", "properties": { "id": 47748, "nach": 0.5743315958097801 }, "geometry": { "type": "LineString", "coordinates": [ [ 1.2883123, 52.6519777 ], [ 1.2882328, 52.6519463 ], [ 1.2880209, 52.65186820000001 ], [ 1.2877849, 52.6518275 ], [ 1.287581, 52.651821 ], [ 1.2874469, 52.6518259 ], [ 1.2871492, 52.6518487 ], [ 1.2868917, 52.6518828 ], [ 1.2860629, 52.6520016 ] ] } },
{ "type": "Feature", "properties": { "id": 47750, "nach": 0.44355168235906767 }, "geometry": { "type": "LineString", "coordinates": [ [ 1.2883123, 52.6519777 ], [ 1.2885157, 52.6517938 ], [ 1.2885965, 52.6517899 ], [ 1.2890067, 52.65194850000001 ] ] } },
{ "type": "Feature", "properties": { "id": 9310, "nach": 0.57316637114131697 }, "geometry": { "type": "LineString", "coordinates": [ [ 1.2865953, 52.6489814 ], [ 1.2868515, 52.6489733 ], [ 1.287176, 52.648975 ], [ 1.2874416, 52.6489961 ], [ 1.2875837, 52.6490352 ], [ 1.287691, 52.6490807 ], [ 1.2878063, 52.6491792 ] ] } },
{ "type": "Feature", "properties": { "id": 9264, "nach": 0.53564366765982274 }, "geometry": { "type": "LineString", "coordinates": [ [ 1.2878224, 52.6494062 ], [ 1.2878466, 52.64931510000001 ], [ 1.287827799999988, 52.649233700000011 ], [ 1.2878063, 52.6491792 ] ] } },
{ "type": "Feature", "properties": { "id": 9236, "nach": 0.59636506002736012 }, "geometry": { "type": "LineString", "coordinates": [ [ 1.2884173, 52.6489117 ], [ 1.2883267, 52.6489668 ], [ 1.2879995, 52.6491223 ], [ 1.2878063, 52.6491792 ] ] } },
{ "type": "Feature", "properties": { "id": 73003, "nach": 0.51322750719137766 }, "geometry": { "type": "LineString", "coordinates": [ [ 1.2877189, 52.6495938 ], [ 1.2877842, 52.649488 ], [ 1.2878224, 52.6494062 ] ] } },
{ "type": "Feature", "properties": { "id": 28217, "nach": 0.46837721941504085 }, "geometry": { "type": "LineString", "coordinates": [ [ 1.2872638, 52.6494755 ], [ 1.2872986, 52.6494407 ], [ 1.2873334, 52.6494084 ], [ 1.2873969, 52.6493885 ], [ 1.2876364, 52.6493935 ], [ 1.2878224, 52.6494062 ] ] } },
{ "type": "Feature", "properties": { "id": 9234, "nach": 0.40718958421400403 }, "geometry": { "type": "LineString", "coordinates": [ [ 1.2884173, 52.6489117 ], [ 1.2883508, 52.6488513 ] ] } },
{ "type": "Feature", "properties": { "id": 9243, "nach": 0.59910576589064135 }, "geometry": { "type": "LineString", "coordinates": [ [ 1.2884393, 52.6489278 ], [ 1.2884173, 52.6489117 ] ] } },
{ "type": "Feature", "properties": { "id": 37923, "nach": 0.45080117306467399 }, "geometry": { "type": "LineString", "coordinates": [ [ 1.2880433, 52.64799510000001 ], [ 1.2881041, 52.648008300000015 ], [ 1.2886915, 52.6480946 ], [ 1.2891917, 52.6481723 ] ] } },
{ "type": "Feature", "properties": { "id": 9331, "nach": 0.4107374046510926 }, "geometry": { "type": "LineString", "coordinates": [ [ 1.2900355, 52.6500818 ], [ 1.2898529, 52.6500473 ], [ 1.2893647, 52.6500555 ], [ 1.2891394, 52.650018 ], [ 1.2886781, 52.6499058 ] ] } },
{ "type": "Feature", "properties": { "id": 76833, "nach": 0.41044770672807102 }, "geometry": { "type": "LineString", "coordinates": [ [ 1.2898602, 52.650818600000015 ], [ 1.2898112, 52.65074220000001 ], [ 1.2901586, 52.65066 ], [ 1.2902096, 52.6506437 ], [ 1.290231, 52.6505851 ], [ 1.290231, 52.6505151 ], [ 1.2901935, 52.6504305 ], [ 1.2900755, 52.6503028 ], [ 1.2900299, 52.6501775 ], [ 1.2900245, 52.6501092 ], [ 1.2900355, 52.6500818 ] ] } },
{ "type": "Feature", "properties": { "id": 9262, "nach": 0.40729984675175218 }, "geometry": { "type": "LineString", "coordinates": [ [ 1.2884742, 52.6489766 ], [ 1.2884393, 52.6489278 ] ] } },
{ "type": "Feature", "properties": { "id": 9285, "nach": 0.60174538034482927 }, "geometry": { "type": "LineString", "coordinates": [ [ 1.2891917, 52.6481723 ], [ 1.2890214, 52.6486072 ], [ 1.2889704, 52.6486755 ], [ 1.2888578, 52.6487325 ], [ 1.2884393, 52.6489278 ] ] } },
{ "type": "Feature", "properties": { "id": 9275, "nach": 0.5797269577010401 }, "geometry": { "type": "LineString", "coordinates": [ [ 1.2962287, 52.6487813 ], [ 1.2967864, 52.6488631 ], [ 1.2971922, 52.6489236 ], [ 1.29747, 52.6489577 ] ] } },
{ "type": "Feature", "properties": { "id": 76873, "nach": 0.56453222241729994 }, "geometry": { "type": "LineString", "coordinates": [ [ 1.2979183, 52.6490946 ], [ 1.2978391, 52.648991100000011 ] ] } },
{ "type": "Feature", "properties": { "id": 76909, "nach": 0.54513153637924117 }, "geometry": { "type": "LineString", "coordinates": [ [ 1.2961968, 52.6488647 ], [ 1.2962017, 52.6488383 ], [ 1.2962194, 52.6488041 ], [ 1.2962287, 52.6487813 ] ] } },
{ "type": "Feature", "properties": { "id": 73536, "nach": 0.5575799833485594 }, "geometry": { "type": "LineString", "coordinates": [ [ 1.2955841, 52.6486976 ], [ 1.2957732, 52.6487203 ], [ 1.2962287, 52.6487813 ] ] } },
{ "type": "Feature", "properties": { "id": 18615, "nach": 0.5494060944496193 }, "geometry": { "type": "LineString", "coordinates": [ [ 1.300908, 52.65577660000001 ], [ 1.3006311, 52.65492170000001 ] ] } },
{ "type": "Feature", "properties": { "id": 16379, "nach": 0.39604066345125527 }, "geometry": { "type": "LineString", "coordinates": [ [ 1.3018151, 52.6551427 ], [ 1.3023111, 52.655088700000015 ], [ 1.3023671, 52.6550647 ], [ 1.3024021, 52.655032700000014 ], [ 1.3023921, 52.6549827 ], [ 1.3023581, 52.6549247 ], [ 1.3023161, 52.6548807 ], [ 1.3022581, 52.6548537 ], [ 1.3021851, 52.654841700000013 ], [ 1.3020911, 52.6548407 ], [ 1.3018801, 52.65485970000001 ], [ 1.3016061, 52.6548847 ], [ 1.3011951, 52.654928699999978 ], [ 1.3009801, 52.654946700000011 ], [ 1.3009261, 52.6549427 ], [ 1.3008781, 52.6549227 ], [ 1.3008121, 52.6549077 ], [ 1.3007241, 52.6549127 ], [ 1.3006311, 52.65492170000001 ] ] } },
{ "type": "Feature", "properties": { "id": 76777, "nach": 0.46032736507801042 }, "geometry": { "type": "LineString", "coordinates": [ [ 1.2891085, 52.64749350000001 ], [ 1.2890562, 52.6474437 ] ] } },
{ "type": "Feature", "properties": { "id": 76772, "nach": 0.40989265051008256 }, "geometry": { "type": "LineString", "coordinates": [ [ 1.2898611, 52.647125400000014 ], [ 1.2892091, 52.64739 ], [ 1.2890562, 52.6474437 ] ] } },
{ "type": "Feature", "properties": { "id": 76779, "nach": 0.48619778331313346 }, "geometry": { "type": "LineString", "coordinates": [ [ 1.2891085, 52.64749350000001 ], [ 1.2891568, 52.6474738 ], [ 1.2891635, 52.6474526 ], [ 1.289185, 52.647438 ], [ 1.2892145, 52.6474249 ], [ 1.2893191, 52.647384299999985 ], [ 1.2893714, 52.6473891 ] ] } },
{ "type": "Feature", "properties": { "id": 63935, "nach": 0.58726009444117422 }, "geometry": { "type": "LineString", "coordinates": [ [ 1.292229, 52.6516912 ], [ 1.2922664, 52.651677 ], [ 1.2922943, 52.6516563 ], [ 1.29231, 52.6516313 ], [ 1.2923117, 52.6516046 ], [ 1.2922993, 52.6515789 ], [ 1.2922741, 52.651557 ] ] } },
{ "type": "Feature", "properties": { "id": 73004, "nach": 0.49943626325371671 }, "geometry": { "type": "LineString", "coordinates": [ [ 1.2877189, 52.6495938 ], [ 1.2873262, 52.6502296 ], [ 1.2872592, 52.6503386 ], [ 1.2869534, 52.6508382 ], [ 1.286889, 52.6508902 ], [ 1.2867737, 52.6509244 ], [ 1.2856931, 52.6511058 ] ] } },
{ "type": "Feature", "properties": { "id": 73006, "nach": 0.39687210565655018 }, "geometry": { "type": "LineString", "coordinates": [ [ 1.2884228, 52.64966470000001 ], [ 1.2882797, 52.6497093 ], [ 1.2877189, 52.6495938 ] ] } },
{ "type": "Feature", "properties": { "id": 28216, "nach": 0.3925364744940959 }, "geometry": { "type": "LineString", "coordinates": [ [ 1.2872638, 52.6494755 ], [ 1.2871677, 52.6496577 ] ] } },
{ "type": "Feature", "properties": { "id": 28218, "nach": 0.3961536314386781 }, "geometry": { "type": "LineString", "coordinates": [ [ 1.287169, 52.649457400000017 ], [ 1.2872638, 52.6494755 ] ] } },
{ "type": "Feature", "properties": { "id": 9280, "nach": 0.56612651345222142 }, "geometry": { "type": "LineString", "coordinates": [ [ 1.2856931, 52.6511058 ], [ 1.2856806, 52.6510764 ], [ 1.2852663, 52.650107500000011 ] ] } },
{ "type": "Feature", "properties": { "id": 28208, "nach": 0.59245095712740703 }, "geometry": { "type": "LineString", "coordinates": [ [ 1.2858885, 52.651567 ], [ 1.2857056, 52.6511352 ], [ 1.2856931, 52.6511058 ] ] } },
{ "type": "Feature", "properties": { "id": 76910, "nach": 0.54888275364044581 }, "geometry": { "type": "LineString", "coordinates": [ [ 1.2961968, 52.6488647 ], [ 1.296946, 52.6489725 ], [ 1.2978686, 52.6490994 ], [ 1.2979183, 52.6490946 ] ] } },
{ "type": "Feature", "properties": { "id": 76908, "nach": 0.61182519539863334 }, "geometry": { "type": "LineString", "coordinates": [ [ 1.2961968, 52.6488647 ], [ 1.2961909, 52.64889680000001 ], [ 1.2961936, 52.6489782 ], [ 1.2963122, 52.6493415 ] ] } },
{ "type": "Feature", "properties": { "id": 73540, "nach": 0.53528505923514913 }, "geometry": { "type": "LineString", "coordinates": [ [ 1.2957186, 52.6483142 ], [ 1.2957061, 52.6483518 ], [ 1.2955841, 52.6486976 ] ] } },
{ "type": "Feature", "properties": { "id": 28207, "nach": 0.60154289078221868 }, "geometry": { "type": "LineString", "coordinates": [ [ 1.2858885, 52.651567 ], [ 1.2859824, 52.6517836 ], [ 1.2859932, 52.6518584 ], [ 1.2860629, 52.6520016 ] ] } },
{ "type": "Feature", "properties": { "id": 28213, "nach": 0.49957300330051874 }, "geometry": { "type": "LineString", "coordinates": [ [ 1.2846273, 52.6517003 ], [ 1.2850954, 52.6516368 ], [ 1.2851886, 52.651633300000015 ], [ 1.2852609, 52.6516426 ], [ 1.2853484, 52.6516449 ], [ 1.2858885, 52.651567 ] ] } },
{ "type": "Feature", "properties": { "id": 76812, "nach": 0.38697117823099569 }, "geometry": { "type": "LineString", "coordinates": [ [ 1.2863298, 52.6499912 ], [ 1.2864263, 52.6500022 ], [ 1.2864411, 52.649998099999983 ], [ 1.2864699, 52.6499826 ], [ 1.28649, 52.6499216 ], [ 1.2864756, 52.649911299999985 ] ] } },
{ "type": "Feature", "properties": { "id": 76799, "nach": 0.44323078693792806 }, "geometry": { "type": "LineString", "coordinates": [ [ 1.286417, 52.6496693 ], [ 1.2867904, 52.6497052 ] ] } },
{ "type": "Feature", "properties": { "id": 9302, "nach": 0.54910867985613687 }, "geometry": { "type": "LineString", "coordinates": [ [ 1.2860629, 52.6520016 ], [ 1.2852609, 52.6521243 ], [ 1.2845126, 52.652234300000018 ], [ 1.2843919, 52.6522636 ], [ 1.2842846, 52.652327 ] ] } },
{ "type": "Feature", "properties": { "id": 76835, "nach": 0.57969230953998974 }, "geometry": { "type": "LineString", "coordinates": [ [ 1.2902009, 52.6513646 ], [ 1.2911989, 52.6511433 ] ] } },
{ "type": "Feature", "properties": { "id": 63943, "nach": 0.46987577461555063 }, "geometry": { "type": "LineString", "coordinates": [ [ 1.2918675, 52.6515966 ], [ 1.2918346, 52.6516201 ], [ 1.2917058, 52.651651 ], [ 1.2915905, 52.6516494 ], [ 1.2915073, 52.6516087 ], [ 1.2914617, 52.6515517 ], [ 1.2911989, 52.6511433 ] ] } },
{ "type": "Feature", "properties": { "id": 76834, "nach": 0.54373492972034398 }, "geometry": { "type": "LineString", "coordinates": [ [ 1.2902009, 52.6513646 ], [ 1.2900726, 52.6513946 ] ] } },
{ "type": "Feature", "properties": { "id": 76839, "nach": 0.5181176244219674 }, "geometry": { "type": "LineString", "coordinates": [ [ 1.2891257, 52.6509876 ], [ 1.2893265, 52.6509513 ], [ 1.2894312, 52.6509409 ], [ 1.2895084, 52.650934300000017 ], [ 1.2896304, 52.6509091 ], [ 1.2897403, 52.6510775 ], [ 1.2898033, 52.6510631 ], [ 1.2898257, 52.6510584 ], [ 1.2899843, 52.6510546 ], [ 1.2900031, 52.6510607 ], [ 1.2902009, 52.6513646 ] ] } },
{ "type": "Feature", "properties": { "id": 63945, "nach": 0.52975772116737341 }, "geometry": { "type": "LineString", "coordinates": [ [ 1.2918675, 52.6515966 ], [ 1.2918807, 52.6516231 ], [ 1.2918913, 52.651644099999984 ] ] } },
{ "type": "Feature", "properties": { "id": 63944, "nach": 0.48045458211333097 }, "geometry": { "type": "LineString", "coordinates": [ [ 1.2918675, 52.6515966 ], [ 1.2918963, 52.651576100000014 ], [ 1.291907, 52.6515159 ], [ 1.2918882, 52.651468300000012 ] ] } },
{ "type": "Feature", "properties": { "id": 76838, "nach": 0.51300883754553295 }, "geometry": { "type": "LineString", "coordinates": [ [ 1.2891257, 52.6509876 ], [ 1.2890336, 52.6510018 ] ] } },
{ "type": "Feature", "properties": { "id": 43954, "nach": 0.56229660636167078 }, "geometry": { "type": "LineString", "coordinates": [ [ 1.2888142, 52.6506131 ], [ 1.2888458, 52.6506525 ], [ 1.2890336, 52.6510018 ] ] } },
{ "type": "Feature", "properties": { "id": 43969, "nach": 0.55401629551499332 }, "geometry": { "type": "LineString", "coordinates": [ [ 1.2895888, 52.6515092 ], [ 1.2894626, 52.65153870000001 ], [ 1.2893969, 52.6515425 ], [ 1.2893231, 52.6515208 ], [ 1.2892732, 52.6514649 ], [ 1.2890336, 52.6510018 ] ] } },
{ "type": "Feature", "properties": { "id": 76840, "nach": 0.42763581041037774 }, "geometry": { "type": "LineString", "coordinates": [ [ 1.2891257, 52.6509876 ], [ 1.2891481, 52.650953300000012 ], [ 1.2891722, 52.650925200000017 ], [ 1.289185, 52.650887 ], [ 1.2891904, 52.6508552 ], [ 1.2891944, 52.6508321 ], [ 1.2891882, 52.6508153 ] ] } },
{ "type": "Feature", "properties": { "id": 43953, "nach": 0.5542173464889476 }, "geometry": { "type": "LineString", "coordinates": [ [ 1.2888142, 52.6506131 ], [ 1.2887436, 52.6505252 ] ] } },
{ "type": "Feature", "properties": { "id": 43955, "nach": 0.0 }, "geometry": { "type": "LineString", "coordinates": [ [ 1.2888142, 52.6506131 ], [ 1.2888832, 52.6505869 ], [ 1.288904, 52.650540800000016 ], [ 1.2888332, 52.6504299 ], [ 1.288784, 52.6503765 ], [ 1.2887513, 52.6503639 ], [ 1.2886379, 52.650395 ] ] } },
{ "type": "Feature", "properties": { "id": 43968, "nach": 0.37465247773962596 }, "geometry": { "type": "LineString", "coordinates": [ [ 1.2895888, 52.6515092 ], [ 1.2900726, 52.6513946 ] ] } },
{ "type": "Feature", "properties": { "id": 43973, "nach": 0.56262118187772359 }, "geometry": { "type": "LineString", "coordinates": [ [ 1.2900791, 52.6518338 ], [ 1.2900163, 52.6518474 ], [ 1.2896121, 52.6515412 ], [ 1.2895888, 52.6515092 ] ] } },
{ "type": "Feature", "properties": { "id": 76802, "nach": 0.48139485967562318 }, "geometry": { "type": "LineString", "coordinates": [ [ 1.2861548, 52.6501987 ], [ 1.2862527, 52.6501966 ], [ 1.2863633, 52.6502149 ] ] } },
{ "type": "Feature", "properties": { "id": 9332, "nach": 0.47287180523530659 }, "geometry": { "type": "LineString", "coordinates": [ [ 1.2886379, 52.650395 ], [ 1.2887436, 52.6505252 ] ] } },
{ "type": "Feature", "properties": { "id": 9327, "nach": 0.51879726976696894 }, "geometry": { "type": "LineString", "coordinates": [ [ 1.2884916, 52.6505176 ], [ 1.2885869, 52.6505307 ], [ 1.2887436, 52.6505252 ] ] } },
{ "type": "Feature", "properties": { "id": 76830, "nach": 0.44117600521735006 }, "geometry": { "type": "LineString", "coordinates": [ [ 1.2881845, 52.6502739 ], [ 1.2882308, 52.650264199999988 ], [ 1.28844, 52.6503012 ], [ 1.2884447, 52.6503376 ], [ 1.2886043, 52.6503655 ], [ 1.2886379, 52.650395 ] ] } },
{ "type": "Feature", "properties": { "id": 76832, "nach": 0.40798392804178468 }, "geometry": { "type": "LineString", "coordinates": [ [ 1.2884206, 52.6505046 ], [ 1.2884916, 52.6505176 ] ] } },
{ "type": "Feature", "properties": { "id": 76823, "nach": 0.4882564183404916 }, "geometry": { "type": "LineString", "coordinates": [ [ 1.2880699, 52.6505363 ], [ 1.2881718, 52.6505347 ], [ 1.2882804, 52.650542 ], [ 1.2883944, 52.6505493 ], [ 1.2884715, 52.6505505 ], [ 1.2884916, 52.6505176 ] ] } },
{ "type": "Feature", "properties": { "id": 76825, "nach": 0.39690639650478798 }, "geometry": { "type": "LineString", "coordinates": [ [ 1.2880699, 52.6505363 ], [ 1.2880457, 52.6505477 ], [ 1.2880249, 52.6505697 ], [ 1.2879968, 52.6506274 ] ] } },
{ "type": "Feature", "properties": { "id": 76828, "nach": 0.44228466039856906 }, "geometry": { "type": "LineString", "coordinates": [ [ 1.2880712, 52.6504724 ], [ 1.2880645, 52.6505095 ], [ 1.2880699, 52.6505363 ] ] } },
{ "type": "Feature", "properties": { "id": 76829, "nach": 0.39437876811633982 }, "geometry": { "type": "LineString", "coordinates": [ [ 1.2881845, 52.6502739 ], [ 1.288147, 52.6502365 ], [ 1.2879901, 52.6502101 ] ] } },
{ "type": "Feature", "properties": { "id": 76831, "nach": 0.22446665994187104 }, "geometry": { "type": "LineString", "coordinates": [ [ 1.2881845, 52.6502739 ], [ 1.288157, 52.6502943 ], [ 1.2880712, 52.6504724 ] ] } },
{ "type": "Feature", "properties": { "id": 15554, "nach": 0.53438745726737402 }, "geometry": { "type": "LineString", "coordinates": [ [ 1.3038838, 52.653774 ], [ 1.303928, 52.653531 ], [ 1.303925, 52.653494 ], [ 1.303883, 52.6533839 ], [ 1.3038815, 52.6533543 ], [ 1.303887, 52.653339900000013 ] ] } },
{ "type": "Feature", "properties": { "id": 15565, "nach": 0.4866701733762297 }, "geometry": { "type": "LineString", "coordinates": [ [ 1.3051236, 52.65311650000001 ], [ 1.30398, 52.6533059 ], [ 1.303914, 52.6533209 ], [ 1.303887, 52.653339900000013 ] ] } },
{ "type": "Feature", "properties": { "id": 15558, "nach": 0.47104274497374671 }, "geometry": { "type": "LineString", "coordinates": [ [ 1.303428, 52.6533973 ], [ 1.3037943, 52.653335800000015 ], [ 1.3038473, 52.65333420000001 ], [ 1.303887, 52.653339900000013 ] ] } },
{ "type": "Feature", "properties": { "id": 15553, "nach": 0.54428555133039436 }, "geometry": { "type": "LineString", "coordinates": [ [ 1.3038838, 52.653774 ], [ 1.303839, 52.653978 ] ] } },
{ "type": "Feature", "properties": { "id": 15568, "nach": 0.44583231304399068 }, "geometry": { "type": "LineString", "coordinates": [ [ 1.3065901, 52.6528575 ], [ 1.3051236, 52.65311650000001 ] ] } },
{ "type": "Feature", "properties": { "id": 15566, "nach": 0.38865991545267298 }, "geometry": { "type": "LineString", "coordinates": [ [ 1.305149, 52.653164 ], [ 1.3051236, 52.65311650000001 ] ] } },
{ "type": "Feature", "properties": { "id": 15556, "nach": 0.39755530433722919 }, "geometry": { "type": "LineString", "coordinates": [ [ 1.303428, 52.6533973 ], [ 1.303358, 52.6534103 ] ] } },
{ "type": "Feature", "properties": { "id": 15559, "nach": 0.39719207252048322 }, "geometry": { "type": "LineString", "coordinates": [ [ 1.3034468, 52.65345 ], [ 1.303428, 52.6533973 ] ] } },
{ "type": "Feature", "properties": { "id": 15541, "nach": 0.51796112068760258 }, "geometry": { "type": "LineString", "coordinates": [ [ 1.3028199, 52.6544913 ], [ 1.3029259, 52.654476600000017 ] ] } },
{ "type": "Feature", "properties": { "id": 16383, "nach": 0.63074306052527573 }, "geometry": { "type": "LineString", "coordinates": [ [ 1.3029344, 52.654666 ], [ 1.3028199, 52.6544913 ] ] } },
{ "type": "Feature", "properties": { "id": 16389, "nach": 0.50924204292476183 }, "geometry": { "type": "LineString", "coordinates": [ [ 1.302539, 52.654801 ], [ 1.302609, 52.654752 ], [ 1.3029344, 52.654666 ] ] } },
{ "type": "Feature", "properties": { "id": 15561, "nach": 0.55355899725660673 }, "geometry": { "type": "LineString", "coordinates": [ [ 1.3040692, 52.654375899999984 ], [ 1.303995, 52.654276 ], [ 1.303843, 52.654083 ], [ 1.303829, 52.654048 ], [ 1.303839, 52.653978 ] ] } },
{ "type": "Feature", "properties": { "id": 15575, "nach": 0.51543536891873321 }, "geometry": { "type": "LineString", "coordinates": [ [ 1.3049191, 52.6541205 ], [ 1.3048575, 52.6541517 ], [ 1.304765, 52.654183 ], [ 1.3040692, 52.654375899999984 ] ] } },
{ "type": "Feature", "properties": { "id": 15577, "nach": 0.44939492052742208 }, "geometry": { "type": "LineString", "coordinates": [ [ 1.3049191, 52.6541205 ], [ 1.3049675, 52.6540788 ], [ 1.3050851, 52.6539521 ], [ 1.3051412, 52.653878399999989 ] ] } },
{ "type": "Feature", "properties": { "id": 15579, "nach": 0.4544910129577176 }, "geometry": { "type": "LineString", "coordinates": [ [ 1.3053223, 52.6540692 ], [ 1.3051327, 52.6541226 ], [ 1.3050348, 52.6541327 ], [ 1.3049552, 52.6541292 ], [ 1.3049191, 52.6541205 ] ] } },
{ "type": "Feature", "properties": { "id": 15578, "nach": 0.14795878430031606 }, "geometry": { "type": "LineString", "coordinates": [ [ 1.3053223, 52.6540692 ], [ 1.305179, 52.653893600000011 ], [ 1.3051412, 52.653878399999989 ] ] } },
{ "type": "Feature", "properties": { "id": 66792, "nach": 0.39675392187996361 }, "geometry": { "type": "LineString", "coordinates": [ [ 1.305812, 52.6534531 ], [ 1.3057538, 52.6534639 ], [ 1.3056791, 52.6534755 ], [ 1.3055818, 52.6534942 ], [ 1.3055382, 52.653504 ], [ 1.3054312, 52.6535433 ], [ 1.3053551, 52.6535691 ], [ 1.3053052, 52.6535921 ], [ 1.3052803, 52.6536065 ], [ 1.3052527, 52.653632600000016 ], [ 1.305164599999989, 52.6538211 ], [ 1.3051412, 52.653878399999989 ] ] } },
{ "type": "Feature", "properties": { "id": 15581, "nach": 0.40736783366410151 }, "geometry": { "type": "LineString", "coordinates": [ [ 1.3055639, 52.6541096 ], [ 1.3053957, 52.6540711 ], [ 1.3053223, 52.6540692 ] ] } },
{ "type": "Feature", "properties": { "id": 15584, "nach": 0.41318448755742332 }, "geometry": { "type": "LineString", "coordinates": [ [ 1.305864, 52.654539 ], [ 1.305805, 52.654442 ] ] } },
{ "type": "Feature", "properties": { "id": 15586, "nach": 0.41107461196009937 }, "geometry": { "type": "LineString", "coordinates": [ [ 1.305626, 52.654601 ], [ 1.305864, 52.654539 ] ] } },
{ "type": "Feature", "properties": { "id": 15600, "nach": 0.48669117532471667 }, "geometry": { "type": "LineString", "coordinates": [ [ 1.306538, 52.654406 ], [ 1.306416, 52.654419 ], [ 1.306263, 52.654439 ], [ 1.305864, 52.654539 ] ] } },
{ "type": "Feature", "properties": { "id": 15601, "nach": 0.50945571829134595 }, "geometry": { "type": "LineString", "coordinates": [ [ 1.306538, 52.654406 ], [ 1.306527, 52.654357 ], [ 1.306522, 52.654295 ], [ 1.306534, 52.654189 ], [ 1.306521, 52.654111 ], [ 1.30648, 52.654032 ], [ 1.306398, 52.653902 ] ] } },
{ "type": "Feature", "properties": { "id": 15632, "nach": 0.55612943292936234 }, "geometry": { "type": "LineString", "coordinates": [ [ 1.306839, 52.654839 ], [ 1.306755, 52.654734 ], [ 1.306651, 52.654589 ], [ 1.306571, 52.654468 ], [ 1.306538, 52.654406 ] ] } },
{ "type": "Feature", "properties": { "id": 15591, "nach": 0.39257003454578859 }, "geometry": { "type": "LineString", "coordinates": [ [ 1.3069774, 52.653709 ], [ 1.30693, 52.653636 ], [ 1.306898, 52.653574 ] ] } },
{ "type": "Feature", "properties": { "id": 15589, "nach": 0.39376037605261216 }, "geometry": { "type": "LineString", "coordinates": [ [ 1.3069774, 52.653709 ], [ 1.307143, 52.653667 ] ] } },
{ "type": "Feature", "properties": { "id": 15595, "nach": 0.46814486124017796 }, "geometry": { "type": "LineString", "coordinates": [ [ 1.306398, 52.653902 ], [ 1.3068505, 52.653787800000011 ], [ 1.306927, 52.653767 ], [ 1.30697, 52.653737 ], [ 1.3069774, 52.653709 ] ] } },
{ "type": "Feature", "properties": { "id": 15593, "nach": 0.40889670498102365 }, "geometry": { "type": "LineString", "coordinates": [ [ 1.306398, 52.653902 ], [ 1.306329, 52.65381 ] ] } },
{ "type": "Feature", "properties": { "id": 15599, "nach": 0.41385096734401666 }, "geometry": { "type": "LineString", "coordinates": [ [ 1.306932, 52.654039 ], [ 1.306982, 52.65411 ] ] } },
{ "type": "Feature", "properties": { "id": 15634, "nach": 0.48529572308256719 }, "geometry": { "type": "LineString", "coordinates": [ [ 1.306839, 52.654839 ], [ 1.306924, 52.654817 ], [ 1.307002, 52.654775 ], [ 1.307256, 52.654618 ], [ 1.307286, 52.654583 ], [ 1.307289, 52.654547 ], [ 1.307271, 52.654517 ], [ 1.306982, 52.65411 ] ] } },
{ "type": "Feature", "properties": { "id": 15692, "nach": 0.40468009815018302 }, "geometry": { "type": "LineString", "coordinates": [ [ 1.307447, 52.653987 ], [ 1.307138, 52.654069 ], [ 1.306982, 52.65411 ] ] } },
{ "type": "Feature", "properties": { "id": 15633, "nach": 0.58447047416483444 }, "geometry": { "type": "LineString", "coordinates": [ [ 1.306839, 52.654839 ], [ 1.306875, 52.654886 ], [ 1.3069469, 52.654944 ] ] } },
{ "type": "Feature", "properties": { "id": 15608, "nach": 0.52239449500708213 }, "geometry": { "type": "LineString", "coordinates": [ [ 1.3047852, 52.6549493 ], [ 1.3045462, 52.6550873 ], [ 1.304307, 52.65525 ], [ 1.304263, 52.655282 ], [ 1.30403, 52.655377 ], [ 1.303833, 52.655455 ], [ 1.3037589, 52.6554873 ] ] } },
{ "type": "Feature", "properties": { "id": 15611, "nach": 0.48609691644459796 }, "geometry": { "type": "LineString", "coordinates": [ [ 1.3052129, 52.6552813 ], [ 1.305159, 52.655226 ], [ 1.305102, 52.65517 ], [ 1.304971, 52.655074 ], [ 1.3047852, 52.6549493 ] ] } },
{ "type": "Feature", "properties": { "id": 15614, "nach": 0.41515098930017974 }, "geometry": { "type": "LineString", "coordinates": [ [ 1.3051199, 52.6548241 ], [ 1.3048807, 52.6548985 ], [ 1.3047852, 52.6549493 ] ] } },
{ "type": "Feature", "properties": { "id": 15613, "nach": 0.41152513802937163 }, "geometry": { "type": "LineString", "coordinates": [ [ 1.305088, 52.655319 ], [ 1.3052129, 52.6552813 ] ] } },
{ "type": "Feature", "properties": { "id": 15612, "nach": 0.41152513802937163 }, "geometry": { "type": "LineString", "coordinates": [ [ 1.305323, 52.655248 ], [ 1.3052129, 52.6552813 ] ] } },
{ "type": "Feature", "properties": { "id": 15620, "nach": 0.43742419293074314 }, "geometry": { "type": "LineString", "coordinates": [ [ 1.305702, 52.655705 ], [ 1.305647, 52.655649 ] ] } },
{ "type": "Feature", "properties": { "id": 15622, "nach": 0.51209142385523421 }, "geometry": { "type": "LineString", "coordinates": [ [ 1.305702, 52.655705 ], [ 1.3057363, 52.6556981 ], [ 1.305783, 52.655696 ], [ 1.305849, 52.655719 ], [ 1.305894, 52.655751 ], [ 1.305915, 52.655786 ], [ 1.305934, 52.655826 ], [ 1.3059535, 52.65586230000001 ] ] } },
{ "type": "Feature", "properties": { "id": 15623, "nach": 0.43742419293074314 }, "geometry": { "type": "LineString", "coordinates": [ [ 1.305618, 52.655727 ], [ 1.305702, 52.655705 ] ] } },
{ "type": "Feature", "properties": { "id": 15617, "nach": 0.50056199480477415 }, "geometry": { "type": "LineString", "coordinates": [ [ 1.3059535, 52.65586230000001 ], [ 1.305736, 52.655929 ], [ 1.305735, 52.655964 ] ] } },
{ "type": "Feature", "properties": { "id": 15640, "nach": 0.46931901393625486 }, "geometry": { "type": "LineString", "coordinates": [ [ 1.306168, 52.6558307 ], [ 1.306117, 52.65581 ], [ 1.3059535, 52.65586230000001 ] ] } },
{ "type": "Feature", "properties": { "id": 15638, "nach": 0.61612108008930655 }, "geometry": { "type": "LineString", "coordinates": [ [ 1.306168, 52.6558307 ], [ 1.305735, 52.655964 ] ] } },
{ "type": "Feature", "properties": { "id": 15625, "nach": 0.62840985204662114 }, "geometry": { "type": "LineString", "coordinates": [ [ 1.305529, 52.656026 ], [ 1.305735, 52.655964 ] ] } },
{ "type": "Feature", "properties": { "id": 15642, "nach": 0.62323834887236051 }, "geometry": { "type": "LineString", "coordinates": [ [ 1.306854, 52.6555616 ], [ 1.306637, 52.655663 ], [ 1.306469, 52.655731 ], [ 1.306223, 52.655814 ], [ 1.306168, 52.6558307 ] ] } },
{ "type": "Feature", "properties": { "id": 15626, "nach": 0.44061594862860748 }, "geometry": { "type": "LineString", "coordinates": [ [ 1.305529, 52.656026 ], [ 1.305338, 52.655881 ] ] } },
{ "type": "Feature", "properties": { "id": 15643, "nach": 0.44611665959833163 }, "geometry": { "type": "LineString", "coordinates": [ [ 1.306854, 52.6555616 ], [ 1.306781, 52.655501 ], [ 1.306643, 52.655409 ], [ 1.306586, 52.655382 ], [ 1.3065403, 52.655375400000011 ] ] } },
{ "type": "Feature", "properties": { "id": 15641, "nach": 0.62460599575850706 }, "geometry": { "type": "LineString", "coordinates": [ [ 1.306854, 52.6555616 ], [ 1.307057, 52.655452 ], [ 1.3071839, 52.655382 ] ] } },
{ "type": "Feature", "properties": { "id": 15717, "nach": 0.5979930012997664 }, "geometry": { "type": "LineString", "coordinates": [ [ 1.307385, 52.65526 ], [ 1.307283, 52.655193 ], [ 1.307016, 52.654996 ], [ 1.3069469, 52.654944 ] ] } },
{ "type": "Feature", "properties": { "id": 79039, "nach": 0.42083158224722134 }, "geometry": { "type": "LineString", "coordinates": [ [ 1.3056162, 52.6550134 ], [ 1.3056886, 52.6550248 ], [ 1.3057852, 52.6550354 ], [ 1.3059207, 52.6550467 ], [ 1.3060656, 52.6550784 ], [ 1.30623, 52.655122 ], [ 1.306317, 52.655135 ], [ 1.3064, 52.655129 ], [ 1.306861, 52.654997 ], [ 1.3069469, 52.654944 ] ] } },
{ "type": "Feature", "properties": { "id": 15715, "nach": 0.62617831693899639 }, "geometry": { "type": "LineString", "coordinates": [ [ 1.307385, 52.65526 ], [ 1.3071839, 52.655382 ] ] } },
{ "type": "Feature", "properties": { "id": 15720, "nach": 0.62882174383311862 }, "geometry": { "type": "LineString", "coordinates": [ [ 1.3076534, 52.6550761 ], [ 1.307527, 52.655168 ], [ 1.307385, 52.65526 ] ] } },
{ "type": "Feature", "properties": { "id": 15725, "nach": 0.42456825101512508 }, "geometry": { "type": "LineString", "coordinates": [ [ 1.308272, 52.656334 ], [ 1.307814, 52.655933 ], [ 1.307522, 52.655675 ], [ 1.307261, 52.655443 ], [ 1.3071839, 52.655382 ] ] } },
{ "type": "Feature", "properties": { "id": 16418, "nach": 0.61689518808597554 }, "geometry": { "type": "LineString", "coordinates": [ [ 1.3045096, 52.6563306 ], [ 1.3041742, 52.6564324 ] ] } },
{ "type": "Feature", "properties": { "id": 16423, "nach": 0.51141080216936818 }, "geometry": { "type": "LineString", "coordinates": [ [ 1.304468, 52.656519 ], [ 1.304582, 52.656476 ], [ 1.304633, 52.65645 ], [ 1.304549, 52.656372 ], [ 1.3045096, 52.6563306 ] ] } },
{ "type": "Feature", "properties": { "id": 15728, "nach": 0.54655349379884732 }, "geometry": { "type": "LineString", "coordinates": [ [ 1.307558, 52.657171 ], [ 1.307437, 52.657215 ], [ 1.307064, 52.657381 ], [ 1.3069753, 52.65743770000001 ] ] } },
{ "type": "Feature", "properties": { "id": 15729, "nach": 0.42707583249079811 }, "geometry": { "type": "LineString", "coordinates": [ [ 1.3075233, 52.657117600000014 ], [ 1.307558, 52.657171 ] ] } },
{ "type": "Feature", "properties": { "id": 15734, "nach": 0.51976790647099624 }, "geometry": { "type": "LineString", "coordinates": [ [ 1.309759, 52.657299 ], [ 1.3097595, 52.65728 ], [ 1.309753, 52.657262 ], [ 1.3097327, 52.6572396 ], [ 1.30953, 52.657093 ], [ 1.309424, 52.657038 ], [ 1.309328, 52.657015 ], [ 1.309219, 52.657011 ], [ 1.309095, 52.657028 ], [ 1.308948, 52.657082 ], [ 1.30876, 52.65716 ], [ 1.308634, 52.657189 ], [ 1.308499, 52.657199 ], [ 1.308305, 52.657198 ], [ 1.307764, 52.657157 ], [ 1.307647, 52.657159 ], [ 1.307558, 52.657171 ] ] } },
{ "type": "Feature", "properties": { "id": 33707, "nach": 0.62947077861837419 }, "geometry": { "type": "LineString", "coordinates": [ [ 1.308378, 52.6540462 ], [ 1.308465, 52.653908 ], [ 1.308653, 52.653634 ], [ 1.308791, 52.653464 ], [ 1.308938, 52.653263 ] ] } },
{ "type": "Feature", "properties": { "id": 33708, "nach": 0.62692055959157422 }, "geometry": { "type": "LineString", "coordinates": [ [ 1.308378, 52.6540462 ], [ 1.308315, 52.6541461 ], [ 1.3081451, 52.6543977 ] ] } },
{ "type": "Feature", "properties": { "id": 33711, "nach": 0.0 }, "geometry": { "type": "LineString", "coordinates": [ [ 1.308377, 52.6544615 ], [ 1.308605799999989, 52.6545275 ], [ 1.3087198, 52.654560800000013 ], [ 1.3090386, 52.6548289 ], [ 1.3094405, 52.6546607 ], [ 1.3089476, 52.654224799999987 ], [ 1.3085041, 52.6540784 ], [ 1.308378, 52.6540462 ] ] } },
{ "type": "Feature", "properties": { "id": 15724, "nach": 0.62266657145175985 }, "geometry": { "type": "LineString", "coordinates": [ [ 1.307732, 52.654986 ], [ 1.307798, 52.654877 ], [ 1.3079837, 52.6546155 ], [ 1.3081451, 52.6543977 ] ] } },
{ "type": "Feature", "properties": { "id": 33712, "nach": 0.50172515254084948 }, "geometry": { "type": "LineString", "coordinates": [ [ 1.308377, 52.6544615 ], [ 1.3082627, 52.6544284 ], [ 1.3081451, 52.6543977 ] ] } },
{ "type": "Feature", "properties": { "id": 15723, "nach": 0.45791931411243425 }, "geometry": { "type": "LineString", "coordinates": [ [ 1.307732, 52.654986 ], [ 1.307889, 52.655078 ] ] } },
{ "type": "Feature", "properties": { "id": 15722, "nach": 0.6229681169042478 }, "geometry": { "type": "LineString", "coordinates": [ [ 1.307732, 52.654986 ], [ 1.3076534, 52.6550761 ] ] } },
{ "type": "Feature", "properties": { "id": 33713, "nach": 0.45387195600567792 }, "geometry": { "type": "LineString", "coordinates": [ [ 1.3083235, 52.6545613 ], [ 1.3083449, 52.6545279 ], [ 1.308377, 52.6544615 ] ] } },
{ "type": "Feature", "properties": { "id": 15731, "nach": 0.52596572120463692 }, "geometry": { "type": "LineString", "coordinates": [ [ 1.30961, 52.656575 ], [ 1.3095133, 52.656502 ], [ 1.3089039, 52.655999800000011 ], [ 1.3077698, 52.6551176 ], [ 1.3076534, 52.6550761 ] ] } },
{ "type": "Feature", "properties": { "id": 15753, "nach": 0.48857384570034096 }, "geometry": { "type": "LineString", "coordinates": [ [ 1.310608, 52.656179 ], [ 1.309864, 52.65647 ], [ 1.30961, 52.656575 ] ] } },
{ "type": "Feature", "properties": { "id": 15748, "nach": 0.47123755041224374 }, "geometry": { "type": "LineString", "coordinates": [ [ 1.310644, 52.657371 ], [ 1.31052, 52.657273 ], [ 1.310306, 52.657102 ], [ 1.310053, 52.656903 ], [ 1.309791, 52.656702 ], [ 1.30961, 52.656575 ] ] } },
{ "type": "Feature", "properties": { "id": 77294, "nach": 0.5010311320250378 }, "geometry": { "type": "LineString", "coordinates": [ [ 1.3095543, 52.6574259 ], [ 1.309724, 52.657345 ], [ 1.3097465, 52.6573236 ], [ 1.309759, 52.657299 ] ] } },
{ "type": "Feature", "properties": { "id": 77285, "nach": 0.37864392926237611 }, "geometry": { "type": "LineString", "coordinates": [ [ 1.3101793, 52.6571509 ], [ 1.3098957, 52.657292900000016 ], [ 1.309759, 52.657299 ] ] } },
{ "type": "Feature", "properties": { "id": 15752, "nach": 0.52777781393452605 }, "geometry": { "type": "LineString", "coordinates": [ [ 1.3115577, 52.6569473 ], [ 1.311269, 52.657081 ], [ 1.310956, 52.65723 ], [ 1.31073, 52.657334 ], [ 1.310644, 52.657371 ] ] } },
{ "type": "Feature", "properties": { "id": 51599, "nach": 0.5511408219806162 }, "geometry": { "type": "LineString", "coordinates": [ [ 1.3092661, 52.658023 ], [ 1.309292, 52.658008 ], [ 1.309662, 52.657832 ], [ 1.31016, 52.657596 ], [ 1.310644, 52.657371 ] ] } },
{ "type": "Feature", "properties": { "id": 77292, "nach": 0.44382687769685591 }, "geometry": { "type": "LineString", "coordinates": [ [ 1.3095543, 52.6574259 ], [ 1.309078, 52.657653 ] ] } },
{ "type": "Feature", "properties": { "id": 77293, "nach": 0.44439668552646305 }, "geometry": { "type": "LineString", "coordinates": [ [ 1.3095543, 52.6574259 ], [ 1.3097964, 52.6576166 ] ] } },
{ "type": "Feature", "properties": { "id": 51598, "nach": 0.52890273844719649 }, "geometry": { "type": "LineString", "coordinates": [ [ 1.3092661, 52.658023 ], [ 1.309218, 52.658051 ], [ 1.3091769, 52.6580898 ] ] } },
{ "type": "Feature", "properties": { "id": 51606, "nach": 0.52832823718985467 }, "geometry": { "type": "LineString", "coordinates": [ [ 1.309404, 52.6581284 ], [ 1.3093682, 52.658106 ], [ 1.3093492, 52.6580809 ], [ 1.3093436, 52.658052400000017 ], [ 1.3092661, 52.658023 ] ] } },
{ "type": "Feature", "properties": { "id": 16515, "nach": 0.40116813086758885 }, "geometry": { "type": "LineString", "coordinates": [ [ 1.3068652, 52.6574864 ], [ 1.3067715, 52.6575595 ], [ 1.306731, 52.657591 ], [ 1.306644, 52.657635 ], [ 1.306558, 52.657666 ], [ 1.306316, 52.65773 ], [ 1.306231, 52.657739 ], [ 1.3059734, 52.6577313 ] ] } },
{ "type": "Feature", "properties": { "id": 15825, "nach": 0.3710871221215975 }, "geometry": { "type": "LineString", "coordinates": [ [ 1.309158, 52.657706 ], [ 1.309078, 52.657653 ] ] } },
{ "type": "Feature", "properties": { "id": 77286, "nach": 0.36648581313090506 }, "geometry": { "type": "LineString", "coordinates": [ [ 1.3089897, 52.6578281 ], [ 1.3088811, 52.6577578 ], [ 1.308979, 52.657695 ], [ 1.309078, 52.657653 ] ] } },
{ "type": "Feature", "properties": { "id": 51601, "nach": 0.56212830211945297 }, "geometry": { "type": "LineString", "coordinates": [ [ 1.3092539, 52.6581181 ], [ 1.3091769, 52.6580898 ] ] } },
{ "type": "Feature", "properties": { "id": 16695, "nach": 0.59016609459235081 }, "geometry": { "type": "LineString", "coordinates": [ [ 1.308194, 52.657838 ], [ 1.3084925, 52.6578997 ], [ 1.3087194, 52.6579504 ], [ 1.3090749, 52.658048700000016 ], [ 1.3091769, 52.6580898 ] ] } },
{ "type": "Feature", "properties": { "id": 16694, "nach": 0.46968852764888402 }, "geometry": { "type": "LineString", "coordinates": [ [ 1.308194, 52.657838 ], [ 1.308113, 52.657976 ], [ 1.30803, 52.658071 ], [ 1.307978, 52.658101 ], [ 1.307898, 52.658124 ], [ 1.306589, 52.658455 ], [ 1.306516, 52.658485 ], [ 1.306456, 52.658525 ], [ 1.306413, 52.658576 ], [ 1.306391, 52.658633 ], [ 1.306666, 52.659942 ] ] } },
{ "type": "Feature", "properties": { "id": 15857, "nach": 0.48609357153319493 }, "geometry": { "type": "LineString", "coordinates": [ [ 1.313259, 52.658623 ], [ 1.313128, 52.658656 ], [ 1.3122324, 52.6588603 ] ] } },
{ "type": "Feature", "properties": { "id": 15850, "nach": 0.41837758469508801 }, "geometry": { "type": "LineString", "coordinates": [ [ 1.3122324, 52.6588603 ], [ 1.312197, 52.658794 ] ] } },
{ "type": "Feature", "properties": { "id": 67528, "nach": 0.49117370509445585 }, "geometry": { "type": "LineString", "coordinates": [ [ 1.3122555, 52.6589035 ], [ 1.3122324, 52.6588603 ] ] } },
{ "type": "Feature", "properties": { "id": 15843, "nach": 0.40614838926741748 }, "geometry": { "type": "LineString", "coordinates": [ [ 1.312641, 52.659773 ], [ 1.3126133, 52.6596552 ] ] } },
{ "type": "Feature", "properties": { "id": 15842, "nach": 0.40614838926741748 }, "geometry": { "type": "LineString", "coordinates": [ [ 1.312584, 52.659531 ], [ 1.3126133, 52.6596552 ] ] } },
{ "type": "Feature", "properties": { "id": 15860, "nach": 0.48208672829504512 }, "geometry": { "type": "LineString", "coordinates": [ [ 1.313702, 52.659565 ], [ 1.313544, 52.65957 ], [ 1.3126133, 52.6596552 ] ] } },
{ "type": "Feature", "properties": { "id": 67524, "nach": 0.56858753571256415 }, "geometry": { "type": "LineString", "coordinates": [ [ 1.3110421, 52.6594775 ], [ 1.3107824, 52.6592268 ] ] } },
{ "type": "Feature", "properties": { "id": 33374, "nach": 0.56540740595504468 }, "geometry": { "type": "LineString", "coordinates": [ [ 1.31057, 52.6590274 ], [ 1.3107824, 52.6592268 ] ] } },
{ "type": "Feature", "properties": { "id": 15847, "nach": 0.41972704380169823 }, "geometry": { "type": "LineString", "coordinates": [ [ 1.311588, 52.658956 ], [ 1.31125, 52.659041 ], [ 1.3107824, 52.6592268 ] ] } },
{ "type": "Feature", "properties": { "id": 67525, "nach": 0.57083415537801041 }, "geometry": { "type": "LineString", "coordinates": [ [ 1.3110421, 52.6594775 ], [ 1.3111513, 52.6595829 ], [ 1.3114312, 52.6598589 ], [ 1.3115837, 52.660011 ] ] } },
{ "type": "Feature", "properties": { "id": 67529, "nach": 0.496379911051055 }, "geometry": { "type": "LineString", "coordinates": [ [ 1.3122555, 52.6589035 ], [ 1.3116857, 52.6590232 ], [ 1.3118171, 52.6592575 ], [ 1.3110421, 52.6594775 ] ] } },
{ "type": "Feature", "properties": { "id": 67527, "nach": 0.42068566539077662 }, "geometry": { "type": "LineString", "coordinates": [ [ 1.3122555, 52.6589035 ], [ 1.312268, 52.658927 ] ] } },
{ "type": "Feature", "properties": { "id": 15852, "nach": 0.54163676896958846 }, "geometry": { "type": "LineString", "coordinates": [ [ 1.3128324, 52.661116 ], [ 1.3129996, 52.661287 ] ] } },
{ "type": "Feature", "properties": { "id": 15893, "nach": 0.51226744752450371 }, "geometry": { "type": "LineString", "coordinates": [ [ 1.3129942, 52.6610454 ], [ 1.3128836, 52.6610909 ], [ 1.3128324, 52.661116 ] ] } },
{ "type": "Feature", "properties": { "id": 16722, "nach": 0.57228570072292861 }, "geometry": { "type": "LineString", "coordinates": [ [ 1.311682, 52.660109100000014 ], [ 1.3120327, 52.660443 ], [ 1.3122394, 52.660617099999982 ], [ 1.3123973, 52.6607477 ], [ 1.3126112, 52.6609227 ], [ 1.3128324, 52.661116 ] ] } },
{ "type": "Feature", "properties": { "id": 15890, "nach": 0.47863278738118881 }, "geometry": { "type": "LineString", "coordinates": [ [ 1.3130123, 52.6612137 ], [ 1.3128324, 52.661116 ] ] } },
{ "type": "Feature", "properties": { "id": 15898, "nach": 0.19354124852442389 }, "geometry": { "type": "LineString", "coordinates": [ [ 1.3129996, 52.661287 ], [ 1.3130175, 52.66127920000001 ], [ 1.3130321, 52.661273 ], [ 1.3129801, 52.661228 ], [ 1.3129981, 52.6612199 ], [ 1.3130123, 52.6612137 ] ] } },
{ "type": "Feature", "properties": { "id": 15896, "nach": 0.54509675971852034 }, "geometry": { "type": "LineString", "coordinates": [ [ 1.3129996, 52.661287 ], [ 1.3132053, 52.6614195 ] ] } },
{ "type": "Feature", "properties": { "id": 81536, "nach": 0.46752313121833294 }, "geometry": { "type": "LineString", "coordinates": [ [ 1.3128383, 52.6613581 ], [ 1.3129151, 52.6613242 ], [ 1.3129781, 52.6612964 ], [ 1.3129996, 52.661287 ] ] } },
{ "type": "Feature", "properties": { "id": 15895, "nach": 0.5857817930035627 }, "geometry": { "type": "LineString", "coordinates": [ [ 1.3129942, 52.6610454 ], [ 1.3131433, 52.6609791 ], [ 1.3133746, 52.6608765 ], [ 1.3137612, 52.6607102 ] ] } },
{ "type": "Feature", "properties": { "id": 15894, "nach": 0.56607723073638172 }, "geometry": { "type": "LineString", "coordinates": [ [ 1.3129942, 52.6610454 ], [ 1.3130242, 52.6610713 ], [ 1.3131123, 52.6611666 ] ] } },
{ "type": "Feature", "properties": { "id": 16720, "nach": 0.58290241828762701 }, "geometry": { "type": "LineString", "coordinates": [ [ 1.311682, 52.660109100000014 ], [ 1.3115837, 52.660011 ] ] } },
{ "type": "Feature", "properties": { "id": 81537, "nach": 0.45662798354466128 }, "geometry": { "type": "LineString", "coordinates": [ [ 1.3128383, 52.6613581 ], [ 1.3127873, 52.6613193 ], [ 1.312268, 52.660909 ], [ 1.311745, 52.660457 ], [ 1.311574, 52.66029 ], [ 1.311547, 52.660217 ], [ 1.311566, 52.660172 ], [ 1.311682, 52.660109100000014 ] ] } },
{ "type": "Feature", "properties": { "id": 15884, "nach": 0.58358567140130202 }, "geometry": { "type": "LineString", "coordinates": [ [ 1.3140512, 52.6606041 ], [ 1.3137612, 52.6607102 ] ] } },
{ "type": "Feature", "properties": { "id": 15883, "nach": 0.51217128936804157 }, "geometry": { "type": "LineString", "coordinates": [ [ 1.313498, 52.660446 ], [ 1.313524, 52.660504 ], [ 1.313624, 52.6606 ], [ 1.3137612, 52.6607102 ] ] } },
{ "type": "Feature", "properties": { "id": 15882, "nach": 0.43656533874503778 }, "geometry": { "type": "LineString", "coordinates": [ [ 1.313498, 52.660446 ], [ 1.313614, 52.660397 ] ] } },
{ "type": "Feature", "properties": { "id": 15881, "nach": 0.43679114327644331 }, "geometry": { "type": "LineString", "coordinates": [ [ 1.313498, 52.660446 ], [ 1.313369, 52.66042 ] ] } },
{ "type": "Feature", "properties": { "id": 15892, "nach": 0.58344135345933035 }, "geometry": { "type": "LineString", "coordinates": [ [ 1.3130123, 52.6612137 ], [ 1.3130333, 52.6612038 ], [ 1.3130808, 52.6611815 ], [ 1.3131123, 52.6611666 ] ] } },
{ "type": "Feature", "properties": { "id": 15899, "nach": 0.57041484403346043 }, "geometry": { "type": "LineString", "coordinates": [ [ 1.3132053, 52.6614195 ], [ 1.3130123, 52.6612137 ] ] } },
{ "type": "Feature", "properties": { "id": 16746, "nach": 0.60344134205134414 }, "geometry": { "type": "LineString", "coordinates": [ [ 1.3134624, 52.6616313 ], [ 1.3132053, 52.6614195 ] ] } },
{ "type": "Feature", "properties": { "id": 81539, "nach": 0.54414563199857091 }, "geometry": { "type": "LineString", "coordinates": [ [ 1.3130258, 52.661500900000014 ], [ 1.3131557, 52.661442 ], [ 1.3132053, 52.6614195 ] ] } },
{ "type": "Feature", "properties": { "id": 81535, "nach": 0.48865582531168195 }, "geometry": { "type": "LineString", "coordinates": [ [ 1.3128383, 52.6613581 ], [ 1.3128963, 52.6614022 ] ] } },
{ "type": "Feature", "properties": { "id": 16747, "nach": 0.4032202741116564 }, "geometry": { "type": "LineString", "coordinates": [ [ 1.3134624, 52.6616313 ], [ 1.313263, 52.661716 ] ] } },
{ "type": "Feature", "properties": { "id": 16757, "nach": 0.60364618773533862 }, "geometry": { "type": "LineString", "coordinates": [ [ 1.3143461, 52.6624025 ], [ 1.3138302, 52.6619265 ], [ 1.3134624, 52.6616313 ] ] } },
{ "type": "Feature", "properties": { "id": 81538, "nach": 0.54188735359029461 }, "geometry": { "type": "LineString", "coordinates": [ [ 1.3130258, 52.661500900000014 ], [ 1.3129121, 52.6615524 ] ] } },
{ "type": "Feature", "properties": { "id": 81540, "nach": 0.51540302954631445 }, "geometry": { "type": "LineString", "coordinates": [ [ 1.3130258, 52.661500900000014 ], [ 1.3129699, 52.6614583 ], [ 1.3128963, 52.6614022 ] ] } },
{ "type": "Feature", "properties": { "id": 18616, "nach": 0.43885591425093673 }, "geometry": { "type": "LineString", "coordinates": [ [ 1.300908, 52.65577660000001 ], [ 1.3006167, 52.6558111 ], [ 1.3005737, 52.6558111 ], [ 1.2994297, 52.6557441 ], [ 1.2993627, 52.6557301 ], [ 1.2992317, 52.6556671 ], [ 1.2991647, 52.6556201 ], [ 1.2991257, 52.6555781 ], [ 1.2990987, 52.6555361 ], [ 1.2988087, 52.6544351 ] ] } },
{ "type": "Feature", "properties": { "id": 16387, "nach": 0.43505796286600323 }, "geometry": { "type": "LineString", "coordinates": [ [ 1.302539, 52.654801 ], [ 1.302571, 52.65487 ] ] } },
{ "type": "Feature", "properties": { "id": 16388, "nach": 0.43442029128459914 }, "geometry": { "type": "LineString", "coordinates": [ [ 1.302539, 52.654801 ], [ 1.302403, 52.654729 ] ] } },
{ "type": "Feature", "properties": { "id": 16392, "nach": 0.41990021265254807 }, "geometry": { "type": "LineString", "coordinates": [ [ 1.3024715, 52.655582800000012 ], [ 1.302494, 52.655645 ] ] } },
{ "type": "Feature", "properties": { "id": 16394, "nach": 0.41990021265254807 }, "geometry": { "type": "LineString", "coordinates": [ [ 1.302451, 52.655526 ], [ 1.3024715, 52.655582800000012 ] ] } },
{ "type": "Feature", "properties": { "id": 16401, "nach": 0.60057411020924645 }, "geometry": { "type": "LineString", "coordinates": [ [ 1.3027995, 52.6567399 ], [ 1.303131, 52.656684 ] ] } },
{ "type": "Feature", "properties": { "id": 16405, "nach": 0.60521051441558882 }, "geometry": { "type": "LineString", "coordinates": [ [ 1.303387, 52.656637 ], [ 1.303131, 52.656684 ] ] } },
{ "type": "Feature", "properties": { "id": 16438, "nach": 0.50530050660449277 }, "geometry": { "type": "LineString", "coordinates": [ [ 1.303538, 52.657115 ], [ 1.30342, 52.656928 ], [ 1.30338, 52.656892 ], [ 1.303243, 52.656827 ], [ 1.303191, 52.656791 ], [ 1.303158, 52.656744 ], [ 1.303131, 52.656684 ] ] } },
{ "type": "Feature", "properties": { "id": 16404, "nach": 0.43329985078140576 }, "geometry": { "type": "LineString", "coordinates": [ [ 1.302714, 52.656282 ], [ 1.30278, 52.656686 ], [ 1.3027995, 52.6567399 ] ] } },
{ "type": "Feature", "properties": { "id": 16410, "nach": 0.59679534866079842 }, "geometry": { "type": "LineString", "coordinates": [ [ 1.3037, 52.656573 ], [ 1.303504, 52.656615 ], [ 1.303387, 52.656637 ] ] } },
{ "type": "Feature", "properties": { "id": 16413, "nach": 0.47331261011257986 }, "geometry": { "type": "LineString", "coordinates": [ [ 1.3037585, 52.6566629 ], [ 1.303692, 52.656679 ], [ 1.303405, 52.656676 ], [ 1.303387, 52.656637 ] ] } },
{ "type": "Feature", "properties": { "id": 16439, "nach": 0.43059749528196722 }, "geometry": { "type": "LineString", "coordinates": [ [ 1.303575, 52.65718 ], [ 1.303538, 52.657115 ] ] } },
{ "type": "Feature", "properties": { "id": 16440, "nach": 0.43104562145285918 }, "geometry": { "type": "LineString", "coordinates": [ [ 1.303605, 52.657098 ], [ 1.303538, 52.657115 ] ] } },
{ "type": "Feature", "properties": { "id": 16429, "nach": 0.59885349177104552 }, "geometry": { "type": "LineString", "coordinates": [ [ 1.304025, 52.656478 ], [ 1.3037, 52.656573 ] ] } },
{ "type": "Feature", "properties": { "id": 16411, "nach": 0.173120455838224 }, "geometry": { "type": "LineString", "coordinates": [ [ 1.3037585, 52.6566629 ], [ 1.3037, 52.656573 ] ] } },
{ "type": "Feature", "properties": { "id": 16431, "nach": 0.51953252530490823 }, "geometry": { "type": "LineString", "coordinates": [ [ 1.304025, 52.656478 ], [ 1.304052, 52.656517 ], [ 1.30382, 52.656648 ], [ 1.3037585, 52.6566629 ] ] } },
{ "type": "Feature", "properties": { "id": 16435, "nach": 0.53165220564084026 }, "geometry": { "type": "LineString", "coordinates": [ [ 1.3043863, 52.657056900000015 ], [ 1.304285, 52.656967 ], [ 1.30423, 52.656928 ], [ 1.304028, 52.656857 ], [ 1.303896, 52.6568 ], [ 1.303816, 52.65674 ], [ 1.3037585, 52.6566629 ] ] } },
{ "type": "Feature", "properties": { "id": 16430, "nach": 0.61924179163881909 }, "geometry": { "type": "LineString", "coordinates": [ [ 1.304025, 52.656478 ], [ 1.3041742, 52.6564324 ] ] } },
{ "type": "Feature", "properties": { "id": 16433, "nach": 0.42666102227735386 }, "geometry": { "type": "LineString", "coordinates": [ [ 1.3043863, 52.657056900000015 ], [ 1.304216, 52.657092 ] ] } },
{ "type": "Feature", "properties": { "id": 66451, "nach": 0.49389192870684562 }, "geometry": { "type": "LineString", "coordinates": [ [ 1.3045633, 52.657287 ], [ 1.3044544, 52.657131 ], [ 1.3043863, 52.657056900000015 ] ] } },
{ "type": "Feature", "properties": { "id": 16427, "nach": 0.44188346734544659 }, "geometry": { "type": "LineString", "coordinates": [ [ 1.304313, 52.6565673 ], [ 1.304292, 52.656573 ], [ 1.3042374, 52.6565079 ], [ 1.3041742, 52.6564324 ] ] } },
{ "type": "Feature", "properties": { "id": 16426, "nach": 0.48376410066951403 }, "geometry": { "type": "LineString", "coordinates": [ [ 1.304313, 52.6565673 ], [ 1.304468, 52.656519 ] ] } },
{ "type": "Feature", "properties": { "id": 16428, "nach": 0.43809381059492586 }, "geometry": { "type": "LineString", "coordinates": [ [ 1.304364, 52.656633 ], [ 1.304313, 52.6565673 ] ] } },
{ "type": "Feature", "properties": { "id": 16424, "nach": 0.43674537675776087 }, "geometry": { "type": "LineString", "coordinates": [ [ 1.304571, 52.656629 ], [ 1.304468, 52.656519 ] ] } },
{ "type": "Feature", "properties": { "id": 66453, "nach": 0.4186753971376585 }, "geometry": { "type": "LineString", "coordinates": [ [ 1.3047377, 52.6574661 ], [ 1.3046768, 52.6573821 ], [ 1.3046438, 52.6573277 ], [ 1.3045633, 52.657287 ] ] } },
{ "type": "Feature", "properties": { "id": 66454, "nach": 0.41731753047582504 }, "geometry": { "type": "LineString", "coordinates": [ [ 1.3040132, 52.6574539 ], [ 1.3042279, 52.657405 ], [ 1.3043621, 52.6573603 ], [ 1.304456, 52.6573318 ], [ 1.3045633, 52.657287 ] ] } },
{ "type": "Feature", "properties": { "id": 16509, "nach": 0.41880091993037727 }, "geometry": { "type": "LineString", "coordinates": [ [ 1.305437, 52.657742 ], [ 1.305562, 52.657713 ], [ 1.305698, 52.657681 ], [ 1.3059417, 52.6576157 ] ] } },
{ "type": "Feature", "properties": { "id": 16505, "nach": 0.43852338094631149 }, "geometry": { "type": "LineString", "coordinates": [ [ 1.3059734, 52.6577313 ], [ 1.30596, 52.65765 ], [ 1.3059417, 52.6576157 ] ] } },
{ "type": "Feature", "properties": { "id": 16483, "nach": 0.55259370621752302 }, "geometry": { "type": "LineString", "coordinates": [ [ 1.3019271, 52.659784 ], [ 1.3017653, 52.6594588 ] ] } },
{ "type": "Feature", "properties": { "id": 18739, "nach": 0.61446843077491342 }, "geometry": { "type": "LineString", "coordinates": [ [ 1.3019693, 52.6598898 ], [ 1.3019271, 52.659784 ] ] } },
{ "type": "Feature", "properties": { "id": 16457, "nach": 0.3675828292326429 }, "geometry": { "type": "LineString", "coordinates": [ [ 1.303264, 52.6577969 ], [ 1.303253, 52.6577218 ], [ 1.3032351, 52.6577007 ] ] } },
{ "type": "Feature", "properties": { "id": 16458, "nach": 0.45040004196838285 }, "geometry": { "type": "LineString", "coordinates": [ [ 1.303264, 52.6577969 ], [ 1.302864, 52.657818 ], [ 1.302771, 52.657835 ], [ 1.30266, 52.65789 ], [ 1.302552, 52.65797 ], [ 1.302476, 52.658052 ], [ 1.302433, 52.658132 ], [ 1.302425, 52.658225 ], [ 1.302434, 52.658374 ] ] } },
{ "type": "Feature", "properties": { "id": 16464, "nach": 0.41812241711709064 }, "geometry": { "type": "LineString", "coordinates": [ [ 1.3032671, 52.657817 ], [ 1.303264, 52.6577969 ] ] } },
{ "type": "Feature", "properties": { "id": 16468, "nach": 0.36025272262580899 }, "geometry": { "type": "LineString", "coordinates": [ [ 1.304027, 52.65821 ], [ 1.303657, 52.658215 ], [ 1.303487, 52.658216 ], [ 1.303089, 52.658234 ] ] } },
{ "type": "Feature", "properties": { "id": 16466, "nach": 0.46113823246585656 }, "geometry": { "type": "LineString", "coordinates": [ [ 1.304027, 52.65821 ], [ 1.304019, 52.658129 ], [ 1.3040396, 52.6580617 ] ] } },
{ "type": "Feature", "properties": { "id": 16470, "nach": 0.48612856369836488 }, "geometry": { "type": "LineString", "coordinates": [ [ 1.304035, 52.6585 ], [ 1.304043, 52.658442 ], [ 1.30403, 52.658239 ], [ 1.304027, 52.65821 ] ] } },
{ "type": "Feature", "properties": { "id": 16451, "nach": 0.39439751395056333 }, "geometry": { "type": "LineString", "coordinates": [ [ 1.302434, 52.658374 ], [ 1.302569, 52.65837 ] ] } },
{ "type": "Feature", "properties": { "id": 16453, "nach": 0.49008981011896541 }, "geometry": { "type": "LineString", "coordinates": [ [ 1.3024551, 52.658639 ], [ 1.302434, 52.658374 ] ] } },
{ "type": "Feature", "properties": { "id": 16481, "nach": 0.50250132603201547 }, "geometry": { "type": "LineString", "coordinates": [ [ 1.3026427, 52.6593628 ], [ 1.302647, 52.659232 ], [ 1.30264, 52.659131 ], [ 1.302598, 52.659032 ], [ 1.302537, 52.65892 ], [ 1.302491, 52.658784 ], [ 1.3024594, 52.6586729 ], [ 1.3024551, 52.658639 ] ] } },
{ "type": "Feature", "properties": { "id": 16471, "nach": 0.29165970203192226 }, "geometry": { "type": "LineString", "coordinates": [ [ 1.304035, 52.6585 ], [ 1.303961, 52.658497 ], [ 1.303439, 52.658513 ], [ 1.30323, 52.658543 ], [ 1.303027, 52.658592 ], [ 1.302883, 52.658617 ], [ 1.302673, 52.658632 ], [ 1.302523, 52.658638 ], [ 1.3024551, 52.658639 ] ] } },
{ "type": "Feature", "properties": { "id": 16490, "nach": 0.57344613912590736 }, "geometry": { "type": "LineString", "coordinates": [ [ 1.30369, 52.65908 ], [ 1.303613, 52.659143 ], [ 1.303487, 52.659216 ], [ 1.303309, 52.65929 ], [ 1.3030879, 52.659339 ], [ 1.302906, 52.6593631 ], [ 1.3026427, 52.6593628 ] ] } },
{ "type": "Feature", "properties": { "id": 16472, "nach": 0.49971136775056341 }, "geometry": { "type": "LineString", "coordinates": [ [ 1.304029, 52.658532 ], [ 1.304035, 52.6585 ] ] } },
{ "type": "Feature", "properties": { "id": 16463, "nach": 0.3678401405503543 }, "geometry": { "type": "LineString", "coordinates": [ [ 1.3032671, 52.657817 ], [ 1.303277, 52.657882 ] ] } },
{ "type": "Feature", "properties": { "id": 16465, "nach": 0.35187415911053821 }, "geometry": { "type": "LineString", "coordinates": [ [ 1.3032671, 52.657817 ], [ 1.303827, 52.657801 ], [ 1.303973, 52.658046 ], [ 1.3040396, 52.6580617 ] ] } },
{ "type": "Feature", "properties": { "id": 16512, "nach": 0.43088159056371206 }, "geometry": { "type": "LineString", "coordinates": [ [ 1.3046946, 52.657889 ], [ 1.304494, 52.657888 ], [ 1.304364, 52.657901 ], [ 1.304258, 52.65792 ], [ 1.304164, 52.657952 ], [ 1.304089, 52.658001 ], [ 1.3040396, 52.6580617 ] ] } },
{ "type": "Feature", "properties": { "id": 16510, "nach": 0.35833171974866562 }, "geometry": { "type": "LineString", "coordinates": [ [ 1.3046946, 52.657889 ], [ 1.304791, 52.657889 ] ] } },
{ "type": "Feature", "properties": { "id": 16513, "nach": 0.35700522364302245 }, "geometry": { "type": "LineString", "coordinates": [ [ 1.304698, 52.657975 ], [ 1.3046946, 52.657889 ] ] } },
{ "type": "Feature", "properties": { "id": 16489, "nach": 0.50196727867285118 }, "geometry": { "type": "LineString", "coordinates": [ [ 1.30369, 52.65908 ], [ 1.303753, 52.659026 ], [ 1.303858, 52.658908 ], [ 1.303941, 52.658739 ], [ 1.304029, 52.658532 ] ] } },
{ "type": "Feature", "properties": { "id": 16532, "nach": 0.36121248814847495 }, "geometry": { "type": "LineString", "coordinates": [ [ 1.3050143, 52.6588693 ], [ 1.304993, 52.658801 ], [ 1.304946, 52.65873 ], [ 1.304879, 52.658667 ], [ 1.304802, 52.658609 ], [ 1.304701, 52.658564 ], [ 1.304596, 52.658535 ], [ 1.30446, 52.658528 ], [ 1.30422, 52.658538 ], [ 1.304102, 52.658539 ], [ 1.304029, 52.658532 ] ] } },
{ "type": "Feature", "properties": { "id": 16488, "nach": 0.54309159854216094 }, "geometry": { "type": "LineString", "coordinates": [ [ 1.30369, 52.65908 ], [ 1.303819, 52.659131 ] ] } },
{ "type": "Feature", "properties": { "id": 16531, "nach": 0.36278581691050027 }, "geometry": { "type": "LineString", "coordinates": [ [ 1.3050143, 52.6588693 ], [ 1.304352, 52.658883 ], [ 1.3043629, 52.65913 ] ] } },
{ "type": "Feature", "properties": { "id": 16530, "nach": 0.35488212083211834 }, "geometry": { "type": "LineString", "coordinates": [ [ 1.3050143, 52.6588693 ], [ 1.305036, 52.659112 ] ] } },
{ "type": "Feature", "properties": { "id": 18737, "nach": 0.43522839086848597 }, "geometry": { "type": "LineString", "coordinates": [ [ 1.3019693, 52.6598898 ], [ 1.3018503, 52.6599189 ] ] } },
{ "type": "Feature", "properties": { "id": 16498, "nach": 0.51791923370232029 }, "geometry": { "type": "LineString", "coordinates": [ [ 1.304035, 52.659138 ], [ 1.303902, 52.659142 ], [ 1.303819, 52.659131 ] ] } },
{ "type": "Feature", "properties": { "id": 16493, "nach": 0.43557363389133913 }, "geometry": { "type": "LineString", "coordinates": [ [ 1.303915, 52.659221 ], [ 1.303901, 52.659185 ], [ 1.303859, 52.659152 ], [ 1.303819, 52.659131 ] ] } },
{ "type": "Feature", "properties": { "id": 16499, "nach": 0.24360370802117404 }, "geometry": { "type": "LineString", "coordinates": [ [ 1.304035, 52.659138 ], [ 1.303977, 52.659161 ], [ 1.303933, 52.659197 ], [ 1.303915, 52.659221 ] ] } },
{ "type": "Feature", "properties": { "id": 16497, "nach": 0.50798782142476051 }, "geometry": { "type": "LineString", "coordinates": [ [ 1.304035, 52.659138 ], [ 1.3043629, 52.65913 ] ] } },
{ "type": "Feature", "properties": { "id": 16500, "nach": 0.39002375021324587 }, "geometry": { "type": "LineString", "coordinates": [ [ 1.3039183, 52.6595066 ], [ 1.303915, 52.659221 ] ] } },
{ "type": "Feature", "properties": { "id": 16523, "nach": 0.48559036048881593 }, "geometry": { "type": "LineString", "coordinates": [ [ 1.305036, 52.659112 ], [ 1.3043629, 52.65913 ] ] } },
{ "type": "Feature", "properties": { "id": 16528, "nach": 0.4815677800080273 }, "geometry": { "type": "LineString", "coordinates": [ [ 1.305044, 52.659217 ], [ 1.305036, 52.659112 ] ] } },
{ "type": "Feature", "properties": { "id": 16508, "nach": 0.41828609053423632 }, "geometry": { "type": "LineString", "coordinates": [ [ 1.305469, 52.6578522 ], [ 1.30587, 52.6577482 ], [ 1.3059734, 52.6577313 ] ] } },
{ "type": "Feature", "properties": { "id": 16533, "nach": 0.37529652143305348 }, "geometry": { "type": "LineString", "coordinates": [ [ 1.305049, 52.659298 ], [ 1.305047, 52.659263 ] ] } },
{ "type": "Feature", "properties": { "id": 16527, "nach": 0.44697991028974532 }, "geometry": { "type": "LineString", "coordinates": [ [ 1.305044, 52.659217 ], [ 1.305047, 52.659263 ] ] } },
{ "type": "Feature", "properties": { "id": 16520, "nach": 0.37001846582375347 }, "geometry": { "type": "LineString", "coordinates": [ [ 1.304669, 52.659277 ], [ 1.305047, 52.659263 ] ] } },
{ "type": "Feature", "properties": { "id": 16534, "nach": 0.37561350253072606 }, "geometry": { "type": "LineString", "coordinates": [ [ 1.305173, 52.659211 ], [ 1.305044, 52.659217 ] ] } },
{ "type": "Feature", "properties": { "id": 16542, "nach": 0.49786289120315425 }, "geometry": { "type": "LineString", "coordinates": [ [ 1.306787, 52.6604751 ], [ 1.306666, 52.659942 ] ] } },
{ "type": "Feature", "properties": { "id": 16710, "nach": 0.45453186317989758 }, "geometry": { "type": "LineString", "coordinates": [ [ 1.307957, 52.659829 ], [ 1.306666, 52.659942 ] ] } },
{ "type": "Feature", "properties": { "id": 16545, "nach": 0.46875562530908155 }, "geometry": { "type": "LineString", "coordinates": [ [ 1.306835, 52.660868 ], [ 1.306787, 52.6604751 ] ] } },
{ "type": "Feature", "properties": { "id": 16705, "nach": 0.50706372404996336 }, "geometry": { "type": "LineString", "coordinates": [ [ 1.309965, 52.6601945 ], [ 1.3099366, 52.6602006 ], [ 1.3081205, 52.6603025 ], [ 1.306787, 52.6604751 ] ] } },
{ "type": "Feature", "properties": { "id": 81150, "nach": 0.50782920708381207 }, "geometry": { "type": "LineString", "coordinates": [ [ 1.3036881, 52.6611517 ], [ 1.3039594, 52.6610844 ], [ 1.3041388, 52.6610417 ], [ 1.304276, 52.6610177 ], [ 1.3043978, 52.6609827 ], [ 1.3044704, 52.660943899999985 ], [ 1.3045154, 52.6609109 ], [ 1.3048074, 52.6607339 ], [ 1.3048764, 52.6607069 ], [ 1.3051184, 52.6606409 ], [ 1.3053604, 52.6606009 ], [ 1.3056764, 52.6605529 ], [ 1.306031, 52.6605207 ], [ 1.306787, 52.6604751 ] ] } },
{ "type": "Feature", "properties": { "id": 16712, "nach": 0.37608897810902819 }, "geometry": { "type": "LineString", "coordinates": [ [ 1.30884, 52.65976 ], [ 1.307957, 52.659829 ] ] } },
{ "type": "Feature", "properties": { "id": 16713, "nach": 0.36811716756077811 }, "geometry": { "type": "LineString", "coordinates": [ [ 1.307788, 52.659037 ], [ 1.307957, 52.659829 ] ] } },
{ "type": "Feature", "properties": { "id": 18745, "nach": 0.51909138509983188 }, "geometry": { "type": "LineString", "coordinates": [ [ 1.3032342, 52.6618346 ], [ 1.302839, 52.6619854 ] ] } },
{ "type": "Feature", "properties": { "id": 66100, "nach": 0.59396293880554729 }, "geometry": { "type": "LineString", "coordinates": [ [ 1.3038114, 52.662501399999989 ], [ 1.3037917, 52.6624765 ], [ 1.3035378, 52.66215840000001 ], [ 1.3033851, 52.6619908 ], [ 1.3032342, 52.6618346 ] ] } },
{ "type": "Feature", "properties": { "id": 81148, "nach": 0.51793487994759535 }, "geometry": { "type": "LineString", "coordinates": [ [ 1.3033742, 52.6612946 ], [ 1.303599, 52.661237 ], [ 1.30373, 52.661213 ] ] } },
{ "type": "Feature", "properties": { "id": 16551, "nach": 0.47159539662312316 }, "geometry": { "type": "LineString", "coordinates": [ [ 1.3050289, 52.6613107 ], [ 1.303851, 52.661208 ], [ 1.30373, 52.661213 ] ] } },
{ "type": "Feature", "properties": { "id": 81152, "nach": 0.45688440493247851 }, "geometry": { "type": "LineString", "coordinates": [ [ 1.3036881, 52.6611517 ], [ 1.3037158, 52.6611517 ], [ 1.30373, 52.661213 ] ] } },
{ "type": "Feature", "properties": { "id": 16549, "nach": 0.40633637068866202 }, "geometry": { "type": "LineString", "coordinates": [ [ 1.3050289, 52.6613107 ], [ 1.305065, 52.661232 ], [ 1.305116, 52.661157 ], [ 1.305447, 52.660861 ] ] } },
{ "type": "Feature", "properties": { "id": 16553, "nach": 0.43885333524043774 }, "geometry": { "type": "LineString", "coordinates": [ [ 1.3057434, 52.6622335 ], [ 1.305699, 52.662206 ], [ 1.305665, 52.66217 ], [ 1.305622, 52.66209 ], [ 1.305221, 52.661399 ], [ 1.305185, 52.661359 ], [ 1.305129, 52.661329 ], [ 1.3050289, 52.6613107 ] ] } },
{ "type": "Feature", "properties": { "id": 16560, "nach": 0.43769316485946391 }, "geometry": { "type": "LineString", "coordinates": [ [ 1.306976, 52.662083 ], [ 1.307003, 52.662058 ], [ 1.307009, 52.662023 ], [ 1.306986, 52.661857 ], [ 1.306835, 52.660868 ] ] } },
{ "type": "Feature", "properties": { "id": 16708, "nach": 0.51502697999280078 }, "geometry": { "type": "LineString", "coordinates": [ [ 1.309477, 52.659219 ], [ 1.309633, 52.659338 ], [ 1.309903, 52.659606 ], [ 1.309938, 52.659656 ], [ 1.309946, 52.659699 ], [ 1.309935, 52.65995 ], [ 1.309945, 52.660095 ], [ 1.309965, 52.6601945 ] ] } },
{ "type": "Feature", "properties": { "id": 16734, "nach": 0.52026364772742928 }, "geometry": { "type": "LineString", "coordinates": [ [ 1.310811, 52.660938 ], [ 1.310053, 52.660314 ], [ 1.30999, 52.6602406 ], [ 1.309965, 52.6601945 ] ] } },
{ "type": "Feature", "properties": { "id": 16719, "nach": 0.50929679790264548 }, "geometry": { "type": "LineString", "coordinates": [ [ 1.3115837, 52.660011 ], [ 1.3115015, 52.6600565 ], [ 1.3108245, 52.66010150000001 ], [ 1.3100776, 52.6601756 ], [ 1.309965, 52.6601945 ] ] } },
{ "type": "Feature", "properties": { "id": 16561, "nach": 0.45335092297685492 }, "geometry": { "type": "LineString", "coordinates": [ [ 1.306976, 52.662083 ], [ 1.306919, 52.662106 ], [ 1.30685, 52.662116 ], [ 1.306328, 52.662176 ], [ 1.306088, 52.662214 ], [ 1.305871, 52.662251 ], [ 1.305806, 52.662249 ], [ 1.3057434, 52.6622335 ] ] } },
{ "type": "Feature", "properties": { "id": 16557, "nach": 0.47374568782370885 }, "geometry": { "type": "LineString", "coordinates": [ [ 1.305211, 52.6623786 ], [ 1.305604, 52.662307 ], [ 1.305664, 52.662293 ], [ 1.3057434, 52.6622335 ] ] } },
{ "type": "Feature", "properties": { "id": 16558, "nach": 0.44262379799746271 }, "geometry": { "type": "LineString", "coordinates": [ [ 1.3052374, 52.662429 ], [ 1.305211, 52.6623786 ] ] } },
{ "type": "Feature", "properties": { "id": 66102, "nach": 0.51811411253668183 }, "geometry": { "type": "LineString", "coordinates": [ [ 1.3038114, 52.662501399999989 ], [ 1.3046952, 52.6623304 ], [ 1.3050066, 52.6622779 ], [ 1.3051498, 52.6622765 ], [ 1.305211, 52.6623786 ] ] } },
{ "type": "Feature", "properties": { "id": 66099, "nach": 0.60752023524799104 }, "geometry": { "type": "LineString", "coordinates": [ [ 1.3038114, 52.662501399999989 ], [ 1.3040362, 52.6627855 ], [ 1.3041195, 52.6629134 ], [ 1.3041827, 52.6630249 ], [ 1.3042153, 52.6631261 ], [ 1.3042705, 52.6635891 ], [ 1.3043084, 52.6637284 ], [ 1.3043416, 52.6638425 ] ] } },
{ "type": "Feature", "properties": { "id": 66103, "nach": 0.44932826353278943 }, "geometry": { "type": "LineString", "coordinates": [ [ 1.3031347, 52.66268860000001 ], [ 1.303147, 52.662647 ], [ 1.3032229, 52.6626187 ], [ 1.3038114, 52.662501399999989 ] ] } },
{ "type": "Feature", "properties": { "id": 16565, "nach": 0.60109976538265397 }, "geometry": { "type": "LineString", "coordinates": [ [ 1.3043416, 52.6638425 ], [ 1.3043637, 52.6639057 ] ] } },
{ "type": "Feature", "properties": { "id": 16597, "nach": 0.52469133583262917 }, "geometry": { "type": "LineString", "coordinates": [ [ 1.3049467, 52.6645387 ], [ 1.3049067, 52.6644827 ], [ 1.3045907, 52.6640977 ], [ 1.3044277, 52.6638967 ], [ 1.3043637, 52.6639057 ] ] } },
{ "type": "Feature", "properties": { "id": 18892, "nach": 0.57720016119379036 }, "geometry": { "type": "LineString", "coordinates": [ [ 1.3046673, 52.6643987 ], [ 1.3044421, 52.6640515 ], [ 1.3043637, 52.6639057 ] ] } },
{ "type": "Feature", "properties": { "id": 16579, "nach": 0.53241761608494198 }, "geometry": { "type": "LineString", "coordinates": [ [ 1.3062728, 52.6637407 ], [ 1.3062449, 52.6637482 ], [ 1.3061389, 52.6637552 ], [ 1.3060749, 52.6637962 ], [ 1.3058689, 52.6637952 ], [ 1.3053959, 52.663808199999984 ], [ 1.3048829, 52.66382620000001 ], [ 1.3043416, 52.6638425 ] ] } },
{ "type": "Feature", "properties": { "id": 16602, "nach": 0.43771586539476126 }, "geometry": { "type": "LineString", "coordinates": [ [ 1.3048105, 52.6645779 ], [ 1.3049467, 52.6645387 ] ] } },
{ "type": "Feature", "properties": { "id": 16607, "nach": 0.57434920324707806 }, "geometry": { "type": "LineString", "coordinates": [ [ 1.3052167, 52.6651237 ], [ 1.3052777, 52.66510670000001 ], [ 1.3049867, 52.6645957 ], [ 1.3049467, 52.6645387 ] ] } },
{ "type": "Feature", "properties": { "id": 16600, "nach": 0.60140709656415103 }, "geometry": { "type": "LineString", "coordinates": [ [ 1.305668, 52.664442 ], [ 1.305613, 52.664433 ], [ 1.30552, 52.664428 ], [ 1.305376, 52.664435 ], [ 1.305269, 52.664454 ], [ 1.305173, 52.664479 ], [ 1.3049467, 52.6645387 ] ] } },
{ "type": "Feature", "properties": { "id": 18890, "nach": 0.59139353541917927 }, "geometry": { "type": "LineString", "coordinates": [ [ 1.3046673, 52.6643987 ], [ 1.3048105, 52.6645779 ] ] } },
{ "type": "Feature", "properties": { "id": 18891, "nach": 0.44596608057957826 }, "geometry": { "type": "LineString", "coordinates": [ [ 1.3046673, 52.6643987 ], [ 1.3045858, 52.6644149 ], [ 1.3045638, 52.6644192 ], [ 1.3043512, 52.6644496 ], [ 1.3041098, 52.6644799 ], [ 1.3038718, 52.66451390000001 ], [ 1.3036178, 52.6645439 ], [ 1.3033578, 52.6645689 ], [ 1.3030718, 52.6646009 ] ] } },
{ "type": "Feature", "properties": { "id": 16580, "nach": 0.51620218911797822 }, "geometry": { "type": "LineString", "coordinates": [ [ 1.3062728, 52.6637407 ], [ 1.306048, 52.663441 ], [ 1.305974, 52.663335 ], [ 1.305936, 52.66323 ], [ 1.3058869, 52.6630205 ] ] } },
{ "type": "Feature", "properties": { "id": 16581, "nach": 0.5588241444354346 }, "geometry": { "type": "LineString", "coordinates": [ [ 1.306331, 52.663815 ], [ 1.3062728, 52.6637407 ] ] } },
{ "type": "Feature", "properties": { "id": 16569, "nach": 0.44106309817233125 }, "geometry": { "type": "LineString", "coordinates": [ [ 1.3058869, 52.6630205 ], [ 1.305744, 52.663033 ] ] } },
{ "type": "Feature", "properties": { "id": 16577, "nach": 0.44106309817233125 }, "geometry": { "type": "LineString", "coordinates": [ [ 1.306029, 52.663008 ], [ 1.3058869, 52.6630205 ] ] } },
{ "type": "Feature", "properties": { "id": 16576, "nach": 0.46029369535204523 }, "geometry": { "type": "LineString", "coordinates": [ [ 1.30555, 52.664097 ], [ 1.30563, 52.664153 ] ] } },
{ "type": "Feature", "properties": { "id": 16575, "nach": 0.4592120365622544 }, "geometry": { "type": "LineString", "coordinates": [ [ 1.305754, 52.664083 ], [ 1.30563, 52.664153 ] ] } },
{ "type": "Feature", "properties": { "id": 16601, "nach": 0.53512917272123728 }, "geometry": { "type": "LineString", "coordinates": [ [ 1.305668, 52.664442 ], [ 1.305705, 52.664344 ], [ 1.305713, 52.664267 ], [ 1.305686, 52.664203 ], [ 1.30563, 52.664153 ] ] } },
{ "type": "Feature", "properties": { "id": 16609, "nach": 0.59808447688519606 }, "geometry": { "type": "LineString", "coordinates": [ [ 1.306415, 52.664671 ], [ 1.306209, 52.66461 ], [ 1.305816, 52.664472 ], [ 1.305668, 52.664442 ] ] } },
{ "type": "Feature", "properties": { "id": 16590, "nach": 0.55203175240636615 }, "geometry": { "type": "LineString", "coordinates": [ [ 1.307362, 52.663749 ], [ 1.306659, 52.663764 ], [ 1.3065847, 52.6637754 ], [ 1.306331, 52.663815 ] ] } },
{ "type": "Feature", "properties": { "id": 16585, "nach": 0.54177172735019019 }, "geometry": { "type": "LineString", "coordinates": [ [ 1.30658, 52.664219 ], [ 1.306558, 52.664139 ], [ 1.306494, 52.664039 ], [ 1.306331, 52.663815 ] ] } },
{ "type": "Feature", "properties": { "id": 16758, "nach": 0.55919833137186148 }, "geometry": { "type": "LineString", "coordinates": [ [ 1.307392, 52.66376 ], [ 1.307362, 52.663749 ] ] } },
{ "type": "Feature", "properties": { "id": 16793, "nach": 0.45432307838281194 }, "geometry": { "type": "LineString", "coordinates": [ [ 1.30788, 52.664398 ], [ 1.307857, 52.664362 ], [ 1.307806, 52.664302 ], [ 1.30772, 52.664225 ], [ 1.307668, 52.664177 ], [ 1.307613, 52.664099 ], [ 1.307554, 52.664037 ], [ 1.307488, 52.663972 ], [ 1.307428, 52.663907 ], [ 1.307379, 52.66381 ], [ 1.307362, 52.663749 ] ] } },
{ "type": "Feature", "properties": { "id": 16592, "nach": 0.52951458768659876 }, "geometry": { "type": "LineString", "coordinates": [ [ 1.307031, 52.6641836 ], [ 1.30658, 52.664219 ] ] } },
{ "type": "Feature", "properties": { "id": 16610, "nach": 0.56362968494123167 }, "geometry": { "type": "LineString", "coordinates": [ [ 1.306415, 52.664671 ], [ 1.306524, 52.664513 ], [ 1.306568, 52.664414 ], [ 1.306584, 52.664317 ], [ 1.30658, 52.664219 ] ] } },
{ "type": "Feature", "properties": { "id": 16593, "nach": 0.45148520816702653 }, "geometry": { "type": "LineString", "coordinates": [ [ 1.307031, 52.6641836 ], [ 1.3070093, 52.66408710000001 ], [ 1.3069714, 52.6639038 ] ] } },
{ "type": "Feature", "properties": { "id": 16594, "nach": 0.45601706224977473 }, "geometry": { "type": "LineString", "coordinates": [ [ 1.30714, 52.664177 ], [ 1.307031, 52.6641836 ] ] } },
{ "type": "Feature", "properties": { "id": 16613, "nach": 0.6191687749367133 }, "geometry": { "type": "LineString", "coordinates": [ [ 1.306929, 52.664775 ], [ 1.306628, 52.664723 ], [ 1.306415, 52.664671 ] ] } },
{ "type": "Feature", "properties": { "id": 16772, "nach": 0.47485155517963751 }, "geometry": { "type": "LineString", "coordinates": [ [ 1.309056, 52.663731 ], [ 1.308322, 52.663756 ], [ 1.30771, 52.663772 ], [ 1.307392, 52.66376 ] ] } },
{ "type": "Feature", "properties": { "id": 16763, "nach": 0.5313247797550299 }, "geometry": { "type": "LineString", "coordinates": [ [ 1.308305, 52.663956 ], [ 1.307862, 52.6638791 ], [ 1.307392, 52.66376 ] ] } },
{ "type": "Feature", "properties": { "id": 16794, "nach": 0.5167230555357164 }, "geometry": { "type": "LineString", "coordinates": [ [ 1.30788, 52.664398 ], [ 1.307935, 52.664341 ], [ 1.307979, 52.664252 ], [ 1.308001, 52.664187 ], [ 1.308035, 52.664127 ], [ 1.308096, 52.664063 ], [ 1.30816, 52.664011 ], [ 1.308228, 52.663983 ], [ 1.308305, 52.663956 ] ] } },
{ "type": "Feature", "properties": { "id": 16805, "nach": 0.54449312978113718 }, "geometry": { "type": "LineString", "coordinates": [ [ 1.3077853, 52.6647448 ], [ 1.307785, 52.664716 ], [ 1.307833, 52.664528 ], [ 1.307855, 52.664446 ], [ 1.30788, 52.664398 ] ] } },
{ "type": "Feature", "properties": { "id": 16606, "nach": 0.59286865469356897 }, "geometry": { "type": "LineString", "coordinates": [ [ 1.3052167, 52.6651237 ], [ 1.3048105, 52.6645779 ] ] } },
{ "type": "Feature", "properties": { "id": 18894, "nach": 0.63455259288433918 }, "geometry": { "type": "LineString", "coordinates": [ [ 1.3055979, 52.6656132 ], [ 1.3052167, 52.6651237 ] ] } },
{ "type": "Feature", "properties": { "id": 18893, "nach": 0.65371244272896145 }, "geometry": { "type": "LineString", "coordinates": [ [ 1.3055979, 52.6656132 ], [ 1.3057914, 52.6658694 ] ] } },
{ "type": "Feature", "properties": { "id": 18904, "nach": 0.59980501300132172 }, "geometry": { "type": "LineString", "coordinates": [ [ 1.304054, 52.66574 ], [ 1.304101, 52.665817700000012 ], [ 1.304159, 52.665807 ], [ 1.304261, 52.665846 ], [ 1.30449, 52.665897 ], [ 1.304549, 52.665893 ], [ 1.3055979, 52.6656132 ] ] } },
{ "type": "Feature", "properties": { "id": 16803, "nach": 0.59773910725174995 }, "geometry": { "type": "LineString", "coordinates": [ [ 1.307402, 52.664792 ], [ 1.307323, 52.664792 ], [ 1.307112, 52.664789 ], [ 1.306929, 52.664775 ] ] } },
{ "type": "Feature", "properties": { "id": 16621, "nach": 0.58911408533977061 }, "geometry": { "type": "LineString", "coordinates": [ [ 1.307136, 52.6654871 ], [ 1.307099, 52.665412 ], [ 1.306985, 52.665266 ], [ 1.306904, 52.665136 ], [ 1.30688, 52.665034 ], [ 1.306885, 52.664935 ], [ 1.306929, 52.664775 ] ] } },
{ "type": "Feature", "properties": { "id": 16797, "nach": 0.46532257594941595 }, "geometry": { "type": "LineString", "coordinates": [ [ 1.3073902, 52.664649 ], [ 1.307369, 52.664541 ] ] } },
{ "type": "Feature", "properties": { "id": 16798, "nach": 0.46588693877091281 }, "geometry": { "type": "LineString", "coordinates": [ [ 1.3073902, 52.664649 ], [ 1.307479, 52.66464 ] ] } },
{ "type": "Feature", "properties": { "id": 16804, "nach": 0.5406016079455489 }, "geometry": { "type": "LineString", "coordinates": [ [ 1.307402, 52.664792 ], [ 1.307404, 52.664718 ], [ 1.3073902, 52.664649 ] ] } },
{ "type": "Feature", "properties": { "id": 16802, "nach": 0.60299680662116928 }, "geometry": { "type": "LineString", "coordinates": [ [ 1.307402, 52.664792 ], [ 1.3075987, 52.6647928 ] ] } },
{ "type": "Feature", "properties": { "id": 16620, "nach": 0.59863205334804293 }, "geometry": { "type": "LineString", "coordinates": [ [ 1.307136, 52.6654871 ], [ 1.3071853, 52.6656062 ] ] } },
{ "type": "Feature", "properties": { "id": 16622, "nach": 0.47047654554311363 }, "geometry": { "type": "LineString", "coordinates": [ [ 1.307013, 52.665508 ], [ 1.307136, 52.6654871 ] ] } },
{ "type": "Feature", "properties": { "id": 16617, "nach": 0.46746416554958153 }, "geometry": { "type": "LineString", "coordinates": [ [ 1.3071853, 52.6656062 ], [ 1.3068779, 52.6657099 ], [ 1.306808, 52.665614 ] ] } },
{ "type": "Feature", "properties": { "id": 16924, "nach": 0.61185491554460247 }, "geometry": { "type": "LineString", "coordinates": [ [ 1.3074689, 52.6657494 ], [ 1.307318, 52.66572 ], [ 1.307265, 52.665655 ], [ 1.30726, 52.665639 ], [ 1.307205, 52.665647 ], [ 1.3071853, 52.6656062 ] ] } },
{ "type": "Feature", "properties": { "id": 16926, "nach": 0.55826159302944622 }, "geometry": { "type": "LineString", "coordinates": [ [ 1.3074689, 52.6657494 ], [ 1.3075719, 52.6656814 ], [ 1.3076589, 52.665646399999986 ], [ 1.3077499, 52.6656294 ], [ 1.3078569, 52.6656194 ], [ 1.3079449, 52.6655954 ], [ 1.3080369, 52.6655564 ], [ 1.3081681, 52.665465899999987 ] ] } },
{ "type": "Feature", "properties": { "id": 16932, "nach": 0.63606304261846058 }, "geometry": { "type": "LineString", "coordinates": [ [ 1.3079494, 52.66628 ], [ 1.3079669, 52.6662414 ], [ 1.3076179, 52.6661534 ], [ 1.3074269, 52.6658814 ], [ 1.3074359, 52.6658014 ], [ 1.3074689, 52.6657494 ] ] } },
{ "type": "Feature", "properties": { "id": 16626, "nach": 0.66031425085275708 }, "geometry": { "type": "LineString", "coordinates": [ [ 1.3058833, 52.666 ], [ 1.3057914, 52.6658694 ] ] } },
{ "type": "Feature", "properties": { "id": 16629, "nach": 0.47213023625431511 }, "geometry": { "type": "LineString", "coordinates": [ [ 1.3062951, 52.665780499999983 ], [ 1.3059084, 52.6658468 ], [ 1.3058469, 52.6658595 ], [ 1.3057914, 52.6658694 ] ] } },
{ "type": "Feature", "properties": { "id": 16647, "nach": 0.56486091433711805 }, "geometry": { "type": "LineString", "coordinates": [ [ 1.3070711, 52.6661893 ], [ 1.3070463, 52.6661631 ], [ 1.3065009, 52.66611 ], [ 1.3061619, 52.666069 ], [ 1.3060489, 52.666038 ], [ 1.3059539, 52.665982 ], [ 1.3058833, 52.666 ] ] } },
{ "type": "Feature", "properties": { "id": 16632, "nach": 0.64577748331264795 }, "geometry": { "type": "LineString", "coordinates": [ [ 1.3060436, 52.6661715 ], [ 1.3059254, 52.6660476 ], [ 1.3058833, 52.666 ] ] } },
{ "type": "Feature", "properties": { "id": 18934, "nach": 0.63780252609130095 }, "geometry": { "type": "LineString", "coordinates": [ [ 1.3060667, 52.6661973 ], [ 1.3060436, 52.6661715 ] ] } },
{ "type": "Feature", "properties": { "id": 16640, "nach": 0.52927905411903442 }, "geometry": { "type": "LineString", "coordinates": [ [ 1.3063252, 52.6662771 ], [ 1.3061175, 52.6661459 ], [ 1.3060436, 52.6661715 ] ] } },
{ "type": "Feature", "properties": { "id": 18933, "nach": 0.67581237849315057 }, "geometry": { "type": "LineString", "coordinates": [ [ 1.3060667, 52.6661973 ], [ 1.3061917, 52.6663206 ] ] } },
{ "type": "Feature", "properties": { "id": 16641, "nach": 0.65013580692719908 }, "geometry": { "type": "LineString", "coordinates": [ [ 1.3063252, 52.6662771 ], [ 1.3063835, 52.6663139 ], [ 1.3064395, 52.6663219 ], [ 1.3064824, 52.6663662 ] ] } },
{ "type": "Feature", "properties": { "id": 16642, "nach": 0.63886428065304124 }, "geometry": { "type": "LineString", "coordinates": [ [ 1.3061917, 52.6663206 ], [ 1.3063252, 52.6662771 ] ] } },
{ "type": "Feature", "properties": { "id": 16654, "nach": 0.47549589246194557 }, "geometry": { "type": "LineString", "coordinates": [ [ 1.3062972, 52.666433 ], [ 1.3064824, 52.6663662 ] ] } },
{ "type": "Feature", "properties": { "id": 16637, "nach": 0.6545267031058597 }, "geometry": { "type": "LineString", "coordinates": [ [ 1.3065642, 52.6663375 ], [ 1.306514, 52.6663523 ], [ 1.3064824, 52.6663662 ] ] } },
{ "type": "Feature", "properties": { "id": 16653, "nach": 0.62344276922909025 }, "geometry": { "type": "LineString", "coordinates": [ [ 1.3062972, 52.666433 ], [ 1.3061917, 52.6663206 ] ] } },
{ "type": "Feature", "properties": { "id": 16655, "nach": 0.62752930913636318 }, "geometry": { "type": "LineString", "coordinates": [ [ 1.3062972, 52.666433 ], [ 1.3064107, 52.6665509 ], [ 1.3065308, 52.6666938 ] ] } },
{ "type": "Feature", "properties": { "id": 74849, "nach": 0.59697277455515974 }, "geometry": { "type": "LineString", "coordinates": [ [ 1.3065941, 52.6663825 ], [ 1.3065642, 52.6663375 ] ] } },
{ "type": "Feature", "properties": { "id": 74851, "nach": 0.55693592010971871 }, "geometry": { "type": "LineString", "coordinates": [ [ 1.3065941, 52.6663825 ], [ 1.3065633, 52.6663917 ], [ 1.3065354, 52.6664019 ], [ 1.3064803, 52.6664215 ], [ 1.3064598, 52.6664299 ], [ 1.3064519, 52.6664474 ], [ 1.3064567, 52.6664679 ], [ 1.3064716, 52.6664885 ], [ 1.3065507, 52.6665855 ], [ 1.3065781, 52.6666175 ], [ 1.3066865, 52.6667265 ] ] } },
{ "type": "Feature", "properties": { "id": 74848, "nach": 0.56886197895793644 }, "geometry": { "type": "LineString", "coordinates": [ [ 1.3065941, 52.6663825 ], [ 1.3067121, 52.6665601 ] ] } },
{ "type": "Feature", "properties": { "id": 16657, "nach": 0.59731056944277083 }, "geometry": { "type": "LineString", "coordinates": [ [ 1.3066865, 52.6667265 ], [ 1.3065308, 52.6666938 ] ] } },
{ "type": "Feature", "properties": { "id": 16691, "nach": 0.62418663075338665 }, "geometry": { "type": "LineString", "coordinates": [ [ 1.3070305, 52.6671065 ], [ 1.3066865, 52.6667265 ] ] } },
{ "type": "Feature", "properties": { "id": 16669, "nach": 0.47534563020285969 }, "geometry": { "type": "LineString", "coordinates": [ [ 1.3070896, 52.6667786 ], [ 1.30732, 52.666723 ] ] } },
{ "type": "Feature", "properties": { "id": 16667, "nach": 0.64373619307412278 }, "geometry": { "type": "LineString", "coordinates": [ [ 1.3073487, 52.6665267 ], [ 1.307315, 52.666661 ], [ 1.30732, 52.666723 ] ] } },
{ "type": "Feature", "properties": { "id": 16935, "nach": 0.63951443301629352 }, "geometry": { "type": "LineString", "coordinates": [ [ 1.3074, 52.666855 ], [ 1.307338, 52.666773 ], [ 1.30732, 52.666723 ] ] } },
{ "type": "Feature", "properties": { "id": 16668, "nach": 0.570796559112697 }, "geometry": { "type": "LineString", "coordinates": [ [ 1.3073487, 52.6665267 ], [ 1.307199, 52.666507 ], [ 1.307114, 52.666521 ], [ 1.307045, 52.666534 ], [ 1.306971, 52.666529 ], [ 1.306904, 52.66652 ], [ 1.306854, 52.666523 ], [ 1.3067121, 52.6665601 ] ] } },
{ "type": "Feature", "properties": { "id": 79034, "nach": 0.57090624299149528 }, "geometry": { "type": "LineString", "coordinates": [ [ 1.3082803, 52.6667035 ], [ 1.308141, 52.666675899999987 ], [ 1.307485, 52.666547 ], [ 1.3073992, 52.6665346 ], [ 1.3073487, 52.6665267 ] ] } },
{ "type": "Feature", "properties": { "id": 16937, "nach": 0.63899438299060241 }, "geometry": { "type": "LineString", "coordinates": [ [ 1.307537, 52.66707 ], [ 1.307455, 52.667044 ], [ 1.3074165, 52.666985 ], [ 1.307378, 52.666926 ], [ 1.3074, 52.666855 ] ] } },
{ "type": "Feature", "properties": { "id": 16670, "nach": 0.47504492219236827 }, "geometry": { "type": "LineString", "coordinates": [ [ 1.3068091, 52.6667594 ], [ 1.306799, 52.666692 ], [ 1.3067121, 52.6665601 ] ] } },
{ "type": "Feature", "properties": { "id": 79033, "nach": 0.47571393787153893 }, "geometry": { "type": "LineString", "coordinates": [ [ 1.3082803, 52.6667035 ], [ 1.3083082, 52.6667096 ] ] } },
{ "type": "Feature", "properties": { "id": 79038, "nach": 0.56917456824040358 }, "geometry": { "type": "LineString", "coordinates": [ [ 1.3082693, 52.6667347 ], [ 1.30827, 52.6667239 ], [ 1.3082803, 52.6667035 ] ] } },
{ "type": "Feature", "properties": { "id": 16677, "nach": 0.66839016356366188 }, "geometry": { "type": "LineString", "coordinates": [ [ 1.3073135, 52.667508499999983 ], [ 1.3073525, 52.667580500000021 ] ] } },
{ "type": "Feature", "properties": { "id": 16993, "nach": 0.66508983413525191 }, "geometry": { "type": "LineString", "coordinates": [ [ 1.3074296, 52.6677236 ], [ 1.3073525, 52.667580500000021 ] ] } },
{ "type": "Feature", "properties": { "id": 16995, "nach": 0.47410388058031189 }, "geometry": { "type": "LineString", "coordinates": [ [ 1.3074587, 52.6675055 ], [ 1.3074555, 52.6674935 ], [ 1.3073135, 52.667508499999983 ] ] } },
{ "type": "Feature", "properties": { "id": 16992, "nach": 0.64785476831251543 }, "geometry": { "type": "LineString", "coordinates": [ [ 1.3074296, 52.6677236 ], [ 1.3073354, 52.6677443 ] ] } },
{ "type": "Feature", "properties": { "id": 17039, "nach": 0.56031682508158831 }, "geometry": { "type": "LineString", "coordinates": [ [ 1.307986, 52.6685793 ], [ 1.3077948, 52.668393600000016 ], [ 1.3077359, 52.6683023 ], [ 1.3076194, 52.6680442 ], [ 1.3074909, 52.6678244 ], [ 1.3074296, 52.6677236 ] ] } },
{ "type": "Feature", "properties": { "id": 16988, "nach": 0.69222468855131392 }, "geometry": { "type": "LineString", "coordinates": [ [ 1.307416, 52.6672516 ], [ 1.307466, 52.667245 ], [ 1.307565, 52.667237 ] ] } },
{ "type": "Feature", "properties": { "id": 17005, "nach": 0.58964008672775214 }, "geometry": { "type": "LineString", "coordinates": [ [ 1.308206, 52.667407 ], [ 1.308136, 52.667381 ], [ 1.307435, 52.667289 ], [ 1.307416, 52.6672516 ] ] } },
{ "type": "Feature", "properties": { "id": 16699, "nach": 0.40856863658162695 }, "geometry": { "type": "LineString", "coordinates": [ [ 1.3087664, 52.6586803 ], [ 1.308697, 52.658715 ] ] } },
{ "type": "Feature", "properties": { "id": 16701, "nach": 0.40856863658162695 }, "geometry": { "type": "LineString", "coordinates": [ [ 1.308833, 52.658647 ], [ 1.3087664, 52.6586803 ] ] } },
{ "type": "Feature", "properties": { "id": 16707, "nach": 0.4835304501478227 }, "geometry": { "type": "LineString", "coordinates": [ [ 1.309477, 52.659219 ], [ 1.309139, 52.65896 ], [ 1.3087664, 52.6586803 ] ] } },
{ "type": "Feature", "properties": { "id": 16733, "nach": 0.53075194858171837 }, "geometry": { "type": "LineString", "coordinates": [ [ 1.310811, 52.660938 ], [ 1.310687, 52.660995 ], [ 1.310353, 52.661151 ], [ 1.310168, 52.661262 ], [ 1.310045, 52.661371 ], [ 1.309981, 52.661448 ] ] } },
{ "type": "Feature", "properties": { "id": 16736, "nach": 0.51587804026531281 }, "geometry": { "type": "LineString", "coordinates": [ [ 1.3115734, 52.6615937 ], [ 1.310811, 52.660938 ] ] } },
{ "type": "Feature", "properties": { "id": 77369, "nach": 0.41131496824371494 }, "geometry": { "type": "LineString", "coordinates": [ [ 1.3092077, 52.6607719 ], [ 1.309166, 52.66077210000001 ] ] } },
{ "type": "Feature", "properties": { "id": 77368, "nach": 0.45934766076074385 }, "geometry": { "type": "LineString", "coordinates": [ [ 1.3092077, 52.6607719 ], [ 1.309296, 52.6607715 ] ] } },
{ "type": "Feature", "properties": { "id": 77370, "nach": 0.0 }, "geometry": { "type": "LineString", "coordinates": [ [ 1.3092077, 52.6607719 ], [ 1.3091996, 52.6604767 ], [ 1.3093673, 52.660474299999983 ], [ 1.3093753, 52.6607711 ] ] } },
{ "type": "Feature", "properties": { "id": 77366, "nach": 0.41163058482732334 }, "geometry": { "type": "LineString", "coordinates": [ [ 1.3093753, 52.6607711 ], [ 1.30942, 52.6607709 ] ] } },
{ "type": "Feature", "properties": { "id": 77365, "nach": 0.45997296701116785 }, "geometry": { "type": "LineString", "coordinates": [ [ 1.3093753, 52.6607711 ], [ 1.309296, 52.6607715 ] ] } },
{ "type": "Feature", "properties": { "id": 16730, "nach": 0.52192698873613352 }, "geometry": { "type": "LineString", "coordinates": [ [ 1.309981, 52.661448 ], [ 1.3099461, 52.6614384 ], [ 1.309833, 52.661405 ], [ 1.309693, 52.661348 ], [ 1.309527, 52.661258 ], [ 1.309437, 52.661189 ], [ 1.309378, 52.661113 ], [ 1.309335, 52.661028 ], [ 1.309307, 52.660938 ], [ 1.309295, 52.660836 ], [ 1.309296, 52.6607715 ] ] } },
{ "type": "Feature", "properties": { "id": 16862, "nach": 0.51522357634553106 }, "geometry": { "type": "LineString", "coordinates": [ [ 1.310775, 52.663045 ], [ 1.310583, 52.662963 ], [ 1.310409, 52.662867 ], [ 1.310243, 52.662751 ], [ 1.310107, 52.662641 ], [ 1.309988, 52.662507 ], [ 1.30989, 52.662352 ], [ 1.309816, 52.662167 ], [ 1.309802, 52.662003 ], [ 1.309815, 52.661818 ], [ 1.309859, 52.661667 ], [ 1.309917, 52.661547 ], [ 1.309981, 52.661448 ] ] } },
{ "type": "Feature", "properties": { "id": 16861, "nach": 0.58073891432372871 }, "geometry": { "type": "LineString", "coordinates": [ [ 1.310775, 52.663045 ], [ 1.311038, 52.663129 ], [ 1.311309, 52.663191 ], [ 1.311602, 52.663232 ], [ 1.311829, 52.663246 ], [ 1.312113, 52.663239 ], [ 1.312365, 52.663216 ], [ 1.312592, 52.663176 ], [ 1.312813, 52.663103 ], [ 1.313214, 52.662929 ] ] } },
{ "type": "Feature", "properties": { "id": 16863, "nach": 0.6041988377209293 }, "geometry": { "type": "LineString", "coordinates": [ [ 1.310775, 52.663045 ], [ 1.310709, 52.66313 ], [ 1.310489, 52.66331 ], [ 1.310391, 52.663365 ], [ 1.310299, 52.663395 ], [ 1.310173, 52.663406 ], [ 1.3101229, 52.6634023 ] ] } },
{ "type": "Feature", "properties": { "id": 16768, "nach": 0.45205621756573788 }, "geometry": { "type": "LineString", "coordinates": [ [ 1.309189, 52.66301 ], [ 1.309263, 52.66295 ] ] } },
{ "type": "Feature", "properties": { "id": 16769, "nach": 0.45223031147060788 }, "geometry": { "type": "LineString", "coordinates": [ [ 1.309189, 52.66301 ], [ 1.309098, 52.662966 ] ] } },
{ "type": "Feature", "properties": { "id": 16858, "nach": 0.52716493210150472 }, "geometry": { "type": "LineString", "coordinates": [ [ 1.3101229, 52.6634023 ], [ 1.310054, 52.663396 ], [ 1.309932, 52.663357 ], [ 1.309189, 52.66301 ] ] } },
{ "type": "Feature", "properties": { "id": 16739, "nach": 0.52800928297500704 }, "geometry": { "type": "LineString", "coordinates": [ [ 1.3120279, 52.6619471 ], [ 1.3115734, 52.6615937 ] ] } },
{ "type": "Feature", "properties": { "id": 16743, "nach": 0.0 }, "geometry": { "type": "LineString", "coordinates": [ [ 1.3124287, 52.6622843 ], [ 1.3123943, 52.6622997 ], [ 1.312309, 52.6623378 ], [ 1.3121736, 52.6623752 ], [ 1.3120285, 52.6623947 ], [ 1.3118798, 52.662395699999983 ], [ 1.311734, 52.662378 ], [ 1.3115974, 52.6623424 ], [ 1.3114759, 52.6622904 ], [ 1.3113748, 52.6622243 ], [ 1.3112983, 52.6621469 ], [ 1.3112499, 52.66206170000001 ], [ 1.3112315, 52.6619722 ], [ 1.3112441, 52.6618823 ], [ 1.311287, 52.661796 ], [ 1.3113585, 52.6617169 ], [ 1.3114553, 52.6616485 ], [ 1.3115734, 52.6615937 ] ] } },
{ "type": "Feature", "properties": { "id": 16742, "nach": 0.53509759194887818 }, "geometry": { "type": "LineString", "coordinates": [ [ 1.3124287, 52.6622843 ], [ 1.3120279, 52.6619471 ] ] } },
{ "type": "Feature", "properties": { "id": 51612, "nach": 0.56481905844243419 }, "geometry": { "type": "LineString", "coordinates": [ [ 1.3129121, 52.6615524 ], [ 1.3120279, 52.6619471 ] ] } },
{ "type": "Feature", "properties": { "id": 16750, "nach": 0.5423177833863535 }, "geometry": { "type": "LineString", "coordinates": [ [ 1.313214, 52.662929 ], [ 1.3124287, 52.6622843 ] ] } },
{ "type": "Feature", "properties": { "id": 51614, "nach": 0.52924845433694678 }, "geometry": { "type": "LineString", "coordinates": [ [ 1.3129647, 52.6615913 ], [ 1.3129121, 52.6615524 ] ] } },
{ "type": "Feature", "properties": { "id": 16754, "nach": 0.55990006263041237 }, "geometry": { "type": "LineString", "coordinates": [ [ 1.314162, 52.662455 ], [ 1.3139, 52.662248 ], [ 1.313493, 52.661922 ], [ 1.3133313, 52.6617772 ], [ 1.313263, 52.661716 ] ] } },
{ "type": "Feature", "properties": { "id": 51619, "nach": 0.55394047466274832 }, "geometry": { "type": "LineString", "coordinates": [ [ 1.3132155, 52.6617108 ], [ 1.313263, 52.661716 ] ] } },
{ "type": "Feature", "properties": { "id": 16773, "nach": 0.4995491125361467 }, "geometry": { "type": "LineString", "coordinates": [ [ 1.309056, 52.663731 ], [ 1.308749, 52.66384 ], [ 1.308596, 52.663893 ], [ 1.30838, 52.663953 ] ] } },
{ "type": "Feature", "properties": { "id": 16774, "nach": 0.55198273075860282 }, "geometry": { "type": "LineString", "coordinates": [ [ 1.309131, 52.663709 ], [ 1.309056, 52.663731 ] ] } },
{ "type": "Feature", "properties": { "id": 16764, "nach": 0.5760232260686502 }, "geometry": { "type": "LineString", "coordinates": [ [ 1.30838, 52.663953 ], [ 1.308305, 52.663956 ] ] } },
{ "type": "Feature", "properties": { "id": 16778, "nach": 0.55650770534521754 }, "geometry": { "type": "LineString", "coordinates": [ [ 1.309132, 52.664125 ], [ 1.308845, 52.664058 ], [ 1.308703, 52.664015 ], [ 1.308588, 52.663979 ], [ 1.308498, 52.663958 ], [ 1.30838, 52.663953 ] ] } },
{ "type": "Feature", "properties": { "id": 16790, "nach": 0.62143004916910949 }, "geometry": { "type": "LineString", "coordinates": [ [ 1.309201, 52.664141 ], [ 1.309132, 52.664125 ] ] } },
{ "type": "Feature", "properties": { "id": 16781, "nach": 0.58239798311018953 }, "geometry": { "type": "LineString", "coordinates": [ [ 1.309125, 52.6640572 ], [ 1.309117, 52.664079 ], [ 1.309132, 52.664125 ] ] } },
{ "type": "Feature", "properties": { "id": 16860, "nach": 0.61478005514385481 }, "geometry": { "type": "LineString", "coordinates": [ [ 1.3101229, 52.6634023 ], [ 1.309771, 52.663641 ], [ 1.309701, 52.663659 ], [ 1.30913, 52.66368 ], [ 1.309131, 52.663709 ] ] } },
{ "type": "Feature", "properties": { "id": 16782, "nach": 0.60109580411370289 }, "geometry": { "type": "LineString", "coordinates": [ [ 1.309125, 52.6640572 ], [ 1.309145, 52.664016 ], [ 1.309145, 52.663919 ], [ 1.309131, 52.663709 ] ] } },
{ "type": "Feature", "properties": { "id": 16788, "nach": 0.52973927551126931 }, "geometry": { "type": "LineString", "coordinates": [ [ 1.3094148, 52.6640656 ], [ 1.309339, 52.664025 ], [ 1.309125, 52.6640572 ] ] } },
{ "type": "Feature", "properties": { "id": 16791, "nach": 0.59802538271025796 }, "geometry": { "type": "LineString", "coordinates": [ [ 1.309201, 52.664141 ], [ 1.309187, 52.664164 ], [ 1.309229, 52.664225 ] ] } },
{ "type": "Feature", "properties": { "id": 16792, "nach": 0.55325867823197228 }, "geometry": { "type": "LineString", "coordinates": [ [ 1.309201, 52.664141 ], [ 1.3092352, 52.6641096 ], [ 1.309296, 52.664054 ], [ 1.3094148, 52.6640656 ] ] } },
{ "type": "Feature", "properties": { "id": 16787, "nach": 0.63505370628329127 }, "geometry": { "type": "LineString", "coordinates": [ [ 1.3094148, 52.6640656 ], [ 1.309362, 52.664094 ], [ 1.309304, 52.664139 ], [ 1.309229, 52.664225 ] ] } },
{ "type": "Feature", "properties": { "id": 16865, "nach": 0.66235071833223469 }, "geometry": { "type": "LineString", "coordinates": [ [ 1.310372, 52.663965 ], [ 1.310197, 52.663953 ], [ 1.309988, 52.66395 ], [ 1.309785, 52.66397 ], [ 1.309571, 52.66401 ], [ 1.3094148, 52.6640656 ] ] } },
{ "type": "Feature", "properties": { "id": 16823, "nach": 0.66554571417200559 }, "geometry": { "type": "LineString", "coordinates": [ [ 1.308976, 52.664504 ], [ 1.309229, 52.664225 ] ] } },
{ "type": "Feature", "properties": { "id": 16835, "nach": 0.67188413383280154 }, "geometry": { "type": "LineString", "coordinates": [ [ 1.308954, 52.664522 ], [ 1.308976, 52.664504 ] ] } },
{ "type": "Feature", "properties": { "id": 16833, "nach": 0.59668134431653697 }, "geometry": { "type": "LineString", "coordinates": [ [ 1.3092069, 52.664603199999988 ], [ 1.308976, 52.664504 ] ] } },
{ "type": "Feature", "properties": { "id": 16874, "nach": 0.65507093239435377 }, "geometry": { "type": "LineString", "coordinates": [ [ 1.3107652, 52.6640101 ], [ 1.310649, 52.664 ], [ 1.310372, 52.663965 ] ] } },
{ "type": "Feature", "properties": { "id": 16887, "nach": 0.5083182960690068 }, "geometry": { "type": "LineString", "coordinates": [ [ 1.310407, 52.664732 ], [ 1.310364, 52.664659 ], [ 1.310325, 52.664561 ], [ 1.310315, 52.664408 ], [ 1.310343, 52.664139 ], [ 1.310372, 52.663965 ] ] } },
{ "type": "Feature", "properties": { "id": 16806, "nach": 0.49927916816419476 }, "geometry": { "type": "LineString", "coordinates": [ [ 1.3077853, 52.6647448 ], [ 1.307666, 52.664746 ], [ 1.3075987, 52.6647928 ] ] } },
{ "type": "Feature", "properties": { "id": 16813, "nach": 0.52455417243973179 }, "geometry": { "type": "LineString", "coordinates": [ [ 1.3081541, 52.6647781 ], [ 1.308106, 52.664737 ], [ 1.3078909, 52.6647422 ], [ 1.3077853, 52.6647448 ] ] } },
{ "type": "Feature", "properties": { "id": 16808, "nach": 0.59461963959140174 }, "geometry": { "type": "LineString", "coordinates": [ [ 1.307994, 52.664782 ], [ 1.3075987, 52.6647928 ] ] } },
{ "type": "Feature", "properties": { "id": 16811, "nach": 0.60536076587804466 }, "geometry": { "type": "LineString", "coordinates": [ [ 1.3081541, 52.6647781 ], [ 1.307994, 52.664782 ] ] } },
{ "type": "Feature", "properties": { "id": 16819, "nach": 0.59109220922979622 }, "geometry": { "type": "LineString", "coordinates": [ [ 1.3081681, 52.665465899999987 ], [ 1.308112, 52.665432 ], [ 1.308035, 52.66533 ], [ 1.307992, 52.665184 ], [ 1.308, 52.664946 ], [ 1.3079951, 52.6648129 ], [ 1.307994, 52.664782 ] ] } },
{ "type": "Feature", "properties": { "id": 16821, "nach": 0.58379543466576322 }, "geometry": { "type": "LineString", "coordinates": [ [ 1.308776, 52.664642 ], [ 1.308641, 52.664696 ], [ 1.308518, 52.664733 ], [ 1.308366, 52.664761 ], [ 1.3081541, 52.6647781 ] ] } },
{ "type": "Feature", "properties": { "id": 16818, "nach": 0.56803053252291924 }, "geometry": { "type": "LineString", "coordinates": [ [ 1.3081681, 52.665465899999987 ], [ 1.3082111, 52.6654791 ], [ 1.30824, 52.665486 ] ] } },
{ "type": "Feature", "properties": { "id": 16836, "nach": 0.46552349110229041 }, "geometry": { "type": "LineString", "coordinates": [ [ 1.308954, 52.664522 ], [ 1.3085025, 52.6643707 ] ] } },
{ "type": "Feature", "properties": { "id": 16837, "nach": 0.67367571026656436 }, "geometry": { "type": "LineString", "coordinates": [ [ 1.308954, 52.664522 ], [ 1.308881, 52.664578 ], [ 1.308776, 52.664642 ] ] } },
{ "type": "Feature", "properties": { "id": 16845, "nach": 0.65633901510269477 }, "geometry": { "type": "LineString", "coordinates": [ [ 1.308938, 52.665187 ], [ 1.3089284, 52.6651382 ], [ 1.3088587, 52.6651199 ], [ 1.308776, 52.664642 ] ] } },
{ "type": "Feature", "properties": { "id": 16923, "nach": 0.46420289508727736 }, "geometry": { "type": "LineString", "coordinates": [ [ 1.307939, 52.665982 ], [ 1.308233, 52.665902 ], [ 1.308268, 52.665816 ], [ 1.30824, 52.665486 ] ] } },
{ "type": "Feature", "properties": { "id": 16850, "nach": 0.57090102215019001 }, "geometry": { "type": "LineString", "coordinates": [ [ 1.3088506, 52.6654651 ], [ 1.3087995, 52.665485 ], [ 1.308717, 52.6655 ], [ 1.308362, 52.665499 ], [ 1.30824, 52.665486 ] ] } },
{ "type": "Feature", "properties": { "id": 16855, "nach": 0.66302079360902411 }, "geometry": { "type": "LineString", "coordinates": [ [ 1.3089126, 52.66542050000001 ], [ 1.3088506, 52.6654651 ] ] } },
{ "type": "Feature", "properties": { "id": 16851, "nach": 0.67578920532656006 }, "geometry": { "type": "LineString", "coordinates": [ [ 1.3088726, 52.6655204 ], [ 1.3088506, 52.6654651 ] ] } },
{ "type": "Feature", "properties": { "id": 16856, "nach": 0.65868444961129302 }, "geometry": { "type": "LineString", "coordinates": [ [ 1.3089126, 52.66542050000001 ], [ 1.3089462, 52.6653847 ], [ 1.3089563, 52.6653274 ], [ 1.308938, 52.665187 ] ] } },
{ "type": "Feature", "properties": { "id": 71714, "nach": 0.47060840523451025 }, "geometry": { "type": "LineString", "coordinates": [ [ 1.30926, 52.6651594 ], [ 1.3090893, 52.6651748 ], [ 1.3090595, 52.6651773 ], [ 1.308938, 52.665187 ] ] } },
{ "type": "Feature", "properties": { "id": 16834, "nach": 0.0 }, "geometry": { "type": "LineString", "coordinates": [ [ 1.3092069, 52.664603199999988 ], [ 1.309214, 52.664654 ], [ 1.3092685, 52.664668 ], [ 1.309323, 52.664682 ], [ 1.309375, 52.664646 ] ] } },
{ "type": "Feature", "properties": { "id": 16832, "nach": 0.58541750504475321 }, "geometry": { "type": "LineString", "coordinates": [ [ 1.3092069, 52.664603199999988 ], [ 1.309249, 52.6646155 ] ] } },
{ "type": "Feature", "properties": { "id": 16829, "nach": 0.55723278633396578 }, "geometry": { "type": "LineString", "coordinates": [ [ 1.309249, 52.6646155 ], [ 1.309375, 52.664646 ] ] } },
{ "type": "Feature", "properties": { "id": 16842, "nach": 0.53720895842544114 }, "geometry": { "type": "LineString", "coordinates": [ [ 1.3094757, 52.6646546 ], [ 1.30944, 52.664654 ], [ 1.309375, 52.664646 ] ] } },
{ "type": "Feature", "properties": { "id": 16838, "nach": 0.46502243882485339 }, "geometry": { "type": "LineString", "coordinates": [ [ 1.309313, 52.664548 ], [ 1.309249, 52.6646155 ] ] } },
{ "type": "Feature", "properties": { "id": 16840, "nach": 0.46361304881724757 }, "geometry": { "type": "LineString", "coordinates": [ [ 1.3094757, 52.6646546 ], [ 1.309501, 52.664653 ] ] } },
{ "type": "Feature", "properties": { "id": 16844, "nach": 0.46115773648642749 }, "geometry": { "type": "LineString", "coordinates": [ [ 1.3095326, 52.6648543 ], [ 1.3094757, 52.6646546 ] ] } },
{ "type": "Feature", "properties": { "id": 16880, "nach": 0.46063896541975613 }, "geometry": { "type": "LineString", "coordinates": [ [ 1.3105223, 52.6648889 ], [ 1.3100053, 52.66493220000001 ] ] } },
{ "type": "Feature", "properties": { "id": 16896, "nach": 0.51477548679391383 }, "geometry": { "type": "LineString", "coordinates": [ [ 1.311548, 52.664879 ], [ 1.3107936, 52.6648743 ], [ 1.3105223, 52.6648889 ] ] } },
{ "type": "Feature", "properties": { "id": 16886, "nach": 0.50825266236200461 }, "geometry": { "type": "LineString", "coordinates": [ [ 1.310407, 52.664732 ], [ 1.3104975, 52.664775 ], [ 1.3105223, 52.6648889 ] ] } },
{ "type": "Feature", "properties": { "id": 77364, "nach": 0.47153672410388625 }, "geometry": { "type": "LineString", "coordinates": [ [ 1.3091205, 52.6655043 ], [ 1.3090695, 52.6655002 ], [ 1.3090213, 52.6654888 ], [ 1.308969, 52.665466 ], [ 1.3089126, 52.66542050000001 ] ] } },
{ "type": "Feature", "properties": { "id": 16854, "nach": 0.47212003598278057 }, "geometry": { "type": "LineString", "coordinates": [ [ 1.3089189, 52.6656934 ], [ 1.3089032, 52.6656665 ], [ 1.3088726, 52.6655204 ] ] } },
{ "type": "Feature", "properties": { "id": 77379, "nach": 0.678324063395638 }, "geometry": { "type": "LineString", "coordinates": [ [ 1.3088754, 52.6657793 ], [ 1.308859, 52.6657019 ], [ 1.3088375, 52.6656767 ], [ 1.3088167, 52.6655563 ], [ 1.3088726, 52.6655204 ] ] } },
{ "type": "Feature", "properties": { "id": 77380, "nach": 0.68138809646082621 }, "geometry": { "type": "LineString", "coordinates": [ [ 1.3088754, 52.6657793 ], [ 1.3088906, 52.665830599999985 ], [ 1.308956, 52.665988 ], [ 1.3090107, 52.6659834 ], [ 1.3090299, 52.6660841 ] ] } },
{ "type": "Feature", "properties": { "id": 77378, "nach": 0.47360745165629736 }, "geometry": { "type": "LineString", "coordinates": [ [ 1.3088754, 52.6657793 ], [ 1.3085271, 52.66580110000001 ] ] } },
{ "type": "Feature", "properties": { "id": 16873, "nach": 0.65552014479348431 }, "geometry": { "type": "LineString", "coordinates": [ [ 1.3107652, 52.6640101 ], [ 1.310991, 52.664028 ], [ 1.3112258, 52.6640272 ] ] } },
{ "type": "Feature", "properties": { "id": 16885, "nach": 0.4648520373359199 }, "geometry": { "type": "LineString", "coordinates": [ [ 1.310407, 52.664732 ], [ 1.310525, 52.664705 ] ] } },
{ "type": "Feature", "properties": { "id": 16870, "nach": 0.65621439985165664 }, "geometry": { "type": "LineString", "coordinates": [ [ 1.3112258, 52.6640272 ], [ 1.311363, 52.664017 ] ] } },
{ "type": "Feature", "properties": { "id": 16879, "nach": 0.63826847182015589 }, "geometry": { "type": "LineString", "coordinates": [ [ 1.3119961, 52.663934 ], [ 1.311779, 52.66395 ], [ 1.31161, 52.663976 ], [ 1.311363, 52.664017 ] ] } },
{ "type": "Feature", "properties": { "id": 16890, "nach": 0.573331645147652 }, "geometry": { "type": "LineString", "coordinates": [ [ 1.311477, 52.66468 ], [ 1.311442, 52.664604 ], [ 1.311414, 52.664513 ], [ 1.311375, 52.664179 ], [ 1.311363, 52.664017 ] ] } },
{ "type": "Feature", "properties": { "id": 16878, "nach": 0.6394833408164855 }, "geometry": { "type": "LineString", "coordinates": [ [ 1.3119961, 52.663934 ], [ 1.312051, 52.663972 ], [ 1.312223, 52.663967 ], [ 1.312389, 52.663976 ], [ 1.3124407, 52.6639359 ] ] } },
{ "type": "Feature", "properties": { "id": 16888, "nach": 0.46589529676451813 }, "geometry": { "type": "LineString", "coordinates": [ [ 1.311477, 52.66468 ], [ 1.311343, 52.664697 ] ] } },
{ "type": "Feature", "properties": { "id": 16895, "nach": 0.45934213112109951 }, "geometry": { "type": "LineString", "coordinates": [ [ 1.31095, 52.665221 ], [ 1.311103, 52.665218 ] ] } },
{ "type": "Feature", "properties": { "id": 16941, "nach": 0.67673961660770077 }, "geometry": { "type": "LineString", "coordinates": [ [ 1.3084791, 52.6663906 ], [ 1.3079494, 52.66628 ] ] } },
{ "type": "Feature", "properties": { "id": 16950, "nach": 0.62338615786881491 }, "geometry": { "type": "LineString", "coordinates": [ [ 1.3090299, 52.6660841 ], [ 1.308853, 52.666094 ], [ 1.308694, 52.666124 ], [ 1.308604, 52.666176 ], [ 1.308523, 52.666297 ], [ 1.3084791, 52.6663906 ] ] } },
{ "type": "Feature", "properties": { "id": 16985, "nach": 0.64100432843732724 }, "geometry": { "type": "LineString", "coordinates": [ [ 1.307565, 52.667237 ], [ 1.307559, 52.667172 ], [ 1.307537, 52.66707 ] ] } },
{ "type": "Feature", "properties": { "id": 17002, "nach": 0.6766808528015712 }, "geometry": { "type": "LineString", "coordinates": [ [ 1.3082787, 52.6673433 ], [ 1.3080831, 52.667283099999985 ], [ 1.3078971, 52.667247099999976 ], [ 1.3077311, 52.6672321 ], [ 1.307565, 52.667237 ] ] } },
{ "type": "Feature", "properties": { "id": 16956, "nach": 0.64723105209558751 }, "geometry": { "type": "LineString", "coordinates": [ [ 1.309116, 52.6664472 ], [ 1.309126, 52.666337 ], [ 1.309101, 52.666171 ], [ 1.309047, 52.666174 ], [ 1.3090299, 52.6660841 ] ] } },
{ "type": "Feature", "properties": { "id": 79037, "nach": 0.47213471787259276 }, "geometry": { "type": "LineString", "coordinates": [ [ 1.3082693, 52.6667347 ], [ 1.3082689, 52.6667767 ], [ 1.3082256, 52.6668456 ], [ 1.308217, 52.666915700000018 ], [ 1.308217, 52.666961 ], [ 1.308253, 52.666988 ], [ 1.3082821, 52.66699460000001 ] ] } },
{ "type": "Feature", "properties": { "id": 79036, "nach": 0.56802492098007162 }, "geometry": { "type": "LineString", "coordinates": [ [ 1.3082693, 52.6667347 ], [ 1.308316, 52.666747100000016 ], [ 1.308706, 52.666818 ], [ 1.3087533, 52.66683410000001 ] ] } },
{ "type": "Feature", "properties": { "id": 16958, "nach": 0.47222625969509252 }, "geometry": { "type": "LineString", "coordinates": [ [ 1.3087533, 52.66683410000001 ], [ 1.308705, 52.666864 ], [ 1.3086878, 52.6668853 ] ] } },
{ "type": "Feature", "properties": { "id": 79027, "nach": 0.57500167682118009 }, "geometry": { "type": "LineString", "coordinates": [ [ 1.3088537, 52.6668376 ], [ 1.308808, 52.666829 ], [ 1.3087533, 52.66683410000001 ] ] } },
{ "type": "Feature", "properties": { "id": 16948, "nach": 0.47003069902217531 }, "geometry": { "type": "LineString", "coordinates": [ [ 1.308546, 52.6670185 ], [ 1.308576, 52.667026 ] ] } },
{ "type": "Feature", "properties": { "id": 17014, "nach": 0.5178200870781543 }, "geometry": { "type": "LineString", "coordinates": [ [ 1.3085017, 52.6674301 ], [ 1.3085894, 52.66733420000002 ], [ 1.308655, 52.667255 ], [ 1.3086842, 52.6671697 ], [ 1.3086816, 52.6671337 ], [ 1.308658, 52.667092 ], [ 1.308624, 52.667048 ], [ 1.308576, 52.667026 ] ] } },
{ "type": "Feature", "properties": { "id": 17013, "nach": 0.67386286637556958 }, "geometry": { "type": "LineString", "coordinates": [ [ 1.3085017, 52.6674301 ], [ 1.3082787, 52.6673433 ] ] } },
{ "type": "Feature", "properties": { "id": 17012, "nach": 0.67440377676054175 }, "geometry": { "type": "LineString", "coordinates": [ [ 1.3085017, 52.6674301 ], [ 1.3087074, 52.6675033 ] ] } },
{ "type": "Feature", "properties": { "id": 16975, "nach": 0.56963465634081478 }, "geometry": { "type": "LineString", "coordinates": [ [ 1.3094877, 52.666689 ], [ 1.309116, 52.6666265 ] ] } },
{ "type": "Feature", "properties": { "id": 79030, "nach": 0.58624219645557374 }, "geometry": { "type": "LineString", "coordinates": [ [ 1.3089931, 52.6667926 ], [ 1.309067, 52.666652 ], [ 1.309116, 52.6666265 ] ] } },
{ "type": "Feature", "properties": { "id": 16976, "nach": 0.69008836818662922 }, "geometry": { "type": "LineString", "coordinates": [ [ 1.3094877, 52.666689 ], [ 1.309397, 52.666851 ], [ 1.3094346, 52.6668693 ], [ 1.30942, 52.666896 ] ] } },
{ "type": "Feature", "properties": { "id": 79032, "nach": 0.43969727986433971 }, "geometry": { "type": "LineString", "coordinates": [ [ 1.3089931, 52.6667926 ], [ 1.3091098, 52.6668149 ], [ 1.309074, 52.6668836 ] ] } },
{ "type": "Feature", "properties": { "id": 79031, "nach": 0.573181723091583 }, "geometry": { "type": "LineString", "coordinates": [ [ 1.3089931, 52.6667926 ], [ 1.3088885, 52.6667718 ], [ 1.3088537, 52.6668376 ] ] } },
{ "type": "Feature", "properties": { "id": 79028, "nach": 0.40484763233059423 }, "geometry": { "type": "LineString", "coordinates": [ [ 1.3088537, 52.6668376 ], [ 1.3088668, 52.66684 ], [ 1.3090649, 52.666881599999989 ], [ 1.309074, 52.6668836 ] ] } },
{ "type": "Feature", "properties": { "id": 16962, "nach": 0.4701658034857058 }, "geometry": { "type": "LineString", "coordinates": [ [ 1.3090253, 52.6670005 ], [ 1.3090857, 52.6668862 ] ] } },
{ "type": "Feature", "properties": { "id": 16968, "nach": 0.51842527870231259 }, "geometry": { "type": "LineString", "coordinates": [ [ 1.309392, 52.666945 ], [ 1.309275, 52.666922 ], [ 1.3090857, 52.6668862 ] ] } },
{ "type": "Feature", "properties": { "id": 16966, "nach": 0.68893070319588245 }, "geometry": { "type": "LineString", "coordinates": [ [ 1.309392, 52.666945 ], [ 1.30942, 52.666896 ] ] } },
{ "type": "Feature", "properties": { "id": 17050, "nach": 0.68732607099817533 }, "geometry": { "type": "LineString", "coordinates": [ [ 1.309273, 52.667165 ], [ 1.309312, 52.667107 ], [ 1.309392, 52.666945 ] ] } },
{ "type": "Feature", "properties": { "id": 16984, "nach": 0.47225138646302922 }, "geometry": { "type": "LineString", "coordinates": [ [ 1.3096489, 52.6669388 ], [ 1.30942, 52.666896 ] ] } },
{ "type": "Feature", "properties": { "id": 17051, "nach": 0.68700315371295284 }, "geometry": { "type": "LineString", "coordinates": [ [ 1.309273, 52.667165 ], [ 1.309258, 52.667187 ], [ 1.3091746, 52.6672739 ] ] } },
{ "type": "Feature", "properties": { "id": 17060, "nach": 0.47142994894453993 }, "geometry": { "type": "LineString", "coordinates": [ [ 1.3096715, 52.6673023 ], [ 1.309374, 52.667195 ], [ 1.309273, 52.667165 ] ] } },
{ "type": "Feature", "properties": { "id": 16981, "nach": 0.10973005026458998 }, "geometry": { "type": "LineString", "coordinates": [ [ 1.3100062, 52.6664805 ], [ 1.3099877, 52.6664077 ] ] } },
{ "type": "Feature", "properties": { "id": 17003, "nach": 0.5217141733801961 }, "geometry": { "type": "LineString", "coordinates": [ [ 1.308206, 52.667407 ], [ 1.3082787, 52.6673433 ] ] } },
{ "type": "Feature", "properties": { "id": 17019, "nach": 0.60197460172980699 }, "geometry": { "type": "LineString", "coordinates": [ [ 1.3081095, 52.667547 ], [ 1.308122, 52.667516 ], [ 1.308206, 52.667407 ] ] } },
{ "type": "Feature", "properties": { "id": 16997, "nach": 0.4698760401653716 }, "geometry": { "type": "LineString", "coordinates": [ [ 1.3076087, 52.6675697 ], [ 1.3075262, 52.6675784 ] ] } },
{ "type": "Feature", "properties": { "id": 16999, "nach": 0.46945361331167446 }, "geometry": { "type": "LineString", "coordinates": [ [ 1.3075867, 52.6674947 ], [ 1.3076087, 52.6675697 ] ] } },
{ "type": "Feature", "properties": { "id": 17011, "nach": 0.54520700743303785 }, "geometry": { "type": "LineString", "coordinates": [ [ 1.30809, 52.667596 ], [ 1.307977, 52.667585 ], [ 1.3077415, 52.66756950000002 ], [ 1.3076087, 52.6675697 ] ] } },
{ "type": "Feature", "properties": { "id": 17018, "nach": 0.64223537042683987 }, "geometry": { "type": "LineString", "coordinates": [ [ 1.3081095, 52.667547 ], [ 1.30809, 52.667596 ] ] } },
{ "type": "Feature", "properties": { "id": 17022, "nach": 0.61559259856035464 }, "geometry": { "type": "LineString", "coordinates": [ [ 1.3080528, 52.667801 ], [ 1.308066, 52.667705 ], [ 1.30809, 52.667596 ] ] } },
{ "type": "Feature", "properties": { "id": 17020, "nach": 0.59897514280869224 }, "geometry": { "type": "LineString", "coordinates": [ [ 1.3081095, 52.667547 ], [ 1.308158, 52.667556 ], [ 1.3086531, 52.66754730000001 ] ] } },
{ "type": "Feature", "properties": { "id": 17054, "nach": 0.6942468035343935 }, "geometry": { "type": "LineString", "coordinates": [ [ 1.3088893, 52.6675711 ], [ 1.3087074, 52.6675033 ] ] } },
{ "type": "Feature", "properties": { "id": 17015, "nach": 0.62376395307423482 }, "geometry": { "type": "LineString", "coordinates": [ [ 1.3086531, 52.66754730000001 ], [ 1.3087074, 52.6675033 ] ] } },
{ "type": "Feature", "properties": { "id": 17055, "nach": 0.68755830978281096 }, "geometry": { "type": "LineString", "coordinates": [ [ 1.3088893, 52.6675711 ], [ 1.3091746, 52.6672739 ] ] } },
{ "type": "Feature", "properties": { "id": 17057, "nach": 0.66788537621036248 }, "geometry": { "type": "LineString", "coordinates": [ [ 1.3090401, 52.6676271 ], [ 1.3088893, 52.6675711 ] ] } },
{ "type": "Feature", "properties": { "id": 17064, "nach": 0.52164808376741656 }, "geometry": { "type": "LineString", "coordinates": [ [ 1.3093851, 52.6680922 ], [ 1.309096, 52.66808 ], [ 1.309039, 52.667984 ], [ 1.308703, 52.667854 ], [ 1.308529, 52.667853 ], [ 1.308553, 52.667647 ], [ 1.3086531, 52.66754730000001 ] ] } },
{ "type": "Feature", "properties": { "id": 17032, "nach": 0.60641732874857179 }, "geometry": { "type": "LineString", "coordinates": [ [ 1.308052, 52.667822 ], [ 1.3080528, 52.667801 ] ] } },
{ "type": "Feature", "properties": { "id": 17026, "nach": 0.0 }, "geometry": { "type": "LineString", "coordinates": [ [ 1.308042, 52.667997 ], [ 1.307981, 52.667946 ], [ 1.307987, 52.667889500000015 ], [ 1.307993, 52.667833 ], [ 1.3080528, 52.667801 ] ] } },
{ "type": "Feature", "properties": { "id": 17031, "nach": 0.58515851234867422 }, "geometry": { "type": "LineString", "coordinates": [ [ 1.308052, 52.667822 ], [ 1.308042, 52.667997 ] ] } },
{ "type": "Feature", "properties": { "id": 17041, "nach": 0.46881660996003122 }, "geometry": { "type": "LineString", "coordinates": [ [ 1.3083022, 52.6678276 ], [ 1.308052, 52.667822 ] ] } },
{ "type": "Feature", "properties": { "id": 17048, "nach": 0.47290451613982171 }, "geometry": { "type": "LineString", "coordinates": [ [ 1.3091746, 52.6672739 ], [ 1.3089862, 52.6671997 ] ] } },
{ "type": "Feature", "properties": { "id": 17058, "nach": 0.4735786951993205 }, "geometry": { "type": "LineString", "coordinates": [ [ 1.3090401, 52.6676271 ], [ 1.3088834, 52.6677646 ] ] } },
{ "type": "Feature", "properties": { "id": 17069, "nach": 0.66247835930825738 }, "geometry": { "type": "LineString", "coordinates": [ [ 1.3099952, 52.6679637 ], [ 1.3098821, 52.6679351 ], [ 1.3097081, 52.6678801 ], [ 1.3090401, 52.6676271 ] ] } },
{ "type": "Feature", "properties": { "id": 17656, "nach": 0.54454669155349045 }, "geometry": { "type": "LineString", "coordinates": [ [ 1.280118, 52.6577838 ], [ 1.280474, 52.657712 ] ] } },
{ "type": "Feature", "properties": { "id": 44210, "nach": 0.50244638411106024 }, "geometry": { "type": "LineString", "coordinates": [ [ 1.2886928, 52.6561998 ], [ 1.2901065, 52.6557712 ] ] } },
{ "type": "Feature", "properties": { "id": 76763, "nach": 0.52480313211084628 }, "geometry": { "type": "LineString", "coordinates": [ [ 1.2921693, 52.655075 ], [ 1.2917128, 52.6552385 ], [ 1.2909781, 52.6554852 ], [ 1.2901065, 52.6557712 ] ] } },
{ "type": "Feature", "properties": { "id": 44208, "nach": 0.55758933463415694 }, "geometry": { "type": "LineString", "coordinates": [ [ 1.2897663, 52.656035 ], [ 1.2902157, 52.655893 ] ] } },
{ "type": "Feature", "properties": { "id": 74812, "nach": 0.58211515973973382 }, "geometry": { "type": "LineString", "coordinates": [ [ 1.2904209, 52.6559045 ], [ 1.2903847, 52.6558929 ], [ 1.290341, 52.6558785 ], [ 1.2902952, 52.6558767 ], [ 1.2902157, 52.655893 ] ] } },
{ "type": "Feature", "properties": { "id": 67205, "nach": 0.51893825030724761 }, "geometry": { "type": "LineString", "coordinates": [ [ 1.2890786, 52.6562566 ], [ 1.2897663, 52.656035 ] ] } },
{ "type": "Feature", "properties": { "id": 74811, "nach": 0.65687453373610383 }, "geometry": { "type": "LineString", "coordinates": [ [ 1.2904209, 52.6559045 ], [ 1.2904204, 52.6559455 ], [ 1.2904216, 52.6559782 ], [ 1.2904183, 52.656010099999989 ], [ 1.290396, 52.656066 ] ] } },
{ "type": "Feature", "properties": { "id": 74810, "nach": 0.64124982868541303 }, "geometry": { "type": "LineString", "coordinates": [ [ 1.2904209, 52.6559045 ], [ 1.2904517, 52.6558596 ], [ 1.2904667, 52.6558387 ], [ 1.2904862, 52.655816 ], [ 1.2905196, 52.6557941 ], [ 1.2913822, 52.6555105 ], [ 1.2914449, 52.6554926 ] ] } },
{ "type": "Feature", "properties": { "id": 17495, "nach": 0.52983162225989511 }, "geometry": { "type": "LineString", "coordinates": [ [ 1.2902516, 52.6562349 ], [ 1.2902721, 52.656211 ], [ 1.290396, 52.656066 ] ] } },
{ "type": "Feature", "properties": { "id": 56878, "nach": 0.64786408184613697 }, "geometry": { "type": "LineString", "coordinates": [ [ 1.2906358, 52.65631 ], [ 1.290571, 52.656257 ], [ 1.290396, 52.656066 ] ] } },
{ "type": "Feature", "properties": { "id": 17494, "nach": 0.6462487771205041 }, "geometry": { "type": "LineString", "coordinates": [ [ 1.2902516, 52.6562349 ], [ 1.290183, 52.656223 ], [ 1.290105, 52.656226 ], [ 1.289731, 52.656345 ] ] } },
{ "type": "Feature", "properties": { "id": 77419, "nach": 0.64829269464520511 }, "geometry": { "type": "LineString", "coordinates": [ [ 1.2904234, 52.656321 ], [ 1.290346, 52.656279 ], [ 1.2902516, 52.6562349 ] ] } },
{ "type": "Feature", "properties": { "id": 56876, "nach": 0.66095393990608398 }, "geometry": { "type": "LineString", "coordinates": [ [ 1.2906358, 52.65631 ], [ 1.2906934, 52.6563412 ] ] } },
{ "type": "Feature", "properties": { "id": 77412, "nach": 0.60757043123740939 }, "geometry": { "type": "LineString", "coordinates": [ [ 1.2906593, 52.6562974 ], [ 1.2906358, 52.65631 ] ] } },
{ "type": "Feature", "properties": { "id": 67208, "nach": 0.48242087708404185 }, "geometry": { "type": "LineString", "coordinates": [ [ 1.2893841, 52.6564618 ], [ 1.2892391, 52.6565079 ] ] } },
{ "type": "Feature", "properties": { "id": 67209, "nach": 0.72306913300704523 }, "geometry": { "type": "LineString", "coordinates": [ [ 1.2893841, 52.6564618 ], [ 1.289731, 52.656345 ] ] } },
{ "type": "Feature", "properties": { "id": 67210, "nach": 0.72268709601392134 }, "geometry": { "type": "LineString", "coordinates": [ [ 1.2893841, 52.6564618 ], [ 1.2893071, 52.6563826 ], [ 1.2892294, 52.6563167 ], [ 1.2891462, 52.6562793 ], [ 1.2890786, 52.6562566 ] ] } },
{ "type": "Feature", "properties": { "id": 69504, "nach": 0.7270910120129378 }, "geometry": { "type": "LineString", "coordinates": [ [ 1.2880549, 52.6564971 ], [ 1.2875935, 52.6566464 ] ] } },
{ "type": "Feature", "properties": { "id": 69507, "nach": 0.47424758237786796 }, "geometry": { "type": "LineString", "coordinates": [ [ 1.2882228, 52.6570148 ], [ 1.2880549, 52.6564971 ] ] } },
{ "type": "Feature", "properties": { "id": 77415, "nach": 0.69830814072705216 }, "geometry": { "type": "LineString", "coordinates": [ [ 1.2898811, 52.6565144 ], [ 1.2897515, 52.6563682 ], [ 1.289731, 52.656345 ] ] } },
{ "type": "Feature", "properties": { "id": 77414, "nach": 0.69400721820614641 }, "geometry": { "type": "LineString", "coordinates": [ [ 1.2898811, 52.6565144 ], [ 1.28991, 52.656547 ] ] } },
{ "type": "Feature", "properties": { "id": 77422, "nach": 0.55839695533555767 }, "geometry": { "type": "LineString", "coordinates": [ [ 1.2902968, 52.6563622 ], [ 1.2901452, 52.6564175 ], [ 1.2901144, 52.6564387 ], [ 1.2898811, 52.6565144 ] ] } },
{ "type": "Feature", "properties": { "id": 17487, "nach": 0.68234973255338982 }, "geometry": { "type": "LineString", "coordinates": [ [ 1.28991, 52.656547 ], [ 1.2899954, 52.6566372 ] ] } },
{ "type": "Feature", "properties": { "id": 77430, "nach": 0.48289996794037604 }, "geometry": { "type": "LineString", "coordinates": [ [ 1.2900849, 52.6567417 ], [ 1.2899954, 52.6566372 ] ] } },
{ "type": "Feature", "properties": { "id": 77429, "nach": 0.68083169046936332 }, "geometry": { "type": "LineString", "coordinates": [ [ 1.290168, 52.65676040000001 ], [ 1.2901374, 52.656727 ], [ 1.290046, 52.6566274 ], [ 1.2899954, 52.6566372 ] ] } },
{ "type": "Feature", "properties": { "id": 17503, "nach": 0.56378920129344146 }, "geometry": { "type": "LineString", "coordinates": [ [ 1.2900254, 52.6572376 ], [ 1.289955, 52.657119 ], [ 1.2899092, 52.6571188 ], [ 1.2898193, 52.6569512 ], [ 1.289767, 52.6569406 ], [ 1.2897449, 52.6569138 ], [ 1.2897697, 52.656904 ], [ 1.2895632, 52.6566697 ], [ 1.289781, 52.656587 ], [ 1.28991, 52.656547 ] ] } },
{ "type": "Feature", "properties": { "id": 77428, "nach": 0.48264031728875217 }, "geometry": { "type": "LineString", "coordinates": [ [ 1.290168, 52.65676040000001 ], [ 1.290058, 52.6567564 ], [ 1.2900426, 52.6567637 ], [ 1.2900232, 52.6568609 ] ] } },
{ "type": "Feature", "properties": { "id": 77427, "nach": 0.68279028983174184 }, "geometry": { "type": "LineString", "coordinates": [ [ 1.290168, 52.65676040000001 ], [ 1.2903362, 52.656765300000011 ] ] } },
{ "type": "Feature", "properties": { "id": 17505, "nach": 0.49970998900351776 }, "geometry": { "type": "LineString", "coordinates": [ [ 1.2900254, 52.6572376 ], [ 1.2903472, 52.6571699 ], [ 1.290394, 52.65716 ] ] } },
{ "type": "Feature", "properties": { "id": 70420, "nach": 0.57423588291875494 }, "geometry": { "type": "LineString", "coordinates": [ [ 1.2901313, 52.6574221 ], [ 1.290075, 52.657321 ], [ 1.2900254, 52.6572376 ] ] } },
{ "type": "Feature", "properties": { "id": 17497, "nach": 0.69595349973529463 }, "geometry": { "type": "LineString", "coordinates": [ [ 1.2905785, 52.6564064 ], [ 1.2906934, 52.6563412 ] ] } },
{ "type": "Feature", "properties": { "id": 17525, "nach": 0.6408844725006978 }, "geometry": { "type": "LineString", "coordinates": [ [ 1.2912632, 52.6562675 ], [ 1.2911691, 52.6562566 ], [ 1.290982, 52.65627090000001 ], [ 1.290828, 52.6562949 ], [ 1.2906934, 52.6563412 ] ] } },
{ "type": "Feature", "properties": { "id": 67200, "nach": 0.47795328579366236 }, "geometry": { "type": "LineString", "coordinates": [ [ 1.2914759, 52.6564479 ], [ 1.291444, 52.656433 ], [ 1.291319, 52.656397 ], [ 1.291186, 52.656367 ], [ 1.291062, 52.656351 ], [ 1.290909, 52.656346 ], [ 1.2907595, 52.6563664 ], [ 1.2906934, 52.6563412 ] ] } },
{ "type": "Feature", "properties": { "id": 77418, "nach": 0.6404435046548238 }, "geometry": { "type": "LineString", "coordinates": [ [ 1.2904234, 52.656321 ], [ 1.290453, 52.656337 ], [ 1.2905349, 52.6563823 ], [ 1.2905785, 52.6564064 ] ] } },
{ "type": "Feature", "properties": { "id": 67195, "nach": 0.65959280516112095 }, "geometry": { "type": "LineString", "coordinates": [ [ 1.2903686, 52.6565998 ], [ 1.290377, 52.656576 ], [ 1.290454, 52.656468 ], [ 1.2905785, 52.6564064 ] ] } },
{ "type": "Feature", "properties": { "id": 17526, "nach": 0.63822446290728885 }, "geometry": { "type": "LineString", "coordinates": [ [ 1.291343, 52.6562879 ], [ 1.2912632, 52.6562675 ] ] } },
{ "type": "Feature", "properties": { "id": 57003, "nach": 0.50900354197377751 }, "geometry": { "type": "LineString", "coordinates": [ [ 1.2911944, 52.656219 ], [ 1.2912632, 52.6562675 ] ] } },
{ "type": "Feature", "properties": { "id": 67199, "nach": 0.43939535949825403 }, "geometry": { "type": "LineString", "coordinates": [ [ 1.2914759, 52.6564479 ], [ 1.291523, 52.65647 ], [ 1.29157, 52.656525 ], [ 1.291573, 52.656591 ], [ 1.291542, 52.656654 ], [ 1.291507, 52.656708 ], [ 1.2915462, 52.6567266 ] ] } },
{ "type": "Feature", "properties": { "id": 67201, "nach": 0.39774103307790432 }, "geometry": { "type": "LineString", "coordinates": [ [ 1.2914759, 52.6564479 ], [ 1.2913713, 52.6564774 ], [ 1.2912575, 52.656544 ], [ 1.2911274, 52.6565489 ], [ 1.2909729, 52.6565242 ], [ 1.2908591, 52.6566031 ], [ 1.2909241, 52.656714100000016 ], [ 1.2909485, 52.6568349 ] ] } },
{ "type": "Feature", "properties": { "id": 77420, "nach": 0.52624505907055386 }, "geometry": { "type": "LineString", "coordinates": [ [ 1.2902968, 52.6563622 ], [ 1.2904234, 52.656321 ] ] } },
{ "type": "Feature", "properties": { "id": 67193, "nach": 0.5543515031377747 }, "geometry": { "type": "LineString", "coordinates": [ [ 1.2903686, 52.6565998 ], [ 1.2905018, 52.6566309 ], [ 1.2906599, 52.6566747 ], [ 1.2909485, 52.6568349 ] ] } },
{ "type": "Feature", "properties": { "id": 77425, "nach": 0.65920346087184467 }, "geometry": { "type": "LineString", "coordinates": [ [ 1.2903362, 52.656765300000011 ], [ 1.290344, 52.65667 ], [ 1.2903686, 52.6565998 ] ] } },
{ "type": "Feature", "properties": { "id": 77421, "nach": 0.55471820847032804 }, "geometry": { "type": "LineString", "coordinates": [ [ 1.2902968, 52.6563622 ], [ 1.2903061, 52.656595699999983 ], [ 1.2903686, 52.6565998 ] ] } },
{ "type": "Feature", "properties": { "id": 77462, "nach": 0.71438321708678199 }, "geometry": { "type": "LineString", "coordinates": [ [ 1.2907253, 52.657511 ], [ 1.290394, 52.65716 ] ] } },
{ "type": "Feature", "properties": { "id": 77426, "nach": 0.71617014534674617 }, "geometry": { "type": "LineString", "coordinates": [ [ 1.2903362, 52.656765300000011 ], [ 1.290315, 52.657024 ], [ 1.290339, 52.657086 ], [ 1.290394, 52.65716 ] ] } },
{ "type": "Feature", "properties": { "id": 77463, "nach": 0.68035640809113052 }, "geometry": { "type": "LineString", "coordinates": [ [ 1.2907253, 52.657511 ], [ 1.290748, 52.657535 ] ] } },
{ "type": "Feature", "properties": { "id": 77464, "nach": 0.65682457728859711 }, "geometry": { "type": "LineString", "coordinates": [ [ 1.2907253, 52.657511 ], [ 1.2905638, 52.6575446 ] ] } },
{ "type": "Feature", "properties": { "id": 70419, "nach": 0.47778501605265561 }, "geometry": { "type": "LineString", "coordinates": [ [ 1.2901313, 52.6574221 ], [ 1.2899784, 52.6574552 ] ] } },
{ "type": "Feature", "properties": { "id": 70418, "nach": 0.57000228214390469 }, "geometry": { "type": "LineString", "coordinates": [ [ 1.2901313, 52.6574221 ], [ 1.2902584, 52.6573983 ] ] } },
{ "type": "Feature", "properties": { "id": 17509, "nach": 0.47153405304795681 }, "geometry": { "type": "LineString", "coordinates": [ [ 1.2919943, 52.65590250000001 ], [ 1.291754, 52.655955 ] ] } },
{ "type": "Feature", "properties": { "id": 79904, "nach": 0.44188178359834251 }, "geometry": { "type": "LineString", "coordinates": [ [ 1.2919598, 52.656151100000017 ], [ 1.291918, 52.656106 ], [ 1.291754, 52.655955 ] ] } },
{ "type": "Feature", "properties": { "id": 67212, "nach": 0.49579269448767005 }, "geometry": { "type": "LineString", "coordinates": [ [ 1.291447, 52.6560909 ], [ 1.291507, 52.656042 ], [ 1.291616, 52.655992 ], [ 1.291754, 52.655955 ] ] } },
{ "type": "Feature", "properties": { "id": 79903, "nach": 0.47117299559576514 }, "geometry": { "type": "LineString", "coordinates": [ [ 1.2919598, 52.656151100000017 ], [ 1.29202, 52.656216 ], [ 1.2921244, 52.656369699999978 ] ] } },
{ "type": "Feature", "properties": { "id": 79902, "nach": 0.53754516665075702 }, "geometry": { "type": "LineString", "coordinates": [ [ 1.2919598, 52.656151100000017 ], [ 1.291612, 52.6563592 ] ] } },
{ "type": "Feature", "properties": { "id": 67211, "nach": 0.53762765445390925 }, "geometry": { "type": "LineString", "coordinates": [ [ 1.291447, 52.6560909 ], [ 1.291431, 52.656104 ] ] } },
{ "type": "Feature", "properties": { "id": 67220, "nach": 0.366864093328857 }, "geometry": { "type": "LineString", "coordinates": [ [ 1.2912613, 52.6559959 ], [ 1.291299, 52.6560171 ], [ 1.291447, 52.6560909 ] ] } },
{ "type": "Feature", "properties": { "id": 67217, "nach": 0.48212366558837022 }, "geometry": { "type": "LineString", "coordinates": [ [ 1.2915665, 52.6556254 ], [ 1.2915011, 52.6555482 ], [ 1.2914449, 52.6554926 ] ] } },
{ "type": "Feature", "properties": { "id": 62832, "nach": 0.60082506901211574 }, "geometry": { "type": "LineString", "coordinates": [ [ 1.2932116, 52.6553903 ], [ 1.2931725, 52.655287599999987 ], [ 1.2930236, 52.6551717 ], [ 1.2928661, 52.6551461 ], [ 1.2927999, 52.6551151 ], [ 1.2927778, 52.655091899999988 ] ] } },
{ "type": "Feature", "properties": { "id": 17527, "nach": 0.55135741306693076 }, "geometry": { "type": "LineString", "coordinates": [ [ 1.291343, 52.6562879 ], [ 1.291383, 52.656172 ], [ 1.291431, 52.656104 ] ] } },
{ "type": "Feature", "properties": { "id": 57005, "nach": 0.42394357037839231 }, "geometry": { "type": "LineString", "coordinates": [ [ 1.2911944, 52.656219 ], [ 1.2913656, 52.6561125 ], [ 1.291431, 52.656104 ] ] } },
{ "type": "Feature", "properties": { "id": 79901, "nach": 0.61940856235126462 }, "geometry": { "type": "LineString", "coordinates": [ [ 1.291612, 52.6563592 ], [ 1.291578, 52.656342 ], [ 1.291462, 52.6563084 ], [ 1.291343, 52.6562879 ] ] } },
{ "type": "Feature", "properties": { "id": 57008, "nach": 0.4989338070551334 }, "geometry": { "type": "LineString", "coordinates": [ [ 1.2910456, 52.6561336 ], [ 1.2911944, 52.656219 ] ] } },
{ "type": "Feature", "properties": { "id": 79900, "nach": 0.61831600938926856 }, "geometry": { "type": "LineString", "coordinates": [ [ 1.291612, 52.6563592 ], [ 1.291677, 52.656392 ], [ 1.291767, 52.656458 ], [ 1.291875, 52.656564 ] ] } },
{ "type": "Feature", "properties": { "id": 38877, "nach": 0.53141715131348588 }, "geometry": { "type": "LineString", "coordinates": [ [ 1.2914254, 52.6569817 ], [ 1.291423, 52.656942 ], [ 1.291448, 52.656852 ], [ 1.291494, 52.656777 ], [ 1.2915462, 52.6567266 ] ] } },
{ "type": "Feature", "properties": { "id": 17536, "nach": 0.53667530951968034 }, "geometry": { "type": "LineString", "coordinates": [ [ 1.291875, 52.656564 ], [ 1.291757, 52.656601 ], [ 1.291657, 52.656646 ], [ 1.291576, 52.656701 ], [ 1.2915462, 52.6567266 ] ] } },
{ "type": "Feature", "properties": { "id": 38878, "nach": 0.47570790299316584 }, "geometry": { "type": "LineString", "coordinates": [ [ 1.2917938, 52.6569921 ], [ 1.2914254, 52.6569817 ] ] } },
{ "type": "Feature", "properties": { "id": 67203, "nach": 0.54617690792553986 }, "geometry": { "type": "LineString", "coordinates": [ [ 1.2914448, 52.6570708 ], [ 1.291428, 52.657024 ], [ 1.2914254, 52.6569817 ] ] } },
{ "type": "Feature", "properties": { "id": 17537, "nach": 0.63285499674252876 }, "geometry": { "type": "LineString", "coordinates": [ [ 1.291875, 52.656564 ], [ 1.291929, 52.656619 ], [ 1.2920143, 52.6566967 ], [ 1.2920982, 52.6567438 ], [ 1.2921876, 52.6567724 ] ] } },
{ "type": "Feature", "properties": { "id": 38874, "nach": 0.48069732300077211 }, "geometry": { "type": "LineString", "coordinates": [ [ 1.292058, 52.6569517 ], [ 1.2921276, 52.6569297 ], [ 1.2921679, 52.656792700000011 ], [ 1.2921876, 52.6567724 ] ] } },
{ "type": "Feature", "properties": { "id": 32620, "nach": 0.56394636350899852 }, "geometry": { "type": "LineString", "coordinates": [ [ 1.2934728, 52.656205400000012 ], [ 1.293565, 52.6562866 ] ] } },
{ "type": "Feature", "properties": { "id": 32639, "nach": 0.52682243478103719 }, "geometry": { "type": "LineString", "coordinates": [ [ 1.293586, 52.6568318 ], [ 1.2936079, 52.6567234 ], [ 1.2936307, 52.6565721 ], [ 1.2936133, 52.6564598 ], [ 1.2935919, 52.656376900000012 ], [ 1.2935691, 52.6563337 ], [ 1.293565, 52.6562866 ] ] } },
{ "type": "Feature", "properties": { "id": 81432, "nach": 0.51907376226844859 }, "geometry": { "type": "LineString", "coordinates": [ [ 1.2945276, 52.6564711 ], [ 1.2944488, 52.6564737 ], [ 1.2941846, 52.65645580000001 ], [ 1.293966, 52.6564118 ], [ 1.2938011, 52.6563744 ], [ 1.293616, 52.6563142 ], [ 1.293565, 52.6562866 ] ] } },
{ "type": "Feature", "properties": { "id": 32623, "nach": 0.58974450124652456 }, "geometry": { "type": "LineString", "coordinates": [ [ 1.2933275, 52.656217199999986 ], [ 1.2934728, 52.656205400000012 ] ] } },
{ "type": "Feature", "properties": { "id": 54295, "nach": 0.40190978308672731 }, "geometry": { "type": "LineString", "coordinates": [ [ 1.2935859, 52.6555639 ], [ 1.2935423, 52.6556146 ], [ 1.2934848, 52.6557187 ], [ 1.2934593, 52.6558111 ], [ 1.2934631, 52.655905 ], [ 1.2934736, 52.6560041 ], [ 1.2934671, 52.656132 ], [ 1.2934728, 52.656205400000012 ] ] } },
{ "type": "Feature", "properties": { "id": 54296, "nach": 0.47267985814722169 }, "geometry": { "type": "LineString", "coordinates": [ [ 1.293549, 52.6561884 ], [ 1.2935185, 52.656188 ], [ 1.2934728, 52.656205400000012 ] ] } },
{ "type": "Feature", "properties": { "id": 32640, "nach": 0.56627705775292447 }, "geometry": { "type": "LineString", "coordinates": [ [ 1.293586, 52.6568318 ], [ 1.2935865, 52.6569553 ], [ 1.2936023, 52.65707110000001 ], [ 1.2936534, 52.6571886 ] ] } },
{ "type": "Feature", "properties": { "id": 32642, "nach": 0.60559955913574381 }, "geometry": { "type": "LineString", "coordinates": [ [ 1.293586, 52.6568318 ], [ 1.2932683, 52.6568318 ], [ 1.2931513, 52.6568148 ], [ 1.2930554, 52.6568346 ] ] } },
{ "type": "Feature", "properties": { "id": 81433, "nach": 0.56584723856413222 }, "geometry": { "type": "LineString", "coordinates": [ [ 1.2945276, 52.6564711 ], [ 1.2942705, 52.6565209 ], [ 1.2939781, 52.6565989 ], [ 1.2938011, 52.656677 ], [ 1.293683, 52.6567519 ], [ 1.293586, 52.6568318 ] ] } },
{ "type": "Feature", "properties": { "id": 81438, "nach": 0.58592731581846236 }, "geometry": { "type": "LineString", "coordinates": [ [ 1.2951221, 52.6564761 ], [ 1.294941, 52.6564501 ], [ 1.2948377, 52.656455 ], [ 1.2946714, 52.6564663 ], [ 1.2945276, 52.6564711 ] ] } },
{ "type": "Feature", "properties": { "id": 32693, "nach": 0.6271663005435536 }, "geometry": { "type": "LineString", "coordinates": [ [ 1.2924544, 52.6581443 ], [ 1.2924147, 52.6590685 ] ] } },
{ "type": "Feature", "properties": { "id": 32695, "nach": 0.67451609750861796 }, "geometry": { "type": "LineString", "coordinates": [ [ 1.2924544, 52.6581443 ], [ 1.2925098, 52.6581919 ], [ 1.2926718, 52.6581933 ] ] } },
{ "type": "Feature", "properties": { "id": 67197, "nach": 0.67398734214827449 }, "geometry": { "type": "LineString", "coordinates": [ [ 1.2920259, 52.6580926 ], [ 1.2923323, 52.6581436 ], [ 1.2924544, 52.6581443 ] ] } },
{ "type": "Feature", "properties": { "id": 32636, "nach": 0.53993031562866789 }, "geometry": { "type": "LineString", "coordinates": [ [ 1.2930554, 52.6568346 ], [ 1.2930525, 52.656764399999986 ], [ 1.2930876, 52.6566846 ], [ 1.2930788, 52.656576400000013 ], [ 1.293035, 52.6564842 ], [ 1.2930379, 52.6564133 ], [ 1.2930818, 52.6562997 ], [ 1.2932133, 52.656227 ], [ 1.2933275, 52.656217199999986 ] ] } },
{ "type": "Feature", "properties": { "id": 32643, "nach": 0.57032232118360693 }, "geometry": { "type": "LineString", "coordinates": [ [ 1.2926718, 52.6581933 ], [ 1.2926766, 52.658121300000012 ], [ 1.2927444, 52.6579965 ], [ 1.2927257, 52.6577213 ], [ 1.2927491, 52.65761340000001 ], [ 1.2927865, 52.6574914 ], [ 1.2927771, 52.6574262 ], [ 1.2927888, 52.6573226 ], [ 1.2928309, 52.6572474 ], [ 1.2927888, 52.6570957 ], [ 1.2927678, 52.6570105 ], [ 1.2927491, 52.6569524 ], [ 1.2927748, 52.6569098 ], [ 1.2929385, 52.656863 ], [ 1.2930554, 52.6568346 ] ] } },
{ "type": "Feature", "properties": { "id": 17555, "nach": 0.55314547180708795 }, "geometry": { "type": "LineString", "coordinates": [ [ 1.2937465, 52.6571919 ], [ 1.2936534, 52.6571886 ] ] } },
{ "type": "Feature", "properties": { "id": 18157, "nach": 0.49731484933300718 }, "geometry": { "type": "LineString", "coordinates": [ [ 1.2932755, 52.6582618 ], [ 1.293329, 52.6581267 ], [ 1.2933612, 52.65793630000001 ], [ 1.2934256, 52.657746 ], [ 1.2935221, 52.6576044 ], [ 1.2936187, 52.657474300000011 ], [ 1.2936589, 52.6573978 ], [ 1.2936696, 52.6573213 ], [ 1.2936534, 52.6571886 ] ] } },
{ "type": "Feature", "properties": { "id": 17566, "nach": 0.44960837243549578 }, "geometry": { "type": "LineString", "coordinates": [ [ 1.2961324, 52.6570763 ], [ 1.2957851, 52.6570883 ], [ 1.2955288, 52.6571038 ], [ 1.2952921, 52.6571221 ], [ 1.2949281, 52.6571441 ], [ 1.2946762, 52.6571534 ], [ 1.294513, 52.6571657 ], [ 1.2942408, 52.6571794 ], [ 1.2937465, 52.6571919 ] ] } },
{ "type": "Feature", "properties": { "id": 54297, "nach": 0.50922350207453515 }, "geometry": { "type": "LineString", "coordinates": [ [ 1.2944232, 52.6583191 ], [ 1.2942371, 52.6580312 ], [ 1.2940923, 52.65773990000001 ], [ 1.293918, 52.6574503 ], [ 1.2937465, 52.6571919 ] ] } },
{ "type": "Feature", "properties": { "id": 18160, "nach": 0.62304920887674564 }, "geometry": { "type": "LineString", "coordinates": [ [ 1.2932755, 52.6582618 ], [ 1.2932823, 52.6583647 ], [ 1.2933079, 52.6585131 ] ] } },
{ "type": "Feature", "properties": { "id": 32646, "nach": 0.65433499428430408 }, "geometry": { "type": "LineString", "coordinates": [ [ 1.2926718, 52.6581933 ], [ 1.2927748, 52.658205 ], [ 1.2928379, 52.6582249 ], [ 1.2930297, 52.6582475 ], [ 1.2932755, 52.6582618 ] ] } },
{ "type": "Feature", "properties": { "id": 54299, "nach": 0.57727443970979908 }, "geometry": { "type": "LineString", "coordinates": [ [ 1.2944232, 52.6583191 ], [ 1.2942216, 52.6582807 ], [ 1.2940369, 52.658280699999985 ], [ 1.2938755, 52.6582807 ], [ 1.2937375, 52.658279300000011 ], [ 1.2936224, 52.6582787 ], [ 1.2934861, 52.6582787 ], [ 1.2932755, 52.6582618 ] ] } },
{ "type": "Feature", "properties": { "id": 32628, "nach": 0.54964858124235005 }, "geometry": { "type": "LineString", "coordinates": [ [ 1.2957874, 52.6562789 ], [ 1.2958781, 52.656117 ], [ 1.2959705, 52.655942699999983 ], [ 1.296025, 52.655869 ], [ 1.2960558, 52.6558234 ], [ 1.296055, 52.655821499999988 ] ] } },
{ "type": "Feature", "properties": { "id": 32634, "nach": 0.5546329764611575 }, "geometry": { "type": "LineString", "coordinates": [ [ 1.2957071, 52.656528 ], [ 1.2957141, 52.6564601 ], [ 1.2957481, 52.6563491 ], [ 1.2957874, 52.6562789 ] ] } },
{ "type": "Feature", "properties": { "id": 17565, "nach": 0.51045951837730952 }, "geometry": { "type": "LineString", "coordinates": [ [ 1.2961324, 52.6570763 ], [ 1.296202, 52.6570304 ] ] } },
{ "type": "Feature", "properties": { "id": 54301, "nach": 0.48045848480983466 }, "geometry": { "type": "LineString", "coordinates": [ [ 1.2947724, 52.6583918 ], [ 1.2948828, 52.658276 ], [ 1.2950309, 52.6581291 ], [ 1.2953313, 52.6578119 ], [ 1.295654, 52.6575088 ], [ 1.2960147, 52.6571688 ], [ 1.2961324, 52.6570763 ] ] } },
{ "type": "Feature", "properties": { "id": 81428, "nach": 0.54342627924716314 }, "geometry": { "type": "LineString", "coordinates": [ [ 1.2948577, 52.6589556 ], [ 1.2947628, 52.6588821 ], [ 1.2945536, 52.6585599 ], [ 1.2944232, 52.6583191 ] ] } },
{ "type": "Feature", "properties": { "id": 54302, "nach": 0.56121205125770424 }, "geometry": { "type": "LineString", "coordinates": [ [ 1.2947724, 52.6583918 ], [ 1.2946805, 52.6583816 ], [ 1.2944602, 52.6583261 ], [ 1.2944232, 52.6583191 ] ] } },
{ "type": "Feature", "properties": { "id": 17562, "nach": 0.53089610472948523 }, "geometry": { "type": "LineString", "coordinates": [ [ 1.296202, 52.6570304 ], [ 1.2963173, 52.6570743 ] ] } },
{ "type": "Feature", "properties": { "id": 18618, "nach": 0.44462593809200557 }, "geometry": { "type": "LineString", "coordinates": [ [ 1.2966228, 52.6581267 ], [ 1.2965932, 52.6579803 ], [ 1.2965391, 52.6577751 ], [ 1.2965041, 52.6575571 ], [ 1.2964791, 52.6574211 ], [ 1.2964271, 52.6572931 ], [ 1.2963676, 52.6571565 ], [ 1.2963173, 52.6570743 ] ] } },
{ "type": "Feature", "properties": { "id": 81448, "nach": 0.47999964301717274 }, "geometry": { "type": "LineString", "coordinates": [ [ 1.2990501, 52.6596121 ], [ 1.2989777, 52.6595698 ], [ 1.2983984, 52.659104500000012 ], [ 1.2978673, 52.658587099999984 ], [ 1.2976259, 52.658252 ], [ 1.2973255, 52.6577932 ], [ 1.2970568, 52.6574203 ], [ 1.2968154, 52.6572641 ], [ 1.2964774, 52.6570981 ], [ 1.2963173, 52.6570743 ] ] } },
{ "type": "Feature", "properties": { "id": 18634, "nach": 0.0 }, "geometry": { "type": "LineString", "coordinates": [ [ 1.2992289, 52.6596747 ], [ 1.2991231, 52.659539100000011 ], [ 1.2989771, 52.65934510000001 ], [ 1.2988661, 52.6592291 ], [ 1.2987561, 52.6591561 ], [ 1.2986551, 52.6591191 ], [ 1.2985641, 52.6590891 ], [ 1.2985401, 52.6590521 ], [ 1.2985341, 52.6590071 ], [ 1.2985181, 52.6589411 ], [ 1.2984571, 52.65884710000001 ], [ 1.2983861, 52.6587531 ], [ 1.2983231, 52.6586641 ], [ 1.2982851, 52.6585621 ], [ 1.2982681, 52.6584181 ], [ 1.2982521, 52.6581571 ], [ 1.2982521, 52.657976099999985 ], [ 1.2982471, 52.6577851 ], [ 1.2982301, 52.6576721 ], [ 1.2981328, 52.6574905 ], [ 1.2980872, 52.6574108 ], [ 1.2979236, 52.6572888 ], [ 1.2977551, 52.6571601 ], [ 1.2976125, 52.6570594 ], [ 1.2974676, 52.656982900000017 ], [ 1.2972718, 52.6569406 ], [ 1.2970304, 52.6569113 ], [ 1.2967676, 52.6568755 ], [ 1.2966335, 52.6568707 ], [ 1.2965155, 52.6568772 ], [ 1.2963921, 52.656903199999988 ], [ 1.2962501, 52.6569881 ], [ 1.296202, 52.6570304 ] ] } },
{ "type": "Feature", "properties": { "id": 81435, "nach": 0.527585576386155 }, "geometry": { "type": "LineString", "coordinates": [ [ 1.2957461, 52.6566182 ], [ 1.2957658, 52.6566634 ], [ 1.2958273, 52.6567518 ], [ 1.2959363, 52.65686860000001 ], [ 1.296202, 52.6570304 ] ] } },
{ "type": "Feature", "properties": { "id": 18623, "nach": 0.4339077236190223 }, "geometry": { "type": "LineString", "coordinates": [ [ 1.2967247, 52.658406499999984 ], [ 1.2966228, 52.6581267 ] ] } },
{ "type": "Feature", "properties": { "id": 18621, "nach": 0.43442738009577814 }, "geometry": { "type": "LineString", "coordinates": [ [ 1.2964047, 52.6582757 ], [ 1.2964868, 52.658235800000014 ], [ 1.2965716, 52.6581791 ], [ 1.2966228, 52.6581267 ] ] } },
{ "type": "Feature", "properties": { "id": 81447, "nach": 0.44506220728300611 }, "geometry": { "type": "LineString", "coordinates": [ [ 1.2990501, 52.6596121 ], [ 1.2992289, 52.6596747 ] ] } },
{ "type": "Feature", "properties": { "id": 81446, "nach": 0.45297048739063178 }, "geometry": { "type": "LineString", "coordinates": [ [ 1.2990501, 52.6596121 ], [ 1.2991145, 52.659765 ] ] } },
{ "type": "Feature", "properties": { "id": 18633, "nach": 0.47104617036335938 }, "geometry": { "type": "LineString", "coordinates": [ [ 1.2992289, 52.6596747 ], [ 1.2992607, 52.6597072 ], [ 1.2993648, 52.6597469 ] ] } },
{ "type": "Feature", "properties": { "id": 81436, "nach": 0.54439651683450097 }, "geometry": { "type": "LineString", "coordinates": [ [ 1.2957461, 52.6566182 ], [ 1.2957201, 52.6565749 ], [ 1.2957071, 52.656528 ] ] } },
{ "type": "Feature", "properties": { "id": 81439, "nach": 0.0 }, "geometry": { "type": "LineString", "coordinates": [ [ 1.2951221, 52.6564761 ], [ 1.295118, 52.6565599 ], [ 1.2951462, 52.656625 ], [ 1.2951985, 52.6566689 ], [ 1.295283, 52.6566925 ], [ 1.2953755, 52.6567014 ], [ 1.2954788, 52.6566949 ], [ 1.2955914, 52.6566673 ], [ 1.2957461, 52.6566182 ] ] } },
{ "type": "Feature", "properties": { "id": 54303, "nach": 0.51486942934246083 }, "geometry": { "type": "LineString", "coordinates": [ [ 1.2947724, 52.6583918 ], [ 1.2949209, 52.6583757 ], [ 1.2954259, 52.6583563 ], [ 1.2956808, 52.658308 ], [ 1.2958971, 52.6582996 ], [ 1.2962738, 52.6582779 ], [ 1.2964047, 52.6582757 ] ] } },
{ "type": "Feature", "properties": { "id": 17660, "nach": 0.42218145708044508 }, "geometry": { "type": "LineString", "coordinates": [ [ 1.280724, 52.657735 ], [ 1.280834, 52.657723 ] ] } },
{ "type": "Feature", "properties": { "id": 17659, "nach": 0.42267143785447725 }, "geometry": { "type": "LineString", "coordinates": [ [ 1.280724, 52.657735 ], [ 1.280637, 52.657744 ] ] } },
{ "type": "Feature", "properties": { "id": 17669, "nach": 0.49643311573094689 }, "geometry": { "type": "LineString", "coordinates": [ [ 1.281109, 52.6583838 ], [ 1.28105, 52.658315 ], [ 1.281012, 52.658283 ], [ 1.280919, 52.658237 ], [ 1.280891, 52.658201 ], [ 1.280872, 52.658161 ], [ 1.2808135, 52.6580215 ], [ 1.280755, 52.657882 ], [ 1.280735, 52.657799 ], [ 1.280724, 52.657735 ] ] } },
{ "type": "Feature", "properties": { "id": 17655, "nach": 0.46955958090097855 }, "geometry": { "type": "LineString", "coordinates": [ [ 1.280431, 52.657612 ], [ 1.280474, 52.657712 ] ] } },
{ "type": "Feature", "properties": { "id": 17662, "nach": 0.47004900335086003 }, "geometry": { "type": "LineString", "coordinates": [ [ 1.280593, 52.657686 ], [ 1.280474, 52.657712 ] ] } },
{ "type": "Feature", "properties": { "id": 17667, "nach": 0.44647166616647471 }, "geometry": { "type": "LineString", "coordinates": [ [ 1.281109, 52.6583838 ], [ 1.281221, 52.6583688 ] ] } },
{ "type": "Feature", "properties": { "id": 17670, "nach": 0.46910832469385638 }, "geometry": { "type": "LineString", "coordinates": [ [ 1.281841, 52.6576831 ], [ 1.281853, 52.6579476 ] ] } },
{ "type": "Feature", "properties": { "id": 17671, "nach": 0.61139649991286482 }, "geometry": { "type": "LineString", "coordinates": [ [ 1.281841, 52.6576831 ], [ 1.2816985, 52.657666 ] ] } },
{ "type": "Feature", "properties": { "id": 17681, "nach": 0.59200666368696486 }, "geometry": { "type": "LineString", "coordinates": [ [ 1.282071, 52.657708 ], [ 1.281841, 52.6576831 ] ] } },
{ "type": "Feature", "properties": { "id": 17674, "nach": 0.33834801386085178 }, "geometry": { "type": "LineString", "coordinates": [ [ 1.281629, 52.657965 ], [ 1.281809, 52.657961 ], [ 1.281853, 52.6579476 ] ] } },
{ "type": "Feature", "properties": { "id": 17677, "nach": 0.35202714719238604 }, "geometry": { "type": "LineString", "coordinates": [ [ 1.281853, 52.6579476 ], [ 1.2819065, 52.6579463 ], [ 1.282083, 52.657942 ] ] } },
{ "type": "Feature", "properties": { "id": 44263, "nach": 0.56117278130642312 }, "geometry": { "type": "LineString", "coordinates": [ [ 1.2816985, 52.657666 ], [ 1.281615, 52.657656 ] ] } },
{ "type": "Feature", "properties": { "id": 17672, "nach": 0.53792539833169417 }, "geometry": { "type": "LineString", "coordinates": [ [ 1.281615, 52.657656 ], [ 1.281629, 52.657965 ] ] } },
{ "type": "Feature", "properties": { "id": 17673, "nach": 0.0 }, "geometry": { "type": "LineString", "coordinates": [ [ 1.281615, 52.657656 ], [ 1.281369, 52.657628 ], [ 1.281375, 52.657872 ], [ 1.281407, 52.65797 ], [ 1.281535, 52.6579663 ] ] } },
{ "type": "Feature", "properties": { "id": 17675, "nach": 0.51198862438224801 }, "geometry": { "type": "LineString", "coordinates": [ [ 1.281535, 52.6579663 ], [ 1.281629, 52.657965 ] ] } },
{ "type": "Feature", "properties": { "id": 17692, "nach": 0.46037329320783182 }, "geometry": { "type": "LineString", "coordinates": [ [ 1.281633, 52.65832 ], [ 1.281542, 52.658121 ], [ 1.281535, 52.6579663 ] ] } },
{ "type": "Feature", "properties": { "id": 17680, "nach": 0.42597511022792789 }, "geometry": { "type": "LineString", "coordinates": [ [ 1.282071, 52.657708 ], [ 1.282083, 52.657942 ] ] } },
{ "type": "Feature", "properties": { "id": 17687, "nach": 0.43816068583390277 }, "geometry": { "type": "LineString", "coordinates": [ [ 1.282083, 52.657942 ], [ 1.282233, 52.657938 ], [ 1.282318, 52.657951 ] ] } },
{ "type": "Feature", "properties": { "id": 17708, "nach": 0.49048330819149016 }, "geometry": { "type": "LineString", "coordinates": [ [ 1.2827168, 52.6574942 ], [ 1.2826976, 52.6575449 ], [ 1.2826175, 52.657534300000016 ], [ 1.2826037, 52.6575807 ] ] } },
{ "type": "Feature", "properties": { "id": 17683, "nach": 0.57312820977499379 }, "geometry": { "type": "LineString", "coordinates": [ [ 1.282302, 52.657737 ], [ 1.282071, 52.657708 ] ] } },
{ "type": "Feature", "properties": { "id": 17682, "nach": 0.41471328674647351 }, "geometry": { "type": "LineString", "coordinates": [ [ 1.282302, 52.657737 ], [ 1.282318, 52.657951 ] ] } },
{ "type": "Feature", "properties": { "id": 17690, "nach": 0.54969397044672841 }, "geometry": { "type": "LineString", "coordinates": [ [ 1.282532, 52.657946 ], [ 1.282543, 52.657833 ], [ 1.282454, 52.657757 ], [ 1.282302, 52.657737 ] ] } },
{ "type": "Feature", "properties": { "id": 17688, "nach": 0.47822877636153499 }, "geometry": { "type": "LineString", "coordinates": [ [ 1.282318, 52.657951 ], [ 1.282532, 52.657946 ] ] } },
{ "type": "Feature", "properties": { "id": 17698, "nach": 0.57118947364229855 }, "geometry": { "type": "LineString", "coordinates": [ [ 1.28249, 52.658199 ], [ 1.282494, 52.658141 ], [ 1.282523, 52.658077 ], [ 1.282534, 52.658033 ], [ 1.28253, 52.657972 ], [ 1.282532, 52.657946 ] ] } },
{ "type": "Feature", "properties": { "id": 17694, "nach": 0.53131093501087001 }, "geometry": { "type": "LineString", "coordinates": [ [ 1.282626, 52.65824 ], [ 1.282561, 52.658236 ], [ 1.28249, 52.658199 ] ] } },
{ "type": "Feature", "properties": { "id": 17697, "nach": 0.52480970634676671 }, "geometry": { "type": "LineString", "coordinates": [ [ 1.28249, 52.658199 ], [ 1.282505, 52.658264 ], [ 1.282564, 52.658289 ], [ 1.2826183, 52.6582997 ] ] } },
{ "type": "Feature", "properties": { "id": 17701, "nach": 0.45581760670770832 }, "geometry": { "type": "LineString", "coordinates": [ [ 1.2826479, 52.6586636 ], [ 1.282555, 52.658728 ], [ 1.282455, 52.658753 ] ] } },
{ "type": "Feature", "properties": { "id": 17702, "nach": 0.53899316092551142 }, "geometry": { "type": "LineString", "coordinates": [ [ 1.2826325, 52.6587995 ], [ 1.2826479, 52.6586636 ] ] } },
{ "type": "Feature", "properties": { "id": 17716, "nach": 0.56985533351876905 }, "geometry": { "type": "LineString", "coordinates": [ [ 1.282711, 52.658308 ], [ 1.2826479, 52.6586636 ] ] } },
{ "type": "Feature", "properties": { "id": 17695, "nach": 0.43614242028835737 }, "geometry": { "type": "LineString", "coordinates": [ [ 1.2826183, 52.6582997 ], [ 1.282626, 52.65824 ] ] } },
{ "type": "Feature", "properties": { "id": 17714, "nach": 0.55144161791634871 }, "geometry": { "type": "LineString", "coordinates": [ [ 1.282723, 52.658222 ], [ 1.282626, 52.65824 ] ] } },
{ "type": "Feature", "properties": { "id": 17696, "nach": 0.51553659699719334 }, "geometry": { "type": "LineString", "coordinates": [ [ 1.2826183, 52.6582997 ], [ 1.282635, 52.658303 ], [ 1.282711, 52.658308 ] ] } },
{ "type": "Feature", "properties": { "id": 17718, "nach": 0.55213367155955717 }, "geometry": { "type": "LineString", "coordinates": [ [ 1.282716, 52.658279 ], [ 1.282711, 52.658308 ] ] } },
{ "type": "Feature", "properties": { "id": 17706, "nach": 0.45149410207463075 }, "geometry": { "type": "LineString", "coordinates": [ [ 1.282588, 52.659008 ], [ 1.282606, 52.658886 ], [ 1.2826325, 52.6587995 ] ] } },
{ "type": "Feature", "properties": { "id": 65911, "nach": 0.42799361643547268 }, "geometry": { "type": "LineString", "coordinates": [ [ 1.2805974, 52.6592535 ], [ 1.2807742, 52.6592045 ], [ 1.2818068, 52.659035 ], [ 1.2822377, 52.658950200000014 ], [ 1.2824615, 52.6589075 ], [ 1.282545, 52.658861 ], [ 1.2826325, 52.6587995 ] ] } },
{ "type": "Feature", "properties": { "id": 17721, "nach": 0.448693972753821 }, "geometry": { "type": "LineString", "coordinates": [ [ 1.283153, 52.658931 ], [ 1.282801, 52.658906 ], [ 1.28282, 52.65881 ], [ 1.282687, 52.658801 ], [ 1.2826325, 52.6587995 ] ] } },
{ "type": "Feature", "properties": { "id": 17719, "nach": 0.57870273496643909 }, "geometry": { "type": "LineString", "coordinates": [ [ 1.282716, 52.658279 ], [ 1.282723, 52.658222 ] ] } },
{ "type": "Feature", "properties": { "id": 60733, "nach": 0.61895124345890229 }, "geometry": { "type": "LineString", "coordinates": [ [ 1.2827295, 52.6581606 ], [ 1.282723, 52.658222 ] ] } },
{ "type": "Feature", "properties": { "id": 62443, "nach": 0.45203464333385612 }, "geometry": { "type": "LineString", "coordinates": [ [ 1.2834006, 52.6586524 ], [ 1.2834355, 52.658381 ], [ 1.2834267, 52.6583545 ], [ 1.2834093, 52.6583263 ], [ 1.2833802, 52.6583087 ], [ 1.2833454, 52.6583016 ], [ 1.282716, 52.658279 ] ] } },
{ "type": "Feature", "properties": { "id": 60734, "nach": 0.46191431557261642 }, "geometry": { "type": "LineString", "coordinates": [ [ 1.2827295, 52.6581606 ], [ 1.2834008, 52.6582031 ] ] } },
{ "type": "Feature", "properties": { "id": 17739, "nach": 0.56580638042515918 }, "geometry": { "type": "LineString", "coordinates": [ [ 1.2848076, 52.6624121 ], [ 1.2837101, 52.6624919 ], [ 1.2833925, 52.6625084 ], [ 1.2833114, 52.6625094 ], [ 1.28326, 52.662506299999983 ] ] } },
{ "type": "Feature", "properties": { "id": 62072, "nach": 0.57077331700208755 }, "geometry": { "type": "LineString", "coordinates": [ [ 1.2854515, 52.6623628 ], [ 1.2848076, 52.6624121 ] ] } },
{ "type": "Feature", "properties": { "id": 17830, "nach": 0.43819186828639323 }, "geometry": { "type": "LineString", "coordinates": [ [ 1.284977, 52.663213 ], [ 1.284842, 52.662551 ], [ 1.2848076, 52.6624121 ] ] } },
{ "type": "Feature", "properties": { "id": 62071, "nach": 0.57910677269778621 }, "geometry": { "type": "LineString", "coordinates": [ [ 1.2854515, 52.6623628 ], [ 1.2861566, 52.662316 ] ] } },
{ "type": "Feature", "properties": { "id": 62074, "nach": 0.44777379043142634 }, "geometry": { "type": "LineString", "coordinates": [ [ 1.2855363, 52.66292210000001 ], [ 1.28548, 52.6625466 ], [ 1.2854515, 52.6623628 ] ] } },
{ "type": "Feature", "properties": { "id": 17866, "nach": 0.44319626481696411 }, "geometry": { "type": "LineString", "coordinates": [ [ 1.2841368, 52.664127900000011 ], [ 1.284007, 52.66414 ] ] } },
{ "type": "Feature", "properties": { "id": 17867, "nach": 0.53197097128821302 }, "geometry": { "type": "LineString", "coordinates": [ [ 1.2841368, 52.664127900000011 ], [ 1.2841422, 52.6641481 ], [ 1.284159, 52.664211 ], [ 1.284283, 52.664211 ], [ 1.284425, 52.6641982 ] ] } },
{ "type": "Feature", "properties": { "id": 17868, "nach": 0.53162351298181643 }, "geometry": { "type": "LineString", "coordinates": [ [ 1.2841368, 52.664127900000011 ], [ 1.2841264, 52.6640891 ], [ 1.2841075, 52.6640027 ] ] } },
{ "type": "Feature", "properties": { "id": 17822, "nach": 0.44890803907336035 }, "geometry": { "type": "LineString", "coordinates": [ [ 1.283955, 52.664228 ], [ 1.283858, 52.6642361 ] ] } },
{ "type": "Feature", "properties": { "id": 17824, "nach": 0.61264816377941622 }, "geometry": { "type": "LineString", "coordinates": [ [ 1.2839834, 52.6640139 ], [ 1.283921, 52.664157 ], [ 1.283876, 52.664173 ], [ 1.283858, 52.6642361 ] ] } },
{ "type": "Feature", "properties": { "id": 17864, "nach": 0.53661704510839492 }, "geometry": { "type": "LineString", "coordinates": [ [ 1.2841075, 52.6640027 ], [ 1.2839834, 52.6640139 ] ] } },
{ "type": "Feature", "properties": { "id": 17857, "nach": 0.59208455141698124 }, "geometry": { "type": "LineString", "coordinates": [ [ 1.28408, 52.66388 ], [ 1.283967, 52.663937 ], [ 1.2839834, 52.6640139 ] ] } },
{ "type": "Feature", "properties": { "id": 17856, "nach": 0.57860832645276872 }, "geometry": { "type": "LineString", "coordinates": [ [ 1.28408, 52.66388 ], [ 1.284057, 52.663776 ] ] } },
{ "type": "Feature", "properties": { "id": 17860, "nach": 0.48221152712100002 }, "geometry": { "type": "LineString", "coordinates": [ [ 1.284106, 52.663995 ], [ 1.2840984, 52.6639615 ], [ 1.2840909, 52.663928100000014 ], [ 1.28408, 52.66388 ] ] } },
{ "type": "Feature", "properties": { "id": 17829, "nach": 0.43402932222503926 }, "geometry": { "type": "LineString", "coordinates": [ [ 1.283825, 52.663685 ], [ 1.284022, 52.663666 ] ] } },
{ "type": "Feature", "properties": { "id": 17846, "nach": 0.42465842039444751 }, "geometry": { "type": "LineString", "coordinates": [ [ 1.284273, 52.663457 ], [ 1.283974, 52.663484 ], [ 1.284022, 52.663666 ] ] } },
{ "type": "Feature", "properties": { "id": 17849, "nach": 0.5034756304422624 }, "geometry": { "type": "LineString", "coordinates": [ [ 1.284057, 52.663776 ], [ 1.284027, 52.663682 ], [ 1.284022, 52.663666 ] ] } },
{ "type": "Feature", "properties": { "id": 17845, "nach": 0.43171713377849175 }, "geometry": { "type": "LineString", "coordinates": [ [ 1.284273, 52.663457 ], [ 1.2843, 52.663566 ] ] } },
{ "type": "Feature", "properties": { "id": 17844, "nach": 0.44594229041490885 }, "geometry": { "type": "LineString", "coordinates": [ [ 1.284273, 52.663457 ], [ 1.28455, 52.6634321 ] ] } },
{ "type": "Feature", "properties": { "id": 17854, "nach": 0.56924970122130025 }, "geometry": { "type": "LineString", "coordinates": [ [ 1.284615, 52.663722 ], [ 1.284057, 52.663776 ] ] } },
{ "type": "Feature", "properties": { "id": 18237, "nach": 0.43137430424117307 }, "geometry": { "type": "LineString", "coordinates": [ [ 1.285516, 52.663396 ], [ 1.2851024, 52.6634378 ] ] } },
{ "type": "Feature", "properties": { "id": 17877, "nach": 0.47431793586161264 }, "geometry": { "type": "LineString", "coordinates": [ [ 1.28516, 52.663671 ], [ 1.2851024, 52.6634378 ] ] } },
{ "type": "Feature", "properties": { "id": 17836, "nach": 0.44237512687562791 }, "geometry": { "type": "LineString", "coordinates": [ [ 1.284827, 52.6634066 ], [ 1.285089, 52.663382 ], [ 1.2851024, 52.6634378 ] ] } },
{ "type": "Feature", "properties": { "id": 18239, "nach": 0.40783333209661654 }, "geometry": { "type": "LineString", "coordinates": [ [ 1.285516, 52.663396 ], [ 1.285569, 52.663633 ] ] } },
{ "type": "Feature", "properties": { "id": 18238, "nach": 0.41550017451337673 }, "geometry": { "type": "LineString", "coordinates": [ [ 1.285516, 52.663396 ], [ 1.285943, 52.663359 ] ] } },
{ "type": "Feature", "properties": { "id": 17876, "nach": 0.54181794086511015 }, "geometry": { "type": "LineString", "coordinates": [ [ 1.28516, 52.663671 ], [ 1.284686, 52.6637155 ] ] } },
{ "type": "Feature", "properties": { "id": 18229, "nach": 0.55346592397073324 }, "geometry": { "type": "LineString", "coordinates": [ [ 1.285569, 52.663633 ], [ 1.28516, 52.663671 ] ] } },
{ "type": "Feature", "properties": { "id": 17839, "nach": 0.42322910588854579 }, "geometry": { "type": "LineString", "coordinates": [ [ 1.28455, 52.6634321 ], [ 1.284827, 52.6634066 ] ] } },
{ "type": "Feature", "properties": { "id": 17843, "nach": 0.0 }, "geometry": { "type": "LineString", "coordinates": [ [ 1.284574, 52.66354 ], [ 1.284853, 52.663514 ], [ 1.284827, 52.6634066 ] ] } },
{ "type": "Feature", "properties": { "id": 17842, "nach": 0.48510550730114582 }, "geometry": { "type": "LineString", "coordinates": [ [ 1.284574, 52.66354 ], [ 1.28455, 52.6634321 ] ] } },
{ "type": "Feature", "properties": { "id": 17855, "nach": 0.51131903546386703 }, "geometry": { "type": "LineString", "coordinates": [ [ 1.284615, 52.663722 ], [ 1.284574, 52.66354 ] ] } },
{ "type": "Feature", "properties": { "id": 17853, "nach": 0.57877849269947124 }, "geometry": { "type": "LineString", "coordinates": [ [ 1.284615, 52.663722 ], [ 1.284686, 52.6637155 ] ] } },
{ "type": "Feature", "properties": { "id": 17879, "nach": 0.53011433185864876 }, "geometry": { "type": "LineString", "coordinates": [ [ 1.284744, 52.6639375 ], [ 1.284686, 52.6637155 ] ] } },
{ "type": "Feature", "properties": { "id": 17880, "nach": 0.48161832340300337 }, "geometry": { "type": "LineString", "coordinates": [ [ 1.284744, 52.6639375 ], [ 1.2841703, 52.6639892 ], [ 1.284106, 52.663995 ] ] } },
{ "type": "Feature", "properties": { "id": 17878, "nach": 0.55900414959734734 }, "geometry": { "type": "LineString", "coordinates": [ [ 1.284744, 52.6639375 ], [ 1.284821, 52.663931 ] ] } },
{ "type": "Feature", "properties": { "id": 17903, "nach": 0.44014383001021595 }, "geometry": { "type": "LineString", "coordinates": [ [ 1.284515, 52.66454 ], [ 1.284425, 52.6641982 ] ] } },
{ "type": "Feature", "properties": { "id": 17892, "nach": 0.5401994910424559 }, "geometry": { "type": "LineString", "coordinates": [ [ 1.2847675, 52.6641632 ], [ 1.284425, 52.6641982 ] ] } },
{ "type": "Feature", "properties": { "id": 17893, "nach": 0.55144855570590356 }, "geometry": { "type": "LineString", "coordinates": [ [ 1.2847675, 52.6641632 ], [ 1.28488, 52.664166 ] ] } },
{ "type": "Feature", "properties": { "id": 17904, "nach": 0.44238698876211319 }, "geometry": { "type": "LineString", "coordinates": [ [ 1.284842, 52.664462 ], [ 1.2847675, 52.6641632 ] ] } },
{ "type": "Feature", "properties": { "id": 17873, "nach": 0.56586251787530373 }, "geometry": { "type": "LineString", "coordinates": [ [ 1.284821, 52.663931 ], [ 1.2851916, 52.6638972 ] ] } },
{ "type": "Feature", "properties": { "id": 18259, "nach": 0.56992672947259337 }, "geometry": { "type": "LineString", "coordinates": [ [ 1.2856276, 52.6638614 ], [ 1.2855574, 52.6638672 ], [ 1.2851916, 52.6638972 ] ] } },
{ "type": "Feature", "properties": { "id": 17886, "nach": 0.33798213564227131 }, "geometry": { "type": "LineString", "coordinates": [ [ 1.285308, 52.664129 ], [ 1.285313, 52.664115 ], [ 1.285294, 52.664048 ], [ 1.285221, 52.664032 ], [ 1.2851916, 52.6638972 ] ] } },
{ "type": "Feature", "properties": { "id": 17890, "nach": 0.40837986314967983 }, "geometry": { "type": "LineString", "coordinates": [ [ 1.28488, 52.664166 ], [ 1.284821, 52.663931 ] ] } },
{ "type": "Feature", "properties": { "id": 18257, "nach": 0.55172680695875964 }, "geometry": { "type": "LineString", "coordinates": [ [ 1.2856276, 52.6638614 ], [ 1.285569, 52.663633 ] ] } },
{ "type": "Feature", "properties": { "id": 18265, "nach": 0.6138948934655587 }, "geometry": { "type": "LineString", "coordinates": [ [ 1.2857229, 52.66423 ], [ 1.2856276, 52.6638614 ] ] } },
{ "type": "Feature", "properties": { "id": 18262, "nach": 0.4888305146453274 }, "geometry": { "type": "LineString", "coordinates": [ [ 1.28601, 52.663821 ], [ 1.2860038, 52.663825 ], [ 1.2857062, 52.6638538 ], [ 1.2856276, 52.6638614 ] ] } },
{ "type": "Feature", "properties": { "id": 17887, "nach": 0.55629399046763983 }, "geometry": { "type": "LineString", "coordinates": [ [ 1.285308, 52.664129 ], [ 1.2852927, 52.664158699999987 ], [ 1.2852817, 52.66418 ], [ 1.285308, 52.664273 ] ] } },
{ "type": "Feature", "properties": { "id": 17889, "nach": 0.54946754727718305 }, "geometry": { "type": "LineString", "coordinates": [ [ 1.28488, 52.664166 ], [ 1.285308, 52.664129 ] ] } },
{ "type": "Feature", "properties": { "id": 18240, "nach": 0.55896584248052339 }, "geometry": { "type": "LineString", "coordinates": [ [ 1.285974, 52.663597 ], [ 1.285569, 52.663633 ] ] } },
{ "type": "Feature", "properties": { "id": 17884, "nach": 0.45174474097350376 }, "geometry": { "type": "LineString", "coordinates": [ [ 1.285168, 52.664285 ], [ 1.285308, 52.664273 ] ] } },
{ "type": "Feature", "properties": { "id": 18266, "nach": 0.57813215029624687 }, "geometry": { "type": "LineString", "coordinates": [ [ 1.2857229, 52.66423 ], [ 1.285557, 52.664249 ], [ 1.285308, 52.664273 ] ] } },
{ "type": "Feature", "properties": { "id": 18271, "nach": 0.6478842681982292 }, "geometry": { "type": "LineString", "coordinates": [ [ 1.285745, 52.664311 ], [ 1.285726, 52.664241 ], [ 1.2857229, 52.66423 ] ] } },
{ "type": "Feature", "properties": { "id": 17918, "nach": 0.42397982925859484 }, "geometry": { "type": "LineString", "coordinates": [ [ 1.286179, 52.658416 ], [ 1.285881, 52.658451 ] ] } },
{ "type": "Feature", "properties": { "id": 17917, "nach": 0.42905779756138679 }, "geometry": { "type": "LineString", "coordinates": [ [ 1.286179, 52.658416 ], [ 1.286199, 52.658489 ] ] } },
{ "type": "Feature", "properties": { "id": 17936, "nach": 0.50143638078036701 }, "geometry": { "type": "LineString", "coordinates": [ [ 1.286968, 52.658321 ], [ 1.286863, 52.658326 ], [ 1.286554, 52.658366 ], [ 1.286179, 52.658416 ] ] } },
{ "type": "Feature", "properties": { "id": 17934, "nach": 0.59254168463120371 }, "geometry": { "type": "LineString", "coordinates": [ [ 1.286968, 52.658321 ], [ 1.286918, 52.658169 ], [ 1.286926, 52.658095 ], [ 1.2869588, 52.6580592 ], [ 1.287006, 52.658028 ] ] } },
{ "type": "Feature", "properties": { "id": 17956, "nach": 0.61257795189577346 }, "geometry": { "type": "LineString", "coordinates": [ [ 1.287082, 52.658889 ], [ 1.2871043, 52.6588604 ], [ 1.287117, 52.658831 ], [ 1.287124, 52.658782 ], [ 1.287081, 52.658639 ], [ 1.286968, 52.658321 ] ] } },
{ "type": "Feature", "properties": { "id": 77603, "nach": 0.4308131189521418 }, "geometry": { "type": "LineString", "coordinates": [ [ 1.2868541, 52.6579022 ], [ 1.2869064, 52.65791680000001 ], [ 1.286936, 52.6579379 ], [ 1.2869494, 52.6579591 ], [ 1.2869534, 52.6579835 ], [ 1.2869494, 52.6580047 ], [ 1.287006, 52.658028 ] ] } },
{ "type": "Feature", "properties": { "id": 62451, "nach": 0.57912213571331439 }, "geometry": { "type": "LineString", "coordinates": [ [ 1.2871589, 52.6579849 ], [ 1.2870823, 52.6580011 ], [ 1.287006, 52.658028 ] ] } },
{ "type": "Feature", "properties": { "id": 62448, "nach": 0.54029997399310292 }, "geometry": { "type": "LineString", "coordinates": [ [ 1.2871589, 52.6579849 ], [ 1.287301, 52.657963 ] ] } },
{ "type": "Feature", "properties": { "id": 62452, "nach": 0.41468712922290407 }, "geometry": { "type": "LineString", "coordinates": [ [ 1.286924, 52.6573639 ], [ 1.2871116, 52.657818399999989 ], [ 1.2871589, 52.6579849 ] ] } },
{ "type": "Feature", "properties": { "id": 77602, "nach": 0.4890751729494846 }, "geometry": { "type": "LineString", "coordinates": [ [ 1.2868733, 52.6578098 ], [ 1.2868893, 52.6578508 ], [ 1.2869074, 52.6578704 ], [ 1.2869316, 52.6578838 ], [ 1.2869679, 52.6578948 ], [ 1.2871589, 52.6579849 ] ] } },
{ "type": "Feature", "properties": { "id": 17930, "nach": 0.4175106435628429 }, "geometry": { "type": "LineString", "coordinates": [ [ 1.287782, 52.657892 ], [ 1.287813, 52.65797 ] ] } },
{ "type": "Feature", "properties": { "id": 17933, "nach": 0.50991032813428805 }, "geometry": { "type": "LineString", "coordinates": [ [ 1.287782, 52.657892 ], [ 1.287632, 52.6579141 ], [ 1.2874541, 52.6579404 ], [ 1.287301, 52.657963 ] ] } },
{ "type": "Feature", "properties": { "id": 17932, "nach": 0.41698928336219204 }, "geometry": { "type": "LineString", "coordinates": [ [ 1.287782, 52.657892 ], [ 1.2878584, 52.6578814 ], [ 1.288035, 52.657857 ] ] } },
{ "type": "Feature", "properties": { "id": 17931, "nach": 0.4175106435628429 }, "geometry": { "type": "LineString", "coordinates": [ [ 1.287782, 52.657892 ], [ 1.287751, 52.657815 ] ] } },
{ "type": "Feature", "properties": { "id": 17927, "nach": 0.42543803861772239 }, "geometry": { "type": "LineString", "coordinates": [ [ 1.2873531, 52.658088 ], [ 1.287301, 52.657963 ] ] } },
{ "type": "Feature", "properties": { "id": 17955, "nach": 0.61602197145741999 }, "geometry": { "type": "LineString", "coordinates": [ [ 1.287082, 52.658889 ], [ 1.286996, 52.658876 ], [ 1.286888, 52.658882 ], [ 1.286308, 52.658958 ] ] } },
{ "type": "Feature", "properties": { "id": 17954, "nach": 0.6045068209051927 }, "geometry": { "type": "LineString", "coordinates": [ [ 1.287082, 52.658889 ], [ 1.287147, 52.658915 ], [ 1.287193, 52.658965 ], [ 1.287366, 52.6594572 ] ] } },
{ "type": "Feature", "properties": { "id": 84185, "nach": 0.61894416979399236 }, "geometry": { "type": "LineString", "coordinates": [ [ 1.2855445, 52.6590566 ], [ 1.286308, 52.658958 ] ] } },
{ "type": "Feature", "properties": { "id": 17943, "nach": 0.43334666898288632 }, "geometry": { "type": "LineString", "coordinates": [ [ 1.286672, 52.660041 ], [ 1.2863383, 52.659045 ], [ 1.286308, 52.658958 ] ] } },
{ "type": "Feature", "properties": { "id": 84187, "nach": 0.46364921198886777 }, "geometry": { "type": "LineString", "coordinates": [ [ 1.2855445, 52.6590566 ], [ 1.2855259, 52.6589933 ], [ 1.2855033, 52.6589252 ] ] } },
{ "type": "Feature", "properties": { "id": 17952, "nach": 0.42211735087872326 }, "geometry": { "type": "LineString", "coordinates": [ [ 1.287628, 52.659418 ], [ 1.287604, 52.6593533 ], [ 1.287285, 52.658494 ], [ 1.287546, 52.658458 ], [ 1.2878704, 52.6593161 ], [ 1.28791, 52.659421 ] ] } },
{ "type": "Feature", "properties": { "id": 17970, "nach": 0.3569521782730013 }, "geometry": { "type": "LineString", "coordinates": [ [ 1.288856, 52.659289 ], [ 1.2887893, 52.6592983 ], [ 1.2881891, 52.659382 ], [ 1.28791, 52.659421 ] ] } },
{ "type": "Feature", "properties": { "id": 17953, "nach": 0.48888389108161678 }, "geometry": { "type": "LineString", "coordinates": [ [ 1.287628, 52.659418 ], [ 1.287366, 52.6594572 ] ] } },
{ "type": "Feature", "properties": { "id": 61619, "nach": 0.60660643154905403 }, "geometry": { "type": "LineString", "coordinates": [ [ 1.2875311, 52.6600236 ], [ 1.287522, 52.659968 ], [ 1.287366, 52.6594572 ] ] } },
{ "type": "Feature", "properties": { "id": 61621, "nach": 0.60908965821132832 }, "geometry": { "type": "LineString", "coordinates": [ [ 1.28757, 52.660274 ], [ 1.2875311, 52.6600236 ] ] } },
{ "type": "Feature", "properties": { "id": 61629, "nach": 0.52334410576918822 }, "geometry": { "type": "LineString", "coordinates": [ [ 1.2876561, 52.6600063 ], [ 1.2875311, 52.6600236 ] ] } },
{ "type": "Feature", "properties": { "id": 17976, "nach": 0.62741863582398449 }, "geometry": { "type": "LineString", "coordinates": [ [ 1.289375, 52.658977 ], [ 1.28938, 52.658888 ], [ 1.289418, 52.658783 ], [ 1.289467, 52.658697 ] ] } },
{ "type": "Feature", "properties": { "id": 77523, "nach": 0.62841383458938083 }, "geometry": { "type": "LineString", "coordinates": [ [ 1.2900778, 52.6581531 ], [ 1.289953, 52.658226 ], [ 1.289822, 52.658325 ], [ 1.289625, 52.658504 ], [ 1.289515, 52.658624 ], [ 1.289467, 52.658697 ] ] } },
{ "type": "Feature", "properties": { "id": 17981, "nach": 0.62735623072361146 }, "geometry": { "type": "LineString", "coordinates": [ [ 1.289381, 52.659009 ], [ 1.289375, 52.658977 ] ] } },
{ "type": "Feature", "properties": { "id": 77522, "nach": 0.67121826517897287 }, "geometry": { "type": "LineString", "coordinates": [ [ 1.2900778, 52.6581531 ], [ 1.290092, 52.658146 ] ] } },
{ "type": "Feature", "properties": { "id": 77527, "nach": 0.62073126936892498 }, "geometry": { "type": "LineString", "coordinates": [ [ 1.2902257, 52.658391099999989 ], [ 1.2902404, 52.658372300000011 ], [ 1.2902364, 52.6583479 ], [ 1.2900778, 52.6581531 ] ] } },
{ "type": "Feature", "properties": { "id": 77446, "nach": 0.66198594945042977 }, "geometry": { "type": "LineString", "coordinates": [ [ 1.2903403, 52.6580617 ], [ 1.290273, 52.658078 ], [ 1.290092, 52.658146 ] ] } },
{ "type": "Feature", "properties": { "id": 77442, "nach": 0.5408213598206274 }, "geometry": { "type": "LineString", "coordinates": [ [ 1.2900689, 52.6578445 ], [ 1.2898993, 52.6578792 ], [ 1.2900026, 52.65802930000001 ], [ 1.290092, 52.658146 ] ] } },
{ "type": "Feature", "properties": { "id": 77445, "nach": 0.66431133139378029 }, "geometry": { "type": "LineString", "coordinates": [ [ 1.2903403, 52.6580617 ], [ 1.290487, 52.658026 ], [ 1.290605, 52.658002 ], [ 1.290773, 52.657981 ] ] } },
{ "type": "Feature", "properties": { "id": 77447, "nach": 0.47130897806110539 }, "geometry": { "type": "LineString", "coordinates": [ [ 1.2903403, 52.6580617 ], [ 1.2902136, 52.6578216 ], [ 1.290345, 52.6577948 ] ] } },
{ "type": "Feature", "properties": { "id": 77441, "nach": 0.47663425332272918 }, "geometry": { "type": "LineString", "coordinates": [ [ 1.2900689, 52.6578445 ], [ 1.2901216, 52.6578337 ] ] } },
{ "type": "Feature", "properties": { "id": 77449, "nach": 0.54968235116663211 }, "geometry": { "type": "LineString", "coordinates": [ [ 1.2902198, 52.6577686 ], [ 1.290046, 52.6578037 ], [ 1.2900689, 52.6578445 ] ] } },
{ "type": "Feature", "properties": { "id": 18153, "nach": 0.61040392068143257 }, "geometry": { "type": "LineString", "coordinates": [ [ 1.290925, 52.6579748 ], [ 1.2908761, 52.6579761 ], [ 1.290773, 52.657981 ] ] } },
{ "type": "Feature", "properties": { "id": 77458, "nach": 0.65947828224522298 }, "geometry": { "type": "LineString", "coordinates": [ [ 1.2906508, 52.6577159 ], [ 1.2907648, 52.6579388 ], [ 1.290773, 52.657981 ] ] } },
{ "type": "Feature", "properties": { "id": 67178, "nach": 0.57955970808765944 }, "geometry": { "type": "LineString", "coordinates": [ [ 1.2913266, 52.6579422 ], [ 1.290925, 52.6579748 ] ] } },
{ "type": "Feature", "properties": { "id": 77440, "nach": 0.67373715078209218 }, "geometry": { "type": "LineString", "coordinates": [ [ 1.2908348, 52.6576831 ], [ 1.290884, 52.657797 ], [ 1.290925, 52.6579748 ] ] } },
{ "type": "Feature", "properties": { "id": 67185, "nach": 0.67455380787596098 }, "geometry": { "type": "LineString", "coordinates": [ [ 1.2909309, 52.6582283 ], [ 1.290939, 52.658125 ], [ 1.290925, 52.6579748 ] ] } },
{ "type": "Feature", "properties": { "id": 77455, "nach": 0.28890332196711965 }, "geometry": { "type": "LineString", "coordinates": [ [ 1.2906508, 52.6577159 ], [ 1.2908348, 52.6576831 ] ] } },
{ "type": "Feature", "properties": { "id": 77456, "nach": 0.3866127799853592 }, "geometry": { "type": "LineString", "coordinates": [ [ 1.2906508, 52.6577159 ], [ 1.2904496, 52.6577574 ], [ 1.2903115, 52.65775 ], [ 1.2902198, 52.6577686 ] ] } },
{ "type": "Feature", "properties": { "id": 77461, "nach": 0.65804131878680805 }, "geometry": { "type": "LineString", "coordinates": [ [ 1.2905638, 52.6575446 ], [ 1.2905717, 52.6575711 ], [ 1.2906508, 52.6577159 ] ] } },
{ "type": "Feature", "properties": { "id": 67182, "nach": 0.60917097453548541 }, "geometry": { "type": "LineString", "coordinates": [ [ 1.2910298, 52.6574712 ], [ 1.290748, 52.657535 ] ] } },
{ "type": "Feature", "properties": { "id": 77439, "nach": 0.6740647463753755 }, "geometry": { "type": "LineString", "coordinates": [ [ 1.2908348, 52.6576831 ], [ 1.29082, 52.657649 ], [ 1.290748, 52.657535 ] ] } },
{ "type": "Feature", "properties": { "id": 67184, "nach": 0.58824323946718704 }, "geometry": { "type": "LineString", "coordinates": [ [ 1.2910298, 52.6574712 ], [ 1.2910664, 52.6575378 ], [ 1.2911843, 52.65774 ], [ 1.2913266, 52.6579422 ] ] } },
{ "type": "Feature", "properties": { "id": 67189, "nach": 0.57658301982835891 }, "geometry": { "type": "LineString", "coordinates": [ [ 1.2909485, 52.6568349 ], [ 1.2909119, 52.6570692 ], [ 1.2910298, 52.6574712 ] ] } },
{ "type": "Feature", "properties": { "id": 17982, "nach": 0.62780849849818032 }, "geometry": { "type": "LineString", "coordinates": [ [ 1.289381, 52.659009 ], [ 1.289406, 52.659108 ] ] } },
{ "type": "Feature", "properties": { "id": 18001, "nach": 0.5082757740709869 }, "geometry": { "type": "LineString", "coordinates": [ [ 1.289556, 52.659472 ], [ 1.289406, 52.659108 ] ] } },
{ "type": "Feature", "properties": { "id": 74914, "nach": 0.61561598431873954 }, "geometry": { "type": "LineString", "coordinates": [ [ 1.2894006, 52.6592179 ], [ 1.289373, 52.65915 ], [ 1.289406, 52.659108 ] ] } },
{ "type": "Feature", "properties": { "id": 17983, "nach": 0.46673713587570659 }, "geometry": { "type": "LineString", "coordinates": [ [ 1.289381, 52.659009 ], [ 1.289289, 52.659021 ], [ 1.289032, 52.659001 ] ] } },
{ "type": "Feature", "properties": { "id": 18000, "nach": 0.52614598664728218 }, "geometry": { "type": "LineString", "coordinates": [ [ 1.289556, 52.659472 ], [ 1.289493, 52.659445 ] ] } },
{ "type": "Feature", "properties": { "id": 74949, "nach": 0.56193256912789902 }, "geometry": { "type": "LineString", "coordinates": [ [ 1.2896544, 52.659573 ], [ 1.289633, 52.659569 ], [ 1.289585, 52.659533 ], [ 1.289556, 52.659472 ] ] } },
{ "type": "Feature", "properties": { "id": 74912, "nach": 0.46809819059551472 }, "geometry": { "type": "LineString", "coordinates": [ [ 1.2894006, 52.6592179 ], [ 1.2892823, 52.6592079 ] ] } },
{ "type": "Feature", "properties": { "id": 74922, "nach": 0.61696981845334209 }, "geometry": { "type": "LineString", "coordinates": [ [ 1.289464, 52.6593737 ], [ 1.289433, 52.6592975 ], [ 1.2894006, 52.6592179 ] ] } },
{ "type": "Feature", "properties": { "id": 74920, "nach": 0.61966042792915565 }, "geometry": { "type": "LineString", "coordinates": [ [ 1.289464, 52.6593737 ], [ 1.289493, 52.659445 ] ] } },
{ "type": "Feature", "properties": { "id": 74917, "nach": 0.61534716815963253 }, "geometry": { "type": "LineString", "coordinates": [ [ 1.2894963, 52.6595227 ], [ 1.2894766, 52.6594589 ], [ 1.289493, 52.659445 ] ] } },
{ "type": "Feature", "properties": { "id": 74921, "nach": 0.46736149129054727 }, "geometry": { "type": "LineString", "coordinates": [ [ 1.289464, 52.6593737 ], [ 1.2893321, 52.6593626 ] ] } },
{ "type": "Feature", "properties": { "id": 74916, "nach": 0.46863053936774851 }, "geometry": { "type": "LineString", "coordinates": [ [ 1.2894963, 52.6595227 ], [ 1.2893894, 52.6595131 ] ] } },
{ "type": "Feature", "properties": { "id": 74953, "nach": 0.61150148972247309 }, "geometry": { "type": "LineString", "coordinates": [ [ 1.2891348, 52.6598149 ], [ 1.2894949, 52.6595748 ], [ 1.2894963, 52.6595227 ] ] } },
{ "type": "Feature", "properties": { "id": 17994, "nach": 0.48461489692173332 }, "geometry": { "type": "LineString", "coordinates": [ [ 1.2889715, 52.6599238 ], [ 1.289061, 52.6601193 ] ] } },
{ "type": "Feature", "properties": { "id": 74924, "nach": 0.55048201264745789 }, "geometry": { "type": "LineString", "coordinates": [ [ 1.2890264, 52.660116 ], [ 1.289061, 52.6601193 ] ] } },
{ "type": "Feature", "properties": { "id": 17997, "nach": 0.54917469891962989 }, "geometry": { "type": "LineString", "coordinates": [ [ 1.2892238, 52.660129499999989 ], [ 1.289061, 52.6601193 ] ] } },
{ "type": "Feature", "properties": { "id": 74934, "nach": 0.6562118208618275 }, "geometry": { "type": "LineString", "coordinates": [ [ 1.2888438, 52.6600576 ], [ 1.2889715, 52.6599238 ] ] } },
{ "type": "Feature", "properties": { "id": 74910, "nach": 0.47290134085609942 }, "geometry": { "type": "LineString", "coordinates": [ [ 1.2888756, 52.659903400000012 ], [ 1.2889715, 52.6599238 ] ] } },
{ "type": "Feature", "properties": { "id": 74952, "nach": 0.65966155836208085 }, "geometry": { "type": "LineString", "coordinates": [ [ 1.2891348, 52.6598149 ], [ 1.2889715, 52.6599238 ] ] } },
{ "type": "Feature", "properties": { "id": 74925, "nach": 0.54453527224932186 }, "geometry": { "type": "LineString", "coordinates": [ [ 1.2890264, 52.660116 ], [ 1.2888082, 52.6600951 ] ] } },
{ "type": "Feature", "properties": { "id": 74927, "nach": 0.4738592723731872 }, "geometry": { "type": "LineString", "coordinates": [ [ 1.2890111, 52.660169099999983 ], [ 1.2890264, 52.660116 ] ] } },
{ "type": "Feature", "properties": { "id": 17998, "nach": 0.51969978163398456 }, "geometry": { "type": "LineString", "coordinates": [ [ 1.2892238, 52.660129499999989 ], [ 1.2893268, 52.6600937 ], [ 1.2893607, 52.6600625 ], [ 1.2894003, 52.6600312 ], [ 1.289431, 52.6600206 ] ] } },
{ "type": "Feature", "properties": { "id": 18020, "nach": 0.53970755460131714 }, "geometry": { "type": "LineString", "coordinates": [ [ 1.289778, 52.6600534 ], [ 1.289431, 52.6600206 ] ] } },
{ "type": "Feature", "properties": { "id": 74923, "nach": 0.47147297579942637 }, "geometry": { "type": "LineString", "coordinates": [ [ 1.2893079, 52.6600113 ], [ 1.289431, 52.6600206 ] ] } },
{ "type": "Feature", "properties": { "id": 74936, "nach": 0.64868856290361576 }, "geometry": { "type": "LineString", "coordinates": [ [ 1.2898956, 52.6595655 ], [ 1.289778, 52.6600534 ] ] } },
{ "type": "Feature", "properties": { "id": 18025, "nach": 0.41547780877503038 }, "geometry": { "type": "LineString", "coordinates": [ [ 1.2900651, 52.6600885 ], [ 1.2899627, 52.6600752 ], [ 1.289778, 52.6600534 ] ] } },
{ "type": "Feature", "properties": { "id": 74933, "nach": 0.6580363794988342 }, "geometry": { "type": "LineString", "coordinates": [ [ 1.2888438, 52.6600576 ], [ 1.2888082, 52.6600951 ] ] } },
{ "type": "Feature", "properties": { "id": 74935, "nach": 0.47362926787237275 }, "geometry": { "type": "LineString", "coordinates": [ [ 1.2888438, 52.6600576 ], [ 1.2887386, 52.6600373 ] ] } },
{ "type": "Feature", "properties": { "id": 74954, "nach": 0.61314051588246243 }, "geometry": { "type": "LineString", "coordinates": [ [ 1.2891348, 52.6598149 ], [ 1.2893099, 52.6598245 ], [ 1.2894135, 52.6598226 ], [ 1.2894674, 52.6598158 ], [ 1.2895142, 52.6597875 ], [ 1.289568, 52.6597517 ], [ 1.2895873, 52.6597265 ], [ 1.289626, 52.6596309 ], [ 1.2896544, 52.659573 ] ] } },
{ "type": "Feature", "properties": { "id": 74950, "nach": 0.64083652503858912 }, "geometry": { "type": "LineString", "coordinates": [ [ 1.2896544, 52.659573 ], [ 1.289729, 52.659587 ], [ 1.289839, 52.65958 ], [ 1.2898956, 52.6595655 ] ] } },
{ "type": "Feature", "properties": { "id": 64372, "nach": 0.59580153317668028 }, "geometry": { "type": "LineString", "coordinates": [ [ 1.2913981, 52.6590217 ], [ 1.29102, 52.658996 ], [ 1.290836, 52.658993 ], [ 1.2907267, 52.6590052 ] ] } },
{ "type": "Feature", "properties": { "id": 18008, "nach": 0.69860012600042076 }, "geometry": { "type": "LineString", "coordinates": [ [ 1.29046, 52.659226 ], [ 1.290522, 52.659124 ], [ 1.290576, 52.659067 ], [ 1.29065, 52.659025 ], [ 1.2907267, 52.6590052 ] ] } },
{ "type": "Feature", "properties": { "id": 77535, "nach": 0.69673285223162729 }, "geometry": { "type": "LineString", "coordinates": [ [ 1.2907015, 52.6589446 ], [ 1.2907128, 52.6589751 ], [ 1.2907267, 52.6590052 ] ] } },
{ "type": "Feature", "properties": { "id": 67167, "nach": 0.5881155018479074 }, "geometry": { "type": "LineString", "coordinates": [ [ 1.2918415, 52.6590419 ], [ 1.2915944, 52.6590339 ], [ 1.2913981, 52.6590217 ] ] } },
{ "type": "Feature", "properties": { "id": 64375, "nach": 0.46791836635850848 }, "geometry": { "type": "LineString", "coordinates": [ [ 1.2913755, 52.6587157 ], [ 1.2914885, 52.6587656 ], [ 1.2913981, 52.6590217 ] ] } },
{ "type": "Feature", "properties": { "id": 77491, "nach": 0.5136062678262493 }, "geometry": { "type": "LineString", "coordinates": [ [ 1.2901774, 52.659185 ], [ 1.29046, 52.659226 ] ] } },
{ "type": "Feature", "properties": { "id": 77495, "nach": 0.69328181802637223 }, "geometry": { "type": "LineString", "coordinates": [ [ 1.2903789, 52.6593137 ], [ 1.290405, 52.659294 ], [ 1.29046, 52.659226 ] ] } },
{ "type": "Feature", "properties": { "id": 77534, "nach": 0.70032141756035193 }, "geometry": { "type": "LineString", "coordinates": [ [ 1.2907015, 52.6589446 ], [ 1.290682, 52.658892 ], [ 1.290674, 52.658852 ], [ 1.29068, 52.658816 ], [ 1.290701, 52.658771 ], [ 1.290791, 52.658658 ], [ 1.2907999, 52.6586383 ] ] } },
{ "type": "Feature", "properties": { "id": 77536, "nach": 0.53479062086049944 }, "geometry": { "type": "LineString", "coordinates": [ [ 1.2907015, 52.6589446 ], [ 1.2906218, 52.658955400000011 ], [ 1.2903102, 52.6588928 ] ] } },
{ "type": "Feature", "properties": { "id": 77496, "nach": 0.62557787643709029 }, "geometry": { "type": "LineString", "coordinates": [ [ 1.2901385, 52.6592883 ], [ 1.2901774, 52.659185 ] ] } },
{ "type": "Feature", "properties": { "id": 77502, "nach": 0.47113765831504734 }, "geometry": { "type": "LineString", "coordinates": [ [ 1.2900822, 52.65917120000001 ], [ 1.2901774, 52.659185 ] ] } },
{ "type": "Feature", "properties": { "id": 77512, "nach": 0.62625646321679196 }, "geometry": { "type": "LineString", "coordinates": [ [ 1.290168, 52.659128 ], [ 1.2901667, 52.6591488 ], [ 1.2901774, 52.659185 ] ] } },
{ "type": "Feature", "properties": { "id": 77497, "nach": 0.43370889050950995 }, "geometry": { "type": "LineString", "coordinates": [ [ 1.2901385, 52.6592883 ], [ 1.2903789, 52.6593137 ] ] } },
{ "type": "Feature", "properties": { "id": 77501, "nach": 0.69111022204715722 }, "geometry": { "type": "LineString", "coordinates": [ [ 1.2902362, 52.6594142 ], [ 1.2903, 52.659373 ], [ 1.2903789, 52.6593137 ] ] } },
{ "type": "Feature", "properties": { "id": 77499, "nach": 0.71245646784856687 }, "geometry": { "type": "LineString", "coordinates": [ [ 1.2902362, 52.6594142 ], [ 1.2901399, 52.6594774 ] ] } },
{ "type": "Feature", "properties": { "id": 18028, "nach": 0.70971837598365894 }, "geometry": { "type": "LineString", "coordinates": [ [ 1.2901099, 52.6594957 ], [ 1.2901399, 52.6594774 ] ] } },
{ "type": "Feature", "properties": { "id": 67140, "nach": 0.52255623362041947 }, "geometry": { "type": "LineString", "coordinates": [ [ 1.2907307, 52.6597982 ], [ 1.2905888, 52.6597418 ], [ 1.2903095, 52.659574 ], [ 1.2902087, 52.6595231 ], [ 1.2901399, 52.6594774 ] ] } },
{ "type": "Feature", "properties": { "id": 77500, "nach": 0.62747221457784497 }, "geometry": { "type": "LineString", "coordinates": [ [ 1.2902362, 52.6594142 ], [ 1.2901385, 52.6592883 ] ] } },
{ "type": "Feature", "properties": { "id": 18027, "nach": 0.68240086708591341 }, "geometry": { "type": "LineString", "coordinates": [ [ 1.2901099, 52.6594957 ], [ 1.289998, 52.659531 ] ] } },
{ "type": "Feature", "properties": { "id": 37851, "nach": 0.64844597130882731 }, "geometry": { "type": "LineString", "coordinates": [ [ 1.2902585, 52.659822 ], [ 1.2903049, 52.6597005 ], [ 1.2902905, 52.6596254 ], [ 1.290271, 52.6595975 ], [ 1.2902447, 52.6595755 ], [ 1.2901837, 52.6595404 ], [ 1.2901099, 52.6594957 ] ] } },
{ "type": "Feature", "properties": { "id": 67141, "nach": 0.50362996561949702 }, "geometry": { "type": "LineString", "coordinates": [ [ 1.2907307, 52.6597982 ], [ 1.2907179, 52.6598585 ], [ 1.2906884, 52.6600098 ], [ 1.2906861, 52.6601362 ], [ 1.2906731, 52.6601932 ], [ 1.2906651, 52.6602283 ] ] } },
{ "type": "Feature", "properties": { "id": 77538, "nach": 0.53939788124256582 }, "geometry": { "type": "LineString", "coordinates": [ [ 1.2908496, 52.6599982 ], [ 1.2908748, 52.6598886 ], [ 1.2908468, 52.6598538 ], [ 1.2907307, 52.6597982 ] ] } },
{ "type": "Feature", "properties": { "id": 18015, "nach": 0.46580073495664126 }, "geometry": { "type": "LineString", "coordinates": [ [ 1.2900184, 52.659819400000011 ], [ 1.2900543, 52.659661 ], [ 1.2900453, 52.6595904 ], [ 1.289998, 52.659531 ] ] } },
{ "type": "Feature", "properties": { "id": 74938, "nach": 0.68122619293661024 }, "geometry": { "type": "LineString", "coordinates": [ [ 1.2898956, 52.6595655 ], [ 1.289929, 52.659557 ], [ 1.289998, 52.659531 ] ] } },
{ "type": "Feature", "properties": { "id": 37852, "nach": 0.52359385218025412 }, "geometry": { "type": "LineString", "coordinates": [ [ 1.2902585, 52.659822 ], [ 1.2901944, 52.6598763 ], [ 1.2901074, 52.659968 ], [ 1.2900651, 52.6600885 ] ] } },
{ "type": "Feature", "properties": { "id": 18055, "nach": 0.53939930736978103 }, "geometry": { "type": "LineString", "coordinates": [ [ 1.289958, 52.6602731 ], [ 1.2900038, 52.6602367 ], [ 1.2900453, 52.6601806 ], [ 1.2900651, 52.6600885 ] ] } },
{ "type": "Feature", "properties": { "id": 37855, "nach": 0.44931466141952908 }, "geometry": { "type": "LineString", "coordinates": [ [ 1.2904614, 52.6600796 ], [ 1.2903748, 52.6600885 ], [ 1.2902459, 52.6600998 ], [ 1.2901559, 52.6600989 ], [ 1.2900651, 52.6600885 ] ] } },
{ "type": "Feature", "properties": { "id": 37856, "nach": 0.63733596394399217 }, "geometry": { "type": "LineString", "coordinates": [ [ 1.2904614, 52.6600796 ], [ 1.290457, 52.6600489 ], [ 1.2904128, 52.6599589 ], [ 1.2903279, 52.659872299999989 ], [ 1.2902585, 52.659822 ] ] } },
{ "type": "Feature", "properties": { "id": 74940, "nach": 0.4907683733659966 }, "geometry": { "type": "LineString", "coordinates": [ [ 1.2902406, 52.6603243 ], [ 1.2901864, 52.660325 ], [ 1.2900893, 52.6603199 ], [ 1.2900946, 52.6602879 ], [ 1.290073, 52.660286 ], [ 1.2900648, 52.6603128 ], [ 1.289992, 52.6602953 ], [ 1.289958, 52.6602731 ] ] } },
{ "type": "Feature", "properties": { "id": 37854, "nach": 0.64022052859359802 }, "geometry": { "type": "LineString", "coordinates": [ [ 1.2904614, 52.6600796 ], [ 1.290462, 52.6601111 ], [ 1.2904804, 52.6601601 ], [ 1.2905357, 52.6602041 ], [ 1.2905905, 52.660225 ], [ 1.2906651, 52.6602283 ] ] } },
{ "type": "Feature", "properties": { "id": 77546, "nach": 0.64585490758903619 }, "geometry": { "type": "LineString", "coordinates": [ [ 1.2906834, 52.66043 ], [ 1.2907058, 52.6603245 ], [ 1.2906885, 52.6603225 ], [ 1.2906458, 52.6603177 ], [ 1.2906606, 52.660249 ], [ 1.2906651, 52.6602283 ] ] } },
{ "type": "Feature", "properties": { "id": 77545, "nach": 0.46464984402198878 }, "geometry": { "type": "LineString", "coordinates": [ [ 1.2906834, 52.66043 ], [ 1.2904593, 52.660411100000012 ], [ 1.2904243, 52.660380600000011 ], [ 1.2903609, 52.6603487 ], [ 1.2902778, 52.6603302 ], [ 1.2902406, 52.6603243 ] ] } },
{ "type": "Feature", "properties": { "id": 77547, "nach": 0.65114186470878421 }, "geometry": { "type": "LineString", "coordinates": [ [ 1.2906609, 52.6605443 ], [ 1.2906834, 52.66043 ] ] } },
{ "type": "Feature", "properties": { "id": 61626, "nach": 0.48166454778568996 }, "geometry": { "type": "LineString", "coordinates": [ [ 1.2877215, 52.6602557 ], [ 1.28757, 52.660274 ] ] } },
{ "type": "Feature", "properties": { "id": 61612, "nach": 0.4956108924118604 }, "geometry": { "type": "LineString", "coordinates": [ [ 1.2871265, 52.661485899999988 ], [ 1.287204, 52.662084 ], [ 1.287186, 52.662148 ], [ 1.2871778, 52.6621922 ] ] } },
{ "type": "Feature", "properties": { "id": 61611, "nach": 0.64527131968645257 }, "geometry": { "type": "LineString", "coordinates": [ [ 1.2871265, 52.661485899999988 ], [ 1.2872802, 52.6614764 ] ] } },
{ "type": "Feature", "properties": { "id": 58864, "nach": 0.60801632068320355 }, "geometry": { "type": "LineString", "coordinates": [ [ 1.2875757, 52.6621987 ], [ 1.287497, 52.662202 ], [ 1.2872793, 52.662194500000012 ], [ 1.2871778, 52.6621922 ] ] } },
{ "type": "Feature", "properties": { "id": 61608, "nach": 0.61189380113482961 }, "geometry": { "type": "LineString", "coordinates": [ [ 1.2870918, 52.6622309 ], [ 1.2871444, 52.6622137 ], [ 1.2871778, 52.6621922 ] ] } },
{ "type": "Feature", "properties": { "id": 58865, "nach": 0.0 }, "geometry": { "type": "LineString", "coordinates": [ [ 1.2875757, 52.6621987 ], [ 1.2876091, 52.6622577 ], [ 1.2876789, 52.6627185 ], [ 1.287703, 52.6628592 ], [ 1.2882596, 52.6628429 ], [ 1.2883776, 52.6628039 ], [ 1.2884769, 52.6627258 ], [ 1.2884769, 52.6626396 ], [ 1.288442, 52.6623419 ], [ 1.2883652, 52.6621007 ], [ 1.2883167, 52.6617338 ], [ 1.2883011, 52.6616161 ], [ 1.2882732, 52.6615321 ] ] } },
{ "type": "Feature", "properties": { "id": 58863, "nach": 0.61161373376572492 }, "geometry": { "type": "LineString", "coordinates": [ [ 1.2875757, 52.6621987 ], [ 1.2875596, 52.66208 ], [ 1.2876347, 52.6620149 ], [ 1.2875768, 52.6615635 ] ] } },
{ "type": "Feature", "properties": { "id": 61610, "nach": 0.45982185343600979 }, "geometry": { "type": "LineString", "coordinates": [ [ 1.2871529, 52.6625758 ], [ 1.2870918, 52.6622309 ] ] } },
{ "type": "Feature", "properties": { "id": 63609, "nach": 0.60016660854643822 }, "geometry": { "type": "LineString", "coordinates": [ [ 1.286429, 52.6622948 ], [ 1.2870446, 52.6622464 ], [ 1.2870918, 52.6622309 ] ] } },
{ "type": "Feature", "properties": { "id": 18074, "nach": 0.59312050378510162 }, "geometry": { "type": "LineString", "coordinates": [ [ 1.2895847, 52.6611285 ], [ 1.2896147, 52.6611235 ], [ 1.2896347, 52.6611115 ], [ 1.2896256, 52.6610084 ], [ 1.2896167, 52.6609078 ], [ 1.28957, 52.660896 ], [ 1.289569, 52.660856 ], [ 1.289594, 52.660802 ] ] } },
{ "type": "Feature", "properties": { "id": 18062, "nach": 0.59190340141494491 }, "geometry": { "type": "LineString", "coordinates": [ [ 1.2898894, 52.660764900000011 ], [ 1.2897387, 52.6607844 ], [ 1.28968, 52.660786 ], [ 1.289594, 52.660802 ] ] } },
{ "type": "Feature", "properties": { "id": 77593, "nach": 0.47171307313739902 }, "geometry": { "type": "LineString", "coordinates": [ [ 1.2892116, 52.6611786 ], [ 1.289116, 52.661183 ] ] } },
{ "type": "Feature", "properties": { "id": 77594, "nach": 0.51898739518106973 }, "geometry": { "type": "LineString", "coordinates": [ [ 1.2892116, 52.6611786 ], [ 1.289332, 52.661173 ], [ 1.289414, 52.661186 ] ] } },
{ "type": "Feature", "properties": { "id": 18047, "nach": 0.59864428809586478 }, "geometry": { "type": "LineString", "coordinates": [ [ 1.289453, 52.661284 ], [ 1.289446, 52.661224 ], [ 1.289414, 52.661186 ] ] } },
{ "type": "Feature", "properties": { "id": 18073, "nach": 0.59002383248299928 }, "geometry": { "type": "LineString", "coordinates": [ [ 1.2895847, 52.6611285 ], [ 1.289482, 52.661131099999984 ], [ 1.2894666, 52.6611515 ], [ 1.289414, 52.661186 ] ] } },
{ "type": "Feature", "properties": { "id": 18078, "nach": 0.5531548853888949 }, "geometry": { "type": "LineString", "coordinates": [ [ 1.289592, 52.661279 ], [ 1.289453, 52.661284 ] ] } },
{ "type": "Feature", "properties": { "id": 18080, "nach": 0.43189979997418393 }, "geometry": { "type": "LineString", "coordinates": [ [ 1.289592, 52.661279 ], [ 1.2895847, 52.6611285 ] ] } },
{ "type": "Feature", "properties": { "id": 18084, "nach": 0.54980817607567023 }, "geometry": { "type": "LineString", "coordinates": [ [ 1.289906, 52.661265 ], [ 1.289592, 52.661279 ] ] } },
{ "type": "Feature", "properties": { "id": 18106, "nach": 0.60854028829039408 }, "geometry": { "type": "LineString", "coordinates": [ [ 1.289561, 52.661737 ], [ 1.289465, 52.661739 ] ] } },
{ "type": "Feature", "properties": { "id": 77583, "nach": 0.55905060216661795 }, "geometry": { "type": "LineString", "coordinates": [ [ 1.2890669, 52.6618405 ], [ 1.2891148, 52.661788 ], [ 1.289244, 52.661778 ], [ 1.289245, 52.661748 ], [ 1.289465, 52.661739 ] ] } },
{ "type": "Feature", "properties": { "id": 77541, "nach": 0.58340489635463033 }, "geometry": { "type": "LineString", "coordinates": [ [ 1.2904491, 52.6606495 ], [ 1.290498, 52.660679 ] ] } },
{ "type": "Feature", "properties": { "id": 77549, "nach": 0.48471967484493333 }, "geometry": { "type": "LineString", "coordinates": [ [ 1.2906609, 52.6605443 ], [ 1.2906173, 52.66056780000001 ], [ 1.2904491, 52.6606495 ] ] } },
{ "type": "Feature", "properties": { "id": 74942, "nach": 0.47044047799970218 }, "geometry": { "type": "LineString", "coordinates": [ [ 1.2902426, 52.6602045 ], [ 1.2902406, 52.660227799999987 ], [ 1.2902406, 52.6602831 ], [ 1.2902406, 52.6603243 ] ] } },
{ "type": "Feature", "properties": { "id": 18076, "nach": 0.51092079391474654 }, "geometry": { "type": "LineString", "coordinates": [ [ 1.289909, 52.6610278 ], [ 1.2898894, 52.660764900000011 ] ] } },
{ "type": "Feature", "properties": { "id": 77584, "nach": 0.57069592264819258 }, "geometry": { "type": "LineString", "coordinates": [ [ 1.2901383, 52.6607789 ], [ 1.290085, 52.660767 ], [ 1.2898894, 52.660764900000011 ] ] } },
{ "type": "Feature", "properties": { "id": 77587, "nach": 0.52028118116799227 }, "geometry": { "type": "LineString", "coordinates": [ [ 1.2901841, 52.6610197 ], [ 1.289909, 52.6610278 ] ] } },
{ "type": "Feature", "properties": { "id": 18086, "nach": 0.56046679689431544 }, "geometry": { "type": "LineString", "coordinates": [ [ 1.289906, 52.661265 ], [ 1.289909, 52.6610278 ] ] } },
{ "type": "Feature", "properties": { "id": 77585, "nach": 0.53975460796963637 }, "geometry": { "type": "LineString", "coordinates": [ [ 1.2901383, 52.6607789 ], [ 1.290219, 52.660797 ], [ 1.2902846, 52.6608298 ] ] } },
{ "type": "Feature", "properties": { "id": 77588, "nach": 0.57982253051191446 }, "geometry": { "type": "LineString", "coordinates": [ [ 1.2901841, 52.6610197 ], [ 1.290158, 52.6609994 ], [ 1.2901383, 52.6607789 ] ] } },
{ "type": "Feature", "properties": { "id": 18070, "nach": 0.46546514933718502 }, "geometry": { "type": "LineString", "coordinates": [ [ 1.2902846, 52.6608298 ], [ 1.290392, 52.660764 ] ] } },
{ "type": "Feature", "properties": { "id": 18069, "nach": 0.46520494433061638 }, "geometry": { "type": "LineString", "coordinates": [ [ 1.2902846, 52.6608298 ], [ 1.290292, 52.6609412 ] ] } },
{ "type": "Feature", "properties": { "id": 77553, "nach": 0.6227252605543806 }, "geometry": { "type": "LineString", "coordinates": [ [ 1.2906972, 52.660569 ], [ 1.29056, 52.660644 ], [ 1.290498, 52.660679 ] ] } },
{ "type": "Feature", "properties": { "id": 67133, "nach": 0.65253677845404057 }, "geometry": { "type": "LineString", "coordinates": [ [ 1.2906286, 52.6607678 ], [ 1.290601, 52.660746 ], [ 1.290498, 52.660679 ] ] } },
{ "type": "Feature", "properties": { "id": 77552, "nach": 0.4702732836900913 }, "geometry": { "type": "LineString", "coordinates": [ [ 1.2906972, 52.660569 ], [ 1.2907909, 52.6605177 ], [ 1.2908051, 52.6604846 ], [ 1.2908402, 52.660315 ] ] } },
{ "type": "Feature", "properties": { "id": 77551, "nach": 0.58129028450250519 }, "geometry": { "type": "LineString", "coordinates": [ [ 1.2906972, 52.660569 ], [ 1.2908126, 52.6606472 ] ] } },
{ "type": "Feature", "properties": { "id": 77550, "nach": 0.65221595542489386 }, "geometry": { "type": "LineString", "coordinates": [ [ 1.2906972, 52.660569 ], [ 1.2906609, 52.6605443 ] ] } },
{ "type": "Feature", "properties": { "id": 67132, "nach": 0.48389403763900929 }, "geometry": { "type": "LineString", "coordinates": [ [ 1.2906286, 52.6607678 ], [ 1.2908383, 52.66066690000001 ] ] } },
{ "type": "Feature", "properties": { "id": 77592, "nach": 0.55629998512218382 }, "geometry": { "type": "LineString", "coordinates": [ [ 1.2902808, 52.6612833 ], [ 1.2902887, 52.661195 ], [ 1.2902538, 52.661183599999987 ], [ 1.290229, 52.6611564 ], [ 1.2901869, 52.6610282 ], [ 1.2901841, 52.6610197 ] ] } },
{ "type": "Feature", "properties": { "id": 18085, "nach": 0.58007317917563661 }, "geometry": { "type": "LineString", "coordinates": [ [ 1.289906, 52.661265 ], [ 1.289905, 52.66129 ] ] } },
{ "type": "Feature", "properties": { "id": 77590, "nach": 0.5299684828060659 }, "geometry": { "type": "LineString", "coordinates": [ [ 1.2902808, 52.6612833 ], [ 1.289905, 52.66129 ] ] } },
{ "type": "Feature", "properties": { "id": 18109, "nach": 0.54151126207236866 }, "geometry": { "type": "LineString", "coordinates": [ [ 1.289891, 52.661652 ], [ 1.289899, 52.661565 ], [ 1.289905, 52.66129 ] ] } },
{ "type": "Feature", "properties": { "id": 77591, "nach": 0.59180761745040866 }, "geometry": { "type": "LineString", "coordinates": [ [ 1.2902808, 52.6612833 ], [ 1.2903515, 52.661282 ] ] } },
{ "type": "Feature", "properties": { "id": 18111, "nach": 0.592590085410161 }, "geometry": { "type": "LineString", "coordinates": [ [ 1.289891, 52.661652 ], [ 1.289763, 52.661657 ], [ 1.289761, 52.661691 ], [ 1.289632, 52.661693 ], [ 1.289561, 52.661737 ] ] } },
{ "type": "Feature", "properties": { "id": 18128, "nach": 0.55097657794030308 }, "geometry": { "type": "LineString", "coordinates": [ [ 1.2904181, 52.6616076 ], [ 1.290354, 52.661636 ], [ 1.289891, 52.661652 ] ] } },
{ "type": "Feature", "properties": { "id": 18088, "nach": 0.46973576999983513 }, "geometry": { "type": "LineString", "coordinates": [ [ 1.2903562, 52.661175 ], [ 1.290357, 52.661154 ] ] } },
{ "type": "Feature", "properties": { "id": 18092, "nach": 0.54302813290214691 }, "geometry": { "type": "LineString", "coordinates": [ [ 1.290353, 52.661255 ], [ 1.2903562, 52.661175 ] ] } },
{ "type": "Feature", "properties": { "id": 18091, "nach": 0.46773235180650619 }, "geometry": { "type": "LineString", "coordinates": [ [ 1.290251, 52.6610268 ], [ 1.290254, 52.661094 ], [ 1.290256, 52.66114 ], [ 1.290295, 52.661165 ], [ 1.2903562, 52.661175 ] ] } },
{ "type": "Feature", "properties": { "id": 18096, "nach": 0.57813707398933867 }, "geometry": { "type": "LineString", "coordinates": [ [ 1.2903515, 52.661282 ], [ 1.290353, 52.661255 ] ] } },
{ "type": "Feature", "properties": { "id": 18095, "nach": 0.4701242482114687 }, "geometry": { "type": "LineString", "coordinates": [ [ 1.290493, 52.661257 ], [ 1.290353, 52.661255 ] ] } },
{ "type": "Feature", "properties": { "id": 18129, "nach": 0.59431308718531595 }, "geometry": { "type": "LineString", "coordinates": [ [ 1.2904181, 52.6616076 ], [ 1.290405, 52.661595 ], [ 1.290378, 52.661564 ], [ 1.290365, 52.661539 ], [ 1.290348, 52.661326 ], [ 1.2903515, 52.661282 ] ] } },
{ "type": "Feature", "properties": { "id": 18130, "nach": 0.62705371883549332 }, "geometry": { "type": "LineString", "coordinates": [ [ 1.2904181, 52.6616076 ], [ 1.290444, 52.6616291 ], [ 1.290468, 52.661649 ] ] } },
{ "type": "Feature", "properties": { "id": 18113, "nach": 0.60527463378827395 }, "geometry": { "type": "LineString", "coordinates": [ [ 1.28978, 52.661911 ], [ 1.289563, 52.661805 ], [ 1.289561, 52.661737 ] ] } },
{ "type": "Feature", "properties": { "id": 77582, "nach": 0.35828516826123641 }, "geometry": { "type": "LineString", "coordinates": [ [ 1.2890669, 52.6618405 ], [ 1.289061, 52.661862 ], [ 1.28907, 52.661937 ], [ 1.289381, 52.662097 ], [ 1.2897905, 52.6620871 ] ] } },
{ "type": "Feature", "properties": { "id": 18367, "nach": 0.446191598369927 }, "geometry": { "type": "LineString", "coordinates": [ [ 1.28886, 52.663328 ], [ 1.288841, 52.663237 ], [ 1.288829, 52.663187 ], [ 1.288816, 52.663172 ], [ 1.288753, 52.662918 ] ] } },
{ "type": "Feature", "properties": { "id": 18365, "nach": 0.43329573506373781 }, "geometry": { "type": "LineString", "coordinates": [ [ 1.28886, 52.663328 ], [ 1.288514, 52.663361 ] ] } },
{ "type": "Feature", "properties": { "id": 18369, "nach": 0.47503233142954693 }, "geometry": { "type": "LineString", "coordinates": [ [ 1.2891, 52.663491 ], [ 1.289056, 52.663309 ], [ 1.28886, 52.663328 ] ] } },
{ "type": "Feature", "properties": { "id": 18122, "nach": 0.60189015427842318 }, "geometry": { "type": "LineString", "coordinates": [ [ 1.2897905, 52.6620871 ], [ 1.28978, 52.661911 ] ] } },
{ "type": "Feature", "properties": { "id": 18118, "nach": 0.58706407021513352 }, "geometry": { "type": "LineString", "coordinates": [ [ 1.289923, 52.662033 ], [ 1.289916, 52.661957 ], [ 1.289873, 52.661955 ], [ 1.2898078, 52.6619242 ], [ 1.28978, 52.661911 ] ] } },
{ "type": "Feature", "properties": { "id": 18116, "nach": 0.47479581454379804 }, "geometry": { "type": "LineString", "coordinates": [ [ 1.289923, 52.662033 ], [ 1.289815, 52.662036 ] ] } },
{ "type": "Feature", "properties": { "id": 18119, "nach": 0.57229429322349201 }, "geometry": { "type": "LineString", "coordinates": [ [ 1.2901073, 52.66203 ], [ 1.289923, 52.662033 ] ] } },
{ "type": "Feature", "properties": { "id": 18132, "nach": 0.5448699254086703 }, "geometry": { "type": "LineString", "coordinates": [ [ 1.2902524, 52.6620262 ], [ 1.2901073, 52.66203 ] ] } },
{ "type": "Feature", "properties": { "id": 77577, "nach": 0.49083674164792251 }, "geometry": { "type": "LineString", "coordinates": [ [ 1.290115, 52.6621218 ], [ 1.2901073, 52.66203 ] ] } },
{ "type": "Feature", "properties": { "id": 18135, "nach": 0.57763329368408589 }, "geometry": { "type": "LineString", "coordinates": [ [ 1.29038, 52.6620229 ], [ 1.2902524, 52.6620262 ] ] } },
{ "type": "Feature", "properties": { "id": 77575, "nach": 0.51516133653688079 }, "geometry": { "type": "LineString", "coordinates": [ [ 1.2902579, 52.662118100000015 ], [ 1.2902524, 52.6620262 ] ] } },
{ "type": "Feature", "properties": { "id": 77579, "nach": 0.55089295886793654 }, "geometry": { "type": "LineString", "coordinates": [ [ 1.290115, 52.6621218 ], [ 1.2901323, 52.6623471 ] ] } },
{ "type": "Feature", "properties": { "id": 77578, "nach": 0.55520755552770651 }, "geometry": { "type": "LineString", "coordinates": [ [ 1.290115, 52.6621218 ], [ 1.2902579, 52.662118100000015 ] ] } },
{ "type": "Feature", "properties": { "id": 18136, "nach": 0.59698967408065506 }, "geometry": { "type": "LineString", "coordinates": [ [ 1.29038, 52.6620229 ], [ 1.29036, 52.661789 ], [ 1.290375, 52.661736 ], [ 1.290411, 52.661687 ], [ 1.290468, 52.661649 ] ] } },
{ "type": "Feature", "properties": { "id": 77568, "nach": 0.53471214087661811 }, "geometry": { "type": "LineString", "coordinates": [ [ 1.2904416, 52.6620213 ], [ 1.29038, 52.6620229 ] ] } },
{ "type": "Feature", "properties": { "id": 77574, "nach": 0.497238060751306 }, "geometry": { "type": "LineString", "coordinates": [ [ 1.2902579, 52.662118100000015 ], [ 1.2904472, 52.6621132 ] ] } },
{ "type": "Feature", "properties": { "id": 77569, "nach": 0.49987663816015421 }, "geometry": { "type": "LineString", "coordinates": [ [ 1.2904416, 52.6620213 ], [ 1.2904472, 52.6621132 ] ] } },
{ "type": "Feature", "properties": { "id": 77573, "nach": 0.0 }, "geometry": { "type": "LineString", "coordinates": [ [ 1.2905322, 52.662111 ], [ 1.2905284, 52.662019 ], [ 1.290515, 52.6620193 ], [ 1.2904416, 52.6620213 ] ] } },
{ "type": "Feature", "properties": { "id": 18143, "nach": 0.47195095670683768 }, "geometry": { "type": "LineString", "coordinates": [ [ 1.28974, 52.66257 ], [ 1.2898, 52.662515 ] ] } },
{ "type": "Feature", "properties": { "id": 18146, "nach": 0.54361790813108202 }, "geometry": { "type": "LineString", "coordinates": [ [ 1.2901323, 52.6623471 ], [ 1.2901006, 52.662348 ], [ 1.290107, 52.66247 ], [ 1.290065, 52.662505 ], [ 1.2898, 52.662515 ] ] } },
{ "type": "Feature", "properties": { "id": 77580, "nach": 0.46651221582439961 }, "geometry": { "type": "LineString", "coordinates": [ [ 1.2906937, 52.6623289 ], [ 1.2901323, 52.6623471 ] ] } },
{ "type": "Feature", "properties": { "id": 18401, "nach": 0.60060327111737766 }, "geometry": { "type": "LineString", "coordinates": [ [ 1.290852, 52.663078 ], [ 1.290762, 52.663114 ] ] } },
{ "type": "Feature", "properties": { "id": 18398, "nach": 0.58218056102390148 }, "geometry": { "type": "LineString", "coordinates": [ [ 1.29038, 52.663249 ], [ 1.290762, 52.663114 ] ] } },
{ "type": "Feature", "properties": { "id": 67187, "nach": 0.62819086568141191 }, "geometry": { "type": "LineString", "coordinates": [ [ 1.2909309, 52.6582283 ], [ 1.2911152, 52.6581814 ], [ 1.2913266, 52.6579422 ] ] } },
{ "type": "Feature", "properties": { "id": 67196, "nach": 0.67520922598718569 }, "geometry": { "type": "LineString", "coordinates": [ [ 1.2920259, 52.6580926 ], [ 1.2917291, 52.6579595 ], [ 1.2915461, 52.657917500000011 ], [ 1.2913266, 52.6579422 ] ] } },
{ "type": "Feature", "properties": { "id": 67186, "nach": 0.70109940412175065 }, "geometry": { "type": "LineString", "coordinates": [ [ 1.2909309, 52.6582283 ], [ 1.290927, 52.658278 ], [ 1.290862, 52.658501 ], [ 1.2908122, 52.65861120000001 ] ] } },
{ "type": "Feature", "properties": { "id": 32645, "nach": 0.0 }, "geometry": { "type": "LineString", "coordinates": [ [ 1.2926718, 52.6581933 ], [ 1.2926734, 52.6584029 ], [ 1.2927887, 52.6584973 ], [ 1.292947, 52.6585071 ], [ 1.2930891, 52.6584859 ], [ 1.2932071, 52.658494 ], [ 1.2933079, 52.6585131 ] ] } },
{ "type": "Feature", "properties": { "id": 40242, "nach": 0.61656341483262611 }, "geometry": { "type": "LineString", "coordinates": [ [ 1.2932869, 52.6588071 ], [ 1.2933081, 52.6587441 ], [ 1.2933379, 52.6586427 ], [ 1.2933079, 52.6585131 ] ] } },
{ "type": "Feature", "properties": { "id": 40241, "nach": 0.44905991182662086 }, "geometry": { "type": "LineString", "coordinates": [ [ 1.2932869, 52.6588071 ], [ 1.2932671, 52.6588661 ], [ 1.2932861, 52.6589261 ], [ 1.2936016, 52.6591425 ] ] } },
{ "type": "Feature", "properties": { "id": 40240, "nach": 0.56930968431472706 }, "geometry": { "type": "LineString", "coordinates": [ [ 1.2932869, 52.6588071 ], [ 1.2933317, 52.6588759 ], [ 1.2934403, 52.6589532 ], [ 1.2936187, 52.6590402 ], [ 1.2938091, 52.659087399999983 ] ] } },
{ "type": "Feature", "properties": { "id": 40244, "nach": 0.54547481140157172 }, "geometry": { "type": "LineString", "coordinates": [ [ 1.2929814, 52.6589343 ], [ 1.2930561, 52.6589071 ], [ 1.2931984, 52.6588553 ], [ 1.2932869, 52.6588071 ] ] } },
{ "type": "Feature", "properties": { "id": 18174, "nach": 0.39881425525711417 }, "geometry": { "type": "LineString", "coordinates": [ [ 1.2938091, 52.659087399999983 ], [ 1.2936016, 52.6591425 ] ] } },
{ "type": "Feature", "properties": { "id": 40247, "nach": 0.36696975868457793 }, "geometry": { "type": "LineString", "coordinates": [ [ 1.292902, 52.6590991 ], [ 1.2929219, 52.6591389 ], [ 1.2929042, 52.659158200000014 ], [ 1.2928759, 52.6591875 ], [ 1.2929074, 52.6592205 ], [ 1.2930234, 52.6592575 ], [ 1.2931823, 52.6592672 ], [ 1.2932688, 52.6592632 ], [ 1.2933795, 52.65922170000001 ], [ 1.2934948, 52.6591793 ], [ 1.2936016, 52.6591425 ] ] } },
{ "type": "Feature", "properties": { "id": 18173, "nach": 0.56599394485887422 }, "geometry": { "type": "LineString", "coordinates": [ [ 1.2938091, 52.659087399999983 ], [ 1.2941565, 52.6590963 ] ] } },
{ "type": "Feature", "properties": { "id": 40248, "nach": 0.4502108907156569 }, "geometry": { "type": "LineString", "coordinates": [ [ 1.292902, 52.6590991 ], [ 1.2928822, 52.6590622 ], [ 1.2928623, 52.659023800000014 ], [ 1.2929065, 52.658967 ], [ 1.2929814, 52.6589343 ] ] } },
{ "type": "Feature", "properties": { "id": 40251, "nach": 0.34071196097149042 }, "geometry": { "type": "LineString", "coordinates": [ [ 1.2929839, 52.6591299 ], [ 1.2929442, 52.6591246 ], [ 1.292902, 52.6590991 ] ] } },
{ "type": "Feature", "properties": { "id": 67166, "nach": 0.58785541386338835 }, "geometry": { "type": "LineString", "coordinates": [ [ 1.2918415, 52.6590419 ], [ 1.291961, 52.6590488 ] ] } },
{ "type": "Feature", "properties": { "id": 18167, "nach": 0.58831321704881001 }, "geometry": { "type": "LineString", "coordinates": [ [ 1.2924147, 52.6590685 ], [ 1.291961, 52.6590488 ] ] } },
{ "type": "Feature", "properties": { "id": 67198, "nach": 0.41367791039972424 }, "geometry": { "type": "LineString", "coordinates": [ [ 1.2920259, 52.6580926 ], [ 1.2920299, 52.65821840000001 ], [ 1.2920787, 52.6583688 ], [ 1.292095, 52.658484700000017 ], [ 1.2921002, 52.6585324 ], [ 1.2921232, 52.6585614 ], [ 1.2921781, 52.6586021 ], [ 1.2922188, 52.658632199999978 ], [ 1.2921586, 52.6586494 ], [ 1.2921002, 52.658684799999989 ], [ 1.2920471, 52.6587417 ], [ 1.2920064, 52.6587964 ], [ 1.291971, 52.6588801 ], [ 1.2919587, 52.6589821 ], [ 1.291961, 52.6590488 ] ] } },
{ "type": "Feature", "properties": { "id": 67172, "nach": 0.54372852600124078 }, "geometry": { "type": "LineString", "coordinates": [ [ 1.2918881, 52.6591635 ], [ 1.2918371, 52.6591618 ], [ 1.2918415, 52.6590419 ] ] } },
{ "type": "Feature", "properties": { "id": 81441, "nach": 0.52586784759041949 }, "geometry": { "type": "LineString", "coordinates": [ [ 1.2944381, 52.6590874 ], [ 1.2943791, 52.659083299999985 ], [ 1.2942731, 52.6590906 ], [ 1.2941565, 52.6590963 ] ] } },
{ "type": "Feature", "properties": { "id": 79906, "nach": 0.49795794326702997 }, "geometry": { "type": "LineString", "coordinates": [ [ 1.2944113, 52.6600464 ], [ 1.294394, 52.6599861 ], [ 1.294368, 52.659866500000014 ], [ 1.2943319, 52.6596912 ], [ 1.2943109, 52.6595192 ], [ 1.2943139, 52.6593652 ], [ 1.2942739, 52.6592032 ], [ 1.2941431, 52.65914810000001 ], [ 1.2941565, 52.6590963 ] ] } },
{ "type": "Feature", "properties": { "id": 81440, "nach": 0.49438055427682787 }, "geometry": { "type": "LineString", "coordinates": [ [ 1.2944381, 52.6590874 ], [ 1.2948577, 52.6589556 ] ] } },
{ "type": "Feature", "properties": { "id": 81443, "nach": 0.47637280894661382 }, "geometry": { "type": "LineString", "coordinates": [ [ 1.2948914, 52.6599033 ], [ 1.2948726, 52.6597869 ], [ 1.2948337, 52.6596755 ], [ 1.294801, 52.65963940000001 ], [ 1.2947385, 52.6595624 ], [ 1.2946567, 52.659447700000015 ], [ 1.2945642, 52.6592224 ], [ 1.2945199, 52.6591427 ], [ 1.2944971, 52.659111 ], [ 1.2944381, 52.6590874 ] ] } },
{ "type": "Feature", "properties": { "id": 79908, "nach": 0.44818204512412929 }, "geometry": { "type": "LineString", "coordinates": [ [ 1.2943053, 52.6600592 ], [ 1.2944113, 52.6600464 ] ] } },
{ "type": "Feature", "properties": { "id": 81425, "nach": 0.4551076206541258 }, "geometry": { "type": "LineString", "coordinates": [ [ 1.2947488, 52.660226099999988 ], [ 1.2946835, 52.6602075 ], [ 1.2945145, 52.6601424 ], [ 1.2944113, 52.6600464 ] ] } },
{ "type": "Feature", "properties": { "id": 67124, "nach": 0.59870504591542795 }, "geometry": { "type": "LineString", "coordinates": [ [ 1.2914765, 52.6608423 ], [ 1.2915616, 52.6609353 ], [ 1.2916403, 52.6610617 ] ] } },
{ "type": "Feature", "properties": { "id": 18203, "nach": 0.46365426480540856 }, "geometry": { "type": "LineString", "coordinates": [ [ 1.2923027, 52.6618045 ], [ 1.2921747, 52.6618585 ] ] } },
{ "type": "Feature", "properties": { "id": 18202, "nach": 0.46477164447862679 }, "geometry": { "type": "LineString", "coordinates": [ [ 1.2923027, 52.6618045 ], [ 1.2922481, 52.6617536 ] ] } },
{ "type": "Feature", "properties": { "id": 18204, "nach": 0.5394000091434783 }, "geometry": { "type": "LineString", "coordinates": [ [ 1.2923027, 52.6618045 ], [ 1.2924257, 52.6617515 ], [ 1.2925147, 52.6617175 ], [ 1.2925857, 52.6617075 ], [ 1.2926211, 52.6617072 ] ] } },
{ "type": "Feature", "properties": { "id": 18194, "nach": 0.45905756503607764 }, "geometry": { "type": "LineString", "coordinates": [ [ 1.291516, 52.662758 ], [ 1.291526, 52.662842 ] ] } },
{ "type": "Feature", "properties": { "id": 18475, "nach": 0.45371352345299099 }, "geometry": { "type": "LineString", "coordinates": [ [ 1.291777, 52.663212 ], [ 1.291559, 52.662967 ], [ 1.2915411, 52.6629259 ], [ 1.291526, 52.662842 ] ] } },
{ "type": "Feature", "properties": { "id": 18195, "nach": 0.53166170080364228 }, "geometry": { "type": "LineString", "coordinates": [ [ 1.291314, 52.662886 ], [ 1.291402, 52.662858 ], [ 1.291526, 52.662842 ] ] } },
{ "type": "Feature", "properties": { "id": 18403, "nach": 0.56727933663244201 }, "geometry": { "type": "LineString", "coordinates": [ [ 1.290852, 52.663078 ], [ 1.290925, 52.663049 ], [ 1.291196, 52.66293 ], [ 1.291314, 52.662886 ] ] } },
{ "type": "Feature", "properties": { "id": 18198, "nach": 0.45900671612680899 }, "geometry": { "type": "LineString", "coordinates": [ [ 1.2911147, 52.6626437 ], [ 1.291124, 52.662684 ], [ 1.291314, 52.662886 ] ] } },
{ "type": "Feature", "properties": { "id": 77558, "nach": 0.50885142872869182 }, "geometry": { "type": "LineString", "coordinates": [ [ 1.2910347, 52.6632779 ], [ 1.290852, 52.663078 ] ] } },
{ "type": "Feature", "properties": { "id": 18208, "nach": 0.23643954662085784 }, "geometry": { "type": "LineString", "coordinates": [ [ 1.2928075, 52.661941900000016 ], [ 1.2927427, 52.6619355 ], [ 1.2927147, 52.6619035 ], [ 1.2926167, 52.6618175 ], [ 1.2926067, 52.6617885 ], [ 1.2926211, 52.6617072 ] ] } },
{ "type": "Feature", "properties": { "id": 18206, "nach": 0.56010876900486317 }, "geometry": { "type": "LineString", "coordinates": [ [ 1.2928357, 52.6617452 ], [ 1.2928085, 52.6617436 ], [ 1.2927567, 52.6617355 ], [ 1.2927107, 52.6617195 ], [ 1.2926487, 52.66170850000001 ], [ 1.2926211, 52.6617072 ] ] } },
{ "type": "Feature", "properties": { "id": 18210, "nach": 0.56106331897254813 }, "geometry": { "type": "LineString", "coordinates": [ [ 1.2928075, 52.661941900000016 ], [ 1.2928167, 52.6619135 ], [ 1.2928317, 52.6618015 ], [ 1.2928357, 52.6617452 ] ] } },
{ "type": "Feature", "properties": { "id": 18214, "nach": 0.54108986936231163 }, "geometry": { "type": "LineString", "coordinates": [ [ 1.2927563, 52.6620323 ], [ 1.2927877, 52.6619875 ], [ 1.2928075, 52.661941900000016 ] ] } },
{ "type": "Feature", "properties": { "id": 18213, "nach": 0.46614286099673885 }, "geometry": { "type": "LineString", "coordinates": [ [ 1.2927563, 52.6620323 ], [ 1.2927328, 52.6620543 ], [ 1.2926665, 52.6620878 ] ] } },
{ "type": "Feature", "properties": { "id": 18215, "nach": 0.46681816755723043 }, "geometry": { "type": "LineString", "coordinates": [ [ 1.2928163, 52.66207210000001 ], [ 1.2927728, 52.6620391 ], [ 1.2927563, 52.6620323 ] ] } },
{ "type": "Feature", "properties": { "id": 81426, "nach": 0.43112315140152324 }, "geometry": { "type": "LineString", "coordinates": [ [ 1.2947488, 52.660226099999988 ], [ 1.2948149, 52.6602449 ], [ 1.2949415, 52.6602673 ], [ 1.2950537, 52.660287199999985 ], [ 1.295287, 52.6603149 ], [ 1.2954426, 52.66031 ], [ 1.295553, 52.6603026 ] ] } },
{ "type": "Feature", "properties": { "id": 18637, "nach": 0.46895995323291045 }, "geometry": { "type": "LineString", "coordinates": [ [ 1.2967662, 52.6604751 ], [ 1.2966697, 52.6604328 ], [ 1.2965919, 52.6603913 ], [ 1.2964967, 52.6603612 ], [ 1.296364, 52.6603326 ], [ 1.2962107, 52.6603158 ], [ 1.2960823, 52.6602953 ], [ 1.2959576, 52.6602872 ], [ 1.2957618, 52.6602831 ], [ 1.295553, 52.6603026 ] ] } },
{ "type": "Feature", "properties": { "id": 81444, "nach": 0.44079646134979861 }, "geometry": { "type": "LineString", "coordinates": [ [ 1.2948914, 52.6599033 ], [ 1.2949209, 52.6599984 ], [ 1.294941, 52.6600562 ], [ 1.2949879, 52.6601156 ], [ 1.2950295, 52.6601554 ], [ 1.2951757, 52.6602221 ], [ 1.2953433, 52.6602701 ], [ 1.295553, 52.6603026 ] ] } },
{ "type": "Feature", "properties": { "id": 81445, "nach": 0.31064834005734465 }, "geometry": { "type": "LineString", "coordinates": [ [ 1.2948914, 52.6599033 ], [ 1.2947479, 52.6601034 ], [ 1.2947264, 52.6601798 ], [ 1.2947488, 52.660226099999988 ] ] } },
{ "type": "Feature", "properties": { "id": 54311, "nach": 0.50506410744615382 }, "geometry": { "type": "LineString", "coordinates": [ [ 1.2968179, 52.660376200000016 ], [ 1.2967662, 52.6604751 ] ] } },
{ "type": "Feature", "properties": { "id": 32657, "nach": 0.0 }, "geometry": { "type": "LineString", "coordinates": [ [ 1.2997735, 52.6610669 ], [ 1.2994606, 52.6610897 ], [ 1.2991794, 52.661087699999989 ], [ 1.2989511, 52.6610861 ], [ 1.298739, 52.6611055 ], [ 1.2985861, 52.6611234 ], [ 1.2983984, 52.6611348 ], [ 1.2981597, 52.6611348 ], [ 1.2980061, 52.6611411 ], [ 1.2977651, 52.6611441 ], [ 1.297591, 52.661133200000016 ], [ 1.297473, 52.661099 ], [ 1.2973845, 52.66106 ], [ 1.2973013, 52.6609949 ], [ 1.2972477, 52.6609298 ], [ 1.2971806, 52.6608322 ], [ 1.2969929, 52.660663 ], [ 1.2968802, 52.6605638 ], [ 1.2967662, 52.6604751 ] ] } },
{ "type": "Feature", "properties": { "id": 87223, "nach": 0.46719432245633624 }, "geometry": { "type": "LineString", "coordinates": [ [ 1.2954832, 52.6610004 ], [ 1.2952632, 52.6610118 ], [ 1.2950808, 52.6610313 ], [ 1.294944, 52.6610882 ], [ 1.2948689, 52.661137 ], [ 1.2947617, 52.6611923 ], [ 1.2939324, 52.6614523 ] ] } },
{ "type": "Feature", "properties": { "id": 18562, "nach": 0.54720735911665264 }, "geometry": { "type": "LineString", "coordinates": [ [ 1.2956362, 52.6635787 ], [ 1.2955831, 52.66359 ], [ 1.2947049, 52.6637602 ], [ 1.294741, 52.663823 ] ] } },
{ "type": "Feature", "properties": { "id": 18564, "nach": 0.63012812731247636 }, "geometry": { "type": "LineString", "coordinates": [ [ 1.2956798, 52.6636592 ], [ 1.2956362, 52.6635787 ] ] } },
{ "type": "Feature", "properties": { "id": 18244, "nach": 0.55842630976990448 }, "geometry": { "type": "LineString", "coordinates": [ [ 1.285976, 52.663506 ], [ 1.285959, 52.663522 ], [ 1.285974, 52.663597 ] ] } },
{ "type": "Feature", "properties": { "id": 18264, "nach": 0.43820790562615014 }, "geometry": { "type": "LineString", "coordinates": [ [ 1.2860115, 52.6638142 ], [ 1.285998, 52.66377 ], [ 1.286018, 52.663744 ], [ 1.2859842, 52.663596 ] ] } },
{ "type": "Feature", "properties": { "id": 18300, "nach": 0.34234101651390203 }, "geometry": { "type": "LineString", "coordinates": [ [ 1.287186, 52.663486 ], [ 1.287174, 52.663487 ], [ 1.2870775, 52.6634955 ], [ 1.286981, 52.663504 ], [ 1.286952, 52.663506 ], [ 1.2868115, 52.663519 ], [ 1.286671, 52.663532 ], [ 1.286482, 52.663549 ], [ 1.286378, 52.6635595 ], [ 1.286274, 52.66357 ], [ 1.286139, 52.663582 ], [ 1.2860565, 52.6635895 ], [ 1.2859842, 52.663596 ] ] } },
{ "type": "Feature", "properties": { "id": 18282, "nach": 0.48446688851783815 }, "geometry": { "type": "LineString", "coordinates": [ [ 1.286432, 52.663775 ], [ 1.2860115, 52.6638142 ] ] } },
{ "type": "Feature", "properties": { "id": 18301, "nach": 0.57893553306105128 }, "geometry": { "type": "LineString", "coordinates": [ [ 1.287186, 52.663486 ], [ 1.287168, 52.663418 ], [ 1.287156, 52.663391 ], [ 1.287122, 52.663381 ] ] } },
{ "type": "Feature", "properties": { "id": 18312, "nach": 0.58250746496502304 }, "geometry": { "type": "LineString", "coordinates": [ [ 1.2875791, 52.6634487 ], [ 1.287186, 52.663486 ] ] } },
{ "type": "Feature", "properties": { "id": 18242, "nach": 0.46776259029028561 }, "geometry": { "type": "LineString", "coordinates": [ [ 1.285976, 52.663506 ], [ 1.285943, 52.663359 ] ] } },
{ "type": "Feature", "properties": { "id": 18250, "nach": 0.30177063792046566 }, "geometry": { "type": "LineString", "coordinates": [ [ 1.28627, 52.663232 ], [ 1.285919, 52.663263 ], [ 1.285943, 52.663359 ] ] } },
{ "type": "Feature", "properties": { "id": 18253, "nach": 0.5647905701147603 }, "geometry": { "type": "LineString", "coordinates": [ [ 1.286319, 52.663423 ], [ 1.286242, 52.663482 ], [ 1.285976, 52.663506 ] ] } },
{ "type": "Feature", "properties": { "id": 18248, "nach": 0.38830693349813983 }, "geometry": { "type": "LineString", "coordinates": [ [ 1.28627, 52.663232 ], [ 1.286726, 52.663187 ] ] } },
{ "type": "Feature", "properties": { "id": 18252, "nach": 0.45844701577421831 }, "geometry": { "type": "LineString", "coordinates": [ [ 1.286319, 52.663423 ], [ 1.28627, 52.663232 ] ] } },
{ "type": "Feature", "properties": { "id": 18254, "nach": 0.56473076136107903 }, "geometry": { "type": "LineString", "coordinates": [ [ 1.286772, 52.6633845 ], [ 1.286319, 52.663423 ] ] } },
{ "type": "Feature", "properties": { "id": 18255, "nach": 0.41102944461918245 }, "geometry": { "type": "LineString", "coordinates": [ [ 1.286772, 52.6633845 ], [ 1.286726, 52.663187 ] ] } },
{ "type": "Feature", "properties": { "id": 18295, "nach": 0.27627518331816842 }, "geometry": { "type": "LineString", "coordinates": [ [ 1.2870934, 52.663252 ], [ 1.287069, 52.663154 ], [ 1.286726, 52.663187 ] ] } },
{ "type": "Feature", "properties": { "id": 18298, "nach": 0.57393414208293014 }, "geometry": { "type": "LineString", "coordinates": [ [ 1.287122, 52.663381 ], [ 1.286819, 52.66341 ], [ 1.286772, 52.6633845 ] ] } },
{ "type": "Feature", "properties": { "id": 18302, "nach": 0.39465102517272771 }, "geometry": { "type": "LineString", "coordinates": [ [ 1.287521, 52.663211 ], [ 1.2870934, 52.663252 ] ] } },
{ "type": "Feature", "properties": { "id": 18296, "nach": 0.46834227559102093 }, "geometry": { "type": "LineString", "coordinates": [ [ 1.287122, 52.663381 ], [ 1.2870934, 52.663252 ] ] } },
{ "type": "Feature", "properties": { "id": 18290, "nach": 0.43745874918334016 }, "geometry": { "type": "LineString", "coordinates": [ [ 1.2861031, 52.6641842 ], [ 1.28601, 52.663821 ] ] } },
{ "type": "Feature", "properties": { "id": 18283, "nach": 0.51502472158139811 }, "geometry": { "type": "LineString", "coordinates": [ [ 1.286432, 52.663775 ], [ 1.286438, 52.663798 ], [ 1.2866328, 52.663883100000014 ] ] } },
{ "type": "Feature", "properties": { "id": 18281, "nach": 0.29907275075616591 }, "geometry": { "type": "LineString", "coordinates": [ [ 1.286432, 52.663775 ], [ 1.286656, 52.663757 ] ] } },
{ "type": "Feature", "properties": { "id": 18274, "nach": 0.53077640163951356 }, "geometry": { "type": "LineString", "coordinates": [ [ 1.285997, 52.664283 ], [ 1.285745, 52.664311 ] ] } },
{ "type": "Feature", "properties": { "id": 18272, "nach": 0.45615327898741975 }, "geometry": { "type": "LineString", "coordinates": [ [ 1.285997, 52.664283 ], [ 1.285973, 52.664197 ] ] } },
{ "type": "Feature", "properties": { "id": 18292, "nach": 0.45630905517854353 }, "geometry": { "type": "LineString", "coordinates": [ [ 1.2861265, 52.6642695 ], [ 1.285997, 52.664283 ] ] } },
{ "type": "Feature", "properties": { "id": 18284, "nach": 0.57962650242530878 }, "geometry": { "type": "LineString", "coordinates": [ [ 1.286657, 52.663989 ], [ 1.2866328, 52.663883100000014 ] ] } },
{ "type": "Feature", "properties": { "id": 18280, "nach": 0.52886592238587504 }, "geometry": { "type": "LineString", "coordinates": [ [ 1.286656, 52.663757 ], [ 1.286681, 52.663873 ], [ 1.2866328, 52.663883100000014 ] ] } },
{ "type": "Feature", "properties": { "id": 18322, "nach": 0.53016273677521908 }, "geometry": { "type": "LineString", "coordinates": [ [ 1.287268, 52.663958 ], [ 1.286997, 52.663987 ], [ 1.286989, 52.663958 ], [ 1.286657, 52.663989 ] ] } },
{ "type": "Feature", "properties": { "id": 18318, "nach": 0.53383937502955336 }, "geometry": { "type": "LineString", "coordinates": [ [ 1.287251, 52.663702 ], [ 1.286656, 52.663757 ] ] } },
{ "type": "Feature", "properties": { "id": 18329, "nach": 0.54439173168715893 }, "geometry": { "type": "LineString", "coordinates": [ [ 1.2876334, 52.663667 ], [ 1.287564, 52.6636734 ], [ 1.287251, 52.663702 ] ] } },
{ "type": "Feature", "properties": { "id": 18323, "nach": 0.34236140218192795 }, "geometry": { "type": "LineString", "coordinates": [ [ 1.287268, 52.663958 ], [ 1.287259, 52.663911 ], [ 1.287288, 52.66387 ], [ 1.287251, 52.663702 ] ] } },
{ "type": "Feature", "properties": { "id": 18324, "nach": 0.53758549986027804 }, "geometry": { "type": "LineString", "coordinates": [ [ 1.287297, 52.664059 ], [ 1.287268, 52.663958 ] ] } },
{ "type": "Feature", "properties": { "id": 18305, "nach": 0.37946210175739248 }, "geometry": { "type": "LineString", "coordinates": [ [ 1.287938, 52.663171 ], [ 1.287521, 52.663211 ] ] } },
{ "type": "Feature", "properties": { "id": 18314, "nach": 0.44209488981124145 }, "geometry": { "type": "LineString", "coordinates": [ [ 1.2875791, 52.6634487 ], [ 1.287521, 52.663211 ] ] } },
{ "type": "Feature", "properties": { "id": 18316, "nach": 0.45816084536432539 }, "geometry": { "type": "LineString", "coordinates": [ [ 1.287995, 52.66341 ], [ 1.2875791, 52.6634487 ] ] } },
{ "type": "Feature", "properties": { "id": 18327, "nach": 0.59107265815487342 }, "geometry": { "type": "LineString", "coordinates": [ [ 1.2876334, 52.663667 ], [ 1.2875791, 52.6634487 ] ] } },
{ "type": "Feature", "properties": { "id": 18317, "nach": 0.41954631292840672 }, "geometry": { "type": "LineString", "coordinates": [ [ 1.287995, 52.66341 ], [ 1.287938, 52.663171 ] ] } },
{ "type": "Feature", "properties": { "id": 18364, "nach": 0.0 }, "geometry": { "type": "LineString", "coordinates": [ [ 1.288514, 52.663361 ], [ 1.288451, 52.663067 ], [ 1.287923, 52.663118 ], [ 1.287938, 52.663171 ] ] } },
{ "type": "Feature", "properties": { "id": 18357, "nach": 0.49914837337332568 }, "geometry": { "type": "LineString", "coordinates": [ [ 1.288463, 52.663367 ], [ 1.287995, 52.66341 ] ] } },
{ "type": "Feature", "properties": { "id": 18363, "nach": 0.49124546934785129 }, "geometry": { "type": "LineString", "coordinates": [ [ 1.288514, 52.663361 ], [ 1.288463, 52.663367 ] ] } },
{ "type": "Feature", "properties": { "id": 18360, "nach": 0.6060706913492222 }, "geometry": { "type": "LineString", "coordinates": [ [ 1.288438, 52.663592 ], [ 1.288028, 52.663626 ] ] } },
{ "type": "Feature", "properties": { "id": 18328, "nach": 0.60296616325116048 }, "geometry": { "type": "LineString", "coordinates": [ [ 1.2876334, 52.663667 ], [ 1.287712, 52.663658 ], [ 1.288028, 52.663626 ] ] } },
{ "type": "Feature", "properties": { "id": 18336, "nach": 0.28517293327367327 }, "geometry": { "type": "LineString", "coordinates": [ [ 1.288118, 52.664013 ], [ 1.288108, 52.663974 ], [ 1.288028, 52.663626 ] ] } },
{ "type": "Feature", "properties": { "id": 18372, "nach": 0.55468011978715848 }, "geometry": { "type": "LineString", "coordinates": [ [ 1.288507, 52.663551 ], [ 1.288438, 52.663592 ] ] } },
{ "type": "Feature", "properties": { "id": 18375, "nach": 0.62368835195034122 }, "geometry": { "type": "LineString", "coordinates": [ [ 1.288645, 52.663687 ], [ 1.288464, 52.663703 ], [ 1.288438, 52.663592 ] ] } },
{ "type": "Feature", "properties": { "id": 18337, "nach": 0.40793311897953399 }, "geometry": { "type": "LineString", "coordinates": [ [ 1.2877254, 52.664018 ], [ 1.28764, 52.663698 ], [ 1.2876334, 52.663667 ] ] } },
{ "type": "Feature", "properties": { "id": 18390, "nach": 0.51031510916747846 }, "geometry": { "type": "LineString", "coordinates": [ [ 1.2885095, 52.6639793 ], [ 1.288118, 52.664013 ] ] } },
{ "type": "Feature", "properties": { "id": 18343, "nach": 0.50057893134806819 }, "geometry": { "type": "LineString", "coordinates": [ [ 1.2877332, 52.664051 ], [ 1.288118, 52.664013 ] ] } },
{ "type": "Feature", "properties": { "id": 18373, "nach": 0.53716801077422738 }, "geometry": { "type": "LineString", "coordinates": [ [ 1.288507, 52.663551 ], [ 1.288473, 52.663409 ], [ 1.288463, 52.663367 ] ] } },
{ "type": "Feature", "properties": { "id": 18333, "nach": 0.0 }, "geometry": { "type": "LineString", "coordinates": [ [ 1.2877446, 52.664099 ], [ 1.2876435, 52.6641087 ], [ 1.2873487, 52.6641371 ], [ 1.287315, 52.66414 ], [ 1.287297, 52.664059 ] ] } },
{ "type": "Feature", "properties": { "id": 18339, "nach": 0.54150034727616747 }, "geometry": { "type": "LineString", "coordinates": [ [ 1.2877254, 52.664018 ], [ 1.2876522, 52.664025 ], [ 1.287297, 52.664059 ] ] } },
{ "type": "Feature", "properties": { "id": 18344, "nach": 0.58837625683868433 }, "geometry": { "type": "LineString", "coordinates": [ [ 1.2877332, 52.664051 ], [ 1.2877446, 52.664099 ] ] } },
{ "type": "Feature", "properties": { "id": 18345, "nach": 0.56367350394611981 }, "geometry": { "type": "LineString", "coordinates": [ [ 1.2877332, 52.664051 ], [ 1.287731, 52.66404 ], [ 1.2877254, 52.664018 ] ] } },
{ "type": "Feature", "properties": { "id": 18392, "nach": 0.53550500084967467 }, "geometry": { "type": "LineString", "coordinates": [ [ 1.2885095, 52.6639793 ], [ 1.288647, 52.663966 ], [ 1.288693, 52.6639333 ] ] } },
{ "type": "Feature", "properties": { "id": 18391, "nach": 0.46485147990075582 }, "geometry": { "type": "LineString", "coordinates": [ [ 1.2885095, 52.6639793 ], [ 1.288527, 52.66406 ] ] } },
{ "type": "Feature", "properties": { "id": 68399, "nach": 0.46000022719432626 }, "geometry": { "type": "LineString", "coordinates": [ [ 1.2858955, 52.6644959 ], [ 1.2859553, 52.664743100000017 ] ] } },
{ "type": "Feature", "properties": { "id": 18452, "nach": 0.58187109536042947 }, "geometry": { "type": "LineString", "coordinates": [ [ 1.287955, 52.665941 ], [ 1.287967, 52.665923 ], [ 1.2879717, 52.6659163 ], [ 1.288044, 52.665819 ], [ 1.288148, 52.665757 ], [ 1.288293, 52.665709 ], [ 1.288468, 52.665656 ], [ 1.2885, 52.665642 ] ] } },
{ "type": "Feature", "properties": { "id": 18458, "nach": 0.59383551247074662 }, "geometry": { "type": "LineString", "coordinates": [ [ 1.2892705, 52.6662116 ], [ 1.289076, 52.666197 ], [ 1.288876, 52.666168 ], [ 1.288641, 52.666118 ], [ 1.288384, 52.666047 ], [ 1.287955, 52.665941 ] ] } },
{ "type": "Feature", "properties": { "id": 75767, "nach": 0.62012755574266787 }, "geometry": { "type": "LineString", "coordinates": [ [ 1.2870735, 52.6671687 ], [ 1.2871019, 52.667134 ], [ 1.2871477, 52.667078200000013 ], [ 1.287348, 52.666794 ], [ 1.287562, 52.666481 ], [ 1.287695, 52.666295 ], [ 1.287815, 52.666129 ], [ 1.2879187, 52.6659958 ], [ 1.287955, 52.665941 ] ] } },
{ "type": "Feature", "properties": { "id": 18371, "nach": 0.34145529044918571 }, "geometry": { "type": "LineString", "coordinates": [ [ 1.288507, 52.663551 ], [ 1.2891, 52.663491 ] ] } },
{ "type": "Feature", "properties": { "id": 18380, "nach": 0.62814503104898556 }, "geometry": { "type": "LineString", "coordinates": [ [ 1.2887359, 52.6636788 ], [ 1.288645, 52.663687 ] ] } },
{ "type": "Feature", "properties": { "id": 18384, "nach": 0.41233886521465124 }, "geometry": { "type": "LineString", "coordinates": [ [ 1.288693, 52.6639333 ], [ 1.288705, 52.663916 ], [ 1.288645, 52.663687 ] ] } },
{ "type": "Feature", "properties": { "id": 18382, "nach": 0.50066453913513165 }, "geometry": { "type": "LineString", "coordinates": [ [ 1.2887359, 52.6636788 ], [ 1.289144, 52.663641 ], [ 1.2891, 52.663491 ] ] } },
{ "type": "Feature", "properties": { "id": 18381, "nach": 0.64017107546772667 }, "geometry": { "type": "LineString", "coordinates": [ [ 1.2887359, 52.6636788 ], [ 1.2887976, 52.6639237 ] ] } },
{ "type": "Feature", "properties": { "id": 18383, "nach": 0.5391120849284613 }, "geometry": { "type": "LineString", "coordinates": [ [ 1.288693, 52.6639333 ], [ 1.2887976, 52.6639237 ] ] } },
{ "type": "Feature", "properties": { "id": 18400, "nach": 0.46086722940166425 }, "geometry": { "type": "LineString", "coordinates": [ [ 1.29038, 52.663249 ], [ 1.290307, 52.663168 ], [ 1.290155, 52.663089 ], [ 1.290113, 52.66304 ] ] } },
{ "type": "Feature", "properties": { "id": 18404, "nach": 0.55434259602328029 }, "geometry": { "type": "LineString", "coordinates": [ [ 1.290285, 52.6632819 ], [ 1.29038, 52.663249 ] ] } },
{ "type": "Feature", "properties": { "id": 18405, "nach": 0.46246530526404561 }, "geometry": { "type": "LineString", "coordinates": [ [ 1.290285, 52.6632819 ], [ 1.290246, 52.663294 ] ] } },
{ "type": "Feature", "properties": { "id": 77561, "nach": 0.50646692389494452 }, "geometry": { "type": "LineString", "coordinates": [ [ 1.2904527, 52.6634765 ], [ 1.290285, 52.6632819 ] ] } },
{ "type": "Feature", "properties": { "id": 77557, "nach": 0.46190114426803014 }, "geometry": { "type": "LineString", "coordinates": [ [ 1.2910347, 52.6632779 ], [ 1.29115, 52.663404 ] ] } },
{ "type": "Feature", "properties": { "id": 77562, "nach": 0.19083659630365749 }, "geometry": { "type": "LineString", "coordinates": [ [ 1.2904527, 52.6634765 ], [ 1.2910347, 52.6632779 ] ] } },
{ "type": "Feature", "properties": { "id": 77560, "nach": 0.45920427432704447 }, "geometry": { "type": "LineString", "coordinates": [ [ 1.2904527, 52.6634765 ], [ 1.2904976, 52.663528600000014 ] ] } },
{ "type": "Feature", "properties": { "id": 18415, "nach": 0.63998959658694454 }, "geometry": { "type": "LineString", "coordinates": [ [ 1.2902832, 52.663858500000011 ], [ 1.2902457, 52.6638503 ], [ 1.2902055, 52.6638477 ] ] } },
{ "type": "Feature", "properties": { "id": 18413, "nach": 0.53656092532912336 }, "geometry": { "type": "LineString", "coordinates": [ [ 1.2903737, 52.6639493 ], [ 1.2904795, 52.6638959 ], [ 1.2906351, 52.6638029 ] ] } },
{ "type": "Feature", "properties": { "id": 18414, "nach": 0.48147675289571434 }, "geometry": { "type": "LineString", "coordinates": [ [ 1.2903737, 52.6639493 ], [ 1.290362, 52.663911 ], [ 1.2903331, 52.6638821 ], [ 1.2902832, 52.663858500000011 ] ] } },
{ "type": "Feature", "properties": { "id": 18477, "nach": 0.64436236664671165 }, "geometry": { "type": "LineString", "coordinates": [ [ 1.2910395, 52.6636836 ], [ 1.290904, 52.6637246 ], [ 1.2907729, 52.6637628 ], [ 1.2906351, 52.6638029 ] ] } },
{ "type": "Feature", "properties": { "id": 18417, "nach": 0.63171591317963838 }, "geometry": { "type": "LineString", "coordinates": [ [ 1.2906351, 52.6638029 ], [ 1.290482, 52.663828 ], [ 1.2904017, 52.6638418 ], [ 1.2902832, 52.663858500000011 ] ] } },
{ "type": "Feature", "properties": { "id": 18482, "nach": 0.5892689829534421 }, "geometry": { "type": "LineString", "coordinates": [ [ 1.2911452, 52.6640755 ], [ 1.291119, 52.664038 ], [ 1.291072, 52.6637471 ], [ 1.2910395, 52.6636836 ] ] } },
{ "type": "Feature", "properties": { "id": 18421, "nach": 0.46831494032375254 }, "geometry": { "type": "LineString", "coordinates": [ [ 1.2895023, 52.6644011 ], [ 1.2892283, 52.6644491 ] ] } },
{ "type": "Feature", "properties": { "id": 18430, "nach": 0.46805256011479374 }, "geometry": { "type": "LineString", "coordinates": [ [ 1.2898123, 52.664343100000011 ], [ 1.2895023, 52.6644011 ] ] } },
{ "type": "Feature", "properties": { "id": 18462, "nach": 0.47016960301111621 }, "geometry": { "type": "LineString", "coordinates": [ [ 1.289625, 52.665919 ], [ 1.289447, 52.665926 ], [ 1.289444, 52.665947 ], [ 1.289334, 52.665953 ], [ 1.289272, 52.665962 ], [ 1.289248, 52.665988 ], [ 1.289247, 52.666038 ], [ 1.2892705, 52.6662116 ] ] } },
{ "type": "Feature", "properties": { "id": 18464, "nach": 0.4591480594353427 }, "geometry": { "type": "LineString", "coordinates": [ [ 1.289802, 52.665911 ], [ 1.289625, 52.665919 ] ] } },
{ "type": "Feature", "properties": { "id": 18454, "nach": 0.53519884071123158 }, "geometry": { "type": "LineString", "coordinates": [ [ 1.288701, 52.665782 ], [ 1.2885, 52.665642 ] ] } },
{ "type": "Feature", "properties": { "id": 18456, "nach": 0.45899761160367564 }, "geometry": { "type": "LineString", "coordinates": [ [ 1.288701, 52.665782 ], [ 1.288641, 52.665817 ], [ 1.288501, 52.665914 ], [ 1.288448, 52.665972 ], [ 1.288419, 52.666017 ] ] } },
{ "type": "Feature", "properties": { "id": 18457, "nach": 0.46121291712998902 }, "geometry": { "type": "LineString", "coordinates": [ [ 1.288854, 52.665853 ], [ 1.288781, 52.665828 ], [ 1.288701, 52.665782 ] ] } },
{ "type": "Feature", "properties": { "id": 45497, "nach": 0.60567707936675208 }, "geometry": { "type": "LineString", "coordinates": [ [ 1.2907969, 52.6644664 ], [ 1.2907551, 52.664548899999986 ], [ 1.2906714, 52.6646604 ] ] } },
{ "type": "Feature", "properties": { "id": 45496, "nach": 0.64077850238832168 }, "geometry": { "type": "LineString", "coordinates": [ [ 1.2907969, 52.6644664 ], [ 1.2909186, 52.6644982 ], [ 1.291043, 52.664534 ], [ 1.291133, 52.664548 ], [ 1.291225, 52.664545 ] ] } },
{ "type": "Feature", "properties": { "id": 18440, "nach": 0.4691935000866998 }, "geometry": { "type": "LineString", "coordinates": [ [ 1.2906714, 52.6646604 ], [ 1.290578, 52.664644 ], [ 1.2904048, 52.6645967 ] ] } },
{ "type": "Feature", "properties": { "id": 18442, "nach": 0.58815227850442597 }, "geometry": { "type": "LineString", "coordinates": [ [ 1.2906318, 52.6648264 ], [ 1.290641, 52.664727 ], [ 1.2906714, 52.6646604 ] ] } },
{ "type": "Feature", "properties": { "id": 18444, "nach": 0.46644434644037169 }, "geometry": { "type": "LineString", "coordinates": [ [ 1.2909425, 52.6648049 ], [ 1.2906318, 52.6648264 ] ] } },
{ "type": "Feature", "properties": { "id": 18446, "nach": 0.56643102514384824 }, "geometry": { "type": "LineString", "coordinates": [ [ 1.2906575, 52.6651214 ], [ 1.290643, 52.665102 ], [ 1.290658, 52.665028 ], [ 1.290663, 52.664974 ], [ 1.2906318, 52.6648264 ] ] } },
{ "type": "Feature", "properties": { "id": 18448, "nach": 0.46630761679065608 }, "geometry": { "type": "LineString", "coordinates": [ [ 1.2906575, 52.6651214 ], [ 1.290623, 52.665162 ], [ 1.2905892, 52.6652248 ] ] } },
{ "type": "Feature", "properties": { "id": 18526, "nach": 0.54749091877899914 }, "geometry": { "type": "LineString", "coordinates": [ [ 1.290895, 52.665175 ], [ 1.290673, 52.6651294 ], [ 1.2906575, 52.6651214 ] ] } },
{ "type": "Feature", "properties": { "id": 77597, "nach": 0.50814839506821563 }, "geometry": { "type": "LineString", "coordinates": [ [ 1.2908875, 52.6656909 ], [ 1.290851, 52.665679 ], [ 1.290797, 52.665641 ], [ 1.290752, 52.66549 ], [ 1.290765, 52.665425 ], [ 1.290851, 52.665265 ], [ 1.290895, 52.665175 ] ] } },
{ "type": "Feature", "properties": { "id": 18528, "nach": 0.50587663373156133 }, "geometry": { "type": "LineString", "coordinates": [ [ 1.291141, 52.665221 ], [ 1.291064, 52.665205 ], [ 1.290895, 52.665175 ] ] } },
{ "type": "Feature", "properties": { "id": 18469, "nach": 0.59365062394438961 }, "geometry": { "type": "LineString", "coordinates": [ [ 1.2901681, 52.6659936 ], [ 1.290051, 52.666091 ], [ 1.289948, 52.666134 ], [ 1.289787, 52.666171 ], [ 1.289542, 52.6662 ], [ 1.289347, 52.66621 ], [ 1.2892705, 52.6662116 ] ] } },
{ "type": "Feature", "properties": { "id": 75766, "nach": 0.533567028043892 }, "geometry": { "type": "LineString", "coordinates": [ [ 1.2870735, 52.6671687 ], [ 1.287006, 52.6671413 ], [ 1.2868346, 52.6670749 ], [ 1.2864741, 52.6669777 ], [ 1.2860589, 52.6668871 ], [ 1.2856365, 52.6668187 ], [ 1.2851776, 52.6667767 ], [ 1.2850663, 52.6667704 ], [ 1.2848381, 52.6667562 ] ] } },
{ "type": "Feature", "properties": { "id": 75765, "nach": 0.61517772317622366 }, "geometry": { "type": "LineString", "coordinates": [ [ 1.2870735, 52.6671687 ], [ 1.2871744, 52.6672096 ], [ 1.2873353, 52.6672785 ] ] } },
{ "type": "Feature", "properties": { "id": 69162, "nach": 0.62839899583296133 }, "geometry": { "type": "LineString", "coordinates": [ [ 1.2902165, 52.66604130000001 ], [ 1.2901681, 52.6659936 ] ] } },
{ "type": "Feature", "properties": { "id": 77596, "nach": 0.48782754421404778 }, "geometry": { "type": "LineString", "coordinates": [ [ 1.2908875, 52.6656909 ], [ 1.290937, 52.665692 ], [ 1.291682, 52.665627 ], [ 1.29175, 52.6656 ], [ 1.291774, 52.665553 ], [ 1.2917, 52.665223 ] ] } },
{ "type": "Feature", "properties": { "id": 69167, "nach": 0.62481555967538061 }, "geometry": { "type": "LineString", "coordinates": [ [ 1.2905118, 52.666363799999985 ], [ 1.2903833, 52.6663511 ], [ 1.290264, 52.6663156 ], [ 1.2901741, 52.666267399999988 ], [ 1.2901699, 52.6661786 ], [ 1.2902138, 52.6661202 ], [ 1.2902165, 52.66604130000001 ] ] } },
{ "type": "Feature", "properties": { "id": 60654, "nach": 0.59736113502442478 }, "geometry": { "type": "LineString", "coordinates": [ [ 1.2932246, 52.6656397 ], [ 1.293109, 52.665448 ], [ 1.292913, 52.665117 ], [ 1.292741, 52.664829 ], [ 1.292555, 52.664513 ], [ 1.292375, 52.664195 ] ] } },
{ "type": "Feature", "properties": { "id": 18516, "nach": 0.5766111129930428 }, "geometry": { "type": "LineString", "coordinates": [ [ 1.291913, 52.664352 ], [ 1.292058, 52.664342 ], [ 1.292128, 52.664333 ], [ 1.292173, 52.664311 ], [ 1.292219, 52.664271 ], [ 1.292283, 52.664229 ], [ 1.292375, 52.664195 ] ] } },
{ "type": "Feature", "properties": { "id": 18486, "nach": 0.55768319223627261 }, "geometry": { "type": "LineString", "coordinates": [ [ 1.2915825, 52.6640294 ], [ 1.2915582, 52.664028699999989 ], [ 1.291214, 52.664055 ], [ 1.2911452, 52.6640755 ] ] } },
{ "type": "Feature", "properties": { "id": 18514, "nach": 0.51959870713530276 }, "geometry": { "type": "LineString", "coordinates": [ [ 1.291225, 52.664545 ], [ 1.291129, 52.664104 ], [ 1.2911452, 52.6640755 ] ] } },
{ "type": "Feature", "properties": { "id": 18484, "nach": 0.47318223643152124 }, "geometry": { "type": "LineString", "coordinates": [ [ 1.2915825, 52.6640294 ], [ 1.2915936, 52.6639759 ] ] } },
{ "type": "Feature", "properties": { "id": 18489, "nach": 0.52530935434087589 }, "geometry": { "type": "LineString", "coordinates": [ [ 1.2918818, 52.664238 ], [ 1.291869, 52.664203 ], [ 1.291835, 52.664158 ], [ 1.291691, 52.664062 ], [ 1.29163, 52.664036 ], [ 1.2915825, 52.6640294 ] ] } },
{ "type": "Feature", "properties": { "id": 18512, "nach": 0.63483084982158877 }, "geometry": { "type": "LineString", "coordinates": [ [ 1.291225, 52.664545 ], [ 1.291485, 52.664523 ] ] } },
{ "type": "Feature", "properties": { "id": 18515, "nach": 0.49917760993047783 }, "geometry": { "type": "LineString", "coordinates": [ [ 1.291913, 52.664352 ], [ 1.2918818, 52.664238 ] ] } },
{ "type": "Feature", "properties": { "id": 18490, "nach": 0.47082965293190149 }, "geometry": { "type": "LineString", "coordinates": [ [ 1.2917132, 52.6642511 ], [ 1.2918818, 52.664238 ] ] } },
{ "type": "Feature", "properties": { "id": 18520, "nach": 0.57378088993559029 }, "geometry": { "type": "LineString", "coordinates": [ [ 1.2919246, 52.6644999 ], [ 1.291936, 52.664471 ], [ 1.291913, 52.664352 ] ] } },
{ "type": "Feature", "properties": { "id": 18493, "nach": 0.40081487853995135 }, "geometry": { "type": "LineString", "coordinates": [ [ 1.2929557, 52.6636211 ], [ 1.2928737, 52.6636412 ] ] } },
{ "type": "Feature", "properties": { "id": 18494, "nach": 0.4011814234097596 }, "geometry": { "type": "LineString", "coordinates": [ [ 1.2929557, 52.6636211 ], [ 1.2930203, 52.663605 ] ] } },
{ "type": "Feature", "properties": { "id": 18503, "nach": 0.47576952800984124 }, "geometry": { "type": "LineString", "coordinates": [ [ 1.29321, 52.663979 ], [ 1.2929557, 52.6636211 ] ] } },
{ "type": "Feature", "properties": { "id": 18505, "nach": 0.49861950453674986 }, "geometry": { "type": "LineString", "coordinates": [ [ 1.29321, 52.663979 ], [ 1.2932546, 52.6639772 ], [ 1.2933357, 52.6640963 ], [ 1.2933927, 52.664133 ] ] } },
{ "type": "Feature", "properties": { "id": 18508, "nach": 0.19240022515655009 }, "geometry": { "type": "LineString", "coordinates": [ [ 1.2932774, 52.6641561 ], [ 1.2932046, 52.6640454 ], [ 1.29321, 52.663979 ] ] } },
{ "type": "Feature", "properties": { "id": 18506, "nach": 0.46269539729276948 }, "geometry": { "type": "LineString", "coordinates": [ [ 1.2932774, 52.6641561 ], [ 1.2933927, 52.664133 ] ] } },
{ "type": "Feature", "properties": { "id": 18569, "nach": 0.48123690790953083 }, "geometry": { "type": "LineString", "coordinates": [ [ 1.293998, 52.665426 ], [ 1.293956, 52.665314 ], [ 1.293691, 52.664757 ], [ 1.2933927, 52.664133 ] ] } },
{ "type": "Feature", "properties": { "id": 18559, "nach": 0.5294962554726047 }, "geometry": { "type": "LineString", "coordinates": [ [ 1.294741, 52.663823 ], [ 1.2947135, 52.6638277 ], [ 1.2933927, 52.664133 ] ] } },
{ "type": "Feature", "properties": { "id": 66704, "nach": 0.4132989985213027 }, "geometry": { "type": "LineString", "coordinates": [ [ 1.2929445, 52.6642267 ], [ 1.2932774, 52.6641561 ] ] } },
{ "type": "Feature", "properties": { "id": 18594, "nach": 0.40815183766736995 }, "geometry": { "type": "LineString", "coordinates": [ [ 1.29413, 52.665825 ], [ 1.293998, 52.665426 ] ] } },
{ "type": "Feature", "properties": { "id": 68800, "nach": 0.48835164937939957 }, "geometry": { "type": "LineString", "coordinates": [ [ 1.2955992, 52.665372 ], [ 1.29549, 52.665331 ], [ 1.295438, 52.665322 ], [ 1.295073, 52.665317 ], [ 1.294988, 52.665321 ], [ 1.293998, 52.665426 ] ] } },
{ "type": "Feature", "properties": { "id": 68803, "nach": 0.0 }, "geometry": { "type": "LineString", "coordinates": [ [ 1.2956322, 52.6653384 ], [ 1.2954849, 52.6652931 ], [ 1.2954454, 52.6652815 ], [ 1.2950597, 52.66528 ], [ 1.2941123, 52.6653752 ], [ 1.2940285, 52.6653548 ], [ 1.2938704, 52.664962599999988 ], [ 1.293783, 52.6647396 ], [ 1.2935724, 52.6641731 ], [ 1.2935952, 52.664134 ], [ 1.2947663, 52.663866400000011 ], [ 1.294741, 52.663823 ] ] } },
{ "type": "Feature", "properties": { "id": 60653, "nach": 0.58337925299735738 }, "geometry": { "type": "LineString", "coordinates": [ [ 1.2932246, 52.6656397 ], [ 1.29336, 52.665864 ], [ 1.2935338, 52.6661505 ] ] } },
{ "type": "Feature", "properties": { "id": 60658, "nach": 0.47701099092924737 }, "geometry": { "type": "LineString", "coordinates": [ [ 1.2926343, 52.6657857 ], [ 1.2927872, 52.665746600000013 ], [ 1.2928489, 52.6657645 ], [ 1.2929883, 52.6657325 ], [ 1.2930259, 52.6657239 ], [ 1.2930742, 52.6656734 ], [ 1.2932246, 52.6656397 ] ] } },
{ "type": "Feature", "properties": { "id": 18522, "nach": 0.62324926505193634 }, "geometry": { "type": "LineString", "coordinates": [ [ 1.29165, 52.664508 ], [ 1.291485, 52.664523 ] ] } },
{ "type": "Feature", "properties": { "id": 18535, "nach": 0.51240084829975596 }, "geometry": { "type": "LineString", "coordinates": [ [ 1.291651, 52.66522770000001 ], [ 1.291485, 52.664523 ] ] } },
{ "type": "Feature", "properties": { "id": 18523, "nach": 0.61314625887872765 }, "geometry": { "type": "LineString", "coordinates": [ [ 1.29165, 52.664508 ], [ 1.291881, 52.66449 ], [ 1.2919246, 52.6644999 ] ] } },
{ "type": "Feature", "properties": { "id": 18524, "nach": 0.47033351359231618 }, "geometry": { "type": "LineString", "coordinates": [ [ 1.29165, 52.664508 ], [ 1.2916322, 52.6644409 ], [ 1.2916123, 52.6643729 ] ] } },
{ "type": "Feature", "properties": { "id": 18536, "nach": 0.41304629634235557 }, "geometry": { "type": "LineString", "coordinates": [ [ 1.291651, 52.66522770000001 ], [ 1.291372, 52.665254 ], [ 1.29128, 52.66525 ], [ 1.291141, 52.665221 ] ] } },
{ "type": "Feature", "properties": { "id": 18538, "nach": 0.48501075557186296 }, "geometry": { "type": "LineString", "coordinates": [ [ 1.2917, 52.665223 ], [ 1.291651, 52.66522770000001 ] ] } },
{ "type": "Feature", "properties": { "id": 18532, "nach": 0.60371390085382803 }, "geometry": { "type": "LineString", "coordinates": [ [ 1.2922646, 52.6651577 ], [ 1.292282, 52.665142 ], [ 1.292289, 52.665101 ], [ 1.292242, 52.664897 ], [ 1.292209, 52.664846 ], [ 1.292045, 52.664689 ], [ 1.291995, 52.664607 ], [ 1.291962, 52.664538 ], [ 1.2919433, 52.6645106 ], [ 1.2919246, 52.6644999 ] ] } },
{ "type": "Feature", "properties": { "id": 18540, "nach": 0.47601915676962936 }, "geometry": { "type": "LineString", "coordinates": [ [ 1.2917, 52.665223 ], [ 1.292177, 52.665185 ], [ 1.292244, 52.665171 ], [ 1.2922646, 52.6651577 ] ] } },
{ "type": "Feature", "properties": { "id": 18555, "nach": 0.60538181386747569 }, "geometry": { "type": "LineString", "coordinates": [ [ 1.2923446, 52.6652294 ], [ 1.292335, 52.665202 ], [ 1.2922646, 52.6651577 ] ] } },
{ "type": "Feature", "properties": { "id": 79534, "nach": 0.45811538382321776 }, "geometry": { "type": "LineString", "coordinates": [ [ 1.2912729, 52.6649048 ], [ 1.2912142, 52.6649739 ], [ 1.2912517, 52.6650291 ], [ 1.2911921, 52.6651151 ], [ 1.2911638, 52.6651743 ], [ 1.291141, 52.665221 ] ] } },
{ "type": "Feature", "properties": { "id": 18554, "nach": 0.58741465207914867 }, "geometry": { "type": "LineString", "coordinates": [ [ 1.2923446, 52.6652294 ], [ 1.292368, 52.665303 ] ] } },
{ "type": "Feature", "properties": { "id": 18553, "nach": 0.45904866026421914 }, "geometry": { "type": "LineString", "coordinates": [ [ 1.2923446, 52.6652294 ], [ 1.292469, 52.665216 ] ] } },
{ "type": "Feature", "properties": { "id": 18547, "nach": 0.45738065988736465 }, "geometry": { "type": "LineString", "coordinates": [ [ 1.292368, 52.665303 ], [ 1.2922421, 52.66531410000001 ] ] } },
{ "type": "Feature", "properties": { "id": 18552, "nach": 0.56371201962631601 }, "geometry": { "type": "LineString", "coordinates": [ [ 1.292406, 52.665401 ], [ 1.292386, 52.665351 ], [ 1.292368, 52.665303 ] ] } },
{ "type": "Feature", "properties": { "id": 18544, "nach": 0.45367423847300586 }, "geometry": { "type": "LineString", "coordinates": [ [ 1.292423, 52.66544 ], [ 1.2922962, 52.665450900000017 ] ] } },
{ "type": "Feature", "properties": { "id": 18545, "nach": 0.45367423847300586 }, "geometry": { "type": "LineString", "coordinates": [ [ 1.292465, 52.665524 ], [ 1.292423, 52.66544 ] ] } },
{ "type": "Feature", "properties": { "id": 18551, "nach": 0.52850576924530757 }, "geometry": { "type": "LineString", "coordinates": [ [ 1.292406, 52.665401 ], [ 1.292423, 52.66544 ] ] } },
{ "type": "Feature", "properties": { "id": 18556, "nach": 0.45521762879146593 }, "geometry": { "type": "LineString", "coordinates": [ [ 1.292549, 52.665388 ], [ 1.292406, 52.665401 ] ] } },
{ "type": "Feature", "properties": { "id": 68804, "nach": 0.46779333626353919 }, "geometry": { "type": "LineString", "coordinates": [ [ 1.2956322, 52.6653384 ], [ 1.2957305, 52.665368600000022 ], [ 1.2962204, 52.6653265 ], [ 1.2963976, 52.6653112 ] ] } },
{ "type": "Feature", "properties": { "id": 68802, "nach": 0.40296685415432043 }, "geometry": { "type": "LineString", "coordinates": [ [ 1.2956322, 52.6653384 ], [ 1.2955992, 52.665372 ] ] } },
{ "type": "Feature", "properties": { "id": 65480, "nach": 0.62911738295532726 }, "geometry": { "type": "LineString", "coordinates": [ [ 1.2959229, 52.6641522 ], [ 1.2956798, 52.6636592 ] ] } },
{ "type": "Feature", "properties": { "id": 18780, "nach": 0.52925128576733071 }, "geometry": { "type": "LineString", "coordinates": [ [ 1.2992879, 52.663352299999978 ], [ 1.298928, 52.663404 ], [ 1.298573, 52.663466 ], [ 1.298468, 52.663478 ], [ 1.298356, 52.663472 ], [ 1.297944, 52.663429 ], [ 1.297548, 52.663394 ], [ 1.297462, 52.663396 ], [ 1.29732, 52.663409 ], [ 1.296278, 52.663539 ], [ 1.296101, 52.663573 ], [ 1.2956798, 52.6636592 ] ] } },
{ "type": "Feature", "properties": { "id": 65485, "nach": 0.51720619609359664 }, "geometry": { "type": "LineString", "coordinates": [ [ 1.2956805, 52.6642036 ], [ 1.2957744, 52.6641901 ], [ 1.2959229, 52.6641522 ] ] } },
{ "type": "Feature", "properties": { "id": 18781, "nach": 0.57394625062783278 }, "geometry": { "type": "LineString", "coordinates": [ [ 1.2992879, 52.663352299999978 ], [ 1.299218, 52.663262 ], [ 1.298933, 52.662817 ] ] } },
{ "type": "Feature", "properties": { "id": 18784, "nach": 0.43026228953115003 }, "geometry": { "type": "LineString", "coordinates": [ [ 1.300485, 52.664173 ], [ 1.300438, 52.664137 ], [ 1.30036, 52.664055 ], [ 1.300297, 52.663952 ], [ 1.30021, 52.663746 ], [ 1.300142, 52.66364 ], [ 1.300055, 52.663532 ], [ 1.29998, 52.663465 ], [ 1.299901, 52.663416 ], [ 1.299769, 52.66337 ], [ 1.299645, 52.663346 ], [ 1.299457, 52.66334 ], [ 1.2992879, 52.663352299999978 ] ] } },
{ "type": "Feature", "properties": { "id": 18787, "nach": 0.5396622566774435 }, "geometry": { "type": "LineString", "coordinates": [ [ 1.2994652, 52.6640356 ], [ 1.2994243, 52.6638833 ], [ 1.2994089, 52.6638234 ], [ 1.2994354, 52.6638055 ], [ 1.2994161, 52.6637192 ], [ 1.2993872, 52.6636527 ], [ 1.2993426, 52.6635913 ], [ 1.2992879, 52.663352299999978 ] ] } },
{ "type": "Feature", "properties": { "id": 60650, "nach": 0.61985094929691764 }, "geometry": { "type": "LineString", "coordinates": [ [ 1.2916582, 52.6664511 ], [ 1.2911518, 52.6664281 ] ] } },
{ "type": "Feature", "properties": { "id": 69165, "nach": 0.62202147967365973 }, "geometry": { "type": "LineString", "coordinates": [ [ 1.2905118, 52.666363799999985 ], [ 1.2905502, 52.6663924 ], [ 1.2906843, 52.6664119 ], [ 1.2909955, 52.666420100000011 ], [ 1.2911518, 52.6664281 ] ] } },
{ "type": "Feature", "properties": { "id": 18575, "nach": 0.0 }, "geometry": { "type": "LineString", "coordinates": [ [ 1.292141, 52.666473 ], [ 1.292155, 52.666396 ], [ 1.292142, 52.666327 ], [ 1.292074, 52.666259 ], [ 1.291786, 52.666059 ], [ 1.291713, 52.666035 ], [ 1.291427, 52.666063 ], [ 1.291359, 52.666095 ], [ 1.291175, 52.666325 ], [ 1.2911518, 52.6664281 ] ] } },
{ "type": "Feature", "properties": { "id": 60651, "nach": 0.611254558608329 }, "geometry": { "type": "LineString", "coordinates": [ [ 1.2916582, 52.6664511 ], [ 1.292141, 52.666473 ] ] } },
{ "type": "Feature", "properties": { "id": 60652, "nach": 0.56008911050712251 }, "geometry": { "type": "LineString", "coordinates": [ [ 1.2916582, 52.6664511 ], [ 1.2916553, 52.6665323 ], [ 1.2917143, 52.6666608 ] ] } },
{ "type": "Feature", "properties": { "id": 60634, "nach": 0.61092091651572611 }, "geometry": { "type": "LineString", "coordinates": [ [ 1.2922924, 52.666482500000015 ], [ 1.292141, 52.666473 ] ] } },
{ "type": "Feature", "properties": { "id": 60636, "nach": 0.45304978540019464 }, "geometry": { "type": "LineString", "coordinates": [ [ 1.2922924, 52.666482500000015 ], [ 1.2923031, 52.666889299999987 ] ] } },
{ "type": "Feature", "properties": { "id": 60660, "nach": 0.61052167711091987 }, "geometry": { "type": "LineString", "coordinates": [ [ 1.2927355, 52.6665104 ], [ 1.2922924, 52.666482500000015 ] ] } },
{ "type": "Feature", "properties": { "id": 60640, "nach": 0.44925984607339803 }, "geometry": { "type": "LineString", "coordinates": [ [ 1.2935338, 52.6661505 ], [ 1.2933196, 52.6661883 ], [ 1.2931292, 52.665845899999987 ] ] } },
{ "type": "Feature", "properties": { "id": 18589, "nach": 0.55142157414038884 }, "geometry": { "type": "LineString", "coordinates": [ [ 1.293279, 52.666545 ], [ 1.2931699, 52.6666012 ], [ 1.293095, 52.666683 ] ] } },
{ "type": "Feature", "properties": { "id": 18590, "nach": 0.58177443749890012 }, "geometry": { "type": "LineString", "coordinates": [ [ 1.293279, 52.666545 ], [ 1.293162, 52.666536 ], [ 1.293046, 52.66653 ] ] } },
{ "type": "Feature", "properties": { "id": 18591, "nach": 0.58986737678763401 }, "geometry": { "type": "LineString", "coordinates": [ [ 1.293245, 52.667454 ], [ 1.293095, 52.666683 ] ] } },
{ "type": "Feature", "properties": { "id": 18586, "nach": 0.54590869224344485 }, "geometry": { "type": "LineString", "coordinates": [ [ 1.293046, 52.66653 ], [ 1.293051, 52.666593 ], [ 1.293095, 52.666683 ] ] } },
{ "type": "Feature", "properties": { "id": 40578, "nach": 0.56206768845082145 }, "geometry": { "type": "LineString", "coordinates": [ [ 1.2914859, 52.6684588 ], [ 1.2918378, 52.6684362 ], [ 1.2924597, 52.6683848 ], [ 1.293261, 52.668315 ], [ 1.293332, 52.6683 ], [ 1.293386, 52.668268 ], [ 1.293403, 52.668227 ], [ 1.293316, 52.667845 ], [ 1.293245, 52.667454 ] ] } },
{ "type": "Feature", "properties": { "id": 69407, "nach": 0.52674587365493475 }, "geometry": { "type": "LineString", "coordinates": [ [ 1.2929012, 52.66748230000001 ], [ 1.2930293, 52.6674718 ], [ 1.293245, 52.667454 ] ] } },
{ "type": "Feature", "properties": { "id": 60661, "nach": 0.61203876805099477 }, "geometry": { "type": "LineString", "coordinates": [ [ 1.2927355, 52.6665104 ], [ 1.293046, 52.66653 ] ] } },
{ "type": "Feature", "properties": { "id": 60662, "nach": 0.47200096380921569 }, "geometry": { "type": "LineString", "coordinates": [ [ 1.2927355, 52.6665104 ], [ 1.2927577, 52.66639570000001 ], [ 1.2928274, 52.666154499999983 ], [ 1.2928033, 52.6660622 ], [ 1.2926343, 52.6657857 ] ] } },
{ "type": "Feature", "properties": { "id": 69405, "nach": 0.49306960513998177 }, "geometry": { "type": "LineString", "coordinates": [ [ 1.2929012, 52.66748230000001 ], [ 1.2921957, 52.6675402 ] ] } },
{ "type": "Feature", "properties": { "id": 69408, "nach": 0.44098028439266163 }, "geometry": { "type": "LineString", "coordinates": [ [ 1.2928733, 52.6673941 ], [ 1.2929012, 52.66748230000001 ] ] } },
{ "type": "Feature", "properties": { "id": 18596, "nach": 0.43954354461043355 }, "geometry": { "type": "LineString", "coordinates": [ [ 1.294596, 52.666002 ], [ 1.294628, 52.665951 ] ] } },
{ "type": "Feature", "properties": { "id": 18599, "nach": 0.43932947261821292 }, "geometry": { "type": "LineString", "coordinates": [ [ 1.294504, 52.665981 ], [ 1.294596, 52.666002 ] ] } },
{ "type": "Feature", "properties": { "id": 18605, "nach": 0.36486630740377102 }, "geometry": { "type": "LineString", "coordinates": [ [ 1.2988087, 52.6544351 ], [ 1.2989817, 52.6544241 ] ] } },
{ "type": "Feature", "properties": { "id": 18608, "nach": 0.36486630740377102 }, "geometry": { "type": "LineString", "coordinates": [ [ 1.2986447, 52.6544451 ], [ 1.2988087, 52.6544351 ] ] } },
{ "type": "Feature", "properties": { "id": 18611, "nach": 0.40775361259791165 }, "geometry": { "type": "LineString", "coordinates": [ [ 1.2971866, 52.6549422 ], [ 1.297327, 52.654928 ] ] } },
{ "type": "Feature", "properties": { "id": 18613, "nach": 0.40775361259791165 }, "geometry": { "type": "LineString", "coordinates": [ [ 1.29705, 52.654956 ], [ 1.2971866, 52.6549422 ] ] } },
{ "type": "Feature", "properties": { "id": 77409, "nach": 0.48214863659181173 }, "geometry": { "type": "LineString", "coordinates": [ [ 1.2973955, 52.6537905 ], [ 1.297182, 52.653824 ], [ 1.297014, 52.653854 ], [ 1.296956, 52.653869 ], [ 1.296919, 52.653885 ], [ 1.2969, 52.653909 ], [ 1.296897, 52.653937 ], [ 1.2971866, 52.6549422 ] ] } },
{ "type": "Feature", "properties": { "id": 77408, "nach": 0.4683064358974961 }, "geometry": { "type": "LineString", "coordinates": [ [ 1.2973955, 52.6537905 ], [ 1.2973616, 52.6537286 ] ] } },
{ "type": "Feature", "properties": { "id": 18625, "nach": 0.48122546792405968 }, "geometry": { "type": "LineString", "coordinates": [ [ 1.2967247, 52.658406499999984 ], [ 1.2966008, 52.6583386 ], [ 1.2965047, 52.658304 ], [ 1.2964047, 52.6582757 ] ] } },
{ "type": "Feature", "properties": { "id": 18627, "nach": 0.49123202798116528 }, "geometry": { "type": "LineString", "coordinates": [ [ 1.2969394, 52.65975670000001 ], [ 1.2969822, 52.6594315 ], [ 1.2969983, 52.6591744 ], [ 1.2969875, 52.6590882 ], [ 1.2969446, 52.6589727 ], [ 1.2968132, 52.65866840000001 ], [ 1.2967247, 52.658406499999984 ] ] } },
{ "type": "Feature", "properties": { "id": 32647, "nach": 0.46958232954190993 }, "geometry": { "type": "LineString", "coordinates": [ [ 1.296916, 52.6599744 ], [ 1.2969394, 52.65975670000001 ] ] } },
{ "type": "Feature", "properties": { "id": 54305, "nach": 0.45717104928393598 }, "geometry": { "type": "LineString", "coordinates": [ [ 1.2991145, 52.659765 ], [ 1.2985186, 52.659778699999983 ], [ 1.2980187, 52.6597626 ], [ 1.2974566, 52.6597615 ], [ 1.2969394, 52.65975670000001 ] ] } },
{ "type": "Feature", "properties": { "id": 32652, "nach": 0.448554511284873 }, "geometry": { "type": "LineString", "coordinates": [ [ 1.2972496, 52.6605118 ], [ 1.2970597, 52.6602823 ], [ 1.2969446, 52.6600838 ], [ 1.296916, 52.6599744 ] ] } },
{ "type": "Feature", "properties": { "id": 54313, "nach": 0.43391045196527012 }, "geometry": { "type": "LineString", "coordinates": [ [ 1.2968179, 52.660376200000016 ], [ 1.2968576, 52.660263700000016 ], [ 1.2968952, 52.6601035 ], [ 1.296916, 52.6599744 ] ] } },
{ "type": "Feature", "properties": { "id": 54306, "nach": 0.47910331710099863 }, "geometry": { "type": "LineString", "coordinates": [ [ 1.2991145, 52.659765 ], [ 1.2992513, 52.659752 ], [ 1.2993648, 52.6597469 ] ] } },
{ "type": "Feature", "properties": { "id": 54320, "nach": 0.47617309205116554 }, "geometry": { "type": "LineString", "coordinates": [ [ 1.2996628, 52.6608957 ], [ 1.2995003, 52.6605829 ], [ 1.2991145, 52.659765 ] ] } },
{ "type": "Feature", "properties": { "id": 54310, "nach": 0.49474476827574726 }, "geometry": { "type": "LineString", "coordinates": [ [ 1.3008374, 52.6600238 ], [ 1.3005839, 52.659937600000013 ], [ 1.3001982, 52.6598258 ], [ 1.300005, 52.659791 ], [ 1.2998575, 52.6597715 ], [ 1.2996805, 52.65975030000002 ], [ 1.2994981, 52.6597487 ], [ 1.2993648, 52.6597469 ] ] } },
{ "type": "Feature", "properties": { "id": 54309, "nach": 0.49920673867902177 }, "geometry": { "type": "LineString", "coordinates": [ [ 1.3008374, 52.6600238 ], [ 1.3010962, 52.660060799999989 ], [ 1.3013421, 52.6600801 ], [ 1.301475, 52.6600881 ], [ 1.3015787, 52.6601023 ], [ 1.3016583, 52.6601379 ], [ 1.3017472, 52.660207400000012 ], [ 1.3018026, 52.6603038 ] ] } },
{ "type": "Feature", "properties": { "id": 54316, "nach": 0.36815334867786548 }, "geometry": { "type": "LineString", "coordinates": [ [ 1.300946, 52.6605642 ], [ 1.3009809, 52.6605073 ], [ 1.300993, 52.6603162 ], [ 1.3008374, 52.6600238 ] ] } },
{ "type": "Feature", "properties": { "id": 54312, "nach": 0.54542348106156435 }, "geometry": { "type": "LineString", "coordinates": [ [ 1.2968179, 52.660376200000016 ], [ 1.2972496, 52.6605118 ] ] } },
{ "type": "Feature", "properties": { "id": 81429, "nach": 0.53920229064065894 }, "geometry": { "type": "LineString", "coordinates": [ [ 1.2948577, 52.6589556 ], [ 1.2949559, 52.659031700000021 ], [ 1.2951169, 52.6591212 ], [ 1.295361, 52.65933110000001 ], [ 1.2956533, 52.6596369 ], [ 1.2959108, 52.6598842 ], [ 1.2962112, 52.660125 ], [ 1.2964982, 52.6602649 ], [ 1.2968179, 52.660376200000016 ] ] } },
{ "type": "Feature", "properties": { "id": 32658, "nach": 0.58419992371348617 }, "geometry": { "type": "LineString", "coordinates": [ [ 1.2997735, 52.6610669 ], [ 1.2998126, 52.6611368 ], [ 1.2998747, 52.6612113 ], [ 1.3000086, 52.6613463 ], [ 1.3000663, 52.661431 ], [ 1.3000748, 52.6614459 ], [ 1.3001472, 52.6614309 ], [ 1.3001731, 52.6614723 ] ] } },
{ "type": "Feature", "properties": { "id": 32659, "nach": 0.0 }, "geometry": { "type": "LineString", "coordinates": [ [ 1.2997735, 52.6610669 ], [ 1.2999456, 52.661066700000013 ], [ 1.3002509, 52.6610284 ], [ 1.3008834, 52.6609209 ], [ 1.3015158, 52.66084 ], [ 1.3016288, 52.660806700000016 ], [ 1.3016882, 52.6607636 ], [ 1.3017119, 52.6607074 ], [ 1.3017081, 52.6606351 ], [ 1.3016974, 52.6606055 ], [ 1.3016943, 52.6605534 ], [ 1.3017086, 52.6604672 ], [ 1.3017696, 52.660399 ], [ 1.3018026, 52.6603038 ] ] } },
{ "type": "Feature", "properties": { "id": 32656, "nach": 0.58233910205557526 }, "geometry": { "type": "LineString", "coordinates": [ [ 1.2997735, 52.6610669 ], [ 1.2997395, 52.6610217 ], [ 1.2997009, 52.6609957 ], [ 1.2996333, 52.6609732 ] ] } },
{ "type": "Feature", "properties": { "id": 18645, "nach": 0.42324288053499265 }, "geometry": { "type": "LineString", "coordinates": [ [ 1.2972607, 52.6615269 ], [ 1.2970864, 52.6615237 ] ] } },
{ "type": "Feature", "properties": { "id": 18644, "nach": 0.48969221603144986 }, "geometry": { "type": "LineString", "coordinates": [ [ 1.2971226, 52.6614308 ], [ 1.2971134, 52.6614781 ], [ 1.2970864, 52.6615237 ] ] } },
{ "type": "Feature", "properties": { "id": 18646, "nach": 0.41965033648439276 }, "geometry": { "type": "LineString", "coordinates": [ [ 1.2972659, 52.6614489 ], [ 1.2971226, 52.6614308 ] ] } },
{ "type": "Feature", "properties": { "id": 66864, "nach": 0.40265247967859158 }, "geometry": { "type": "LineString", "coordinates": [ [ 1.2965977, 52.6609134 ], [ 1.2966862, 52.6610028 ], [ 1.2968373, 52.6610795 ], [ 1.2970693, 52.661121 ], [ 1.2971232, 52.6611533 ], [ 1.2971214, 52.6613114 ], [ 1.2971226, 52.6614308 ] ] } },
{ "type": "Feature", "properties": { "id": 18686, "nach": 0.42179178309150067 }, "geometry": { "type": "LineString", "coordinates": [ [ 1.2978271, 52.6623012 ], [ 1.297768, 52.662224 ], [ 1.297688, 52.662061 ], [ 1.297673, 52.662014 ], [ 1.29769, 52.661954 ], [ 1.297726, 52.661895 ], [ 1.297767, 52.661861 ], [ 1.29782, 52.661832 ], [ 1.297889, 52.661792 ], [ 1.297925, 52.66175 ], [ 1.297956, 52.661693 ], [ 1.297967, 52.661642 ], [ 1.297994, 52.661603 ], [ 1.298056, 52.66158 ], [ 1.2981121, 52.661568 ] ] } },
{ "type": "Feature", "properties": { "id": 18684, "nach": 0.62348155513762182 }, "geometry": { "type": "LineString", "coordinates": [ [ 1.2978271, 52.6623012 ], [ 1.2975172, 52.6623866 ] ] } },
{ "type": "Feature", "properties": { "id": 72795, "nach": 0.62196558714457828 }, "geometry": { "type": "LineString", "coordinates": [ [ 1.2990103, 52.6619417 ], [ 1.2988852, 52.6620011 ], [ 1.2988034, 52.6620344 ], [ 1.2986881, 52.662070199999988 ], [ 1.2984306, 52.662135299999989 ], [ 1.2981945, 52.66218820000001 ], [ 1.2980121, 52.6622435 ], [ 1.2978271, 52.6623012 ] ] } },
{ "type": "Feature", "properties": { "id": 66734, "nach": 0.45589809228814387 }, "geometry": { "type": "LineString", "coordinates": [ [ 1.2962777, 52.6628375 ], [ 1.2964696, 52.6627885 ], [ 1.2965175, 52.6627609 ], [ 1.2965327, 52.6627318 ], [ 1.2965403, 52.6627012 ], [ 1.2965504, 52.6626522 ], [ 1.2965773, 52.6625756 ] ] } },
{ "type": "Feature", "properties": { "id": 18674, "nach": 0.54514467375694342 }, "geometry": { "type": "LineString", "coordinates": [ [ 1.2971235, 52.6626641 ], [ 1.2969563, 52.662603800000021 ] ] } },
{ "type": "Feature", "properties": { "id": 18662, "nach": 0.48123596236372296 }, "geometry": { "type": "LineString", "coordinates": [ [ 1.2969745, 52.6626841 ], [ 1.2969563, 52.662603800000021 ] ] } },
{ "type": "Feature", "properties": { "id": 18673, "nach": 0.41863482194445151 }, "geometry": { "type": "LineString", "coordinates": [ [ 1.2971235, 52.6626641 ], [ 1.2969745, 52.6626841 ] ] } },
{ "type": "Feature", "properties": { "id": 57972, "nach": 0.54732957371214697 }, "geometry": { "type": "LineString", "coordinates": [ [ 1.29718, 52.6626638 ], [ 1.2971575, 52.6626661 ], [ 1.2971235, 52.6626641 ] ] } },
{ "type": "Feature", "properties": { "id": 57968, "nach": 0.45667421536670549 }, "geometry": { "type": "LineString", "coordinates": [ [ 1.2969847, 52.6627075 ], [ 1.2969745, 52.6626841 ] ] } },
{ "type": "Feature", "properties": { "id": 18672, "nach": 0.0 }, "geometry": { "type": "LineString", "coordinates": [ [ 1.2973235, 52.662822099999985 ], [ 1.2969865, 52.6628641 ], [ 1.2968875, 52.6627851 ], [ 1.2968862, 52.6627484 ], [ 1.2968895, 52.6627311 ], [ 1.2969225, 52.6627091 ], [ 1.2969745, 52.6626841 ] ] } },
{ "type": "Feature", "properties": { "id": 18687, "nach": 0.41930068125733366 }, "geometry": { "type": "LineString", "coordinates": [ [ 1.2983771, 52.662902 ], [ 1.2980572, 52.6629459 ], [ 1.2980267, 52.6629062 ], [ 1.2979867, 52.66289720000001 ], [ 1.2975155, 52.6629671 ], [ 1.2974015, 52.662978100000011 ], [ 1.2973765, 52.6629681 ], [ 1.2973538, 52.6629139 ], [ 1.2973235, 52.662822099999985 ] ] } },
{ "type": "Feature", "properties": { "id": 18677, "nach": 0.48142592073909141 }, "geometry": { "type": "LineString", "coordinates": [ [ 1.2972475, 52.6626551 ], [ 1.2972625, 52.6626791 ], [ 1.2973235, 52.662822099999985 ] ] } },
{ "type": "Feature", "properties": { "id": 57970, "nach": 0.53119003067387938 }, "geometry": { "type": "LineString", "coordinates": [ [ 1.29718, 52.6626638 ], [ 1.2972475, 52.6626551 ] ] } },
{ "type": "Feature", "properties": { "id": 57971, "nach": 0.45401663990449997 }, "geometry": { "type": "LineString", "coordinates": [ [ 1.29718, 52.6626638 ], [ 1.2971955, 52.6627086 ] ] } },
{ "type": "Feature", "properties": { "id": 18683, "nach": 0.42377262923219 }, "geometry": { "type": "LineString", "coordinates": [ [ 1.298743, 52.661712 ], [ 1.29882, 52.661695 ] ] } },
{ "type": "Feature", "properties": { "id": 18682, "nach": 0.42351552804298542 }, "geometry": { "type": "LineString", "coordinates": [ [ 1.29888, 52.66175 ], [ 1.29882, 52.661695 ] ] } },
{ "type": "Feature", "properties": { "id": 18703, "nach": 0.49808635012786967 }, "geometry": { "type": "LineString", "coordinates": [ [ 1.2991692, 52.661451 ], [ 1.299101, 52.661474 ], [ 1.299048, 52.661507 ], [ 1.299001, 52.661562 ], [ 1.29895, 52.661628 ], [ 1.298901, 52.661667 ], [ 1.29882, 52.661695 ] ] } },
{ "type": "Feature", "properties": { "id": 18705, "nach": 0.42911341086648253 }, "geometry": { "type": "LineString", "coordinates": [ [ 1.299234, 52.661416 ], [ 1.2991692, 52.661451 ] ] } },
{ "type": "Feature", "properties": { "id": 18715, "nach": 0.53470720381066172 }, "geometry": { "type": "LineString", "coordinates": [ [ 1.2994611, 52.6616518 ], [ 1.299341, 52.661564 ], [ 1.299221, 52.661483 ], [ 1.2991692, 52.661451 ] ] } },
{ "type": "Feature", "properties": { "id": 72794, "nach": 0.63835751518290273 }, "geometry": { "type": "LineString", "coordinates": [ [ 1.2990103, 52.6619417 ], [ 1.2990693, 52.6619029 ], [ 1.2991259, 52.6618666 ], [ 1.2993381, 52.6617221 ], [ 1.2994611, 52.6616518 ] ] } },
{ "type": "Feature", "properties": { "id": 72796, "nach": 0.61722677899783163 }, "geometry": { "type": "LineString", "coordinates": [ [ 1.2990103, 52.6619417 ], [ 1.2990481, 52.6619648 ], [ 1.2992246, 52.6621629 ], [ 1.2992489, 52.6622004 ], [ 1.2992693, 52.6622372 ], [ 1.2993224, 52.6623333 ] ] } },
{ "type": "Feature", "properties": { "id": 18690, "nach": 0.41848828053887954 }, "geometry": { "type": "LineString", "coordinates": [ [ 1.298848, 52.662682 ], [ 1.298733, 52.662699 ] ] } },
{ "type": "Feature", "properties": { "id": 18695, "nach": 0.485834460802688 }, "geometry": { "type": "LineString", "coordinates": [ [ 1.298933, 52.662817 ], [ 1.298848, 52.662682 ] ] } },
{ "type": "Feature", "properties": { "id": 58272, "nach": 0.49964403544808089 }, "geometry": { "type": "LineString", "coordinates": [ [ 1.29884, 52.6624713 ], [ 1.2988168, 52.6625217 ], [ 1.298849, 52.6625753 ], [ 1.298797, 52.662607 ], [ 1.298848, 52.662682 ] ] } },
{ "type": "Feature", "properties": { "id": 18696, "nach": 0.55806270189440144 }, "geometry": { "type": "LineString", "coordinates": [ [ 1.298933, 52.662817 ], [ 1.299103, 52.662774 ] ] } },
{ "type": "Feature", "properties": { "id": 58273, "nach": 0.4218000982750314 }, "geometry": { "type": "LineString", "coordinates": [ [ 1.2988584, 52.6625013 ], [ 1.29884, 52.6624713 ] ] } },
{ "type": "Feature", "properties": { "id": 58277, "nach": 0.51548835689291728 }, "geometry": { "type": "LineString", "coordinates": [ [ 1.2988235, 52.6624444 ], [ 1.29884, 52.6624713 ] ] } },
{ "type": "Feature", "properties": { "id": 77384, "nach": 0.49616966063051809 }, "geometry": { "type": "LineString", "coordinates": [ [ 1.2994237, 52.6626831 ], [ 1.2993795, 52.6626989 ], [ 1.299103, 52.662774 ] ] } },
{ "type": "Feature", "properties": { "id": 77387, "nach": 0.52765795263226256 }, "geometry": { "type": "LineString", "coordinates": [ [ 1.2994379, 52.6625245 ], [ 1.299417, 52.6625642 ], [ 1.299339, 52.6626545 ], [ 1.2990676, 52.6627234 ], [ 1.299103, 52.662774 ] ] } },
{ "type": "Feature", "properties": { "id": 77382, "nach": 0.5108637032588158 }, "geometry": { "type": "LineString", "coordinates": [ [ 1.2994237, 52.6626831 ], [ 1.299514, 52.662651 ] ] } },
{ "type": "Feature", "properties": { "id": 77383, "nach": 0.41421019753220073 }, "geometry": { "type": "LineString", "coordinates": [ [ 1.2994237, 52.6626831 ], [ 1.2995832, 52.66294220000001 ], [ 1.2995973, 52.6630097 ], [ 1.2995068, 52.6630052 ] ] } },
{ "type": "Feature", "properties": { "id": 77386, "nach": 0.55103560580531719 }, "geometry": { "type": "LineString", "coordinates": [ [ 1.2994379, 52.6625245 ], [ 1.299514, 52.662651 ] ] } },
{ "type": "Feature", "properties": { "id": 77385, "nach": 0.58967193340170576 }, "geometry": { "type": "LineString", "coordinates": [ [ 1.2994379, 52.6625245 ], [ 1.2993224, 52.6623333 ] ] } },
{ "type": "Feature", "properties": { "id": 81430, "nach": 0.43661511893302635 }, "geometry": { "type": "LineString", "coordinates": [ [ 1.3001988, 52.6615118 ], [ 1.3001731, 52.6614723 ] ] } },
{ "type": "Feature", "properties": { "id": 18713, "nach": 0.63834279920088932 }, "geometry": { "type": "LineString", "coordinates": [ [ 1.2994611, 52.6616518 ], [ 1.2995339, 52.6616219 ], [ 1.2996465, 52.6615834 ], [ 1.2997727, 52.6615422 ], [ 1.2999138, 52.661516 ], [ 1.3001491, 52.6614763 ], [ 1.3001731, 52.6614723 ] ] } },
{ "type": "Feature", "properties": { "id": 54315, "nach": 0.48678893692971253 }, "geometry": { "type": "LineString", "coordinates": [ [ 1.300946, 52.6605642 ], [ 1.3011584, 52.660528 ], [ 1.301389, 52.6604515 ], [ 1.301609, 52.660379899999988 ], [ 1.3018026, 52.6603038 ] ] } },
{ "type": "Feature", "properties": { "id": 54319, "nach": 0.49416121271585223 }, "geometry": { "type": "LineString", "coordinates": [ [ 1.2996628, 52.6608957 ], [ 1.3002062, 52.6607509 ], [ 1.3006281, 52.6606301 ], [ 1.300946, 52.6605642 ] ] } },
{ "type": "Feature", "properties": { "id": 62827, "nach": 0.42524826609490979 }, "geometry": { "type": "LineString", "coordinates": [ [ 1.3013939, 52.6614876 ], [ 1.3014143, 52.6615171 ], [ 1.3014601, 52.6616046 ], [ 1.3015282, 52.661727 ], [ 1.301559, 52.6617783 ] ] } },
{ "type": "Feature", "properties": { "id": 62829, "nach": 0.48450537033289981 }, "geometry": { "type": "LineString", "coordinates": [ [ 1.3013939, 52.6614876 ], [ 1.3013586, 52.6615299 ], [ 1.3016285, 52.6619982 ], [ 1.3016703, 52.661987499999988 ] ] } },
{ "type": "Feature", "properties": { "id": 77395, "nach": 0.55335064828615355 }, "geometry": { "type": "LineString", "coordinates": [ [ 1.299808, 52.6627344 ], [ 1.299614, 52.662666 ], [ 1.299514, 52.662651 ] ] } },
{ "type": "Feature", "properties": { "id": 77394, "nach": 0.48675770850051514 }, "geometry": { "type": "LineString", "coordinates": [ [ 1.299808, 52.6627344 ], [ 1.3000312, 52.6628131 ] ] } },
{ "type": "Feature", "properties": { "id": 77397, "nach": 0.41301454512229685 }, "geometry": { "type": "LineString", "coordinates": [ [ 1.299808, 52.6627344 ], [ 1.2998374, 52.6627901 ], [ 1.2999044, 52.6628381 ], [ 1.299997, 52.6628714 ] ] } },
{ "type": "Feature", "properties": { "id": 77400, "nach": 0.48543655472742664 }, "geometry": { "type": "LineString", "coordinates": [ [ 1.3000911, 52.662729700000021 ], [ 1.3000325, 52.6627091 ], [ 1.2999178, 52.662738 ], [ 1.299808, 52.6627344 ] ] } },
{ "type": "Feature", "properties": { "id": 58283, "nach": 0.54497255307118209 }, "geometry": { "type": "LineString", "coordinates": [ [ 1.2990073, 52.6624054 ], [ 1.2991851, 52.6623655 ], [ 1.2993224, 52.6623333 ] ] } },
{ "type": "Feature", "properties": { "id": 58281, "nach": 0.42267209183606452 }, "geometry": { "type": "LineString", "coordinates": [ [ 1.2990073, 52.6624054 ], [ 1.2990582, 52.6624838 ] ] } },
{ "type": "Feature", "properties": { "id": 58280, "nach": 0.42267209183606452 }, "geometry": { "type": "LineString", "coordinates": [ [ 1.2990073, 52.6624054 ], [ 1.2989684, 52.6623444 ] ] } },
{ "type": "Feature", "properties": { "id": 58282, "nach": 0.52854912860268399 }, "geometry": { "type": "LineString", "coordinates": [ [ 1.2990073, 52.6624054 ], [ 1.2988235, 52.6624444 ] ] } },
{ "type": "Feature", "properties": { "id": 18725, "nach": 0.41125291947732528 }, "geometry": { "type": "LineString", "coordinates": [ [ 1.300062, 52.662824 ], [ 1.300244, 52.662898 ] ] } },
{ "type": "Feature", "properties": { "id": 77393, "nach": 0.074177894523322171 }, "geometry": { "type": "LineString", "coordinates": [ [ 1.299997, 52.6628714 ], [ 1.3000908, 52.6628991 ], [ 1.300225, 52.6629145 ], [ 1.300244, 52.662898 ] ] } },
{ "type": "Feature", "properties": { "id": 77403, "nach": 0.13132880560296881 }, "geometry": { "type": "LineString", "coordinates": [ [ 1.3001378, 52.6627482 ], [ 1.3003101, 52.6628267 ], [ 1.300244, 52.662898 ] ] } },
{ "type": "Feature", "properties": { "id": 77388, "nach": 0.45996701572034471 }, "geometry": { "type": "LineString", "coordinates": [ [ 1.3000312, 52.6628131 ], [ 1.300062, 52.662824 ] ] } },
{ "type": "Feature", "properties": { "id": 77404, "nach": 0.19871917235874467 }, "geometry": { "type": "LineString", "coordinates": [ [ 1.3001378, 52.6627482 ], [ 1.300127, 52.66276 ], [ 1.300062, 52.662824 ] ] } },
{ "type": "Feature", "properties": { "id": 77391, "nach": 0.16197741659338 }, "geometry": { "type": "LineString", "coordinates": [ [ 1.299997, 52.6628714 ], [ 1.3000312, 52.6628131 ] ] } },
{ "type": "Feature", "properties": { "id": 77402, "nach": 0.41499788366210744 }, "geometry": { "type": "LineString", "coordinates": [ [ 1.3001378, 52.6627482 ], [ 1.3000911, 52.662729700000021 ] ] } },
{ "type": "Feature", "properties": { "id": 18733, "nach": 0.13175303369972502 }, "geometry": { "type": "LineString", "coordinates": [ [ 1.3016491, 52.66195 ], [ 1.3020789, 52.661858100000011 ], [ 1.3019911, 52.6617115 ], [ 1.3019166, 52.6616976 ], [ 1.301559, 52.6617783 ] ] } },
{ "type": "Feature", "properties": { "id": 18734, "nach": 0.41527807464472966 }, "geometry": { "type": "LineString", "coordinates": [ [ 1.3016703, 52.661987499999988 ], [ 1.3016491, 52.66195 ] ] } },
{ "type": "Feature", "properties": { "id": 18748, "nach": 0.40093625158266183 }, "geometry": { "type": "LineString", "coordinates": [ [ 1.3023991, 52.66243 ], [ 1.3023421, 52.662469 ], [ 1.3022951, 52.662446 ], [ 1.3022441, 52.662481 ], [ 1.3021156, 52.662411 ], [ 1.3021623, 52.6623798 ], [ 1.3020981, 52.662341 ], [ 1.30207, 52.6623188 ], [ 1.3017279, 52.6619988 ], [ 1.3016703, 52.661987499999988 ] ] } },
{ "type": "Feature", "properties": { "id": 18741, "nach": 0.4434948893549146 }, "geometry": { "type": "LineString", "coordinates": [ [ 1.302839, 52.6619854 ], [ 1.3027651, 52.6619063 ] ] } },
{ "type": "Feature", "properties": { "id": 18744, "nach": 0.44388382664553083 }, "geometry": { "type": "LineString", "coordinates": [ [ 1.3029081, 52.6620593 ], [ 1.302839, 52.6619854 ] ] } },
{ "type": "Feature", "properties": { "id": 75710, "nach": 0.46992895680913926 }, "geometry": { "type": "LineString", "coordinates": [ [ 1.2975213, 52.6642753 ], [ 1.297445, 52.6642881 ], [ 1.297236, 52.66429 ], [ 1.29712, 52.664291 ], [ 1.296822, 52.664339 ] ] } },
{ "type": "Feature", "properties": { "id": 75712, "nach": 0.53666129306489141 }, "geometry": { "type": "LineString", "coordinates": [ [ 1.2969385, 52.6645921 ], [ 1.29689, 52.664502 ], [ 1.296822, 52.664339 ] ] } },
{ "type": "Feature", "properties": { "id": 75709, "nach": 0.20645249429302454 }, "geometry": { "type": "LineString", "coordinates": [ [ 1.2975213, 52.6642753 ], [ 1.2975974, 52.6642981 ], [ 1.297657, 52.66429 ], [ 1.297698, 52.664405 ], [ 1.297685, 52.664425 ], [ 1.297593, 52.664479 ] ] } },
{ "type": "Feature", "properties": { "id": 75708, "nach": 0.42231523312130559 }, "geometry": { "type": "LineString", "coordinates": [ [ 1.2975213, 52.6642753 ], [ 1.2974879, 52.664184500000019 ] ] } },
{ "type": "Feature", "properties": { "id": 75711, "nach": 0.53684230810140021 }, "geometry": { "type": "LineString", "coordinates": [ [ 1.2969385, 52.6645921 ], [ 1.297263, 52.664545 ] ] } },
{ "type": "Feature", "properties": { "id": 18766, "nach": 0.4241221572310559 }, "geometry": { "type": "LineString", "coordinates": [ [ 1.297593, 52.664479 ], [ 1.297576, 52.664466 ], [ 1.297539, 52.664454 ], [ 1.297482, 52.664448 ], [ 1.297424, 52.664448 ], [ 1.297359, 52.664456 ], [ 1.297313, 52.664465 ], [ 1.29729, 52.664481 ], [ 1.297282, 52.664499 ], [ 1.297285, 52.664521 ] ] } },
{ "type": "Feature", "properties": { "id": 18767, "nach": 0.42595830187964367 }, "geometry": { "type": "LineString", "coordinates": [ [ 1.2973573, 52.6647017 ], [ 1.297299, 52.66456 ] ] } },
{ "type": "Feature", "properties": { "id": 18758, "nach": 0.47461623269924963 }, "geometry": { "type": "LineString", "coordinates": [ [ 1.297263, 52.664545 ], [ 1.297299, 52.66456 ] ] } },
{ "type": "Feature", "properties": { "id": 18763, "nach": 0.19192116484983726 }, "geometry": { "type": "LineString", "coordinates": [ [ 1.297285, 52.664521 ], [ 1.297321, 52.664538 ], [ 1.297299, 52.66456 ] ] } },
{ "type": "Feature", "properties": { "id": 18761, "nach": 0.47305128033993205 }, "geometry": { "type": "LineString", "coordinates": [ [ 1.297285, 52.664521 ], [ 1.297263, 52.664545 ] ] } },
{ "type": "Feature", "properties": { "id": 74946, "nach": 0.54540135360365538 }, "geometry": { "type": "LineString", "coordinates": [ [ 1.2964699, 52.6659935 ], [ 1.2965482, 52.6659992 ] ] } },
{ "type": "Feature", "properties": { "id": 18788, "nach": 0.52940480854242511 }, "geometry": { "type": "LineString", "coordinates": [ [ 1.2994652, 52.6640356 ], [ 1.2983637, 52.6641903 ], [ 1.2984117, 52.6643114 ], [ 1.298437, 52.664343 ], [ 1.2984606, 52.6644301 ], [ 1.2984517, 52.664463 ] ] } },
{ "type": "Feature", "properties": { "id": 78908, "nach": 0.5282788465752194 }, "geometry": { "type": "LineString", "coordinates": [ [ 1.2986998, 52.6654409 ], [ 1.298612, 52.665056 ], [ 1.298416, 52.6645638 ], [ 1.2984237, 52.664518 ], [ 1.2984517, 52.664463 ] ] } },
{ "type": "Feature", "properties": { "id": 18778, "nach": 0.41430745661304919 }, "geometry": { "type": "LineString", "coordinates": [ [ 1.2985873, 52.6644628 ], [ 1.2984902, 52.6644681 ], [ 1.2984517, 52.664463 ] ] } },
{ "type": "Feature", "properties": { "id": 18792, "nach": 0.46832810642832556 }, "geometry": { "type": "LineString", "coordinates": [ [ 1.2995632, 52.664368299999985 ], [ 1.2994652, 52.6640356 ] ] } },
{ "type": "Feature", "properties": { "id": 78918, "nach": 0.51705837612559225 }, "geometry": { "type": "LineString", "coordinates": [ [ 1.2987612, 52.6657121 ], [ 1.298758, 52.665696 ], [ 1.2986998, 52.6654409 ] ] } },
{ "type": "Feature", "properties": { "id": 78915, "nach": 0.43196363869508769 }, "geometry": { "type": "LineString", "coordinates": [ [ 1.2988671, 52.66571410000001 ], [ 1.298851, 52.6656027 ], [ 1.2987799, 52.6654449 ], [ 1.2986998, 52.6654409 ] ] } },
{ "type": "Feature", "properties": { "id": 18789, "nach": 0.39939786647008191 }, "geometry": { "type": "LineString", "coordinates": [ [ 1.3007012, 52.6642928 ], [ 1.300543, 52.664208 ], [ 1.300485, 52.664173 ] ] } },
{ "type": "Feature", "properties": { "id": 18793, "nach": 0.34851726139694428 }, "geometry": { "type": "LineString", "coordinates": [ [ 1.2995632, 52.664368299999985 ], [ 1.300042, 52.664317 ], [ 1.30021, 52.664293 ], [ 1.300299, 52.664272 ], [ 1.300371, 52.664239 ], [ 1.300485, 52.664173 ] ] } },
{ "type": "Feature", "properties": { "id": 18791, "nach": 0.40934693011128775 }, "geometry": { "type": "LineString", "coordinates": [ [ 1.2995632, 52.664368299999985 ], [ 1.2994949, 52.6643744 ] ] } },
{ "type": "Feature", "properties": { "id": 18796, "nach": 0.38174225868060824 }, "geometry": { "type": "LineString", "coordinates": [ [ 1.300704, 52.665216 ], [ 1.300879, 52.665616 ] ] } },
{ "type": "Feature", "properties": { "id": 18880, "nach": 0.44302682853311487 }, "geometry": { "type": "LineString", "coordinates": [ [ 1.301896, 52.664983 ], [ 1.300704, 52.665216 ] ] } },
{ "type": "Feature", "properties": { "id": 78912, "nach": 0.48584866630939449 }, "geometry": { "type": "LineString", "coordinates": [ [ 1.2991687, 52.6657597 ], [ 1.299427, 52.665733 ], [ 1.299501, 52.665718 ], [ 1.299567, 52.665683 ], [ 1.299658, 52.665613 ], [ 1.299809, 52.665429 ], [ 1.299846, 52.665392 ], [ 1.299895, 52.665371 ], [ 1.300704, 52.665216 ] ] } },
{ "type": "Feature", "properties": { "id": 18881, "nach": 0.37258138864051077 }, "geometry": { "type": "LineString", "coordinates": [ [ 1.301896, 52.664983 ], [ 1.301892, 52.6649282 ] ] } },
{ "type": "Feature", "properties": { "id": 18884, "nach": 0.36181801289812959 }, "geometry": { "type": "LineString", "coordinates": [ [ 1.3023319, 52.6653949 ], [ 1.301955, 52.665013 ], [ 1.301896, 52.664983 ] ] } },
{ "type": "Feature", "properties": { "id": 78911, "nach": 0.48511296383041735 }, "geometry": { "type": "LineString", "coordinates": [ [ 1.2991687, 52.6657597 ], [ 1.298779, 52.6658 ] ] } },
{ "type": "Feature", "properties": { "id": 78916, "nach": 0.42069910603239291 }, "geometry": { "type": "LineString", "coordinates": [ [ 1.2988671, 52.66571410000001 ], [ 1.2990857, 52.6657389 ], [ 1.2991687, 52.6657597 ] ] } },
{ "type": "Feature", "properties": { "id": 78921, "nach": 0.50403062440646362 }, "geometry": { "type": "LineString", "coordinates": [ [ 1.2983421, 52.6658315 ], [ 1.29847, 52.665829 ], [ 1.298617, 52.665818 ], [ 1.298779, 52.6658 ] ] } },
{ "type": "Feature", "properties": { "id": 78923, "nach": 0.53434624749980641 }, "geometry": { "type": "LineString", "coordinates": [ [ 1.2983421, 52.6658315 ], [ 1.2984145, 52.6657966 ], [ 1.2987142, 52.6657186 ], [ 1.2987612, 52.6657121 ] ] } },
{ "type": "Feature", "properties": { "id": 18816, "nach": 0.45102848145330471 }, "geometry": { "type": "LineString", "coordinates": [ [ 1.2973022, 52.6673014 ], [ 1.29726, 52.667053 ] ] } },
{ "type": "Feature", "properties": { "id": 18818, "nach": 0.52888408052389069 }, "geometry": { "type": "LineString", "coordinates": [ [ 1.2973022, 52.6673014 ], [ 1.297046, 52.66732 ], [ 1.296958, 52.667299 ], [ 1.2967384, 52.667315 ] ] } },
{ "type": "Feature", "properties": { "id": 18817, "nach": 0.45352946567386887 }, "geometry": { "type": "LineString", "coordinates": [ [ 1.2973022, 52.6673014 ], [ 1.297505, 52.667288 ] ] } },
{ "type": "Feature", "properties": { "id": 78919, "nach": 0.3224153574439278 }, "geometry": { "type": "LineString", "coordinates": [ [ 1.2987612, 52.6657121 ], [ 1.2987745, 52.6657776 ], [ 1.298779, 52.6658 ] ] } },
{ "type": "Feature", "properties": { "id": 78917, "nach": 0.40882356772079981 }, "geometry": { "type": "LineString", "coordinates": [ [ 1.2987612, 52.6657121 ], [ 1.2988671, 52.66571410000001 ] ] } },
{ "type": "Feature", "properties": { "id": 18809, "nach": 0.41766862076756922 }, "geometry": { "type": "LineString", "coordinates": [ [ 1.298253, 52.666882 ], [ 1.298221, 52.666747 ], [ 1.298224, 52.666675 ], [ 1.298371, 52.666338 ] ] } },
{ "type": "Feature", "properties": { "id": 18811, "nach": 0.49733303759306791 }, "geometry": { "type": "LineString", "coordinates": [ [ 1.298253, 52.666882 ], [ 1.298401, 52.666859 ], [ 1.298547, 52.666855 ], [ 1.298685, 52.666864 ] ] } },
{ "type": "Feature", "properties": { "id": 18826, "nach": 0.4165003004874665 }, "geometry": { "type": "LineString", "coordinates": [ [ 1.297906, 52.667336 ], [ 1.297893, 52.667263 ], [ 1.297927, 52.667148 ], [ 1.297923, 52.667034 ], [ 1.297947, 52.66693 ], [ 1.298253, 52.666882 ] ] } },
{ "type": "Feature", "properties": { "id": 77830, "nach": 0.50870224990467039 }, "geometry": { "type": "LineString", "coordinates": [ [ 1.2999237, 52.6662474 ], [ 1.2997566, 52.666252 ], [ 1.299549, 52.666272 ], [ 1.299336, 52.666319 ], [ 1.299154, 52.666376 ], [ 1.298997, 52.666458 ], [ 1.298858, 52.666567 ], [ 1.298766, 52.666678 ], [ 1.298713, 52.666771 ], [ 1.298685, 52.666864 ] ] } },
{ "type": "Feature", "properties": { "id": 71869, "nach": 0.56175752345158658 }, "geometry": { "type": "LineString", "coordinates": [ [ 1.2987203, 52.6670811 ], [ 1.298699, 52.667016 ], [ 1.298689, 52.666931 ], [ 1.298685, 52.666864 ] ] } },
{ "type": "Feature", "properties": { "id": 79040, "nach": 0.40804016847698094 }, "geometry": { "type": "LineString", "coordinates": [ [ 1.299966, 52.6662464 ], [ 1.2999237, 52.6662474 ] ] } },
{ "type": "Feature", "properties": { "id": 81373, "nach": 0.46847067928336528 }, "geometry": { "type": "LineString", "coordinates": [ [ 1.3000439, 52.6664736 ], [ 1.2999385, 52.6664751 ], [ 1.299935, 52.666409099999989 ], [ 1.299925, 52.6662804 ], [ 1.2999237, 52.6662474 ] ] } },
{ "type": "Feature", "properties": { "id": 71868, "nach": 0.56106393892292339 }, "geometry": { "type": "LineString", "coordinates": [ [ 1.2987203, 52.6670811 ], [ 1.298735, 52.6671259 ] ] } },
{ "type": "Feature", "properties": { "id": 71870, "nach": 0.53591995475298648 }, "geometry": { "type": "LineString", "coordinates": [ [ 1.2987203, 52.6670811 ], [ 1.299117899999989, 52.6670422 ], [ 1.299185, 52.6670015 ], [ 1.2992501, 52.6670003 ], [ 1.2993354, 52.667049600000013 ], [ 1.299841599999989, 52.667057 ], [ 1.3001933, 52.6670632 ], [ 1.300345699999989, 52.6670915 ], [ 1.3004494, 52.66712110000001 ], [ 1.3006242, 52.6671877 ], [ 1.3007517, 52.6672154 ] ] } },
{ "type": "Feature", "properties": { "id": 18821, "nach": 0.5922249427309596 }, "geometry": { "type": "LineString", "coordinates": [ [ 1.296938, 52.668435 ], [ 1.29699, 52.6684 ], [ 1.297011, 52.668361 ], [ 1.296994, 52.668317 ], [ 1.296926, 52.668245 ], [ 1.296908, 52.668196 ], [ 1.296781, 52.667794 ], [ 1.29675, 52.667579 ], [ 1.2967384, 52.667315 ] ] } },
{ "type": "Feature", "properties": { "id": 19086, "nach": 0.44941192021659931 }, "geometry": { "type": "LineString", "coordinates": [ [ 1.29733, 52.669044 ], [ 1.297205, 52.668946 ], [ 1.297166, 52.668886 ], [ 1.297059, 52.668691 ], [ 1.297037, 52.668633 ], [ 1.297029, 52.668567 ], [ 1.29702, 52.668516 ], [ 1.296981, 52.668468 ], [ 1.296938, 52.668435 ] ] } },
{ "type": "Feature", "properties": { "id": 18831, "nach": 0.56530259975502928 }, "geometry": { "type": "LineString", "coordinates": [ [ 1.2987643, 52.6677738 ], [ 1.298825, 52.667696 ], [ 1.298857, 52.667625 ], [ 1.298867, 52.667547 ], [ 1.298861, 52.667467 ], [ 1.298834, 52.667376 ], [ 1.298735, 52.6671259 ] ] } },
{ "type": "Feature", "properties": { "id": 18834, "nach": 0.43768816523429532 }, "geometry": { "type": "LineString", "coordinates": [ [ 1.299226, 52.667034 ], [ 1.299221, 52.667082 ], [ 1.299009, 52.667089 ], [ 1.298735, 52.6671259 ] ] } },
{ "type": "Feature", "properties": { "id": 18867, "nach": 0.56931144940769818 }, "geometry": { "type": "LineString", "coordinates": [ [ 1.299838, 52.667588 ], [ 1.299825, 52.667643 ], [ 1.299791, 52.667696 ], [ 1.299738, 52.667743 ], [ 1.299662, 52.667791 ], [ 1.299148, 52.668038 ], [ 1.299063, 52.668068 ], [ 1.298993, 52.668085 ], [ 1.298901, 52.668092 ], [ 1.298786, 52.668093 ], [ 1.2985896, 52.6680841 ] ] } },
{ "type": "Feature", "properties": { "id": 18865, "nach": 0.54979271394991136 }, "geometry": { "type": "LineString", "coordinates": [ [ 1.299838, 52.667588 ], [ 1.299851, 52.667339 ] ] } },
{ "type": "Feature", "properties": { "id": 18866, "nach": 0.42671421642326107 }, "geometry": { "type": "LineString", "coordinates": [ [ 1.299838, 52.667588 ], [ 1.300097, 52.667595 ] ] } },
{ "type": "Feature", "properties": { "id": 18838, "nach": 0.45574482170071418 }, "geometry": { "type": "LineString", "coordinates": [ [ 1.300696, 52.666125 ], [ 1.3007269, 52.6662049 ] ] } },
{ "type": "Feature", "properties": { "id": 71866, "nach": 0.54683991573157054 }, "geometry": { "type": "LineString", "coordinates": [ [ 1.3007517, 52.6672154 ], [ 1.3006719, 52.667051499999985 ], [ 1.3006042, 52.6669312 ], [ 1.3006345, 52.6667499 ], [ 1.3007373, 52.6666409 ], [ 1.300851, 52.6665166 ], [ 1.300797, 52.666379299999981 ], [ 1.3007269, 52.6662049 ] ] } },
{ "type": "Feature", "properties": { "id": 18842, "nach": 0.54930022554523661 }, "geometry": { "type": "LineString", "coordinates": [ [ 1.301078, 52.6661389 ], [ 1.300902, 52.66618 ], [ 1.3007269, 52.6662049 ] ] } },
{ "type": "Feature", "properties": { "id": 18843, "nach": 0.55597668040534909 }, "geometry": { "type": "LineString", "coordinates": [ [ 1.301078, 52.6661389 ], [ 1.301261, 52.666092 ], [ 1.301418, 52.66606 ] ] } },
{ "type": "Feature", "properties": { "id": 18845, "nach": 0.4486084895078819 }, "geometry": { "type": "LineString", "coordinates": [ [ 1.3009633, 52.6658496 ], [ 1.301059, 52.666093 ], [ 1.301078, 52.6661389 ] ] } },
{ "type": "Feature", "properties": { "id": 18850, "nach": 0.52166650758274513 }, "geometry": { "type": "LineString", "coordinates": [ [ 1.3015733, 52.6664569 ], [ 1.301418, 52.66606 ] ] } },
{ "type": "Feature", "properties": { "id": 18900, "nach": 0.57121799098213644 }, "geometry": { "type": "LineString", "coordinates": [ [ 1.302496, 52.665893 ], [ 1.302072, 52.665965 ], [ 1.301418, 52.66606 ] ] } },
{ "type": "Feature", "properties": { "id": 18849, "nach": 0.44626825624826555 }, "geometry": { "type": "LineString", "coordinates": [ [ 1.3015733, 52.6664569 ], [ 1.301706, 52.666439 ] ] } },
{ "type": "Feature", "properties": { "id": 18848, "nach": 0.44626825624826555 }, "geometry": { "type": "LineString", "coordinates": [ [ 1.3015733, 52.6664569 ], [ 1.301439, 52.666475 ] ] } },
{ "type": "Feature", "properties": { "id": 18899, "nach": 0.45949962900624924 }, "geometry": { "type": "LineString", "coordinates": [ [ 1.302496, 52.665893 ], [ 1.302427, 52.66572 ], [ 1.302426, 52.665643 ], [ 1.302378, 52.66556 ] ] } },
{ "type": "Feature", "properties": { "id": 18852, "nach": 0.42116645565775829 }, "geometry": { "type": "LineString", "coordinates": [ [ 1.299851, 52.667339 ], [ 1.299857, 52.667232 ] ] } },
{ "type": "Feature", "properties": { "id": 18862, "nach": 0.52523450609236366 }, "geometry": { "type": "LineString", "coordinates": [ [ 1.3002812, 52.667347 ], [ 1.299851, 52.667339 ] ] } },
{ "type": "Feature", "properties": { "id": 18863, "nach": 0.41522092593065435 }, "geometry": { "type": "LineString", "coordinates": [ [ 1.3002812, 52.667347 ], [ 1.3002884, 52.6672792 ], [ 1.3002919, 52.667249600000012 ] ] } },
{ "type": "Feature", "properties": { "id": 18861, "nach": 0.49071925332502508 }, "geometry": { "type": "LineString", "coordinates": [ [ 1.3002812, 52.667347 ], [ 1.3002979, 52.6673478 ] ] } },
{ "type": "Feature", "properties": { "id": 18857, "nach": 0.41571305486451943 }, "geometry": { "type": "LineString", "coordinates": [ [ 1.3002979, 52.6673478 ], [ 1.300292, 52.66741050000001 ] ] } },
{ "type": "Feature", "properties": { "id": 18860, "nach": 0.41630757654895489 }, "geometry": { "type": "LineString", "coordinates": [ [ 1.300373, 52.667349 ], [ 1.3002979, 52.6673478 ] ] } },
{ "type": "Feature", "properties": { "id": 18887, "nach": 0.45904028317861434 }, "geometry": { "type": "LineString", "coordinates": [ [ 1.303692, 52.665233 ], [ 1.303591, 52.665173 ] ] } },
{ "type": "Feature", "properties": { "id": 18888, "nach": 0.45935849881250179 }, "geometry": { "type": "LineString", "coordinates": [ [ 1.303692, 52.665233 ], [ 1.303783, 52.665178 ] ] } },
{ "type": "Feature", "properties": { "id": 18902, "nach": 0.53483504143340732 }, "geometry": { "type": "LineString", "coordinates": [ [ 1.304054, 52.66574 ], [ 1.303893, 52.665431 ], [ 1.303833, 52.66534 ], [ 1.303764, 52.665279 ], [ 1.303692, 52.665233 ] ] } },
{ "type": "Feature", "properties": { "id": 18914, "nach": 0.46056251581346447 }, "geometry": { "type": "LineString", "coordinates": [ [ 1.3035446, 52.6673425 ], [ 1.303727, 52.667332 ] ] } },
{ "type": "Feature", "properties": { "id": 69737, "nach": 0.4835091173898638 }, "geometry": { "type": "LineString", "coordinates": [ [ 1.2905525, 52.6677165 ], [ 1.290576, 52.667701 ], [ 1.290643, 52.66767 ], [ 1.290753, 52.667653 ], [ 1.291286, 52.667615 ], [ 1.2921957, 52.6675402 ] ] } },
{ "type": "Feature", "properties": { "id": 20769, "nach": 0.55038885323554732 }, "geometry": { "type": "LineString", "coordinates": [ [ 1.2966, 52.652804 ], [ 1.296578, 52.652766 ], [ 1.29652, 52.652716 ], [ 1.296448, 52.652644 ], [ 1.296366, 52.652548 ], [ 1.296303, 52.652458 ], [ 1.296271, 52.652383 ], [ 1.296253, 52.652311 ], [ 1.29622, 52.652172 ], [ 1.296186, 52.652064 ] ] } },
{ "type": "Feature", "properties": { "id": 59841, "nach": 0.52329012877604042 }, "geometry": { "type": "LineString", "coordinates": [ [ 1.296086, 52.6516028 ], [ 1.296078, 52.651664 ], [ 1.296079, 52.651746 ], [ 1.296096, 52.651829 ], [ 1.296186, 52.652064 ] ] } },
{ "type": "Feature", "properties": { "id": 59854, "nach": 0.4667096903467825 }, "geometry": { "type": "LineString", "coordinates": [ [ 1.2964994, 52.6518527 ], [ 1.296384, 52.6518967 ], [ 1.2962767, 52.6519666 ], [ 1.296186, 52.652064 ] ] } },
{ "type": "Feature", "properties": { "id": 59840, "nach": 0.5271185829479017 }, "geometry": { "type": "LineString", "coordinates": [ [ 1.296086, 52.6516028 ], [ 1.2962003, 52.651651799999982 ] ] } },
{ "type": "Feature", "properties": { "id": 86951, "nach": 0.55953295334560749 }, "geometry": { "type": "LineString", "coordinates": [ [ 1.296315, 52.6506681 ], [ 1.2963173, 52.650676 ], [ 1.296313, 52.650806 ], [ 1.296263, 52.650945 ], [ 1.296228, 52.651046 ], [ 1.296132, 52.651363 ], [ 1.296098, 52.651511 ], [ 1.296086, 52.6516028 ] ] } },
{ "type": "Feature", "properties": { "id": 59853, "nach": 0.50568716147161163 }, "geometry": { "type": "LineString", "coordinates": [ [ 1.2964994, 52.6518527 ], [ 1.2964243, 52.651842100000017 ], [ 1.296329, 52.651808 ], [ 1.2962727, 52.6517616 ], [ 1.2962472, 52.65170220000001 ], [ 1.2962003, 52.651651799999982 ] ] } },
{ "type": "Feature", "properties": { "id": 59852, "nach": 0.52735176813518592 }, "geometry": { "type": "LineString", "coordinates": [ [ 1.2964994, 52.6518527 ], [ 1.2967247, 52.6518023 ] ] } },
{ "type": "Feature", "properties": { "id": 27953, "nach": 0.47422896852256818 }, "geometry": { "type": "LineString", "coordinates": [ [ 1.2939768, 52.6605081 ], [ 1.2938684, 52.6604868 ], [ 1.2937649, 52.6604617 ] ] } },
{ "type": "Feature", "properties": { "id": 28212, "nach": 0.42591431454434475 }, "geometry": { "type": "LineString", "coordinates": [ [ 1.2846273, 52.6517003 ], [ 1.2845893, 52.651601 ] ] } },
{ "type": "Feature", "properties": { "id": 28211, "nach": 0.42430798481670695 }, "geometry": { "type": "LineString", "coordinates": [ [ 1.2846273, 52.6517003 ], [ 1.2843838, 52.6517395 ] ] } },
{ "type": "Feature", "properties": { "id": 76878, "nach": 0.61291666020451629 }, "geometry": { "type": "LineString", "coordinates": [ [ 1.2985316, 52.6503556 ], [ 1.2978008, 52.6504691 ], [ 1.2973759, 52.6505231 ], [ 1.2969734, 52.6505706 ], [ 1.296754, 52.6506019 ], [ 1.2964504, 52.6506227 ] ] } },
{ "type": "Feature", "properties": { "id": 76879, "nach": 0.60503934970539697 }, "geometry": { "type": "LineString", "coordinates": [ [ 1.2985316, 52.6503556 ], [ 1.2981905, 52.649656800000017 ], [ 1.2979183, 52.6490946 ] ] } },
{ "type": "Feature", "properties": { "id": 40238, "nach": 0.58352564653021233 }, "geometry": { "type": "LineString", "coordinates": [ [ 1.2932534, 52.6555003 ], [ 1.2932306, 52.655715200000017 ], [ 1.2932095, 52.6560036 ], [ 1.2933275, 52.656217199999986 ] ] } },
{ "type": "Feature", "properties": { "id": 54294, "nach": 0.27039020514636875 }, "geometry": { "type": "LineString", "coordinates": [ [ 1.2935859, 52.6555639 ], [ 1.2936601, 52.655527 ], [ 1.2937771, 52.655459 ], [ 1.2938871, 52.655421 ], [ 1.2939711, 52.655406 ], [ 1.2941081, 52.655393 ], [ 1.2942061, 52.655393 ], [ 1.2942981, 52.65541 ], [ 1.2943691, 52.655436 ], [ 1.2944301, 52.655471 ], [ 1.2944961, 52.655536 ], [ 1.2945411, 52.655614 ], [ 1.2945841, 52.655704 ], [ 1.2946346, 52.6557526 ], [ 1.2946651, 52.6557833 ], [ 1.2947755, 52.6558602 ], [ 1.2949899, 52.655991 ], [ 1.2951375, 52.65609760000001 ], [ 1.2952343, 52.65616450000001 ], [ 1.2953109, 52.6562756 ], [ 1.2953272, 52.6563224 ], [ 1.2953237, 52.6563633 ], [ 1.2952605, 52.6564252 ], [ 1.2952548, 52.6564598 ], [ 1.2952727, 52.6564797 ] ] } },
{ "type": "Feature", "properties": { "id": 54293, "nach": 0.44183248552555054 }, "geometry": { "type": "LineString", "coordinates": [ [ 1.2935859, 52.6555639 ], [ 1.2932534, 52.6555003 ] ] } },
{ "type": "Feature", "properties": { "id": 62831, "nach": 0.59461039621427969 }, "geometry": { "type": "LineString", "coordinates": [ [ 1.2932116, 52.6553903 ], [ 1.2932534, 52.6555003 ] ] } },
{ "type": "Feature", "properties": { "id": 32633, "nach": 0.57309689180923828 }, "geometry": { "type": "LineString", "coordinates": [ [ 1.2957071, 52.656528 ], [ 1.2955764, 52.6565371 ], [ 1.2954595, 52.6565303 ], [ 1.2953322, 52.6565084 ], [ 1.2952727, 52.6564797 ] ] } },
{ "type": "Feature", "properties": { "id": 81437, "nach": 0.57915023346180461 }, "geometry": { "type": "LineString", "coordinates": [ [ 1.2951221, 52.6564761 ], [ 1.2952727, 52.6564797 ] ] } },
{ "type": "Feature", "properties": { "id": 32655, "nach": 0.558005368561444 }, "geometry": { "type": "LineString", "coordinates": [ [ 1.2996333, 52.6609732 ], [ 1.2995115, 52.6609493 ], [ 1.2993176, 52.6609285 ], [ 1.2985494, 52.6608785 ], [ 1.298144, 52.66084 ], [ 1.2976567, 52.6607335 ], [ 1.2974697, 52.6606691 ], [ 1.2973174, 52.6605735 ], [ 1.2972496, 52.6605118 ] ] } },
{ "type": "Feature", "properties": { "id": 54318, "nach": 0.5392910376660095 }, "geometry": { "type": "LineString", "coordinates": [ [ 1.2996628, 52.6608957 ], [ 1.2996333, 52.6609732 ] ] } },
{ "type": "Feature", "properties": { "id": 76741, "nach": 0.51693819874660685 }, "geometry": { "type": "LineString", "coordinates": [ [ 1.2945308, 52.6543477 ], [ 1.2945106, 52.6543272 ], [ 1.294479, 52.6542955 ], [ 1.2940338, 52.6539188 ], [ 1.2939522, 52.6539567 ] ] } },
{ "type": "Feature", "properties": { "id": 76754, "nach": 0.53939920388323581 }, "geometry": { "type": "LineString", "coordinates": [ [ 1.2940089, 52.65411 ], [ 1.2939526, 52.654030600000013 ], [ 1.2939023, 52.6539826 ], [ 1.2939522, 52.6539567 ] ] } },
{ "type": "Feature", "properties": { "id": 76752, "nach": 0.46951908893441757 }, "geometry": { "type": "LineString", "coordinates": [ [ 1.2940089, 52.65411 ], [ 1.2939962, 52.6541148 ] ] } },
{ "type": "Feature", "properties": { "id": 76755, "nach": 0.57554933244843287 }, "geometry": { "type": "LineString", "coordinates": [ [ 1.293956, 52.65434590000001 ], [ 1.2940089, 52.65411 ] ] } },
{ "type": "Feature", "properties": { "id": 37914, "nach": 0.41280593645825292 }, "geometry": { "type": "LineString", "coordinates": [ [ 1.2888127, 52.6478846 ], [ 1.2889333, 52.647783900000015 ] ] } },
{ "type": "Feature", "properties": { "id": 37917, "nach": 0.41362667134906111 }, "geometry": { "type": "LineString", "coordinates": [ [ 1.2888127, 52.6478846 ], [ 1.2886999, 52.6478722 ] ] } },
{ "type": "Feature", "properties": { "id": 37925, "nach": 0.50534233155767028 }, "geometry": { "type": "LineString", "coordinates": [ [ 1.288799, 52.648026900000012 ], [ 1.2888127, 52.6478846 ] ] } },
{ "type": "Feature", "properties": { "id": 37918, "nach": 0.41253010026605436 }, "geometry": { "type": "LineString", "coordinates": [ [ 1.2890445, 52.647896300000014 ], [ 1.2888127, 52.6478846 ] ] } },
{ "type": "Feature", "properties": { "id": 37927, "nach": 0.56060088193250568 }, "geometry": { "type": "LineString", "coordinates": [ [ 1.288799, 52.648026900000012 ], [ 1.2882393, 52.6479417 ] ] } },
{ "type": "Feature", "properties": { "id": 67202, "nach": 0.46464458611808451 }, "geometry": { "type": "LineString", "coordinates": [ [ 1.2914448, 52.6570708 ], [ 1.29146, 52.657113 ], [ 1.291518, 52.65719 ], [ 1.291598, 52.657269 ], [ 1.291697, 52.657319 ], [ 1.291816, 52.657351 ], [ 1.2918909, 52.6573679 ], [ 1.2919477, 52.657376300000017 ], [ 1.2919818, 52.657387 ], [ 1.2920018, 52.6574027 ], [ 1.2920077, 52.6574298 ], [ 1.2920018, 52.6575091 ], [ 1.291994, 52.6577501 ] ] } },
{ "type": "Feature", "properties": { "id": 67204, "nach": 0.56539021039134085 }, "geometry": { "type": "LineString", "coordinates": [ [ 1.2914448, 52.6570708 ], [ 1.2913141, 52.6570544 ], [ 1.2911834, 52.6569921 ], [ 1.2910433, 52.6568845 ], [ 1.2909485, 52.6568349 ] ] } },
{ "type": "Feature", "properties": { "id": 39186, "nach": 0.41822404124423912 }, "geometry": { "type": "LineString", "coordinates": [ [ 1.2885411, 52.6512641 ], [ 1.2882609, 52.650704 ] ] } },
{ "type": "Feature", "properties": { "id": 39187, "nach": 0.41173211768266393 }, "geometry": { "type": "LineString", "coordinates": [ [ 1.2885411, 52.6512641 ], [ 1.2879097, 52.6514022 ], [ 1.2877677, 52.6514407 ], [ 1.2876369, 52.6514407 ], [ 1.2875174, 52.6512163 ] ] } },
{ "type": "Feature", "properties": { "id": 62833, "nach": 0.43275934913931108 }, "geometry": { "type": "LineString", "coordinates": [ [ 1.2932116, 52.6553903 ], [ 1.2933129, 52.6553592 ], [ 1.2934148, 52.65528110000001 ], [ 1.2935275, 52.6551737 ], [ 1.2937903, 52.6551135 ], [ 1.2940022, 52.6550858 ], [ 1.2942651, 52.6550972 ], [ 1.2944663, 52.6551184 ], [ 1.2946272, 52.6551965 ], [ 1.2947077, 52.6552844 ], [ 1.2947613, 52.6554194 ], [ 1.2948605, 52.655517 ], [ 1.2949866, 52.6556944 ], [ 1.2951234, 52.6558424 ], [ 1.2952709, 52.6559905 ] ] } },
{ "type": "Feature", "properties": { "id": 40249, "nach": 0.49559390543248799 }, "geometry": { "type": "LineString", "coordinates": [ [ 1.2929839, 52.6591299 ], [ 1.2929627, 52.6590865 ], [ 1.2929293, 52.6590646 ], [ 1.2929144, 52.6590401 ], [ 1.2929387, 52.65898 ], [ 1.2929682, 52.6589597 ], [ 1.2929814, 52.6589343 ] ] } },
{ "type": "Feature", "properties": { "id": 62826, "nach": 0.45415505684310592 }, "geometry": { "type": "LineString", "coordinates": [ [ 1.2931332, 52.6591728 ], [ 1.2930844, 52.6591618 ], [ 1.2929839, 52.6591299 ] ] } },
{ "type": "Feature", "properties": { "id": 43236, "nach": 0.52524333560847336 }, "geometry": { "type": "LineString", "coordinates": [ [ 1.287221, 52.6571067 ], [ 1.2871306, 52.6570063 ] ] } },
{ "type": "Feature", "properties": { "id": 43231, "nach": 0.52449970087842479 }, "geometry": { "type": "LineString", "coordinates": [ [ 1.2869841, 52.6570523 ], [ 1.2871306, 52.6570063 ] ] } },
{ "type": "Feature", "properties": { "id": 43237, "nach": 0.0 }, "geometry": { "type": "LineString", "coordinates": [ [ 1.287221, 52.6571067 ], [ 1.2870732, 52.6571535 ], [ 1.2869841, 52.6570523 ] ] } },
{ "type": "Feature", "properties": { "id": 43235, "nach": 0.47759952055581811 }, "geometry": { "type": "LineString", "coordinates": [ [ 1.287221, 52.6571067 ], [ 1.2873844, 52.6570545 ] ] } },
{ "type": "Feature", "properties": { "id": 43238, "nach": 0.47553757877348618 }, "geometry": { "type": "LineString", "coordinates": [ [ 1.2866141, 52.6571321 ], [ 1.2868723, 52.6570518 ], [ 1.2869518, 52.6570625 ], [ 1.2869841, 52.6570523 ] ] } },
{ "type": "Feature", "properties": { "id": 43958, "nach": 0.45896822098073736 }, "geometry": { "type": "LineString", "coordinates": [ [ 1.2901205, 52.6518959 ], [ 1.2902298, 52.6518729 ] ] } },
{ "type": "Feature", "properties": { "id": 43961, "nach": 0.4585446167666582 }, "geometry": { "type": "LineString", "coordinates": [ [ 1.2899694, 52.6519237 ], [ 1.2901205, 52.6518959 ] ] } },
{ "type": "Feature", "properties": { "id": 43971, "nach": 0.60248008001741338 }, "geometry": { "type": "LineString", "coordinates": [ [ 1.2900791, 52.6518338 ], [ 1.2901205, 52.6518959 ] ] } },
{ "type": "Feature", "properties": { "id": 43972, "nach": 0.53657755654097239 }, "geometry": { "type": "LineString", "coordinates": [ [ 1.2900791, 52.6518338 ], [ 1.2901151, 52.6518247 ], [ 1.2900911, 52.6514306 ], [ 1.2900726, 52.6513946 ] ] } },
{ "type": "Feature", "properties": { "id": 81472, "nach": 0.5819103907992409 }, "geometry": { "type": "LineString", "coordinates": [ [ 1.3043909, 52.6530854 ], [ 1.3044187, 52.6530481 ] ] } },
{ "type": "Feature", "properties": { "id": 81502, "nach": 0.60137366986906515 }, "geometry": { "type": "LineString", "coordinates": [ [ 1.3045653, 52.65302040000001 ], [ 1.3044187, 52.6530481 ] ] } },
{ "type": "Feature", "properties": { "id": 81499, "nach": 0.52808940172250241 }, "geometry": { "type": "LineString", "coordinates": [ [ 1.3044187, 52.6530481 ], [ 1.3044174, 52.6530061 ] ] } },
{ "type": "Feature", "properties": { "id": 74386, "nach": 0.5256993820855711 }, "geometry": { "type": "LineString", "coordinates": [ [ 1.300062, 52.653362100000024 ], [ 1.3000783, 52.6534212 ] ] } },
{ "type": "Feature", "properties": { "id": 79042, "nach": 0.44893642041872234 }, "geometry": { "type": "LineString", "coordinates": [ [ 1.2956977, 52.6545559 ], [ 1.2957677, 52.6545783 ], [ 1.2958933, 52.654669099999985 ] ] } },
{ "type": "Feature", "properties": { "id": 81516, "nach": 0.44510899567731227 }, "geometry": { "type": "LineString", "coordinates": [ [ 1.2959549, 52.6548474 ], [ 1.2956893, 52.654614 ], [ 1.2956977, 52.6545559 ] ] } },
{ "type": "Feature", "properties": { "id": 80644, "nach": 0.47260712639815106 }, "geometry": { "type": "LineString", "coordinates": [ [ 1.2883374, 52.6556187 ], [ 1.2877165, 52.6556488 ], [ 1.2877118, 52.6554836 ] ] } },
{ "type": "Feature", "properties": { "id": 44223, "nach": 0.47605439201432231 }, "geometry": { "type": "LineString", "coordinates": [ [ 1.2811557, 52.6571734 ], [ 1.2814056, 52.6571794 ], [ 1.2814784, 52.6571722 ], [ 1.2814469, 52.6570338 ] ] } },
{ "type": "Feature", "properties": { "id": 44221, "nach": 0.47726167829034483 }, "geometry": { "type": "LineString", "coordinates": [ [ 1.2811557, 52.6571734 ], [ 1.2806914, 52.6571579 ] ] } },
{ "type": "Feature", "properties": { "id": 44224, "nach": 0.55291763019912832 }, "geometry": { "type": "LineString", "coordinates": [ [ 1.2811498, 52.6572346 ], [ 1.2811557, 52.6571734 ] ] } },
{ "type": "Feature", "properties": { "id": 44259, "nach": 0.50520700243999073 }, "geometry": { "type": "LineString", "coordinates": [ [ 1.2854141, 52.657636 ], [ 1.2853959, 52.657590399999982 ] ] } },
{ "type": "Feature", "properties": { "id": 44269, "nach": 0.52262733419857355 }, "geometry": { "type": "LineString", "coordinates": [ [ 1.285437, 52.6576937 ], [ 1.2854256, 52.6576649 ], [ 1.2854141, 52.657636 ] ] } },
{ "type": "Feature", "properties": { "id": 44268, "nach": 0.4743095982078136 }, "geometry": { "type": "LineString", "coordinates": [ [ 1.285437, 52.6576937 ], [ 1.2855113, 52.6576837 ], [ 1.2856944, 52.6576574 ] ] } },
{ "type": "Feature", "properties": { "id": 44272, "nach": 0.54512748845185854 }, "geometry": { "type": "LineString", "coordinates": [ [ 1.2845203, 52.6576945 ], [ 1.2846009, 52.6576849 ] ] } },
{ "type": "Feature", "properties": { "id": 44274, "nach": 0.47083593656690109 }, "geometry": { "type": "LineString", "coordinates": [ [ 1.2845565, 52.6578118 ], [ 1.2845203, 52.6576945 ] ] } },
{ "type": "Feature", "properties": { "id": 44275, "nach": 0.4695284636154316 }, "geometry": { "type": "LineString", "coordinates": [ [ 1.2844549, 52.6578245 ], [ 1.2844229, 52.6577122 ], [ 1.2845203, 52.6576945 ] ] } },
{ "type": "Feature", "properties": { "id": 51616, "nach": 0.36991409164223304 }, "geometry": { "type": "LineString", "coordinates": [ [ 1.3129647, 52.6615913 ], [ 1.3129983, 52.6616719 ], [ 1.3130834, 52.6617454 ], [ 1.3131429, 52.6617423 ] ] } },
{ "type": "Feature", "properties": { "id": 51618, "nach": 0.52406482778834618 }, "geometry": { "type": "LineString", "coordinates": [ [ 1.3129647, 52.6615913 ], [ 1.3130543, 52.6616476 ], [ 1.3131338, 52.6617141 ], [ 1.3132155, 52.6617108 ] ] } },
{ "type": "Feature", "properties": { "id": 51620, "nach": 0.42882219017601003 }, "geometry": { "type": "LineString", "coordinates": [ [ 1.3131429, 52.6617423 ], [ 1.3132155, 52.6617108 ] ] } },
{ "type": "Feature", "properties": { "id": 77433, "nach": 0.59562683184654752 }, "geometry": { "type": "LineString", "coordinates": [ [ 1.2909347, 52.656179600000016 ], [ 1.2906593, 52.6562974 ] ] } },
{ "type": "Feature", "properties": { "id": 77437, "nach": 0.0 }, "geometry": { "type": "LineString", "coordinates": [ [ 1.2907876, 52.6559978 ], [ 1.2905516, 52.656067700000015 ], [ 1.2905073, 52.656104700000022 ], [ 1.2906593, 52.6562974 ] ] } },
{ "type": "Feature", "properties": { "id": 67218, "nach": 0.46782085465534928 }, "geometry": { "type": "LineString", "coordinates": [ [ 1.2912613, 52.6559959 ], [ 1.2911856, 52.6560503 ] ] } },
{ "type": "Feature", "properties": { "id": 57006, "nach": 0.54740795865954039 }, "geometry": { "type": "LineString", "coordinates": [ [ 1.2910456, 52.6561336 ], [ 1.2911856, 52.6560503 ] ] } },
{ "type": "Feature", "properties": { "id": 77431, "nach": 0.47620331019400947 }, "geometry": { "type": "LineString", "coordinates": [ [ 1.291078, 52.6559184 ], [ 1.2911856, 52.6560503 ] ] } },
{ "type": "Feature", "properties": { "id": 77436, "nach": 0.1610408577320962 }, "geometry": { "type": "LineString", "coordinates": [ [ 1.2907876, 52.6559978 ], [ 1.2909257, 52.6559555 ], [ 1.2909244, 52.6559449 ], [ 1.2909995, 52.6559229 ], [ 1.2909847, 52.6559001 ], [ 1.2910491, 52.6558798 ], [ 1.2911521, 52.6558714 ], [ 1.2912371, 52.6559824 ], [ 1.2912613, 52.6559959 ] ] } },
{ "type": "Feature", "properties": { "id": 77432, "nach": 0.57555389242938648 }, "geometry": { "type": "LineString", "coordinates": [ [ 1.2909347, 52.656179600000016 ], [ 1.2910456, 52.6561336 ] ] } },
{ "type": "Feature", "properties": { "id": 77435, "nach": 0.47819458038530555 }, "geometry": { "type": "LineString", "coordinates": [ [ 1.2907876, 52.6559978 ], [ 1.2909347, 52.656179600000016 ] ] } },
{ "type": "Feature", "properties": { "id": 58279, "nach": 0.42077165984196319 }, "geometry": { "type": "LineString", "coordinates": [ [ 1.2988235, 52.6624444 ], [ 1.2987685, 52.6623582 ] ] } },
{ "type": "Feature", "properties": { "id": 58371, "nach": 0.45650144774848389 }, "geometry": { "type": "LineString", "coordinates": [ [ 1.2934558, 52.6526093 ], [ 1.2933388, 52.6524523 ] ] } },
{ "type": "Feature", "properties": { "id": 58380, "nach": 0.50518278131180883 }, "geometry": { "type": "LineString", "coordinates": [ [ 1.2933853, 52.6524328 ], [ 1.2933585, 52.6524458 ], [ 1.2933388, 52.6524523 ] ] } },
{ "type": "Feature", "properties": { "id": 58382, "nach": 0.45837402759056206 }, "geometry": { "type": "LineString", "coordinates": [ [ 1.2933409, 52.6524019 ], [ 1.2933518, 52.6523986 ], [ 1.2933702, 52.6524234 ], [ 1.2933853, 52.6524328 ] ] } },
{ "type": "Feature", "properties": { "id": 58854, "nach": 0.46443838225530037 }, "geometry": { "type": "LineString", "coordinates": [ [ 1.2872802, 52.6614764 ], [ 1.2872643, 52.6613859 ], [ 1.2882108, 52.6612904 ] ] } },
{ "type": "Feature", "properties": { "id": 66774, "nach": 0.64988755035079027 }, "geometry": { "type": "LineString", "coordinates": [ [ 1.2882673, 52.6614791 ], [ 1.2882603, 52.6614158 ], [ 1.2872802, 52.6614764 ] ] } },
{ "type": "Feature", "properties": { "id": 66772, "nach": 0.63121162646857298 }, "geometry": { "type": "LineString", "coordinates": [ [ 1.2882673, 52.6614791 ], [ 1.2882732, 52.6615321 ] ] } },
{ "type": "Feature", "properties": { "id": 58862, "nach": 0.62421690115837547 }, "geometry": { "type": "LineString", "coordinates": [ [ 1.2875768, 52.6615635 ], [ 1.2877959, 52.661551800000012 ], [ 1.2882732, 52.6615321 ] ] } },
{ "type": "Feature", "properties": { "id": 58860, "nach": 0.46732010909726374 }, "geometry": { "type": "LineString", "coordinates": [ [ 1.2875768, 52.6615635 ], [ 1.2873289, 52.6615773 ], [ 1.2873475, 52.6616907 ] ] } },
{ "type": "Feature", "properties": { "id": 74383, "nach": 0.55759085423323174 }, "geometry": { "type": "LineString", "coordinates": [ [ 1.3000783, 52.6534212 ], [ 1.3001525, 52.6534156 ] ] } },
{ "type": "Feature", "properties": { "id": 59846, "nach": 0.43580816747060341 }, "geometry": { "type": "LineString", "coordinates": [ [ 1.2969822, 52.6518137 ], [ 1.2969956, 52.6517705 ] ] } },
{ "type": "Feature", "properties": { "id": 59851, "nach": 0.51145834168800963 }, "geometry": { "type": "LineString", "coordinates": [ [ 1.2967247, 52.6518023 ], [ 1.296888299999989, 52.6518072 ], [ 1.2969822, 52.6518137 ] ] } },
{ "type": "Feature", "properties": { "id": 59850, "nach": 0.43606766697725585 }, "geometry": { "type": "LineString", "coordinates": [ [ 1.2967247, 52.6518023 ], [ 1.2967408, 52.6517559 ], [ 1.2967448, 52.651703 ], [ 1.2967408, 52.6516729 ] ] } },
{ "type": "Feature", "properties": { "id": 59838, "nach": 0.43730984041112336 }, "geometry": { "type": "LineString", "coordinates": [ [ 1.2962003, 52.651651799999982 ], [ 1.296258, 52.651655 ], [ 1.2963089, 52.6516745 ], [ 1.2963532, 52.6516933 ], [ 1.2964028, 52.651696500000014 ], [ 1.2964565, 52.6516933 ], [ 1.2964779, 52.6516851 ], [ 1.2965047, 52.6516607 ] ] } },
{ "type": "Feature", "properties": { "id": 86949, "nach": 0.56723931321607324 }, "geometry": { "type": "LineString", "coordinates": [ [ 1.296315, 52.6506681 ], [ 1.2959803, 52.6506778 ] ] } },
{ "type": "Feature", "properties": { "id": 86950, "nach": 0.57471410198316319 }, "geometry": { "type": "LineString", "coordinates": [ [ 1.296315, 52.6506681 ], [ 1.2964618, 52.6506697 ] ] } },
{ "type": "Feature", "properties": { "id": 69215, "nach": 0.42657370387863552 }, "geometry": { "type": "LineString", "coordinates": [ [ 1.2893576, 52.6684452 ], [ 1.2895253, 52.668341200000015 ], [ 1.2895843, 52.668263100000011 ], [ 1.2897552, 52.667773 ], [ 1.2900199, 52.6674265 ] ] } },
{ "type": "Feature", "properties": { "id": 60643, "nach": 0.44904892048493344 }, "geometry": { "type": "LineString", "coordinates": [ [ 1.2912476, 52.6666478 ], [ 1.291261, 52.6665909 ] ] } },
{ "type": "Feature", "properties": { "id": 60644, "nach": 0.44615911951575993 }, "geometry": { "type": "LineString", "coordinates": [ [ 1.2912476, 52.6666478 ], [ 1.2912476, 52.666732399999987 ], [ 1.2912717, 52.6668316 ] ] } },
{ "type": "Feature", "properties": { "id": 60647, "nach": 0.52299841537056591 }, "geometry": { "type": "LineString", "coordinates": [ [ 1.2917143, 52.6666608 ], [ 1.2915051, 52.6666641 ], [ 1.2912476, 52.6666478 ] ] } },
{ "type": "Feature", "properties": { "id": 60648, "nach": 0.45223661149240457 }, "geometry": { "type": "LineString", "coordinates": [ [ 1.2917143, 52.6666608 ], [ 1.291886, 52.6666445 ], [ 1.2920657, 52.6665876 ] ] } },
{ "type": "Feature", "properties": { "id": 60657, "nach": 0.45134393436743653 }, "geometry": { "type": "LineString", "coordinates": [ [ 1.2926343, 52.6657857 ], [ 1.2924546, 52.665824700000023 ] ] } },
{ "type": "Feature", "properties": { "id": 60714, "nach": 0.5062255194805515 }, "geometry": { "type": "LineString", "coordinates": [ [ 1.2836836, 52.6580392 ], [ 1.283667, 52.6581183 ] ] } },
{ "type": "Feature", "properties": { "id": 60711, "nach": 0.46673745000293176 }, "geometry": { "type": "LineString", "coordinates": [ [ 1.2841281, 52.6582099 ], [ 1.2836429, 52.6582366 ], [ 1.2836357, 52.658206 ], [ 1.2836402, 52.6581705 ], [ 1.283667, 52.6581183 ] ] } },
{ "type": "Feature", "properties": { "id": 86988, "nach": 0.53089571441517802 }, "geometry": { "type": "LineString", "coordinates": [ [ 1.2836783, 52.657958 ], [ 1.2836836, 52.6580392 ] ] } },
{ "type": "Feature", "properties": { "id": 60715, "nach": 0.0 }, "geometry": { "type": "LineString", "coordinates": [ [ 1.2836836, 52.6580392 ], [ 1.2837797, 52.65803720000001 ], [ 1.2840238, 52.658021400000017 ], [ 1.2840724, 52.658008300000013 ], [ 1.2840859, 52.6579864 ], [ 1.2840949, 52.657952 ], [ 1.284085, 52.6578649 ], [ 1.2840769, 52.6578409 ], [ 1.2840674, 52.6578305 ], [ 1.2840445, 52.6578209 ], [ 1.2840143, 52.657819 ], [ 1.2838727, 52.6578301 ], [ 1.2837356, 52.657837 ], [ 1.283709, 52.6578412 ] ] } },
{ "type": "Feature", "properties": { "id": 86989, "nach": 0.54941585663142722 }, "geometry": { "type": "LineString", "coordinates": [ [ 1.2836783, 52.657958 ], [ 1.2837222, 52.6579564 ], [ 1.2837352, 52.657956 ], [ 1.2837316, 52.6578657 ], [ 1.283709, 52.6578412 ] ] } },
{ "type": "Feature", "properties": { "id": 60727, "nach": 0.46781869532549775 }, "geometry": { "type": "LineString", "coordinates": [ [ 1.2832332, 52.6578167 ], [ 1.2832253, 52.6578598 ], [ 1.2832223, 52.6578761 ] ] } },
{ "type": "Feature", "properties": { "id": 60726, "nach": 0.46645338271974257 }, "geometry": { "type": "LineString", "coordinates": [ [ 1.2832332, 52.6578167 ], [ 1.2834544, 52.6578265 ] ] } },
{ "type": "Feature", "properties": { "id": 63608, "nach": 0.58981741107814156 }, "geometry": { "type": "LineString", "coordinates": [ [ 1.286429, 52.6622948 ], [ 1.2861566, 52.662316 ] ] } },
{ "type": "Feature", "properties": { "id": 61606, "nach": 0.4319428706714698 }, "geometry": { "type": "LineString", "coordinates": [ [ 1.2872667, 52.6628025 ], [ 1.2864268, 52.6628764 ], [ 1.2862723, 52.66289 ], [ 1.2861566, 52.662316 ] ] } },
{ "type": "Feature", "properties": { "id": 63610, "nach": 0.43759188192385562 }, "geometry": { "type": "LineString", "coordinates": [ [ 1.286429, 52.6622948 ], [ 1.286419, 52.6622475 ], [ 1.2864089, 52.66219060000001 ], [ 1.2863526, 52.6618604 ], [ 1.2862614, 52.661820499999983 ], [ 1.2862466, 52.6617514 ], [ 1.2861058, 52.6616863 ], [ 1.2860548, 52.6614894 ], [ 1.286374, 52.661465 ] ] } },
{ "type": "Feature", "properties": { "id": 67136, "nach": 0.56574680547970435 }, "geometry": { "type": "LineString", "coordinates": [ [ 1.2908933, 52.6606088 ], [ 1.2910617, 52.6605275 ], [ 1.291117, 52.6605185 ], [ 1.2911638, 52.6605417 ], [ 1.2912616, 52.6606294 ], [ 1.2913425, 52.660706900000015 ], [ 1.2914765, 52.6608423 ] ] } },
{ "type": "Feature", "properties": { "id": 61628, "nach": 0.45418145206958721 }, "geometry": { "type": "LineString", "coordinates": [ [ 1.2876561, 52.6600063 ], [ 1.2881899, 52.6599324 ] ] } },
{ "type": "Feature", "properties": { "id": 61630, "nach": 0.42963158320929656 }, "geometry": { "type": "LineString", "coordinates": [ [ 1.2876561, 52.6600063 ], [ 1.2877215, 52.6602557 ] ] } },
{ "type": "Feature", "properties": { "id": 61625, "nach": 0.4578902673489581 }, "geometry": { "type": "LineString", "coordinates": [ [ 1.2877215, 52.6602557 ], [ 1.2881397, 52.6602049 ] ] } },
{ "type": "Feature", "properties": { "id": 62440, "nach": 0.53197874146096735 }, "geometry": { "type": "LineString", "coordinates": [ [ 1.2828168, 52.6566264 ], [ 1.2825456, 52.6566597 ] ] } },
{ "type": "Feature", "properties": { "id": 62438, "nach": 0.4575640356325027 }, "geometry": { "type": "LineString", "coordinates": [ [ 1.2832427, 52.6566806 ], [ 1.2827695, 52.656739 ], [ 1.2827157, 52.6567407 ], [ 1.2826675, 52.6567339 ], [ 1.2825456, 52.6566597 ] ] } },
{ "type": "Feature", "properties": { "id": 62439, "nach": 0.45720962779563418 }, "geometry": { "type": "LineString", "coordinates": [ [ 1.2828168, 52.6566264 ], [ 1.2832852, 52.6565689 ] ] } },
{ "type": "Feature", "properties": { "id": 62442, "nach": 0.45545857120883071 }, "geometry": { "type": "LineString", "coordinates": [ [ 1.2832455, 52.6564417 ], [ 1.2828744, 52.6564932 ], [ 1.2828319, 52.656507 ], [ 1.2828064, 52.6565242 ], [ 1.2827922, 52.6565431 ], [ 1.2828168, 52.6566264 ] ] } },
{ "type": "Feature", "properties": { "id": 77600, "nach": 0.41436482683640691 }, "geometry": { "type": "LineString", "coordinates": [ [ 1.2868733, 52.6578098 ], [ 1.2867235, 52.6574267 ] ] } },
{ "type": "Feature", "properties": { "id": 77601, "nach": 0.40895169011078608 }, "geometry": { "type": "LineString", "coordinates": [ [ 1.2868733, 52.6578098 ], [ 1.286016, 52.6579282 ] ] } },
{ "type": "Feature", "properties": { "id": 74228, "nach": 0.56064350562608067 }, "geometry": { "type": "LineString", "coordinates": [ [ 1.2876076, 52.65614690000001 ], [ 1.2876105, 52.6561633 ], [ 1.2876159, 52.6561971 ], [ 1.2876422, 52.6563118 ], [ 1.2876535, 52.6564407 ], [ 1.2876354, 52.656474900000013 ], [ 1.2876052, 52.6564969 ], [ 1.2875804, 52.6565066 ], [ 1.2874862, 52.6565298 ] ] } },
{ "type": "Feature", "properties": { "id": 74224, "nach": 0.66002837608493281 }, "geometry": { "type": "LineString", "coordinates": [ [ 1.287343, 52.6561557 ], [ 1.2873986, 52.656181599999989 ], [ 1.2874214, 52.6562101 ], [ 1.2874322, 52.6562377 ], [ 1.2874577, 52.6564745 ], [ 1.2874697, 52.6565066 ], [ 1.2874862, 52.6565298 ] ] } },
{ "type": "Feature", "properties": { "id": 77469, "nach": 0.70029040848816471 }, "geometry": { "type": "LineString", "coordinates": [ [ 1.2907999, 52.6586383 ], [ 1.2908122, 52.65861120000001 ] ] } },
{ "type": "Feature", "properties": { "id": 64379, "nach": 0.46909082324989432 }, "geometry": { "type": "LineString", "coordinates": [ [ 1.2913033, 52.6584886 ], [ 1.2911634, 52.6586819 ], [ 1.2908122, 52.65861120000001 ] ] } },
{ "type": "Feature", "properties": { "id": 77474, "nach": 0.4785869679174341 }, "geometry": { "type": "LineString", "coordinates": [ [ 1.2904322, 52.6584854 ], [ 1.2904859, 52.6585171 ], [ 1.2905221, 52.6585554 ], [ 1.2905261, 52.6586082 ], [ 1.2907999, 52.6586383 ] ] } },
{ "type": "Feature", "properties": { "id": 74262, "nach": 0.58640830346234174 }, "geometry": { "type": "LineString", "coordinates": [ [ 1.2964618, 52.6506697 ], [ 1.2964504, 52.6506227 ] ] } },
{ "type": "Feature", "properties": { "id": 74250, "nach": 0.55492301177120029 }, "geometry": { "type": "LineString", "coordinates": [ [ 1.2959777, 52.6506214 ], [ 1.2963052, 52.6506242 ], [ 1.2964504, 52.6506227 ] ] } },
{ "type": "Feature", "properties": { "id": 74264, "nach": 0.43911992991576443 }, "geometry": { "type": "LineString", "coordinates": [ [ 1.2964618, 52.6506697 ], [ 1.2965037, 52.6508848 ], [ 1.296618, 52.6512016 ] ] } },
{ "type": "Feature", "properties": { "id": 74249, "nach": 0.33934846107917865 }, "geometry": { "type": "LineString", "coordinates": [ [ 1.2959777, 52.6506214 ], [ 1.2959803, 52.6506778 ] ] } },
{ "type": "Feature", "properties": { "id": 80617, "nach": 0.44360953034369671 }, "geometry": { "type": "LineString", "coordinates": [ [ 1.2866704, 52.654446800000017 ], [ 1.2864693, 52.654468799999989 ], [ 1.2862592, 52.654496 ], [ 1.2862222, 52.6545008 ], [ 1.2861088, 52.6545465 ], [ 1.2860805, 52.6546193 ], [ 1.2861031, 52.6546979 ], [ 1.286128, 52.654767 ], [ 1.2861046, 52.654827 ], [ 1.2860461, 52.654848 ] ] } },
{ "type": "Feature", "properties": { "id": 80616, "nach": 0.45448470359214133 }, "geometry": { "type": "LineString", "coordinates": [ [ 1.2866704, 52.654446800000017 ], [ 1.2867589, 52.6547401 ] ] } },
{ "type": "Feature", "properties": { "id": 65486, "nach": 0.44850691841743101 }, "geometry": { "type": "LineString", "coordinates": [ [ 1.2957255, 52.6643148 ], [ 1.2956805, 52.6642036 ] ] } },
{ "type": "Feature", "properties": { "id": 65487, "nach": 0.42382021132163505 }, "geometry": { "type": "LineString", "coordinates": [ [ 1.295056, 52.6646198 ], [ 1.2951712, 52.6645393 ], [ 1.2952042, 52.664515 ], [ 1.295203, 52.6644925 ], [ 1.2951583, 52.6644298 ], [ 1.2950629, 52.6643781 ], [ 1.2950241, 52.6642894 ], [ 1.2951162, 52.6642287 ], [ 1.2954025, 52.6641433 ], [ 1.2954878, 52.66415 ], [ 1.2956114, 52.6641764 ], [ 1.2956805, 52.6642036 ] ] } },
{ "type": "Feature", "properties": { "id": 65963, "nach": 0.0 }, "geometry": { "type": "LineString", "coordinates": [ [ 1.2829621, 52.655314 ], [ 1.2823885, 52.6553741 ], [ 1.2824814, 52.6557335 ], [ 1.2830687, 52.655674 ], [ 1.2829848, 52.6553859 ], [ 1.2829621, 52.655314 ] ] } },
{ "type": "Feature", "properties": { "id": 67135, "nach": 0.5770290452533664 }, "geometry": { "type": "LineString", "coordinates": [ [ 1.2908933, 52.6606088 ], [ 1.2908126, 52.6606472 ] ] } },
{ "type": "Feature", "properties": { "id": 67137, "nach": 0.0 }, "geometry": { "type": "LineString", "coordinates": [ [ 1.2908933, 52.6606088 ], [ 1.2909257, 52.6606262 ], [ 1.2908383, 52.66066690000001 ] ] } },
{ "type": "Feature", "properties": { "id": 67130, "nach": 0.48832323665165345 }, "geometry": { "type": "LineString", "coordinates": [ [ 1.2908383, 52.66066690000001 ], [ 1.2908126, 52.6606472 ] ] } },
{ "type": "Feature", "properties": { "id": 77539, "nach": 0.46315119270048211 }, "geometry": { "type": "LineString", "coordinates": [ [ 1.2908496, 52.6599982 ], [ 1.2909375, 52.6600058 ], [ 1.2909868, 52.6600092 ], [ 1.2910745, 52.66002120000001 ], [ 1.2911663, 52.6600583 ], [ 1.2911717, 52.6601111 ] ] } },
{ "type": "Feature", "properties": { "id": 77540, "nach": 0.46656151971944493 }, "geometry": { "type": "LineString", "coordinates": [ [ 1.2908448, 52.6600224 ], [ 1.2908496, 52.6599982 ] ] } },
{ "type": "Feature", "properties": { "id": 67170, "nach": 0.47047115357622848 }, "geometry": { "type": "LineString", "coordinates": [ [ 1.2918881, 52.6591635 ], [ 1.2919234, 52.6591646 ] ] } },
{ "type": "Feature", "properties": { "id": 67173, "nach": 0.46686521964869027 }, "geometry": { "type": "LineString", "coordinates": [ [ 1.2918957, 52.6593478 ], [ 1.2918881, 52.6591635 ] ] } },
{ "type": "Feature", "properties": { "id": 68559, "nach": 0.47525489669114773 }, "geometry": { "type": "LineString", "coordinates": [ [ 1.2844609, 52.657134 ], [ 1.284678, 52.6570899 ] ] } },
{ "type": "Feature", "properties": { "id": 68562, "nach": 0.46901365477593326 }, "geometry": { "type": "LineString", "coordinates": [ [ 1.2847985, 52.6573925 ], [ 1.2845772, 52.6574346 ], [ 1.2844609, 52.657134 ] ] } },
{ "type": "Feature", "properties": { "id": 69211, "nach": 0.45044816652851755 }, "geometry": { "type": "LineString", "coordinates": [ [ 1.2881575, 52.6668936 ], [ 1.2879, 52.6672807 ], [ 1.2877391, 52.6674693 ] ] } },
{ "type": "Feature", "properties": { "id": 69404, "nach": 0.43034085145408502 }, "geometry": { "type": "LineString", "coordinates": [ [ 1.2916725, 52.6674004 ], [ 1.2921449, 52.667353199999987 ], [ 1.2921957, 52.6675402 ] ] } },
{ "type": "Feature", "properties": { "id": 74469, "nach": 0.44492211500062012 }, "geometry": { "type": "LineString", "coordinates": [ [ 1.2863687, 52.6564525 ], [ 1.2862437, 52.6564533 ] ] } },
{ "type": "Feature", "properties": { "id": 74430, "nach": 0.44163966981391745 }, "geometry": { "type": "LineString", "coordinates": [ [ 1.2862812, 52.6566664 ], [ 1.2862574, 52.6566315 ], [ 1.2862466, 52.656588800000016 ], [ 1.2862459, 52.6565521 ], [ 1.2862437, 52.6564533 ] ] } },
{ "type": "Feature", "properties": { "id": 75751, "nach": 0.48197452161780685 }, "geometry": { "type": "LineString", "coordinates": [ [ 1.289631, 52.648685 ], [ 1.2898637, 52.6487232 ] ] } },
{ "type": "Feature", "properties": { "id": 70417, "nach": 0.47804095948597286 }, "geometry": { "type": "LineString", "coordinates": [ [ 1.2903618, 52.6573799 ], [ 1.2902584, 52.6573983 ] ] } },
{ "type": "Feature", "properties": { "id": 77467, "nach": 0.56632816565772315 }, "geometry": { "type": "LineString", "coordinates": [ [ 1.2904014, 52.6575768 ], [ 1.2903611, 52.6574995 ], [ 1.2903117, 52.65748760000001 ], [ 1.2902584, 52.6573983 ] ] } },
{ "type": "Feature", "properties": { "id": 77465, "nach": 0.56480785019820734 }, "geometry": { "type": "LineString", "coordinates": [ [ 1.2904014, 52.6575768 ], [ 1.290227, 52.6576117 ] ] } },
{ "type": "Feature", "properties": { "id": 77466, "nach": 0.55575446637353765 }, "geometry": { "type": "LineString", "coordinates": [ [ 1.2904014, 52.6575768 ], [ 1.2905638, 52.6575446 ] ] } },
{ "type": "Feature", "properties": { "id": 73549, "nach": 0.46682769938633656 }, "geometry": { "type": "LineString", "coordinates": [ [ 1.295639399999988, 52.6483049 ], [ 1.2953791, 52.64827420000001 ], [ 1.2949472, 52.6482285 ], [ 1.2946973, 52.6482016 ] ] } },
{ "type": "Feature", "properties": { "id": 73544, "nach": 0.37388960420201856 }, "geometry": { "type": "LineString", "coordinates": [ [ 1.2946973, 52.6482016 ], [ 1.2945122, 52.648181700000016 ], [ 1.2942459, 52.6481545 ], [ 1.2939349, 52.648120599999984 ], [ 1.2938322, 52.6481077 ], [ 1.2937926, 52.6480873 ], [ 1.2937834, 52.6480491 ], [ 1.2938353, 52.647898 ], [ 1.2938902, 52.6477642 ], [ 1.2939105, 52.647713 ], [ 1.2939166, 52.6476396 ], [ 1.2939928, 52.6475108 ] ] } },
{ "type": "Feature", "properties": { "id": 73546, "nach": 0.39317722219681411 }, "geometry": { "type": "LineString", "coordinates": [ [ 1.2948943, 52.6476705 ], [ 1.2946973, 52.6482016 ] ] } },
{ "type": "Feature", "properties": { "id": 74195, "nach": 0.45747533173475602 }, "geometry": { "type": "LineString", "coordinates": [ [ 1.287634, 52.6556138 ], [ 1.2876203, 52.6554834 ] ] } },
{ "type": "Feature", "properties": { "id": 74233, "nach": 0.56288946740568302 }, "geometry": { "type": "LineString", "coordinates": [ [ 1.2875768, 52.6556183 ], [ 1.287634, 52.6556138 ] ] } },
{ "type": "Feature", "properties": { "id": 74231, "nach": 0.5266917029236744 }, "geometry": { "type": "LineString", "coordinates": [ [ 1.2877108, 52.6558417 ], [ 1.2876863, 52.655672 ], [ 1.2876729, 52.6556362 ], [ 1.287634, 52.6556138 ] ] } },
{ "type": "Feature", "properties": { "id": 74240, "nach": 0.45990087476787211 }, "geometry": { "type": "LineString", "coordinates": [ [ 1.2875824, 52.6556626 ], [ 1.2875768, 52.6556183 ] ] } },
{ "type": "Feature", "properties": { "id": 74237, "nach": 0.58668266243761547 }, "geometry": { "type": "LineString", "coordinates": [ [ 1.2872878, 52.655647100000017 ], [ 1.2874323, 52.6556291 ], [ 1.2875768, 52.6556183 ] ] } },
{ "type": "Feature", "properties": { "id": 74229, "nach": 0.45032053274375278 }, "geometry": { "type": "LineString", "coordinates": [ [ 1.2877108, 52.6558417 ], [ 1.2877495, 52.6561043 ] ] } },
{ "type": "Feature", "properties": { "id": 74232, "nach": 0.45469856251567115 }, "geometry": { "type": "LineString", "coordinates": [ [ 1.2876849, 52.6558432 ], [ 1.2877108, 52.6558417 ] ] } },
{ "type": "Feature", "properties": { "id": 74208, "nach": 0.62794658982557017 }, "geometry": { "type": "LineString", "coordinates": [ [ 1.2867725, 52.6557458 ], [ 1.2866841, 52.6557525 ], [ 1.2866045, 52.655756 ] ] } },
{ "type": "Feature", "properties": { "id": 74238, "nach": 0.6048560473947584 }, "geometry": { "type": "LineString", "coordinates": [ [ 1.2872878, 52.655647100000017 ], [ 1.2871465, 52.655665 ], [ 1.287005, 52.6556804 ] ] } },
{ "type": "Feature", "properties": { "id": 74207, "nach": 0.56674724296099444 }, "geometry": { "type": "LineString", "coordinates": [ [ 1.2867725, 52.6557458 ], [ 1.286771, 52.655709 ], [ 1.287005, 52.6556804 ] ] } },
{ "type": "Feature", "properties": { "id": 74212, "nach": 0.5665738349664734 }, "geometry": { "type": "LineString", "coordinates": [ [ 1.2870648, 52.65614 ], [ 1.2870595, 52.656093 ], [ 1.287005, 52.6556804 ] ] } },
{ "type": "Feature", "properties": { "id": 74239, "nach": 0.46240350822352849 }, "geometry": { "type": "LineString", "coordinates": [ [ 1.2872927, 52.655678 ], [ 1.2872878, 52.655647100000017 ] ] } },
{ "type": "Feature", "properties": { "id": 74210, "nach": 0.59266001061382534 }, "geometry": { "type": "LineString", "coordinates": [ [ 1.2870648, 52.65614 ], [ 1.286812, 52.656139 ], [ 1.2867725, 52.6557458 ] ] } },
{ "type": "Feature", "properties": { "id": 74223, "nach": 0.63284053382411021 }, "geometry": { "type": "LineString", "coordinates": [ [ 1.287343, 52.6561557 ], [ 1.2873041, 52.656147 ], [ 1.2872619, 52.6561368 ], [ 1.2872162, 52.6561358 ], [ 1.2870648, 52.65614 ] ] } },
{ "type": "Feature", "properties": { "id": 74227, "nach": 0.41168788894633546 }, "geometry": { "type": "LineString", "coordinates": [ [ 1.2876076, 52.65614690000001 ], [ 1.287343, 52.6561557 ] ] } },
{ "type": "Feature", "properties": { "id": 75840, "nach": 0.54769742417848277 }, "geometry": { "type": "LineString", "coordinates": [ [ 1.2876713, 52.6561442 ], [ 1.2876076, 52.65614690000001 ] ] } },
{ "type": "Feature", "properties": { "id": 74225, "nach": 0.47036269292263883 }, "geometry": { "type": "LineString", "coordinates": [ [ 1.287343, 52.6561557 ], [ 1.2873223, 52.6562406 ], [ 1.2873382, 52.6564671 ] ] } },
{ "type": "Feature", "properties": { "id": 75233, "nach": 0.58124073968047374 }, "geometry": { "type": "LineString", "coordinates": [ [ 1.2873496, 52.6561126 ], [ 1.287343, 52.6561557 ] ] } },
{ "type": "Feature", "properties": { "id": 74218, "nach": 0.47221058467812632 }, "geometry": { "type": "LineString", "coordinates": [ [ 1.28737, 52.6559905 ], [ 1.2873383, 52.6559969 ] ] } },
{ "type": "Feature", "properties": { "id": 74217, "nach": 0.47174882533602008 }, "geometry": { "type": "LineString", "coordinates": [ [ 1.287333, 52.655968299999984 ], [ 1.2873383, 52.6559969 ] ] } },
{ "type": "Feature", "properties": { "id": 75234, "nach": 0.54581948014217629 }, "geometry": { "type": "LineString", "coordinates": [ [ 1.2873496, 52.6561126 ], [ 1.2873515, 52.6560921 ], [ 1.2873383, 52.6559969 ] ] } },
{ "type": "Feature", "properties": { "id": 75236, "nach": 0.47450543846933163 }, "geometry": { "type": "LineString", "coordinates": [ [ 1.2874532, 52.6561077 ], [ 1.2873869, 52.6561112 ], [ 1.2873496, 52.6561126 ] ] } },
{ "type": "Feature", "properties": { "id": 75839, "nach": 0.47337702484561994 }, "geometry": { "type": "LineString", "coordinates": [ [ 1.2876713, 52.6561442 ], [ 1.2877748, 52.6561397 ] ] } },
{ "type": "Feature", "properties": { "id": 75841, "nach": 0.4741686592810796 }, "geometry": { "type": "LineString", "coordinates": [ [ 1.2876713, 52.6561442 ], [ 1.2876687, 52.6561173 ] ] } },
{ "type": "Feature", "properties": { "id": 74242, "nach": 0.44374097175665544 }, "geometry": { "type": "LineString", "coordinates": [ [ 1.2959891, 52.6507125 ], [ 1.2961594, 52.650716900000013 ] ] } },
{ "type": "Feature", "properties": { "id": 74245, "nach": 0.49149472597522109 }, "geometry": { "type": "LineString", "coordinates": [ [ 1.2959803, 52.6506778 ], [ 1.2959891, 52.6507125 ] ] } },
{ "type": "Feature", "properties": { "id": 74260, "nach": 0.0 }, "geometry": { "type": "LineString", "coordinates": [ [ 1.2956056, 52.650682 ], [ 1.2956257, 52.6507657 ], [ 1.2959589, 52.6507532 ], [ 1.2959602, 52.6507308 ], [ 1.2959891, 52.6507125 ] ] } },
{ "type": "Feature", "properties": { "id": 74259, "nach": 0.56101999923929058 }, "geometry": { "type": "LineString", "coordinates": [ [ 1.2956056, 52.650682 ], [ 1.2959803, 52.6506778 ] ] } },
{ "type": "Feature", "properties": { "id": 74449, "nach": 0.44490018262233483 }, "geometry": { "type": "LineString", "coordinates": [ [ 1.2857265, 52.6557935 ], [ 1.2852462, 52.6558001 ] ] } },
{ "type": "Feature", "properties": { "id": 74473, "nach": 0.44540986435178709 }, "geometry": { "type": "LineString", "coordinates": [ [ 1.2860449, 52.6558253 ], [ 1.2860428, 52.6557439 ], [ 1.286077, 52.6557439 ] ] } },
{ "type": "Feature", "properties": { "id": 74474, "nach": 0.45456878961119973 }, "geometry": { "type": "LineString", "coordinates": [ [ 1.2860455, 52.6558491 ], [ 1.2860449, 52.6558253 ] ] } },
{ "type": "Feature", "properties": { "id": 74484, "nach": 0.51236699637885508 }, "geometry": { "type": "LineString", "coordinates": [ [ 1.2863123, 52.6558944 ], [ 1.286254, 52.6559017 ] ] } },
{ "type": "Feature", "properties": { "id": 74478, "nach": 0.49229277426128804 }, "geometry": { "type": "LineString", "coordinates": [ [ 1.286191, 52.6558961 ], [ 1.286254, 52.6559017 ] ] } },
{ "type": "Feature", "properties": { "id": 74483, "nach": 0.27841673361771746 }, "geometry": { "type": "LineString", "coordinates": [ [ 1.2863123, 52.6558944 ], [ 1.2862433, 52.65589 ] ] } },
{ "type": "Feature", "properties": { "id": 74488, "nach": 0.48555676118888952 }, "geometry": { "type": "LineString", "coordinates": [ [ 1.2862966, 52.6556448 ], [ 1.2864491, 52.655709 ], [ 1.2864853, 52.6557439 ], [ 1.2864954, 52.6557887 ], [ 1.28649, 52.6558294 ], [ 1.2864746, 52.6558623 ], [ 1.2864511, 52.6558798 ], [ 1.286421, 52.6558831 ], [ 1.286366, 52.6558831 ], [ 1.2863123, 52.6558944 ] ] } },
{ "type": "Feature", "properties": { "id": 74479, "nach": 0.30792518924418821 }, "geometry": { "type": "LineString", "coordinates": [ [ 1.286191, 52.6558961 ], [ 1.2860468, 52.6558993 ], [ 1.2860455, 52.6558491 ] ] } },
{ "type": "Feature", "properties": { "id": 74480, "nach": 0.44320381668059394 }, "geometry": { "type": "LineString", "coordinates": [ [ 1.2862433, 52.65589 ], [ 1.286191, 52.6558961 ] ] } },
{ "type": "Feature", "properties": { "id": 74482, "nach": 0.27851904311810538 }, "geometry": { "type": "LineString", "coordinates": [ [ 1.2862433, 52.65589 ], [ 1.2861313, 52.6558505 ], [ 1.2860455, 52.6558491 ] ] } },
{ "type": "Feature", "properties": { "id": 74489, "nach": 0.43693185655079608 }, "geometry": { "type": "LineString", "coordinates": [ [ 1.286297, 52.6556881 ], [ 1.2862966, 52.6556448 ] ] } },
{ "type": "Feature", "properties": { "id": 75657, "nach": 0.36932759527942233 }, "geometry": { "type": "LineString", "coordinates": [ [ 1.2864639, 52.6504338 ], [ 1.2863566, 52.6504468 ], [ 1.2862842, 52.6504785 ] ] } },
{ "type": "Feature", "properties": { "id": 75658, "nach": 0.36724228717903068 }, "geometry": { "type": "LineString", "coordinates": [ [ 1.2864639, 52.6504338 ], [ 1.2864746, 52.650507 ], [ 1.2866302, 52.6505729 ] ] } },
{ "type": "Feature", "properties": { "id": 75659, "nach": 0.44265403731490705 }, "geometry": { "type": "LineString", "coordinates": [ [ 1.2865316, 52.6502723 ], [ 1.2864639, 52.6504338 ] ] } },
{ "type": "Feature", "properties": { "id": 75663, "nach": 0.46357499090652693 }, "geometry": { "type": "LineString", "coordinates": [ [ 1.2863633, 52.6502149 ], [ 1.2863888, 52.6502003 ], [ 1.2864833, 52.6501763 ], [ 1.2865967, 52.6501458 ], [ 1.286645599999989, 52.650158 ], [ 1.2866369, 52.650180400000011 ], [ 1.2865994, 52.650227500000014 ], [ 1.2865316, 52.6502723 ] ] } },
{ "type": "Feature", "properties": { "id": 75743, "nach": 0.19652659050852703 }, "geometry": { "type": "LineString", "coordinates": [ [ 1.2901322, 52.6490619 ], [ 1.2898743, 52.6490848 ], [ 1.2898492, 52.6489522 ] ] } },
{ "type": "Feature", "properties": { "id": 75747, "nach": 0.40776489011224276 }, "geometry": { "type": "LineString", "coordinates": [ [ 1.2898637, 52.6487232 ], [ 1.289822, 52.6488236 ], [ 1.2898492, 52.6489522 ] ] } },
{ "type": "Feature", "properties": { "id": 75748, "nach": 0.40378201811434333 }, "geometry": { "type": "LineString", "coordinates": [ [ 1.2898637, 52.6487232 ], [ 1.290101, 52.6487593 ], [ 1.2901124, 52.6487744 ], [ 1.290101, 52.6488187 ], [ 1.2900989, 52.6488724 ], [ 1.2901322, 52.6490619 ] ] } },
{ "type": "Feature", "properties": { "id": 76722, "nach": 0.54150439924655958 }, "geometry": { "type": "LineString", "coordinates": [ [ 1.2905078, 52.6535703 ], [ 1.2905682, 52.6535596 ] ] } },
{ "type": "Feature", "properties": { "id": 76729, "nach": 0.56085618973923679 }, "geometry": { "type": "LineString", "coordinates": [ [ 1.2905294, 52.6536222 ], [ 1.2905078, 52.6535703 ] ] } },
{ "type": "Feature", "properties": { "id": 76757, "nach": 0.47343025948878414 }, "geometry": { "type": "LineString", "coordinates": [ [ 1.293956, 52.65434590000001 ], [ 1.2938473, 52.6543357 ] ] } },
{ "type": "Feature", "properties": { "id": 76758, "nach": 0.47115696900883047 }, "geometry": { "type": "LineString", "coordinates": [ [ 1.293956, 52.65434590000001 ], [ 1.2940411, 52.6543504 ], [ 1.2941363, 52.6543325 ], [ 1.2942357, 52.654295099999985 ] ] } },
{ "type": "Feature", "properties": { "id": 76775, "nach": 0.45778065543339591 }, "geometry": { "type": "LineString", "coordinates": [ [ 1.2893714, 52.6473891 ], [ 1.2895511, 52.647317500000014 ], [ 1.2895579, 52.6473036 ] ] } },
{ "type": "Feature", "properties": { "id": 76773, "nach": 0.41016232450506013 }, "geometry": { "type": "LineString", "coordinates": [ [ 1.2898931, 52.6471507 ], [ 1.2895699, 52.6472793 ], [ 1.2895579, 52.6473036 ] ] } },
{ "type": "Feature", "properties": { "id": 76794, "nach": 0.37045714602894725 }, "geometry": { "type": "LineString", "coordinates": [ [ 1.2867904, 52.6497052 ], [ 1.2868334, 52.6495522 ] ] } },
{ "type": "Feature", "properties": { "id": 76796, "nach": 0.37045714602894725 }, "geometry": { "type": "LineString", "coordinates": [ [ 1.2867904, 52.6497052 ], [ 1.2868729, 52.6497133 ], [ 1.2868495, 52.649789400000017 ] ] } },
{ "type": "Feature", "properties": { "id": 76826, "nach": 0.39409383564260386 }, "geometry": { "type": "LineString", "coordinates": [ [ 1.2880712, 52.6504724 ], [ 1.2878788, 52.6504399 ] ] } },
{ "type": "Feature", "properties": { "id": 76849, "nach": 0.42546001409644341 }, "geometry": { "type": "LineString", "coordinates": [ [ 1.2959737, 52.6520028 ], [ 1.2960347, 52.6521322 ] ] } },
{ "type": "Feature", "properties": { "id": 76850, "nach": 0.42729767314366235 }, "geometry": { "type": "LineString", "coordinates": [ [ 1.2959737, 52.6520028 ], [ 1.2959381, 52.6519263 ] ] } },
{ "type": "Feature", "properties": { "id": 76857, "nach": 0.41794794617639447 }, "geometry": { "type": "LineString", "coordinates": [ [ 1.2958603, 52.6517323 ], [ 1.2958892, 52.6518039 ] ] } },
{ "type": "Feature", "properties": { "id": 76858, "nach": 0.41794794617639447 }, "geometry": { "type": "LineString", "coordinates": [ [ 1.2958603, 52.6517323 ], [ 1.2958255, 52.651655 ] ] } },
{ "type": "Feature", "properties": { "id": 76889, "nach": 0.41647224836722607 }, "geometry": { "type": "LineString", "coordinates": [ [ 1.2963122, 52.6493415 ], [ 1.2962459, 52.6493476 ], [ 1.2959046, 52.6493159 ] ] } },
{ "type": "Feature", "properties": { "id": 76892, "nach": 0.39715157864873796 }, "geometry": { "type": "LineString", "coordinates": [ [ 1.2955257, 52.6492748 ], [ 1.2957142, 52.6492955 ] ] } },
{ "type": "Feature", "properties": { "id": 76893, "nach": 0.396799846045997 }, "geometry": { "type": "LineString", "coordinates": [ [ 1.2955257, 52.6492748 ], [ 1.2953226, 52.6492532 ] ] } },
{ "type": "Feature", "properties": { "id": 76895, "nach": 0.47185901922905465 }, "geometry": { "type": "LineString", "coordinates": [ [ 1.2955601, 52.6494964 ], [ 1.2955257, 52.6492748 ] ] } },
{ "type": "Feature", "properties": { "id": 77291, "nach": 0.36588797196366302 }, "geometry": { "type": "LineString", "coordinates": [ [ 1.3097964, 52.6576166 ], [ 1.3098326, 52.657619899999986 ], [ 1.3098782, 52.6576077 ], [ 1.3103557, 52.6573669 ] ] } },
{ "type": "Feature", "properties": { "id": 77289, "nach": 0.3716408597383844 }, "geometry": { "type": "LineString", "coordinates": [ [ 1.3097964, 52.6576166 ], [ 1.3095604, 52.6577273 ] ] } },
{ "type": "Feature", "properties": { "id": 77401, "nach": 0.40989394077274355 }, "geometry": { "type": "LineString", "coordinates": [ [ 1.3000911, 52.662729700000021 ], [ 1.300189, 52.6626306 ], [ 1.3002189, 52.6625969 ], [ 1.3002478, 52.6624867 ] ] } },
{ "type": "Feature", "properties": { "id": 77454, "nach": 0.55076090524368138 }, "geometry": { "type": "LineString", "coordinates": [ [ 1.290227, 52.6576117 ], [ 1.2901814, 52.6576972 ], [ 1.2902198, 52.6577686 ] ] } },
{ "type": "Feature", "properties": { "id": 77453, "nach": 0.47612395371427169 }, "geometry": { "type": "LineString", "coordinates": [ [ 1.290227, 52.6576117 ], [ 1.2899722, 52.6576622 ] ] } },
{ "type": "Feature", "properties": { "id": 77473, "nach": 0.46868630660459265 }, "geometry": { "type": "LineString", "coordinates": [ [ 1.2904322, 52.6584854 ], [ 1.290459, 52.658448 ], [ 1.2904859, 52.6583829 ] ] } },
{ "type": "Feature", "properties": { "id": 77528, "nach": 0.51940382034893873 }, "geometry": { "type": "LineString", "coordinates": [ [ 1.290345, 52.6584773 ], [ 1.2904322, 52.6584854 ] ] } },
{ "type": "Feature", "properties": { "id": 77530, "nach": 0.57308148119456148 }, "geometry": { "type": "LineString", "coordinates": [ [ 1.290345, 52.6584773 ], [ 1.2903102, 52.6584447 ], [ 1.2902592, 52.6584049 ], [ 1.2902257, 52.658391099999989 ] ] } },
{ "type": "Feature", "properties": { "id": 77533, "nach": 0.56440078748403144 }, "geometry": { "type": "LineString", "coordinates": [ [ 1.2902807, 52.6586139 ], [ 1.2903048, 52.6585611 ], [ 1.2903464, 52.658505800000015 ], [ 1.290345, 52.6584773 ] ] } },
{ "type": "Feature", "properties": { "id": 77481, "nach": 0.46218476396572988 }, "geometry": { "type": "LineString", "coordinates": [ [ 1.289715, 52.658857700000013 ], [ 1.2897522, 52.6587362 ] ] } },
{ "type": "Feature", "properties": { "id": 77482, "nach": 0.53540093227808883 }, "geometry": { "type": "LineString", "coordinates": [ [ 1.289715, 52.658857700000013 ], [ 1.2896953, 52.6589339 ] ] } },
{ "type": "Feature", "properties": { "id": 77516, "nach": 0.57030587612339378 }, "geometry": { "type": "LineString", "coordinates": [ [ 1.2899485, 52.6588831 ], [ 1.289715, 52.658857700000013 ] ] } },
{ "type": "Feature", "properties": { "id": 77477, "nach": 0.46114093656572142 }, "geometry": { "type": "LineString", "coordinates": [ [ 1.2896953, 52.6589339 ], [ 1.2895315, 52.6589123 ] ] } },
{ "type": "Feature", "properties": { "id": 77480, "nach": 0.46114093656572142 }, "geometry": { "type": "LineString", "coordinates": [ [ 1.2896745, 52.6590256 ], [ 1.2896953, 52.6589339 ] ] } },
{ "type": "Feature", "properties": { "id": 77517, "nach": 0.56568075069259094 }, "geometry": { "type": "LineString", "coordinates": [ [ 1.2899485, 52.6588831 ], [ 1.2899521, 52.6589483 ] ] } },
{ "type": "Feature", "properties": { "id": 77520, "nach": 0.56704329412190291 }, "geometry": { "type": "LineString", "coordinates": [ [ 1.2900554, 52.6585497 ], [ 1.2900232, 52.65856680000001 ], [ 1.2898944, 52.6587327 ], [ 1.2900004, 52.6587465 ], [ 1.2899485, 52.6588831 ] ] } },
{ "type": "Feature", "properties": { "id": 77508, "nach": 0.46346206753593105 }, "geometry": { "type": "LineString", "coordinates": [ [ 1.289928, 52.6590906 ], [ 1.2898234, 52.6591411 ], [ 1.2895551, 52.6591736 ] ] } },
{ "type": "Feature", "properties": { "id": 77509, "nach": 0.56584811777199739 }, "geometry": { "type": "LineString", "coordinates": [ [ 1.289928, 52.6590906 ], [ 1.2899132, 52.6590646 ], [ 1.2899521, 52.6589483 ] ] } },
{ "type": "Feature", "properties": { "id": 77510, "nach": 0.57639001478809249 }, "geometry": { "type": "LineString", "coordinates": [ [ 1.290168, 52.659128 ], [ 1.289928, 52.6590906 ] ] } },
{ "type": "Feature", "properties": { "id": 77486, "nach": 0.47050915375169494 }, "geometry": { "type": "LineString", "coordinates": [ [ 1.2901816, 52.659088400000016 ], [ 1.2902659, 52.6591386 ] ] } },
{ "type": "Feature", "properties": { "id": 77511, "nach": 0.59179477296296135 }, "geometry": { "type": "LineString", "coordinates": [ [ 1.290168, 52.659128 ], [ 1.2901816, 52.659088400000016 ] ] } },
{ "type": "Feature", "properties": { "id": 77513, "nach": 0.59501635696279065 }, "geometry": { "type": "LineString", "coordinates": [ [ 1.2903102, 52.6588928 ], [ 1.2902109, 52.65900280000001 ], [ 1.2901816, 52.659088400000016 ] ] } },
{ "type": "Feature", "properties": { "id": 77532, "nach": 0.56857338213653252 }, "geometry": { "type": "LineString", "coordinates": [ [ 1.2902807, 52.6586139 ], [ 1.2903035, 52.658642400000012 ], [ 1.2902418, 52.6587107 ], [ 1.2902109, 52.6587807 ], [ 1.2901866, 52.6588632 ], [ 1.2903102, 52.6588928 ] ] } },
{ "type": "Feature", "properties": { "id": 77505, "nach": 0.46241337100600377 }, "geometry": { "type": "LineString", "coordinates": [ [ 1.2899521, 52.6589483 ], [ 1.2901727, 52.6589796 ], [ 1.2901781, 52.6589519 ], [ 1.2901774, 52.6589218 ], [ 1.2901747, 52.6588995 ], [ 1.2901821, 52.6588722 ] ] } },
{ "type": "Feature", "properties": { "id": 77531, "nach": 0.42961688530432585 }, "geometry": { "type": "LineString", "coordinates": [ [ 1.2902807, 52.6586139 ], [ 1.2900554, 52.6585497 ] ] } },
{ "type": "Feature", "properties": { "id": 77525, "nach": 0.57346106826387533 }, "geometry": { "type": "LineString", "coordinates": [ [ 1.2902257, 52.658391099999989 ], [ 1.2900875, 52.6584797 ], [ 1.2900795, 52.65851390000001 ], [ 1.2900554, 52.6585497 ] ] } },
{ "type": "Feature", "properties": { "id": 77571, "nach": 0.46998703283782328 }, "geometry": { "type": "LineString", "coordinates": [ [ 1.2905322, 52.662111 ], [ 1.2906086, 52.6621082 ] ] } },
{ "type": "Feature", "properties": { "id": 77572, "nach": 0.51726578899494335 }, "geometry": { "type": "LineString", "coordinates": [ [ 1.2905322, 52.662111 ], [ 1.2904472, 52.6621132 ] ] } },
{ "type": "Feature", "properties": { "id": 81372, "nach": 0.39196314820177169 }, "geometry": { "type": "LineString", "coordinates": [ [ 1.3000439, 52.6664736 ], [ 1.3000848, 52.666473 ], [ 1.300193, 52.66647 ], [ 1.3004193, 52.6664652 ] ] } },
{ "type": "Feature", "properties": { "id": 81371, "nach": 0.39321179538925394 }, "geometry": { "type": "LineString", "coordinates": [ [ 1.3000439, 52.6664736 ], [ 1.3000493, 52.6666242 ] ] } },
{ "type": "Feature", "properties": { "id": 80629, "nach": 0.46025547630921576 }, "geometry": { "type": "LineString", "coordinates": [ [ 1.2873162, 52.6548157 ], [ 1.2872939, 52.6548178 ] ] } },
{ "type": "Feature", "properties": { "id": 80631, "nach": 0.59805759564220706 }, "geometry": { "type": "LineString", "coordinates": [ [ 1.2869225, 52.654858800000014 ], [ 1.2869688, 52.6548487 ], [ 1.2872731, 52.65482 ], [ 1.2872939, 52.6548178 ] ] } },
{ "type": "Feature", "properties": { "id": 80630, "nach": 0.45855833583349931 }, "geometry": { "type": "LineString", "coordinates": [ [ 1.2869225, 52.654858800000014 ], [ 1.2868957, 52.6547657 ] ] } },
{ "type": "Feature", "properties": { "id": 80632, "nach": 0.60382865684890752 }, "geometry": { "type": "LineString", "coordinates": [ [ 1.2869225, 52.654858800000014 ], [ 1.2868532, 52.6548905 ], [ 1.2868177, 52.654921899999984 ], [ 1.2868059, 52.6549479 ], [ 1.2868041, 52.655006899999989 ] ] } },
{ "type": "Feature", "properties": { "id": 80633, "nach": 0.46069396420044567 }, "geometry": { "type": "LineString", "coordinates": [ [ 1.2868119, 52.6550382 ], [ 1.2868041, 52.655006899999989 ] ] } },
{ "type": "Feature", "properties": { "id": 81504, "nach": 0.59925061232686694 }, "geometry": { "type": "LineString", "coordinates": [ [ 1.30458, 52.65305020000001 ], [ 1.3043909, 52.6530854 ] ] } },
{ "type": "Feature", "properties": { "id": 81501, "nach": 0.60388066733678369 }, "geometry": { "type": "LineString", "coordinates": [ [ 1.3045653, 52.65302040000001 ], [ 1.3049335, 52.6529568 ] ] } },
{ "type": "Feature", "properties": { "id": 81480, "nach": 0.53174250183195237 }, "geometry": { "type": "LineString", "coordinates": [ [ 1.304666, 52.6529483 ], [ 1.304703, 52.652942 ], [ 1.304821, 52.6529293 ], [ 1.3048272, 52.652930300000016 ], [ 1.3048987, 52.65293650000001 ], [ 1.3049335, 52.6529568 ] ] } },
{ "type": "Feature", "properties": { "id": 81505, "nach": 0.39472176180049529 }, "geometry": { "type": "LineString", "coordinates": [ [ 1.30458, 52.65305020000001 ], [ 1.3045653, 52.65302040000001 ] ] } },
{ "type": "Feature", "properties": { "id": 81476, "nach": 0.52931095964842168 }, "geometry": { "type": "LineString", "coordinates": [ [ 1.3045658, 52.6529639 ], [ 1.3046486, 52.6529507 ], [ 1.304666, 52.6529483 ] ] } },
{ "type": "Feature", "properties": { "id": 81484, "nach": 0.0 }, "geometry": { "type": "LineString", "coordinates": [ [ 1.3043194, 52.6529818 ], [ 1.3042648, 52.6529672 ], [ 1.3041712, 52.65278330000001 ], [ 1.3041796, 52.6527701 ], [ 1.3044405, 52.652721 ], [ 1.3044624, 52.652733 ], [ 1.3045658, 52.6529639 ] ] } },
{ "type": "Feature", "properties": { "id": 81479, "nach": 0.52846752559031085 }, "geometry": { "type": "LineString", "coordinates": [ [ 1.3044174, 52.6530061 ], [ 1.3044355, 52.6529904 ], [ 1.3045658, 52.6529639 ] ] } },
{ "type": "Feature", "properties": { "id": 81482, "nach": 0.45445142599975769 }, "geometry": { "type": "LineString", "coordinates": [ [ 1.30486, 52.6527799 ], [ 1.3047408, 52.6527985 ], [ 1.30461, 52.6528189 ], [ 1.304666, 52.6529483 ] ] } },
{ "type": "Feature", "properties": { "id": 81483, "nach": 0.5019673221054054 }, "geometry": { "type": "LineString", "coordinates": [ [ 1.3043194, 52.6529818 ], [ 1.3044174, 52.6530061 ] ] } },
{ "type": "Feature", "properties": { "id": 81486, "nach": 0.45407264262590263 }, "geometry": { "type": "LineString", "coordinates": [ [ 1.3041341, 52.6529336 ], [ 1.3041466, 52.6529643 ], [ 1.3041601, 52.6529976 ], [ 1.3042643, 52.652980100000015 ], [ 1.3042874, 52.6529799 ], [ 1.3043194, 52.6529818 ] ] } },
{ "type": "Feature", "properties": { "id": 81534, "nach": 0.45022036099689705 }, "geometry": { "type": "LineString", "coordinates": [ [ 1.3128963, 52.6614022 ], [ 1.3128079, 52.661400800000017 ], [ 1.3127915, 52.6614085 ] ] } }
]
}
