{
"type": "FeatureCollection",
"name": "THURR_26_NACH",
"crs": { "type": "name", "properties": { "name": "urn:ogc:def:crs:OGC:1.3:CRS84" } },
"features": [
{"type":"Feature","properties":{"id":43107,"nach":0.40687904543241499},"geometry":{"type":"LineString","coordinates":[[0.3787788,51.4632157],[0.3789346,51.4632034]]}},
{"type":"Feature","properties":{"id":50880,"nach":0.0},"geometry":{"type":"LineString","coordinates":[[0.3846328,51.4720737],[0.3846167,51.4720717],[0.384546,51.4720605],[0.3844352,51.4720382],[0.3841037,51.471972600000015],[0.3836702,51.4718967],[0.3831798,51.4717953],[0.38311,51.4717734],[0.3830433,51.4717467],[0.3829709,51.4717114],[0.3829252,51.4716835],[0.3828945,51.4716579],[0.3828751,51.47163410000001],[0.3828576,51.471597600000017],[0.3828469,51.4715713],[0.3828397,51.4715354],[0.3828363,51.4714898],[0.382835,51.4714574],[0.3828536,51.4713498],[0.3829038,51.471099200000019],[0.3829649,51.470847],[0.3830447,51.470477699999989],[0.3830845,51.470235400000014],[0.3831015,51.4700991],[0.3831188,51.4698801],[0.3831316,51.469498],[0.3831355,51.4691867],[0.3831267,51.4690319],[0.3831172,51.4689375],[0.3830997,51.4688537],[0.3830744,51.4687818],[0.3830362,51.4687013],[0.3829918,51.4686242],[0.3829123,51.4685182],[0.3828482,51.468437],[0.3827703,51.4683497],[0.3826953,51.4682733],[0.3825667,51.468161500000015],[0.3824693,51.4680823],[0.3822716,51.4679433],[0.3821068,51.4678189],[0.3820228,51.467746],[0.3819583,51.4676862],[0.3817809,51.4674891],[0.3816498,51.4673468],[0.3815411,51.4672525],[0.3814452,51.4671776],[0.3813427,51.4671073],[0.3810958,51.46696330000001],[0.3807404,51.4667702],[0.3805301,51.4666451],[0.3804334,51.4665768],[0.3803685,51.4665253],[0.3803065,51.4664692],[0.3802539,51.4664044],[0.3802169,51.4663553],[0.3801479,51.4662051],[0.3801146,51.4661042],[0.3800396,51.465881200000013],[0.3799669,51.465707],[0.3798718,51.4654822],[0.3798069,51.4653387],[0.3797693,51.4652402],[0.3797042,51.4650261],[0.3796421,51.4648345],[0.3795741,51.4646607],[0.3793721,51.4642258],[0.3791362,51.4636907],[0.3789346,51.4632034]]}},
{"type":"Feature","properties":{"id":6131,"nach":0.47588042377616757},"geometry":{"type":"LineString","coordinates":[[0.378125738200569,51.461008533258223],[0.3789346,51.4632034]]}},
{"type":"Feature","properties":{"id":17353,"nach":0.4447919397557189},"geometry":{"type":"LineString","coordinates":[[0.3603575,51.4583171],[0.3604068,51.4583539],[0.3604584,51.4583959],[0.360467,51.4584051],[0.3604752,51.458414800000014],[0.3604835,51.4584258],[0.3604882,51.4584339],[0.3604924,51.4584423],[0.3604956,51.4584506],[0.3604976,51.4584591],[0.3604985,51.4584681],[0.3604981,51.4584811],[0.360497,51.4584938],[0.3604953,51.458502699999983],[0.3604919,51.4585127],[0.3604879,51.4585213],[0.3604811,51.4585328],[0.3604737,51.4585427],[0.3604648,51.4585528],[0.3604548,51.4585625],[0.3604469,51.4585697],[0.3604343,51.4585788],[0.3604216,51.4585868],[0.3603521,51.4586301],[0.3602225,51.4587137],[0.3600426,51.458828500000017],[0.3598727,51.4589332],[0.3596872,51.4590476],[0.3596158,51.4590919],[0.3596153,51.4590939],[0.3596159,51.4590959],[0.359617,51.4590984],[0.3596195,51.4591014],[0.3596254,51.4591057],[0.3597072,51.4591636],[0.3598602,51.4592744],[0.3599743,51.4593591],[0.3599776,51.45936050000001],[0.3599812,51.459360700000012],[0.3599854,51.4593594],[0.3599956,51.4593539],[0.3601708,51.4592569],[0.3603658,51.4591497],[0.3605581,51.459043400000013],[0.3606188,51.4590073],[0.3609288,51.4588103],[0.3610093,51.4587785],[0.3611112,51.4587568],[0.3612212,51.4587485],[0.3613345,51.4587538],[0.3614464,51.458778600000016],[0.3615645,51.45884],[0.3616169,51.4588766],[0.3617172,51.4589465]]}},
{"type":"Feature","properties":{"id":11183,"nach":0.59163052898205748},"geometry":{"type":"LineString","coordinates":[[0.3561074,51.462144],[0.3558934,51.4621318]]}},
{"type":"Feature","properties":{"id":30449,"nach":0.57457559722366569},"geometry":{"type":"LineString","coordinates":[[0.3559451,51.4620544],[0.3558934,51.4621318]]}},
{"type":"Feature","properties":{"id":40199,"nach":0.60574703147213671},"geometry":{"type":"LineString","coordinates":[[0.355693,51.46217990000001],[0.3558934,51.4621318]]}},
{"type":"Feature","properties":{"id":11182,"nach":0.62300268323837071},"geometry":{"type":"LineString","coordinates":[[0.3561074,51.462144],[0.3565808,51.462079]]}},
{"type":"Feature","properties":{"id":46441,"nach":0.45445800856478652},"geometry":{"type":"LineString","coordinates":[[0.3561062,51.46220670000001],[0.3561074,51.462144]]}},
{"type":"Feature","properties":{"id":40177,"nach":0.52359003316022679},"geometry":{"type":"LineString","coordinates":[[0.3560322,51.4620037],[0.35609,51.4620455],[0.3560684,51.4620724],[0.3561117,51.4620903],[0.3561074,51.462144]]}},
{"type":"Feature","properties":{"id":46437,"nach":0.48031183675441319},"geometry":{"type":"LineString","coordinates":[[0.3559003,51.4620275],[0.3559451,51.4620544]]}},
{"type":"Feature","properties":{"id":40175,"nach":0.53253432021392844},"geometry":{"type":"LineString","coordinates":[[0.3560322,51.4620037],[0.3559559,51.462044],[0.3559451,51.4620544]]}},
{"type":"Feature","properties":{"id":40200,"nach":0.61212091918919787},"geometry":{"type":"LineString","coordinates":[[0.355693,51.46217990000001],[0.3554929,51.46223]]}},
{"type":"Feature","properties":{"id":46434,"nach":0.5127368326038797},"geometry":{"type":"LineString","coordinates":[[0.3556795,51.4621442],[0.355693,51.46217990000001]]}},
{"type":"Feature","properties":{"id":46431,"nach":0.29154879193303962},"geometry":{"type":"LineString","coordinates":[[0.355721,51.4622639],[0.355693,51.46217990000001]]}},
{"type":"Feature","properties":{"id":40187,"nach":0.40972489850862487},"geometry":{"type":"LineString","coordinates":[[0.3636179,51.4615651],[0.3636232,51.461653899999988]]}},
{"type":"Feature","properties":{"id":40191,"nach":0.67408182962024721},"geometry":{"type":"LineString","coordinates":[[0.3635508,51.4616565],[0.3636232,51.461653899999988]]}},
{"type":"Feature","properties":{"id":40183,"nach":0.67390283709737953},"geometry":{"type":"LineString","coordinates":[[0.363751,51.4616501],[0.3636232,51.461653899999988]]}},
{"type":"Feature","properties":{"id":40195,"nach":0.41058554270061243},"geometry":{"type":"LineString","coordinates":[[0.3636303,51.4617322],[0.3636232,51.461653899999988]]}},
{"type":"Feature","properties":{"id":40188,"nach":0.52869928003040934},"geometry":{"type":"LineString","coordinates":[[0.3636179,51.4615651],[0.3636086,51.4614505],[0.3636057,51.4614137],[0.3635631,51.4607909]]}},
{"type":"Feature","properties":{"id":40190,"nach":0.50716875241332504},"geometry":{"type":"LineString","coordinates":[[0.3636179,51.4615651],[0.3637047,51.4615671],[0.3637459,51.461568],[0.3637481,51.46160560000002],[0.363751,51.4616501]]}},
{"type":"Feature","properties":{"id":40194,"nach":0.46178183100541498},"geometry":{"type":"LineString","coordinates":[[0.3635508,51.4616565],[0.3635488,51.4616051],[0.3635498,51.461568900000017],[0.3635903,51.4615666],[0.3636179,51.4615651]]}},
{"type":"Feature","properties":{"id":40193,"nach":0.67707632487588365},"geometry":{"type":"LineString","coordinates":[[0.3635508,51.4616565],[0.3634719,51.46165950000001],[0.3634375,51.461660400000014]]}},
{"type":"Feature","properties":{"id":46455,"nach":0.46209765161700811},"geometry":{"type":"LineString","coordinates":[[0.3635487,51.461711200000011],[0.3635508,51.4616565]]}},
{"type":"Feature","properties":{"id":40184,"nach":0.6823552237794035},"geometry":{"type":"LineString","coordinates":[[0.363751,51.4616501],[0.3639225,51.461643200000012],[0.3639877,51.46164060000001],[0.3644253,51.4616268]]}},
{"type":"Feature","properties":{"id":40197,"nach":0.45352203421379639},"geometry":{"type":"LineString","coordinates":[[0.3636303,51.4617322],[0.3637351,51.4617255],[0.3637518,51.4617083],[0.363751,51.4616501]]}},
{"type":"Feature","properties":{"id":40196,"nach":0.49665543850992355},"geometry":{"type":"LineString","coordinates":[[0.3636303,51.4617322],[0.3636381,51.461833],[0.3637031,51.4626782]]}},
{"type":"Feature","properties":{"id":46456,"nach":0.47287021015303837},"geometry":{"type":"LineString","coordinates":[[0.3635487,51.461711200000011],[0.3635865,51.4617312],[0.3636303,51.4617322]]}},
{"type":"Feature","properties":{"id":43108,"nach":0.57780319516869683},"geometry":{"type":"LineString","coordinates":[[0.3787788,51.4632157],[0.3787444,51.4632169],[0.3784349,51.4632206]]}},
{"type":"Feature","properties":{"id":43109,"nach":0.59103203944081573},"geometry":{"type":"LineString","coordinates":[[0.3787788,51.4632157],[0.37819145901979,51.461163788686378]]}},
{"type":"Feature","properties":{"id":8314,"nach":0.58358096859410791},"geometry":{"type":"LineString","coordinates":[[0.3779099,51.46323],[0.3771664,51.463244]]}},
{"type":"Feature","properties":{"id":34391,"nach":0.48997594967523805},"geometry":{"type":"LineString","coordinates":[[0.3771535,51.462944399999984],[0.3771664,51.463244]]}},
{"type":"Feature","properties":{"id":8285,"nach":0.5870133444391975},"geometry":{"type":"LineString","coordinates":[[0.3761366,51.4632411],[0.3766281,51.4632484],[0.3771664,51.463244]]}},
{"type":"Feature","properties":{"id":8315,"nach":0.57241448595442046},"geometry":{"type":"LineString","coordinates":[[0.3779099,51.46323],[0.3784349,51.4632206]]}},
{"type":"Feature","properties":{"id":34401,"nach":0.54134412670823129},"geometry":{"type":"LineString","coordinates":[[0.3778936,51.463523400000021],[0.3779099,51.46323]]}},
{"type":"Feature","properties":{"id":34392,"nach":0.43856917416532776},"geometry":{"type":"LineString","coordinates":[[0.3771535,51.462944399999984],[0.3771281,51.461655100000016]]}},
{"type":"Feature","properties":{"id":34394,"nach":0.40754263728495843},"geometry":{"type":"LineString","coordinates":[[0.3778447,51.4624155],[0.3778819,51.4628601],[0.3778604,51.4629008],[0.3777901,51.4629238],[0.3771535,51.462944399999984]]}},
{"type":"Feature","properties":{"id":8284,"nach":0.60185455651975739},"geometry":{"type":"LineString","coordinates":[[0.3761366,51.4632411],[0.3750708,51.46322030000001]]}},
{"type":"Feature","properties":{"id":8335,"nach":0.55058305020743503},"geometry":{"type":"LineString","coordinates":[[0.3760359,51.4655143],[0.3761957,51.46489720000001],[0.3761366,51.4632411]]}},
{"type":"Feature","properties":{"id":24494,"nach":0.60850196787047872},"geometry":{"type":"LineString","coordinates":[[0.3746835,51.4632137],[0.3750708,51.46322030000001]]}},
{"type":"Feature","properties":{"id":17989,"nach":0.59144368201834852},"geometry":{"type":"LineString","coordinates":[[0.3751044,51.4629583],[0.3750708,51.46322030000001]]}},
{"type":"Feature","properties":{"id":24493,"nach":0.60434241549985301},"geometry":{"type":"LineString","coordinates":[[0.3746835,51.4632137],[0.3743357,51.4632049]]}},
{"type":"Feature","properties":{"id":24495,"nach":0.40979212291726202},"geometry":{"type":"LineString","coordinates":[[0.3746835,51.4632137],[0.3746303,51.462854900000018],[0.3746181,51.4627317]]}},
{"type":"Feature","properties":{"id":17990,"nach":0.581378244403296},"geometry":{"type":"LineString","coordinates":[[0.3751044,51.4629583],[0.3751323,51.4627842]]}},
{"type":"Feature","properties":{"id":17992,"nach":0.41806813643173757},"geometry":{"type":"LineString","coordinates":[[0.3761063,51.4630034],[0.3756434,51.4629966],[0.3751044,51.4629583]]}},
{"type":"Feature","properties":{"id":51255,"nach":0.60945445601775328},"geometry":{"type":"LineString","coordinates":[[0.3689786,51.4622796],[0.3691471,51.462334]]}},
{"type":"Feature","properties":{"id":40179,"nach":0.58340923302141212},"geometry":{"type":"LineString","coordinates":[[0.3693484,51.4623553],[0.3692651,51.4623386],[0.3691471,51.462334]]}},
{"type":"Feature","properties":{"id":14531,"nach":0.52215359005590911},"geometry":{"type":"LineString","coordinates":[[0.3690588,51.4624643],[0.3690569,51.4624401],[0.3690637,51.4624124],[0.3690766,51.4623939],[0.3691471,51.462334]]}},
{"type":"Feature","properties":{"id":51256,"nach":0.5947091898663569},"geometry":{"type":"LineString","coordinates":[[0.3689786,51.4622796],[0.3687939,51.4622575],[0.3679143,51.4620851]]}},
{"type":"Feature","properties":{"id":51811,"nach":0.52505615191055954},"geometry":{"type":"LineString","coordinates":[[0.3691864,51.462032],[0.3690706,51.4621923],[0.3689786,51.4622796]]}},
{"type":"Feature","properties":{"id":40180,"nach":0.61984770221581265},"geometry":{"type":"LineString","coordinates":[[0.3693484,51.4623553],[0.3698402,51.462437],[0.3705236,51.4625548]]}},
{"type":"Feature","properties":{"id":40182,"nach":0.54350980737884724},"geometry":{"type":"LineString","coordinates":[[0.3693484,51.4623553],[0.3693242,51.4623934],[0.3692252,51.4624589]]}},
{"type":"Feature","properties":{"id":51812,"nach":0.55866586202775581},"geometry":{"type":"LineString","coordinates":[[0.3691864,51.462032],[0.3692583,51.462055],[0.3693689,51.4623154],[0.3693484,51.4623553]]}},
{"type":"Feature","properties":{"id":14530,"nach":0.56437089908075255},"geometry":{"type":"LineString","coordinates":[[0.3690588,51.4624643],[0.3691907,51.4633457]]}},
{"type":"Feature","properties":{"id":14532,"nach":0.55327651451247173},"geometry":{"type":"LineString","coordinates":[[0.3690588,51.4624643],[0.369131,51.462462],[0.3692252,51.4624589]]}},
{"type":"Feature","properties":{"id":51831,"nach":0.58469114039757497},"geometry":{"type":"LineString","coordinates":[[0.3662162,51.4618907],[0.3662632,51.4619102],[0.3664051,51.4619353],[0.3669058,51.4620251],[0.3673897,51.4621149],[0.367934,51.462209599999987],[0.3682882,51.4622771],[0.368685,51.4623496],[0.3688493,51.4623851],[0.3688783,51.4624658],[0.3689789,51.462463800000016],[0.3690588,51.4624643]]}},
{"type":"Feature","properties":{"id":24606,"nach":0.56779634004270052},"geometry":{"type":"LineString","coordinates":[[0.3694619,51.4612832],[0.3688665,51.4606432]]}},
{"type":"Feature","properties":{"id":45275,"nach":0.61837444552548304},"geometry":{"type":"LineString","coordinates":[[0.366254,51.4613177],[0.3688665,51.4606432]]}},
{"type":"Feature","properties":{"id":8434,"nach":0.53926682371920653},"geometry":{"type":"LineString","coordinates":[[0.3707764,51.460087600000016],[0.3703484,51.46020810000001],[0.3701596,51.4602791],[0.3699078,51.4603781],[0.369652,51.4604517],[0.3688665,51.4606432]]}},
{"type":"Feature","properties":{"id":34627,"nach":0.60699624981085232},"geometry":{"type":"LineString","coordinates":[[0.3681002,51.4597622],[0.3682243,51.4598998],[0.3685592,51.4602897],[0.3688665,51.4606432]]}},
{"type":"Feature","properties":{"id":24607,"nach":0.59384885181451397},"geometry":{"type":"LineString","coordinates":[[0.3694619,51.4612832],[0.3695626,51.4613958],[0.3696105,51.4614452]]}},
{"type":"Feature","properties":{"id":24613,"nach":0.51513985251274863},"geometry":{"type":"LineString","coordinates":[[0.3679143,51.4620851],[0.3679349,51.4620502],[0.3681076,51.4619394],[0.3694619,51.4612832]]}},
{"type":"Feature","properties":{"id":45276,"nach":0.59463968506906939},"geometry":{"type":"LineString","coordinates":[[0.366254,51.4613177],[0.3661448,51.461316]]}},
{"type":"Feature","properties":{"id":51845,"nach":0.54233656815738185},"geometry":{"type":"LineString","coordinates":[[0.3662048,51.4613705],[0.366254,51.4613177]]}},
{"type":"Feature","properties":{"id":46535,"nach":0.56268489912711828},"geometry":{"type":"LineString","coordinates":[[0.3709204,51.4600569],[0.3707764,51.460087600000016]]}},
{"type":"Feature","properties":{"id":34623,"nach":0.50454271130132877},"geometry":{"type":"LineString","coordinates":[[0.3707026,51.459744],[0.3707764,51.460087600000016]]}},
{"type":"Feature","properties":{"id":34626,"nach":0.61015392015696013},"geometry":{"type":"LineString","coordinates":[[0.3681002,51.4597622],[0.3678861,51.4595411]]}},
{"type":"Feature","properties":{"id":34628,"nach":0.45018036736573774},"geometry":{"type":"LineString","coordinates":[[0.3681002,51.4597622],[0.3695966,51.459747],[0.3707026,51.459744]]}},
{"type":"Feature","properties":{"id":8428,"nach":0.53631742818961126},"geometry":{"type":"LineString","coordinates":[[0.3716211,51.4598857],[0.3712919,51.4599658]]}},
{"type":"Feature","properties":{"id":46534,"nach":0.56168964888860684},"geometry":{"type":"LineString","coordinates":[[0.3709204,51.4600569],[0.3712919,51.4599658]]}},
{"type":"Feature","properties":{"id":17984,"nach":0.4292663928779929},"geometry":{"type":"LineString","coordinates":[[0.3712291,51.4595511],[0.3712919,51.4599658]]}},
{"type":"Feature","properties":{"id":8430,"nach":0.43357386592788866},"geometry":{"type":"LineString","coordinates":[[0.3716211,51.4598857],[0.3717704,51.4601459],[0.3717799,51.460194],[0.3717611,51.4602532]]}},
{"type":"Feature","properties":{"id":14363,"nach":0.49669552452806143},"geometry":{"type":"LineString","coordinates":[[0.3732875,51.4600553],[0.3728508,51.4599087],[0.3723732,51.4597478],[0.3722663,51.459741],[0.3721774,51.4597545],[0.3716211,51.4598857]]}},
{"type":"Feature","properties":{"id":46538,"nach":0.52799351009267281},"geometry":{"type":"LineString","coordinates":[[0.3705183,51.4604333],[0.3706712,51.4602729],[0.3709204,51.4600569]]}},
{"type":"Feature","properties":{"id":8495,"nach":0.5170490651068036},"geometry":{"type":"LineString","coordinates":[[0.3677005,51.4638969],[0.3692595,51.463854]]}},
{"type":"Feature","properties":{"id":13378,"nach":0.58698229778418165},"geometry":{"type":"LineString","coordinates":[[0.3692793,51.4640494],[0.3692669,51.4639452],[0.3692595,51.463854]]}},
{"type":"Feature","properties":{"id":13382,"nach":0.57773209363226197},"geometry":{"type":"LineString","coordinates":[[0.3691907,51.4633457],[0.3692478,51.4637082],[0.3692595,51.463854]]}},
{"type":"Feature","properties":{"id":8494,"nach":0.44681064907426649},"geometry":{"type":"LineString","coordinates":[[0.3677005,51.4638969],[0.3675417,51.4639005]]}},
{"type":"Feature","properties":{"id":8496,"nach":0.50902371248587075},"geometry":{"type":"LineString","coordinates":[[0.3677005,51.4638969],[0.367612,51.4627833]]}},
{"type":"Feature","properties":{"id":13376,"nach":0.57383736084714265},"geometry":{"type":"LineString","coordinates":[[0.3692793,51.4640494],[0.3693816,51.4647213]]}},
{"type":"Feature","properties":{"id":14443,"nach":0.47238907353050236},"geometry":{"type":"LineString","coordinates":[[0.3694824,51.4640404],[0.3692793,51.4640494]]}},
{"type":"Feature","properties":{"id":14498,"nach":0.48854584494580422},"geometry":{"type":"LineString","coordinates":[[0.3693616,51.4633302],[0.3691907,51.4633457]]}},
{"type":"Feature","properties":{"id":14458,"nach":0.53648611530124835},"geometry":{"type":"LineString","coordinates":[[0.3698261,51.4673493],[0.3697129,51.4667379]]}},
{"type":"Feature","properties":{"id":8249,"nach":0.56845506783477873},"geometry":{"type":"LineString","coordinates":[[0.3697047,51.4666762],[0.3697129,51.4667379]]}},
{"type":"Feature","properties":{"id":24445,"nach":0.576581483241555},"geometry":{"type":"LineString","coordinates":[[0.3695647,51.4667466],[0.3697129,51.4667379]]}},
{"type":"Feature","properties":{"id":14457,"nach":0.58541657423593363},"geometry":{"type":"LineString","coordinates":[[0.3698261,51.4673493],[0.3699047,51.4678403]]}},
{"type":"Feature","properties":{"id":14460,"nach":0.59589793436876526},"geometry":{"type":"LineString","coordinates":[[0.3698261,51.4673493],[0.3699072,51.4673459],[0.3699789,51.4673416]]}},
{"type":"Feature","properties":{"id":51803,"nach":0.43471494556868145},"geometry":{"type":"LineString","coordinates":[[0.3697064,51.467354],[0.3698261,51.4673493]]}},
{"type":"Feature","properties":{"id":14453,"nach":0.52186196747948077},"geometry":{"type":"LineString","coordinates":[[0.369892,51.4666668],[0.3697047,51.4666762]]}},
{"type":"Feature","properties":{"id":8281,"nach":0.54826332907920838},"geometry":{"type":"LineString","coordinates":[[0.3695559,51.4658172],[0.3695918,51.4660076],[0.3697047,51.4666762]]}},
{"type":"Feature","properties":{"id":24444,"nach":0.55370810120755154},"geometry":{"type":"LineString","coordinates":[[0.3695647,51.4667466],[0.3685405,51.4668009]]}},
{"type":"Feature","properties":{"id":24447,"nach":0.47151961043325263},"geometry":{"type":"LineString","coordinates":[[0.3695647,51.4667466],[0.3694949,51.4663257],[0.3694449,51.4660478]]}},
{"type":"Feature","properties":{"id":51924,"nach":0.52270984759595884},"geometry":{"type":"LineString","coordinates":[[0.3695869,51.4669269],[0.3695817,51.4668984],[0.3695723,51.4668264],[0.3695659,51.466774],[0.3695647,51.4667466]]}},
{"type":"Feature","properties":{"id":8247,"nach":0.53223970860349823},"geometry":{"type":"LineString","coordinates":[[0.3697137,51.4689198],[0.3697757,51.4688551]]}},
{"type":"Feature","properties":{"id":14468,"nach":0.51745930174837396},"geometry":{"type":"LineString","coordinates":[[0.3699714,51.4683979],[0.3699716,51.468418899999989],[0.3699706,51.4684396],[0.369968,51.4684644],[0.3699643,51.468485200000011],[0.3699612,51.4685001],[0.3699565,51.4685201],[0.369946,51.4685566],[0.3699349,51.4685898],[0.3699218,51.4686236],[0.3699122,51.4686448],[0.3698942,51.4686817],[0.3698772,51.4687129],[0.3698647,51.4687327],[0.3698414,51.4687671],[0.369816,51.4688031],[0.3697897,51.4688394],[0.3697757,51.4688551]]}},
{"type":"Feature","properties":{"id":51901,"nach":0.44953701879573416},"geometry":{"type":"LineString","coordinates":[[0.3696376,51.468796],[0.3696524,51.46880440000001],[0.3696961,51.4688277],[0.3697065,51.4688325],[0.3697233,51.4688394],[0.3697576,51.4688497],[0.3697757,51.4688551]]}},
{"type":"Feature","properties":{"id":51796,"nach":0.52325692707598936},"geometry":{"type":"LineString","coordinates":[[0.3695537,51.4690677],[0.3697137,51.4689198]]}},
{"type":"Feature","properties":{"id":14450,"nach":0.38259795842368016},"geometry":{"type":"LineString","coordinates":[[0.3698995,51.4689497],[0.3698582,51.4689507],[0.3698419,51.46895],[0.3698244,51.4689486],[0.3698063,51.4689468],[0.3697868,51.4689429],[0.3697625,51.4689367],[0.3697137,51.4689198]]}},
{"type":"Feature","properties":{"id":14469,"nach":0.51997401796610299},"geometry":{"type":"LineString","coordinates":[[0.3699714,51.4683979],[0.369969,51.4683374],[0.3699669,51.4683171],[0.3699658,51.4683066],[0.3699625,51.4682813]]}},
{"type":"Feature","properties":{"id":51921,"nach":0.46234142953174917},"geometry":{"type":"LineString","coordinates":[[0.3700757,51.468389400000014],[0.370076,51.4683927],[0.3700751,51.468394800000013],[0.3700726,51.4683962],[0.3700695,51.4683966],[0.3699714,51.4683979]]}},
{"type":"Feature","properties":{"id":51919,"nach":0.45489645518780997},"geometry":{"type":"LineString","coordinates":[[0.3698191,51.4683882],[0.3698365,51.4683888],[0.3698426,51.4683893],[0.3698488,51.46839],[0.3698552,51.4683912],[0.3698895,51.4683966],[0.3698967,51.4683973],[0.3699081,51.4683974],[0.3699714,51.4683979]]}},
{"type":"Feature","properties":{"id":51902,"nach":0.46770690385136526},"geometry":{"type":"LineString","coordinates":[[0.3696376,51.468796],[0.3694942,51.4687043],[0.3694647,51.4686823],[0.3694549,51.4686728],[0.3694494,51.4686648],[0.3694465,51.4686578],[0.3694456,51.4686509],[0.3694457,51.4686436],[0.3694458,51.4686337],[0.3694455,51.468622200000013],[0.3694468,51.4685731],[0.3694524,51.4684393],[0.3694602,51.4682879]]}},
{"type":"Feature","properties":{"id":51908,"nach":0.52125261312846205},"geometry":{"type":"LineString","coordinates":[[0.3676252,51.4705426],[0.3676496,51.4705205],[0.3676548,51.4705143],[0.3676659,51.470502700000011],[0.3676799,51.4704907],[0.3678008,51.470391399999983],[0.367858,51.4703434],[0.3678825,51.4703198],[0.3679006,51.4703041],[0.3679233,51.4702849],[0.3679683,51.4702482],[0.3680776,51.4701541],[0.3681867,51.4700585],[0.3682684,51.4699899],[0.3683975,51.4698805],[0.3684307,51.4698496],[0.3685533,51.4697438],[0.3687165,51.469601900000015],[0.368786,51.4695434],[0.3688449,51.4694958],[0.3689926,51.4693658],[0.3691689,51.4692135],[0.3693806,51.4690311],[0.3695225,51.4689085],[0.3695466,51.4688875],[0.3695529,51.4688816],[0.3695778,51.4688572],[0.3696119,51.4688211],[0.369619,51.468815500000012],[0.3696376,51.468796]]}},
{"type":"Feature","properties":{"id":51917,"nach":0.51644795524943543},"geometry":{"type":"LineString","coordinates":[[0.3698191,51.4683882],[0.3698193,51.4683957],[0.3698082,51.4684721],[0.3697977,51.4685184],[0.3697837,51.4685603],[0.3697656,51.4685988],[0.3697247,51.4686781],[0.369696,51.4687271],[0.3696376,51.468796]]}},
{"type":"Feature","properties":{"id":33653,"nach":0.58409089636929445},"geometry":{"type":"LineString","coordinates":[[0.3647164,51.463665600000013],[0.3647436,51.4640048]]}},
{"type":"Feature","properties":{"id":8484,"nach":0.43100280439969318},"geometry":{"type":"LineString","coordinates":[[0.3661255,51.4639513],[0.3647436,51.4640048]]}},
{"type":"Feature","properties":{"id":6830,"nach":0.59251040271599542},"geometry":{"type":"LineString","coordinates":[[0.3638081,51.4640422],[0.3647436,51.4640048]]}},
{"type":"Feature","properties":{"id":33655,"nach":0.51091177819346112},"geometry":{"type":"LineString","coordinates":[[0.3647164,51.463665600000013],[0.3645805,51.4619674],[0.364632,51.461881900000016]]}},
{"type":"Feature","properties":{"id":33658,"nach":0.55520913834858765},"geometry":{"type":"LineString","coordinates":[[0.3661021,51.4636051],[0.3647164,51.463665600000013]]}},
{"type":"Feature","properties":{"id":8483,"nach":0.44802520504352511},"geometry":{"type":"LineString","coordinates":[[0.3661255,51.4639513],[0.3662285,51.463946]]}},
{"type":"Feature","properties":{"id":33657,"nach":0.46338939779830268},"geometry":{"type":"LineString","coordinates":[[0.3661021,51.4636051],[0.3661255,51.4639513]]}},
{"type":"Feature","properties":{"id":34301,"nach":0.56279211830143838},"geometry":{"type":"LineString","coordinates":[[0.3633253,51.46406180000001],[0.3638081,51.4640422]]}},
{"type":"Feature","properties":{"id":34293,"nach":0.49334288015714339},"geometry":{"type":"LineString","coordinates":[[0.3637697,51.46354310000001],[0.3638081,51.4640422]]}},
{"type":"Feature","properties":{"id":33666,"nach":0.61569627757237044},"geometry":{"type":"LineString","coordinates":[[0.3637894,51.4643497],[0.3638166,51.4642775],[0.3638081,51.4640422]]}},
{"type":"Feature","properties":{"id":51810,"nach":0.58671240299065675},"geometry":{"type":"LineString","coordinates":[[0.3691864,51.462032],[0.3696105,51.4614452]]}},
{"type":"Feature","properties":{"id":46541,"nach":0.59984724297361813},"geometry":{"type":"LineString","coordinates":[[0.3697612,51.4614445],[0.3696105,51.4614452]]}},
{"type":"Feature","properties":{"id":46540,"nach":0.0},"geometry":{"type":"LineString","coordinates":[[0.3705183,51.4604333],[0.3703473,51.4604247],[0.3696105,51.4614452]]}},
{"type":"Feature","properties":{"id":46542,"nach":0.57917714563356704},"geometry":{"type":"LineString","coordinates":[[0.3697612,51.4614445],[0.3699517,51.4614424],[0.3713142,51.4613939],[0.3718389,51.4613752]]}},
{"type":"Feature","properties":{"id":46543,"nach":0.54807124294796461},"geometry":{"type":"LineString","coordinates":[[0.3697612,51.4614445],[0.3703172,51.46065560000001],[0.3705183,51.4604333]]}},
{"type":"Feature","properties":{"id":46539,"nach":0.41409519089001595},"geometry":{"type":"LineString","coordinates":[[0.3705183,51.4604333],[0.3708053,51.4604033],[0.3710333,51.4603765],[0.3711779,51.4603555],[0.3715759,51.4603192],[0.3716676,51.4603044],[0.3717285,51.4602832],[0.3717611,51.4602532]]}},
{"type":"Feature","properties":{"id":29040,"nach":0.51287291386720746},"geometry":{"type":"LineString","coordinates":[[0.3660319,51.4584695],[0.3665177,51.45825270000001]]}},
{"type":"Feature","properties":{"id":31546,"nach":0.53388449596345278},"geometry":{"type":"LineString","coordinates":[[0.3666949,51.4584204],[0.3665177,51.45825270000001]]}},
{"type":"Feature","properties":{"id":6175,"nach":0.51836081593265249},"geometry":{"type":"LineString","coordinates":[[0.364806,51.4577202],[0.365091,51.4576988],[0.3653901,51.4576791],[0.3656419,51.4577089],[0.3658506,51.4577654],[0.3660384,51.4578427],[0.3661452,51.4579102],[0.3662765,51.458026],[0.3665177,51.45825270000001]]}},
{"type":"Feature","properties":{"id":29043,"nach":0.47627669057805372},"geometry":{"type":"LineString","coordinates":[[0.3663196,51.4588215],[0.3660319,51.4584695]]}},
{"type":"Feature","properties":{"id":35605,"nach":0.39359368045748655},"geometry":{"type":"LineString","coordinates":[[0.3656038,51.4580076],[0.365554,51.4580912],[0.3655457,51.458118],[0.3655467,51.4581417],[0.3655832,51.45830560000001],[0.3656055,51.4583263],[0.3656413,51.4583354],[0.3657699,51.4583264],[0.3660319,51.4584695]]}},
{"type":"Feature","properties":{"id":31548,"nach":0.54391668350303191},"geometry":{"type":"LineString","coordinates":[[0.3666949,51.4584204],[0.3667841,51.4585041],[0.3672209,51.458915700000013],[0.3676557,51.4593256]]}},
{"type":"Feature","properties":{"id":31549,"nach":0.41141746016900343},"geometry":{"type":"LineString","coordinates":[[0.3669768,51.4583081],[0.3666949,51.4584204]]}},
{"type":"Feature","properties":{"id":33681,"nach":0.49546813382011684},"geometry":{"type":"LineString","coordinates":[[0.3648949,51.45809340000001],[0.364806,51.4577202]]}},
{"type":"Feature","properties":{"id":8446,"nach":0.48419731387762693},"geometry":{"type":"LineString","coordinates":[[0.3627334,51.4584123],[0.363205,51.4581521],[0.3637472,51.4578717],[0.3638839,51.4578214],[0.364057,51.4577855],[0.364806,51.4577202]]}},
{"type":"Feature","properties":{"id":33683,"nach":0.49960758872126071},"geometry":{"type":"LineString","coordinates":[[0.3648949,51.45809340000001],[0.3650011,51.4585395],[0.3649496,51.458614400000016],[0.3648037,51.4586518],[0.364323,51.458716],[0.3642115,51.4587481],[0.3641771,51.4588016],[0.3642973,51.4592348]]}},
{"type":"Feature","properties":{"id":33684,"nach":0.41699806713236892},"geometry":{"type":"LineString","coordinates":[[0.3644524,51.4581352],[0.3648949,51.45809340000001]]}},
{"type":"Feature","properties":{"id":8634,"nach":0.42397706571182525},"geometry":{"type":"LineString","coordinates":[[0.3635363,51.4604217],[0.3634592,51.4592964],[0.3634218,51.4590529],[0.3633188,51.458849700000016],[0.3631729,51.4587107],[0.3627334,51.4584123]]}},
{"type":"Feature","properties":{"id":8647,"nach":0.50024613335406209},"geometry":{"type":"LineString","coordinates":[[0.3620738,51.4587572],[0.3625861,51.4584923],[0.3627334,51.4584123]]}},
{"type":"Feature","properties":{"id":34300,"nach":0.54193139219576747},"geometry":{"type":"LineString","coordinates":[[0.3633253,51.46406180000001],[0.3628983,51.4640743]]}},
{"type":"Feature","properties":{"id":34302,"nach":0.46370916498694525},"geometry":{"type":"LineString","coordinates":[[0.3633253,51.46406180000001],[0.3632717,51.4633286],[0.363224,51.46258430000001],[0.363195,51.4623752],[0.363119,51.4623591],[0.3627575,51.462371]]}},
{"type":"Feature","properties":{"id":34295,"nach":0.4765660537809806},"geometry":{"type":"LineString","coordinates":[[0.3637031,51.4626782],[0.3641782,51.4626724],[0.3642374,51.463513],[0.3637697,51.46354310000001]]}},
{"type":"Feature","properties":{"id":33667,"nach":0.61630058720677072},"geometry":{"type":"LineString","coordinates":[[0.3637894,51.4643497],[0.3636764,51.4646501],[0.3636512,51.4647171]]}},
{"type":"Feature","properties":{"id":33668,"nach":0.0},"geometry":{"type":"LineString","coordinates":[[0.3637894,51.4643497],[0.3639497,51.464361],[0.3643221,51.464356],[0.3647471,51.4643535],[0.3651235,51.4643396],[0.3658866,51.4643375],[0.3663723,51.4643443],[0.3664363,51.4643376],[0.3664883,51.464322100000011],[0.3665122,51.4643031],[0.3665263,51.4642741],[0.3665263,51.4642092],[0.3665469,51.4641714],[0.3665978,51.4641464],[0.3666488,51.4641383],[0.3668429,51.4641281],[0.3669178,51.4641194],[0.3669763,51.4641038],[0.3670138,51.4640768],[0.3670232,51.464022700000015],[0.3670112,51.4639553],[0.3669711,51.4638264],[0.3669244,51.4636809],[0.3668827,51.4635335]]}},
{"type":"Feature","properties":{"id":24449,"nach":0.51373920214854651},"geometry":{"type":"LineString","coordinates":[[0.3692287,51.4647213],[0.3636512,51.4647171]]}},
{"type":"Feature","properties":{"id":8502,"nach":0.55935643490820708},"geometry":{"type":"LineString","coordinates":[[0.3616238,51.4647847],[0.3618698,51.4647514],[0.3636512,51.4647171]]}},
{"type":"Feature","properties":{"id":8552,"nach":0.59081769695713371},"geometry":{"type":"LineString","coordinates":[[0.36375,51.4661089],[0.3636052,51.4655097],[0.363566,51.4653346],[0.3635432,51.465185],[0.3635497,51.4650191],[0.3635807,51.4648901],[0.3636512,51.4647171]]}},
{"type":"Feature","properties":{"id":24448,"nach":0.52274422501898787},"geometry":{"type":"LineString","coordinates":[[0.3692287,51.4647213],[0.3693816,51.4647213]]}},
{"type":"Feature","properties":{"id":24450,"nach":0.40705944772104502},"geometry":{"type":"LineString","coordinates":[[0.3692287,51.4647213],[0.3693293,51.4652889],[0.369359,51.4654938]]}},
{"type":"Feature","properties":{"id":8498,"nach":0.43965553571634958},"geometry":{"type":"LineString","coordinates":[[0.3614377,51.4649734],[0.3615244,51.46495130000001],[0.3615853,51.4649154],[0.3616199,51.4648745],[0.3616329,51.4648228],[0.3616238,51.4647847]]}},
{"type":"Feature","properties":{"id":8501,"nach":0.54965652632097728},"geometry":{"type":"LineString","coordinates":[[0.3616238,51.4647847],[0.3616009,51.4647508],[0.3615462,51.4647101],[0.3614734,51.4646841],[0.3613931,51.464675099999987],[0.3613104,51.46468380000001]]}},
{"type":"Feature","properties":{"id":31750,"nach":0.56422073336296641},"geometry":{"type":"LineString","coordinates":[[0.3629839,51.466172600000014],[0.36375,51.4661089]]}},
{"type":"Feature","properties":{"id":24452,"nach":0.6122000973211692},"geometry":{"type":"LineString","coordinates":[[0.3638809,51.4665789],[0.3637687,51.4661959],[0.36375,51.4661089]]}},
{"type":"Feature","properties":{"id":14493,"nach":0.57009345828124769},"geometry":{"type":"LineString","coordinates":[[0.3695079,51.465484600000018],[0.3693816,51.4647213]]}},
{"type":"Feature","properties":{"id":14502,"nach":0.45721601681638419},"geometry":{"type":"LineString","coordinates":[[0.3696094,51.4647139],[0.3693816,51.4647213]]}},
{"type":"Feature","properties":{"id":14492,"nach":0.55080646304360947},"geometry":{"type":"LineString","coordinates":[[0.3695079,51.465484600000018],[0.3695559,51.4658172]]}},
{"type":"Feature","properties":{"id":51807,"nach":0.48862850166286864},"geometry":{"type":"LineString","coordinates":[[0.369715,51.465472],[0.3695546,51.4654814],[0.3695079,51.465484600000018]]}},
{"type":"Feature","properties":{"id":24440,"nach":0.50182429523481475},"geometry":{"type":"LineString","coordinates":[[0.369359,51.4654938],[0.3694084,51.4654908],[0.3694585,51.4654878],[0.3695079,51.465484600000018]]}},
{"type":"Feature","properties":{"id":14503,"nach":0.57199303341536967},"geometry":{"type":"LineString","coordinates":[[0.3696094,51.4647139],[0.37104,51.4646875]]}},
{"type":"Feature","properties":{"id":14505,"nach":0.56628507660473049},"geometry":{"type":"LineString","coordinates":[[0.3696094,51.4647139],[0.3696007,51.4646783],[0.3695143,51.464257700000012],[0.3694871,51.4640727],[0.3694824,51.4640404]]}},
{"type":"Feature","properties":{"id":51809,"nach":0.58538607488912631},"geometry":{"type":"LineString","coordinates":[[0.369715,51.465472],[0.3696678,51.465186600000017],[0.3696094,51.4647429],[0.3696094,51.4647139]]}},
{"type":"Feature","properties":{"id":6846,"nach":0.55526520601327767},"geometry":{"type":"LineString","coordinates":[[0.3669714,51.4668868],[0.3685405,51.4668009]]}},
{"type":"Feature","properties":{"id":6862,"nach":0.39343466517037784},"geometry":{"type":"LineString","coordinates":[[0.3687275,51.4683031],[0.3687261,51.4682751],[0.3687243,51.4682622],[0.3687147,51.468206600000016],[0.3686969,51.4680964],[0.3686921,51.4680597],[0.3686844,51.467975899999985],[0.3686797,51.467909199999987],[0.3686738,51.4678422],[0.3686245,51.4674788],[0.368582,51.467144],[0.368548,51.466853],[0.3685405,51.4668009]]}},
{"type":"Feature","properties":{"id":6849,"nach":0.5535226836066871},"geometry":{"type":"LineString","coordinates":[[0.3653576,51.466966],[0.3669714,51.4668868]]}},
{"type":"Feature","properties":{"id":6857,"nach":0.49033898656682856},"geometry":{"type":"LineString","coordinates":[[0.3670558,51.46763],[0.3669714,51.4668868]]}},
{"type":"Feature","properties":{"id":11884,"nach":0.56942532806685053},"geometry":{"type":"LineString","coordinates":[[0.3694602,51.4682879],[0.3687275,51.4683031]]}},
{"type":"Feature","properties":{"id":6866,"nach":0.56051105076235808},"geometry":{"type":"LineString","coordinates":[[0.3667111,51.4683349],[0.3687275,51.4683031]]}},
{"type":"Feature","properties":{"id":51764,"nach":0.52388073925966694},"geometry":{"type":"LineString","coordinates":[[0.3641816,51.4670337],[0.3653576,51.466966]]}},
{"type":"Feature","properties":{"id":6856,"nach":0.49470324154404216},"geometry":{"type":"LineString","coordinates":[[0.3654769,51.4682873],[0.365503,51.467992600000017],[0.3653576,51.466966]]}},
{"type":"Feature","properties":{"id":6895,"nach":0.41009212851924937},"geometry":{"type":"LineString","coordinates":[[0.3675518,51.4676025],[0.3670558,51.46763]]}},
{"type":"Feature","properties":{"id":6894,"nach":0.41095327156806666},"geometry":{"type":"LineString","coordinates":[[0.3666776,51.467646],[0.3670558,51.46763]]}},
{"type":"Feature","properties":{"id":51763,"nach":0.53136490635363642},"geometry":{"type":"LineString","coordinates":[[0.3641816,51.4670337],[0.3640723,51.4670391]]}},
{"type":"Feature","properties":{"id":51766,"nach":0.44049762095841594},"geometry":{"type":"LineString","coordinates":[[0.3641816,51.4670337],[0.3641813,51.46706480000001],[0.3641735,51.4670767],[0.3641835,51.4671073],[0.364245,51.4672257],[0.3643187,51.467429],[0.3643824,51.46758],[0.3644372,51.4677624],[0.3644931,51.46796710000001],[0.3645199,51.468161400000014]]}},
{"type":"Feature","properties":{"id":51767,"nach":0.44971817356877142},"geometry":{"type":"LineString","coordinates":[[0.3641757,51.46700220000001],[0.3641816,51.4670337]]}},
{"type":"Feature","properties":{"id":6867,"nach":0.55777882825655101},"geometry":{"type":"LineString","coordinates":[[0.3667111,51.4683349],[0.3654769,51.4682873]]}},
{"type":"Feature","properties":{"id":51756,"nach":0.57816238017882338},"geometry":{"type":"LineString","coordinates":[[0.3645705,51.4682474],[0.3654769,51.4682873]]}},
{"type":"Feature","properties":{"id":29593,"nach":0.60037547386994883},"geometry":{"type":"LineString","coordinates":[[0.3639462,51.466777800000017],[0.3639755,51.4668439],[0.3640723,51.4670391]]}},
{"type":"Feature","properties":{"id":39727,"nach":0.5662652592943388},"geometry":{"type":"LineString","coordinates":[[0.3644512,51.4681665],[0.3644209,51.4680179],[0.3643269,51.4676636],[0.3642844,51.4675372],[0.36417,51.467268],[0.3640723,51.4670391]]}},
{"type":"Feature","properties":{"id":29591,"nach":0.61260711861814576},"geometry":{"type":"LineString","coordinates":[[0.3639462,51.466777800000017],[0.3638809,51.4665789]]}},
{"type":"Feature","properties":{"id":51769,"nach":0.52431477879822008},"geometry":{"type":"LineString","coordinates":[[0.3638683,51.4668129],[0.3639462,51.466777800000017]]}},
{"type":"Feature","properties":{"id":39724,"nach":0.58581266266053178},"geometry":{"type":"LineString","coordinates":[[0.3644512,51.4681665],[0.3644642,51.4682427]]}},
{"type":"Feature","properties":{"id":51773,"nach":0.47813000432275604},"geometry":{"type":"LineString","coordinates":[[0.3643858,51.4681669],[0.3644512,51.4681665]]}},
{"type":"Feature","properties":{"id":51760,"nach":0.43861028859174728},"geometry":{"type":"LineString","coordinates":[[0.3645199,51.468161400000014],[0.3644512,51.4681665]]}},
{"type":"Feature","properties":{"id":6886,"nach":0.5073189637198533},"geometry":{"type":"LineString","coordinates":[[0.3666946,51.4690143],[0.3667111,51.4683349]]}},
{"type":"Feature","properties":{"id":51762,"nach":0.41039337952675209},"geometry":{"type":"LineString","coordinates":[[0.3645199,51.468161400000014],[0.3645322,51.468206599999988],[0.3645691,51.4682171],[0.3645705,51.4682474]]}},
{"type":"Feature","properties":{"id":51914,"nach":0.47613452615442348},"geometry":{"type":"LineString","coordinates":[[0.369812,51.4682832],[0.3694602,51.4682879]]}},
{"type":"Feature","properties":{"id":51909,"nach":0.52687187170693495},"geometry":{"type":"LineString","coordinates":[[0.3697355,51.4678495],[0.3697221,51.467852],[0.369713,51.4678535],[0.3696921,51.4678555],[0.3696841,51.4678562],[0.3696776,51.467856899999987],[0.369664,51.4678594],[0.3695781,51.4678799],[0.369502,51.4678983],[0.369492,51.4679014],[0.3694882,51.4679036],[0.3694855,51.4679053],[0.3694822,51.46790750000001],[0.3694794,51.4679105],[0.3694771,51.467915],[0.3694755,51.4679207],[0.369474,51.4679327],[0.3694677,51.4680247],[0.3694634,51.4682198],[0.3694602,51.4682879]]}},
{"type":"Feature","properties":{"id":51913,"nach":0.48344987937347278},"geometry":{"type":"LineString","coordinates":[[0.369812,51.4682832],[0.3699625,51.4682813]]}},
{"type":"Feature","properties":{"id":11881,"nach":0.55152974938327348},"geometry":{"type":"LineString","coordinates":[[0.3699047,51.4678403],[0.3699367,51.4681487],[0.3699486,51.4682125],[0.3699625,51.4682813]]}},
{"type":"Feature","properties":{"id":51916,"nach":0.47885248862427132},"geometry":{"type":"LineString","coordinates":[[0.369812,51.4682832],[0.3698093,51.4682566],[0.3698064,51.4682471],[0.3697936,51.4681915],[0.369786,51.4681493],[0.3697586,51.4679809],[0.3697416,51.4678707],[0.3697355,51.4678495]]}},
{"type":"Feature","properties":{"id":51918,"nach":0.54249060518765713},"geometry":{"type":"LineString","coordinates":[[0.3698191,51.4683882],[0.3698187,51.4683615],[0.3698128,51.4682964],[0.369812,51.4682832]]}},
{"type":"Feature","properties":{"id":51910,"nach":0.51167793986702659},"geometry":{"type":"LineString","coordinates":[[0.3697355,51.4678495],[0.3697514,51.4678469],[0.3697613,51.4678457],[0.3697738,51.4678444],[0.369792,51.4678433],[0.3698639,51.467841399999983],[0.3699047,51.4678403]]}},
{"type":"Feature","properties":{"id":51798,"nach":0.50885680199047567},"geometry":{"type":"LineString","coordinates":[[0.3695537,51.4690677],[0.3694016,51.4691948],[0.3687538,51.4697503],[0.3678744,51.4705132],[0.3677611,51.4706038]]}},
{"type":"Feature","properties":{"id":51801,"nach":0.42925014658069882},"geometry":{"type":"LineString","coordinates":[[0.3697201,51.4691331],[0.369691,51.4691516],[0.3679418,51.4706495],[0.3679182,51.4706697]]}},
{"type":"Feature","properties":{"id":51799,"nach":0.35484097296581246},"geometry":{"type":"LineString","coordinates":[[0.3697201,51.4691331],[0.3695537,51.4690677]]}},
{"type":"Feature","properties":{"id":14452,"nach":0.44316183269334103},"geometry":{"type":"LineString","coordinates":[[0.3698995,51.4689497],[0.3699005,51.4689225],[0.3699035,51.4689022],[0.3699071,51.4688891],[0.3699123,51.46888],[0.3699173,51.4688749],[0.3699228,51.4688718],[0.369969,51.4688515],[0.3700403,51.4688196],[0.3700455,51.468817300000012],[0.3700595,51.4688082],[0.3700738,51.4687975],[0.3700873,51.4687853],[0.3701015,51.4687718],[0.3701143,51.4687562],[0.3701277,51.4687403],[0.3701367,51.4687276],[0.3701475,51.4687079],[0.3701627,51.468676900000013],[0.3701657,51.4686687],[0.3701721,51.4686375],[0.3701755,51.468622600000018],[0.3701779,51.4685994],[0.370178,51.4685844],[0.3701776,51.4685589],[0.3701751,51.4685404],[0.3701695,51.468508800000016],[0.3701516,51.4683867]]}},
{"type":"Feature","properties":{"id":51805,"nach":0.0},"geometry":{"type":"LineString","coordinates":[[0.3700656,51.4673344],[0.3703076,51.4688472],[0.370271,51.4688977],[0.3701954,51.4689231],[0.3701435,51.468930899999989],[0.3698995,51.4689497]]}},
{"type":"Feature","properties":{"id":51802,"nach":0.4302509167938271},"geometry":{"type":"LineString","coordinates":[[0.3697201,51.4691331],[0.3697414,51.469106],[0.3698833,51.4689948],[0.3698929,51.4689849],[0.3698976,51.4689782],[0.3698997,51.4689741],[0.3698995,51.4689497]]}},
{"type":"Feature","properties":{"id":14454,"nach":0.50498333727315381},"geometry":{"type":"LineString","coordinates":[[0.369892,51.4666668],[0.3699186,51.4666664],[0.3699383,51.4666668],[0.3699437,51.466668],[0.3699493,51.4666698],[0.3699546,51.4666733],[0.3699582,51.4666762],[0.3699614,51.4666808],[0.3699643,51.4666856],[0.3699664,51.4666925],[0.3699786,51.4667975],[0.369998,51.4669135],[0.3700074,51.466978],[0.3700104,51.4670036],[0.3700199,51.4670706],[0.370027,51.4671146],[0.3700593,51.467294900000013]]}},
{"type":"Feature","properties":{"id":14456,"nach":0.57211994482367257},"geometry":{"type":"LineString","coordinates":[[0.369892,51.4666668],[0.369894,51.4666565],[0.3699006,51.466632],[0.3699023,51.466625],[0.3699028,51.466621],[0.3699016,51.466609600000012],[0.3698608,51.4663825],[0.3698198,51.4661406],[0.3698027,51.466018299999988],[0.3697823,51.46588160000001],[0.3697741,51.4658379],[0.3697679,51.4658031]]}},
{"type":"Feature","properties":{"id":14455,"nach":0.51260362843198526},"geometry":{"type":"LineString","coordinates":[[0.369892,51.4666668],[0.3698913,51.46669210000001],[0.3699087,51.4668224],[0.3699052,51.466931],[0.369927,51.4670928],[0.3699789,51.4673416]]}},
{"type":"Feature","properties":{"id":14393,"nach":0.20908627700730051},"geometry":{"type":"LineString","coordinates":[[0.3697679,51.4658031],[0.3695559,51.4658172]]}},
{"type":"Feature","properties":{"id":33466,"nach":0.51465995976418089},"geometry":{"type":"LineString","coordinates":[[0.3735402,51.4672484],[0.373833,51.4672556]]}},
{"type":"Feature","properties":{"id":34716,"nach":0.47602165451388673},"geometry":{"type":"LineString","coordinates":[[0.374076,51.467100100000017],[0.3740542,51.4671756],[0.3740237,51.4672183],[0.3739568,51.4672477],[0.373833,51.4672556]]}},
{"type":"Feature","properties":{"id":34719,"nach":0.39423454272624503},"geometry":{"type":"LineString","coordinates":[[0.3737458,51.4678216],[0.3738128,51.4673584],[0.373833,51.4672556]]}},
{"type":"Feature","properties":{"id":33465,"nach":0.56052024510818732},"geometry":{"type":"LineString","coordinates":[[0.3735402,51.4672484],[0.3719241,51.4672111]]}},
{"type":"Feature","properties":{"id":33467,"nach":0.53145931057068341},"geometry":{"type":"LineString","coordinates":[[0.3735402,51.4672484],[0.373559,51.4669428]]}},
{"type":"Feature","properties":{"id":34717,"nach":0.39262017648266628},"geometry":{"type":"LineString","coordinates":[[0.374076,51.467100100000017],[0.3740775,51.4669824],[0.3740135,51.4669086],[0.3740238,51.4667375]]}},
{"type":"Feature","properties":{"id":34718,"nach":0.39701117328823687},"geometry":{"type":"LineString","coordinates":[[0.3744281,51.4671087],[0.374076,51.467100100000017]]}},
{"type":"Feature","properties":{"id":8300,"nach":0.55170298102995963},"geometry":{"type":"LineString","coordinates":[[0.3718909,51.4663939],[0.3719241,51.4672111]]}},
{"type":"Feature","properties":{"id":8261,"nach":0.59795820105252107},"geometry":{"type":"LineString","coordinates":[[0.3700593,51.467294900000013],[0.3701093,51.4672909],[0.3702901,51.4672792],[0.3706632,51.4672577],[0.3710178,51.4672432],[0.3714885,51.4672259],[0.3717125,51.4672179],[0.3718609,51.467212600000018],[0.3719241,51.4672111]]}},
{"type":"Feature","properties":{"id":28768,"nach":0.49151133038678635},"geometry":{"type":"LineString","coordinates":[[0.3721685,51.4676145],[0.372028,51.4675568],[0.3719416,51.4675094],[0.3719137,51.4674811],[0.3719118,51.4674331],[0.3719241,51.4672111]]}},
{"type":"Feature","properties":{"id":8301,"nach":0.53324465886056827},"geometry":{"type":"LineString","coordinates":[[0.3718909,51.4663939],[0.3718493,51.4655044]]}},
{"type":"Feature","properties":{"id":17997,"nach":0.49804128626173289},"geometry":{"type":"LineString","coordinates":[[0.3726865,51.4663871],[0.3718909,51.4663939]]}},
{"type":"Feature","properties":{"id":51804,"nach":0.58535705583330555},"geometry":{"type":"LineString","coordinates":[[0.3700656,51.4673344],[0.3700593,51.467294900000013]]}},
{"type":"Feature","properties":{"id":28767,"nach":0.40931330733179466},"geometry":{"type":"LineString","coordinates":[[0.3721685,51.4676145],[0.3722038,51.4676289],[0.3722668,51.4676609],[0.3724118,51.46767],[0.3725729,51.4677266],[0.3726945,51.4677585],[0.372986,51.467774]]}},
{"type":"Feature","properties":{"id":28770,"nach":0.40749659783291153},"geometry":{"type":"LineString","coordinates":[[0.3720536,51.468226],[0.3721111,51.4679203],[0.3721685,51.4676145]]}},
{"type":"Feature","properties":{"id":51806,"nach":0.58502271677524442},"geometry":{"type":"LineString","coordinates":[[0.3700656,51.4673344],[0.3700222,51.4673371],[0.3700148,51.4673379],[0.3700013,51.4673395],[0.3699858,51.467341],[0.3699789,51.4673416]]}},
{"type":"Feature","properties":{"id":8354,"nach":0.58237566278285546},"geometry":{"type":"LineString","coordinates":[[0.3723746,51.4646941],[0.371884,51.4646701]]}},
{"type":"Feature","properties":{"id":8263,"nach":0.57192259459931893},"geometry":{"type":"LineString","coordinates":[[0.371884,51.4646701],[0.3718778,51.4646403],[0.3718455,51.4646224],[0.3717936,51.4646144],[0.3712333,51.4646134]]}},
{"type":"Feature","properties":{"id":8265,"nach":0.54881661677796822},"geometry":{"type":"LineString","coordinates":[[0.3717795,51.4647476],[0.3718283,51.4647357],[0.3718745,51.4647034],[0.371884,51.4646701]]}},
{"type":"Feature","properties":{"id":8357,"nach":0.56468397585935504},"geometry":{"type":"LineString","coordinates":[[0.372274,51.4639032],[0.3723746,51.4646941]]}},
{"type":"Feature","properties":{"id":14526,"nach":0.48022862330963484},"geometry":{"type":"LineString","coordinates":[[0.3754459,51.4654902],[0.3749808,51.465010100000015],[0.3747045,51.4649733],[0.3740967,51.4647805],[0.3723746,51.4646941]]}},
{"type":"Feature","properties":{"id":8347,"nach":0.55378381785743247},"geometry":{"type":"LineString","coordinates":[[0.3712333,51.4646134],[0.3711637,51.4646144],[0.3711064,51.4646287],[0.371067,51.464654],[0.37104,51.4646875]]}},
{"type":"Feature","properties":{"id":51814,"nach":0.52933932027466823},"geometry":{"type":"LineString","coordinates":[[0.3709718,51.4627616],[0.370869,51.4629988],[0.3708663,51.4630624],[0.3712051,51.4642172],[0.3712379,51.4643454],[0.3712333,51.4646134]]}},
{"type":"Feature","properties":{"id":8337,"nach":0.56189012981781017},"geometry":{"type":"LineString","coordinates":[[0.3718303,51.4653363],[0.3717895,51.465032300000011],[0.3717795,51.4647476]]}},
{"type":"Feature","properties":{"id":8267,"nach":0.47625371416294271},"geometry":{"type":"LineString","coordinates":[[0.37104,51.4646875],[0.3710622,51.4647121],[0.371105,51.4647432],[0.3711602,51.4647567],[0.3717795,51.4647476]]}},
{"type":"Feature","properties":{"id":8336,"nach":0.54476722838133051},"geometry":{"type":"LineString","coordinates":[[0.3718303,51.4653363],[0.3718493,51.4655044]]}},
{"type":"Feature","properties":{"id":14535,"nach":0.49494057391349289},"geometry":{"type":"LineString","coordinates":[[0.3728183,51.4653818],[0.3723744,51.4653615],[0.3718303,51.4653363]]}},
{"type":"Feature","properties":{"id":32587,"nach":0.42432287750580677},"geometry":{"type":"LineString","coordinates":[[0.3713572,51.4654658],[0.3713713,51.4655469],[0.3713871,51.4655633],[0.3714135,51.4655732],[0.3715313,51.465573200000016],[0.3715595,51.4655579],[0.3715806,51.4655327],[0.3715964,51.4655217],[0.3716263,51.4655119],[0.3718493,51.4655044]]}},
{"type":"Feature","properties":{"id":8273,"nach":0.40282854743921487},"geometry":{"type":"LineString","coordinates":[[0.3709482,51.466386800000016],[0.3704587,51.4664159]]}},
{"type":"Feature","properties":{"id":8275,"nach":0.40876585624943068},"geometry":{"type":"LineString","coordinates":[[0.3710849,51.466382],[0.3709482,51.466386800000016]]}},
{"type":"Feature","properties":{"id":8277,"nach":0.48528349668894627},"geometry":{"type":"LineString","coordinates":[[0.3707384,51.46578670000001],[0.3707931,51.465812499999984],[0.3708452,51.4658546],[0.3708778,51.4659209],[0.3709482,51.466386800000016]]}},
{"type":"Feature","properties":{"id":34887,"nach":0.53080281580071909},"geometry":{"type":"LineString","coordinates":[[0.3702643,51.4657726],[0.3705439,51.465753800000016],[0.370623,51.4657533],[0.370686,51.4657667],[0.3707384,51.46578670000001]]}},
{"type":"Feature","properties":{"id":8282,"nach":0.42019306395096873},"geometry":{"type":"LineString","coordinates":[[0.3707947,51.4652828],[0.3708453,51.465585900000015],[0.3708444,51.465632],[0.3708205,51.465680299999988],[0.3707384,51.46578670000001]]}},
{"type":"Feature","properties":{"id":34884,"nach":0.56975776070218354},"geometry":{"type":"LineString","coordinates":[[0.3702643,51.4657726],[0.3697679,51.4658031]]}},
{"type":"Feature","properties":{"id":34886,"nach":0.42646973811847627},"geometry":{"type":"LineString","coordinates":[[0.3702643,51.4657726],[0.3701953,51.465129]]}},
{"type":"Feature","properties":{"id":34888,"nach":0.42435793387686549},"geometry":{"type":"LineString","coordinates":[[0.3703767,51.4664818],[0.3702643,51.4657726]]}},
{"type":"Feature","properties":{"id":51808,"nach":0.57924324873269195},"geometry":{"type":"LineString","coordinates":[[0.369715,51.465472],[0.3697404,51.465634],[0.369763,51.4657724],[0.3697679,51.4658031]]}},
{"type":"Feature","properties":{"id":8290,"nach":0.39401783805607282},"geometry":{"type":"LineString","coordinates":[[0.3755679,51.4672558],[0.3752309,51.4672242],[0.3751099,51.4671893],[0.3750605,51.46713290000001],[0.3750633,51.4669368]]}},
{"type":"Feature","properties":{"id":8293,"nach":0.47810546329415349},"geometry":{"type":"LineString","coordinates":[[0.3756523,51.4669473],[0.3755679,51.4672558]]}},
{"type":"Feature","properties":{"id":8332,"nach":0.55825986599594613},"geometry":{"type":"LineString","coordinates":[[0.3760359,51.4655143],[0.375823,51.4663466]]}},
{"type":"Feature","properties":{"id":8340,"nach":0.52067485243293388},"geometry":{"type":"LineString","coordinates":[[0.3769337,51.4655544],[0.3760359,51.4655143]]}},
{"type":"Feature","properties":{"id":14525,"nach":0.5134995589824507},"geometry":{"type":"LineString","coordinates":[[0.3754459,51.4654902],[0.3760359,51.4655143]]}},
{"type":"Feature","properties":{"id":8294,"nach":0.40200908841781691},"geometry":{"type":"LineString","coordinates":[[0.3756523,51.4669473],[0.3758481,51.4669611],[0.3764738,51.466965]]}},
{"type":"Feature","properties":{"id":33463,"nach":0.51620886693115875},"geometry":{"type":"LineString","coordinates":[[0.3757364,51.466649800000013],[0.3756523,51.4669473]]}},
{"type":"Feature","properties":{"id":33462,"nach":0.54106530806444542},"geometry":{"type":"LineString","coordinates":[[0.3757364,51.466649800000013],[0.375823,51.4663466]]}},
{"type":"Feature","properties":{"id":33464,"nach":0.52143658307020468},"geometry":{"type":"LineString","coordinates":[[0.3757364,51.466649800000013],[0.3743475,51.4666855],[0.3737311,51.4666734],[0.3736817,51.4666761],[0.3736484,51.4666851],[0.3736294,51.4667004],[0.3736144,51.4668996],[0.3735964,51.4669281],[0.373559,51.4669428]]}},
{"type":"Feature","properties":{"id":8299,"nach":0.40890216668496115},"geometry":{"type":"LineString","coordinates":[[0.375823,51.4663466],[0.3765645,51.4663355]]}},
{"type":"Feature","properties":{"id":14528,"nach":0.4628918330004046},"geometry":{"type":"LineString","coordinates":[[0.3749601,51.4663539],[0.375823,51.4663466]]}},
{"type":"Feature","properties":{"id":14529,"nach":0.41113103463503781},"geometry":{"type":"LineString","coordinates":[[0.3749601,51.4663539],[0.374953,51.466021599999983]]}},
{"type":"Feature","properties":{"id":14538,"nach":0.46427447969732444},"geometry":{"type":"LineString","coordinates":[[0.3738115,51.4663736],[0.3749601,51.4663539]]}},
{"type":"Feature","properties":{"id":17998,"nach":0.46830087344014287},"geometry":{"type":"LineString","coordinates":[[0.3726865,51.4663871],[0.3738115,51.4663736]]}},
{"type":"Feature","properties":{"id":18000,"nach":0.40745425872530144},"geometry":{"type":"LineString","coordinates":[[0.3732102,51.466681],[0.3726946,51.466684899999983],[0.3726865,51.4663871]]}},
{"type":"Feature","properties":{"id":8308,"nach":0.4074537540968548},"geometry":{"type":"LineString","coordinates":[[0.3771305,51.4638054],[0.3766935,51.4638118]]}},
{"type":"Feature","properties":{"id":8323,"nach":0.47783675393087754},"geometry":{"type":"LineString","coordinates":[[0.3778507,51.46379180000001],[0.3771305,51.4638054]]}},
{"type":"Feature","properties":{"id":8327,"nach":0.44431736434457647},"geometry":{"type":"LineString","coordinates":[[0.3780091,51.4645773],[0.3773405,51.4645482],[0.377232,51.4645244],[0.3771633,51.4644754],[0.3771305,51.4638054]]}},
{"type":"Feature","properties":{"id":8380,"nach":0.48766176569081088},"geometry":{"type":"LineString","coordinates":[[0.37829,51.4625391],[0.3783341,51.4626222],[0.3783604,51.462714],[0.3784349,51.4632206]]}},
{"type":"Feature","properties":{"id":8381,"nach":0.4556214508371848},"geometry":{"type":"LineString","coordinates":[[0.37829,51.4625391],[0.3779149,51.461973],[0.3778137,51.4618768],[0.3776869,51.4618267],[0.3771281,51.461655100000016]]}},
{"type":"Feature","properties":{"id":39118,"nach":0.40617589296164097},"geometry":{"type":"LineString","coordinates":[[0.3780596,51.46290650000001],[0.3780596,51.4628785],[0.3780585,51.4628461],[0.3780838,51.4628188],[0.3781162,51.46278860000001],[0.3781369,51.4627576],[0.3781369,51.4627289],[0.378115,51.4626066],[0.3781335,51.4625858],[0.3781785,51.4625692],[0.37829,51.4625391]]}},
{"type":"Feature","properties":{"id":8325,"nach":0.42770999122637837},"geometry":{"type":"LineString","coordinates":[[0.3778507,51.46379180000001],[0.3782484,51.4637924],[0.3784419,51.4638118],[0.378588,51.4638584],[0.3786793,51.463925500000016],[0.3789088,51.464504]]}},
{"type":"Feature","properties":{"id":34400,"nach":0.51673979602706122},"geometry":{"type":"LineString","coordinates":[[0.3778936,51.463523400000021],[0.3778507,51.46379180000001]]}},
{"type":"Feature","properties":{"id":8326,"nach":0.36796283699990395},"geometry":{"type":"LineString","coordinates":[[0.3780091,51.4645773],[0.3786786,51.4645453],[0.3789088,51.464504]]}},
{"type":"Feature","properties":{"id":8331,"nach":0.45491700737755958},"geometry":{"type":"LineString","coordinates":[[0.3771499,51.4655569],[0.3776875,51.4655403],[0.3777803,51.4655234],[0.3778544,51.4654744],[0.3778889,51.4654363],[0.3780091,51.4645773]]}},
{"type":"Feature","properties":{"id":8311,"nach":0.40089773962286801},"geometry":{"type":"LineString","coordinates":[[0.3789088,51.464504],[0.3790945,51.4649031]]}},
{"type":"Feature","properties":{"id":34402,"nach":0.40611145861293957},"geometry":{"type":"LineString","coordinates":[[0.3778936,51.463523400000021],[0.3768641,51.463542]]}},
{"type":"Feature","properties":{"id":8322,"nach":0.6127430686428188},"geometry":{"type":"LineString","coordinates":[[0.3740928,51.463184200000015],[0.3742089,51.4631973],[0.3743357,51.4632049]]}},
{"type":"Feature","properties":{"id":8395,"nach":0.4500345987066684},"geometry":{"type":"LineString","coordinates":[[0.3743211,51.4627106],[0.3743178,51.4628028],[0.3743223,51.4628824],[0.3743525,51.4629858],[0.3743571,51.4630745],[0.3743548,51.4631182],[0.3743357,51.4632049]]}},
{"type":"Feature","properties":{"id":32119,"nach":0.58180156184888709},"geometry":{"type":"LineString","coordinates":[[0.3739921,51.46317],[0.3740928,51.463184200000015]]}},
{"type":"Feature","properties":{"id":51821,"nach":0.56050712631901523},"geometry":{"type":"LineString","coordinates":[[0.3740959,51.4632332],[0.3740928,51.463184200000015]]}},
{"type":"Feature","properties":{"id":8396,"nach":0.43267623657800419},"geometry":{"type":"LineString","coordinates":[[0.3743211,51.4627106],[0.3743159,51.4626696],[0.3742194,51.4626047],[0.3742147,51.4625086],[0.3741914,51.4623123],[0.3741657,51.462046],[0.3741657,51.462025500000017],[0.3741657,51.4619413],[0.3741657,51.4616561],[0.3741353,51.4616314],[0.374119,51.4615732],[0.3740466,51.4615369],[0.3740022,51.4614001],[0.3738738,51.461323],[0.3738023,51.4611363]]}},
{"type":"Feature","properties":{"id":24491,"nach":0.45131939963034651},"geometry":{"type":"LineString","coordinates":[[0.3746181,51.4627317],[0.3743211,51.4627106]]}},
{"type":"Feature","properties":{"id":32118,"nach":0.58413587620364649},"geometry":{"type":"LineString","coordinates":[[0.3739921,51.46317],[0.3734519,51.4630764]]}},
{"type":"Feature","properties":{"id":32121,"nach":0.41141319248084185},"geometry":{"type":"LineString","coordinates":[[0.3737396,51.461721],[0.3738554,51.4625558],[0.3739921,51.46317]]}},
{"type":"Feature","properties":{"id":51822,"nach":0.43583600724459731},"geometry":{"type":"LineString","coordinates":[[0.3740959,51.4632332],[0.3741166,51.4635636]]}},
{"type":"Feature","properties":{"id":51823,"nach":0.54780428039425821},"geometry":{"type":"LineString","coordinates":[[0.3740959,51.4632332],[0.374055,51.4632359],[0.3739835,51.4632645],[0.3738907,51.463279800000016],[0.3735141,51.4632095],[0.3734698,51.4632023]]}},
{"type":"Feature","properties":{"id":8341,"nach":0.49495826730809639},"geometry":{"type":"LineString","coordinates":[[0.3769337,51.4655544],[0.3771499,51.4655569]]}},
{"type":"Feature","properties":{"id":8346,"nach":0.40349011556446845},"geometry":{"type":"LineString","coordinates":[[0.377068,51.4658793],[0.3771499,51.4655569]]}},
{"type":"Feature","properties":{"id":8342,"nach":0.39828687260812518},"geometry":{"type":"LineString","coordinates":[[0.3769337,51.4655544],[0.3770154,51.46526020000001],[0.3770522,51.4652158],[0.3771367,51.4651858],[0.3772306,51.465177400000016],[0.3776018,51.4652123]]}},
{"type":"Feature","properties":{"id":14524,"nach":0.44237828950153929},"geometry":{"type":"LineString","coordinates":[[0.3754459,51.4654902],[0.3739165,51.4654282]]}},
{"type":"Feature","properties":{"id":14536,"nach":0.41286727405239293},"geometry":{"type":"LineString","coordinates":[[0.3728183,51.4653818],[0.3728134,51.4658807],[0.3731015,51.4658772]]}},
{"type":"Feature","properties":{"id":14534,"nach":0.4580233905272495},"geometry":{"type":"LineString","coordinates":[[0.3728183,51.4653818],[0.3739165,51.4654282]]}},
{"type":"Feature","properties":{"id":51813,"nach":0.51800023567107678},"geometry":{"type":"LineString","coordinates":[[0.3709718,51.4627616],[0.3710211,51.462648]]}},
{"type":"Feature","properties":{"id":8365,"nach":0.60981351826136043},"geometry":{"type":"LineString","coordinates":[[0.3705236,51.4625548],[0.3708721,51.4626201],[0.3710211,51.462648]]}},
{"type":"Feature","properties":{"id":8414,"nach":0.59320932338371668},"geometry":{"type":"LineString","coordinates":[[0.372815,51.4629634],[0.3723288,51.4628732],[0.371931,51.4628047],[0.3710211,51.462648]]}},
{"type":"Feature","properties":{"id":51816,"nach":0.46517368874115789},"geometry":{"type":"LineString","coordinates":[[0.3709718,51.4627616],[0.3709339,51.4627553],[0.3702373,51.4626385],[0.3692997,51.4624644],[0.3692252,51.4624589]]}},
{"type":"Feature","properties":{"id":51820,"nach":0.42484282966653275},"geometry":{"type":"LineString","coordinates":[[0.3734698,51.4632023],[0.3734206,51.463193600000011],[0.3732459,51.4631628],[0.372572,51.4630396],[0.3719126,51.4629324],[0.3710302,51.462772200000011],[0.3709718,51.4627616]]}},
{"type":"Feature","properties":{"id":31661,"nach":0.51901708530149615},"geometry":{"type":"LineString","coordinates":[[0.3700285,51.4619311],[0.3705074,51.4624476],[0.370535,51.4625023],[0.3705236,51.4625548]]}},
{"type":"Feature","properties":{"id":8415,"nach":0.59464667704955687},"geometry":{"type":"LineString","coordinates":[[0.372815,51.4629634],[0.3731335,51.4630199],[0.3734519,51.4630764]]}},
{"type":"Feature","properties":{"id":8416,"nach":0.4903154337350305},"geometry":{"type":"LineString","coordinates":[[0.3731527,51.4622296],[0.372815,51.4629634]]}},
{"type":"Feature","properties":{"id":8361,"nach":0.43614878466829332},"geometry":{"type":"LineString","coordinates":[[0.3735591,51.4638298],[0.3735842,51.4640743]]}},
{"type":"Feature","properties":{"id":8362,"nach":0.56432573595214852},"geometry":{"type":"LineString","coordinates":[[0.3735591,51.4638298],[0.372274,51.4639032]]}},
{"type":"Feature","properties":{"id":51818,"nach":0.56877006799827812},"geometry":{"type":"LineString","coordinates":[[0.3734698,51.4632023],[0.3735591,51.4638298]]}},
{"type":"Feature","properties":{"id":51817,"nach":0.49143605548911923},"geometry":{"type":"LineString","coordinates":[[0.3734698,51.4632023],[0.3734519,51.4630764]]}},
{"type":"Feature","properties":{"id":8358,"nach":0.43184852626905901},"geometry":{"type":"LineString","coordinates":[[0.372274,51.4639032],[0.3722358,51.4636475]]}},
{"type":"Feature","properties":{"id":31660,"nach":0.44436697716854756},"geometry":{"type":"LineString","coordinates":[[0.3700285,51.4619311],[0.3697156,51.4615655]]}},
{"type":"Feature","properties":{"id":31663,"nach":0.42810668470536339},"geometry":{"type":"LineString","coordinates":[[0.3711597,51.4621537],[0.3711901,51.4620763],[0.3711852,51.4620241],[0.3711611,51.4619775],[0.3711249,51.4619436],[0.371076,51.4619188],[0.3706168,51.461769],[0.3705627,51.4617604],[0.3705025,51.4617618],[0.3704291,51.4617816],[0.3700285,51.4619311]]}},
{"type":"Feature","properties":{"id":17985,"nach":0.43586089698044372},"geometry":{"type":"LineString","coordinates":[[0.3718153,51.460938400000011],[0.3718389,51.4613752]]}},
{"type":"Feature","properties":{"id":34616,"nach":0.56913863772088558},"geometry":{"type":"LineString","coordinates":[[0.3723249,51.4613615],[0.3720142,51.4613699],[0.3718389,51.4613752]]}},
{"type":"Feature","properties":{"id":8418,"nach":0.44188170864421633},"geometry":{"type":"LineString","coordinates":[[0.3731527,51.4622296],[0.3718926,51.4620127],[0.3718389,51.4613752]]}},
{"type":"Feature","properties":{"id":34615,"nach":0.54722613833199674},"geometry":{"type":"LineString","coordinates":[[0.3723249,51.4613615],[0.3727378,51.4613447],[0.3729575,51.461319],[0.3738023,51.4611363]]}},
{"type":"Feature","properties":{"id":34620,"nach":0.4998335934815335},"geometry":{"type":"LineString","coordinates":[[0.3722858,51.4609591],[0.3722865,51.4610134],[0.3723249,51.4613615]]}},
{"type":"Feature","properties":{"id":8417,"nach":0.43182368876084415},"geometry":{"type":"LineString","coordinates":[[0.3731527,51.4622296],[0.3733009,51.4619193]]}},
{"type":"Feature","properties":{"id":8375,"nach":0.53638786129105676},"geometry":{"type":"LineString","coordinates":[[0.3748856,51.461106],[0.3745829,51.4611082],[0.3742669,51.461109],[0.3739133,51.4611241],[0.3738023,51.4611363]]}},
{"type":"Feature","properties":{"id":8383,"nach":0.52979168071897076},"geometry":{"type":"LineString","coordinates":[[0.375589599999989,51.4611791],[0.3754287,51.461140699999987],[0.3752696,51.4611188],[0.3748856,51.461106]]}},
{"type":"Feature","properties":{"id":32117,"nach":0.40692158510905924},"geometry":{"type":"LineString","coordinates":[[0.3743152,51.4607255],[0.3748688,51.460908800000013],[0.3748856,51.461106]]}},
{"type":"Feature","properties":{"id":8410,"nach":0.52527968844071615},"geometry":{"type":"LineString","coordinates":[[0.3754629,51.461406200000013],[0.3755216,51.461284],[0.375589599999989,51.4611791]]}},
{"type":"Feature","properties":{"id":34396,"nach":0.49733827154973131},"geometry":{"type":"LineString","coordinates":[[0.3766782,51.461512500000012],[0.3761905,51.4613558],[0.375589599999989,51.4611791]]}},
{"type":"Feature","properties":{"id":34395,"nach":0.49118364891998156},"geometry":{"type":"LineString","coordinates":[[0.3766782,51.461512500000012],[0.3771281,51.461655100000016]]}},
{"type":"Feature","properties":{"id":34398,"nach":0.36928013872320564},"geometry":{"type":"LineString","coordinates":[[0.3763397,51.4629406],[0.3766986,51.462937599999989],[0.3766795,51.4626484],[0.3766246,51.4624514],[0.3766157,51.4618126],[0.3766379,51.461665600000011],[0.3766782,51.461512500000012]]}},
{"type":"Feature","properties":{"id":8411,"nach":0.39600648497515906},"geometry":{"type":"LineString","coordinates":[[0.3754629,51.461406200000013],[0.3751925,51.4613939],[0.3744088,51.4613703]]}},
{"type":"Feature","properties":{"id":39115,"nach":0.52211391586618905},"geometry":{"type":"LineString","coordinates":[[0.3753803,51.4616261],[0.3754629,51.461406200000013]]}},
{"type":"Feature","properties":{"id":39111,"nach":0.55908923924076415},"geometry":{"type":"LineString","coordinates":[[0.375261,51.4620595],[0.3752665,51.4620369]]}},
{"type":"Feature","properties":{"id":8405,"nach":0.53320818800184888},"geometry":{"type":"LineString","coordinates":[[0.3753074,51.4618758],[0.3752665,51.4620369]]}},
{"type":"Feature","properties":{"id":34387,"nach":0.50668370690437647},"geometry":{"type":"LineString","coordinates":[[0.375706,51.4620805],[0.3752665,51.4620369]]}},
{"type":"Feature","properties":{"id":39110,"nach":0.56670687351644911},"geometry":{"type":"LineString","coordinates":[[0.375261,51.4620595],[0.3752105,51.4623247]]}},
{"type":"Feature","properties":{"id":39113,"nach":0.39778048594302945},"geometry":{"type":"LineString","coordinates":[[0.3743127,51.4620215],[0.3744954,51.4620232],[0.3746946,51.462024],[0.3748301,51.462033100000014],[0.3749536,51.4620389],[0.3751622,51.462053],[0.375261,51.4620595]]}},
{"type":"Feature","properties":{"id":8407,"nach":0.39608033501869172},"geometry":{"type":"LineString","coordinates":[[0.3753074,51.4618758],[0.3747853,51.46182790000001],[0.3742479,51.46182850000001]]}},
{"type":"Feature","properties":{"id":39114,"nach":0.52294165837808237},"geometry":{"type":"LineString","coordinates":[[0.3753803,51.4616261],[0.3753074,51.4618758]]}},
{"type":"Feature","properties":{"id":34388,"nach":0.46809277152726791},"geometry":{"type":"LineString","coordinates":[[0.375706,51.4620805],[0.3761411,51.4621047]]}},
{"type":"Feature","properties":{"id":34390,"nach":0.39230122943260431},"geometry":{"type":"LineString","coordinates":[[0.3756148,51.46262560000001],[0.3756506,51.4624428],[0.375706,51.4620805]]}},
{"type":"Feature","properties":{"id":8391,"nach":0.38890632079066201},"geometry":{"type":"LineString","coordinates":[[0.3761411,51.4621047],[0.3761243,51.4616359]]}},
{"type":"Feature","properties":{"id":8393,"nach":0.38461968394024071},"geometry":{"type":"LineString","coordinates":[[0.3761691,51.4628058],[0.3761411,51.4621047]]}},
{"type":"Feature","properties":{"id":24490,"nach":0.37589850136462472},"geometry":{"type":"LineString","coordinates":[[0.3746181,51.4627317],[0.3751323,51.4627842]]}},
{"type":"Feature","properties":{"id":8401,"nach":0.57494576184612056},"geometry":{"type":"LineString","coordinates":[[0.3752105,51.4623247],[0.3751323,51.4627842]]}},
{"type":"Feature","properties":{"id":8403,"nach":0.40039506555427035},"geometry":{"type":"LineString","coordinates":[[0.3752105,51.4623247],[0.3747497,51.4622774],[0.374253,51.4622764]]}},
{"type":"Feature","properties":{"id":39117,"nach":0.39491803543545317},"geometry":{"type":"LineString","coordinates":[[0.3742603,51.4615746],[0.3748465,51.4615746],[0.3749584,51.4615794],[0.3750586,51.4615914],[0.3751685,51.4616106],[0.3752707,51.461619],[0.3753803,51.4616261]]}},
{"type":"Feature","properties":{"id":14362,"nach":0.37840868333808203},"geometry":{"type":"LineString","coordinates":[[0.3732875,51.4600553],[0.3739614,51.4602699],[0.3740369,51.460329200000011],[0.3741333,51.4606795]]}},
{"type":"Feature","properties":{"id":14364,"nach":0.45756856080338254},"geometry":{"type":"LineString","coordinates":[[0.3732875,51.4600553],[0.3731564,51.4602111],[0.3731173,51.4602664],[0.3731149,51.4603229],[0.3731627,51.4604767],[0.3732219,51.4605354]]}},
{"type":"Feature","properties":{"id":8423,"nach":0.37930880918313664},"geometry":{"type":"LineString","coordinates":[[0.3732219,51.4605354],[0.3732755,51.4605798],[0.3733613,51.4607902]]}},
{"type":"Feature","properties":{"id":8422,"nach":0.37930880918313664},"geometry":{"type":"LineString","coordinates":[[0.3732219,51.4605354],[0.3727826,51.4605943]]}},
{"type":"Feature","properties":{"id":8431,"nach":0.42075166986577128},"geometry":{"type":"LineString","coordinates":[[0.3722881,51.4603738],[0.3720084,51.460346300000012],[0.3717611,51.4602532]]}},
{"type":"Feature","properties":{"id":34624,"nach":0.4109473537952042},"geometry":{"type":"LineString","coordinates":[[0.3707026,51.459744],[0.3706626,51.459551],[0.3706272,51.4595001],[0.3705689,51.4594665],[0.3704943,51.4594455],[0.3704128,51.459434300000012],[0.3695099,51.4594266]]}},
{"type":"Feature","properties":{"id":8481,"nach":0.59085738631038476},"geometry":{"type":"LineString","coordinates":[[0.3676557,51.4593256],[0.3677646,51.4594264],[0.3678861,51.4595411]]}},
{"type":"Feature","properties":{"id":8441,"nach":0.52668968102241343},"geometry":{"type":"LineString","coordinates":[[0.3685104,51.459429400000012],[0.3682512,51.4594372],[0.3680429,51.4594735],[0.3678861,51.4595411]]}},
{"type":"Feature","properties":{"id":38126,"nach":0.54973779742816731},"geometry":{"type":"LineString","coordinates":[[0.3672954,51.4594766],[0.3672981,51.4594751],[0.3676557,51.4593256]]}},
{"type":"Feature","properties":{"id":8440,"nach":0.40601753534132123},"geometry":{"type":"LineString","coordinates":[[0.3685104,51.459429400000012],[0.3684858,51.4584433]]}},
{"type":"Feature","properties":{"id":34629,"nach":0.49545751216887335},"geometry":{"type":"LineString","coordinates":[[0.3689857,51.4594271],[0.3685104,51.459429400000012]]}},
{"type":"Feature","properties":{"id":34630,"nach":0.44466822678033024},"geometry":{"type":"LineString","coordinates":[[0.3689857,51.4594271],[0.3695099,51.4594266]]}},
{"type":"Feature","properties":{"id":34632,"nach":0.40329487574316825},"geometry":{"type":"LineString","coordinates":[[0.3689749,51.4586587],[0.3689857,51.4594271]]}},
{"type":"Feature","properties":{"id":8444,"nach":0.40029411720687208},"geometry":{"type":"LineString","coordinates":[[0.3695099,51.4594266],[0.3695158,51.4588283]]}},
{"type":"Feature","properties":{"id":21093,"nach":0.51689175451997516},"geometry":{"type":"LineString","coordinates":[[0.3635631,51.4607909],[0.3635363,51.4604217]]}},
{"type":"Feature","properties":{"id":32127,"nach":0.53591799218803216},"geometry":{"type":"LineString","coordinates":[[0.3641063,51.4603993],[0.3635363,51.4604217]]}},
{"type":"Feature","properties":{"id":8648,"nach":0.55389587959651043},"geometry":{"type":"LineString","coordinates":[[0.3626236,51.4604487],[0.3635363,51.4604217]]}},
{"type":"Feature","properties":{"id":36153,"nach":0.37987114454542864},"geometry":{"type":"LineString","coordinates":[[0.3624468,51.459047],[0.3624256,51.459016],[0.3620738,51.4587572]]}},
{"type":"Feature","properties":{"id":14346,"nach":0.49446665769235026},"geometry":{"type":"LineString","coordinates":[[0.3617172,51.4589465],[0.3618898,51.4588558],[0.3620738,51.4587572]]}},
{"type":"Feature","properties":{"id":45280,"nach":0.5647815694191759},"geometry":{"type":"LineString","coordinates":[[0.3645565,51.4611984],[0.3645634,51.461315]]}},
{"type":"Feature","properties":{"id":8450,"nach":0.64399251004987612},"geometry":{"type":"LineString","coordinates":[[0.3645634,51.461315],[0.3645634,51.4614434],[0.3644623,51.4615344],[0.3644253,51.4616268]]}},
{"type":"Feature","properties":{"id":45278,"nach":0.61447423247281019},"geometry":{"type":"LineString","coordinates":[[0.3647079,51.4612863],[0.3646406,51.4612883],[0.3645634,51.461315]]}},
{"type":"Feature","properties":{"id":45281,"nach":0.60193488602929568},"geometry":{"type":"LineString","coordinates":[[0.3645565,51.4611984],[0.3645495,51.4610685]]}},
{"type":"Feature","properties":{"id":45283,"nach":0.56561961924591309},"geometry":{"type":"LineString","coordinates":[[0.3645565,51.4611984],[0.3645991,51.4611972],[0.3646281,51.4612383],[0.3647075,51.4612508],[0.3647079,51.4612863]]}},
{"type":"Feature","properties":{"id":51843,"nach":0.45517585543398048},"geometry":{"type":"LineString","coordinates":[[0.364503,51.4611951],[0.3645565,51.4611984]]}},
{"type":"Feature","properties":{"id":8452,"nach":0.64284254059839729},"geometry":{"type":"LineString","coordinates":[[0.3644253,51.4616268],[0.3644535,51.4617035],[0.3645038,51.461764],[0.3645804,51.4618109],[0.364632,51.461881900000016]]}},
{"type":"Feature","properties":{"id":8453,"nach":0.63636507892196037},"geometry":{"type":"LineString","coordinates":[[0.364632,51.461881900000016],[0.3647143,51.461907299999986]]}},
{"type":"Feature","properties":{"id":51841,"nach":0.46157634135344683},"geometry":{"type":"LineString","coordinates":[[0.3647142,51.4618691],[0.3647143,51.461907299999986]]}},
{"type":"Feature","properties":{"id":51840,"nach":0.46094373560277047},"geometry":{"type":"LineString","coordinates":[[0.3647231,51.461976300000011],[0.3647143,51.461907299999986]]}},
{"type":"Feature","properties":{"id":8457,"nach":0.63283530567989033},"geometry":{"type":"LineString","coordinates":[[0.3647143,51.461907299999986],[0.3652284,51.461894399999984],[0.3659939,51.4618873]]}},
{"type":"Feature","properties":{"id":45284,"nach":0.60687735251421182},"geometry":{"type":"LineString","coordinates":[[0.366,51.4619903],[0.3659939,51.4618873]]}},
{"type":"Feature","properties":{"id":8459,"nach":0.57422018933674546},"geometry":{"type":"LineString","coordinates":[[0.3659939,51.4618873],[0.3660955,51.4618041]]}},
{"type":"Feature","properties":{"id":8460,"nach":0.60720279367215868},"geometry":{"type":"LineString","coordinates":[[0.3659939,51.4618873],[0.3662028,51.4618594]]}},
{"type":"Feature","properties":{"id":45285,"nach":0.59919719374899949},"geometry":{"type":"LineString","coordinates":[[0.366,51.4619903],[0.3660562,51.462847100000012]]}},
{"type":"Feature","properties":{"id":51839,"nach":0.4609965159402481},"geometry":{"type":"LineString","coordinates":[[0.3659502,51.4619931],[0.366,51.4619903]]}},
{"type":"Feature","properties":{"id":51832,"nach":0.43078477081053934},"geometry":{"type":"LineString","coordinates":[[0.3662162,51.4618907],[0.3661838,51.461977],[0.366052,51.461991],[0.366,51.4619903]]}},
{"type":"Feature","properties":{"id":51824,"nach":0.55817121241681167},"geometry":{"type":"LineString","coordinates":[[0.3660955,51.4618041],[0.3661576,51.4617193]]}},
{"type":"Feature","properties":{"id":51862,"nach":0.0},"geometry":{"type":"LineString","coordinates":[[0.3660846,51.46135910000001],[0.3660229,51.461374],[0.3660654,51.4614263],[0.3660777,51.46149590000001],[0.3660911,51.461652600000015],[0.3660464,51.4617974],[0.3660955,51.4618041]]}},
{"type":"Feature","properties":{"id":51835,"nach":0.47112608870265271},"geometry":{"type":"LineString","coordinates":[[0.3661771,51.4618106],[0.3661347,51.4618065],[0.3660955,51.4618041]]}},
{"type":"Feature","properties":{"id":51827,"nach":0.57616308965213825},"geometry":{"type":"LineString","coordinates":[[0.3662028,51.4618594],[0.3664035,51.4618347]]}},
{"type":"Feature","properties":{"id":51830,"nach":0.58449322776660617},"geometry":{"type":"LineString","coordinates":[[0.3662162,51.4618907],[0.3662028,51.4618594]]}},
{"type":"Feature","properties":{"id":51834,"nach":0.53701789508537168},"geometry":{"type":"LineString","coordinates":[[0.3661771,51.4618106],[0.3661924,51.4618384],[0.3662028,51.4618594]]}},
{"type":"Feature","properties":{"id":8461,"nach":0.6222261360630964},"geometry":{"type":"LineString","coordinates":[[0.3661576,51.4617193],[0.3661702,51.4616894],[0.366177,51.4616038],[0.3661598,51.4615022],[0.3661549,51.461442500000011]]}},
{"type":"Feature","properties":{"id":51836,"nach":0.59125998945443903},"geometry":{"type":"LineString","coordinates":[[0.3662313,51.4617817],[0.3661576,51.4617193]]}},
{"type":"Feature","properties":{"id":8462,"nach":0.56994902907508294},"geometry":{"type":"LineString","coordinates":[[0.3661549,51.461442500000011],[0.3662048,51.4613705]]}},
{"type":"Feature","properties":{"id":8463,"nach":0.57928535556881977},"geometry":{"type":"LineString","coordinates":[[0.3661549,51.461442500000011],[0.3660846,51.46135910000001]]}},
{"type":"Feature","properties":{"id":51847,"nach":0.0},"geometry":{"type":"LineString","coordinates":[[0.3662048,51.4613705],[0.3662587,51.4613866],[0.3662822,51.4615426],[0.3662855,51.4616651],[0.3662732,51.4617257],[0.3662598,51.4617619],[0.3662313,51.4617817]]}},
{"type":"Feature","properties":{"id":51851,"nach":0.51123270089874717},"geometry":{"type":"LineString","coordinates":[[0.3661604,51.461358],[0.3662048,51.4613705]]}},
{"type":"Feature","properties":{"id":51861,"nach":0.49841892465537219},"geometry":{"type":"LineString","coordinates":[[0.3660846,51.46135910000001],[0.3661168,51.4613532]]}},
{"type":"Feature","properties":{"id":51863,"nach":0.58947602042419678},"geometry":{"type":"LineString","coordinates":[[0.3660846,51.46135910000001],[0.3660568,51.461315],[0.3660171,51.4612914]]}},
{"type":"Feature","properties":{"id":32129,"nach":0.51383315333167767},"geometry":{"type":"LineString","coordinates":[[0.3643125,51.4593013],[0.3642973,51.4592348]]}},
{"type":"Feature","properties":{"id":8473,"nach":0.27969334795537676},"geometry":{"type":"LineString","coordinates":[[0.3658594,51.4606787],[0.3657478,51.459315],[0.3656963,51.4592508],[0.3656019,51.4592027],[0.3642973,51.4592348]]}},
{"type":"Feature","properties":{"id":32130,"nach":0.51288934335899716},"geometry":{"type":"LineString","coordinates":[[0.3643125,51.4593013],[0.3645033,51.4601332],[0.364511,51.4603834]]}},
{"type":"Feature","properties":{"id":32131,"nach":0.40209083713594213},"geometry":{"type":"LineString","coordinates":[[0.3643125,51.4593013],[0.3640773,51.4593061],[0.3639437,51.459311],[0.3639004,51.4593477],[0.3639004,51.4594041],[0.3639515,51.4596417],[0.364042,51.4600238],[0.3640931,51.4602712],[0.3641063,51.4603993]]}},
{"type":"Feature","properties":{"id":8470,"nach":0.55057824246914633},"geometry":{"type":"LineString","coordinates":[[0.3658594,51.4606787],[0.3659216,51.4612516]]}},
{"type":"Feature","properties":{"id":8474,"nach":0.4414032107879281},"geometry":{"type":"LineString","coordinates":[[0.3664774,51.460662600000013],[0.3658594,51.4606787]]}},
{"type":"Feature","properties":{"id":30475,"nach":0.51248310841363398},"geometry":{"type":"LineString","coordinates":[[0.3651234,51.4607242],[0.3658594,51.4606787]]}},
{"type":"Feature","properties":{"id":8467,"nach":0.64187367101451753},"geometry":{"type":"LineString","coordinates":[[0.3659216,51.4612516],[0.3652709,51.461269499999986]]}},
{"type":"Feature","properties":{"id":51844,"nach":0.643020788318727},"geometry":{"type":"LineString","coordinates":[[0.3660171,51.4612914],[0.3659841,51.4612719],[0.3659216,51.4612516]]}},
{"type":"Feature","properties":{"id":34289,"nach":0.45142908799667458},"geometry":{"type":"LineString","coordinates":[[0.3652709,51.461269499999986],[0.3652873,51.4616088]]}},
{"type":"Feature","properties":{"id":34290,"nach":0.64178600039055156},"geometry":{"type":"LineString","coordinates":[[0.3652709,51.461269499999986],[0.3648903,51.4612808],[0.3647079,51.4612863]]}},
{"type":"Feature","properties":{"id":30476,"nach":0.43942793747065734},"geometry":{"type":"LineString","coordinates":[[0.3651234,51.4607242],[0.3650586,51.4607309]]}},
{"type":"Feature","properties":{"id":30478,"nach":0.42319282428362825},"geometry":{"type":"LineString","coordinates":[[0.3650269,51.4596691],[0.3650891,51.4602358],[0.3651234,51.4607242]]}},
{"type":"Feature","properties":{"id":8477,"nach":0.40162812000846648},"geometry":{"type":"LineString","coordinates":[[0.36737,51.4601278],[0.366898,51.4602455]]}},
{"type":"Feature","properties":{"id":8479,"nach":0.40162812000846648},"geometry":{"type":"LineString","coordinates":[[0.3678678,51.4599995],[0.36737,51.4601278]]}},
{"type":"Feature","properties":{"id":38122,"nach":0.4817302528005607},"geometry":{"type":"LineString","coordinates":[[0.3672069,51.459731399999988],[0.36737,51.4601278]]}},
{"type":"Feature","properties":{"id":38127,"nach":0.5223238867085217},"geometry":{"type":"LineString","coordinates":[[0.3672954,51.4594766],[0.3671912,51.459536],[0.3671555,51.4596038],[0.3671984,51.4597107],[0.3672069,51.459731399999988]]}},
{"type":"Feature","properties":{"id":38125,"nach":0.40905540774577637},"geometry":{"type":"LineString","coordinates":[[0.3667615,51.459509],[0.366772,51.4595796],[0.3667915,51.4596863],[0.3668045,51.459704],[0.366818,51.4597172],[0.3668525,51.4597398],[0.3668779,51.4597528],[0.3669008,51.45976120000001],[0.3669286,51.459763],[0.3672069,51.459731399999988]]}},
{"type":"Feature","properties":{"id":44033,"nach":0.41548041439561539},"geometry":{"type":"LineString","coordinates":[[0.3667099,51.4592648],[0.3669652,51.4592179],[0.3670193,51.4592233],[0.3672954,51.4594766]]}},
{"type":"Feature","properties":{"id":33660,"nach":0.57740989481343419},"geometry":{"type":"LineString","coordinates":[[0.3660989,51.4635578],[0.3661021,51.4636051]]}},
{"type":"Feature","properties":{"id":8489,"nach":0.44620821456737092},"geometry":{"type":"LineString","coordinates":[[0.367612,51.4627833],[0.3677546,51.4627786]]}},
{"type":"Feature","properties":{"id":8493,"nach":0.52697756134664842},"geometry":{"type":"LineString","coordinates":[[0.3660562,51.462847100000012],[0.367612,51.4627833]]}},
{"type":"Feature","properties":{"id":33659,"nach":0.5893776181074204},"geometry":{"type":"LineString","coordinates":[[0.3660989,51.4635578],[0.3660562,51.462847100000012]]}},
{"type":"Feature","properties":{"id":33664,"nach":0.48874737389924439},"geometry":{"type":"LineString","coordinates":[[0.3668827,51.4635335],[0.3665919,51.4635461],[0.3660989,51.4635578]]}},
{"type":"Feature","properties":{"id":34266,"nach":0.58001936902554918},"geometry":{"type":"LineString","coordinates":[[0.3615197,51.4651846],[0.3614377,51.4649734]]}},
{"type":"Feature","properties":{"id":8523,"nach":0.58031205646843298},"geometry":{"type":"LineString","coordinates":[[0.3611515,51.464844],[0.3611668,51.4648811],[0.361204,51.4649207],[0.3612675,51.464954900000016],[0.3613538,51.4649743],[0.3614377,51.4649734]]}},
{"type":"Feature","properties":{"id":34268,"nach":0.55998349240315803},"geometry":{"type":"LineString","coordinates":[[0.3615197,51.4651846],[0.3617224,51.4662346],[0.3617333,51.4662871]]}},
{"type":"Feature","properties":{"id":34269,"nach":0.45549901741155358},"geometry":{"type":"LineString","coordinates":[[0.3620955,51.465125900000018],[0.3615197,51.4651846]]}},
{"type":"Feature","properties":{"id":8499,"nach":0.62253700557062153},"geometry":{"type":"LineString","coordinates":[[0.3613104,51.46468380000001],[0.3612476,51.4647047],[0.3611899,51.4647426],[0.361169,51.4647668],[0.3611501,51.4648177],[0.3611515,51.464844]]}},
{"type":"Feature","properties":{"id":8508,"nach":0.60961360544836241},"geometry":{"type":"LineString","coordinates":[[0.3611645,51.4641224],[0.361216,51.4645021],[0.3613104,51.46468380000001]]}},
{"type":"Feature","properties":{"id":8548,"nach":0.63306422360525538},"geometry":{"type":"LineString","coordinates":[[0.360598,51.4649138],[0.3611515,51.464844]]}},
{"type":"Feature","properties":{"id":11189,"nach":0.58517308973534099},"geometry":{"type":"LineString","coordinates":[[0.3610682,51.46279890000001],[0.3611645,51.4641224]]}},
{"type":"Feature","properties":{"id":34285,"nach":0.57096030304774237},"geometry":{"type":"LineString","coordinates":[[0.3615459,51.464110400000017],[0.3611645,51.4641224]]}},
{"type":"Feature","properties":{"id":39315,"nach":0.48653169793207468},"geometry":{"type":"LineString","coordinates":[[0.36101,51.4617991],[0.3610027,51.4617377]]}},
{"type":"Feature","properties":{"id":46448,"nach":0.58127244172923132},"geometry":{"type":"LineString","coordinates":[[0.3613619,51.461729],[0.3610027,51.4617377]]}},
{"type":"Feature","properties":{"id":8621,"nach":0.59586385386430896},"geometry":{"type":"LineString","coordinates":[[0.3599859,51.461775],[0.3610027,51.4617377]]}},
{"type":"Feature","properties":{"id":39314,"nach":0.60586548101801763},"geometry":{"type":"LineString","coordinates":[[0.36101,51.4617991],[0.361033,51.4620971]]}},
{"type":"Feature","properties":{"id":46444,"nach":0.64792683614804725},"geometry":{"type":"LineString","coordinates":[[0.3613617,51.4617883],[0.36101,51.4617991]]}},
{"type":"Feature","properties":{"id":39321,"nach":0.63688635296540907},"geometry":{"type":"LineString","coordinates":[[0.359681,51.461844],[0.3601818,51.4618277],[0.36101,51.4617991]]}},
{"type":"Feature","properties":{"id":46447,"nach":0.61789471590939393},"geometry":{"type":"LineString","coordinates":[[0.3613619,51.461729],[0.3618418,51.4617106]]}},
{"type":"Feature","properties":{"id":46449,"nach":0.55740241727631357},"geometry":{"type":"LineString","coordinates":[[0.3613619,51.461729],[0.3613617,51.4617883]]}},
{"type":"Feature","properties":{"id":46454,"nach":0.0},"geometry":{"type":"LineString","coordinates":[[0.3620478,51.4616358],[0.3619142,51.4616212],[0.3613642,51.4616393],[0.3613619,51.461729]]}},
{"type":"Feature","properties":{"id":13031,"nach":0.59394091014552408},"geometry":{"type":"LineString","coordinates":[[0.3596768,51.4617855],[0.3599859,51.461775]]}},
{"type":"Feature","properties":{"id":28854,"nach":0.51200109406068661},"geometry":{"type":"LineString","coordinates":[[0.3599541,51.4613228],[0.3599804,51.461718400000017],[0.3599859,51.461775]]}},
{"type":"Feature","properties":{"id":32427,"nach":0.55222835561221451},"geometry":{"type":"LineString","coordinates":[[0.361033,51.4620971],[0.3610682,51.46279890000001]]}},
{"type":"Feature","properties":{"id":34274,"nach":0.52841602786804476},"geometry":{"type":"LineString","coordinates":[[0.3606057,51.4627499],[0.3607503,51.462783],[0.3608949,51.46279830000001],[0.3610682,51.46279890000001]]}},
{"type":"Feature","properties":{"id":34286,"nach":0.56883813412706019},"geometry":{"type":"LineString","coordinates":[[0.3615459,51.464110400000017],[0.3620142,51.4640957]]}},
{"type":"Feature","properties":{"id":34287,"nach":0.36826235634823806},"geometry":{"type":"LineString","coordinates":[[0.3615459,51.464110400000017],[0.3614768,51.4632055]]}},
{"type":"Feature","properties":{"id":39305,"nach":0.37455851724185812},"geometry":{"type":"LineString","coordinates":[[0.3627186,51.461744400000022],[0.3627125,51.4616829]]}},
{"type":"Feature","properties":{"id":36143,"nach":0.62034098988490161},"geometry":{"type":"LineString","coordinates":[[0.3632912,51.461663],[0.3627125,51.4616829]]}},
{"type":"Feature","properties":{"id":40167,"nach":0.61936524418933914},"geometry":{"type":"LineString","coordinates":[[0.3623366,51.461697],[0.3627125,51.4616829]]}},
{"type":"Feature","properties":{"id":39304,"nach":0.60010520696724823},"geometry":{"type":"LineString","coordinates":[[0.3627186,51.461744400000022],[0.3627399,51.462020900000013]]}},
{"type":"Feature","properties":{"id":39307,"nach":0.64232390748556212},"geometry":{"type":"LineString","coordinates":[[0.3627186,51.461744400000022],[0.362838,51.4617384],[0.3633016,51.461718]]}},
{"type":"Feature","properties":{"id":39310,"nach":0.6079372884034937},"geometry":{"type":"LineString","coordinates":[[0.3623425,51.4617582],[0.3626256,51.46175],[0.3627186,51.461744400000022]]}},
{"type":"Feature","properties":{"id":36144,"nach":0.49582432417557176},"geometry":{"type":"LineString","coordinates":[[0.3632912,51.461663],[0.363286,51.461577300000016]]}},
{"type":"Feature","properties":{"id":39300,"nach":0.61546600868283607},"geometry":{"type":"LineString","coordinates":[[0.3634375,51.461660400000014],[0.3634051,51.461660899999984],[0.3632912,51.461663]]}},
{"type":"Feature","properties":{"id":40168,"nach":0.62703241739783389},"geometry":{"type":"LineString","coordinates":[[0.3623366,51.461697],[0.3620517,51.461704]]}},
{"type":"Feature","properties":{"id":40169,"nach":0.46666808537496979},"geometry":{"type":"LineString","coordinates":[[0.3623366,51.461697],[0.3623425,51.4617582]]}},
{"type":"Feature","properties":{"id":46453,"nach":0.0},"geometry":{"type":"LineString","coordinates":[[0.3620478,51.4616358],[0.3623322,51.461627],[0.3623366,51.461697]]}},
{"type":"Feature","properties":{"id":33744,"nach":0.55441916453958517},"geometry":{"type":"LineString","coordinates":[[0.3624906,51.4640842],[0.3628983,51.4640743]]}},
{"type":"Feature","properties":{"id":34297,"nach":0.44819589814497185},"geometry":{"type":"LineString","coordinates":[[0.3627575,51.462371],[0.3628983,51.4640743]]}},
{"type":"Feature","properties":{"id":33743,"nach":0.54346351695020523},"geometry":{"type":"LineString","coordinates":[[0.3624906,51.4640842],[0.3620142,51.4640957]]}},
{"type":"Feature","properties":{"id":33745,"nach":0.41359998966153655},"geometry":{"type":"LineString","coordinates":[[0.3624906,51.4640842],[0.3624512,51.4635939],[0.3624158,51.4631903],[0.3623574,51.462546],[0.3623139,51.4620354]]}},
{"type":"Feature","properties":{"id":35606,"nach":0.52059261201188178},"geometry":{"type":"LineString","coordinates":[[0.3627425,51.462073399999987],[0.3627575,51.462371]]}},
{"type":"Feature","properties":{"id":34280,"nach":0.53636085057116734},"geometry":{"type":"LineString","coordinates":[[0.3619546,51.4632022],[0.3620142,51.4640957]]}},
{"type":"Feature","properties":{"id":8520,"nach":0.41213115531964661},"geometry":{"type":"LineString","coordinates":[[0.3608383,51.4656999],[0.3609327,51.4661597]]}},
{"type":"Feature","properties":{"id":8519,"nach":0.41213115531964661},"geometry":{"type":"LineString","coordinates":[[0.3608383,51.4656999],[0.3607611,51.4652133]]}},
{"type":"Feature","properties":{"id":32106,"nach":0.49348942814214625},"geometry":{"type":"LineString","coordinates":[[0.3603754,51.4657065],[0.3608383,51.4656999]]}},
{"type":"Feature","properties":{"id":32107,"nach":0.54852573720381992},"geometry":{"type":"LineString","coordinates":[[0.3603754,51.4657065],[0.3602218,51.4657087],[0.3600916,51.4657106],[0.3600058,51.4656678],[0.3599941,51.4656386]]}},
{"type":"Feature","properties":{"id":32109,"nach":0.47797775049473068},"geometry":{"type":"LineString","coordinates":[[0.360541,51.4660225],[0.3604782,51.465902700000015],[0.3603754,51.4657065]]}},
{"type":"Feature","properties":{"id":30095,"nach":0.59378895783363361},"geometry":{"type":"LineString","coordinates":[[0.3601321,51.4649925],[0.360598,51.4649138]]}},
{"type":"Feature","properties":{"id":11204,"nach":0.62403449830665858},"geometry":{"type":"LineString","coordinates":[[0.3598887,51.4642536],[0.360289,51.464416500000013],[0.3604263,51.4645235],[0.360598,51.4649138]]}},
{"type":"Feature","properties":{"id":11186,"nach":0.59316343965858054},"geometry":{"type":"LineString","coordinates":[[0.357985,51.4618817],[0.3565808,51.462079]]}},
{"type":"Feature","properties":{"id":39326,"nach":0.57440289933476185},"geometry":{"type":"LineString","coordinates":[[0.3565943,51.4621396],[0.3565808,51.462079]]}},
{"type":"Feature","properties":{"id":11188,"nach":0.57416368592129075},"geometry":{"type":"LineString","coordinates":[[0.357985,51.4618817],[0.3583895,51.4618307],[0.3590976,51.461802500000012]]}},
{"type":"Feature","properties":{"id":39322,"nach":0.49686916653764579},"geometry":{"type":"LineString","coordinates":[[0.3580135,51.4619478],[0.357985,51.4618817]]}},
{"type":"Feature","properties":{"id":39327,"nach":0.66641758733301182},"geometry":{"type":"LineString","coordinates":[[0.3565943,51.4621396],[0.3566766,51.4625075],[0.3566812,51.4626033]]}},
{"type":"Feature","properties":{"id":39329,"nach":0.651747668093411},"geometry":{"type":"LineString","coordinates":[[0.3565943,51.4621396],[0.3567328,51.4621188],[0.3569452,51.4620868],[0.3575212,51.4620102],[0.3580135,51.4619478]]}},
{"type":"Feature","properties":{"id":46443,"nach":0.6402954354111049},"geometry":{"type":"LineString","coordinates":[[0.3561062,51.46220670000001],[0.3565019,51.4621523],[0.3565943,51.4621396]]}},
{"type":"Feature","properties":{"id":28324,"nach":0.61336169866600154},"geometry":{"type":"LineString","coordinates":[[0.3577209,51.4637051],[0.3573364,51.4636519],[0.3571047,51.4636572],[0.3569073,51.4636893],[0.3568043,51.4637535],[0.3567099,51.4638604],[0.356461,51.4642347],[0.3563751,51.4642882],[0.3562721,51.4643203]]}},
{"type":"Feature","properties":{"id":30442,"nach":0.65577378898587568},"geometry":{"type":"LineString","coordinates":[[0.3577924,51.463715],[0.3577209,51.4637051]]}},
{"type":"Feature","properties":{"id":34148,"nach":0.6290096746785836},"geometry":{"type":"LineString","coordinates":[[0.3577503,51.464064400000012],[0.3577209,51.4637051]]}},
{"type":"Feature","properties":{"id":30441,"nach":0.60703911400483246},"geometry":{"type":"LineString","coordinates":[[0.3577924,51.463715],[0.3578772,51.4637267]]}},
{"type":"Feature","properties":{"id":30444,"nach":0.5728956458281016},"geometry":{"type":"LineString","coordinates":[[0.3578392,51.4635923],[0.3578772,51.4637267]]}},
{"type":"Feature","properties":{"id":32115,"nach":0.63584141671854677},"geometry":{"type":"LineString","coordinates":[[0.3588274,51.4639158],[0.358744,51.463892500000014],[0.3578772,51.4637267]]}},
{"type":"Feature","properties":{"id":30445,"nach":0.60336958320688105},"geometry":{"type":"LineString","coordinates":[[0.3578392,51.4635923],[0.3577924,51.463715]]}},
{"type":"Feature","properties":{"id":30446,"nach":0.63310257281239124},"geometry":{"type":"LineString","coordinates":[[0.3578392,51.4635923],[0.3577443,51.4632569],[0.3578548,51.463058]]}},
{"type":"Feature","properties":{"id":30448,"nach":0.46980620098999193},"geometry":{"type":"LineString","coordinates":[[0.3578552,51.4633629],[0.3578743,51.4634046],[0.3578727,51.463482],[0.3578392,51.4635923]]}},
{"type":"Feature","properties":{"id":32114,"nach":0.63074596782085468},"geometry":{"type":"LineString","coordinates":[[0.3588274,51.4639158],[0.3595078,51.46410620000001]]}},
{"type":"Feature","properties":{"id":32116,"nach":0.46228176902949264},"geometry":{"type":"LineString","coordinates":[[0.3588274,51.4639158],[0.358779,51.4640049],[0.3587676,51.4640237],[0.3587409,51.46404780000001],[0.3586161,51.4641201]]}},
{"type":"Feature","properties":{"id":30097,"nach":0.57135477417241376},"geometry":{"type":"LineString","coordinates":[[0.3601321,51.4649925],[0.3600916,51.4649994],[0.3600143,51.4650154],[0.35998,51.46507960000001],[0.35998,51.4656036],[0.3599941,51.4656386]]}},
{"type":"Feature","properties":{"id":30098,"nach":0.44588924899416699},"geometry":{"type":"LineString","coordinates":[[0.3600829,51.4644781],[0.3601321,51.4649925]]}},
{"type":"Feature","properties":{"id":11206,"nach":0.4470119324831025},"geometry":{"type":"LineString","coordinates":[[0.3598887,51.4642536],[0.3599574,51.464168],[0.3601548,51.46387390000001],[0.3601548,51.463505]]}},
{"type":"Feature","properties":{"id":29620,"nach":0.62550831817655428},"geometry":{"type":"LineString","coordinates":[[0.3595078,51.46410620000001],[0.3595852,51.4641278],[0.3598887,51.4642536]]}},
{"type":"Feature","properties":{"id":31749,"nach":0.54905040605993305},"geometry":{"type":"LineString","coordinates":[[0.3629839,51.466172600000014],[0.3617333,51.4662871]]}},
{"type":"Feature","properties":{"id":31751,"nach":0.45440814434488375},"geometry":{"type":"LineString","coordinates":[[0.3629839,51.466172600000014],[0.3630446,51.4664278]]}},
{"type":"Feature","properties":{"id":24453,"nach":0.42510971849397383},"geometry":{"type":"LineString","coordinates":[[0.3638809,51.4665789],[0.3640609,51.4665601],[0.367719,51.4663887],[0.3676133,51.4658467],[0.3680198,51.4658214],[0.3687218,51.4657978],[0.3689354,51.4657909]]}},
{"type":"Feature","properties":{"id":31745,"nach":0.5103690753904141},"geometry":{"type":"LineString","coordinates":[[0.3617831,51.466548],[0.3617481,51.4663629],[0.3617333,51.4662871]]}},
{"type":"Feature","properties":{"id":31746,"nach":0.42925419225109734},"geometry":{"type":"LineString","coordinates":[[0.3617831,51.466548],[0.3617971,51.466843],[0.3618099,51.466876600000013],[0.3618508,51.466913700000013],[0.361878,51.4669413],[0.3618925,51.4669668],[0.3620589,51.4676592]]}},
{"type":"Feature","properties":{"id":31747,"nach":0.42818662173121652},"geometry":{"type":"LineString","coordinates":[[0.3617831,51.466548],[0.36205,51.4665251],[0.3621037,51.4665226],[0.362144,51.4665264],[0.3621877,51.4665351],[0.3622223,51.4665458],[0.362253,51.4665646],[0.3622751,51.4665987],[0.3623079,51.4667489]]}},
{"type":"Feature","properties":{"id":28651,"nach":0.46212140224497922},"geometry":{"type":"LineString","coordinates":[[0.3569922,51.4643635],[0.3570316,51.4647697],[0.3572868,51.46480110000001]]}},
{"type":"Feature","properties":{"id":28663,"nach":0.4645081202955903},"geometry":{"type":"LineString","coordinates":[[0.3580554,51.4649471],[0.3576716,51.4649592],[0.3575391,51.4650297],[0.3572903,51.465030300000016]]}},
{"type":"Feature","properties":{"id":46418,"nach":0.0},"geometry":{"type":"LineString","coordinates":[[0.3543179,51.4624826],[0.3541024,51.462599200000014],[0.3539508,51.4626845],[0.3538452,51.462735600000016],[0.3532237,51.4630862],[0.3525154,51.4634587],[0.3515088,51.4640008],[0.3514737,51.464015],[0.3515267,51.4640459]]}},
{"type":"Feature","properties":{"id":34145,"nach":0.62434567025634735},"geometry":{"type":"LineString","coordinates":[[0.3552454,51.4639129],[0.3556209,51.4637214],[0.3559041,51.4635931],[0.3561015,51.4635075],[0.3561426,51.463461100000011]]}},
{"type":"Feature","properties":{"id":35596,"nach":0.64115581230393093},"geometry":{"type":"LineString","coordinates":[[0.3547565,51.46329260000001],[0.3547528,51.4631643],[0.3547421,51.4629386],[0.3547321,51.462907100000017],[0.354722,51.4628757]]}},
{"type":"Feature","properties":{"id":39331,"nach":0.0},"geometry":{"type":"LineString","coordinates":[[0.3555168,51.4622964],[0.3556155,51.4625708],[0.3555701,51.4626413],[0.3555814,51.463188100000011],[0.3555616,51.4632515],[0.3554922,51.4632934],[0.3547565,51.46329260000001]]}},
{"type":"Feature","properties":{"id":12014,"nach":0.47030422166604513},"geometry":{"type":"LineString","coordinates":[[0.3576939,51.4628067],[0.3578304,51.4628332]]}},
{"type":"Feature","properties":{"id":28014,"nach":0.64049243403166367},"geometry":{"type":"LineString","coordinates":[[0.3572857,51.46272470000001],[0.3576939,51.4628067]]}},
{"type":"Feature","properties":{"id":12018,"nach":0.63347785390842948},"geometry":{"type":"LineString","coordinates":[[0.3578548,51.463058],[0.3576382,51.4629961],[0.3576939,51.4628067]]}},
{"type":"Feature","properties":{"id":28013,"nach":0.64810300294915257},"geometry":{"type":"LineString","coordinates":[[0.3572857,51.46272470000001],[0.3566812,51.4626033]]}},
{"type":"Feature","properties":{"id":33543,"nach":0.62297199142669568},"geometry":{"type":"LineString","coordinates":[[0.3565858,51.4627927],[0.3566812,51.4626033]]}},
{"type":"Feature","properties":{"id":28016,"nach":0.46270669742403409},"geometry":{"type":"LineString","coordinates":[[0.3568742,51.4634524],[0.3572857,51.46272470000001]]}},
{"type":"Feature","properties":{"id":33544,"nach":0.6182710724431757},"geometry":{"type":"LineString","coordinates":[[0.3565858,51.4627927],[0.356532,51.4628995],[0.3562389,51.4633524],[0.3561426,51.463461100000011]]}},
{"type":"Feature","properties":{"id":33548,"nach":0.5557080338173731},"geometry":{"type":"LineString","coordinates":[[0.3560598,51.4626751],[0.3564503,51.462754500000017],[0.3565858,51.4627927]]}},
{"type":"Feature","properties":{"id":35601,"nach":0.57105101965132843},"geometry":{"type":"LineString","coordinates":[[0.3586201,51.4606062],[0.3584197,51.4607178]]}},
{"type":"Feature","properties":{"id":8613,"nach":0.48895263673158673},"geometry":{"type":"LineString","coordinates":[[0.3590976,51.461802500000012],[0.3590954,51.4617465],[0.3590386,51.4612082],[0.3590108,51.461148799999989],[0.3584197,51.4607178]]}},
{"type":"Feature","properties":{"id":30454,"nach":0.57649415144458582},"geometry":{"type":"LineString","coordinates":[[0.3574715,51.4612257],[0.3580159,51.4609295],[0.3584197,51.4607178]]}},
{"type":"Feature","properties":{"id":35602,"nach":0.5640680735397644},"geometry":{"type":"LineString","coordinates":[[0.3586201,51.4606062],[0.3587401,51.460538600000014],[0.3590864,51.4603664]]}},
{"type":"Feature","properties":{"id":35604,"nach":0.4427883805232497},"geometry":{"type":"LineString","coordinates":[[0.3577401,51.46058630000001],[0.35799,51.460467800000018],[0.3583676,51.460466200000013],[0.3584567,51.4604794],[0.3586201,51.4606062]]}},
{"type":"Feature","properties":{"id":40172,"nach":0.5884054094302682},"geometry":{"type":"LineString","coordinates":[[0.3593915,51.4617934],[0.3590976,51.461802500000012]]}},
{"type":"Feature","properties":{"id":40176,"nach":0.58148106517585474},"geometry":{"type":"LineString","coordinates":[[0.3560322,51.4620037],[0.3565193,51.4617465],[0.3572715,51.4613345],[0.3574715,51.4612257]]}},
{"type":"Feature","properties":{"id":30456,"nach":0.44816769150589397},"geometry":{"type":"LineString","coordinates":[[0.3575308,51.4607385],[0.3573211,51.4608461],[0.3572206,51.4608992],[0.3571878,51.4609318],[0.357179,51.460959],[0.3571812,51.4609863],[0.3572009,51.4610121],[0.3574715,51.4612257]]}},
{"type":"Feature","properties":{"id":40171,"nach":0.59172074314202638},"geometry":{"type":"LineString","coordinates":[[0.3593915,51.4617934],[0.3596768,51.4617855]]}},
{"type":"Feature","properties":{"id":49978,"nach":0.46592302037395578},"geometry":{"type":"LineString","coordinates":[[0.3593898,51.461738900000014],[0.3593915,51.4617934]]}},
{"type":"Feature","properties":{"id":49976,"nach":0.41696930115176623},"geometry":{"type":"LineString","coordinates":[[0.359398,51.4618543],[0.3593915,51.4617934]]}},
{"type":"Feature","properties":{"id":8615,"nach":0.44045026438576196},"geometry":{"type":"LineString","coordinates":[[0.3618418,51.4617106],[0.3618475,51.4617737]]}},
{"type":"Feature","properties":{"id":33747,"nach":0.62261413067474647},"geometry":{"type":"LineString","coordinates":[[0.3620517,51.461704],[0.3618418,51.4617106]]}},
{"type":"Feature","properties":{"id":39312,"nach":0.59926653573338484},"geometry":{"type":"LineString","coordinates":[[0.3618475,51.4617737],[0.3623425,51.4617582]]}},
{"type":"Feature","properties":{"id":39311,"nach":0.55684185349041648},"geometry":{"type":"LineString","coordinates":[[0.3618475,51.4617737],[0.3618778,51.4620512]]}},
{"type":"Feature","properties":{"id":46446,"nach":0.62520816843741378},"geometry":{"type":"LineString","coordinates":[[0.3613617,51.4617883],[0.361562,51.4617814],[0.3618475,51.4617737]]}},
{"type":"Feature","properties":{"id":46452,"nach":0.5907263873686609},"geometry":{"type":"LineString","coordinates":[[0.3620478,51.4616358],[0.3620517,51.461704]]}},
{"type":"Feature","properties":{"id":28856,"nach":0.52465179504985149},"geometry":{"type":"LineString","coordinates":[[0.3594608,51.4606336],[0.3590864,51.4603664]]}},
{"type":"Feature","properties":{"id":8625,"nach":0.5365815150293981},"geometry":{"type":"LineString","coordinates":[[0.3599202,51.4599087],[0.3594803,51.460147],[0.3590864,51.4603664]]}},
{"type":"Feature","properties":{"id":28858,"nach":0.51238734937389729},"geometry":{"type":"LineString","coordinates":[[0.3594608,51.4606336],[0.3598684,51.4609246],[0.3599457,51.4610209],[0.3599541,51.4613228]]}},
{"type":"Feature","properties":{"id":28863,"nach":0.474325126250004},"geometry":{"type":"LineString","coordinates":[[0.3599373,51.4603889],[0.3594608,51.4606336]]}},
{"type":"Feature","properties":{"id":28859,"nach":0.41723944319299022},"geometry":{"type":"LineString","coordinates":[[0.3603307,51.4601868],[0.3599202,51.4599087]]}},
{"type":"Feature","properties":{"id":8640,"nach":0.53703664002928675},"geometry":{"type":"LineString","coordinates":[[0.3612399,51.4591887],[0.3610683,51.4592863],[0.3602371,51.459731],[0.3599202,51.4599087]]}},
{"type":"Feature","properties":{"id":39319,"nach":0.534825360560376},"geometry":{"type":"LineString","coordinates":[[0.359681,51.461844],[0.3596768,51.4617855]]}},
{"type":"Feature","properties":{"id":28853,"nach":0.50060890449473217},"geometry":{"type":"LineString","coordinates":[[0.3599541,51.4613228],[0.3604915,51.4612978]]}},
{"type":"Feature","properties":{"id":28861,"nach":0.4288386653995564},"geometry":{"type":"LineString","coordinates":[[0.3603307,51.4601868],[0.360804,51.4605075],[0.3608726,51.4605236]]}},
{"type":"Feature","properties":{"id":28862,"nach":0.4928151089194725},"geometry":{"type":"LineString","coordinates":[[0.3599373,51.4603889],[0.3603307,51.4601868]]}},
{"type":"Feature","properties":{"id":14344,"nach":0.52539562336183643},"geometry":{"type":"LineString","coordinates":[[0.3617172,51.4589465],[0.3612399,51.4591887]]}},
{"type":"Feature","properties":{"id":8643,"nach":0.52634035844078286},"geometry":{"type":"LineString","coordinates":[[0.3615998,51.4594697],[0.3615582,51.4594203],[0.3612399,51.4591887]]}},
{"type":"Feature","properties":{"id":8649,"nach":0.56616688816149641},"geometry":{"type":"LineString","coordinates":[[0.3626236,51.4604487],[0.3617224,51.4604861]]}},
{"type":"Feature","properties":{"id":36148,"nach":0.55576789298983909},"geometry":{"type":"LineString","coordinates":[[0.3617005,51.4602133],[0.3617224,51.4604861]]}},
{"type":"Feature","properties":{"id":8636,"nach":0.37794582353983669},"geometry":{"type":"LineString","coordinates":[[0.3608726,51.4605236],[0.3609156,51.461058299999983],[0.36101,51.4611011],[0.3617138,51.4610797],[0.3617739,51.4610209],[0.3617224,51.4604861]]}},
{"type":"Feature","properties":{"id":33751,"nach":0.52490547390843334},"geometry":{"type":"LineString","coordinates":[[0.3620321,51.4613576],[0.3625566,51.4613337],[0.3626527,51.4612956],[0.3626236,51.4604487]]}},
{"type":"Feature","properties":{"id":36150,"nach":0.0},"geometry":{"type":"LineString","coordinates":[[0.3617005,51.4602133],[0.361031,51.4602368],[0.3609586,51.4602309],[0.3609093,51.4602107],[0.36079,51.4601228],[0.3607275,51.4600668],[0.3606901,51.4599872],[0.3607171,51.4599379],[0.3615998,51.4594697]]}},
{"type":"Feature","properties":{"id":36149,"nach":0.54945003730366082},"geometry":{"type":"LineString","coordinates":[[0.3617005,51.4602133],[0.3616943,51.4601476]]}},
{"type":"Feature","properties":{"id":21092,"nach":0.45646346884414501},"geometry":{"type":"LineString","coordinates":[[0.3634079,51.4607957],[0.3635631,51.4607909]]}},
{"type":"Feature","properties":{"id":32126,"nach":0.52425811295033131},"geometry":{"type":"LineString","coordinates":[[0.3641063,51.4603993],[0.364511,51.4603834]]}},
{"type":"Feature","properties":{"id":36155,"nach":0.46886016153513738},"geometry":{"type":"LineString","coordinates":[[0.3620567,51.4592417],[0.3615998,51.4594697]]}},
{"type":"Feature","properties":{"id":32871,"nach":0.53545800007580957},"geometry":{"type":"LineString","coordinates":[[0.3616943,51.4601476],[0.3616451,51.4595235],[0.3615998,51.4594697]]}},
{"type":"Feature","properties":{"id":36154,"nach":0.43636125345897014},"geometry":{"type":"LineString","coordinates":[[0.3620567,51.4592417],[0.3624468,51.459047]]}},
{"type":"Feature","properties":{"id":36158,"nach":0.2716189876663071},"geometry":{"type":"LineString","coordinates":[[0.3621302,51.4601348],[0.3620567,51.4592417]]}},
{"type":"Feature","properties":{"id":36157,"nach":0.42625226452962861},"geometry":{"type":"LineString","coordinates":[[0.3621302,51.4601348],[0.3616943,51.4601476]]}},
{"type":"Feature","properties":{"id":36159,"nach":0.0},"geometry":{"type":"LineString","coordinates":[[0.3621302,51.4601348],[0.3624794,51.4601245],[0.3625191,51.4601097],[0.3625462,51.4600852],[0.3624811,51.4590972],[0.3624468,51.459047]]}},
{"type":"Feature","properties":{"id":33750,"nach":0.52670565775445599},"geometry":{"type":"LineString","coordinates":[[0.3620321,51.4613576],[0.3612842,51.4613916],[0.3605692,51.4613807],[0.360509,51.4613369],[0.3604915,51.4612978]]}},
{"type":"Feature","properties":{"id":46451,"nach":0.58173248751085316},"geometry":{"type":"LineString","coordinates":[[0.3620478,51.4616358],[0.3620321,51.4613576]]}},
{"type":"Feature","properties":{"id":39335,"nach":0.45676780165484671},"geometry":{"type":"LineString","coordinates":[[0.3546792,51.462440500000014],[0.354669,51.4624124],[0.3546349,51.4623802]]}},
{"type":"Feature","properties":{"id":17988,"nach":0.56134822447689547},"geometry":{"type":"LineString","coordinates":[[0.3554929,51.46223],[0.3553859,51.46224320000001],[0.3548495,51.462318],[0.354706,51.4623528],[0.3546349,51.4623802]]}},
{"type":"Feature","properties":{"id":13030,"nach":0.56401310699200768},"geometry":{"type":"LineString","coordinates":[[0.3543628,51.462512600000011],[0.354504,51.462443400000012],[0.3546349,51.4623802]]}},
{"type":"Feature","properties":{"id":39334,"nach":0.65499017772311674},"geometry":{"type":"LineString","coordinates":[[0.3546792,51.462440500000014],[0.3547055,51.4624877],[0.354722,51.4628757]]}},
{"type":"Feature","properties":{"id":39337,"nach":0.66410085437835442},"geometry":{"type":"LineString","coordinates":[[0.3546792,51.462440500000014],[0.354726,51.462419800000013],[0.3548022,51.4623834],[0.3554669,51.4623025],[0.3555168,51.4622964]]}},
{"type":"Feature","properties":{"id":39340,"nach":0.66330983602226901},"geometry":{"type":"LineString","coordinates":[[0.3544326,51.4625613],[0.3546309,51.4624635],[0.3546792,51.462440500000014]]}},
{"type":"Feature","properties":{"id":39330,"nach":0.57575582117684554},"geometry":{"type":"LineString","coordinates":[[0.3555168,51.4622964],[0.3554929,51.46223]]}},
{"type":"Feature","properties":{"id":13496,"nach":0.60246272367588483},"geometry":{"type":"LineString","coordinates":[[0.353502,51.462993],[0.3543628,51.462512600000011]]}},
{"type":"Feature","properties":{"id":46416,"nach":0.67711461681972618},"geometry":{"type":"LineString","coordinates":[[0.3543179,51.4624826],[0.3543628,51.462512600000011]]}},
{"type":"Feature","properties":{"id":39338,"nach":0.6435998316154441},"geometry":{"type":"LineString","coordinates":[[0.3544326,51.4625613],[0.3543628,51.462512600000011]]}},
{"type":"Feature","properties":{"id":28195,"nach":0.53838228597719306},"geometry":{"type":"LineString","coordinates":[[0.3537565,51.4633676],[0.3539767,51.4633653],[0.3541619,51.46332670000001],[0.3542218,51.4632344],[0.3542229,51.4630941],[0.3546644,51.4628763],[0.354722,51.4628757]]}},
{"type":"Feature","properties":{"id":46442,"nach":0.64288042127340861},"geometry":{"type":"LineString","coordinates":[[0.3561062,51.46220670000001],[0.3559197,51.4622323],[0.355721,51.4622639]]}},
{"type":"Feature","properties":{"id":46439,"nach":0.48786164051511588},"geometry":{"type":"LineString","coordinates":[[0.3559003,51.4620275],[0.3559892,51.4619797],[0.3560322,51.4620037]]}},
{"type":"Feature","properties":{"id":39323,"nach":0.5496689607302726},"geometry":{"type":"LineString","coordinates":[[0.3580135,51.4619478],[0.3580862,51.4622376],[0.3581807,51.462269700000022],[0.3602663,51.4626815]]}},
{"type":"Feature","properties":{"id":49977,"nach":0.64048757444997606},"geometry":{"type":"LineString","coordinates":[[0.359398,51.4618543],[0.3591581,51.461863],[0.3585768,51.4618806],[0.3582742,51.4619093],[0.3580135,51.4619478]]}},
{"type":"Feature","properties":{"id":34283,"nach":0.49885508563388853},"geometry":{"type":"LineString","coordinates":[[0.3613742,51.4620878],[0.361033,51.4620971]]}},
{"type":"Feature","properties":{"id":34275,"nach":0.53571892924865772},"geometry":{"type":"LineString","coordinates":[[0.3606057,51.4627499],[0.3605833,51.4621079],[0.361033,51.4620971]]}},
{"type":"Feature","properties":{"id":34272,"nach":0.57416969389049255},"geometry":{"type":"LineString","coordinates":[[0.3606057,51.4627499],[0.3602663,51.4626815]]}},
{"type":"Feature","properties":{"id":34276,"nach":0.44422239161958532},"geometry":{"type":"LineString","coordinates":[[0.3606749,51.4638337],[0.3606057,51.4627499]]}},
{"type":"Feature","properties":{"id":11200,"nach":0.44114423991544965},"geometry":{"type":"LineString","coordinates":[[0.3597342,51.4637349],[0.3596999,51.4637991]]}},
{"type":"Feature","properties":{"id":11202,"nach":0.51873502307176067},"geometry":{"type":"LineString","coordinates":[[0.3597342,51.4637349],[0.3597771,51.4636654],[0.359923,51.4635959],[0.360129,51.463184100000014]]}},
{"type":"Feature","properties":{"id":11201,"nach":0.43855994164824486},"geometry":{"type":"LineString","coordinates":[[0.3597342,51.4637349],[0.3593565,51.4636654]]}},
{"type":"Feature","properties":{"id":33542,"nach":0.44763217818203987},"geometry":{"type":"LineString","coordinates":[[0.3596542,51.4630963],[0.360129,51.463184100000014]]}},
{"type":"Feature","properties":{"id":11198,"nach":0.55831350109915534},"geometry":{"type":"LineString","coordinates":[[0.3602663,51.4626815],[0.3600775,51.4630558],[0.360129,51.463184100000014]]}},
{"type":"Feature","properties":{"id":29622,"nach":0.52550640739426113},"geometry":{"type":"LineString","coordinates":[[0.3594373,51.4645203],[0.359446,51.4642815],[0.3595078,51.46410620000001]]}},
{"type":"Feature","properties":{"id":51923,"nach":0.50650562916448205},"geometry":{"type":"LineString","coordinates":[[0.3695869,51.4669269],[0.3695939,51.4669649],[0.3696039,51.4670358],[0.3696097,51.4670795],[0.3696307,51.4672111],[0.3696395,51.4672439],[0.3696465,51.4672759],[0.3696634,51.4673787],[0.3696687,51.467403],[0.3696716,51.4674328],[0.3696745,51.4674696],[0.3696768,51.4674921],[0.369685,51.4675423],[0.3696926,51.467578],[0.3696979,51.467618700000017],[0.3697049,51.4676561],[0.369713,51.4677009],[0.3697171,51.4677307],[0.3697253,51.4677865],[0.3697292,51.4678094],[0.3697355,51.4678495]]}},
{"type":"Feature","properties":{"id":12017,"nach":0.46660981060925782},"geometry":{"type":"LineString","coordinates":[[0.3578548,51.463058],[0.3581289,51.4631022]]}},
{"type":"Feature","properties":{"id":46417,"nach":0.67987071079384431},"geometry":{"type":"LineString","coordinates":[[0.3543179,51.4624826],[0.3542648,51.4624471],[0.3541596,51.4623765],[0.3540816,51.4624194]]}},
{"type":"Feature","properties":{"id":46435,"nach":0.50443259371984683},"geometry":{"type":"LineString","coordinates":[[0.3556795,51.4621442],[0.3554779,51.4621875],[0.355125,51.462232400000019],[0.3548297,51.4622713],[0.3545776,51.462355100000011],[0.354484,51.4624089],[0.3543179,51.4624826]]}},
{"type":"Feature","properties":{"id":39344,"nach":0.55460095016886035},"geometry":{"type":"LineString","coordinates":[[0.3535599,51.4630334],[0.3536009,51.4630097],[0.3536741,51.462971],[0.3544326,51.4625613]]}},
{"type":"Feature","properties":{"id":39318,"nach":0.45816560607679868},"geometry":{"type":"LineString","coordinates":[[0.359681,51.461844],[0.3597176,51.462221]]}},
{"type":"Feature","properties":{"id":49975,"nach":0.63718130442727228},"geometry":{"type":"LineString","coordinates":[[0.359398,51.4618543],[0.359681,51.461844]]}},
{"type":"Feature","properties":{"id":14442,"nach":0.45186960146402583},"geometry":{"type":"LineString","coordinates":[[0.3694824,51.4640404],[0.3703979,51.4640004]]}},
{"type":"Feature","properties":{"id":14499,"nach":0.55572737001610073},"geometry":{"type":"LineString","coordinates":[[0.3693616,51.4633302],[0.3693645,51.463346900000012],[0.3694075,51.46359180000001],[0.3694524,51.4638433],[0.369474,51.4640028],[0.3694824,51.4640404]]}},
{"type":"Feature","properties":{"id":14497,"nach":0.45331988079128732},"geometry":{"type":"LineString","coordinates":[[0.3693616,51.4633302],[0.3702434,51.4632678]]}},
{"type":"Feature","properties":{"id":14500,"nach":0.5806495359391961},"geometry":{"type":"LineString","coordinates":[[0.3693616,51.4633302],[0.369358,51.4633122],[0.3693213,51.4630599],[0.3692683,51.4627441],[0.3692252,51.4624589]]}},
{"type":"Feature","properties":{"id":23126,"nach":0.48235764010655802},"geometry":{"type":"LineString","coordinates":[[0.3539151,51.4623015],[0.3538779,51.4622753]]}},
{"type":"Feature","properties":{"id":23129,"nach":0.67294223446602919},"geometry":{"type":"LineString","coordinates":[[0.3540816,51.4624194],[0.3539151,51.4623015]]}},
{"type":"Feature","properties":{"id":46462,"nach":0.66680429273492436},"geometry":{"type":"LineString","coordinates":[[0.3538653,51.46225410000001],[0.3539001,51.4622775],[0.3537975,51.4623351],[0.3538196,51.4623506],[0.3539151,51.4623015]]}},
{"type":"Feature","properties":{"id":14431,"nach":0.48581301222140172},"geometry":{"type":"LineString","coordinates":[[0.3699789,51.4673416],[0.3701516,51.4683867]]}},
{"type":"Feature","properties":{"id":51920,"nach":0.43763620795568514},"geometry":{"type":"LineString","coordinates":[[0.3700757,51.468389400000014],[0.3701516,51.4683867]]}},
{"type":"Feature","properties":{"id":51927,"nach":0.42595993184115916},"geometry":{"type":"LineString","coordinates":[[0.3700623,51.468281],[0.3700681,51.4683183],[0.3700695,51.468327],[0.3700718,51.4683501],[0.3700757,51.468389400000014]]}},
{"type":"Feature","properties":{"id":24441,"nach":0.45688693021375676},"geometry":{"type":"LineString","coordinates":[[0.369359,51.4654938],[0.3693128,51.4654798],[0.3691959,51.465493599999988],[0.3691232,51.4655191],[0.3690594,51.4655525],[0.3690066,51.4655926],[0.3689667,51.4656382],[0.368941,51.46568760000001],[0.3689304,51.4657391],[0.3689354,51.4657909]]}},
{"type":"Feature","properties":{"id":24442,"nach":0.45761991595748014},"geometry":{"type":"LineString","coordinates":[[0.369359,51.4654938],[0.3693618,51.4655113],[0.3693638,51.4655267],[0.369364,51.46553620000001],[0.3693647,51.465550899999982],[0.3693665,51.465573],[0.3693682,51.4655849],[0.3693835,51.4656873],[0.3694244,51.4659278],[0.3694449,51.4660478]]}},
{"type":"Feature","properties":{"id":14539,"nach":0.42240524478251057},"geometry":{"type":"LineString","coordinates":[[0.3738115,51.4663736],[0.3739165,51.4654282]]}},
{"type":"Feature","properties":{"id":46432,"nach":0.64335894200136345},"geometry":{"type":"LineString","coordinates":[[0.355721,51.4622639],[0.3555705,51.4622879],[0.3555168,51.4622964]]}},
{"type":"Feature","properties":{"id":17996,"nach":0.48029257691495392},"geometry":{"type":"LineString","coordinates":[[0.3564225,51.4637602],[0.3564666,51.4635129],[0.3563548,51.4635001],[0.3561426,51.463461100000011]]}},
{"type":"Feature","properties":{"id":36147,"nach":0.44502122555110391},"geometry":{"type":"LineString","coordinates":[[0.363286,51.461577300000016],[0.3633159,51.461540700000015],[0.3633525,51.4615269],[0.3634057,51.4615231],[0.3633625,51.4608565],[0.3633645,51.4608311],[0.3633805,51.4608108],[0.3634079,51.4607957]]}},
{"type":"Feature","properties":{"id":23130,"nach":0.48694331553852771},"geometry":{"type":"LineString","coordinates":[[0.3540816,51.4624194],[0.3541111,51.4624403]]}},
{"type":"Feature","properties":{"id":24437,"nach":0.37717969407189078},"geometry":{"type":"LineString","coordinates":[[0.3694449,51.4660478],[0.3694228,51.4660486],[0.3693415,51.466035800000014],[0.3692428,51.466022],[0.3691513,51.4659952],[0.3690713,51.465956600000013],[0.3690067,51.4659081],[0.3689605,51.465852],[0.3689354,51.4657909]]}},
{"type":"Feature","properties":{"id":51926,"nach":0.43807268955875128},"geometry":{"type":"LineString","coordinates":[[0.3696828,51.4669489],[0.36968,51.466926],[0.3696794,51.4669239],[0.3696783,51.4669222],[0.3696758,51.4669211],[0.3696733,51.4669208],[0.3695869,51.4669269]]}},
{"type":"Feature","properties":{"id":24611,"nach":0.61374322397296521},"geometry":{"type":"LineString","coordinates":[[0.3679143,51.4620851],[0.3673056,51.4619824],[0.3664035,51.4618347]]}},
{"type":"Feature","properties":{"id":24610,"nach":0.55657774505632795},"geometry":{"type":"LineString","coordinates":[[0.3664035,51.4618347],[0.3662485,51.4617962],[0.3662313,51.4617817]]}},
{"type":"Feature","properties":{"id":51838,"nach":0.55093268138723794},"geometry":{"type":"LineString","coordinates":[[0.3662313,51.4617817],[0.3662024,51.4617962],[0.3661771,51.4618106]]}},
{"type":"Feature","properties":{"id":34150,"nach":0.61609289127932754},"geometry":{"type":"LineString","coordinates":[[0.3577503,51.464064400000012],[0.3577653,51.4642477],[0.3578298,51.4642743],[0.3580123,51.4642672],[0.3580831,51.4642968],[0.3581675,51.4647775]]}},
{"type":"Feature","properties":{"id":34149,"nach":0.46118800236318125},"geometry":{"type":"LineString","coordinates":[[0.3577503,51.464064400000012],[0.3571482,51.4640856]]}},
{"type":"Feature","properties":{"id":32216,"nach":0.56253852180556763},"geometry":{"type":"LineString","coordinates":[[0.3582733,51.46601660000001],[0.3582219,51.4655168],[0.3581953,51.4652585],[0.3581712,51.4648403],[0.3581675,51.4647775]]}},
{"type":"Feature","properties":{"id":28654,"nach":0.57515879928150471},"geometry":{"type":"LineString","coordinates":[[0.3575783,51.4647923],[0.3581362,51.4647783],[0.3581675,51.4647775]]}},
{"type":"Feature","properties":{"id":28655,"nach":0.46375315395525946},"geometry":{"type":"LineString","coordinates":[[0.3575397,51.464353399999986],[0.3575783,51.4647923]]}},
{"type":"Feature","properties":{"id":28864,"nach":0.45761000913173722},"geometry":{"type":"LineString","coordinates":[[0.3599373,51.4603889],[0.3603221,51.4606972],[0.3604545,51.46080030000001],[0.3604915,51.4612978]]}},
{"type":"Feature","properties":{"id":44032,"nach":0.39851012345451281},"geometry":{"type":"LineString","coordinates":[[0.3665018,51.4587518],[0.3663196,51.4588215]]}},
{"type":"Feature","properties":{"id":44031,"nach":0.39585898144220982},"geometry":{"type":"LineString","coordinates":[[0.3662505,51.4589949],[0.3662217,51.4588937],[0.3663196,51.4588215]]}},
{"type":"Feature","properties":{"id":51768,"nach":0.50122596389605445},"geometry":{"type":"LineString","coordinates":[[0.3638683,51.4668129],[0.363301,51.4670681]]}},
{"type":"Feature","properties":{"id":51772,"nach":0.45393335637995547},"geometry":{"type":"LineString","coordinates":[[0.3638426,51.46676750000001],[0.3638683,51.4668129]]}},
{"type":"Feature","properties":{"id":51774,"nach":0.49050781937474308},"geometry":{"type":"LineString","coordinates":[[0.3643858,51.4681669],[0.3643411,51.4680437],[0.3642752,51.4678119],[0.3642014,51.4675633],[0.3641533,51.4674122],[0.364093,51.4672312],[0.3640092,51.4670579],[0.3639052,51.4668734],[0.3638683,51.4668129]]}},
{"type":"Feature","properties":{"id":29604,"nach":0.40506677466092894},"geometry":{"type":"LineString","coordinates":[[0.3626597,51.4673818],[0.3620589,51.4676592]]}},
{"type":"Feature","properties":{"id":29601,"nach":0.31697144678088124},"geometry":{"type":"LineString","coordinates":[[0.3629192,51.4683613],[0.3628797,51.4683788],[0.3628376,51.4683885],[0.3622948,51.4684348],[0.3622527,51.468425700000012],[0.3622317,51.468407700000014],[0.3620589,51.4676592]]}},
{"type":"Feature","properties":{"id":29606,"nach":0.42996149843899473},"geometry":{"type":"LineString","coordinates":[[0.3626597,51.4673818],[0.362555,51.466866],[0.3625584,51.4668448],[0.3625754,51.4668226],[0.3626146,51.4668067],[0.3631377,51.466755799999987],[0.3631819,51.4667558],[0.3632104,51.4667646],[0.3632321,51.4667797],[0.3632431,51.4668014],[0.363301,51.4670681]]}},
{"type":"Feature","properties":{"id":29607,"nach":0.078003133978796393},"geometry":{"type":"LineString","coordinates":[[0.3626597,51.4673818],[0.3626826,51.4674409],[0.3627217,51.4675093],[0.362748,51.4675541],[0.3627861,51.4677328],[0.3627957,51.467788],[0.3627898,51.4678193],[0.3627787,51.467845200000014],[0.3627711,51.4678722],[0.3627719,51.4679009],[0.3627876,51.4679714],[0.3628163,51.4680824],[0.3628357,51.468143],[0.3629192,51.4683613]]}},
{"type":"Feature","properties":{"id":29602,"nach":0.37816517287745449},"geometry":{"type":"LineString","coordinates":[[0.3629192,51.4683613],[0.3629715,51.46837330000001],[0.3630187,51.4683798],[0.3635126,51.468343200000014],[0.3635577,51.468326400000016],[0.36358,51.4682968],[0.3635846,51.4682683],[0.363301,51.4670681]]}},
{"type":"Feature","properties":{"id":36231,"nach":0.57511520841356112},"geometry":{"type":"LineString","coordinates":[[0.364529,51.4607038],[0.364511,51.4603834]]}},
{"type":"Feature","properties":{"id":38057,"nach":0.5886317679637223},"geometry":{"type":"LineString","coordinates":[[0.3645478,51.4610378],[0.364529,51.4607038]]}},
{"type":"Feature","properties":{"id":36233,"nach":0.44335511260913296},"geometry":{"type":"LineString","coordinates":[[0.3650513,51.4606445],[0.3650352,51.46067450000001],[0.3650105,51.4606869],[0.3649722,51.4606899],[0.3646213,51.4606992],[0.364529,51.4607038]]}},
{"type":"Feature","properties":{"id":29626,"nach":0.44500057661445402},"geometry":{"type":"LineString","coordinates":[[0.3597196,51.4649142],[0.3597033,51.4646287],[0.3596971,51.4646019],[0.3596767,51.4645777],[0.3596439,51.464564900000013],[0.3595907,51.4645624],[0.3595539,51.4645535],[0.359515,51.4645458],[0.3594803,51.4645331],[0.3594373,51.4645203]]}},
{"type":"Feature","properties":{"id":29625,"nach":0.44473412272255125},"geometry":{"type":"LineString","coordinates":[[0.3590318,51.4648138],[0.3590097,51.4645943],[0.3590158,51.4645726],[0.3590301,51.4645509],[0.3590588,51.4645344],[0.3590997,51.4645267],[0.359159,51.4645216],[0.3593186,51.4645165],[0.359378,51.4645178],[0.3594373,51.4645203]]}},
{"type":"Feature","properties":{"id":30094,"nach":0.42712902638278716},"geometry":{"type":"LineString","coordinates":[[0.3596008,51.4653544],[0.3596115,51.46553680000001],[0.3596489,51.465549],[0.3598263,51.465607],[0.3599941,51.4656386]]}},
{"type":"Feature","properties":{"id":46438,"nach":0.47206604766327237},"geometry":{"type":"LineString","coordinates":[[0.3559003,51.4620275],[0.3556973,51.461905700000017],[0.3555049,51.4617581]]}},
{"type":"Feature","properties":{"id":46440,"nach":0.53053725960063614},"geometry":{"type":"LineString","coordinates":[[0.3559003,51.4620275],[0.355826,51.4620664],[0.3556795,51.4621442]]}},
{"type":"Feature","properties":{"id":46584,"nach":0.34490458055837886},"geometry":{"type":"LineString","coordinates":[[0.3606314,51.46791180000001],[0.3602922,51.4665555],[0.360318,51.4664609],[0.3605054,51.4663985],[0.3605313,51.46633820000001],[0.3604901,51.466077400000017],[0.3604911,51.4660662],[0.3604993,51.4660543],[0.360513,51.466042],[0.360541,51.4660225]]}},
{"type":"Feature","properties":{"id":32112,"nach":0.4133471785238067},"geometry":{"type":"LineString","coordinates":[[0.3608038,51.4662794],[0.3607381,51.466044],[0.3607256,51.4660296],[0.3607049,51.4660221],[0.360683,51.4660179],[0.360541,51.4660225]]}},
{"type":"Feature","properties":{"id":32419,"nach":0.55880769542082365},"geometry":{"type":"LineString","coordinates":[[0.3618778,51.4620512],[0.3618793,51.4620734]]}},
{"type":"Feature","properties":{"id":33739,"nach":0.59157034305444411},"geometry":{"type":"LineString","coordinates":[[0.3620942,51.4620434],[0.3618778,51.4620512]]}},
{"type":"Feature","properties":{"id":32431,"nach":0.53159452940357754},"geometry":{"type":"LineString","coordinates":[[0.3618793,51.4620734],[0.3619546,51.4632022]]}},
{"type":"Feature","properties":{"id":34282,"nach":0.43883983646141095},"geometry":{"type":"LineString","coordinates":[[0.3613742,51.4620878],[0.3618793,51.4620734]]}},
{"type":"Feature","properties":{"id":33740,"nach":0.58942382621952383},"geometry":{"type":"LineString","coordinates":[[0.3620942,51.4620434],[0.3621605,51.462041],[0.3623139,51.4620354]]}},
{"type":"Feature","properties":{"id":33742,"nach":0.45469087892875187},"geometry":{"type":"LineString","coordinates":[[0.3621854,51.4619883],[0.3621322,51.4619865],[0.3621109,51.461993100000022],[0.3621045,51.462],[0.3620942,51.4620434]]}},
{"type":"Feature","properties":{"id":35607,"nach":0.5671979195080965},"geometry":{"type":"LineString","coordinates":[[0.3627425,51.462073399999987],[0.3627399,51.462020900000013]]}},
{"type":"Feature","properties":{"id":32424,"nach":0.58314106741377691},"geometry":{"type":"LineString","coordinates":[[0.3623139,51.4620354],[0.3627399,51.462020900000013]]}},
{"type":"Feature","properties":{"id":35611,"nach":0.53039160485862913},"geometry":{"type":"LineString","coordinates":[[0.3631125,51.4620568],[0.3627425,51.462073399999987]]}},
{"type":"Feature","properties":{"id":34284,"nach":0.45761536819707371},"geometry":{"type":"LineString","coordinates":[[0.3613742,51.4620878],[0.3614707,51.4631269],[0.3614768,51.4632055]]}},
{"type":"Feature","properties":{"id":34281,"nach":0.46349192201089995},"geometry":{"type":"LineString","coordinates":[[0.3619546,51.4632022],[0.3614768,51.4632055]]}},
{"type":"Feature","properties":{"id":33461,"nach":0.39789525199029607},"geometry":{"type":"LineString","coordinates":[[0.373559,51.4669428],[0.373499,51.4669462],[0.3724531,51.4669288]]}},
{"type":"Feature","properties":{"id":33550,"nach":0.47854909812350999},"geometry":{"type":"LineString","coordinates":[[0.3560567,51.462814],[0.3560598,51.4626751]]}},
{"type":"Feature","properties":{"id":33549,"nach":0.47159308119853433},"geometry":{"type":"LineString","coordinates":[[0.356369,51.462583799999983],[0.3561032,51.4625315],[0.3560598,51.4625365],[0.3560598,51.4626751]]}},
{"type":"Feature","properties":{"id":33663,"nach":0.43739587345699438},"geometry":{"type":"LineString","coordinates":[[0.3668827,51.4635335],[0.367166,51.4635211]]}},
{"type":"Feature","properties":{"id":34271,"nach":0.0},"geometry":{"type":"LineString","coordinates":[[0.3620955,51.465125900000018],[0.3622517,51.465859],[0.3630339,51.4657914],[0.3628713,51.4651107],[0.3620955,51.465125900000018]]}},
{"type":"Feature","properties":{"id":51842,"nach":0.45631313249160788},"geometry":{"type":"LineString","coordinates":[[0.3647075,51.4613351],[0.3647079,51.4612863]]}},
{"type":"Feature","properties":{"id":34622,"nach":0.41646647744186127},"geometry":{"type":"LineString","coordinates":[[0.3735737,51.460812],[0.3722858,51.4609591]]}},
{"type":"Feature","properties":{"id":34621,"nach":0.41646647744186127},"geometry":{"type":"LineString","coordinates":[[0.3713924,51.4606259],[0.3717465,51.4605928],[0.3717903,51.4605941],[0.3718344,51.4606014],[0.372206,51.4607369],[0.3722751,51.4607859],[0.3722999,51.4608437],[0.3723026,51.4609014],[0.3722858,51.4609591]]}},
{"type":"Feature","properties":{"id":35610,"nach":0.45315483402574064},"geometry":{"type":"LineString","coordinates":[[0.3631125,51.4620568],[0.3632806,51.462048800000012]]}},
{"type":"Feature","properties":{"id":35613,"nach":0.450574376342881},"geometry":{"type":"LineString","coordinates":[[0.3631355,51.4623135],[0.3631125,51.4620568]]}},
{"type":"Feature","properties":{"id":39301,"nach":0.63717307491154418},"geometry":{"type":"LineString","coordinates":[[0.3633016,51.461718],[0.3634375,51.461660400000014]]}},
{"type":"Feature","properties":{"id":38059,"nach":0.5956580513087063},"geometry":{"type":"LineString","coordinates":[[0.3645495,51.4610685],[0.3645478,51.4610378]]}},
{"type":"Feature","properties":{"id":46457,"nach":0.46669292970641646},"geometry":{"type":"LineString","coordinates":[[0.3635487,51.461711200000011],[0.3635375,51.4617121],[0.3633016,51.461718]]}},
{"type":"Feature","properties":{"id":51775,"nach":0.40237135795858575},"geometry":{"type":"LineString","coordinates":[[0.3643858,51.4681669],[0.3644428,51.4684029],[0.3644797,51.468538]]}},
{"type":"Feature","properties":{"id":51848,"nach":0.59815086502698012},"geometry":{"type":"LineString","coordinates":[[0.3661448,51.461316],[0.3660171,51.4612914]]}},
{"type":"Feature","properties":{"id":51860,"nach":0.4559449547187539},"geometry":{"type":"LineString","coordinates":[[0.3661548,51.4612849],[0.3661448,51.461316]]}},
{"type":"Feature","properties":{"id":51854,"nach":0.49591470528818726},"geometry":{"type":"LineString","coordinates":[[0.3661358,51.461333],[0.3661448,51.461316]]}},
{"type":"Feature","properties":{"id":51856,"nach":0.46881117552557822},"geometry":{"type":"LineString","coordinates":[[0.3661358,51.461333],[0.3661604,51.461358]]}},
{"type":"Feature","properties":{"id":51858,"nach":0.44232832886506124},"geometry":{"type":"LineString","coordinates":[[0.3661168,51.4613532],[0.3661604,51.461358]]}},
{"type":"Feature","properties":{"id":51859,"nach":0.38599742792526748},"geometry":{"type":"LineString","coordinates":[[0.3661168,51.4613532],[0.3661358,51.461333]]}}
]
}
