{
"type": "FeatureCollection",
"name": "d2d9b33cfee5_foliage",
"crs": { "type": "name", "properties": { "name": "urn:ogc:def:crs:OGC:1.3:CRS84" } },
"features": [
{ "type": "Feature", "properties": { "max_height": 14.38525390625, "mean_height": 5.0069527626037598, "std_height": 4.3183584213256836, "count_pixels": 41, "percent_cover": 0.031939921786142744, "percent_above_0.1m": 80.487804878048792, "low_level_<0.5": 0.0, "mid_level_0.5-2": 17.073170731707318, "tall_2+": 63.414634146341463 }, "geometry": { "type": "Point", "coordinates": [ 0.090129283032608, 51.661712610386829 ] } },
{ "type": "Feature", "properties": { "max_height": 9.503753662109375, "mean_height": 4.8881731033325195, "std_height": 2.6685683727264404, "count_pixels": 41, "percent_cover": 0.031939921786142744, "percent_above_0.1m": 100.0, "low_level_<0.5": 2.4390243902439024, "mid_level_0.5-2": 7.3170731707317067, "tall_2+": 90.243902439024396 }, "geometry": { "type": "Point", "coordinates": [ 0.090329475536894, 51.661709047427735 ] } },
{ "type": "Feature", "properties": { "max_height": 8.7347526550292969, "mean_height": 3.6740148067474365, "std_height": 2.474215030670166, "count_pixels": 42, "percent_cover": 0.032718944268731599, "percent_above_0.1m": 92.857142857142861, "low_level_<0.5": 0.0, "mid_level_0.5-2": 23.809523809523807, "tall_2+": 69.047619047619051 }, "geometry": { "type": "Point", "coordinates": [ 0.090034147986698, 51.661822219157941 ] } },
{ "type": "Feature", "properties": { "max_height": 7.4625053405761719, "mean_height": 0.96529263257980347, "std_height": 1.9937655925750732, "count_pixels": 43, "percent_cover": 0.03349796675132044, "percent_above_0.1m": 37.209302325581397, "low_level_<0.5": 6.9767441860465116, "mid_level_0.5-2": 13.953488372093023, "tall_2+": 16.279069767441861 }, "geometry": { "type": "Point", "coordinates": [ 0.090234340992288, 51.661818656355976 ] } },
{ "type": "Feature", "properties": { "max_height": 11.70050048828125, "mean_height": 4.8749957084655762, "std_height": 3.0582566261291504, "count_pixels": 42, "percent_cover": 0.032718944268731599, "percent_above_0.1m": 92.857142857142861, "low_level_<0.5": 4.7619047619047619, "mid_level_0.5-2": 7.1428571428571423, "tall_2+": 80.952380952380949 }, "geometry": { "type": "Point", "coordinates": [ 0.090434533956202, 51.661815093212887 ] } },
{ "type": "Feature", "properties": { "max_height": 7.269500732421875, "mean_height": 3.3945858478546143, "std_height": 1.6093363761901855, "count_pixels": 42, "percent_cover": 0.032718944268731599, "percent_above_0.1m": 100.0, "low_level_<0.5": 7.1428571428571423, "mid_level_0.5-2": 7.1428571428571423, "tall_2+": 83.333333333333343 }, "geometry": { "type": "Point", "coordinates": [ 0.089939012481162, 51.6619318278549 ] } },
{ "type": "Feature", "properties": { "max_height": 7.78375244140625, "mean_height": 1.3405816555023193, "std_height": 2.1544127464294434, "count_pixels": 41, "percent_cover": 0.031939921786142744, "percent_above_0.1m": 41.463414634146339, "low_level_<0.5": 4.8780487804878048, "mid_level_0.5-2": 4.8780487804878048, "tall_2+": 26.829268292682929 }, "geometry": { "type": "Point", "coordinates": [ 0.090139205988057, 51.661928265210044 ] } },
{ "type": "Feature", "properties": { "max_height": 0.002254486083984375, "mean_height": -2.2422977053793147e-05, "std_height": 0.0010288581252098083, "count_pixels": 41, "percent_cover": 0.031939921786142744, "percent_above_0.1m": 0.0, "low_level_<0.5": 0.0, "mid_level_0.5-2": 0.0, "tall_2+": 0.0 }, "geometry": { "type": "Point", "coordinates": [ 0.090339399453286, 51.661924702224091 ] } },
{ "type": "Feature", "properties": { "max_height": 12.920749664306641, "mean_height": 4.3761868476867676, "std_height": 4.0938940048217773, "count_pixels": 42, "percent_cover": 0.032718944268731599, "percent_above_0.1m": 64.285714285714292, "low_level_<0.5": 2.3809523809523809, "mid_level_0.5-2": 4.7619047619047619, "tall_2+": 57.142857142857139 }, "geometry": { "type": "Point", "coordinates": [ 0.090539592876835, 51.661921138897007 ] } },
{ "type": "Feature", "properties": { "max_height": 6.5277519226074219, "mean_height": 3.0527045726776123, "std_height": 1.7933217287063599, "count_pixels": 42, "percent_cover": 0.032718944268731599, "percent_above_0.1m": 88.095238095238088, "low_level_<0.5": 4.7619047619047619, "mid_level_0.5-2": 9.5238095238095237, "tall_2+": 73.80952380952381 }, "geometry": { "type": "Point", "coordinates": [ 0.089843876515996, 51.662041436477722 ] } },
{ "type": "Feature", "properties": { "max_height": 3.5785026550292969, "mean_height": 0.37871605157852173, "std_height": 0.89016133546829224, "count_pixels": 42, "percent_cover": 0.032718944268731599, "percent_above_0.1m": 16.666666666666664, "low_level_<0.5": 0.0, "mid_level_0.5-2": 9.5238095238095237, "tall_2+": 7.1428571428571423 }, "geometry": { "type": "Point", "coordinates": [ 0.090044070524206, 51.662037873989988 ] } },
{ "type": "Feature", "properties": { "max_height": 0.001251220703125, "mean_height": 0.00014735377044416964, "std_height": 0.00050351052777841687, "count_pixels": 43, "percent_cover": 0.03349796675132044, "percent_above_0.1m": 0.0, "low_level_<0.5": 0.0, "mid_level_0.5-2": 0.0, "tall_2+": 0.0 }, "geometry": { "type": "Point", "coordinates": [ 0.090244264490745, 51.662034311161122 ] } },
{ "type": "Feature", "properties": { "max_height": 0.05825042724609375, "mean_height": 0.0049659186042845249, "std_height": 0.012807080522179604, "count_pixels": 42, "percent_cover": 0.032718944268731599, "percent_above_0.1m": 0.0, "low_level_<0.5": 0.0, "mid_level_0.5-2": 0.0, "tall_2+": 0.0 }, "geometry": { "type": "Point", "coordinates": [ 0.090444458415606, 51.66203074799116 ] } },
{ "type": "Feature", "properties": { "max_height": 11.990001678466797, "mean_height": 4.8392319679260254, "std_height": 3.8509294986724854, "count_pixels": 38, "percent_cover": 0.029602854338376207, "percent_above_0.1m": 71.05263157894737, "low_level_<0.5": 0.0, "mid_level_0.5-2": 5.2631578947368416, "tall_2+": 65.789473684210535 }, "geometry": { "type": "Point", "coordinates": [ 0.090644652298796, 51.662027184480081 ] } },
{ "type": "Feature", "properties": { "max_height": 6.4362525939941406, "mean_height": 2.7874305248260498, "std_height": 1.8313671350479126, "count_pixels": 42, "percent_cover": 0.032718944268731599, "percent_above_0.1m": 95.238095238095227, "low_level_<0.5": 11.904761904761903, "mid_level_0.5-2": 11.904761904761903, "tall_2+": 69.047619047619051 }, "geometry": { "type": "Point", "coordinates": [ 0.089748740091206, 51.662151045026391 ] } },
{ "type": "Feature", "properties": { "max_height": 5.0152549743652344, "mean_height": 1.344115138053894, "std_height": 1.7354258298873901, "count_pixels": 42, "percent_cover": 0.032718944268731599, "percent_above_0.1m": 52.380952380952387, "low_level_<0.5": 7.1428571428571423, "mid_level_0.5-2": 11.904761904761903, "tall_2+": 33.333333333333329 }, "geometry": { "type": "Point", "coordinates": [ 0.08994893460072, 51.662147482695765 ] } },
{ "type": "Feature", "properties": { "max_height": 0.000499725341796875, "mean_height": -7.1269707405008376e-05, "std_height": 0.00031774106901139021, "count_pixels": 41, "percent_cover": 0.031939921786142744, "percent_above_0.1m": 0.0, "low_level_<0.5": 0.0, "mid_level_0.5-2": 0.0, "tall_2+": 0.0 }, "geometry": { "type": "Point", "coordinates": [ 0.090149129068571, 51.662143920024036 ] } },
{ "type": "Feature", "properties": { "max_height": 0.002254486083984375, "mean_height": 1.386316853313474e-05, "std_height": 0.00054967985488474369, "count_pixels": 41, "percent_cover": 0.031939921786142744, "percent_above_0.1m": 0.0, "low_level_<0.5": 0.0, "mid_level_0.5-2": 0.0, "tall_2+": 0.0 }, "geometry": { "type": "Point", "coordinates": [ 0.090349323494755, 51.662140357011182 ] } },
{ "type": "Feature", "properties": { "max_height": 0.024250030517578125, "mean_height": 0.0013589404989033937, "std_height": 0.0043795178644359112, "count_pixels": 42, "percent_cover": 0.032718944268731599, "percent_above_0.1m": 0.0, "low_level_<0.5": 0.0, "mid_level_0.5-2": 0.0, "tall_2+": 0.0 }, "geometry": { "type": "Point", "coordinates": [ 0.090549517879258, 51.662136793657204 ] } },
{ "type": "Feature", "properties": { "max_height": 7.9852523803710938, "mean_height": 2.214043140411377, "std_height": 2.5531103610992432, "count_pixels": 42, "percent_cover": 0.032718944268731599, "percent_above_0.1m": 57.142857142857139, "low_level_<0.5": 4.7619047619047619, "mid_level_0.5-2": 9.5238095238095237, "tall_2+": 42.857142857142854 }, "geometry": { "type": "Point", "coordinates": [ 0.090749712222079, 51.662133229962123 ] } },
{ "type": "Feature", "properties": { "max_height": 6.5622520446777344, "mean_height": 1.5655139684677124, "std_height": 1.5483053922653198, "count_pixels": 41, "percent_cover": 0.031939921786142744, "percent_above_0.1m": 70.731707317073173, "low_level_<0.5": 4.8780487804878048, "mid_level_0.5-2": 29.268292682926827, "tall_2+": 36.585365853658537 }, "geometry": { "type": "Point", "coordinates": [ 0.089653603206772, 51.662260653500908 ] } },
{ "type": "Feature", "properties": { "max_height": 2.983001708984375, "mean_height": 0.22454434633255005, "std_height": 0.60061889886856079, "count_pixels": 42, "percent_cover": 0.032718944268731599, "percent_above_0.1m": 21.428571428571427, "low_level_<0.5": 9.5238095238095237, "mid_level_0.5-2": 9.5238095238095237, "tall_2+": 2.3809523809523809 }, "geometry": { "type": "Point", "coordinates": [ 0.089853798217604, 51.66225709132739 ] } },
{ "type": "Feature", "properties": { "max_height": 5.855255126953125, "mean_height": 1.5410501956939697, "std_height": 1.8516371250152588, "count_pixels": 42, "percent_cover": 0.032718944268731599, "percent_above_0.1m": 54.761904761904766, "low_level_<0.5": 4.7619047619047619, "mid_level_0.5-2": 14.285714285714285, "tall_2+": 35.714285714285715 }, "geometry": { "type": "Point", "coordinates": [ 0.090053993186768, 51.662253528812762 ] } },
{ "type": "Feature", "properties": { "max_height": 0.001003265380859375, "mean_height": -4.4268232159083709e-05, "std_height": 0.00052070862147957087, "count_pixels": 43, "percent_cover": 0.03349796675132044, "percent_above_0.1m": 0.0, "low_level_<0.5": 0.0, "mid_level_0.5-2": 0.0, "tall_2+": 0.0 }, "geometry": { "type": "Point", "coordinates": [ 0.090254188114268, 51.662249965957045 ] } },
{ "type": "Feature", "properties": { "max_height": 0.0007476806640625, "mean_height": -6.9663641625083983e-05, "std_height": 0.00038281254819594324, "count_pixels": 42, "percent_cover": 0.032718944268731599, "percent_above_0.1m": 0.0, "low_level_<0.5": 0.0, "mid_level_0.5-2": 0.0, "tall_2+": 0.0 }, "geometry": { "type": "Point", "coordinates": [ 0.090454383000093, 51.662246402760189 ] } },
{ "type": "Feature", "properties": { "max_height": 0.002002716064453125, "mean_height": -4.4370954128680751e-05, "std_height": 0.001212700386531651, "count_pixels": 38, "percent_cover": 0.029602854338376207, "percent_above_0.1m": 0.0, "low_level_<0.5": 0.0, "mid_level_0.5-2": 0.0, "tall_2+": 0.0 }, "geometry": { "type": "Point", "coordinates": [ 0.090654577844237, 51.66224283922223 ] } },
{ "type": "Feature", "properties": { "max_height": 9.5372505187988281, "mean_height": 1.7506688833236694, "std_height": 3.0874514579772949, "count_pixels": 42, "percent_cover": 0.032718944268731599, "percent_above_0.1m": 38.095238095238095, "low_level_<0.5": 4.7619047619047619, "mid_level_0.5-2": 7.1428571428571423, "tall_2+": 26.190476190476193 }, "geometry": { "type": "Point", "coordinates": [ 0.090854772646702, 51.662239275343154 ] } },
{ "type": "Feature", "properties": { "max_height": 10.482753753662109, "mean_height": 4.6835436820983887, "std_height": 2.6703996658325195, "count_pixels": 42, "percent_cover": 0.032718944268731599, "percent_above_0.1m": 95.238095238095227, "low_level_<0.5": 4.7619047619047619, "mid_level_0.5-2": 7.1428571428571423, "tall_2+": 83.333333333333343 }, "geometry": { "type": "Point", "coordinates": [ 0.09105496740748, 51.662235711122953 ] } },
{ "type": "Feature", "properties": { "max_height": 13.354000091552734, "mean_height": 3.2880313396453857, "std_height": 3.7358658313751221, "count_pixels": 42, "percent_cover": 0.032718944268731599, "percent_above_0.1m": 78.571428571428569, "low_level_<0.5": 4.7619047619047619, "mid_level_0.5-2": 23.809523809523807, "tall_2+": 50.0 }, "geometry": { "type": "Point", "coordinates": [ 0.089558465862697, 51.662370261901287 ] } },
{ "type": "Feature", "properties": { "max_height": 1.5352554321289062, "mean_height": 0.071543283760547638, "std_height": 0.31801208853721619, "count_pixels": 42, "percent_cover": 0.032718944268731599, "percent_above_0.1m": 4.7619047619047619, "low_level_<0.5": 0.0, "mid_level_0.5-2": 4.7619047619047619, "tall_2+": 0.0 }, "geometry": { "type": "Point", "coordinates": [ 0.089758661374849, 51.662366699884899 ] } },
{ "type": "Feature", "properties": { "max_height": 0.78400039672851562, "mean_height": 0.018704095855355263, "std_height": 0.11952070891857147, "count_pixels": 42, "percent_cover": 0.032718944268731599, "percent_above_0.1m": 2.3809523809523809, "low_level_<0.5": 0.0, "mid_level_0.5-2": 2.3809523809523809, "tall_2+": 0.0 }, "geometry": { "type": "Point", "coordinates": [ 0.089958856845335, 51.662363137527386 ] } },
{ "type": "Feature", "properties": { "max_height": 0.002002716064453125, "mean_height": -8.9133660367224365e-05, "std_height": 0.00051115744281560183, "count_pixels": 41, "percent_cover": 0.031939921786142744, "percent_above_0.1m": 0.0, "low_level_<0.5": 0.0, "mid_level_0.5-2": 0.0, "tall_2+": 0.0 }, "geometry": { "type": "Point", "coordinates": [ 0.090159052274148, 51.662359574828763 ] } },
{ "type": "Feature", "properties": { "max_height": 0.00075531005859375, "mean_height": -6.4663770899642259e-05, "std_height": 0.00052980391774326563, "count_pixels": 41, "percent_cover": 0.031939921786142744, "percent_above_0.1m": 0.0, "low_level_<0.5": 0.0, "mid_level_0.5-2": 0.0, "tall_2+": 0.0 }, "geometry": { "type": "Point", "coordinates": [ 0.090359247661296, 51.662356011789029 ] } },
{ "type": "Feature", "properties": { "max_height": 0.0019989013671875, "mean_height": 0.00011498587264213711, "std_height": 0.0005824397667311132, "count_pixels": 42, "percent_cover": 0.032718944268731599, "percent_above_0.1m": 0.0, "low_level_<0.5": 0.0, "mid_level_0.5-2": 0.0, "tall_2+": 0.0 }, "geometry": { "type": "Point", "coordinates": [ 0.090559443006763, 51.662352448408171 ] } },
{ "type": "Feature", "properties": { "max_height": 0.001251220703125, "mean_height": 7.3478338890708983e-05, "std_height": 0.00045063975267112255, "count_pixels": 42, "percent_cover": 0.032718944268731599, "percent_above_0.1m": 0.0, "low_level_<0.5": 0.0, "mid_level_0.5-2": 0.0, "tall_2+": 0.0 }, "geometry": { "type": "Point", "coordinates": [ 0.090759638310554, 51.662348884686196 ] } },
{ "type": "Feature", "properties": { "max_height": 13.2030029296875, "mean_height": 2.8741912841796875, "std_height": 3.8139243125915527, "count_pixels": 41, "percent_cover": 0.031939921786142744, "percent_above_0.1m": 58.536585365853654, "low_level_<0.5": 0.0, "mid_level_0.5-2": 19.512195121951219, "tall_2+": 39.024390243902438 }, "geometry": { "type": "Point", "coordinates": [ 0.090959833572659, 51.662345320623118 ] } },
{ "type": "Feature", "properties": { "max_height": 7.63275146484375, "mean_height": 2.0954837799072266, "std_height": 2.1060469150543213, "count_pixels": 42, "percent_cover": 0.032718944268731599, "percent_above_0.1m": 78.571428571428569, "low_level_<0.5": 7.1428571428571423, "mid_level_0.5-2": 26.190476190476193, "tall_2+": 42.857142857142854 }, "geometry": { "type": "Point", "coordinates": [ 0.089463328058984, 51.662479870227479 ] } },
{ "type": "Feature", "properties": { "max_height": 0.00150299072265625, "mean_height": -0.00027884508017450571, "std_height": 0.00096135202329605818, "count_pixels": 41, "percent_cover": 0.031939921786142744, "percent_above_0.1m": 0.0, "low_level_<0.5": 0.0, "mid_level_0.5-2": 0.0, "tall_2+": 0.0 }, "geometry": { "type": "Point", "coordinates": [ 0.089663524072451, 51.662476308368227 ] } },
{ "type": "Feature", "properties": { "max_height": 4.1459999084472656, "mean_height": 0.64149612188339233, "std_height": 1.145322322845459, "count_pixels": 42, "percent_cover": 0.032718944268731599, "percent_above_0.1m": 30.952380952380953, "low_level_<0.5": 2.3809523809523809, "mid_level_0.5-2": 9.5238095238095237, "tall_2+": 16.666666666666664 }, "geometry": { "type": "Point", "coordinates": [ 0.089863720044254, 51.662472746167843 ] } },
{ "type": "Feature", "properties": { "max_height": 0.0045013427734375, "mean_height": 9.6911477157846093e-05, "std_height": 0.00091461068950593472, "count_pixels": 42, "percent_cover": 0.032718944268731599, "percent_above_0.1m": 0.0, "low_level_<0.5": 0.0, "mid_level_0.5-2": 0.0, "tall_2+": 0.0 }, "geometry": { "type": "Point", "coordinates": [ 0.090063915974397, 51.662469183626335 ] } },
{ "type": "Feature", "properties": { "max_height": 0.0005035400390625, "mean_height": -2.164618854294531e-05, "std_height": 0.00029888516291975975, "count_pixels": 43, "percent_cover": 0.03349796675132044, "percent_above_0.1m": 0.0, "low_level_<0.5": 0.0, "mid_level_0.5-2": 0.0, "tall_2+": 0.0 }, "geometry": { "type": "Point", "coordinates": [ 0.090264111862863, 51.662465620743717 ] } },
{ "type": "Feature", "properties": { "max_height": 0.00075531005859375, "mean_height": 7.3296680056955665e-05, "std_height": 0.00030021902057342231, "count_pixels": 42, "percent_cover": 0.032718944268731599, "percent_above_0.1m": 0.0, "low_level_<0.5": 0.0, "mid_level_0.5-2": 0.0, "tall_2+": 0.0 }, "geometry": { "type": "Point", "coordinates": [ 0.09046430770966, 51.662462057519981 ] } },
{ "type": "Feature", "properties": { "max_height": 0.00075531005859375, "mean_height": 0.0001336147979600355, "std_height": 0.00034274952486157417, "count_pixels": 38, "percent_cover": 0.029602854338376207, "percent_above_0.1m": 0.0, "low_level_<0.5": 0.0, "mid_level_0.5-2": 0.0, "tall_2+": 0.0 }, "geometry": { "type": "Point", "coordinates": [ 0.090664503514773, 51.662458493955121 ] } },
{ "type": "Feature", "properties": { "max_height": 0.00225067138671875, "mean_height": -3.9691018173471093e-05, "std_height": 0.0007066114922054112, "count_pixels": 42, "percent_cover": 0.032718944268731599, "percent_above_0.1m": 0.0, "low_level_<0.5": 0.0, "mid_level_0.5-2": 0.0, "tall_2+": 0.0 }, "geometry": { "type": "Point", "coordinates": [ 0.09086469927821, 51.662454930049158 ] } },
{ "type": "Feature", "properties": { "max_height": 13.051002502441406, "mean_height": 5.0935559272766113, "std_height": 3.7804937362670898, "count_pixels": 42, "percent_cover": 0.032718944268731599, "percent_above_0.1m": 92.857142857142861, "low_level_<0.5": 7.1428571428571423, "mid_level_0.5-2": 14.285714285714285, "tall_2+": 71.428571428571431 }, "geometry": { "type": "Point", "coordinates": [ 0.091064894999957, 51.66245136580207 ] } },
{ "type": "Feature", "properties": { "max_height": 8.3267555236816406, "mean_height": 2.3105378150939941, "std_height": 1.8608958721160889, "count_pixels": 42, "percent_cover": 0.032718944268731599, "percent_above_0.1m": 97.61904761904762, "low_level_<0.5": 4.7619047619047619, "mid_level_0.5-2": 45.238095238095241, "tall_2+": 47.619047619047613 }, "geometry": { "type": "Point", "coordinates": [ 0.089368189795618, 51.662589478479553 ] } },
{ "type": "Feature", "properties": { "max_height": 0.51275253295898438, "mean_height": 0.0183708555996418, "std_height": 0.084496155381202698, "count_pixels": 42, "percent_cover": 0.032718944268731599, "percent_above_0.1m": 4.7619047619047619, "low_level_<0.5": 2.3809523809523809, "mid_level_0.5-2": 2.3809523809523809, "tall_2+": 0.0 }, "geometry": { "type": "Point", "coordinates": [ 0.089568386310406, 51.662585916777402 ] } },
{ "type": "Feature", "properties": { "max_height": 0.004253387451171875, "mean_height": 0.00024668374680913985, "std_height": 0.0010006478987634182, "count_pixels": 42, "percent_cover": 0.032718944268731599, "percent_above_0.1m": 0.0, "low_level_<0.5": 0.0, "mid_level_0.5-2": 0.0, "tall_2+": 0.0 }, "geometry": { "type": "Point", "coordinates": [ 0.089768582783537, 51.662582354734134 ] } },
{ "type": "Feature", "properties": { "max_height": 0.00075531005859375, "mean_height": -8.7283908214885741e-05, "std_height": 0.00041157097439281642, "count_pixels": 42, "percent_cover": 0.032718944268731599, "percent_above_0.1m": 0.0, "low_level_<0.5": 0.0, "mid_level_0.5-2": 0.0, "tall_2+": 0.0 }, "geometry": { "type": "Point", "coordinates": [ 0.089968779214999, 51.662578792349763 ] } },
{ "type": "Feature", "properties": { "max_height": 0.00099945068359375, "mean_height": -7.1362752350978553e-05, "std_height": 0.0007393571431748569, "count_pixels": 41, "percent_cover": 0.031939921786142744, "percent_above_0.1m": 0.0, "low_level_<0.5": 0.0, "mid_level_0.5-2": 0.0, "tall_2+": 0.0 }, "geometry": { "type": "Point", "coordinates": [ 0.090168975604795, 51.66257522962426 ] } },
{ "type": "Feature", "properties": { "max_height": 0.0017547607421875, "mean_height": 2.0934314306941815e-05, "std_height": 0.00051290658302605152, "count_pixels": 41, "percent_cover": 0.031939921786142744, "percent_above_0.1m": 0.0, "low_level_<0.5": 0.0, "mid_level_0.5-2": 0.0, "tall_2+": 0.0 }, "geometry": { "type": "Point", "coordinates": [ 0.090369171952916, 51.662571666557632 ] } },
{ "type": "Feature", "properties": { "max_height": 0.0005035400390625, "mean_height": -0.00010535830369917676, "std_height": 0.00047631442430429161, "count_pixels": 42, "percent_cover": 0.032718944268731599, "percent_above_0.1m": 0.0, "low_level_<0.5": 0.0, "mid_level_0.5-2": 0.0, "tall_2+": 0.0 }, "geometry": { "type": "Point", "coordinates": [ 0.090569368259364, 51.662568103149887 ] } },
{ "type": "Feature", "properties": { "max_height": 0.00150299072265625, "mean_height": 2.0890008727292297e-06, "std_height": 0.00041585136204957962, "count_pixels": 42, "percent_cover": 0.032718944268731599, "percent_above_0.1m": 0.0, "low_level_<0.5": 0.0, "mid_level_0.5-2": 0.0, "tall_2+": 0.0 }, "geometry": { "type": "Point", "coordinates": [ 0.090769564524124, 51.662564539401032 ] } },
{ "type": "Feature", "properties": { "max_height": 1.5747489929199219, "mean_height": 0.086056776344776154, "std_height": 0.32768216729164124, "count_pixels": 41, "percent_cover": 0.031939921786142744, "percent_above_0.1m": 7.3170731707317067, "low_level_<0.5": 2.4390243902439024, "mid_level_0.5-2": 4.8780487804878048, "tall_2+": 0.0 }, "geometry": { "type": "Point", "coordinates": [ 0.090969760747208, 51.662560975311052 ] } },
{ "type": "Feature", "properties": { "max_height": 9.9604988098144531, "mean_height": 2.9793832302093506, "std_height": 2.2926082611083984, "count_pixels": 42, "percent_cover": 0.032718944268731599, "percent_above_0.1m": 92.857142857142861, "low_level_<0.5": 2.3809523809523809, "mid_level_0.5-2": 30.952380952380953, "tall_2+": 59.523809523809526 }, "geometry": { "type": "Point", "coordinates": [ 0.091169956928601, 51.662557410879955 ] } },
{ "type": "Feature", "properties": { "max_height": 6.5432510375976562, "mean_height": 2.0582935810089111, "std_height": 1.4890927076339722, "count_pixels": 42, "percent_cover": 0.032718944268731599, "percent_above_0.1m": 100.0, "low_level_<0.5": 11.904761904761903, "mid_level_0.5-2": 40.476190476190474, "tall_2+": 47.619047619047613 }, "geometry": { "type": "Point", "coordinates": [ 0.089273051072604, 51.662699086657454 ] } },
{ "type": "Feature", "properties": { "max_height": 0.42350006103515625, "mean_height": 0.037103015929460526, "std_height": 0.10919267684221268, "count_pixels": 42, "percent_cover": 0.032718944268731599, "percent_above_0.1m": 9.5238095238095237, "low_level_<0.5": 9.5238095238095237, "mid_level_0.5-2": 0.0, "tall_2+": 0.0 }, "geometry": { "type": "Point", "coordinates": [ 0.089473248088714, 51.662695525112426 ] } },
{ "type": "Feature", "properties": { "max_height": 0.001003265380859375, "mean_height": -0.00018682712106965482, "std_height": 0.00052631186554208398, "count_pixels": 41, "percent_cover": 0.031939921786142744, "percent_above_0.1m": 0.0, "low_level_<0.5": 0.0, "mid_level_0.5-2": 0.0, "tall_2+": 0.0 }, "geometry": { "type": "Point", "coordinates": [ 0.089673445063167, 51.662691963226294 ] } },
{ "type": "Feature", "properties": { "max_height": 0.000751495361328125, "mean_height": -6.9754467403981835e-05, "std_height": 0.00033711805008351803, "count_pixels": 42, "percent_cover": 0.032718944268731599, "percent_above_0.1m": 0.0, "low_level_<0.5": 0.0, "mid_level_0.5-2": 0.0, "tall_2+": 0.0 }, "geometry": { "type": "Point", "coordinates": [ 0.089873641995957, 51.662688400999023 ] } },
{ "type": "Feature", "properties": { "max_height": 0.00275421142578125, "mean_height": -3.9146059862105176e-05, "std_height": 0.0005028584273532033, "count_pixels": 42, "percent_cover": 0.032718944268731599, "percent_above_0.1m": 0.0, "low_level_<0.5": 0.0, "mid_level_0.5-2": 0.0, "tall_2+": 0.0 }, "geometry": { "type": "Point", "coordinates": [ 0.090073838887083, 51.662684838430629 ] } },
{ "type": "Feature", "properties": { "max_height": 0.0045013427734375, "mean_height": 0.0001531201705802232, "std_height": 0.00081249559298157692, "count_pixels": 43, "percent_cover": 0.03349796675132044, "percent_above_0.1m": 0.0, "low_level_<0.5": 0.0, "mid_level_0.5-2": 0.0, "tall_2+": 0.0 }, "geometry": { "type": "Point", "coordinates": [ 0.090274035736533, 51.66268127552113 ] } },
{ "type": "Feature", "properties": { "max_height": 0.00075531005859375, "mean_height": 1.3987223610456567e-05, "std_height": 0.00033637249725870788, "count_pixels": 42, "percent_cover": 0.032718944268731599, "percent_above_0.1m": 0.0, "low_level_<0.5": 0.0, "mid_level_0.5-2": 0.0, "tall_2+": 0.0 }, "geometry": { "type": "Point", "coordinates": [ 0.090474232544311, 51.662677712270508 ] } },
{ "type": "Feature", "properties": { "max_height": 0.0005035400390625, "mean_height": 2.8409456717781723e-05, "std_height": 0.00024876435054466128, "count_pixels": 38, "percent_cover": 0.029602854338376207, "percent_above_0.1m": 0.0, "low_level_<0.5": 0.0, "mid_level_0.5-2": 0.0, "tall_2+": 0.0 }, "geometry": { "type": "Point", "coordinates": [ 0.09067442931041, 51.662674148678768 ] } },
{ "type": "Feature", "properties": { "max_height": 0.00275421142578125, "mean_height": -2.1889096387894824e-05, "std_height": 0.00079967349302023649, "count_pixels": 42, "percent_cover": 0.032718944268731599, "percent_above_0.1m": 0.0, "low_level_<0.5": 0.0, "mid_level_0.5-2": 0.0, "tall_2+": 0.0 }, "geometry": { "type": "Point", "coordinates": [ 0.090874626034826, 51.662670584745889 ] } },
{ "type": "Feature", "properties": { "max_height": 7.3012542724609375, "mean_height": 0.6888350248336792, "std_height": 1.3961613178253174, "count_pixels": 42, "percent_cover": 0.032718944268731599, "percent_above_0.1m": 35.714285714285715, "low_level_<0.5": 4.7619047619047619, "mid_level_0.5-2": 16.666666666666664, "tall_2+": 11.904761904761903 }, "geometry": { "type": "Point", "coordinates": [ 0.091074822717553, 51.662667020471929 ] } },
{ "type": "Feature", "properties": { "max_height": 7.4685020446777344, "mean_height": 2.9417855739593506, "std_height": 1.7224439382553101, "count_pixels": 38, "percent_cover": 0.029602854338376207, "percent_above_0.1m": 94.73684210526315, "low_level_<0.5": 2.6315789473684208, "mid_level_0.5-2": 18.421052631578945, "tall_2+": 71.05263157894737 }, "geometry": { "type": "Point", "coordinates": [ 0.089177911889927, 51.662808694761196 ] } },
{ "type": "Feature", "properties": { "max_height": 2.8287544250488281, "mean_height": 0.28059741854667664, "std_height": 0.59231078624725342, "count_pixels": 42, "percent_cover": 0.032718944268731599, "percent_above_0.1m": 28.571428571428569, "low_level_<0.5": 9.5238095238095237, "mid_level_0.5-2": 14.285714285714285, "tall_2+": 4.7619047619047619 }, "geometry": { "type": "Point", "coordinates": [ 0.089378109407369, 51.662805133373297 ] } },
{ "type": "Feature", "properties": { "max_height": 0.001499176025390625, "mean_height": 3.7602014344884083e-05, "std_height": 0.00062145653646439314, "count_pixels": 42, "percent_cover": 0.032718944268731599, "percent_above_0.1m": 0.0, "low_level_<0.5": 0.0, "mid_level_0.5-2": 0.0, "tall_2+": 0.0 }, "geometry": { "type": "Point", "coordinates": [ 0.089578306883151, 51.66280157164428 ] } },
{ "type": "Feature", "properties": { "max_height": 0.000751495361328125, "mean_height": 7.62939453125e-06, "std_height": 0.00034701367258094251, "count_pixels": 42, "percent_cover": 0.032718944268731599, "percent_above_0.1m": 0.0, "low_level_<0.5": 0.0, "mid_level_0.5-2": 0.0, "tall_2+": 0.0 }, "geometry": { "type": "Point", "coordinates": [ 0.089778504317267, 51.662798009574146 ] } },
{ "type": "Feature", "properties": { "max_height": 0.00150299072265625, "mean_height": 3.7238711229292676e-05, "std_height": 0.00045842229155823588, "count_pixels": 42, "percent_cover": 0.032718944268731599, "percent_above_0.1m": 0.0, "low_level_<0.5": 0.0, "mid_level_0.5-2": 0.0, "tall_2+": 0.0 }, "geometry": { "type": "Point", "coordinates": [ 0.08997870170972, 51.66279444716286 ] } },
{ "type": "Feature", "properties": { "max_height": 0.0005035400390625, "mean_height": -8.2992926763836294e-05, "std_height": 0.00049232254968956113, "count_pixels": 41, "percent_cover": 0.031939921786142744, "percent_above_0.1m": 0.0, "low_level_<0.5": 0.0, "mid_level_0.5-2": 0.0, "tall_2+": 0.0 }, "geometry": { "type": "Point", "coordinates": [ 0.090178899060511, 51.662790884410505 ] } },
{ "type": "Feature", "properties": { "max_height": 0.001003265380859375, "mean_height": 2.6516798243392259e-05, "std_height": 0.00040467022336088121, "count_pixels": 41, "percent_cover": 0.031939921786142744, "percent_above_0.1m": 0.0, "low_level_<0.5": 0.0, "mid_level_0.5-2": 0.0, "tall_2+": 0.0 }, "geometry": { "type": "Point", "coordinates": [ 0.090379096369616, 51.662787321316983 ] } },
{ "type": "Feature", "properties": { "max_height": 0.00150299072265625, "mean_height": 4.9681890232022852e-05, "std_height": 0.00049458036664873362, "count_pixels": 42, "percent_cover": 0.032718944268731599, "percent_above_0.1m": 0.0, "low_level_<0.5": 0.0, "mid_level_0.5-2": 0.0, "tall_2+": 0.0 }, "geometry": { "type": "Point", "coordinates": [ 0.090579293637053, 51.662783757882352 ] } },
{ "type": "Feature", "properties": { "max_height": 0.00350189208984375, "mean_height": 0.00012688410060945898, "std_height": 0.00073849206091836095, "count_pixels": 42, "percent_cover": 0.032718944268731599, "percent_above_0.1m": 0.0, "low_level_<0.5": 0.0, "mid_level_0.5-2": 0.0, "tall_2+": 0.0 }, "geometry": { "type": "Point", "coordinates": [ 0.090779490862804, 51.662780194106602 ] } },
{ "type": "Feature", "properties": { "max_height": 8.7232513427734375, "mean_height": 0.70561748743057251, "std_height": 1.8905788660049438, "count_pixels": 41, "percent_cover": 0.031939921786142744, "percent_above_0.1m": 24.390243902439025, "low_level_<0.5": 0.0, "mid_level_0.5-2": 14.634146341463413, "tall_2+": 9.7560975609756095 }, "geometry": { "type": "Point", "coordinates": [ 0.090979688046874, 51.662776629989729 ] } },
{ "type": "Feature", "properties": { "max_height": 15.549251556396484, "mean_height": 8.9712514877319336, "std_height": 3.7807865142822266, "count_pixels": 42, "percent_cover": 0.032718944268731599, "percent_above_0.1m": 100.0, "low_level_<0.5": 0.0, "mid_level_0.5-2": 4.7619047619047619, "tall_2+": 95.238095238095227 }, "geometry": { "type": "Point", "coordinates": [ 0.09117988518925, 51.662773065531745 ] } },
{ "type": "Feature", "properties": { "max_height": 10.062252044677734, "mean_height": 5.4463415145874023, "std_height": 2.0512459278106689, "count_pixels": 42, "percent_cover": 0.032718944268731599, "percent_above_0.1m": 100.0, "low_level_<0.5": 0.0, "mid_level_0.5-2": 4.7619047619047619, "tall_2+": 95.238095238095227 }, "geometry": { "type": "Point", "coordinates": [ 0.089082772247595, 51.6629183027908 ] } },
{ "type": "Feature", "properties": { "max_height": 6.5460014343261719, "mean_height": 0.56289428472518921, "std_height": 1.3441330194473267, "count_pixels": 42, "percent_cover": 0.032718944268731599, "percent_above_0.1m": 40.476190476190474, "low_level_<0.5": 11.904761904761903, "mid_level_0.5-2": 19.047619047619047, "tall_2+": 7.1428571428571423 }, "geometry": { "type": "Point", "coordinates": [ 0.089282970266364, 51.662914741560009 ] } },
{ "type": "Feature", "properties": { "max_height": 0.001255035400390625, "mean_height": -0.00023560297267977148, "std_height": 0.00089474266860634089, "count_pixels": 42, "percent_cover": 0.032718944268731599, "percent_above_0.1m": 0.0, "low_level_<0.5": 0.0, "mid_level_0.5-2": 0.0, "tall_2+": 0.0 }, "geometry": { "type": "Point", "coordinates": [ 0.089483168243474, 51.662911179988129 ] } },
{ "type": "Feature", "properties": { "max_height": 0.00150299072265625, "mean_height": -3.4704440622590482e-05, "std_height": 0.00045765648246742785, "count_pixels": 41, "percent_cover": 0.031939921786142744, "percent_above_0.1m": 0.0, "low_level_<0.5": 0.0, "mid_level_0.5-2": 0.0, "tall_2+": 0.0 }, "geometry": { "type": "Point", "coordinates": [ 0.089683366178925, 51.66290761807511 ] } },
{ "type": "Feature", "properties": { "max_height": 0.000751495361328125, "mean_height": 0.00012724740372505039, "std_height": 0.00032799196196720004, "count_pixels": 42, "percent_cover": 0.032718944268731599, "percent_above_0.1m": 0.0, "low_level_<0.5": 0.0, "mid_level_0.5-2": 0.0, "tall_2+": 0.0 }, "geometry": { "type": "Point", "coordinates": [ 0.089883564072711, 51.662904055820974 ] } },
{ "type": "Feature", "properties": { "max_height": 0.001003265380859375, "mean_height": 1.5440441529790405e-06, "std_height": 0.00041552446782588959, "count_pixels": 42, "percent_cover": 0.032718944268731599, "percent_above_0.1m": 0.0, "low_level_<0.5": 0.0, "mid_level_0.5-2": 0.0, "tall_2+": 0.0 }, "geometry": { "type": "Point", "coordinates": [ 0.090083761924832, 51.662900493225692 ] } },
{ "type": "Feature", "properties": { "max_height": 0.0005035400390625, "mean_height": -9.6964278782252222e-05, "std_height": 0.00033710201387293637, "count_pixels": 43, "percent_cover": 0.03349796675132044, "percent_above_0.1m": 0.0, "low_level_<0.5": 0.0, "mid_level_0.5-2": 0.0, "tall_2+": 0.0 }, "geometry": { "type": "Point", "coordinates": [ 0.09028395973528, 51.662896930289314 ] } },
{ "type": "Feature", "properties": { "max_height": 0.001251220703125, "mean_height": -8.20159912109375e-05, "std_height": 0.00042131770169362426, "count_pixels": 42, "percent_cover": 0.032718944268731599, "percent_above_0.1m": 0.0, "low_level_<0.5": 0.0, "mid_level_0.5-2": 0.0, "tall_2+": 0.0 }, "geometry": { "type": "Point", "coordinates": [ 0.090484157504054, 51.662893367011804 ] } },
{ "type": "Feature", "properties": { "max_height": 7.3835029602050781, "mean_height": 0.82316666841506958, "std_height": 2.0487935543060303, "count_pixels": 38, "percent_cover": 0.029602854338376207, "percent_above_0.1m": 18.421052631578945, "low_level_<0.5": 0.0, "mid_level_0.5-2": 5.2631578947368416, "tall_2+": 13.157894736842104 }, "geometry": { "type": "Point", "coordinates": [ 0.090684355231144, 51.66288980339317 ] } },
{ "type": "Feature", "properties": { "max_height": 7.3460006713867188, "mean_height": 3.2700138092041016, "std_height": 2.0061471462249756, "count_pixels": 42, "percent_cover": 0.032718944268731599, "percent_above_0.1m": 100.0, "low_level_<0.5": 7.1428571428571423, "mid_level_0.5-2": 21.428571428571427, "tall_2+": 71.428571428571431 }, "geometry": { "type": "Point", "coordinates": [ 0.090884552916554, 51.662886239433412 ] } },
{ "type": "Feature", "properties": { "max_height": 11.861751556396484, "mean_height": 4.4859070777893066, "std_height": 3.5833392143249512, "count_pixels": 42, "percent_cover": 0.032718944268731599, "percent_above_0.1m": 95.238095238095227, "low_level_<0.5": 4.7619047619047619, "mid_level_0.5-2": 23.809523809523807, "tall_2+": 66.666666666666657 }, "geometry": { "type": "Point", "coordinates": [ 0.091084750560274, 51.662882675132522 ] } },
{ "type": "Feature", "properties": { "max_height": 10.471752166748047, "mean_height": 6.0451340675354004, "std_height": 2.3855545520782471, "count_pixels": 42, "percent_cover": 0.032718944268731599, "percent_above_0.1m": 100.0, "low_level_<0.5": 0.0, "mid_level_0.5-2": 9.5238095238095237, "tall_2+": 90.476190476190482 }, "geometry": { "type": "Point", "coordinates": [ 0.088987632145599, 51.663027910746244 ] } },
{ "type": "Feature", "properties": { "max_height": 8.8692512512207031, "mean_height": 1.7377653121948242, "std_height": 2.5664124488830566, "count_pixels": 38, "percent_cover": 0.029602854338376207, "percent_above_0.1m": 47.368421052631575, "low_level_<0.5": 5.2631578947368416, "mid_level_0.5-2": 5.2631578947368416, "tall_2+": 34.210526315789473 }, "geometry": { "type": "Point", "coordinates": [ 0.089187830665696, 51.663024349672575 ] } },
{ "type": "Feature", "properties": { "max_height": 0.004253387451171875, "mean_height": 0.0001447768445359543, "std_height": 0.00085613474948331714, "count_pixels": 42, "percent_cover": 0.032718944268731599, "percent_above_0.1m": 0.0, "low_level_<0.5": 0.0, "mid_level_0.5-2": 0.0, "tall_2+": 0.0 }, "geometry": { "type": "Point", "coordinates": [ 0.089388029144142, 51.663020788257825 ] } },
{ "type": "Feature", "properties": { "max_height": 0.000751495361328125, "mean_height": 4.3687366996891797e-05, "std_height": 0.00034882628824561834, "count_pixels": 42, "percent_cover": 0.032718944268731599, "percent_above_0.1m": 0.0, "low_level_<0.5": 0.0, "mid_level_0.5-2": 0.0, "tall_2+": 0.0 }, "geometry": { "type": "Point", "coordinates": [ 0.089588227580923, 51.663017226501914 ] } },
{ "type": "Feature", "properties": { "max_height": 0.0005035400390625, "mean_height": -7.5567339081317186e-05, "std_height": 0.00035985588328912854, "count_pixels": 42, "percent_cover": 0.032718944268731599, "percent_above_0.1m": 0.0, "low_level_<0.5": 0.0, "mid_level_0.5-2": 0.0, "tall_2+": 0.0 }, "geometry": { "type": "Point", "coordinates": [ 0.089788425976047, 51.6630136644049 ] } },
{ "type": "Feature", "properties": { "max_height": 0.000751495361328125, "mean_height": -5.7038807426579297e-05, "std_height": 0.00034412002423778176, "count_pixels": 42, "percent_cover": 0.032718944268731599, "percent_above_0.1m": 0.0, "low_level_<0.5": 0.0, "mid_level_0.5-2": 0.0, "tall_2+": 0.0 }, "geometry": { "type": "Point", "coordinates": [ 0.089988624329504, 51.663010101966755 ] } },
{ "type": "Feature", "properties": { "max_height": 0.00150299072265625, "mean_height": -3.4983564546564594e-05, "std_height": 0.00077809242065995932, "count_pixels": 41, "percent_cover": 0.031939921786142744, "percent_above_0.1m": 0.0, "low_level_<0.5": 0.0, "mid_level_0.5-2": 0.0, "tall_2+": 0.0 }, "geometry": { "type": "Point", "coordinates": [ 0.090188822641293, 51.663006539187485 ] } },
{ "type": "Feature", "properties": { "max_height": 0.0005035400390625, "mean_height": -5.8616078604245558e-05, "std_height": 0.00033928139600902796, "count_pixels": 41, "percent_cover": 0.031939921786142744, "percent_above_0.1m": 0.0, "low_level_<0.5": 0.0, "mid_level_0.5-2": 0.0, "tall_2+": 0.0 }, "geometry": { "type": "Point", "coordinates": [ 0.090389020911399, 51.663002976067091 ] } },
{ "type": "Feature", "properties": { "max_height": 10.133251190185547, "mean_height": 1.4728354215621948, "std_height": 2.8817884922027588, "count_pixels": 42, "percent_cover": 0.032718944268731599, "percent_above_0.1m": 33.333333333333329, "low_level_<0.5": 7.1428571428571423, "mid_level_0.5-2": 4.7619047619047619, "tall_2+": 21.428571428571427 }, "geometry": { "type": "Point", "coordinates": [ 0.090589219139839, 51.662999412605579 ] } },
{ "type": "Feature", "properties": { "max_height": 12.826751708984375, "mean_height": 7.0357155799865723, "std_height": 2.6052546501159668, "count_pixels": 42, "percent_cover": 0.032718944268731599, "percent_above_0.1m": 100.0, "low_level_<0.5": 0.0, "mid_level_0.5-2": 0.0, "tall_2+": 100.0 }, "geometry": { "type": "Point", "coordinates": [ 0.090789417326592, 51.662995848802943 ] } },
{ "type": "Feature", "properties": { "max_height": 4.4097557067871094, "mean_height": 2.4040877819061279, "std_height": 1.4800294637680054, "count_pixels": 41, "percent_cover": 0.031939921786142744, "percent_above_0.1m": 85.365853658536579, "low_level_<0.5": 2.4390243902439024, "mid_level_0.5-2": 19.512195121951219, "tall_2+": 63.414634146341463 }, "geometry": { "type": "Point", "coordinates": [ 0.088892491583937, 51.663137518627508 ] } },
{ "type": "Feature", "properties": { "max_height": 5.7430000305175781, "mean_height": 1.3500616550445557, "std_height": 1.6179677248001099, "count_pixels": 42, "percent_cover": 0.032718944268731599, "percent_above_0.1m": 50.0, "low_level_<0.5": 2.3809523809523809, "mid_level_0.5-2": 14.285714285714285, "tall_2+": 33.333333333333329 }, "geometry": { "type": "Point", "coordinates": [ 0.089092690605365, 51.66313395771099 ] } },
{ "type": "Feature", "properties": { "max_height": 0.001003265380859375, "mean_height": 8.5467385360971093e-05, "std_height": 0.00040714681381359696, "count_pixels": 42, "percent_cover": 0.032718944268731599, "percent_above_0.1m": 0.0, "low_level_<0.5": 0.0, "mid_level_0.5-2": 0.0, "tall_2+": 0.0 }, "geometry": { "type": "Point", "coordinates": [ 0.089292889585142, 51.66313039645334 ] } },
{ "type": "Feature", "properties": { "max_height": 0.0005035400390625, "mean_height": 4.9772716010920703e-05, "std_height": 0.0002850029559340328, "count_pixels": 42, "percent_cover": 0.032718944268731599, "percent_above_0.1m": 0.0, "low_level_<0.5": 0.0, "mid_level_0.5-2": 0.0, "tall_2+": 0.0 }, "geometry": { "type": "Point", "coordinates": [ 0.089493088523264, 51.663126834854566 ] } },
{ "type": "Feature", "properties": { "max_height": 0.0005035400390625, "mean_height": -0.00011406875273678452, "std_height": 0.00048807970597408712, "count_pixels": 41, "percent_cover": 0.031939921786142744, "percent_above_0.1m": 0.0, "low_level_<0.5": 0.0, "mid_level_0.5-2": 0.0, "tall_2+": 0.0 }, "geometry": { "type": "Point", "coordinates": [ 0.089693287419723, 51.663123272914682 ] } },
{ "type": "Feature", "properties": { "max_height": 0.000751495361328125, "mean_height": 7.8110469985404052e-06, "std_height": 0.00034276925725862384, "count_pixels": 42, "percent_cover": 0.032718944268731599, "percent_above_0.1m": 0.0, "low_level_<0.5": 0.0, "mid_level_0.5-2": 0.0, "tall_2+": 0.0 }, "geometry": { "type": "Point", "coordinates": [ 0.089893486274517, 51.663119710633659 ] } },
{ "type": "Feature", "properties": { "max_height": 0.00225067138671875, "mean_height": 9.7002302936743945e-05, "std_height": 0.00044963840628042817, "count_pixels": 42, "percent_cover": 0.032718944268731599, "percent_above_0.1m": 0.0, "low_level_<0.5": 0.0, "mid_level_0.5-2": 0.0, "tall_2+": 0.0 }, "geometry": { "type": "Point", "coordinates": [ 0.090093685087649, 51.663116148011511 ] } },
{ "type": "Feature", "properties": { "max_height": 0.40525054931640625, "mean_height": 0.0093511538580060005, "std_height": 0.061090093106031418, "count_pixels": 43, "percent_cover": 0.03349796675132044, "percent_above_0.1m": 2.3255813953488373, "low_level_<0.5": 2.3255813953488373, "mid_level_0.5-2": 0.0, "tall_2+": 0.0 }, "geometry": { "type": "Point", "coordinates": [ 0.090293883859103, 51.663112585048232 ] } },
{ "type": "Feature", "properties": { "max_height": 1.0765037536621094, "mean_height": 0.048734299838542938, "std_height": 0.18951089680194855, "count_pixels": 42, "percent_cover": 0.032718944268731599, "percent_above_0.1m": 7.1428571428571423, "low_level_<0.5": 2.3809523809523809, "mid_level_0.5-2": 4.7619047619047619, "tall_2+": 0.0 }, "geometry": { "type": "Point", "coordinates": [ 0.090494082588879, 51.663109021743843 ] } },
{ "type": "Feature", "properties": { "max_height": 9.7560043334960938, "mean_height": 3.2907781600952148, "std_height": 2.7087550163269043, "count_pixels": 38, "percent_cover": 0.029602854338376207, "percent_above_0.1m": 92.10526315789474, "low_level_<0.5": 2.6315789473684208, "mid_level_0.5-2": 26.315789473684209, "tall_2+": 60.526315789473685 }, "geometry": { "type": "Point", "coordinates": [ 0.090694281276979, 51.6631054580983 ] } },
{ "type": "Feature", "properties": { "max_height": 6.1822509765625, "mean_height": 3.0661098957061768, "std_height": 1.2308789491653442, "count_pixels": 42, "percent_cover": 0.032718944268731599, "percent_above_0.1m": 100.0, "low_level_<0.5": 0.0, "mid_level_0.5-2": 19.047619047619047, "tall_2+": 80.952380952380949 }, "geometry": { "type": "Point", "coordinates": [ 0.0887973505626, 51.663247126434626 ] } },
{ "type": "Feature", "properties": { "max_height": 5.7242546081542969, "mean_height": 2.6748416423797607, "std_height": 1.4597682952880859, "count_pixels": 42, "percent_cover": 0.032718944268731599, "percent_above_0.1m": 97.61904761904762, "low_level_<0.5": 2.3809523809523809, "mid_level_0.5-2": 23.809523809523807, "tall_2+": 69.047619047619051 }, "geometry": { "type": "Point", "coordinates": [ 0.088997550085361, 51.663243565675238 ] } },
{ "type": "Feature", "properties": { "max_height": 1.7874984741210938, "mean_height": 0.16174547374248505, "std_height": 0.47107240557670593, "count_pixels": 38, "percent_cover": 0.029602854338376207, "percent_above_0.1m": 10.526315789473683, "low_level_<0.5": 0.0, "mid_level_0.5-2": 10.526315789473683, "tall_2+": 0.0 }, "geometry": { "type": "Point", "coordinates": [ 0.089197749566481, 51.663240004574718 ] } },
{ "type": "Feature", "properties": { "max_height": 0.00225067138671875, "mean_height": 6.158011092338711e-05, "std_height": 0.00064688542624935508, "count_pixels": 42, "percent_cover": 0.032718944268731599, "percent_above_0.1m": 0.0, "low_level_<0.5": 0.0, "mid_level_0.5-2": 0.0, "tall_2+": 0.0 }, "geometry": { "type": "Point", "coordinates": [ 0.089397949005936, 51.663236443133087 ] } },
{ "type": "Feature", "properties": { "max_height": 0.000751495361328125, "mean_height": 2.5612967874621972e-05, "std_height": 0.00043905750499106944, "count_pixels": 42, "percent_cover": 0.032718944268731599, "percent_above_0.1m": 0.0, "low_level_<0.5": 0.0, "mid_level_0.5-2": 0.0, "tall_2+": 0.0 }, "geometry": { "type": "Point", "coordinates": [ 0.089598148403736, 51.663232881350311 ] } },
{ "type": "Feature", "properties": { "max_height": 0.0017547607421875, "mean_height": 7.7202203101478517e-06, "std_height": 0.00053052348084747791, "count_pixels": 42, "percent_cover": 0.032718944268731599, "percent_above_0.1m": 0.0, "low_level_<0.5": 0.0, "mid_level_0.5-2": 0.0, "tall_2+": 0.0 }, "geometry": { "type": "Point", "coordinates": [ 0.089798347759876, 51.66322931922641 ] } },
{ "type": "Feature", "properties": { "max_height": 7.4130020141601562, "mean_height": 1.4863051176071167, "std_height": 2.4961268901824951, "count_pixels": 42, "percent_cover": 0.032718944268731599, "percent_above_0.1m": 30.952380952380953, "low_level_<0.5": 2.3809523809523809, "mid_level_0.5-2": 0.0, "tall_2+": 28.571428571428569 }, "geometry": { "type": "Point", "coordinates": [ 0.089998547074344, 51.663225756761385 ] } },
{ "type": "Feature", "properties": { "max_height": 12.101001739501953, "mean_height": 5.1728739738464355, "std_height": 3.8954770565032959, "count_pixels": 41, "percent_cover": 0.031939921786142744, "percent_above_0.1m": 80.487804878048792, "low_level_<0.5": 0.0, "mid_level_0.5-2": 12.195121951219512, "tall_2+": 68.292682926829272 }, "geometry": { "type": "Point", "coordinates": [ 0.090198746347149, 51.663222193955235 ] } },
{ "type": "Feature", "properties": { "max_height": 11.21875, "mean_height": 2.5656120777130127, "std_height": 3.5106167793273926, "count_pixels": 41, "percent_cover": 0.031939921786142744, "percent_above_0.1m": 48.780487804878049, "low_level_<0.5": 0.0, "mid_level_0.5-2": 9.7560975609756095, "tall_2+": 39.024390243902438 }, "geometry": { "type": "Point", "coordinates": [ 0.090398945578273, 51.663218630807961 ] } },
{ "type": "Feature", "properties": { "max_height": 9.6557540893554688, "mean_height": 3.7322933673858643, "std_height": 2.9774136543273926, "count_pixels": 42, "percent_cover": 0.032718944268731599, "percent_above_0.1m": 78.571428571428569, "low_level_<0.5": 2.3809523809523809, "mid_level_0.5-2": 14.285714285714285, "tall_2+": 61.904761904761905 }, "geometry": { "type": "Point", "coordinates": [ 0.090599144767718, 51.663215067319541 ] } },
{ "type": "Feature", "properties": { "max_height": 7.6257553100585938, "mean_height": 2.984478235244751, "std_height": 2.1864876747131348, "count_pixels": 42, "percent_cover": 0.032718944268731599, "percent_above_0.1m": 85.714285714285708, "low_level_<0.5": 4.7619047619047619, "mid_level_0.5-2": 19.047619047619047, "tall_2+": 61.904761904761905 }, "geometry": { "type": "Point", "coordinates": [ 0.090799343915479, 51.663211503490025 ] } },
{ "type": "Feature", "properties": { "max_height": 7.6282539367675781, "mean_height": 4.2661809921264648, "std_height": 2.1649594306945801, "count_pixels": 42, "percent_cover": 0.032718944268731599, "percent_above_0.1m": 97.61904761904762, "low_level_<0.5": 2.3809523809523809, "mid_level_0.5-2": 11.904761904761903, "tall_2+": 83.333333333333343 }, "geometry": { "type": "Point", "coordinates": [ 0.084898400715628, 51.663424320795748 ] } },
{ "type": "Feature", "properties": { "max_height": 10.791500091552734, "mean_height": 4.6280083656311035, "std_height": 2.8601927757263184, "count_pixels": 38, "percent_cover": 0.029602854338376207, "percent_above_0.1m": 97.368421052631575, "low_level_<0.5": 2.6315789473684208, "mid_level_0.5-2": 21.052631578947366, "tall_2+": 73.68421052631578 }, "geometry": { "type": "Point", "coordinates": [ 0.085098601530305, 51.663420766674982 ] } },
{ "type": "Feature", "properties": { "max_height": 4.9075050354003906, "mean_height": 0.99676400423049927, "std_height": 1.4135545492172241, "count_pixels": 41, "percent_cover": 0.031939921786142744, "percent_above_0.1m": 53.658536585365859, "low_level_<0.5": 9.7560975609756095, "mid_level_0.5-2": 24.390243902439025, "tall_2+": 19.512195121951219 }, "geometry": { "type": "Point", "coordinates": [ 0.088902409105685, 51.663353173565326 ] } },
{ "type": "Feature", "properties": { "max_height": 4.4132537841796875, "mean_height": 0.55047261714935303, "std_height": 1.2303342819213867, "count_pixels": 42, "percent_cover": 0.032718944268731599, "percent_above_0.1m": 23.809523809523807, "low_level_<0.5": 0.0, "mid_level_0.5-2": 11.904761904761903, "tall_2+": 11.904761904761903 }, "geometry": { "type": "Point", "coordinates": [ 0.089102609088144, 51.663349612621943 ] } },
{ "type": "Feature", "properties": { "max_height": 0.000751495361328125, "mean_height": -0.0001466841931687668, "std_height": 0.00099712959490716457, "count_pixels": 42, "percent_cover": 0.032718944268731599, "percent_above_0.1m": 0.0, "low_level_<0.5": 0.0, "mid_level_0.5-2": 0.0, "tall_2+": 0.0 }, "geometry": { "type": "Point", "coordinates": [ 0.089302809028939, 51.663346051337435 ] } },
{ "type": "Feature", "properties": { "max_height": 0.000751495361328125, "mean_height": -0.00018773760530166328, "std_height": 0.0007580092060379684, "count_pixels": 42, "percent_cover": 0.032718944268731599, "percent_above_0.1m": 0.0, "low_level_<0.5": 0.0, "mid_level_0.5-2": 0.0, "tall_2+": 0.0 }, "geometry": { "type": "Point", "coordinates": [ 0.089503008928084, 51.663342489711788 ] } },
{ "type": "Feature", "properties": { "max_height": 0.002002716064453125, "mean_height": -8.9040615421254188e-05, "std_height": 0.00074051425326615572, "count_pixels": 41, "percent_cover": 0.031939921786142744, "percent_above_0.1m": 0.0, "low_level_<0.5": 0.0, "mid_level_0.5-2": 0.0, "tall_2+": 0.0 }, "geometry": { "type": "Point", "coordinates": [ 0.089703208785569, 51.663338927745016 ] } },
{ "type": "Feature", "properties": { "max_height": 1.3040008544921875, "mean_height": 0.055769603699445724, "std_height": 0.25130614638328552, "count_pixels": 42, "percent_cover": 0.032718944268731599, "percent_above_0.1m": 4.7619047619047619, "low_level_<0.5": 0.0, "mid_level_0.5-2": 4.7619047619047619, "tall_2+": 0.0 }, "geometry": { "type": "Point", "coordinates": [ 0.089903408601382, 51.663335365437121 ] } },
{ "type": "Feature", "properties": { "max_height": 8.0625038146972656, "mean_height": 3.1703410148620605, "std_height": 3.0212471485137939, "count_pixels": 42, "percent_cover": 0.032718944268731599, "percent_above_0.1m": 61.904761904761905, "low_level_<0.5": 2.3809523809523809, "mid_level_0.5-2": 4.7619047619047619, "tall_2+": 54.761904761904766 }, "geometry": { "type": "Point", "coordinates": [ 0.09010360837553, 51.663331802788072 ] } },
{ "type": "Feature", "properties": { "max_height": 11.941001892089844, "mean_height": 4.1105489730834961, "std_height": 4.3948488235473633, "count_pixels": 43, "percent_cover": 0.03349796675132044, "percent_above_0.1m": 58.139534883720934, "low_level_<0.5": 0.0, "mid_level_0.5-2": 4.6511627906976747, "tall_2+": 53.488372093023251 }, "geometry": { "type": "Point", "coordinates": [ 0.090303808108004, 51.66332823979792 ] } },
{ "type": "Feature", "properties": { "max_height": 0.0005035400390625, "mean_height": -0.00011716569861164317, "std_height": 0.00041237840196117759, "count_pixels": 42, "percent_cover": 0.032718944268731599, "percent_above_0.1m": 0.0, "low_level_<0.5": 0.0, "mid_level_0.5-2": 0.0, "tall_2+": 0.0 }, "geometry": { "type": "Point", "coordinates": [ 0.090504007798801, 51.66332467646663 ] } },
{ "type": "Feature", "properties": { "max_height": 4.829254150390625, "mean_height": 0.14875181019306183, "std_height": 0.78065067529678345, "count_pixels": 38, "percent_cover": 0.029602854338376207, "percent_above_0.1m": 5.2631578947368416, "low_level_<0.5": 0.0, "mid_level_0.5-2": 2.6315789473684208, "tall_2+": 2.6315789473684208 }, "geometry": { "type": "Point", "coordinates": [ 0.09070420744792, 51.663321112794222 ] } },
{ "type": "Feature", "properties": { "max_height": 8.9694976806640625, "mean_height": 2.0264837741851807, "std_height": 2.8211214542388916, "count_pixels": 42, "percent_cover": 0.032718944268731599, "percent_above_0.1m": 52.380952380952387, "low_level_<0.5": 7.1428571428571423, "mid_level_0.5-2": 11.904761904761903, "tall_2+": 33.333333333333329 }, "geometry": { "type": "Point", "coordinates": [ 0.090904407055352, 51.663317548780668 ] } },
{ "type": "Feature", "properties": { "max_height": 9.5342521667480469, "mean_height": 4.7499470710754395, "std_height": 2.9260087013244629, "count_pixels": 41, "percent_cover": 0.031939921786142744, "percent_above_0.1m": 85.365853658536579, "low_level_<0.5": 0.0, "mid_level_0.5-2": 2.4390243902439024, "tall_2+": 82.926829268292678 }, "geometry": { "type": "Point", "coordinates": [ 0.084803249249795, 51.663533925468776 ] } },
{ "type": "Feature", "properties": { "max_height": 9.7687530517578125, "mean_height": 4.1204371452331543, "std_height": 2.780667781829834, "count_pixels": 42, "percent_cover": 0.032718944268731599, "percent_above_0.1m": 92.857142857142861, "low_level_<0.5": 0.0, "mid_level_0.5-2": 19.047619047619047, "tall_2+": 73.80952380952381 }, "geometry": { "type": "Point", "coordinates": [ 0.08500345056578, 51.663530371505146 ] } },
{ "type": "Feature", "properties": { "max_height": 8.645751953125, "mean_height": 2.9784672260284424, "std_height": 2.3600211143493652, "count_pixels": 42, "percent_cover": 0.032718944268731599, "percent_above_0.1m": 92.857142857142861, "low_level_<0.5": 0.0, "mid_level_0.5-2": 30.952380952380953, "tall_2+": 59.523809523809526 }, "geometry": { "type": "Point", "coordinates": [ 0.085203651840193, 51.663526817200399 ] } },
{ "type": "Feature", "properties": { "max_height": 9.5930023193359375, "mean_height": 3.6315939426422119, "std_height": 2.622514009475708, "count_pixels": 41, "percent_cover": 0.031939921786142744, "percent_above_0.1m": 95.121951219512198, "low_level_<0.5": 4.8780487804878048, "mid_level_0.5-2": 26.829268292682929, "tall_2+": 63.414634146341463 }, "geometry": { "type": "Point", "coordinates": [ 0.085403853073031, 51.663523262554527 ] } },
{ "type": "Feature", "properties": { "max_height": 9.7110023498535156, "mean_height": 3.7123799324035645, "std_height": 2.81477952003479, "count_pixels": 41, "percent_cover": 0.031939921786142744, "percent_above_0.1m": 97.560975609756099, "low_level_<0.5": 4.8780487804878048, "mid_level_0.5-2": 29.268292682926827, "tall_2+": 63.414634146341463 }, "geometry": { "type": "Point", "coordinates": [ 0.085604054264287, 51.663519707567502 ] } },
{ "type": "Feature", "properties": { "max_height": 1.2132492065429688, "mean_height": 0.28953143954277039, "std_height": 0.39292052388191223, "count_pixels": 42, "percent_cover": 0.032718944268731599, "percent_above_0.1m": 45.238095238095241, "low_level_<0.5": 16.666666666666664, "mid_level_0.5-2": 26.190476190476193, "tall_2+": 0.0 }, "geometry": { "type": "Point", "coordinates": [ 0.088807267666335, 51.663462781381256 ] } },
{ "type": "Feature", "properties": { "max_height": 0.001003265380859375, "mean_height": 0.0001277923583984375, "std_height": 0.0005320447962731123, "count_pixels": 42, "percent_cover": 0.032718944268731599, "percent_above_0.1m": 0.0, "low_level_<0.5": 0.0, "mid_level_0.5-2": 0.0, "tall_2+": 0.0 }, "geometry": { "type": "Point", "coordinates": [ 0.089007468150129, 51.663459220594994 ] } },
{ "type": "Feature", "properties": { "max_height": 0.001255035400390625, "mean_height": 5.5212723964359611e-05, "std_height": 0.0004376980650704354, "count_pixels": 38, "percent_cover": 0.029602854338376207, "percent_above_0.1m": 0.0, "low_level_<0.5": 0.0, "mid_level_0.5-2": 0.0, "tall_2+": 0.0 }, "geometry": { "type": "Point", "coordinates": [ 0.089207668592272, 51.66345565946763 ] } },
{ "type": "Feature", "properties": { "max_height": 0.00099945068359375, "mean_height": -8.7374733993783593e-05, "std_height": 0.00058706093113869429, "count_pixels": 42, "percent_cover": 0.032718944268731599, "percent_above_0.1m": 0.0, "low_level_<0.5": 0.0, "mid_level_0.5-2": 0.0, "tall_2+": 0.0 }, "geometry": { "type": "Point", "coordinates": [ 0.08940786899276, 51.663452097999098 ] } },
{ "type": "Feature", "properties": { "max_height": 0.0005035400390625, "mean_height": -5.7765417295740917e-05, "std_height": 0.00031708195456303656, "count_pixels": 42, "percent_cover": 0.032718944268731599, "percent_above_0.1m": 0.0, "low_level_<0.5": 0.0, "mid_level_0.5-2": 0.0, "tall_2+": 0.0 }, "geometry": { "type": "Point", "coordinates": [ 0.089608069351588, 51.663448536189449 ] } },
{ "type": "Feature", "properties": { "max_height": 0.001003265380859375, "mean_height": -0.00010526747792027891, "std_height": 0.00085923407459631562, "count_pixels": 42, "percent_cover": 0.032718944268731599, "percent_above_0.1m": 0.0, "low_level_<0.5": 0.0, "mid_level_0.5-2": 0.0, "tall_2+": 0.0 }, "geometry": { "type": "Point", "coordinates": [ 0.089808269668755, 51.663444974038676 ] } },
{ "type": "Feature", "properties": { "max_height": 0.00275421142578125, "mean_height": 0.00012107122165616602, "std_height": 0.0006644043605774641, "count_pixels": 42, "percent_cover": 0.032718944268731599, "percent_above_0.1m": 0.0, "low_level_<0.5": 0.0, "mid_level_0.5-2": 0.0, "tall_2+": 0.0 }, "geometry": { "type": "Point", "coordinates": [ 0.09000846994425, 51.663441411546764 ] } },
{ "type": "Feature", "properties": { "max_height": 0.001750946044921875, "mean_height": -2.8377626222209074e-05, "std_height": 0.00057668163208290935, "count_pixels": 41, "percent_cover": 0.031939921786142744, "percent_above_0.1m": 0.0, "low_level_<0.5": 0.0, "mid_level_0.5-2": 0.0, "tall_2+": 0.0 }, "geometry": { "type": "Point", "coordinates": [ 0.090208670178076, 51.663437848713734 ] } },
{ "type": "Feature", "properties": { "max_height": 0.000751495361328125, "mean_height": 3.2564490538788959e-05, "std_height": 0.00030821253312751651, "count_pixels": 41, "percent_cover": 0.031939921786142744, "percent_above_0.1m": 0.0, "low_level_<0.5": 0.0, "mid_level_0.5-2": 0.0, "tall_2+": 0.0 }, "geometry": { "type": "Point", "coordinates": [ 0.090408870370229, 51.663434285539566 ] } },
{ "type": "Feature", "properties": { "max_height": 0.003002166748046875, "mean_height": -2.7701968065230176e-05, "std_height": 0.0005955746746622026, "count_pixels": 42, "percent_cover": 0.032718944268731599, "percent_above_0.1m": 0.0, "low_level_<0.5": 0.0, "mid_level_0.5-2": 0.0, "tall_2+": 0.0 }, "geometry": { "type": "Point", "coordinates": [ 0.090609070520697, 51.663430722024273 ] } },
{ "type": "Feature", "properties": { "max_height": 0.0005035400390625, "mean_height": -5.1589238864835352e-05, "std_height": 0.00032532165641896427, "count_pixels": 42, "percent_cover": 0.032718944268731599, "percent_above_0.1m": 0.0, "low_level_<0.5": 0.0, "mid_level_0.5-2": 0.0, "tall_2+": 0.0 }, "geometry": { "type": "Point", "coordinates": [ 0.090809270629487, 51.663427158167849 ] } },
{ "type": "Feature", "properties": { "max_height": 6.5522537231445312, "mean_height": 2.4393990039825439, "std_height": 1.9567854404449463, "count_pixels": 41, "percent_cover": 0.031939921786142744, "percent_above_0.1m": 78.048780487804876, "low_level_<0.5": 0.0, "mid_level_0.5-2": 19.512195121951219, "tall_2+": 56.09756097560976 }, "geometry": { "type": "Point", "coordinates": [ 0.091009470696589, 51.663423593970293 ] } },
{ "type": "Feature", "properties": { "max_height": 8.6260032653808594, "mean_height": 2.7772307395935059, "std_height": 2.7843644618988037, "count_pixels": 42, "percent_cover": 0.032718944268731599, "percent_above_0.1m": 64.285714285714292, "low_level_<0.5": 7.1428571428571423, "mid_level_0.5-2": 4.7619047619047619, "tall_2+": 52.380952380952387 }, "geometry": { "type": "Point", "coordinates": [ 0.083707087614349, 51.663661293982862 ] } },
{ "type": "Feature", "properties": { "max_height": 5.8317527770996094, "mean_height": 2.5613384246826172, "std_height": 1.8807437419891357, "count_pixels": 42, "percent_cover": 0.032718944268731599, "percent_above_0.1m": 85.714285714285708, "low_level_<0.5": 9.5238095238095237, "mid_level_0.5-2": 11.904761904761903, "tall_2+": 64.285714285714292 }, "geometry": { "type": "Point", "coordinates": [ 0.083907289639435, 51.663657741882083 ] } },
{ "type": "Feature", "properties": { "max_height": 7.7372512817382812, "mean_height": 2.8452229499816895, "std_height": 2.4105813503265381, "count_pixels": 42, "percent_cover": 0.032718944268731599, "percent_above_0.1m": 78.571428571428569, "low_level_<0.5": 7.1428571428571423, "mid_level_0.5-2": 11.904761904761903, "tall_2+": 59.523809523809526 }, "geometry": { "type": "Point", "coordinates": [ 0.084507895465373, 51.663647083532943 ] } },
{ "type": "Feature", "properties": { "max_height": 11.121501922607422, "mean_height": 3.6559622287750244, "std_height": 2.8143093585968018, "count_pixels": 43, "percent_cover": 0.03349796675132044, "percent_above_0.1m": 79.069767441860463, "low_level_<0.5": 2.3255813953488373, "mid_level_0.5-2": 6.9767441860465116, "tall_2+": 69.767441860465112 }, "geometry": { "type": "Point", "coordinates": [ 0.084708097324232, 51.66364353006761 ] } },
{ "type": "Feature", "properties": { "max_height": 7.4490013122558594, "mean_height": 2.0560383796691895, "std_height": 1.637662410736084, "count_pixels": 42, "percent_cover": 0.032718944268731599, "percent_above_0.1m": 92.857142857142861, "low_level_<0.5": 11.904761904761903, "mid_level_0.5-2": 35.714285714285715, "tall_2+": 45.238095238095241 }, "geometry": { "type": "Point", "coordinates": [ 0.084908299141527, 51.663639976261145 ] } },
{ "type": "Feature", "properties": { "max_height": 9.25250244140625, "mean_height": 3.0321543216705322, "std_height": 2.1144049167633057, "count_pixels": 38, "percent_cover": 0.029602854338376207, "percent_above_0.1m": 97.368421052631575, "low_level_<0.5": 5.2631578947368416, "mid_level_0.5-2": 28.947368421052634, "tall_2+": 63.157894736842103 }, "geometry": { "type": "Point", "coordinates": [ 0.085108500917254, 51.663636422113555 ] } },
{ "type": "Feature", "properties": { "max_height": 9.2197532653808594, "mean_height": 2.8667104244232178, "std_height": 2.3524627685546875, "count_pixels": 42, "percent_cover": 0.032718944268731599, "percent_above_0.1m": 92.857142857142861, "low_level_<0.5": 4.7619047619047619, "mid_level_0.5-2": 30.952380952380953, "tall_2+": 57.142857142857139 }, "geometry": { "type": "Point", "coordinates": [ 0.085308702651405, 51.663632867624841 ] } },
{ "type": "Feature", "properties": { "max_height": 5.4250030517578125, "mean_height": 2.159421443939209, "std_height": 1.5545061826705933, "count_pixels": 43, "percent_cover": 0.03349796675132044, "percent_above_0.1m": 90.697674418604649, "low_level_<0.5": 6.9767441860465116, "mid_level_0.5-2": 41.860465116279073, "tall_2+": 41.860465116279073 }, "geometry": { "type": "Point", "coordinates": [ 0.085508904343976, 51.663629312794988 ] } },
{ "type": "Feature", "properties": { "max_height": 7.3467483520507812, "mean_height": 2.9609963893890381, "std_height": 2.0669422149658203, "count_pixels": 42, "percent_cover": 0.032718944268731599, "percent_above_0.1m": 97.61904761904762, "low_level_<0.5": 7.1428571428571423, "mid_level_0.5-2": 28.571428571428569, "tall_2+": 61.904761904761905 }, "geometry": { "type": "Point", "coordinates": [ 0.08570910599497, 51.663625757623983 ] } },
{ "type": "Feature", "properties": { "max_height": 7.7890052795410156, "mean_height": 2.4774196147918701, "std_height": 1.7090694904327393, "count_pixels": 42, "percent_cover": 0.032718944268731599, "percent_above_0.1m": 100.0, "low_level_<0.5": 4.7619047619047619, "mid_level_0.5-2": 33.333333333333329, "tall_2+": 59.523809523809526 }, "geometry": { "type": "Point", "coordinates": [ 0.085909307604376, 51.66362220211186 ] } },
{ "type": "Feature", "properties": { "max_height": 5.8187484741210938, "mean_height": 1.7588770389556885, "std_height": 2.0160138607025146, "count_pixels": 42, "percent_cover": 0.032718944268731599, "percent_above_0.1m": 61.904761904761905, "low_level_<0.5": 7.1428571428571423, "mid_level_0.5-2": 14.285714285714285, "tall_2+": 38.095238095238095 }, "geometry": { "type": "Point", "coordinates": [ 0.088712125767301, 51.663572389123026 ] } },
{ "type": "Feature", "properties": { "max_height": 0.001255035400390625, "mean_height": -9.5274386694654822e-05, "std_height": 0.00061723531689494848, "count_pixels": 41, "percent_cover": 0.031939921786142744, "percent_above_0.1m": 0.0, "low_level_<0.5": 0.0, "mid_level_0.5-2": 0.0, "tall_2+": 0.0 }, "geometry": { "type": "Point", "coordinates": [ 0.088912326752438, 51.663568828493894 ] } },
{ "type": "Feature", "properties": { "max_height": 0.00099945068359375, "mean_height": -8.0835248809307814e-05, "std_height": 0.0003682801325339824, "count_pixels": 42, "percent_cover": 0.032718944268731599, "percent_above_0.1m": 0.0, "low_level_<0.5": 0.0, "mid_level_0.5-2": 0.0, "tall_2+": 0.0 }, "geometry": { "type": "Point", "coordinates": [ 0.089112527695928, 51.663565267523644 ] } },
{ "type": "Feature", "properties": { "max_height": 0.00150299072265625, "mean_height": 2.5976270990213379e-05, "std_height": 0.00038109463639557362, "count_pixels": 42, "percent_cover": 0.032718944268731599, "percent_above_0.1m": 0.0, "low_level_<0.5": 0.0, "mid_level_0.5-2": 0.0, "tall_2+": 0.0 }, "geometry": { "type": "Point", "coordinates": [ 0.089312728597762, 51.663561706212256 ] } },
{ "type": "Feature", "properties": { "max_height": 0.001003265380859375, "mean_height": 0.00010372343240305781, "std_height": 0.00034103664802387357, "count_pixels": 42, "percent_cover": 0.032718944268731599, "percent_above_0.1m": 0.0, "low_level_<0.5": 0.0, "mid_level_0.5-2": 0.0, "tall_2+": 0.0 }, "geometry": { "type": "Point", "coordinates": [ 0.08951292945794, 51.663558144559744 ] } },
{ "type": "Feature", "properties": { "max_height": 0.000751495361328125, "mean_height": 6.8850633397232741e-05, "std_height": 0.00033553680987097323, "count_pixels": 41, "percent_cover": 0.031939921786142744, "percent_above_0.1m": 0.0, "low_level_<0.5": 0.0, "mid_level_0.5-2": 0.0, "tall_2+": 0.0 }, "geometry": { "type": "Point", "coordinates": [ 0.089713130276455, 51.663554582566093 ] } },
{ "type": "Feature", "properties": { "max_height": 0.002750396728515625, "mean_height": 3.814697265625e-05, "std_height": 0.00053863640641793609, "count_pixels": 42, "percent_cover": 0.032718944268731599, "percent_above_0.1m": 0.0, "low_level_<0.5": 0.0, "mid_level_0.5-2": 0.0, "tall_2+": 0.0 }, "geometry": { "type": "Point", "coordinates": [ 0.089913331053303, 51.663551020231303 ] } },
{ "type": "Feature", "properties": { "max_height": 0.001003265380859375, "mean_height": 0.00012679326755460352, "std_height": 0.00040906190406531096, "count_pixels": 42, "percent_cover": 0.032718944268731599, "percent_above_0.1m": 0.0, "low_level_<0.5": 0.0, "mid_level_0.5-2": 0.0, "tall_2+": 0.0 }, "geometry": { "type": "Point", "coordinates": [ 0.090113531788482, 51.663547457555389 ] } },
{ "type": "Feature", "properties": { "max_height": 0.001750946044921875, "mean_height": 3.7348549085436389e-05, "std_height": 0.00059414550196379423, "count_pixels": 43, "percent_cover": 0.03349796675132044, "percent_above_0.1m": 0.0, "low_level_<0.5": 0.0, "mid_level_0.5-2": 0.0, "tall_2+": 0.0 }, "geometry": { "type": "Point", "coordinates": [ 0.090313732481991, 51.66354389453835 ] } },
{ "type": "Feature", "properties": { "max_height": 0.000751495361328125, "mean_height": 4.3596541217993945e-05, "std_height": 0.00031761208083480597, "count_pixels": 42, "percent_cover": 0.032718944268731599, "percent_above_0.1m": 0.0, "low_level_<0.5": 0.0, "mid_level_0.5-2": 0.0, "tall_2+": 0.0 }, "geometry": { "type": "Point", "coordinates": [ 0.090513933133817, 51.663540331180172 ] } },
{ "type": "Feature", "properties": { "max_height": 0.0017547607421875, "mean_height": 0.00011383859964553267, "std_height": 0.00047941412776708603, "count_pixels": 38, "percent_cover": 0.029602854338376207, "percent_above_0.1m": 0.0, "low_level_<0.5": 0.0, "mid_level_0.5-2": 0.0, "tall_2+": 0.0 }, "geometry": { "type": "Point", "coordinates": [ 0.090714133743964, 51.663536767480871 ] } },
{ "type": "Feature", "properties": { "max_height": 4.4875030517578125, "mean_height": 0.51428192853927612, "std_height": 1.1258730888366699, "count_pixels": 42, "percent_cover": 0.032718944268731599, "percent_above_0.1m": 26.190476190476193, "low_level_<0.5": 4.7619047619047619, "mid_level_0.5-2": 11.904761904761903, "tall_2+": 9.5238095238095237 }, "geometry": { "type": "Point", "coordinates": [ 0.090914334312426, 51.663533203440451 ] } },
{ "type": "Feature", "properties": { "max_height": 9.375, "mean_height": 4.428001880645752, "std_height": 2.6271846294403076, "count_pixels": 42, "percent_cover": 0.032718944268731599, "percent_above_0.1m": 95.238095238095227, "low_level_<0.5": 4.7619047619047619, "mid_level_0.5-2": 9.5238095238095237, "tall_2+": 80.952380952380949 }, "geometry": { "type": "Point", "coordinates": [ 0.091114534839196, 51.663529639058879 ] } },
{ "type": "Feature", "properties": { "max_height": 7.0908546447753906, "mean_height": 1.3538917303085327, "std_height": 1.8390897512435913, "count_pixels": 42, "percent_cover": 0.032718944268731599, "percent_above_0.1m": 54.761904761904766, "low_level_<0.5": 7.1428571428571423, "mid_level_0.5-2": 14.285714285714285, "tall_2+": 30.952380952380953 }, "geometry": { "type": "Point", "coordinates": [ 0.083011324894095, 51.6637815515057 ] } },
{ "type": "Feature", "properties": { "max_height": 4.3375015258789062, "mean_height": 1.635730504989624, "std_height": 1.5044766664505005, "count_pixels": 42, "percent_cover": 0.032718944268731599, "percent_above_0.1m": 71.428571428571431, "low_level_<0.5": 7.1428571428571423, "mid_level_0.5-2": 28.571428571428569, "tall_2+": 35.714285714285715 }, "geometry": { "type": "Point", "coordinates": [ 0.083211527545106, 51.663778000585495 ] } },
{ "type": "Feature", "properties": { "max_height": 3.5627555847167969, "mean_height": 1.1894692182540894, "std_height": 1.0598601102828979, "count_pixels": 42, "percent_cover": 0.032718944268731599, "percent_above_0.1m": 76.19047619047619, "low_level_<0.5": 9.5238095238095237, "mid_level_0.5-2": 42.857142857142854, "tall_2+": 21.428571428571427 }, "geometry": { "type": "Point", "coordinates": [ 0.083411730154579, 51.663774449324166 ] } },
{ "type": "Feature", "properties": { "max_height": 4.6997528076171875, "mean_height": 1.0937999486923218, "std_height": 1.2984944581985474, "count_pixels": 42, "percent_cover": 0.032718944268731599, "percent_above_0.1m": 78.571428571428569, "low_level_<0.5": 21.428571428571427, "mid_level_0.5-2": 26.190476190476193, "tall_2+": 21.428571428571427 }, "geometry": { "type": "Point", "coordinates": [ 0.083611932722515, 51.66377089772169 ] } },
{ "type": "Feature", "properties": { "max_height": 9.477752685546875, "mean_height": 1.3920221328735352, "std_height": 2.1231746673583984, "count_pixels": 38, "percent_cover": 0.029602854338376207, "percent_above_0.1m": 52.631578947368418, "low_level_<0.5": 7.8947368421052628, "mid_level_0.5-2": 18.421052631578945, "tall_2+": 26.315789473684209 }, "geometry": { "type": "Point", "coordinates": [ 0.083812135248903, 51.663767345778083 ] } },
{ "type": "Feature", "properties": { "max_height": 10.801502227783203, "mean_height": 3.5387642383575439, "std_height": 2.3271732330322266, "count_pixels": 42, "percent_cover": 0.032718944268731599, "percent_above_0.1m": 95.238095238095227, "low_level_<0.5": 0.0, "mid_level_0.5-2": 16.666666666666664, "tall_2+": 76.19047619047619 }, "geometry": { "type": "Point", "coordinates": [ 0.084012337733744, 51.663763793493331 ] } },
{ "type": "Feature", "properties": { "max_height": 6.17950439453125, "mean_height": 2.2238001823425293, "std_height": 1.5360933542251587, "count_pixels": 42, "percent_cover": 0.032718944268731599, "percent_above_0.1m": 90.476190476190482, "low_level_<0.5": 4.7619047619047619, "mid_level_0.5-2": 23.809523809523807, "tall_2+": 59.523809523809526 }, "geometry": { "type": "Point", "coordinates": [ 0.084212540177031, 51.66376024086744 ] } },
{ "type": "Feature", "properties": { "max_height": 5.91650390625, "mean_height": 1.3145859241485596, "std_height": 1.5047006607055664, "count_pixels": 42, "percent_cover": 0.032718944268731599, "percent_above_0.1m": 73.80952380952381, "low_level_<0.5": 11.904761904761903, "mid_level_0.5-2": 38.095238095238095, "tall_2+": 21.428571428571427 }, "geometry": { "type": "Point", "coordinates": [ 0.084412742578768, 51.663756687900424 ] } },
{ "type": "Feature", "properties": { "max_height": 11.284000396728516, "mean_height": 2.2531239986419678, "std_height": 2.4962890148162842, "count_pixels": 41, "percent_cover": 0.031939921786142744, "percent_above_0.1m": 78.048780487804876, "low_level_<0.5": 12.195121951219512, "mid_level_0.5-2": 24.390243902439025, "tall_2+": 39.024390243902438 }, "geometry": { "type": "Point", "coordinates": [ 0.084612944938939, 51.66375313459227 ] } },
{ "type": "Feature", "properties": { "max_height": 11.047500610351562, "mean_height": 2.1759724617004395, "std_height": 2.6313076019287109, "count_pixels": 41, "percent_cover": 0.031939921786142744, "percent_above_0.1m": 82.926829268292678, "low_level_<0.5": 12.195121951219512, "mid_level_0.5-2": 31.707317073170731, "tall_2+": 36.585365853658537 }, "geometry": { "type": "Point", "coordinates": [ 0.084813147257545, 51.663749580942955 ] } },
{ "type": "Feature", "properties": { "max_height": 10.571002960205078, "mean_height": 2.5957467555999756, "std_height": 2.7435274124145508, "count_pixels": 42, "percent_cover": 0.032718944268731599, "percent_above_0.1m": 100.0, "low_level_<0.5": 16.666666666666664, "mid_level_0.5-2": 35.714285714285715, "tall_2+": 45.238095238095241 }, "geometry": { "type": "Point", "coordinates": [ 0.085013349534587, 51.663746026952531 ] } },
{ "type": "Feature", "properties": { "max_height": 10.188503265380859, "mean_height": 2.1540505886077881, "std_height": 1.9933675527572632, "count_pixels": 42, "percent_cover": 0.032718944268731599, "percent_above_0.1m": 97.61904761904762, "low_level_<0.5": 2.3809523809523809, "mid_level_0.5-2": 50.0, "tall_2+": 45.238095238095241 }, "geometry": { "type": "Point", "coordinates": [ 0.085213551770054, 51.66374247262096 ] } },
{ "type": "Feature", "properties": { "max_height": 2.8347549438476562, "mean_height": 1.4237895011901855, "std_height": 0.49984806776046753, "count_pixels": 41, "percent_cover": 0.031939921786142744, "percent_above_0.1m": 100.0, "low_level_<0.5": 2.4390243902439024, "mid_level_0.5-2": 82.926829268292678, "tall_2+": 14.634146341463413 }, "geometry": { "type": "Point", "coordinates": [ 0.085413753963944, 51.663738917948265 ] } },
{ "type": "Feature", "properties": { "max_height": 2.7337532043457031, "mean_height": 1.2957464456558228, "std_height": 0.64378702640533447, "count_pixels": 41, "percent_cover": 0.031939921786142744, "percent_above_0.1m": 100.0, "low_level_<0.5": 14.634146341463413, "mid_level_0.5-2": 70.731707317073173, "tall_2+": 14.634146341463413 }, "geometry": { "type": "Point", "coordinates": [ 0.085613956116258, 51.663735362934425 ] } },
{ "type": "Feature", "properties": { "max_height": 5.7927513122558594, "mean_height": 1.7876631021499634, "std_height": 1.3461548089981079, "count_pixels": 42, "percent_cover": 0.032718944268731599, "percent_above_0.1m": 97.61904761904762, "low_level_<0.5": 9.5238095238095237, "mid_level_0.5-2": 52.380952380952387, "tall_2+": 35.714285714285715 }, "geometry": { "type": "Point", "coordinates": [ 0.085814158226983, 51.663731807579438 ] } },
{ "type": "Feature", "properties": { "max_height": 5.4082527160644531, "mean_height": 1.9164848327636719, "std_height": 1.6263165473937988, "count_pixels": 42, "percent_cover": 0.032718944268731599, "percent_above_0.1m": 85.714285714285708, "low_level_<0.5": 19.047619047619047, "mid_level_0.5-2": 14.285714285714285, "tall_2+": 50.0 }, "geometry": { "type": "Point", "coordinates": [ 0.086014360296123, 51.663728251883327 ] } },
{ "type": "Feature", "properties": { "max_height": 5.3110580444335938, "mean_height": 1.0652523040771484, "std_height": 1.4756312370300293, "count_pixels": 42, "percent_cover": 0.032718944268731599, "percent_above_0.1m": 71.428571428571431, "low_level_<0.5": 19.047619047619047, "mid_level_0.5-2": 28.571428571428569, "tall_2+": 19.047619047619047 }, "geometry": { "type": "Point", "coordinates": [ 0.086214562323666, 51.663724695846099 ] } },
{ "type": "Feature", "properties": { "max_height": 7.5832290649414062, "mean_height": 2.3336739540100098, "std_height": 2.358384370803833, "count_pixels": 38, "percent_cover": 0.029602854338376207, "percent_above_0.1m": 78.94736842105263, "low_level_<0.5": 13.157894736842104, "mid_level_0.5-2": 23.684210526315788, "tall_2+": 42.105263157894733 }, "geometry": { "type": "Point", "coordinates": [ 0.086414764309619, 51.663721139467711 ] } },
{ "type": "Feature", "properties": { "max_height": 1.2337532043457031, "mean_height": 0.43065115809440613, "std_height": 0.4428674578666687, "count_pixels": 42, "percent_cover": 0.032718944268731599, "percent_above_0.1m": 57.142857142857139, "low_level_<0.5": 9.5238095238095237, "mid_level_0.5-2": 42.857142857142854, "tall_2+": 0.0 }, "geometry": { "type": "Point", "coordinates": [ 0.088616983408581, 51.663681996790629 ] } },
{ "type": "Feature", "properties": { "max_height": 0.014003753662109375, "mean_height": 0.00038310460513457656, "std_height": 0.0027137193828821182, "count_pixels": 42, "percent_cover": 0.032718944268731599, "percent_above_0.1m": 0.0, "low_level_<0.5": 0.0, "mid_level_0.5-2": 0.0, "tall_2+": 0.0 }, "geometry": { "type": "Point", "coordinates": [ 0.088817184895065, 51.663678436318648 ] } },
{ "type": "Feature", "properties": { "max_height": 0.00075531005859375, "mean_height": -0.00010544912947807461, "std_height": 0.00045387403224594891, "count_pixels": 42, "percent_cover": 0.032718944268731599, "percent_above_0.1m": 0.0, "low_level_<0.5": 0.0, "mid_level_0.5-2": 0.0, "tall_2+": 0.0 }, "geometry": { "type": "Point", "coordinates": [ 0.089017386339903, 51.663674875505521 ] } },
{ "type": "Feature", "properties": { "max_height": 0.00025177001953125, "mean_height": -0.00014274998102337122, "std_height": 0.0003229435533285141, "count_pixels": 38, "percent_cover": 0.029602854338376207, "percent_above_0.1m": 0.0, "low_level_<0.5": 0.0, "mid_level_0.5-2": 0.0, "tall_2+": 0.0 }, "geometry": { "type": "Point", "coordinates": [ 0.089217587743084, 51.663671314351269 ] } },
{ "type": "Feature", "properties": { "max_height": 0.00075531005859375, "mean_height": -1.5712919775978662e-05, "std_height": 0.00037604168755933642, "count_pixels": 42, "percent_cover": 0.032718944268731599, "percent_above_0.1m": 0.0, "low_level_<0.5": 0.0, "mid_level_0.5-2": 0.0, "tall_2+": 0.0 }, "geometry": { "type": "Point", "coordinates": [ 0.089417789104613, 51.663667752855886 ] } },
{ "type": "Feature", "properties": { "max_height": 0.00075531005859375, "mean_height": 2.0435878468560986e-05, "std_height": 0.00040193245513364673, "count_pixels": 42, "percent_cover": 0.032718944268731599, "percent_above_0.1m": 0.0, "low_level_<0.5": 0.0, "mid_level_0.5-2": 0.0, "tall_2+": 0.0 }, "geometry": { "type": "Point", "coordinates": [ 0.089617990424481, 51.663664191019343 ] } },
{ "type": "Feature", "properties": { "max_height": 0.0005035400390625, "mean_height": -8.1380210758652538e-05, "std_height": 0.00035247480263933539, "count_pixels": 42, "percent_cover": 0.032718944268731599, "percent_above_0.1m": 0.0, "low_level_<0.5": 0.0, "mid_level_0.5-2": 0.0, "tall_2+": 0.0 }, "geometry": { "type": "Point", "coordinates": [ 0.089818191702685, 51.66366062884169 ] } },
{ "type": "Feature", "properties": { "max_height": 0.003753662109375, "mean_height": 9.1552734375e-05, "std_height": 0.00067013670923188329, "count_pixels": 42, "percent_cover": 0.032718944268731599, "percent_above_0.1m": 0.0, "low_level_<0.5": 0.0, "mid_level_0.5-2": 0.0, "tall_2+": 0.0 }, "geometry": { "type": "Point", "coordinates": [ 0.090018392939222, 51.663657066322912 ] } },
{ "type": "Feature", "properties": { "max_height": 0.44675064086914062, "mean_height": 0.017849620431661606, "std_height": 0.077099941670894623, "count_pixels": 41, "percent_cover": 0.031939921786142744, "percent_above_0.1m": 4.8780487804878048, "low_level_<0.5": 4.8780487804878048, "mid_level_0.5-2": 0.0, "tall_2+": 0.0 }, "geometry": { "type": "Point", "coordinates": [ 0.090218594134083, 51.663653503462982 ] } },
{ "type": "Feature", "properties": { "max_height": 5.6635017395019531, "mean_height": 0.74353212118148804, "std_height": 1.4865134954452515, "count_pixels": 41, "percent_cover": 0.031939921786142744, "percent_above_0.1m": 31.707317073170731, "low_level_<0.5": 2.4390243902439024, "mid_level_0.5-2": 14.634146341463413, "tall_2+": 14.634146341463413 }, "geometry": { "type": "Point", "coordinates": [ 0.090418795287272, 51.663649940261934 ] } },
{ "type": "Feature", "properties": { "max_height": 4.5500068664550781, "mean_height": 0.93202555179595947, "std_height": 1.3187302350997925, "count_pixels": 42, "percent_cover": 0.032718944268731599, "percent_above_0.1m": 47.619047619047613, "low_level_<0.5": 2.3809523809523809, "mid_level_0.5-2": 28.571428571428569, "tall_2+": 16.666666666666664 }, "geometry": { "type": "Point", "coordinates": [ 0.09061899639878, 51.663646376719747 ] } },
{ "type": "Feature", "properties": { "max_height": 4.0317497253417969, "mean_height": 0.90114474296569824, "std_height": 1.1597681045532227, "count_pixels": 42, "percent_cover": 0.032718944268731599, "percent_above_0.1m": 57.142857142857139, "low_level_<0.5": 7.1428571428571423, "mid_level_0.5-2": 28.571428571428569, "tall_2+": 16.666666666666664 }, "geometry": { "type": "Point", "coordinates": [ 0.0908191974686, 51.663642812836436 ] } },
{ "type": "Feature", "properties": { "max_height": 4.2932510375976562, "mean_height": 1.2456300258636475, "std_height": 1.1469682455062866, "count_pixels": 41, "percent_cover": 0.031939921786142744, "percent_above_0.1m": 78.048780487804876, "low_level_<0.5": 7.3170731707317067, "mid_level_0.5-2": 48.780487804878049, "tall_2+": 21.951219512195124 }, "geometry": { "type": "Point", "coordinates": [ 0.091019398496736, 51.663639248611986 ] } },
{ "type": "Feature", "properties": { "max_height": 7.3646125793457031, "mean_height": 1.8905210494995117, "std_height": 2.0794758796691895, "count_pixels": 38, "percent_cover": 0.029602854338376207, "percent_above_0.1m": 63.157894736842103, "low_level_<0.5": 5.2631578947368416, "mid_level_0.5-2": 10.526315789473683, "tall_2+": 44.736842105263158 }, "geometry": { "type": "Point", "coordinates": [ 0.082315558332495, 51.663901804941055 ] } },
{ "type": "Feature", "properties": { "max_height": 10.125503540039062, "mean_height": 3.1474239826202393, "std_height": 2.8956358432769775, "count_pixels": 42, "percent_cover": 0.032718944268731599, "percent_above_0.1m": 83.333333333333343, "low_level_<0.5": 7.1428571428571423, "mid_level_0.5-2": 19.047619047619047, "tall_2+": 54.761904761904766 }, "geometry": { "type": "Point", "coordinates": [ 0.082515761609391, 51.663898255201453 ] } },
{ "type": "Feature", "properties": { "max_height": 8.2075042724609375, "mean_height": 2.387932300567627, "std_height": 2.2655997276306152, "count_pixels": 43, "percent_cover": 0.03349796675132044, "percent_above_0.1m": 88.372093023255815, "low_level_<0.5": 9.3023255813953494, "mid_level_0.5-2": 27.906976744186046, "tall_2+": 46.511627906976742 }, "geometry": { "type": "Point", "coordinates": [ 0.082715964844757, 51.663894705120697 ] } },
{ "type": "Feature", "properties": { "max_height": 5.1037521362304688, "mean_height": 1.4028478860855103, "std_height": 1.6286925077438354, "count_pixels": 42, "percent_cover": 0.032718944268731599, "percent_above_0.1m": 57.142857142857139, "low_level_<0.5": 2.3809523809523809, "mid_level_0.5-2": 19.047619047619047, "tall_2+": 35.714285714285715 }, "geometry": { "type": "Point", "coordinates": [ 0.082916168038605, 51.663891154698817 ] } },
{ "type": "Feature", "properties": { "max_height": 3.1700019836425781, "mean_height": 0.80509757995605469, "std_height": 0.96736937761306763, "count_pixels": 42, "percent_cover": 0.032718944268731599, "percent_above_0.1m": 66.666666666666657, "low_level_<0.5": 19.047619047619047, "mid_level_0.5-2": 23.809523809523807, "tall_2+": 16.666666666666664 }, "geometry": { "type": "Point", "coordinates": [ 0.083116371190912, 51.663887603935784 ] } },
{ "type": "Feature", "properties": { "max_height": 4.1147537231445312, "mean_height": 1.1279658079147339, "std_height": 0.95634150505065918, "count_pixels": 41, "percent_cover": 0.031939921786142744, "percent_above_0.1m": 95.121951219512198, "low_level_<0.5": 19.512195121951219, "mid_level_0.5-2": 58.536585365853654, "tall_2+": 17.073170731707318 }, "geometry": { "type": "Point", "coordinates": [ 0.083316574301691, 51.663884052831627 ] } },
{ "type": "Feature", "properties": { "max_height": 4.6285018920898438, "mean_height": 0.50471115112304688, "std_height": 0.91732329130172729, "count_pixels": 42, "percent_cover": 0.032718944268731599, "percent_above_0.1m": 50.0, "low_level_<0.5": 21.428571428571427, "mid_level_0.5-2": 23.809523809523807, "tall_2+": 4.7619047619047619 }, "geometry": { "type": "Point", "coordinates": [ 0.083516777370933, 51.66388050138633 ] } },
{ "type": "Feature", "properties": { "max_height": 5.1342506408691406, "mean_height": 0.80516886711120605, "std_height": 1.1496118307113647, "count_pixels": 42, "percent_cover": 0.032718944268731599, "percent_above_0.1m": 64.285714285714292, "low_level_<0.5": 14.285714285714285, "mid_level_0.5-2": 35.714285714285715, "tall_2+": 11.904761904761903 }, "geometry": { "type": "Point", "coordinates": [ 0.083716980398629, 51.663876949599874 ] } },
{ "type": "Feature", "properties": { "max_height": 7.5590019226074219, "mean_height": 1.7080862522125244, "std_height": 1.726151704788208, "count_pixels": 42, "percent_cover": 0.032718944268731599, "percent_above_0.1m": 90.476190476190482, "low_level_<0.5": 23.809523809523807, "mid_level_0.5-2": 33.333333333333329, "tall_2+": 30.952380952380953 }, "geometry": { "type": "Point", "coordinates": [ 0.083917183384775, 51.663873397472301 ] } },
{ "type": "Feature", "properties": { "max_height": 10.78125, "mean_height": 2.8347280025482178, "std_height": 2.5596799850463867, "count_pixels": 41, "percent_cover": 0.031939921786142744, "percent_above_0.1m": 95.121951219512198, "low_level_<0.5": 7.3170731707317067, "mid_level_0.5-2": 36.585365853658537, "tall_2+": 48.780487804878049 }, "geometry": { "type": "Point", "coordinates": [ 0.084117386329378, 51.663869845003582 ] } },
{ "type": "Feature", "properties": { "max_height": 4.5522537231445312, "mean_height": 2.0753300189971924, "std_height": 1.2282599210739136, "count_pixels": 42, "percent_cover": 0.032718944268731599, "percent_above_0.1m": 97.61904761904762, "low_level_<0.5": 4.7619047619047619, "mid_level_0.5-2": 40.476190476190474, "tall_2+": 50.0 }, "geometry": { "type": "Point", "coordinates": [ 0.084317589232421, 51.663866292193717 ] } },
{ "type": "Feature", "properties": { "max_height": 8.662750244140625, "mean_height": 2.2591335773468018, "std_height": 1.719560980796814, "count_pixels": 42, "percent_cover": 0.032718944268731599, "percent_above_0.1m": 97.61904761904762, "low_level_<0.5": 4.7619047619047619, "mid_level_0.5-2": 50.0, "tall_2+": 42.857142857142854 }, "geometry": { "type": "Point", "coordinates": [ 0.084517792093906, 51.663862739042706 ] } },
{ "type": "Feature", "properties": { "max_height": 2.967254638671875, "mean_height": 0.74221724271774292, "std_height": 0.74293816089630127, "count_pixels": 43, "percent_cover": 0.03349796675132044, "percent_above_0.1m": 72.093023255813947, "low_level_<0.5": 23.255813953488371, "mid_level_0.5-2": 44.186046511627907, "tall_2+": 4.6511627906976747 }, "geometry": { "type": "Point", "coordinates": [ 0.084717994913834, 51.663859185550592 ] } },
{ "type": "Feature", "properties": { "max_height": 2.9692535400390625, "mean_height": 1.2112584114074707, "std_height": 0.83401232957839966, "count_pixels": 42, "percent_cover": 0.032718944268731599, "percent_above_0.1m": 85.714285714285708, "low_level_<0.5": 9.5238095238095237, "mid_level_0.5-2": 57.142857142857139, "tall_2+": 19.047619047619047 }, "geometry": { "type": "Point", "coordinates": [ 0.084918197692188, 51.663855631717318 ] } },
{ "type": "Feature", "properties": { "max_height": 3.9752540588378906, "mean_height": 2.0779173374176025, "std_height": 1.110139012336731, "count_pixels": 38, "percent_cover": 0.029602854338376207, "percent_above_0.1m": 100.0, "low_level_<0.5": 10.526315789473683, "mid_level_0.5-2": 39.473684210526315, "tall_2+": 50.0 }, "geometry": { "type": "Point", "coordinates": [ 0.085118400428973, 51.663852077542913 ] } },
{ "type": "Feature", "properties": { "max_height": 3.5795021057128906, "mean_height": 0.83658516407012939, "std_height": 0.90421116352081299, "count_pixels": 42, "percent_cover": 0.032718944268731599, "percent_above_0.1m": 73.80952380952381, "low_level_<0.5": 19.047619047619047, "mid_level_0.5-2": 40.476190476190474, "tall_2+": 11.904761904761903 }, "geometry": { "type": "Point", "coordinates": [ 0.085318603124187, 51.663848523027362 ] } },
{ "type": "Feature", "properties": { "max_height": 4.0115013122558594, "mean_height": 0.41168859601020813, "std_height": 0.68240541219711304, "count_pixels": 43, "percent_cover": 0.03349796675132044, "percent_above_0.1m": 60.465116279069761, "low_level_<0.5": 32.558139534883722, "mid_level_0.5-2": 23.255813953488371, "tall_2+": 2.3255813953488373 }, "geometry": { "type": "Point", "coordinates": [ 0.085518805777818, 51.6638449681707 ] } },
{ "type": "Feature", "properties": { "max_height": 3.5512542724609375, "mean_height": 0.90488934516906738, "std_height": 0.92009729146957397, "count_pixels": 42, "percent_cover": 0.032718944268731599, "percent_above_0.1m": 88.095238095238088, "low_level_<0.5": 21.428571428571427, "mid_level_0.5-2": 50.0, "tall_2+": 9.5238095238095237 }, "geometry": { "type": "Point", "coordinates": [ 0.085719008389868, 51.663841412972872 ] } },
{ "type": "Feature", "properties": { "max_height": 5.3457527160644531, "mean_height": 1.3544608354568481, "std_height": 1.3455839157104492, "count_pixels": 42, "percent_cover": 0.032718944268731599, "percent_above_0.1m": 83.333333333333343, "low_level_<0.5": 14.285714285714285, "mid_level_0.5-2": 40.476190476190474, "tall_2+": 23.809523809523807 }, "geometry": { "type": "Point", "coordinates": [ 0.085919210960334, 51.663837857433904 ] } },
{ "type": "Feature", "properties": { "max_height": 3.8602523803710938, "mean_height": 0.9687458872795105, "std_height": 0.9571719765663147, "count_pixels": 41, "percent_cover": 0.031939921786142744, "percent_above_0.1m": 90.243902439024396, "low_level_<0.5": 26.829268292682929, "mid_level_0.5-2": 48.780487804878049, "tall_2+": 9.7560975609756095 }, "geometry": { "type": "Point", "coordinates": [ 0.086119413489208, 51.663834301553813 ] } },
{ "type": "Feature", "properties": { "max_height": 3.180999755859375, "mean_height": 0.87688910961151123, "std_height": 0.9020007848739624, "count_pixels": 42, "percent_cover": 0.032718944268731599, "percent_above_0.1m": 71.428571428571431, "low_level_<0.5": 14.285714285714285, "mid_level_0.5-2": 40.476190476190474, "tall_2+": 11.904761904761903 }, "geometry": { "type": "Point", "coordinates": [ 0.086319615976487, 51.663830745332589 ] } },
{ "type": "Feature", "properties": { "max_height": 6.2260017395019531, "mean_height": 1.5244300365447998, "std_height": 1.4658125638961792, "count_pixels": 42, "percent_cover": 0.032718944268731599, "percent_above_0.1m": 88.095238095238088, "low_level_<0.5": 9.5238095238095237, "mid_level_0.5-2": 45.238095238095241, "tall_2+": 28.571428571428569 }, "geometry": { "type": "Point", "coordinates": [ 0.086519818422165, 51.66382718877022 ] } },
{ "type": "Feature", "properties": { "max_height": 8.9515838623046875, "mean_height": 2.0445513725280762, "std_height": 2.3865461349487305, "count_pixels": 42, "percent_cover": 0.032718944268731599, "percent_above_0.1m": 69.047619047619051, "low_level_<0.5": 7.1428571428571423, "mid_level_0.5-2": 23.809523809523807, "tall_2+": 38.095238095238095 }, "geometry": { "type": "Point", "coordinates": [ 0.086720020826244, 51.66382363186672 ] } },
{ "type": "Feature", "properties": { "max_height": 3.7555046081542969, "mean_height": 1.1277998685836792, "std_height": 1.0062474012374878, "count_pixels": 42, "percent_cover": 0.032718944268731599, "percent_above_0.1m": 88.095238095238088, "low_level_<0.5": 21.428571428571427, "mid_level_0.5-2": 42.857142857142854, "tall_2+": 21.428571428571427 }, "geometry": { "type": "Point", "coordinates": [ 0.088521840590173, 51.663791604384087 ] } },
{ "type": "Feature", "properties": { "max_height": 0.001750946044921875, "mean_height": -0.00011725652439054102, "std_height": 0.00063183915335685015, "count_pixels": 42, "percent_cover": 0.032718944268731599, "percent_above_0.1m": 0.0, "low_level_<0.5": 0.0, "mid_level_0.5-2": 0.0, "tall_2+": 0.0 }, "geometry": { "type": "Point", "coordinates": [ 0.088722042578004, 51.663788044069214 ] } },
{ "type": "Feature", "properties": { "max_height": 0.0005035400390625, "mean_height": -3.9077385736163706e-06, "std_height": 0.00036885065492242575, "count_pixels": 41, "percent_cover": 0.031939921786142744, "percent_above_0.1m": 0.0, "low_level_<0.5": 0.0, "mid_level_0.5-2": 0.0, "tall_2+": 0.0 }, "geometry": { "type": "Point", "coordinates": [ 0.088922244524191, 51.663784483413231 ] } },
{ "type": "Feature", "properties": { "max_height": 0.0017547607421875, "mean_height": 9.1825211711693555e-05, "std_height": 0.00049345043953508139, "count_pixels": 42, "percent_cover": 0.032718944268731599, "percent_above_0.1m": 0.0, "low_level_<0.5": 0.0, "mid_level_0.5-2": 0.0, "tall_2+": 0.0 }, "geometry": { "type": "Point", "coordinates": [ 0.089122446428723, 51.663780922416095 ] } },
{ "type": "Feature", "properties": { "max_height": 0.00150299072265625, "mean_height": -7.5567339081317186e-05, "std_height": 0.0012194488663226366, "count_pixels": 42, "percent_cover": 0.032718944268731599, "percent_above_0.1m": 0.0, "low_level_<0.5": 0.0, "mid_level_0.5-2": 0.0, "tall_2+": 0.0 }, "geometry": { "type": "Point", "coordinates": [ 0.089322648291607, 51.663777361077841 ] } },
{ "type": "Feature", "properties": { "max_height": 0.0017547607421875, "mean_height": 1.4168875168252271e-05, "std_height": 0.00040828829514794052, "count_pixels": 42, "percent_cover": 0.032718944268731599, "percent_above_0.1m": 0.0, "low_level_<0.5": 0.0, "mid_level_0.5-2": 0.0, "tall_2+": 0.0 }, "geometry": { "type": "Point", "coordinates": [ 0.089522850112832, 51.663773799398449 ] } },
{ "type": "Feature", "properties": { "max_height": 0.10300064086914062, "mean_height": 0.0045144613832235336, "std_height": 0.018592741340398788, "count_pixels": 41, "percent_cover": 0.031939921786142744, "percent_above_0.1m": 2.4390243902439024, "low_level_<0.5": 0.0, "mid_level_0.5-2": 0.0, "tall_2+": 0.0 }, "geometry": { "type": "Point", "coordinates": [ 0.08972305189239, 51.663770237377918 ] } },
{ "type": "Feature", "properties": { "max_height": 2.3805007934570312, "mean_height": 0.40423393249511719, "std_height": 0.67395180463790894, "count_pixels": 42, "percent_cover": 0.032718944268731599, "percent_above_0.1m": 38.095238095238095, "low_level_<0.5": 9.5238095238095237, "mid_level_0.5-2": 23.809523809523807, "tall_2+": 4.7619047619047619 }, "geometry": { "type": "Point", "coordinates": [ 0.089923253630287, 51.663766675016255 ] } },
{ "type": "Feature", "properties": { "max_height": 4.6090011596679688, "mean_height": 1.3683592081069946, "std_height": 1.1247391700744629, "count_pixels": 42, "percent_cover": 0.032718944268731599, "percent_above_0.1m": 85.714285714285708, "low_level_<0.5": 14.285714285714285, "mid_level_0.5-2": 42.857142857142854, "tall_2+": 26.190476190476193 }, "geometry": { "type": "Point", "coordinates": [ 0.090123455326507, 51.663763112313468 ] } },
{ "type": "Feature", "properties": { "max_height": 8.0865020751953125, "mean_height": 2.3901302814483643, "std_height": 1.478496789932251, "count_pixels": 43, "percent_cover": 0.03349796675132044, "percent_above_0.1m": 100.0, "low_level_<0.5": 6.9767441860465116, "mid_level_0.5-2": 34.883720930232556, "tall_2+": 55.813953488372093 }, "geometry": { "type": "Point", "coordinates": [ 0.090323656981058, 51.663759549269535 ] } },
{ "type": "Feature", "properties": { "max_height": 9.4912490844726562, "mean_height": 2.7914128303527832, "std_height": 2.3370871543884277, "count_pixels": 42, "percent_cover": 0.032718944268731599, "percent_above_0.1m": 95.238095238095227, "low_level_<0.5": 7.1428571428571423, "mid_level_0.5-2": 33.333333333333329, "tall_2+": 52.380952380952387 }, "geometry": { "type": "Point", "coordinates": [ 0.090523858593927, 51.663755985884471 ] } },
{ "type": "Feature", "properties": { "max_height": 8.2757492065429688, "mean_height": 3.6025607585906982, "std_height": 2.003936767578125, "count_pixels": 38, "percent_cover": 0.029602854338376207, "percent_above_0.1m": 97.368421052631575, "low_level_<0.5": 2.6315789473684208, "mid_level_0.5-2": 21.052631578947366, "tall_2+": 73.68421052631578 }, "geometry": { "type": "Point", "coordinates": [ 0.090724060165117, 51.663752422158289 ] } },
{ "type": "Feature", "properties": { "max_height": 10.934501647949219, "mean_height": 7.2401442527770996, "std_height": 2.4749982357025146, "count_pixels": 42, "percent_cover": 0.032718944268731599, "percent_above_0.1m": 100.0, "low_level_<0.5": 0.0, "mid_level_0.5-2": 2.3809523809523809, "tall_2+": 97.61904761904762 }, "geometry": { "type": "Point", "coordinates": [ 0.090924261694615, 51.663748858090955 ] } },
{ "type": "Feature", "properties": { "max_height": 16.438255310058594, "mean_height": 10.399735450744629, "std_height": 3.0781610012054443, "count_pixels": 42, "percent_cover": 0.032718944268731599, "percent_above_0.1m": 100.0, "low_level_<0.5": 0.0, "mid_level_0.5-2": 0.0, "tall_2+": 100.0 }, "geometry": { "type": "Point", "coordinates": [ 0.08161978800414, 51.664022054325876 ] } },
{ "type": "Feature", "properties": { "max_height": 8.2037506103515625, "mean_height": 1.8709733486175537, "std_height": 2.3708498477935791, "count_pixels": 42, "percent_cover": 0.032718944268731599, "percent_above_0.1m": 71.428571428571431, "low_level_<0.5": 14.285714285714285, "mid_level_0.5-2": 21.428571428571427, "tall_2+": 33.333333333333329 }, "geometry": { "type": "Point", "coordinates": [ 0.081819991833548, 51.664018505730247 ] } },
{ "type": "Feature", "properties": { "max_height": 6.8916511535644531, "mean_height": 1.9024151563644409, "std_height": 2.1352901458740234, "count_pixels": 41, "percent_cover": 0.031939921786142744, "percent_above_0.1m": 68.292682926829272, "low_level_<0.5": 14.634146341463413, "mid_level_0.5-2": 7.3170731707317067, "tall_2+": 43.902439024390247 }, "geometry": { "type": "Point", "coordinates": [ 0.082020195693631, 51.664014956829725 ] } },
{ "type": "Feature", "properties": { "max_height": 8.152252197265625, "mean_height": 2.1006155014038086, "std_height": 1.9235519170761108, "count_pixels": 42, "percent_cover": 0.032718944268731599, "percent_above_0.1m": 88.095238095238088, "low_level_<0.5": 2.3809523809523809, "mid_level_0.5-2": 45.238095238095241, "tall_2+": 40.476190476190474 }, "geometry": { "type": "Point", "coordinates": [ 0.082220399513341, 51.66401140758844 ] } },
{ "type": "Feature", "properties": { "max_height": 4.72900390625, "mean_height": 1.5347821712493896, "std_height": 1.3251446485519409, "count_pixels": 42, "percent_cover": 0.032718944268731599, "percent_above_0.1m": 83.333333333333343, "low_level_<0.5": 2.3809523809523809, "mid_level_0.5-2": 50.0, "tall_2+": 26.190476190476193 }, "geometry": { "type": "Point", "coordinates": [ 0.082420603291531, 51.664007858006016 ] } },
{ "type": "Feature", "properties": { "max_height": 7.7132530212402344, "mean_height": 1.3326367139816284, "std_height": 1.7902122735977173, "count_pixels": 41, "percent_cover": 0.031939921786142744, "percent_above_0.1m": 73.170731707317074, "low_level_<0.5": 17.073170731707318, "mid_level_0.5-2": 29.268292682926827, "tall_2+": 24.390243902439025 }, "geometry": { "type": "Point", "coordinates": [ 0.082620807028203, 51.664004308082447 ] } },
{ "type": "Feature", "properties": { "max_height": 4.8807525634765625, "mean_height": 1.2838807106018066, "std_height": 1.3594757318496704, "count_pixels": 41, "percent_cover": 0.031939921786142744, "percent_above_0.1m": 90.243902439024396, "low_level_<0.5": 24.390243902439025, "mid_level_0.5-2": 36.585365853658537, "tall_2+": 24.390243902439025 }, "geometry": { "type": "Point", "coordinates": [ 0.082821010723351, 51.664000757817732 ] } },
{ "type": "Feature", "properties": { "max_height": 3.8670005798339844, "mean_height": 0.48605608940124512, "std_height": 0.80870938301086426, "count_pixels": 42, "percent_cover": 0.032718944268731599, "percent_above_0.1m": 47.619047619047613, "low_level_<0.5": 9.5238095238095237, "mid_level_0.5-2": 28.571428571428569, "tall_2+": 4.7619047619047619 }, "geometry": { "type": "Point", "coordinates": [ 0.083021214376966, 51.663997207211885 ] } },
{ "type": "Feature", "properties": { "max_height": 2.5880012512207031, "mean_height": 0.50410997867584229, "std_height": 0.56956052780151367, "count_pixels": 42, "percent_cover": 0.032718944268731599, "percent_above_0.1m": 66.666666666666657, "low_level_<0.5": 14.285714285714285, "mid_level_0.5-2": 40.476190476190474, "tall_2+": 2.3809523809523809 }, "geometry": { "type": "Point", "coordinates": [ 0.083221417989049, 51.663993656264886 ] } },
{ "type": "Feature", "properties": { "max_height": 2.1645011901855469, "mean_height": 0.78977042436599731, "std_height": 0.57333070039749146, "count_pixels": 42, "percent_cover": 0.032718944268731599, "percent_above_0.1m": 78.571428571428569, "low_level_<0.5": 11.904761904761903, "mid_level_0.5-2": 61.904761904761905, "tall_2+": 4.7619047619047619 }, "geometry": { "type": "Point", "coordinates": [ 0.0834216215596, 51.663990104976754 ] } },
{ "type": "Feature", "properties": { "max_height": 0.80350494384765625, "mean_height": 0.17303276062011719, "std_height": 0.21148777008056641, "count_pixels": 42, "percent_cover": 0.032718944268731599, "percent_above_0.1m": 54.761904761904766, "low_level_<0.5": 33.333333333333329, "mid_level_0.5-2": 7.1428571428571423, "tall_2+": 0.0 }, "geometry": { "type": "Point", "coordinates": [ 0.0836218250886, 51.663986553347478 ] } },
{ "type": "Feature", "properties": { "max_height": 6.2895050048828125, "mean_height": 0.89148932695388794, "std_height": 1.1051075458526611, "count_pixels": 38, "percent_cover": 0.029602854338376207, "percent_above_0.1m": 76.31578947368422, "low_level_<0.5": 18.421052631578945, "mid_level_0.5-2": 44.736842105263158, "tall_2+": 10.526315789473683 }, "geometry": { "type": "Point", "coordinates": [ 0.083822028576064, 51.663983001377076 ] } },
{ "type": "Feature", "properties": { "max_height": 2.7557525634765625, "mean_height": 0.81325864791870117, "std_height": 0.70076030492782593, "count_pixels": 42, "percent_cover": 0.032718944268731599, "percent_above_0.1m": 80.952380952380949, "low_level_<0.5": 19.047619047619047, "mid_level_0.5-2": 54.761904761904766, "tall_2+": 7.1428571428571423 }, "geometry": { "type": "Point", "coordinates": [ 0.084022232021976, 51.663979449065508 ] } },
{ "type": "Feature", "properties": { "max_height": 3.8570022583007812, "mean_height": 1.9091932773590088, "std_height": 0.78988140821456909, "count_pixels": 42, "percent_cover": 0.032718944268731599, "percent_above_0.1m": 100.0, "low_level_<0.5": 4.7619047619047619, "mid_level_0.5-2": 47.619047619047613, "tall_2+": 47.619047619047613 }, "geometry": { "type": "Point", "coordinates": [ 0.084222435426333, 51.663975896412836 ] } },
{ "type": "Feature", "properties": { "max_height": 6.9604988098144531, "mean_height": 1.8276926279067993, "std_height": 1.2133334875106812, "count_pixels": 42, "percent_cover": 0.032718944268731599, "percent_above_0.1m": 100.0, "low_level_<0.5": 7.1428571428571423, "mid_level_0.5-2": 50.0, "tall_2+": 42.857142857142854 }, "geometry": { "type": "Point", "coordinates": [ 0.084422638789137, 51.663972343418997 ] } },
{ "type": "Feature", "properties": { "max_height": 7.4487495422363281, "mean_height": 1.6921303272247314, "std_height": 1.4070955514907837, "count_pixels": 41, "percent_cover": 0.031939921786142744, "percent_above_0.1m": 100.0, "low_level_<0.5": 7.3170731707317067, "mid_level_0.5-2": 68.292682926829272, "tall_2+": 24.390243902439025 }, "geometry": { "type": "Point", "coordinates": [ 0.084622842110379, 51.663968790084013 ] } },
{ "type": "Feature", "properties": { "max_height": 7.4085044860839844, "mean_height": 1.3464047908782959, "std_height": 1.4007292985916138, "count_pixels": 41, "percent_cover": 0.031939921786142744, "percent_above_0.1m": 90.243902439024396, "low_level_<0.5": 14.634146341463413, "mid_level_0.5-2": 51.219512195121951, "tall_2+": 21.951219512195124 }, "geometry": { "type": "Point", "coordinates": [ 0.084823045390053, 51.663965236407918 ] } },
{ "type": "Feature", "properties": { "max_height": 5.8900032043457031, "mean_height": 0.56844884157180786, "std_height": 1.2469394207000732, "count_pixels": 42, "percent_cover": 0.032718944268731599, "percent_above_0.1m": 45.238095238095241, "low_level_<0.5": 16.666666666666664, "mid_level_0.5-2": 19.047619047619047, "tall_2+": 4.7619047619047619 }, "geometry": { "type": "Point", "coordinates": [ 0.085023248628163, 51.663961682390685 ] } },
{ "type": "Feature", "properties": { "max_height": 3.1604995727539062, "mean_height": 0.45753797888755798, "std_height": 0.81750118732452393, "count_pixels": 42, "percent_cover": 0.032718944268731599, "percent_above_0.1m": 38.095238095238095, "low_level_<0.5": 7.1428571428571423, "mid_level_0.5-2": 16.666666666666664, "tall_2+": 9.5238095238095237 }, "geometry": { "type": "Point", "coordinates": [ 0.085223451824697, 51.663958128032284 ] } },
{ "type": "Feature", "properties": { "max_height": 2.561004638671875, "mean_height": 0.79998385906219482, "std_height": 0.64221906661987305, "count_pixels": 41, "percent_cover": 0.031939921786142744, "percent_above_0.1m": 78.048780487804876, "low_level_<0.5": 17.073170731707318, "mid_level_0.5-2": 56.09756097560976, "tall_2+": 4.8780487804878048 }, "geometry": { "type": "Point", "coordinates": [ 0.085423654979654, 51.663954573332767 ] } },
{ "type": "Feature", "properties": { "max_height": 6.1165008544921875, "mean_height": 1.6861612796783447, "std_height": 1.5546029806137085, "count_pixels": 41, "percent_cover": 0.031939921786142744, "percent_above_0.1m": 78.048780487804876, "low_level_<0.5": 12.195121951219512, "mid_level_0.5-2": 29.268292682926827, "tall_2+": 36.585365853658537 }, "geometry": { "type": "Point", "coordinates": [ 0.085623858093028, 51.663951018292089 ] } },
{ "type": "Feature", "properties": { "max_height": 4.2185020446777344, "mean_height": 1.1217166185379028, "std_height": 1.1781805753707886, "count_pixels": 42, "percent_cover": 0.032718944268731599, "percent_above_0.1m": 69.047619047619051, "low_level_<0.5": 9.5238095238095237, "mid_level_0.5-2": 33.333333333333329, "tall_2+": 23.809523809523807 }, "geometry": { "type": "Point", "coordinates": [ 0.08582406116482, 51.663947462910286 ] } },
{ "type": "Feature", "properties": { "max_height": 2.2110023498535156, "mean_height": 0.72209721803665161, "std_height": 0.50023788213729858, "count_pixels": 42, "percent_cover": 0.032718944268731599, "percent_above_0.1m": 88.095238095238088, "low_level_<0.5": 21.428571428571427, "mid_level_0.5-2": 64.285714285714292, "tall_2+": 2.3809523809523809 }, "geometry": { "type": "Point", "coordinates": [ 0.086024264195024, 51.663943907187353 ] } },
{ "type": "Feature", "properties": { "max_height": 2.131500244140625, "mean_height": 0.39615702629089355, "std_height": 0.48521283268928528, "count_pixels": 42, "percent_cover": 0.032718944268731599, "percent_above_0.1m": 59.523809523809526, "low_level_<0.5": 28.571428571428569, "mid_level_0.5-2": 26.190476190476193, "tall_2+": 2.3809523809523809 }, "geometry": { "type": "Point", "coordinates": [ 0.086224467183635, 51.663940351123273 ] } },
{ "type": "Feature", "properties": { "max_height": 2.2440071105957031, "mean_height": 0.26798227429389954, "std_height": 0.42869362235069275, "count_pixels": 38, "percent_cover": 0.029602854338376207, "percent_above_0.1m": 47.368421052631575, "low_level_<0.5": 23.684210526315788, "mid_level_0.5-2": 18.421052631578945, "tall_2+": 2.6315789473684208 }, "geometry": { "type": "Point", "coordinates": [ 0.086424670130649, 51.663936794718062 ] } },
{ "type": "Feature", "properties": { "max_height": 7.4020004272460938, "mean_height": 1.4846693277359009, "std_height": 1.9428399801254272, "count_pixels": 42, "percent_cover": 0.032718944268731599, "percent_above_0.1m": 69.047619047619051, "low_level_<0.5": 9.5238095238095237, "mid_level_0.5-2": 35.714285714285715, "tall_2+": 23.809523809523807 }, "geometry": { "type": "Point", "coordinates": [ 0.086624873036057, 51.66393323797169 ] } },
{ "type": "Feature", "properties": { "max_height": 3.6936912536621094, "mean_height": 0.93619394302368164, "std_height": 0.81683564186096191, "count_pixels": 42, "percent_cover": 0.032718944268731599, "percent_above_0.1m": 88.095238095238088, "low_level_<0.5": 21.428571428571427, "mid_level_0.5-2": 54.761904761904766, "tall_2+": 9.5238095238095237 }, "geometry": { "type": "Point", "coordinates": [ 0.086825075899866, 51.663929680884216 ] } },
{ "type": "Feature", "properties": { "max_height": 9.389251708984375, "mean_height": 1.302202582359314, "std_height": 1.7307713031768799, "count_pixels": 42, "percent_cover": 0.032718944268731599, "percent_above_0.1m": 88.095238095238088, "low_level_<0.5": 19.047619047619047, "mid_level_0.5-2": 45.238095238095241, "tall_2+": 21.428571428571427 }, "geometry": { "type": "Point", "coordinates": [ 0.087025278722064, 51.663926123455589 ] } },
{ "type": "Feature", "properties": { "max_height": 6.12432861328125, "mean_height": 2.5003645420074463, "std_height": 1.7082059383392334, "count_pixels": 42, "percent_cover": 0.032718944268731599, "percent_above_0.1m": 90.476190476190482, "low_level_<0.5": 9.5238095238095237, "mid_level_0.5-2": 16.666666666666664, "tall_2+": 61.904761904761905 }, "geometry": { "type": "Point", "coordinates": [ 0.087225481502649, 51.66392256568583 ] } },
{ "type": "Feature", "properties": { "max_height": 6.0275001525878906, "mean_height": 0.66568082571029663, "std_height": 1.1265543699264526, "count_pixels": 42, "percent_cover": 0.032718944268731599, "percent_above_0.1m": 54.761904761904766, "low_level_<0.5": 14.285714285714285, "mid_level_0.5-2": 23.809523809523807, "tall_2+": 11.904761904761903 }, "geometry": { "type": "Point", "coordinates": [ 0.088426697312067, 51.663901211903351 ] } },
{ "type": "Feature", "properties": { "max_height": 7.7392539978027344, "mean_height": 0.69000244140625, "std_height": 1.7159672975540161, "count_pixels": 42, "percent_cover": 0.032718944268731599, "percent_above_0.1m": 28.571428571428569, "low_level_<0.5": 7.1428571428571423, "mid_level_0.5-2": 9.5238095238095237, "tall_2+": 11.904761904761903 }, "geometry": { "type": "Point", "coordinates": [ 0.088626899801254, 51.663897651745629 ] } },
{ "type": "Feature", "properties": { "max_height": 0.00150299072265625, "mean_height": 0.00012706575216725469, "std_height": 0.00063891150057315826, "count_pixels": 42, "percent_cover": 0.032718944268731599, "percent_above_0.1m": 0.0, "low_level_<0.5": 0.0, "mid_level_0.5-2": 0.0, "tall_2+": 0.0 }, "geometry": { "type": "Point", "coordinates": [ 0.088827102248791, 51.663894091246789 ] } },
{ "type": "Feature", "properties": { "max_height": 0.00075531005859375, "mean_height": 4.9681890232022852e-05, "std_height": 0.0003866806800942868, "count_pixels": 42, "percent_cover": 0.032718944268731599, "percent_above_0.1m": 0.0, "low_level_<0.5": 0.0, "mid_level_0.5-2": 0.0, "tall_2+": 0.0 }, "geometry": { "type": "Point", "coordinates": [ 0.08902730465468, 51.663890530406789 ] } },
{ "type": "Feature", "properties": { "max_height": 1.542999267578125, "mean_height": 0.067936547100543976, "std_height": 0.26673769950866699, "count_pixels": 38, "percent_cover": 0.029602854338376207, "percent_above_0.1m": 7.8947368421052628, "low_level_<0.5": 2.6315789473684208, "mid_level_0.5-2": 5.2631578947368416, "tall_2+": 0.0 }, "geometry": { "type": "Point", "coordinates": [ 0.089227507018916, 51.663886969225651 ] } },
{ "type": "Feature", "properties": { "max_height": 3.0245018005371094, "mean_height": 0.91829401254653931, "std_height": 1.0828925371170044, "count_pixels": 42, "percent_cover": 0.032718944268731599, "percent_above_0.1m": 52.380952380952387, "low_level_<0.5": 4.7619047619047619, "mid_level_0.5-2": 16.666666666666664, "tall_2+": 28.571428571428569 }, "geometry": { "type": "Point", "coordinates": [ 0.089427709341498, 51.663883407703395 ] } },
{ "type": "Feature", "properties": { "max_height": 6.4695053100585938, "mean_height": 1.6825613975524902, "std_height": 1.32930588722229, "count_pixels": 42, "percent_cover": 0.032718944268731599, "percent_above_0.1m": 78.571428571428569, "low_level_<0.5": 0.0, "mid_level_0.5-2": 28.571428571428569, "tall_2+": 45.238095238095241 }, "geometry": { "type": "Point", "coordinates": [ 0.089627911622415, 51.66387984584 ] } },
{ "type": "Feature", "properties": { "max_height": 4.2745018005371094, "mean_height": 1.9818059206008911, "std_height": 0.769195556640625, "count_pixels": 42, "percent_cover": 0.032718944268731599, "percent_above_0.1m": 100.0, "low_level_<0.5": 4.7619047619047619, "mid_level_0.5-2": 47.619047619047613, "tall_2+": 47.619047619047613 }, "geometry": { "type": "Point", "coordinates": [ 0.089828113861672, 51.66387628363546 ] } },
{ "type": "Feature", "properties": { "max_height": 8.8895034790039062, "mean_height": 3.5250015258789062, "std_height": 2.0484347343444824, "count_pixels": 42, "percent_cover": 0.032718944268731599, "percent_above_0.1m": 100.0, "low_level_<0.5": 0.0, "mid_level_0.5-2": 33.333333333333329, "tall_2+": 66.666666666666657 }, "geometry": { "type": "Point", "coordinates": [ 0.090028316059256, 51.663872721089795 ] } },
{ "type": "Feature", "properties": { "max_height": 6.2102546691894531, "mean_height": 2.4915251731872559, "std_height": 1.7502974271774292, "count_pixels": 41, "percent_cover": 0.031939921786142744, "percent_above_0.1m": 92.682926829268297, "low_level_<0.5": 7.3170731707317067, "mid_level_0.5-2": 29.268292682926827, "tall_2+": 56.09756097560976 }, "geometry": { "type": "Point", "coordinates": [ 0.081324423028202, 51.664135204604328 ] } },
{ "type": "Feature", "properties": { "max_height": 10.340755462646484, "mean_height": 2.0102047920227051, "std_height": 2.5729396343231201, "count_pixels": 42, "percent_cover": 0.032718944268731599, "percent_above_0.1m": 85.714285714285708, "low_level_<0.5": 14.285714285714285, "mid_level_0.5-2": 38.095238095238095, "tall_2+": 33.333333333333329 }, "geometry": { "type": "Point", "coordinates": [ 0.081524627308718, 51.664131656466225 ] } },
{ "type": "Feature", "properties": { "max_height": 6.09100341796875, "mean_height": 2.1207051277160645, "std_height": 1.2488888502120972, "count_pixels": 42, "percent_cover": 0.032718944268731599, "percent_above_0.1m": 97.61904761904762, "low_level_<0.5": 0.0, "mid_level_0.5-2": 54.761904761904766, "tall_2+": 42.857142857142854 }, "geometry": { "type": "Point", "coordinates": [ 0.081724831586157, 51.664128107996738 ] } },
{ "type": "Feature", "properties": { "max_height": 2.4297523498535156, "mean_height": 0.14918717741966248, "std_height": 0.42569658160209656, "count_pixels": 42, "percent_cover": 0.032718944268731599, "percent_above_0.1m": 21.428571428571427, "low_level_<0.5": 4.7619047619047619, "mid_level_0.5-2": 7.1428571428571423, "tall_2+": 2.3809523809523809 }, "geometry": { "type": "Point", "coordinates": [ 0.081925035913407, 51.664124559245728 ] } },
{ "type": "Feature", "properties": { "max_height": 5.5100021362304688, "mean_height": 0.51607406139373779, "std_height": 1.0486210584640503, "count_pixels": 42, "percent_cover": 0.032718944268731599, "percent_above_0.1m": 40.476190476190474, "low_level_<0.5": 9.5238095238095237, "mid_level_0.5-2": 16.666666666666664, "tall_2+": 7.1428571428571423 }, "geometry": { "type": "Point", "coordinates": [ 0.082125240234417, 51.664121010161622 ] } },
{ "type": "Feature", "properties": { "max_height": 7.0000076293945312, "mean_height": 0.746726393699646, "std_height": 1.5592381954193115, "count_pixels": 38, "percent_cover": 0.029602854338376207, "percent_above_0.1m": 44.736842105263158, "low_level_<0.5": 10.526315789473683, "mid_level_0.5-2": 21.052631578947366, "tall_2+": 10.526315789473683 }, "geometry": { "type": "Point", "coordinates": [ 0.082325444513909, 51.664117460736364 ] } },
{ "type": "Feature", "properties": { "max_height": 3.8395042419433594, "mean_height": 0.63583004474639893, "std_height": 0.94235634803771973, "count_pixels": 42, "percent_cover": 0.032718944268731599, "percent_above_0.1m": 42.857142857142854, "low_level_<0.5": 2.3809523809523809, "mid_level_0.5-2": 28.571428571428569, "tall_2+": 11.904761904761903 }, "geometry": { "type": "Point", "coordinates": [ 0.082525648751884, 51.664113910969988 ] } },
{ "type": "Feature", "properties": { "max_height": 1.253753662109375, "mean_height": 0.42035719752311707, "std_height": 0.39817321300506592, "count_pixels": 43, "percent_cover": 0.03349796675132044, "percent_above_0.1m": 65.116279069767444, "low_level_<0.5": 18.604651162790699, "mid_level_0.5-2": 39.534883720930232, "tall_2+": 0.0 }, "geometry": { "type": "Point", "coordinates": [ 0.082725852948333, 51.664110360862445 ] } },
{ "type": "Feature", "properties": { "max_height": 2.5029983520507812, "mean_height": 0.58275258541107178, "std_height": 0.59970664978027344, "count_pixels": 42, "percent_cover": 0.032718944268731599, "percent_above_0.1m": 73.80952380952381, "low_level_<0.5": 26.190476190476193, "mid_level_0.5-2": 42.857142857142854, "tall_2+": 4.7619047619047619 }, "geometry": { "type": "Point", "coordinates": [ 0.082926057103258, 51.664106810413756 ] } },
{ "type": "Feature", "properties": { "max_height": 11.239006042480469, "mean_height": 2.6928596496582031, "std_height": 3.5065124034881592, "count_pixels": 42, "percent_cover": 0.032718944268731599, "percent_above_0.1m": 78.571428571428569, "low_level_<0.5": 7.1428571428571423, "mid_level_0.5-2": 23.809523809523807, "tall_2+": 38.095238095238095 }, "geometry": { "type": "Point", "coordinates": [ 0.08312626121665, 51.664103259623957 ] } },
{ "type": "Feature", "properties": { "max_height": 10.183757781982422, "mean_height": 4.7498326301574707, "std_height": 3.3381493091583252, "count_pixels": 41, "percent_cover": 0.031939921786142744, "percent_above_0.1m": 100.0, "low_level_<0.5": 2.4390243902439024, "mid_level_0.5-2": 29.268292682926827, "tall_2+": 68.292682926829272 }, "geometry": { "type": "Point", "coordinates": [ 0.083326465288507, 51.664099708492984 ] } },
{ "type": "Feature", "properties": { "max_height": 3.4742546081542969, "mean_height": 1.4661275148391724, "std_height": 0.88526815176010132, "count_pixels": 42, "percent_cover": 0.032718944268731599, "percent_above_0.1m": 92.857142857142861, "low_level_<0.5": 9.5238095238095237, "mid_level_0.5-2": 54.761904761904766, "tall_2+": 26.190476190476193 }, "geometry": { "type": "Point", "coordinates": [ 0.083526669318826, 51.664096157020907 ] } },
{ "type": "Feature", "properties": { "max_height": 2.3777503967285156, "mean_height": 0.48894327878952026, "std_height": 0.55483967065811157, "count_pixels": 42, "percent_cover": 0.032718944268731599, "percent_above_0.1m": 69.047619047619051, "low_level_<0.5": 26.190476190476193, "mid_level_0.5-2": 33.333333333333329, "tall_2+": 4.7619047619047619 }, "geometry": { "type": "Point", "coordinates": [ 0.083726873307599, 51.664092605207657 ] } },
{ "type": "Feature", "properties": { "max_height": 1.2152519226074219, "mean_height": 0.30977648496627808, "std_height": 0.31834900379180908, "count_pixels": 42, "percent_cover": 0.032718944268731599, "percent_above_0.1m": 64.285714285714292, "low_level_<0.5": 38.095238095238095, "mid_level_0.5-2": 23.809523809523807, "tall_2+": 0.0 }, "geometry": { "type": "Point", "coordinates": [ 0.083927077254824, 51.664089053053267 ] } },
{ "type": "Feature", "properties": { "max_height": 4.238250732421875, "mean_height": 0.81606322526931763, "std_height": 1.0267724990844727, "count_pixels": 41, "percent_cover": 0.031939921786142744, "percent_above_0.1m": 80.487804878048792, "low_level_<0.5": 31.707317073170731, "mid_level_0.5-2": 31.707317073170731, "tall_2+": 12.195121951219512 }, "geometry": { "type": "Point", "coordinates": [ 0.084127281160501, 51.664085500557746 ] } },
{ "type": "Feature", "properties": { "max_height": 8.6395034790039062, "mean_height": 2.2847883701324463, "std_height": 2.1798593997955322, "count_pixels": 42, "percent_cover": 0.032718944268731599, "percent_above_0.1m": 92.857142857142861, "low_level_<0.5": 11.904761904761903, "mid_level_0.5-2": 42.857142857142854, "tall_2+": 38.095238095238095 }, "geometry": { "type": "Point", "coordinates": [ 0.084327485024625, 51.664081947721101 ] } },
{ "type": "Feature", "properties": { "max_height": 2.5209999084472656, "mean_height": 0.81049072742462158, "std_height": 0.65472185611724854, "count_pixels": 42, "percent_cover": 0.032718944268731599, "percent_above_0.1m": 92.857142857142861, "low_level_<0.5": 30.952380952380953, "mid_level_0.5-2": 50.0, "tall_2+": 7.1428571428571423 }, "geometry": { "type": "Point", "coordinates": [ 0.084527688847183, 51.664078394543267 ] } },
{ "type": "Feature", "properties": { "max_height": 2.9245033264160156, "mean_height": 1.0227936506271362, "std_height": 0.85273516178131104, "count_pixels": 43, "percent_cover": 0.03349796675132044, "percent_above_0.1m": 86.04651162790698, "low_level_<0.5": 18.604651162790699, "mid_level_0.5-2": 51.162790697674424, "tall_2+": 11.627906976744185 }, "geometry": { "type": "Point", "coordinates": [ 0.084727892628183, 51.66407484102433 ] } },
{ "type": "Feature", "properties": { "max_height": 1.9307518005371094, "mean_height": 0.43943697214126587, "std_height": 0.51363378763198853, "count_pixels": 42, "percent_cover": 0.032718944268731599, "percent_above_0.1m": 66.666666666666657, "low_level_<0.5": 28.571428571428569, "mid_level_0.5-2": 28.571428571428569, "tall_2+": 0.0 }, "geometry": { "type": "Point", "coordinates": [ 0.084928096367609, 51.664071287164255 ] } },
{ "type": "Feature", "properties": { "max_height": 0.5200042724609375, "mean_height": 0.060561228543519974, "std_height": 0.086934134364128113, "count_pixels": 38, "percent_cover": 0.029602854338376207, "percent_above_0.1m": 15.789473684210526, "low_level_<0.5": 0.0, "mid_level_0.5-2": 2.6315789473684208, "tall_2+": 0.0 }, "geometry": { "type": "Point", "coordinates": [ 0.085128300065471, 51.664067732963019 ] } },
{ "type": "Feature", "properties": { "max_height": 2.3272514343261719, "mean_height": 0.80956810712814331, "std_height": 0.69274687767028809, "count_pixels": 42, "percent_cover": 0.032718944268731599, "percent_above_0.1m": 78.571428571428569, "low_level_<0.5": 19.047619047619047, "mid_level_0.5-2": 50.0, "tall_2+": 4.7619047619047619 }, "geometry": { "type": "Point", "coordinates": [ 0.085328503721758, 51.664064178420652 ] } },
{ "type": "Feature", "properties": { "max_height": 3.5145034790039062, "mean_height": 1.0944794416427612, "std_height": 0.96576422452926636, "count_pixels": 43, "percent_cover": 0.03349796675132044, "percent_above_0.1m": 81.395348837209298, "low_level_<0.5": 13.953488372093023, "mid_level_0.5-2": 48.837209302325576, "tall_2+": 18.604651162790699 }, "geometry": { "type": "Point", "coordinates": [ 0.085528707336458, 51.664060623537154 ] } },
{ "type": "Feature", "properties": { "max_height": 5.5320014953613281, "mean_height": 0.53258007764816284, "std_height": 0.94580864906311035, "count_pixels": 42, "percent_cover": 0.032718944268731599, "percent_above_0.1m": 54.761904761904766, "low_level_<0.5": 19.047619047619047, "mid_level_0.5-2": 28.571428571428569, "tall_2+": 4.7619047619047619 }, "geometry": { "type": "Point", "coordinates": [ 0.085728910909583, 51.664057068312502 ] } },
{ "type": "Feature", "properties": { "max_height": 5.9594993591308594, "mean_height": 0.99264490604400635, "std_height": 1.3286546468734741, "count_pixels": 42, "percent_cover": 0.032718944268731599, "percent_above_0.1m": 69.047619047619051, "low_level_<0.5": 19.047619047619047, "mid_level_0.5-2": 30.952380952380953, "tall_2+": 19.047619047619047 }, "geometry": { "type": "Point", "coordinates": [ 0.085929114441115, 51.664053512746719 ] } },
{ "type": "Feature", "properties": { "max_height": 4.2967529296875, "mean_height": 0.37595915794372559, "std_height": 0.73239165544509888, "count_pixels": 41, "percent_cover": 0.031939921786142744, "percent_above_0.1m": 56.09756097560976, "low_level_<0.5": 29.268292682926827, "mid_level_0.5-2": 17.073170731707318, "tall_2+": 2.4390243902439024 }, "geometry": { "type": "Point", "coordinates": [ 0.086129317931057, 51.664049956839797 ] } },
{ "type": "Feature", "properties": { "max_height": 2.990753173828125, "mean_height": 0.6391746997833252, "std_height": 0.72402685880661011, "count_pixels": 42, "percent_cover": 0.032718944268731599, "percent_above_0.1m": 66.666666666666657, "low_level_<0.5": 14.285714285714285, "mid_level_0.5-2": 45.238095238095241, "tall_2+": 4.7619047619047619 }, "geometry": { "type": "Point", "coordinates": [ 0.086329521379409, 51.664046400591729 ] } },
{ "type": "Feature", "properties": { "max_height": 5.6357536315917969, "mean_height": 0.7997581958770752, "std_height": 1.1186802387237549, "count_pixels": 42, "percent_cover": 0.032718944268731599, "percent_above_0.1m": 73.80952380952381, "low_level_<0.5": 26.190476190476193, "mid_level_0.5-2": 30.952380952380953, "tall_2+": 9.5238095238095237 }, "geometry": { "type": "Point", "coordinates": [ 0.086529724786154, 51.664042844002537 ] } },
{ "type": "Feature", "properties": { "max_height": 2.8045005798339844, "mean_height": 0.55203193426132202, "std_height": 0.66547268629074097, "count_pixels": 42, "percent_cover": 0.032718944268731599, "percent_above_0.1m": 66.666666666666657, "low_level_<0.5": 21.428571428571427, "mid_level_0.5-2": 33.333333333333329, "tall_2+": 4.7619047619047619 }, "geometry": { "type": "Point", "coordinates": [ 0.0867299281513, 51.664039287072178 ] } },
{ "type": "Feature", "properties": { "max_height": 2.1232528686523438, "mean_height": 0.4043194055557251, "std_height": 0.57886976003646851, "count_pixels": 41, "percent_cover": 0.031939921786142744, "percent_above_0.1m": 46.341463414634148, "low_level_<0.5": 9.7560975609756095, "mid_level_0.5-2": 31.707317073170731, "tall_2+": 4.8780487804878048 }, "geometry": { "type": "Point", "coordinates": [ 0.086930131474837, 51.664035729800702 ] } },
{ "type": "Feature", "properties": { "max_height": 8.0187530517578125, "mean_height": 1.207363486289978, "std_height": 1.6707321405410767, "count_pixels": 42, "percent_cover": 0.032718944268731599, "percent_above_0.1m": 76.19047619047619, "low_level_<0.5": 21.428571428571427, "mid_level_0.5-2": 33.333333333333329, "tall_2+": 21.428571428571427 }, "geometry": { "type": "Point", "coordinates": [ 0.087130334756765, 51.664032172188087 ] } },
{ "type": "Feature", "properties": { "max_height": 5.2075042724609375, "mean_height": 2.0564570426940918, "std_height": 1.6094363927841187, "count_pixels": 42, "percent_cover": 0.032718944268731599, "percent_above_0.1m": 88.095238095238088, "low_level_<0.5": 7.1428571428571423, "mid_level_0.5-2": 30.952380952380953, "tall_2+": 47.619047619047613 }, "geometry": { "type": "Point", "coordinates": [ 0.087330537997081, 51.664028614234347 ] } },
{ "type": "Feature", "properties": { "max_height": 0.75800323486328125, "mean_height": 0.12819235026836395, "std_height": 0.23524829745292664, "count_pixels": 42, "percent_cover": 0.032718944268731599, "percent_above_0.1m": 28.571428571428569, "low_level_<0.5": 9.5238095238095237, "mid_level_0.5-2": 14.285714285714285, "tall_2+": 0.0 }, "geometry": { "type": "Point", "coordinates": [ 0.088331553574267, 51.664010819348476 ] } },
{ "type": "Feature", "properties": { "max_height": 1.0262527465820312, "mean_height": 0.5011742115020752, "std_height": 0.31889939308166504, "count_pixels": 42, "percent_cover": 0.032718944268731599, "percent_above_0.1m": 88.095238095238088, "low_level_<0.5": 26.190476190476193, "mid_level_0.5-2": 52.380952380952387, "tall_2+": 0.0 }, "geometry": { "type": "Point", "coordinates": [ 0.088531756564805, 51.664007259347883 ] } },
{ "type": "Feature", "properties": { "max_height": 0.000751495361328125, "mean_height": 2.2706531126459595e-06, "std_height": 0.00032243414898402989, "count_pixels": 42, "percent_cover": 0.032718944268731599, "percent_above_0.1m": 0.0, "low_level_<0.5": 0.0, "mid_level_0.5-2": 0.0, "tall_2+": 0.0 }, "geometry": { "type": "Point", "coordinates": [ 0.088731959513698, 51.664003699006173 ] } },
{ "type": "Feature", "properties": { "max_height": 0.0017547607421875, "mean_height": -0.00011351050488883629, "std_height": 0.00063477683579549193, "count_pixels": 41, "percent_cover": 0.031939921786142744, "percent_above_0.1m": 0.0, "low_level_<0.5": 0.0, "mid_level_0.5-2": 0.0, "tall_2+": 0.0 }, "geometry": { "type": "Point", "coordinates": [ 0.088932162420944, 51.664000138323317 ] } },
{ "type": "Feature", "properties": { "max_height": 2.2385063171386719, "mean_height": 0.28140068054199219, "std_height": 0.60782629251480103, "count_pixels": 42, "percent_cover": 0.032718944268731599, "percent_above_0.1m": 23.809523809523807, "low_level_<0.5": 7.1428571428571423, "mid_level_0.5-2": 14.285714285714285, "tall_2+": 2.3809523809523809 }, "geometry": { "type": "Point", "coordinates": [ 0.089132365286537, 51.663996577299315 ] } },
{ "type": "Feature", "properties": { "max_height": 7.5381240844726562, "mean_height": 2.7611219882965088, "std_height": 2.2369732856750488, "count_pixels": 42, "percent_cover": 0.032718944268731599, "percent_above_0.1m": 88.095238095238088, "low_level_<0.5": 7.1428571428571423, "mid_level_0.5-2": 23.809523809523807, "tall_2+": 54.761904761904766 }, "geometry": { "type": "Point", "coordinates": [ 0.081229261408097, 51.664244806521054 ] } },
{ "type": "Feature", "properties": { "max_height": 9.1347503662109375, "mean_height": 3.0630812644958496, "std_height": 2.4993798732757568, "count_pixels": 42, "percent_cover": 0.032718944268731599, "percent_above_0.1m": 85.714285714285708, "low_level_<0.5": 9.5238095238095237, "mid_level_0.5-2": 21.428571428571427, "tall_2+": 54.761904761904766 }, "geometry": { "type": "Point", "coordinates": [ 0.081429466171112, 51.664241258536123 ] } },
{ "type": "Feature", "properties": { "max_height": 6.5835037231445312, "mean_height": 2.2285265922546387, "std_height": 1.7825707197189331, "count_pixels": 42, "percent_cover": 0.032718944268731599, "percent_above_0.1m": 90.476190476190482, "low_level_<0.5": 7.1428571428571423, "mid_level_0.5-2": 50.0, "tall_2+": 33.333333333333329 }, "geometry": { "type": "Point", "coordinates": [ 0.081629670896818, 51.66423771021109 ] } },
{ "type": "Feature", "properties": { "max_height": 2.1985054016113281, "mean_height": 0.46403875946998596, "std_height": 0.69483065605163574, "count_pixels": 42, "percent_cover": 0.032718944268731599, "percent_above_0.1m": 42.857142857142854, "low_level_<0.5": 14.285714285714285, "mid_level_0.5-2": 21.428571428571427, "tall_2+": 4.7619047619047619 }, "geometry": { "type": "Point", "coordinates": [ 0.081829875673404, 51.664234161587508 ] } },
{ "type": "Feature", "properties": { "max_height": 2.243255615234375, "mean_height": 0.22439286112785339, "std_height": 0.47930482029914856, "count_pixels": 41, "percent_cover": 0.031939921786142744, "percent_above_0.1m": 31.707317073170731, "low_level_<0.5": 19.512195121951219, "mid_level_0.5-2": 7.3170731707317067, "tall_2+": 4.8780487804878048 }, "geometry": { "type": "Point", "coordinates": [ 0.082030080495718, 51.664230612660589 ] } },
{ "type": "Feature", "properties": { "max_height": 6.9972496032714844, "mean_height": 2.0970203876495361, "std_height": 2.1436440944671631, "count_pixels": 42, "percent_cover": 0.032718944268731599, "percent_above_0.1m": 76.19047619047619, "low_level_<0.5": 7.1428571428571423, "mid_level_0.5-2": 30.952380952380953, "tall_2+": 38.095238095238095 }, "geometry": { "type": "Point", "coordinates": [ 0.082230285276513, 51.664227063392538 ] } },
{ "type": "Feature", "properties": { "max_height": 0.98575592041015625, "mean_height": 0.14194934070110321, "std_height": 0.2647283673286438, "count_pixels": 42, "percent_cover": 0.032718944268731599, "percent_above_0.1m": 23.809523809523807, "low_level_<0.5": 11.904761904761903, "mid_level_0.5-2": 11.904761904761903, "tall_2+": 0.0 }, "geometry": { "type": "Point", "coordinates": [ 0.082430490015795, 51.664223513783305 ] } },
{ "type": "Feature", "properties": { "max_height": 1.22125244140625, "mean_height": 0.16827662289142609, "std_height": 0.30743408203125, "count_pixels": 41, "percent_cover": 0.031939921786142744, "percent_above_0.1m": 31.707317073170731, "low_level_<0.5": 17.073170731707318, "mid_level_0.5-2": 12.195121951219512, "tall_2+": 0.0 }, "geometry": { "type": "Point", "coordinates": [ 0.082630694713553, 51.664219963832956 ] } },
{ "type": "Feature", "properties": { "max_height": 1.7445030212402344, "mean_height": 0.3463873565196991, "std_height": 0.43540656566619873, "count_pixels": 41, "percent_cover": 0.031939921786142744, "percent_above_0.1m": 58.536585365853654, "low_level_<0.5": 26.829268292682929, "mid_level_0.5-2": 29.268292682926827, "tall_2+": 0.0 }, "geometry": { "type": "Point", "coordinates": [ 0.082830899369786, 51.664216413541453 ] } },
{ "type": "Feature", "properties": { "max_height": 8.0890045166015625, "mean_height": 2.0943784713745117, "std_height": 1.7368201017379761, "count_pixels": 42, "percent_cover": 0.032718944268731599, "percent_above_0.1m": 92.857142857142861, "low_level_<0.5": 7.1428571428571423, "mid_level_0.5-2": 42.857142857142854, "tall_2+": 42.857142857142854 }, "geometry": { "type": "Point", "coordinates": [ 0.083031103984486, 51.664212862908833 ] } },
{ "type": "Feature", "properties": { "max_height": 11.105255126953125, "mean_height": 5.2613363265991211, "std_height": 3.1794915199279785, "count_pixels": 42, "percent_cover": 0.032718944268731599, "percent_above_0.1m": 97.61904761904762, "low_level_<0.5": 4.7619047619047619, "mid_level_0.5-2": 14.285714285714285, "tall_2+": 76.19047619047619 }, "geometry": { "type": "Point", "coordinates": [ 0.083231308557661, 51.664209311935039 ] } },
{ "type": "Feature", "properties": { "max_height": 3.4507522583007812, "mean_height": 0.67476475238800049, "std_height": 0.77873307466506958, "count_pixels": 42, "percent_cover": 0.032718944268731599, "percent_above_0.1m": 66.666666666666657, "low_level_<0.5": 11.904761904761903, "mid_level_0.5-2": 45.238095238095241, "tall_2+": 7.1428571428571423 }, "geometry": { "type": "Point", "coordinates": [ 0.083431513089287, 51.664205760620106 ] } },
{ "type": "Feature", "properties": { "max_height": 1.2410049438476562, "mean_height": 0.13989530503749847, "std_height": 0.29956397414207458, "count_pixels": 42, "percent_cover": 0.032718944268731599, "percent_above_0.1m": 19.047619047619047, "low_level_<0.5": 2.3809523809523809, "mid_level_0.5-2": 11.904761904761903, "tall_2+": 0.0 }, "geometry": { "type": "Point", "coordinates": [ 0.083631717579378, 51.664202208964042 ] } },
{ "type": "Feature", "properties": { "max_height": 0.13350677490234375, "mean_height": 0.021890841424465179, "std_height": 0.03102053701877594, "count_pixels": 38, "percent_cover": 0.029602854338376207, "percent_above_0.1m": 5.2631578947368416, "low_level_<0.5": 0.0, "mid_level_0.5-2": 0.0, "tall_2+": 0.0 }, "geometry": { "type": "Point", "coordinates": [ 0.083831922027926, 51.664198656966832 ] } },
{ "type": "Feature", "properties": { "max_height": 1.1752510070800781, "mean_height": 0.080187022686004639, "std_height": 0.20834583044052124, "count_pixels": 42, "percent_cover": 0.032718944268731599, "percent_above_0.1m": 14.285714285714285, "low_level_<0.5": 9.5238095238095237, "mid_level_0.5-2": 4.7619047619047619, "tall_2+": 0.0 }, "geometry": { "type": "Point", "coordinates": [ 0.084032126434915, 51.664195104628469 ] } },
{ "type": "Feature", "properties": { "max_height": 0.61175537109375, "mean_height": 0.047729220241308212, "std_height": 0.1310887485742569, "count_pixels": 42, "percent_cover": 0.032718944268731599, "percent_above_0.1m": 9.5238095238095237, "low_level_<0.5": 4.7619047619047619, "mid_level_0.5-2": 2.3809523809523809, "tall_2+": 0.0 }, "geometry": { "type": "Point", "coordinates": [ 0.08423233080036, 51.664191551948967 ] } },
{ "type": "Feature", "properties": { "max_height": 1.4702529907226562, "mean_height": 0.11880601942539215, "std_height": 0.26985961198806763, "count_pixels": 42, "percent_cover": 0.032718944268731599, "percent_above_0.1m": 21.428571428571427, "low_level_<0.5": 9.5238095238095237, "mid_level_0.5-2": 4.7619047619047619, "tall_2+": 0.0 }, "geometry": { "type": "Point", "coordinates": [ 0.084432535124245, 51.664187998928334 ] } },
{ "type": "Feature", "properties": { "max_height": 2.2812538146972656, "mean_height": 0.43838706612586975, "std_height": 0.68870699405670166, "count_pixels": 41, "percent_cover": 0.031939921786142744, "percent_above_0.1m": 36.585365853658537, "low_level_<0.5": 7.3170731707317067, "mid_level_0.5-2": 24.390243902439025, "tall_2+": 4.8780487804878048 }, "geometry": { "type": "Point", "coordinates": [ 0.084632739406561, 51.664184445566548 ] } },
{ "type": "Feature", "properties": { "max_height": 1.4942512512207031, "mean_height": 0.16958162188529968, "std_height": 0.29986199736595154, "count_pixels": 41, "percent_cover": 0.031939921786142744, "percent_above_0.1m": 29.268292682926827, "low_level_<0.5": 19.512195121951219, "mid_level_0.5-2": 9.7560975609756095, "tall_2+": 0.0 }, "geometry": { "type": "Point", "coordinates": [ 0.084832943647322, 51.664180891863644 ] } },
{ "type": "Feature", "properties": { "max_height": 2.1165046691894531, "mean_height": 0.25360959768295288, "std_height": 0.41135996580123901, "count_pixels": 42, "percent_cover": 0.032718944268731599, "percent_above_0.1m": 38.095238095238095, "low_level_<0.5": 23.809523809523807, "mid_level_0.5-2": 11.904761904761903, "tall_2+": 2.3809523809523809 }, "geometry": { "type": "Point", "coordinates": [ 0.085033147846509, 51.664177337819559 ] } },
{ "type": "Feature", "properties": { "max_height": 2.8105010986328125, "mean_height": 0.55531227588653564, "std_height": 0.76097559928894043, "count_pixels": 42, "percent_cover": 0.032718944268731599, "percent_above_0.1m": 54.761904761904766, "low_level_<0.5": 16.666666666666664, "mid_level_0.5-2": 30.952380952380953, "tall_2+": 7.1428571428571423 }, "geometry": { "type": "Point", "coordinates": [ 0.08523335200412, 51.664173783434364 ] } },
{ "type": "Feature", "properties": { "max_height": 4.4225006103515625, "mean_height": 0.90297198295593262, "std_height": 0.99017232656478882, "count_pixels": 41, "percent_cover": 0.031939921786142744, "percent_above_0.1m": 75.609756097560975, "low_level_<0.5": 24.390243902439025, "mid_level_0.5-2": 36.585365853658537, "tall_2+": 14.634146341463413 }, "geometry": { "type": "Point", "coordinates": [ 0.085433556120156, 51.664170228708024 ] } },
{ "type": "Feature", "properties": { "max_height": 6.7787551879882812, "mean_height": 1.0837039947509766, "std_height": 1.8200317621231079, "count_pixels": 41, "percent_cover": 0.031939921786142744, "percent_above_0.1m": 56.09756097560976, "low_level_<0.5": 21.951219512195124, "mid_level_0.5-2": 14.634146341463413, "tall_2+": 17.073170731707318 }, "geometry": { "type": "Point", "coordinates": [ 0.085633760194609, 51.66416667364053 ] } },
{ "type": "Feature", "properties": { "max_height": 2.4042510986328125, "mean_height": 0.28231829404830933, "std_height": 0.41372871398925781, "count_pixels": 42, "percent_cover": 0.032718944268731599, "percent_above_0.1m": 57.142857142857139, "low_level_<0.5": 33.333333333333329, "mid_level_0.5-2": 14.285714285714285, "tall_2+": 2.3809523809523809 }, "geometry": { "type": "Point", "coordinates": [ 0.085833964227478, 51.66416311823189 ] } },
{ "type": "Feature", "properties": { "max_height": 3.6092491149902344, "mean_height": 0.63081216812133789, "std_height": 0.76277875900268555, "count_pixels": 42, "percent_cover": 0.032718944268731599, "percent_above_0.1m": 76.19047619047619, "low_level_<0.5": 19.047619047619047, "mid_level_0.5-2": 35.714285714285715, "tall_2+": 7.1428571428571423 }, "geometry": { "type": "Point", "coordinates": [ 0.086034168218756, 51.664159562482133 ] } },
{ "type": "Feature", "properties": { "max_height": 4.7885055541992188, "mean_height": 1.233026385307312, "std_height": 1.42950439453125, "count_pixels": 42, "percent_cover": 0.032718944268731599, "percent_above_0.1m": 71.428571428571431, "low_level_<0.5": 16.666666666666664, "mid_level_0.5-2": 26.190476190476193, "tall_2+": 28.571428571428569 }, "geometry": { "type": "Point", "coordinates": [ 0.086234372168442, 51.664156006391217 ] } },
{ "type": "Feature", "properties": { "max_height": 5.14825439453125, "mean_height": 0.42347586154937744, "std_height": 0.86748629808425903, "count_pixels": 38, "percent_cover": 0.029602854338376207, "percent_above_0.1m": 50.0, "low_level_<0.5": 26.315789473684209, "mid_level_0.5-2": 18.421052631578945, "tall_2+": 2.6315789473684208 }, "geometry": { "type": "Point", "coordinates": [ 0.086434576076528, 51.664152449959175 ] } },
{ "type": "Feature", "properties": { "max_height": 9.2997512817382812, "mean_height": 1.8755918741226196, "std_height": 1.9983876943588257, "count_pixels": 42, "percent_cover": 0.032718944268731599, "percent_above_0.1m": 92.857142857142861, "low_level_<0.5": 19.047619047619047, "mid_level_0.5-2": 42.857142857142854, "tall_2+": 30.952380952380953 }, "geometry": { "type": "Point", "coordinates": [ 0.086634779943015, 51.664148893185981 ] } },
{ "type": "Feature", "properties": { "max_height": 1.4097518920898438, "mean_height": 0.39482417702674866, "std_height": 0.41887933015823364, "count_pixels": 42, "percent_cover": 0.032718944268731599, "percent_above_0.1m": 59.523809523809526, "low_level_<0.5": 19.047619047619047, "mid_level_0.5-2": 33.333333333333329, "tall_2+": 0.0 }, "geometry": { "type": "Point", "coordinates": [ 0.086834983767895, 51.664145336071648 ] } },
{ "type": "Feature", "properties": { "max_height": 5.0990066528320312, "mean_height": 1.2661691904067993, "std_height": 1.308523416519165, "count_pixels": 42, "percent_cover": 0.032718944268731599, "percent_above_0.1m": 76.19047619047619, "low_level_<0.5": 19.047619047619047, "mid_level_0.5-2": 28.571428571428569, "tall_2+": 28.571428571428569 }, "geometry": { "type": "Point", "coordinates": [ 0.087035187551166, 51.664141778616177 ] } },
{ "type": "Feature", "properties": { "max_height": 7.4072494506835938, "mean_height": 2.7055380344390869, "std_height": 2.250995397567749, "count_pixels": 42, "percent_cover": 0.032718944268731599, "percent_above_0.1m": 88.095238095238088, "low_level_<0.5": 14.285714285714285, "mid_level_0.5-2": 19.047619047619047, "tall_2+": 52.380952380952387 }, "geometry": { "type": "Point", "coordinates": [ 0.087235391292822, 51.664138220819581 ] } },
{ "type": "Feature", "properties": { "max_height": 7.1567535400390625, "mean_height": 1.9631364345550537, "std_height": 2.001107931137085, "count_pixels": 41, "percent_cover": 0.031939921786142744, "percent_above_0.1m": 80.487804878048792, "low_level_<0.5": 17.073170731707318, "mid_level_0.5-2": 19.512195121951219, "tall_2+": 43.902439024390247 }, "geometry": { "type": "Point", "coordinates": [ 0.087435594992864, 51.664134662681825 ] } },
{ "type": "Feature", "properties": { "max_height": 6.7097549438476562, "mean_height": 2.9194107055664062, "std_height": 1.9277245998382568, "count_pixels": 41, "percent_cover": 0.031939921786142744, "percent_above_0.1m": 92.682926829268297, "low_level_<0.5": 7.3170731707317067, "mid_level_0.5-2": 19.512195121951219, "tall_2+": 65.853658536585371 }, "geometry": { "type": "Point", "coordinates": [ 0.087635798651279, 51.664131104202923 ] } },
{ "type": "Feature", "properties": { "max_height": 1.3132514953613281, "mean_height": 0.39323416352272034, "std_height": 0.42773887515068054, "count_pixels": 41, "percent_cover": 0.031939921786142744, "percent_above_0.1m": 58.536585365853654, "low_level_<0.5": 19.512195121951219, "mid_level_0.5-2": 34.146341463414636, "tall_2+": 0.0 }, "geometry": { "type": "Point", "coordinates": [ 0.088236409376768, 51.664120426719428 ] } },
{ "type": "Feature", "properties": { "max_height": 0.99975204467773438, "mean_height": 0.53510892391204834, "std_height": 0.25235137343406677, "count_pixels": 42, "percent_cover": 0.032718944268731599, "percent_above_0.1m": 95.238095238095227, "low_level_<0.5": 33.333333333333329, "mid_level_0.5-2": 57.142857142857139, "tall_2+": 0.0 }, "geometry": { "type": "Point", "coordinates": [ 0.088436612868658, 51.664116866875986 ] } },
{ "type": "Feature", "properties": { "max_height": 0.7115020751953125, "mean_height": 0.021698633208870888, "std_height": 0.1095869317650795, "count_pixels": 42, "percent_cover": 0.032718944268731599, "percent_above_0.1m": 4.7619047619047619, "low_level_<0.5": 0.0, "mid_level_0.5-2": 2.3809523809523809, "tall_2+": 0.0 }, "geometry": { "type": "Point", "coordinates": [ 0.088636816318905, 51.664113306691405 ] } },
{ "type": "Feature", "properties": { "max_height": 0.00250244140625, "mean_height": 0.00026993523351848125, "std_height": 0.00073475920362398028, "count_pixels": 42, "percent_cover": 0.032718944268731599, "percent_above_0.1m": 0.0, "low_level_<0.5": 0.0, "mid_level_0.5-2": 0.0, "tall_2+": 0.0 }, "geometry": { "type": "Point", "coordinates": [ 0.088837019727514, 51.664109746165678 ] } },
{ "type": "Feature", "properties": { "max_height": 3.5685043334960938, "mean_height": 1.1229665279388428, "std_height": 1.2202575206756592, "count_pixels": 42, "percent_cover": 0.032718944268731599, "percent_above_0.1m": 57.142857142857139, "low_level_<0.5": 4.7619047619047619, "mid_level_0.5-2": 23.809523809523807, "tall_2+": 28.571428571428569 }, "geometry": { "type": "Point", "coordinates": [ 0.089037223094469, 51.66410618529882 ] } },
{ "type": "Feature", "properties": { "max_height": 11.208003997802734, "mean_height": 4.8839855194091797, "std_height": 2.0327036380767822, "count_pixels": 42, "percent_cover": 0.032718944268731599, "percent_above_0.1m": 100.0, "low_level_<0.5": 0.0, "mid_level_0.5-2": 9.5238095238095237, "tall_2+": 90.476190476190482 }, "geometry": { "type": "Point", "coordinates": [ 0.081134099345799, 51.664354408367323 ] } },
{ "type": "Feature", "properties": { "max_height": 5.3695793151855469, "mean_height": 2.0913994312286377, "std_height": 1.5969051122665405, "count_pixels": 41, "percent_cover": 0.031939921786142744, "percent_above_0.1m": 87.804878048780495, "low_level_<0.5": 9.7560975609756095, "mid_level_0.5-2": 31.707317073170731, "tall_2+": 46.341463414634148 }, "geometry": { "type": "Point", "coordinates": [ 0.081334304591318, 51.664350860535563 ] } },
{ "type": "Feature", "properties": { "max_height": 7.0235061645507812, "mean_height": 1.3463596105575562, "std_height": 1.9079643487930298, "count_pixels": 42, "percent_cover": 0.032718944268731599, "percent_above_0.1m": 54.761904761904766, "low_level_<0.5": 11.904761904761903, "mid_level_0.5-2": 14.285714285714285, "tall_2+": 28.571428571428569 }, "geometry": { "type": "Point", "coordinates": [ 0.081534509796537, 51.664347312362921 ] } },
{ "type": "Feature", "properties": { "max_height": 3.53125, "mean_height": 0.49983024597167969, "std_height": 0.80277734994888306, "count_pixels": 42, "percent_cover": 0.032718944268731599, "percent_above_0.1m": 42.857142857142854, "low_level_<0.5": 14.285714285714285, "mid_level_0.5-2": 21.428571428571427, "tall_2+": 7.1428571428571423 }, "geometry": { "type": "Point", "coordinates": [ 0.081734715012427, 51.664343763862952 ] } },
{ "type": "Feature", "properties": { "max_height": 3.3347549438476562, "mean_height": 0.59771084785461426, "std_height": 0.82237190008163452, "count_pixels": 42, "percent_cover": 0.032718944268731599, "percent_above_0.1m": 64.285714285714292, "low_level_<0.5": 14.285714285714285, "mid_level_0.5-2": 35.714285714285715, "tall_2+": 7.1428571428571423 }, "geometry": { "type": "Point", "coordinates": [ 0.081934920297242, 51.66434021508536 ] } },
{ "type": "Feature", "properties": { "max_height": 6.2722511291503906, "mean_height": 1.949128270149231, "std_height": 1.7925711870193481, "count_pixels": 42, "percent_cover": 0.032718944268731599, "percent_above_0.1m": 85.714285714285708, "low_level_<0.5": 2.3809523809523809, "mid_level_0.5-2": 47.619047619047613, "tall_2+": 33.333333333333329 }, "geometry": { "type": "Point", "coordinates": [ 0.082135125579343, 51.664336665974474 ] } },
{ "type": "Feature", "properties": { "max_height": 6.4592514038085938, "mean_height": 2.1343719959259033, "std_height": 1.9394054412841797, "count_pixels": 38, "percent_cover": 0.029602854338376207, "percent_above_0.1m": 76.31578947368422, "low_level_<0.5": 5.2631578947368416, "mid_level_0.5-2": 23.684210526315788, "tall_2+": 47.368421052631575 }, "geometry": { "type": "Point", "coordinates": [ 0.082335330819933, 51.664333116522442 ] } },
{ "type": "Feature", "properties": { "max_height": 1.5097541809082031, "mean_height": 0.2619970440864563, "std_height": 0.40390178561210632, "count_pixels": 42, "percent_cover": 0.032718944268731599, "percent_above_0.1m": 45.238095238095241, "low_level_<0.5": 21.428571428571427, "mid_level_0.5-2": 19.047619047619047, "tall_2+": 0.0 }, "geometry": { "type": "Point", "coordinates": [ 0.082535536019, 51.664329566729265 ] } },
{ "type": "Feature", "properties": { "max_height": 1.7622528076171875, "mean_height": 0.26526489853858948, "std_height": 0.43780979514122009, "count_pixels": 43, "percent_cover": 0.03349796675132044, "percent_above_0.1m": 37.209302325581397, "low_level_<0.5": 13.953488372093023, "mid_level_0.5-2": 20.930232558139537, "tall_2+": 0.0 }, "geometry": { "type": "Point", "coordinates": [ 0.082735741176545, 51.664326016594956 ] } },
{ "type": "Feature", "properties": { "max_height": 2.1042518615722656, "mean_height": 0.67564547061920166, "std_height": 0.59741425514221191, "count_pixels": 42, "percent_cover": 0.032718944268731599, "percent_above_0.1m": 88.095238095238088, "low_level_<0.5": 35.714285714285715, "mid_level_0.5-2": 47.619047619047613, "tall_2+": 2.3809523809523809 }, "geometry": { "type": "Point", "coordinates": [ 0.082935946292559, 51.664322466119501 ] } },
{ "type": "Feature", "properties": { "max_height": 2.602752685546875, "mean_height": 0.71221113204956055, "std_height": 0.73380321264266968, "count_pixels": 42, "percent_cover": 0.032718944268731599, "percent_above_0.1m": 71.428571428571431, "low_level_<0.5": 19.047619047619047, "mid_level_0.5-2": 38.095238095238095, "tall_2+": 9.5238095238095237 }, "geometry": { "type": "Point", "coordinates": [ 0.083136151367044, 51.664318915302886 ] } },
{ "type": "Feature", "properties": { "max_height": 1.058502197265625, "mean_height": 0.13319796323776245, "std_height": 0.28070887923240662, "count_pixels": 41, "percent_cover": 0.031939921786142744, "percent_above_0.1m": 19.512195121951219, "low_level_<0.5": 4.8780487804878048, "mid_level_0.5-2": 9.7560975609756095, "tall_2+": 0.0 }, "geometry": { "type": "Point", "coordinates": [ 0.083336356399994, 51.664315364145139 ] } },
{ "type": "Feature", "properties": { "max_height": 0.51850509643554688, "mean_height": 0.040419716387987137, "std_height": 0.094444595277309418, "count_pixels": 42, "percent_cover": 0.032718944268731599, "percent_above_0.1m": 9.5238095238095237, "low_level_<0.5": 7.1428571428571423, "mid_level_0.5-2": 2.3809523809523809, "tall_2+": 0.0 }, "geometry": { "type": "Point", "coordinates": [ 0.083536561391401, 51.664311812646218 ] } },
{ "type": "Feature", "properties": { "max_height": 0.1490020751953125, "mean_height": 0.024413064122200012, "std_height": 0.032324396073818207, "count_pixels": 42, "percent_cover": 0.032718944268731599, "percent_above_0.1m": 7.1428571428571423, "low_level_<0.5": 0.0, "mid_level_0.5-2": 0.0, "tall_2+": 0.0 }, "geometry": { "type": "Point", "coordinates": [ 0.083736766341265, 51.664308260806187 ] } },
{ "type": "Feature", "properties": { "max_height": 0.11725234985351562, "mean_height": 0.020270483568310738, "std_height": 0.024431917816400528, "count_pixels": 42, "percent_cover": 0.032718944268731599, "percent_above_0.1m": 2.3809523809523809, "low_level_<0.5": 0.0, "mid_level_0.5-2": 0.0, "tall_2+": 0.0 }, "geometry": { "type": "Point", "coordinates": [ 0.08393697124958, 51.664304708625018 ] } },
{ "type": "Feature", "properties": { "max_height": 0.18625259399414062, "mean_height": 0.028210151940584183, "std_height": 0.040776588022708893, "count_pixels": 41, "percent_cover": 0.031939921786142744, "percent_above_0.1m": 4.8780487804878048, "low_level_<0.5": 4.8780487804878048, "mid_level_0.5-2": 0.0, "tall_2+": 0.0 }, "geometry": { "type": "Point", "coordinates": [ 0.084137176116347, 51.664301156102681 ] } },
{ "type": "Feature", "properties": { "max_height": 1.5382537841796875, "mean_height": 0.42463403940200806, "std_height": 0.43942412734031677, "count_pixels": 42, "percent_cover": 0.032718944268731599, "percent_above_0.1m": 64.285714285714292, "low_level_<0.5": 21.428571428571427, "mid_level_0.5-2": 35.714285714285715, "tall_2+": 0.0 }, "geometry": { "type": "Point", "coordinates": [ 0.084337380941549, 51.664297603239199 ] } },
{ "type": "Feature", "properties": { "max_height": 4.18475341796875, "mean_height": 1.0530681610107422, "std_height": 1.348436713218689, "count_pixels": 42, "percent_cover": 0.032718944268731599, "percent_above_0.1m": 47.619047619047613, "low_level_<0.5": 2.3809523809523809, "mid_level_0.5-2": 16.666666666666664, "tall_2+": 26.190476190476193 }, "geometry": { "type": "Point", "coordinates": [ 0.084537585725204, 51.664294050034592 ] } },
{ "type": "Feature", "properties": { "max_height": 11.234004974365234, "mean_height": 1.2321361303329468, "std_height": 2.3809595108032227, "count_pixels": 43, "percent_cover": 0.03349796675132044, "percent_above_0.1m": 41.860465116279073, "low_level_<0.5": 9.3023255813953494, "mid_level_0.5-2": 13.953488372093023, "tall_2+": 18.604651162790699 }, "geometry": { "type": "Point", "coordinates": [ 0.084737790467284, 51.664290496488825 ] } },
{ "type": "Feature", "properties": { "max_height": 0.70325469970703125, "mean_height": 0.039597555994987488, "std_height": 0.12817184627056122, "count_pixels": 42, "percent_cover": 0.032718944268731599, "percent_above_0.1m": 7.1428571428571423, "low_level_<0.5": 2.3809523809523809, "mid_level_0.5-2": 2.3809523809523809, "tall_2+": 0.0 }, "geometry": { "type": "Point", "coordinates": [ 0.084937995167802, 51.664286942601933 ] } },
{ "type": "Feature", "properties": { "max_height": 0.42850112915039062, "mean_height": 0.026120437309145927, "std_height": 0.081530287861824036, "count_pixels": 38, "percent_cover": 0.029602854338376207, "percent_above_0.1m": 7.8947368421052628, "low_level_<0.5": 7.8947368421052628, "mid_level_0.5-2": 0.0, "tall_2+": 0.0 }, "geometry": { "type": "Point", "coordinates": [ 0.085138199826747, 51.664283388373896 ] } },
{ "type": "Feature", "properties": { "max_height": 0.03475189208984375, "mean_height": 0.0078716278076171875, "std_height": 0.01101461797952652, "count_pixels": 42, "percent_cover": 0.032718944268731599, "percent_above_0.1m": 0.0, "low_level_<0.5": 0.0, "mid_level_0.5-2": 0.0, "tall_2+": 0.0 }, "geometry": { "type": "Point", "coordinates": [ 0.085338404444113, 51.664279833804713 ] } },
{ "type": "Feature", "properties": { "max_height": 0.35550308227539062, "mean_height": 0.017229212448000908, "std_height": 0.064099140465259552, "count_pixels": 43, "percent_cover": 0.03349796675132044, "percent_above_0.1m": 4.6511627906976747, "low_level_<0.5": 4.6511627906976747, "mid_level_0.5-2": 0.0, "tall_2+": 0.0 }, "geometry": { "type": "Point", "coordinates": [ 0.085538609019902, 51.664276278894384 ] } },
{ "type": "Feature", "properties": { "max_height": 1.2572517395019531, "mean_height": 0.16301436722278595, "std_height": 0.33029824495315552, "count_pixels": 42, "percent_cover": 0.032718944268731599, "percent_above_0.1m": 21.428571428571427, "low_level_<0.5": 7.1428571428571423, "mid_level_0.5-2": 14.285714285714285, "tall_2+": 0.0 }, "geometry": { "type": "Point", "coordinates": [ 0.085738813554109, 51.664272723642895 ] } },
{ "type": "Feature", "properties": { "max_height": 1.6777496337890625, "mean_height": 0.1619843989610672, "std_height": 0.35235363245010376, "count_pixels": 42, "percent_cover": 0.032718944268731599, "percent_above_0.1m": 23.809523809523807, "low_level_<0.5": 11.904761904761903, "mid_level_0.5-2": 9.5238095238095237, "tall_2+": 0.0 }, "geometry": { "type": "Point", "coordinates": [ 0.085939018046721, 51.664269168050282 ] } },
{ "type": "Feature", "properties": { "max_height": 1.8950004577636719, "mean_height": 0.23632560670375824, "std_height": 0.40782034397125244, "count_pixels": 41, "percent_cover": 0.031939921786142744, "percent_above_0.1m": 36.585365853658537, "low_level_<0.5": 17.073170731707318, "mid_level_0.5-2": 17.073170731707318, "tall_2+": 0.0 }, "geometry": { "type": "Point", "coordinates": [ 0.086139222497751, 51.66426561211653 ] } },
{ "type": "Feature", "properties": { "max_height": 1.0510025024414062, "mean_height": 0.22227105498313904, "std_height": 0.33035421371459961, "count_pixels": 42, "percent_cover": 0.032718944268731599, "percent_above_0.1m": 38.095238095238095, "low_level_<0.5": 11.904761904761903, "mid_level_0.5-2": 21.428571428571427, "tall_2+": 0.0 }, "geometry": { "type": "Point", "coordinates": [ 0.086339426907173, 51.66426205584164 ] } },
{ "type": "Feature", "properties": { "max_height": 2.9160003662109375, "mean_height": 0.62618035078048706, "std_height": 0.82411664724349976, "count_pixels": 42, "percent_cover": 0.032718944268731599, "percent_above_0.1m": 52.380952380952387, "low_level_<0.5": 16.666666666666664, "mid_level_0.5-2": 26.190476190476193, "tall_2+": 9.5238095238095237 }, "geometry": { "type": "Point", "coordinates": [ 0.086539631275006, 51.664258499225603 ] } },
{ "type": "Feature", "properties": { "max_height": 6.6512527465820312, "mean_height": 1.6350622177124023, "std_height": 1.4648566246032715, "count_pixels": 42, "percent_cover": 0.032718944268731599, "percent_above_0.1m": 92.857142857142861, "low_level_<0.5": 4.7619047619047619, "mid_level_0.5-2": 71.428571428571431, "tall_2+": 16.666666666666664 }, "geometry": { "type": "Point", "coordinates": [ 0.086739835601229, 51.664254942268428 ] } },
{ "type": "Feature", "properties": { "max_height": 3.5572509765625, "mean_height": 0.82152080535888672, "std_height": 0.95816797018051147, "count_pixels": 41, "percent_cover": 0.031939921786142744, "percent_above_0.1m": 73.170731707317074, "low_level_<0.5": 29.268292682926827, "mid_level_0.5-2": 24.390243902439025, "tall_2+": 17.073170731707318 }, "geometry": { "type": "Point", "coordinates": [ 0.086940039885848, 51.664251384970107 ] } },
{ "type": "Feature", "properties": { "max_height": 5.8364982604980469, "mean_height": 1.5914368629455566, "std_height": 1.4330066442489624, "count_pixels": 42, "percent_cover": 0.032718944268731599, "percent_above_0.1m": 88.095238095238088, "low_level_<0.5": 14.285714285714285, "mid_level_0.5-2": 47.619047619047613, "tall_2+": 26.190476190476193 }, "geometry": { "type": "Point", "coordinates": [ 0.087140244128851, 51.664247827330634 ] } },
{ "type": "Feature", "properties": { "max_height": 8.3875007629394531, "mean_height": 2.7666037082672119, "std_height": 1.8075922727584839, "count_pixels": 42, "percent_cover": 0.032718944268731599, "percent_above_0.1m": 95.238095238095227, "low_level_<0.5": 2.3809523809523809, "mid_level_0.5-2": 28.571428571428569, "tall_2+": 64.285714285714292 }, "geometry": { "type": "Point", "coordinates": [ 0.087340448330239, 51.664244269350043 ] } },
{ "type": "Feature", "properties": { "max_height": 7.6427536010742188, "mean_height": 1.700897216796875, "std_height": 1.9023263454437256, "count_pixels": 43, "percent_cover": 0.03349796675132044, "percent_above_0.1m": 79.069767441860463, "low_level_<0.5": 13.953488372093023, "mid_level_0.5-2": 23.255813953488371, "tall_2+": 37.209302325581397 }, "geometry": { "type": "Point", "coordinates": [ 0.087540652490013, 51.664240711028299 ] } },
{ "type": "Feature", "properties": { "max_height": 14.595500946044922, "mean_height": 8.6130437850952148, "std_height": 4.7316989898681641, "count_pixels": 42, "percent_cover": 0.032718944268731599, "percent_above_0.1m": 90.476190476190482, "low_level_<0.5": 0.0, "mid_level_0.5-2": 2.3809523809523809, "tall_2+": 88.095238095238088 }, "geometry": { "type": "Point", "coordinates": [ 0.087740856608156, 51.664237152365409 ] } },
{ "type": "Feature", "properties": { "max_height": 4.6007537841796875, "mean_height": 1.1571470499038696, "std_height": 1.3839842081069946, "count_pixels": 38, "percent_cover": 0.029602854338376207, "percent_above_0.1m": 60.526315789473685, "low_level_<0.5": 13.157894736842104, "mid_level_0.5-2": 23.684210526315788, "tall_2+": 23.684210526315788 }, "geometry": { "type": "Point", "coordinates": [ 0.08794106068467, 51.664233593361381 ] } },
{ "type": "Feature", "properties": { "max_height": 1.313751220703125, "mean_height": 0.15026400983333588, "std_height": 0.31103402376174927, "count_pixels": 42, "percent_cover": 0.032718944268731599, "percent_above_0.1m": 23.809523809523807, "low_level_<0.5": 7.1428571428571423, "mid_level_0.5-2": 14.285714285714285, "tall_2+": 0.0 }, "geometry": { "type": "Point", "coordinates": [ 0.088341468712808, 51.664226474329915 ] } },
{ "type": "Feature", "properties": { "max_height": 0.066253662109375, "mean_height": 0.0015853700460866094, "std_height": 0.010110312141478062, "count_pixels": 42, "percent_cover": 0.032718944268731599, "percent_above_0.1m": 0.0, "low_level_<0.5": 0.0, "mid_level_0.5-2": 0.0, "tall_2+": 0.0 }, "geometry": { "type": "Point", "coordinates": [ 0.088541672664418, 51.664222914302457 ] } },
{ "type": "Feature", "properties": { "max_height": 1.4432525634765625, "mean_height": 0.10399636626243591, "std_height": 0.31002494692802429, "count_pixels": 42, "percent_cover": 0.032718944268731599, "percent_above_0.1m": 16.666666666666664, "low_level_<0.5": 7.1428571428571423, "mid_level_0.5-2": 7.1428571428571423, "tall_2+": 0.0 }, "geometry": { "type": "Point", "coordinates": [ 0.088741876574385, 51.664219353933852 ] } },
{ "type": "Feature", "properties": { "max_height": 10.380477905273438, "mean_height": 3.6719577312469482, "std_height": 2.7467432022094727, "count_pixels": 38, "percent_cover": 0.029602854338376207, "percent_above_0.1m": 81.578947368421055, "low_level_<0.5": 2.6315789473684208, "mid_level_0.5-2": 5.2631578947368416, "tall_2+": 71.05263157894737 }, "geometry": { "type": "Point", "coordinates": [ 0.08103893684131, 51.664464010143135 ] } },
{ "type": "Feature", "properties": { "max_height": 8.112030029296875, "mean_height": 2.0656344890594482, "std_height": 1.776951789855957, "count_pixels": 42, "percent_cover": 0.032718944268731599, "percent_above_0.1m": 90.476190476190482, "low_level_<0.5": 14.285714285714285, "mid_level_0.5-2": 30.952380952380953, "tall_2+": 45.238095238095241 }, "geometry": { "type": "Point", "coordinates": [ 0.081239142569335, 51.664460462464554 ] } },
{ "type": "Feature", "properties": { "max_height": 2.4121246337890625, "mean_height": 0.25335747003555298, "std_height": 0.54027318954467773, "count_pixels": 42, "percent_cover": 0.032718944268731599, "percent_above_0.1m": 28.571428571428569, "low_level_<0.5": 9.5238095238095237, "mid_level_0.5-2": 11.904761904761903, "tall_2+": 4.7619047619047619 }, "geometry": { "type": "Point", "coordinates": [ 0.081439348257063, 51.664456914445076 ] } },
{ "type": "Feature", "properties": { "max_height": 5.3652496337890625, "mean_height": 1.7898417711257935, "std_height": 1.5250900983810425, "count_pixels": 42, "percent_cover": 0.032718944268731599, "percent_above_0.1m": 90.476190476190482, "low_level_<0.5": 9.5238095238095237, "mid_level_0.5-2": 40.476190476190474, "tall_2+": 35.714285714285715 }, "geometry": { "type": "Point", "coordinates": [ 0.081639553912811, 51.664453366086562 ] } },
{ "type": "Feature", "properties": { "max_height": 9.8402481079101562, "mean_height": 3.963062047958374, "std_height": 2.8539049625396729, "count_pixels": 42, "percent_cover": 0.032718944268731599, "percent_above_0.1m": 88.095238095238088, "low_level_<0.5": 0.0, "mid_level_0.5-2": 19.047619047619047, "tall_2+": 66.666666666666657 }, "geometry": { "type": "Point", "coordinates": [ 0.081839759638982, 51.66444981743593 ] } },
{ "type": "Feature", "properties": { "max_height": 8.1472511291503906, "mean_height": 3.2001066207885742, "std_height": 2.2879085540771484, "count_pixels": 41, "percent_cover": 0.031939921786142744, "percent_above_0.1m": 85.365853658536579, "low_level_<0.5": 2.4390243902439024, "mid_level_0.5-2": 19.512195121951219, "tall_2+": 63.414634146341463 }, "geometry": { "type": "Point", "coordinates": [ 0.082039965422395, 51.66444626848223 ] } },
{ "type": "Feature", "properties": { "max_height": 8.087249755859375, "mean_height": 1.5610144138336182, "std_height": 2.3781290054321289, "count_pixels": 42, "percent_cover": 0.032718944268731599, "percent_above_0.1m": 59.523809523809526, "low_level_<0.5": 11.904761904761903, "mid_level_0.5-2": 23.809523809523807, "tall_2+": 21.428571428571427 }, "geometry": { "type": "Point", "coordinates": [ 0.082240171164293, 51.66444271918737 ] } },
{ "type": "Feature", "properties": { "max_height": 3.5802536010742188, "mean_height": 0.96309840679168701, "std_height": 0.9125906229019165, "count_pixels": 42, "percent_cover": 0.032718944268731599, "percent_above_0.1m": 85.714285714285708, "low_level_<0.5": 23.809523809523807, "mid_level_0.5-2": 45.238095238095241, "tall_2+": 14.285714285714285 }, "geometry": { "type": "Point", "coordinates": [ 0.082440376864672, 51.664439169551365 ] } },
{ "type": "Feature", "properties": { "max_height": 0.35025405883789062, "mean_height": 0.024765294045209885, "std_height": 0.057075876742601395, "count_pixels": 41, "percent_cover": 0.031939921786142744, "percent_above_0.1m": 2.4390243902439024, "low_level_<0.5": 2.4390243902439024, "mid_level_0.5-2": 0.0, "tall_2+": 0.0 }, "geometry": { "type": "Point", "coordinates": [ 0.082640582523531, 51.664435619574242 ] } },
{ "type": "Feature", "properties": { "max_height": 2.337005615234375, "mean_height": 0.61165565252304077, "std_height": 0.78262567520141602, "count_pixels": 41, "percent_cover": 0.031939921786142744, "percent_above_0.1m": 56.09756097560976, "low_level_<0.5": 17.073170731707318, "mid_level_0.5-2": 24.390243902439025, "tall_2+": 12.195121951219512 }, "geometry": { "type": "Point", "coordinates": [ 0.082840788140863, 51.664432069255945 ] } },
{ "type": "Feature", "properties": { "max_height": 1.8297500610351562, "mean_height": 0.18790708482265472, "std_height": 0.4002373218536377, "count_pixels": 42, "percent_cover": 0.032718944268731599, "percent_above_0.1m": 23.809523809523807, "low_level_<0.5": 7.1428571428571423, "mid_level_0.5-2": 14.285714285714285, "tall_2+": 0.0 }, "geometry": { "type": "Point", "coordinates": [ 0.083040993716664, 51.66442851859653 ] } },
{ "type": "Feature", "properties": { "max_height": 0.06850433349609375, "mean_height": 0.013342993333935738, "std_height": 0.017805380746722221, "count_pixels": 42, "percent_cover": 0.032718944268731599, "percent_above_0.1m": 0.0, "low_level_<0.5": 0.0, "mid_level_0.5-2": 0.0, "tall_2+": 0.0 }, "geometry": { "type": "Point", "coordinates": [ 0.083241199250929, 51.664424967595949 ] } },
{ "type": "Feature", "properties": { "max_height": 0.05600738525390625, "mean_height": 0.010943367145955563, "std_height": 0.014284717850387096, "count_pixels": 42, "percent_cover": 0.032718944268731599, "percent_above_0.1m": 0.0, "low_level_<0.5": 0.0, "mid_level_0.5-2": 0.0, "tall_2+": 0.0 }, "geometry": { "type": "Point", "coordinates": [ 0.083441404743659, 51.664421416254221 ] } },
{ "type": "Feature", "properties": { "max_height": 0.059001922607421875, "mean_height": 0.012008758261799812, "std_height": 0.015454371459782124, "count_pixels": 42, "percent_cover": 0.032718944268731599, "percent_above_0.1m": 0.0, "low_level_<0.5": 0.0, "mid_level_0.5-2": 0.0, "tall_2+": 0.0 }, "geometry": { "type": "Point", "coordinates": [ 0.083641610194845, 51.664417864571348 ] } },
{ "type": "Feature", "properties": { "max_height": 8.2845039367675781, "mean_height": 1.1589441299438477, "std_height": 2.1033542156219482, "count_pixels": 38, "percent_cover": 0.029602854338376207, "percent_above_0.1m": 39.473684210526315, "low_level_<0.5": 2.6315789473684208, "mid_level_0.5-2": 7.8947368421052628, "tall_2+": 23.684210526315788 }, "geometry": { "type": "Point", "coordinates": [ 0.083841815604484, 51.664414312547343 ] } },
{ "type": "Feature", "properties": { "max_height": 4.6955032348632812, "mean_height": 0.56575310230255127, "std_height": 1.0426895618438721, "count_pixels": 42, "percent_cover": 0.032718944268731599, "percent_above_0.1m": 35.714285714285715, "low_level_<0.5": 9.5238095238095237, "mid_level_0.5-2": 14.285714285714285, "tall_2+": 11.904761904761903 }, "geometry": { "type": "Point", "coordinates": [ 0.084042020972574, 51.664410760182193 ] } },
{ "type": "Feature", "properties": { "max_height": 9.6667556762695312, "mean_height": 2.3563179969787598, "std_height": 2.2857704162597656, "count_pixels": 42, "percent_cover": 0.032718944268731599, "percent_above_0.1m": 97.61904761904762, "low_level_<0.5": 14.285714285714285, "mid_level_0.5-2": 40.476190476190474, "tall_2+": 40.476190476190474 }, "geometry": { "type": "Point", "coordinates": [ 0.084242226299114, 51.664407207475882 ] } },
{ "type": "Feature", "properties": { "max_height": 11.97900390625, "mean_height": 6.0262241363525391, "std_height": 3.1101336479187012, "count_pixels": 42, "percent_cover": 0.032718944268731599, "percent_above_0.1m": 97.61904761904762, "low_level_<0.5": 4.7619047619047619, "mid_level_0.5-2": 7.1428571428571423, "tall_2+": 85.714285714285708 }, "geometry": { "type": "Point", "coordinates": [ 0.084442431584084, 51.664403654428433 ] } },
{ "type": "Feature", "properties": { "max_height": 12.072002410888672, "mean_height": 5.7827954292297363, "std_height": 3.1953070163726807, "count_pixels": 41, "percent_cover": 0.031939921786142744, "percent_above_0.1m": 100.0, "low_level_<0.5": 0.0, "mid_level_0.5-2": 12.195121951219512, "tall_2+": 87.804878048780495 }, "geometry": { "type": "Point", "coordinates": [ 0.0846426368275, 51.664400101039831 ] } },
{ "type": "Feature", "properties": { "max_height": 10.266502380371094, "mean_height": 4.4070644378662109, "std_height": 3.4685826301574707, "count_pixels": 41, "percent_cover": 0.031939921786142744, "percent_above_0.1m": 70.731707317073173, "low_level_<0.5": 2.4390243902439024, "mid_level_0.5-2": 2.4390243902439024, "tall_2+": 65.853658536585371 }, "geometry": { "type": "Point", "coordinates": [ 0.084842842029349, 51.664396547310119 ] } },
{ "type": "Feature", "properties": { "max_height": 0.0995025634765625, "mean_height": 0.014835993759334087, "std_height": 0.022690476849675179, "count_pixels": 42, "percent_cover": 0.032718944268731599, "percent_above_0.1m": 0.0, "low_level_<0.5": 0.0, "mid_level_0.5-2": 0.0, "tall_2+": 0.0 }, "geometry": { "type": "Point", "coordinates": [ 0.085043047189628, 51.664392993239233 ] } },
{ "type": "Feature", "properties": { "max_height": 0.01525115966796875, "mean_height": 0.0018651144346222281, "std_height": 0.004550218116492033, "count_pixels": 42, "percent_cover": 0.032718944268731599, "percent_above_0.1m": 0.0, "low_level_<0.5": 0.0, "mid_level_0.5-2": 0.0, "tall_2+": 0.0 }, "geometry": { "type": "Point", "coordinates": [ 0.085243252308331, 51.664389438827193 ] } },
{ "type": "Feature", "properties": { "max_height": 0.042755126953125, "mean_height": 0.0070758913643658161, "std_height": 0.011484676040709019, "count_pixels": 41, "percent_cover": 0.031939921786142744, "percent_above_0.1m": 0.0, "low_level_<0.5": 0.0, "mid_level_0.5-2": 0.0, "tall_2+": 0.0 }, "geometry": { "type": "Point", "coordinates": [ 0.085443457385455, 51.664385884074036 ] } },
{ "type": "Feature", "properties": { "max_height": 1.1305007934570312, "mean_height": 0.11655742675065994, "std_height": 0.24614353477954865, "count_pixels": 41, "percent_cover": 0.031939921786142744, "percent_above_0.1m": 21.951219512195124, "low_level_<0.5": 9.7560975609756095, "mid_level_0.5-2": 7.3170731707317067, "tall_2+": 0.0 }, "geometry": { "type": "Point", "coordinates": [ 0.085643662420997, 51.664382328979727 ] } },
{ "type": "Feature", "properties": { "max_height": 1.1530036926269531, "mean_height": 0.05949074774980545, "std_height": 0.17974178493022919, "count_pixels": 42, "percent_cover": 0.032718944268731599, "percent_above_0.1m": 11.904761904761903, "low_level_<0.5": 9.5238095238095237, "mid_level_0.5-2": 2.3809523809523809, "tall_2+": 0.0 }, "geometry": { "type": "Point", "coordinates": [ 0.085843867414954, 51.664378773544264 ] } },
{ "type": "Feature", "properties": { "max_height": 0.45875167846679688, "mean_height": 0.036866143345832825, "std_height": 0.096293188631534576, "count_pixels": 42, "percent_cover": 0.032718944268731599, "percent_above_0.1m": 9.5238095238095237, "low_level_<0.5": 7.1428571428571423, "mid_level_0.5-2": 0.0, "tall_2+": 0.0 }, "geometry": { "type": "Point", "coordinates": [ 0.086044072367322, 51.664375217767677 ] } },
{ "type": "Feature", "properties": { "max_height": 1.57275390625, "mean_height": 0.28444871306419373, "std_height": 0.4163077175617218, "count_pixels": 42, "percent_cover": 0.032718944268731599, "percent_above_0.1m": 42.857142857142854, "low_level_<0.5": 14.285714285714285, "mid_level_0.5-2": 23.809523809523807, "tall_2+": 0.0 }, "geometry": { "type": "Point", "coordinates": [ 0.086244277278093, 51.664371661649938 ] } },
{ "type": "Feature", "properties": { "max_height": 0.69525146484375, "mean_height": 0.16765423119068146, "std_height": 0.20485284924507141, "count_pixels": 38, "percent_cover": 0.029602854338376207, "percent_above_0.1m": 44.736842105263158, "low_level_<0.5": 31.578947368421051, "mid_level_0.5-2": 7.8947368421052628, "tall_2+": 0.0 }, "geometry": { "type": "Point", "coordinates": [ 0.086444482147268, 51.664368105191045 ] } },
{ "type": "Feature", "properties": { "max_height": 1.8797531127929688, "mean_height": 0.29715684056282043, "std_height": 0.44125992059707642, "count_pixels": 42, "percent_cover": 0.032718944268731599, "percent_above_0.1m": 45.238095238095241, "low_level_<0.5": 11.904761904761903, "mid_level_0.5-2": 23.809523809523807, "tall_2+": 0.0 }, "geometry": { "type": "Point", "coordinates": [ 0.086644686974837, 51.664364548391013 ] } },
{ "type": "Feature", "properties": { "max_height": 2.2162513732910156, "mean_height": 0.68578159809112549, "std_height": 0.59199231863021851, "count_pixels": 42, "percent_cover": 0.032718944268731599, "percent_above_0.1m": 73.80952380952381, "low_level_<0.5": 16.666666666666664, "mid_level_0.5-2": 52.380952380952387, "tall_2+": 2.3809523809523809 }, "geometry": { "type": "Point", "coordinates": [ 0.086844891760806, 51.664360991249858 ] } },
{ "type": "Feature", "properties": { "max_height": 5.170501708984375, "mean_height": 1.2571272850036621, "std_height": 1.4073436260223389, "count_pixels": 42, "percent_cover": 0.032718944268731599, "percent_above_0.1m": 78.571428571428569, "low_level_<0.5": 19.047619047619047, "mid_level_0.5-2": 28.571428571428569, "tall_2+": 26.190476190476193 }, "geometry": { "type": "Point", "coordinates": [ 0.08704509650516, 51.664357433767542 ] } },
{ "type": "Feature", "properties": { "max_height": 8.3420028686523438, "mean_height": 1.529026985168457, "std_height": 2.4967954158782959, "count_pixels": 42, "percent_cover": 0.032718944268731599, "percent_above_0.1m": 57.142857142857139, "low_level_<0.5": 16.666666666666664, "mid_level_0.5-2": 16.666666666666664, "tall_2+": 23.809523809523807 }, "geometry": { "type": "Point", "coordinates": [ 0.0872453012079, 51.664353875944073 ] } },
{ "type": "Feature", "properties": { "max_height": 5.1259994506835938, "mean_height": 1.3481549024581909, "std_height": 1.2282235622406006, "count_pixels": 41, "percent_cover": 0.031939921786142744, "percent_above_0.1m": 82.926829268292678, "low_level_<0.5": 7.3170731707317067, "mid_level_0.5-2": 43.902439024390247, "tall_2+": 29.268292682926827 }, "geometry": { "type": "Point", "coordinates": [ 0.087445505869023, 51.664350317779473 ] } },
{ "type": "Feature", "properties": { "max_height": 6.1525039672851562, "mean_height": 2.4254844188690186, "std_height": 1.3969223499298096, "count_pixels": 41, "percent_cover": 0.031939921786142744, "percent_above_0.1m": 97.560975609756099, "low_level_<0.5": 7.3170731707317067, "mid_level_0.5-2": 26.829268292682929, "tall_2+": 60.975609756097562 }, "geometry": { "type": "Point", "coordinates": [ 0.087645710488522, 51.664346759273734 ] } },
{ "type": "Feature", "properties": { "max_height": 4.1324996948242188, "mean_height": 1.2134071588516235, "std_height": 1.1321824789047241, "count_pixels": 42, "percent_cover": 0.032718944268731599, "percent_above_0.1m": 76.19047619047619, "low_level_<0.5": 14.285714285714285, "mid_level_0.5-2": 38.095238095238095, "tall_2+": 23.809523809523807 }, "geometry": { "type": "Point", "coordinates": [ 0.087845915066401, 51.664343200426863 ] } },
{ "type": "Feature", "properties": { "max_height": 4.7985000610351562, "mean_height": 0.98215723037719727, "std_height": 1.2867286205291748, "count_pixels": 42, "percent_cover": 0.032718944268731599, "percent_above_0.1m": 61.904761904761905, "low_level_<0.5": 16.666666666666664, "mid_level_0.5-2": 26.190476190476193, "tall_2+": 19.047619047619047 }, "geometry": { "type": "Point", "coordinates": [ 0.08804611960264, 51.664339641238833 ] } },
{ "type": "Feature", "properties": { "max_height": 4.2620048522949219, "mean_height": 1.462410569190979, "std_height": 1.1855891942977905, "count_pixels": 41, "percent_cover": 0.031939921786142744, "percent_above_0.1m": 90.243902439024396, "low_level_<0.5": 14.634146341463413, "mid_level_0.5-2": 39.024390243902438, "tall_2+": 31.707317073170731 }, "geometry": { "type": "Point", "coordinates": [ 0.08824632409725, 51.664336081709664 ] } },
{ "type": "Feature", "properties": { "max_height": 1.9320068359375, "mean_height": 0.16874639689922333, "std_height": 0.42690575122833252, "count_pixels": 42, "percent_cover": 0.032718944268731599, "percent_above_0.1m": 16.666666666666664, "low_level_<0.5": 2.3809523809523809, "mid_level_0.5-2": 14.285714285714285, "tall_2+": 0.0 }, "geometry": { "type": "Point", "coordinates": [ 0.088446528550225, 51.664332521839363 ] } },
{ "type": "Feature", "properties": { "max_height": 4.4302520751953125, "mean_height": 1.5123294591903687, "std_height": 1.4697279930114746, "count_pixels": 42, "percent_cover": 0.032718944268731599, "percent_above_0.1m": 66.666666666666657, "low_level_<0.5": 4.7619047619047619, "mid_level_0.5-2": 23.809523809523807, "tall_2+": 38.095238095238095 }, "geometry": { "type": "Point", "coordinates": [ 0.088646732961554, 51.664328961627916 ] } },
{ "type": "Feature", "properties": { "max_height": 11.730003356933594, "mean_height": 3.9731979370117188, "std_height": 2.7118926048278809, "count_pixels": 42, "percent_cover": 0.032718944268731599, "percent_above_0.1m": 92.857142857142861, "low_level_<0.5": 4.7619047619047619, "mid_level_0.5-2": 19.047619047619047, "tall_2+": 69.047619047619051 }, "geometry": { "type": "Point", "coordinates": [ 0.081143980105155, 51.664570064323094 ] } },
{ "type": "Feature", "properties": { "max_height": 1.7960052490234375, "mean_height": 0.18603087961673737, "std_height": 0.44079342484474182, "count_pixels": 41, "percent_cover": 0.031939921786142744, "percent_above_0.1m": 21.951219512195124, "low_level_<0.5": 9.7560975609756095, "mid_level_0.5-2": 9.7560975609756095, "tall_2+": 0.0 }, "geometry": { "type": "Point", "coordinates": [ 0.081344186275388, 51.66456651645678 ] } },
{ "type": "Feature", "properties": { "max_height": 6.2665023803710938, "mean_height": 1.7129430770874023, "std_height": 1.7304123640060425, "count_pixels": 42, "percent_cover": 0.032718944268731599, "percent_above_0.1m": 90.476190476190482, "low_level_<0.5": 21.428571428571427, "mid_level_0.5-2": 35.714285714285715, "tall_2+": 30.952380952380953 }, "geometry": { "type": "Point", "coordinates": [ 0.08154439240533, 51.664562968249612 ] } },
{ "type": "Feature", "properties": { "max_height": 7.9320068359375, "mean_height": 2.2153956890106201, "std_height": 2.0440833568572998, "count_pixels": 42, "percent_cover": 0.032718944268731599, "percent_above_0.1m": 85.714285714285708, "low_level_<0.5": 7.1428571428571423, "mid_level_0.5-2": 28.571428571428569, "tall_2+": 47.619047619047613 }, "geometry": { "type": "Point", "coordinates": [ 0.081744598561744, 51.664559419719929 ] } },
{ "type": "Feature", "properties": { "max_height": 7.7102584838867188, "mean_height": 1.3628541231155396, "std_height": 2.2285478115081787, "count_pixels": 42, "percent_cover": 0.032718944268731599, "percent_above_0.1m": 61.904761904761905, "low_level_<0.5": 21.428571428571427, "mid_level_0.5-2": 14.285714285714285, "tall_2+": 23.809523809523807 }, "geometry": { "type": "Point", "coordinates": [ 0.081944804805662, 51.66455587091577 ] } },
{ "type": "Feature", "properties": { "max_height": 5.4037513732910156, "mean_height": 1.1810317039489746, "std_height": 1.2649580240249634, "count_pixels": 42, "percent_cover": 0.032718944268731599, "percent_above_0.1m": 71.428571428571431, "low_level_<0.5": 11.904761904761903, "mid_level_0.5-2": 26.190476190476193, "tall_2+": 28.571428571428569 }, "geometry": { "type": "Point", "coordinates": [ 0.082145011048874, 51.664552321778089 ] } },
{ "type": "Feature", "properties": { "max_height": 2.4020042419433594, "mean_height": 0.39296332001686096, "std_height": 0.50871467590332031, "count_pixels": 38, "percent_cover": 0.029602854338376207, "percent_above_0.1m": 57.894736842105267, "low_level_<0.5": 18.421052631578945, "mid_level_0.5-2": 34.210526315789473, "tall_2+": 2.6315789473684208 }, "geometry": { "type": "Point", "coordinates": [ 0.082345217250567, 51.664548772299284 ] } },
{ "type": "Feature", "properties": { "max_height": 2.1722564697265625, "mean_height": 0.46512767672538757, "std_height": 0.52765125036239624, "count_pixels": 42, "percent_cover": 0.032718944268731599, "percent_above_0.1m": 64.285714285714292, "low_level_<0.5": 21.428571428571427, "mid_level_0.5-2": 35.714285714285715, "tall_2+": 2.3809523809523809 }, "geometry": { "type": "Point", "coordinates": [ 0.08254542341074, 51.66454522247934 ] } },
{ "type": "Feature", "properties": { "max_height": 1.989501953125, "mean_height": 0.36428707838058472, "std_height": 0.56064045429229736, "count_pixels": 43, "percent_cover": 0.03349796675132044, "percent_above_0.1m": 37.209302325581397, "low_level_<0.5": 6.9767441860465116, "mid_level_0.5-2": 30.232558139534881, "tall_2+": 0.0 }, "geometry": { "type": "Point", "coordinates": [ 0.082745629529391, 51.664541672318215 ] } },
{ "type": "Feature", "properties": { "max_height": 0.32325363159179688, "mean_height": 0.028181985020637512, "std_height": 0.059399515390396118, "count_pixels": 42, "percent_cover": 0.032718944268731599, "percent_above_0.1m": 4.7619047619047619, "low_level_<0.5": 4.7619047619047619, "mid_level_0.5-2": 0.0, "tall_2+": 0.0 }, "geometry": { "type": "Point", "coordinates": [ 0.082945835606514, 51.664538121815951 ] } },
{ "type": "Feature", "properties": { "max_height": 0.0890045166015625, "mean_height": 0.020507995039224625, "std_height": 0.023492138832807541, "count_pixels": 42, "percent_cover": 0.032718944268731599, "percent_above_0.1m": 0.0, "low_level_<0.5": 0.0, "mid_level_0.5-2": 0.0, "tall_2+": 0.0 }, "geometry": { "type": "Point", "coordinates": [ 0.083146041642099, 51.664534570972563 ] } },
{ "type": "Feature", "properties": { "max_height": 0.0422515869140625, "mean_height": 0.0083615370094776154, "std_height": 0.012124187313020229, "count_pixels": 41, "percent_cover": 0.031939921786142744, "percent_above_0.1m": 0.0, "low_level_<0.5": 0.0, "mid_level_0.5-2": 0.0, "tall_2+": 0.0 }, "geometry": { "type": "Point", "coordinates": [ 0.083346247636149, 51.664531019788015 ] } },
{ "type": "Feature", "properties": { "max_height": 3.3125, "mean_height": 0.3524554967880249, "std_height": 0.73698526620864868, "count_pixels": 42, "percent_cover": 0.032718944268731599, "percent_above_0.1m": 23.809523809523807, "low_level_<0.5": 2.3809523809523809, "mid_level_0.5-2": 16.666666666666664, "tall_2+": 4.7619047619047619 }, "geometry": { "type": "Point", "coordinates": [ 0.083546453588659, 51.664527468262328 ] } },
{ "type": "Feature", "properties": { "max_height": 6.1695022583007812, "mean_height": 1.451526403427124, "std_height": 1.3756517171859741, "count_pixels": 42, "percent_cover": 0.032718944268731599, "percent_above_0.1m": 80.952380952380949, "low_level_<0.5": 7.1428571428571423, "mid_level_0.5-2": 42.857142857142854, "tall_2+": 30.952380952380953 }, "geometry": { "type": "Point", "coordinates": [ 0.083746659499628, 51.664523916395488 ] } },
{ "type": "Feature", "properties": { "max_height": 10.871757507324219, "mean_height": 2.7719850540161133, "std_height": 2.6358363628387451, "count_pixels": 42, "percent_cover": 0.032718944268731599, "percent_above_0.1m": 73.80952380952381, "low_level_<0.5": 2.3809523809523809, "mid_level_0.5-2": 14.285714285714285, "tall_2+": 54.761904761904766 }, "geometry": { "type": "Point", "coordinates": [ 0.083946865369045, 51.664520364187496 ] } },
{ "type": "Feature", "properties": { "max_height": 9.07525634765625, "mean_height": 4.0907530784606934, "std_height": 2.3519761562347412, "count_pixels": 41, "percent_cover": 0.031939921786142744, "percent_above_0.1m": 92.682926829268297, "low_level_<0.5": 4.8780487804878048, "mid_level_0.5-2": 7.3170731707317067, "tall_2+": 80.487804878048792 }, "geometry": { "type": "Point", "coordinates": [ 0.084147071196907, 51.664516811638372 ] } },
{ "type": "Feature", "properties": { "max_height": 8.8027534484863281, "mean_height": 3.2482771873474121, "std_height": 2.9916551113128662, "count_pixels": 42, "percent_cover": 0.032718944268731599, "percent_above_0.1m": 71.428571428571431, "low_level_<0.5": 4.7619047619047619, "mid_level_0.5-2": 11.904761904761903, "tall_2+": 54.761904761904766 }, "geometry": { "type": "Point", "coordinates": [ 0.084947894092757, 51.664502598030388 ] } },
{ "type": "Feature", "properties": { "max_height": 0.04925537109375, "mean_height": 0.0040031233802437782, "std_height": 0.010843999683856964, "count_pixels": 38, "percent_cover": 0.029602854338376207, "percent_above_0.1m": 0.0, "low_level_<0.5": 0.0, "mid_level_0.5-2": 0.0, "tall_2+": 0.0 }, "geometry": { "type": "Point", "coordinates": [ 0.085148099712798, 51.664499043775521 ] } },
{ "type": "Feature", "properties": { "max_height": 0.057003021240234375, "mean_height": 0.012407211586833, "std_height": 0.016087921336293221, "count_pixels": 42, "percent_cover": 0.032718944268731599, "percent_above_0.1m": 0.0, "low_level_<0.5": 0.0, "mid_level_0.5-2": 0.0, "tall_2+": 0.0 }, "geometry": { "type": "Point", "coordinates": [ 0.085348305291264, 51.664495489179515 ] } },
{ "type": "Feature", "properties": { "max_height": 2.6310043334960938, "mean_height": 0.15062554180622101, "std_height": 0.51052826642990112, "count_pixels": 43, "percent_cover": 0.03349796675132044, "percent_above_0.1m": 13.953488372093023, "low_level_<0.5": 6.9767441860465116, "mid_level_0.5-2": 2.3255813953488373, "tall_2+": 4.6511627906976747 }, "geometry": { "type": "Point", "coordinates": [ 0.085548510828152, 51.664491934242356 ] } },
{ "type": "Feature", "properties": { "max_height": 4.3822555541992188, "mean_height": 0.55731862783432007, "std_height": 1.1662715673446655, "count_pixels": 42, "percent_cover": 0.032718944268731599, "percent_above_0.1m": 30.952380952380953, "low_level_<0.5": 11.904761904761903, "mid_level_0.5-2": 7.1428571428571423, "tall_2+": 11.904761904761903 }, "geometry": { "type": "Point", "coordinates": [ 0.085748716323448, 51.664488378964059 ] } },
{ "type": "Feature", "properties": { "max_height": 0.071254730224609375, "mean_height": 0.0074904304929077625, "std_height": 0.015550971962511539, "count_pixels": 42, "percent_cover": 0.032718944268731599, "percent_above_0.1m": 0.0, "low_level_<0.5": 0.0, "mid_level_0.5-2": 0.0, "tall_2+": 0.0 }, "geometry": { "type": "Point", "coordinates": [ 0.085948921777158, 51.66448482334463 ] } },
{ "type": "Feature", "properties": { "max_height": 0.01850128173828125, "mean_height": 0.00071623269468545914, "std_height": 0.0039913337677717209, "count_pixels": 41, "percent_cover": 0.031939921786142744, "percent_above_0.1m": 0.0, "low_level_<0.5": 0.0, "mid_level_0.5-2": 0.0, "tall_2+": 0.0 }, "geometry": { "type": "Point", "coordinates": [ 0.086149127189276, 51.664481267384033 ] } },
{ "type": "Feature", "properties": { "max_height": 0.16875076293945312, "mean_height": 0.016270318999886513, "std_height": 0.030378397554159164, "count_pixels": 42, "percent_cover": 0.032718944268731599, "percent_above_0.1m": 2.3809523809523809, "low_level_<0.5": 2.3809523809523809, "mid_level_0.5-2": 0.0, "tall_2+": 0.0 }, "geometry": { "type": "Point", "coordinates": [ 0.086349332559799, 51.66447771108232 ] } },
{ "type": "Feature", "properties": { "max_height": 1.7280044555664062, "mean_height": 0.22132964432239532, "std_height": 0.42651957273483276, "count_pixels": 42, "percent_cover": 0.032718944268731599, "percent_above_0.1m": 28.571428571428569, "low_level_<0.5": 7.1428571428571423, "mid_level_0.5-2": 19.047619047619047, "tall_2+": 0.0 }, "geometry": { "type": "Point", "coordinates": [ 0.086549537888718, 51.664474154439425 ] } },
{ "type": "Feature", "properties": { "max_height": 1.3427543640136719, "mean_height": 0.21398435533046722, "std_height": 0.38951399922370911, "count_pixels": 42, "percent_cover": 0.032718944268731599, "percent_above_0.1m": 33.333333333333329, "low_level_<0.5": 11.904761904761903, "mid_level_0.5-2": 14.285714285714285, "tall_2+": 0.0 }, "geometry": { "type": "Point", "coordinates": [ 0.086749743176036, 51.664470597455399 ] } },
{ "type": "Feature", "properties": { "max_height": 1.2955055236816406, "mean_height": 0.25438058376312256, "std_height": 0.36494287848472595, "count_pixels": 41, "percent_cover": 0.031939921786142744, "percent_above_0.1m": 43.902439024390247, "low_level_<0.5": 21.951219512195124, "mid_level_0.5-2": 21.951219512195124, "tall_2+": 0.0 }, "geometry": { "type": "Point", "coordinates": [ 0.08694994842174, 51.664467040130255 ] } },
{ "type": "Feature", "properties": { "max_height": 6.2455062866210938, "mean_height": 1.3436628580093384, "std_height": 1.5258747339248657, "count_pixels": 42, "percent_cover": 0.032718944268731599, "percent_above_0.1m": 80.952380952380949, "low_level_<0.5": 23.809523809523807, "mid_level_0.5-2": 30.952380952380953, "tall_2+": 26.190476190476193 }, "geometry": { "type": "Point", "coordinates": [ 0.087150153625837, 51.664463482463944 ] } },
{ "type": "Feature", "properties": { "max_height": 6.9792556762695312, "mean_height": 1.4958832263946533, "std_height": 1.6490910053253174, "count_pixels": 42, "percent_cover": 0.032718944268731599, "percent_above_0.1m": 88.095238095238088, "low_level_<0.5": 26.190476190476193, "mid_level_0.5-2": 28.571428571428569, "tall_2+": 33.333333333333329 }, "geometry": { "type": "Point", "coordinates": [ 0.087350358788316, 51.664459924456501 ] } },
{ "type": "Feature", "properties": { "max_height": 5.7790031433105469, "mean_height": 2.215543270111084, "std_height": 1.7941951751708984, "count_pixels": 43, "percent_cover": 0.03349796675132044, "percent_above_0.1m": 88.372093023255815, "low_level_<0.5": 4.6511627906976747, "mid_level_0.5-2": 39.534883720930232, "tall_2+": 44.186046511627907 }, "geometry": { "type": "Point", "coordinates": [ 0.087550563909174, 51.664456366107892 ] } },
{ "type": "Feature", "properties": { "max_height": 5.6955032348632812, "mean_height": 2.5084125995635986, "std_height": 1.5573035478591919, "count_pixels": 42, "percent_cover": 0.032718944268731599, "percent_above_0.1m": 95.238095238095227, "low_level_<0.5": 9.5238095238095237, "mid_level_0.5-2": 19.047619047619047, "tall_2+": 64.285714285714292 }, "geometry": { "type": "Point", "coordinates": [ 0.087750768988405, 51.664452807418151 ] } },
{ "type": "Feature", "properties": { "max_height": 8.3100013732910156, "mean_height": 3.3212921619415283, "std_height": 2.2827446460723877, "count_pixels": 38, "percent_cover": 0.029602854338376207, "percent_above_0.1m": 89.473684210526315, "low_level_<0.5": 5.2631578947368416, "mid_level_0.5-2": 15.789473684210526, "tall_2+": 68.421052631578945 }, "geometry": { "type": "Point", "coordinates": [ 0.087950974026011, 51.664449248387285 ] } },
{ "type": "Feature", "properties": { "max_height": 5.7077560424804688, "mean_height": 1.1942465305328369, "std_height": 1.5916318893432617, "count_pixels": 42, "percent_cover": 0.032718944268731599, "percent_above_0.1m": 59.523809523809526, "low_level_<0.5": 9.5238095238095237, "mid_level_0.5-2": 26.190476190476193, "tall_2+": 23.809523809523807 }, "geometry": { "type": "Point", "coordinates": [ 0.088151179021985, 51.664445689015274 ] } },
{ "type": "Feature", "properties": { "max_height": 4.3402557373046875, "mean_height": 1.4900377988815308, "std_height": 1.1611778736114502, "count_pixels": 42, "percent_cover": 0.032718944268731599, "percent_above_0.1m": 95.238095238095227, "low_level_<0.5": 16.666666666666664, "mid_level_0.5-2": 50.0, "tall_2+": 28.571428571428569 }, "geometry": { "type": "Point", "coordinates": [ 0.088351383976317, 51.664442129302095 ] } },
{ "type": "Feature", "properties": { "max_height": 8.225006103515625, "mean_height": 3.2288069725036621, "std_height": 2.566756010055542, "count_pixels": 42, "percent_cover": 0.032718944268731599, "percent_above_0.1m": 78.571428571428569, "low_level_<0.5": 0.0, "mid_level_0.5-2": 14.285714285714285, "tall_2+": 61.904761904761905 }, "geometry": { "type": "Point", "coordinates": [ 0.081249023851525, 51.664676118398056 ] } },
{ "type": "Feature", "properties": { "max_height": 5.967926025390625, "mean_height": 0.97977638244628906, "std_height": 1.6689749956130981, "count_pixels": 42, "percent_cover": 0.032718944268731599, "percent_above_0.1m": 47.619047619047613, "low_level_<0.5": 9.5238095238095237, "mid_level_0.5-2": 21.428571428571427, "tall_2+": 16.666666666666664 }, "geometry": { "type": "Point", "coordinates": [ 0.081449230463967, 51.664672570344031 ] } },
{ "type": "Feature", "properties": { "max_height": 4.7612533569335938, "mean_height": 1.0853415727615356, "std_height": 1.3086686134338379, "count_pixels": 42, "percent_cover": 0.032718944268731599, "percent_above_0.1m": 64.285714285714292, "low_level_<0.5": 16.666666666666664, "mid_level_0.5-2": 19.047619047619047, "tall_2+": 26.190476190476193 }, "geometry": { "type": "Point", "coordinates": [ 0.081649437051371, 51.664669021952179 ] } },
{ "type": "Feature", "properties": { "max_height": 2.8190040588378906, "mean_height": 0.569294273853302, "std_height": 0.71456986665725708, "count_pixels": 42, "percent_cover": 0.032718944268731599, "percent_above_0.1m": 54.761904761904766, "low_level_<0.5": 11.904761904761903, "mid_level_0.5-2": 38.095238095238095, "tall_2+": 2.3809523809523809 }, "geometry": { "type": "Point", "coordinates": [ 0.081849643729143, 51.664665473275093 ] } },
{ "type": "Feature", "properties": { "max_height": 3.8002548217773438, "mean_height": 1.5269540548324585, "std_height": 1.1031023263931274, "count_pixels": 41, "percent_cover": 0.031939921786142744, "percent_above_0.1m": 85.365853658536579, "low_level_<0.5": 12.195121951219512, "mid_level_0.5-2": 36.585365853658537, "tall_2+": 34.146341463414636 }, "geometry": { "type": "Point", "coordinates": [ 0.082049850473667, 51.664661924294627 ] } },
{ "type": "Feature", "properties": { "max_height": 2.03900146484375, "mean_height": 0.2028903067111969, "std_height": 0.41934093832969666, "count_pixels": 42, "percent_cover": 0.032718944268731599, "percent_above_0.1m": 28.571428571428569, "low_level_<0.5": 14.285714285714285, "mid_level_0.5-2": 9.5238095238095237, "tall_2+": 2.3809523809523809 }, "geometry": { "type": "Point", "coordinates": [ 0.082250057176677, 51.664658374972987 ] } },
{ "type": "Feature", "properties": { "max_height": 2.9417533874511719, "mean_height": 0.33514541387557983, "std_height": 0.7100481390953064, "count_pixels": 42, "percent_cover": 0.032718944268731599, "percent_above_0.1m": 30.952380952380953, "low_level_<0.5": 11.904761904761903, "mid_level_0.5-2": 11.904761904761903, "tall_2+": 7.1428571428571423 }, "geometry": { "type": "Point", "coordinates": [ 0.082450263838175, 51.664654825310208 ] } },
{ "type": "Feature", "properties": { "max_height": 3.4735031127929688, "mean_height": 0.73356449604034424, "std_height": 0.87652766704559326, "count_pixels": 41, "percent_cover": 0.031939921786142744, "percent_above_0.1m": 58.536585365853654, "low_level_<0.5": 12.195121951219512, "mid_level_0.5-2": 41.463414634146339, "tall_2+": 4.8780487804878048 }, "geometry": { "type": "Point", "coordinates": [ 0.082650470458143, 51.664651275306291 ] } },
{ "type": "Feature", "properties": { "max_height": 0.08699798583984375, "mean_height": 0.0091966772451996803, "std_height": 0.017217392101883888, "count_pixels": 41, "percent_cover": 0.031939921786142744, "percent_above_0.1m": 0.0, "low_level_<0.5": 0.0, "mid_level_0.5-2": 0.0, "tall_2+": 0.0 }, "geometry": { "type": "Point", "coordinates": [ 0.082850677036582, 51.66464772496122 ] } },
{ "type": "Feature", "properties": { "max_height": 0.0682525634765625, "mean_height": 0.012363433837890625, "std_height": 0.017284907400608063, "count_pixels": 42, "percent_cover": 0.032718944268731599, "percent_above_0.1m": 0.0, "low_level_<0.5": 0.0, "mid_level_0.5-2": 0.0, "tall_2+": 0.0 }, "geometry": { "type": "Point", "coordinates": [ 0.083050883573497, 51.66464417427499 ] } },
{ "type": "Feature", "properties": { "max_height": 0.0890045166015625, "mean_height": 0.024672552943229675, "std_height": 0.02497449703514576, "count_pixels": 42, "percent_cover": 0.032718944268731599, "percent_above_0.1m": 0.0, "low_level_<0.5": 0.0, "mid_level_0.5-2": 0.0, "tall_2+": 0.0 }, "geometry": { "type": "Point", "coordinates": [ 0.08325109006887, 51.664640623247628 ] } },
{ "type": "Feature", "properties": { "max_height": 0.57175445556640625, "mean_height": 0.041078478097915649, "std_height": 0.1002625897526741, "count_pixels": 42, "percent_cover": 0.032718944268731599, "percent_above_0.1m": 11.904761904761903, "low_level_<0.5": 9.5238095238095237, "mid_level_0.5-2": 2.3809523809523809, "tall_2+": 0.0 }, "geometry": { "type": "Point", "coordinates": [ 0.083451296522709, 51.664637071879113 ] } },
{ "type": "Feature", "properties": { "max_height": 6.0579986572265625, "mean_height": 2.3690011501312256, "std_height": 1.7540260553359985, "count_pixels": 42, "percent_cover": 0.032718944268731599, "percent_above_0.1m": 92.857142857142861, "low_level_<0.5": 4.7619047619047619, "mid_level_0.5-2": 28.571428571428569, "tall_2+": 52.380952380952387 }, "geometry": { "type": "Point", "coordinates": [ 0.083651502935002, 51.664633520169424 ] } },
{ "type": "Feature", "properties": { "max_height": 9.9350013732910156, "mean_height": 3.6483728885650635, "std_height": 2.8725206851959229, "count_pixels": 42, "percent_cover": 0.032718944268731599, "percent_above_0.1m": 80.952380952380949, "low_level_<0.5": 4.7619047619047619, "mid_level_0.5-2": 9.5238095238095237, "tall_2+": 66.666666666666657 }, "geometry": { "type": "Point", "coordinates": [ 0.084452328168669, 51.664619309919281 ] } },
{ "type": "Feature", "properties": { "max_height": 7.9457511901855469, "mean_height": 1.6521675586700439, "std_height": 2.3306984901428223, "count_pixels": 41, "percent_cover": 0.031939921786142744, "percent_above_0.1m": 43.902439024390247, "low_level_<0.5": 2.4390243902439024, "mid_level_0.5-2": 12.195121951219512, "tall_2+": 29.268292682926827 }, "geometry": { "type": "Point", "coordinates": [ 0.084652534373187, 51.664615756503892 ] } },
{ "type": "Feature", "properties": { "max_height": 6.24725341796875, "mean_height": 3.9188084602355957, "std_height": 1.5671126842498779, "count_pixels": 41, "percent_cover": 0.031939921786142744, "percent_above_0.1m": 100.0, "low_level_<0.5": 0.0, "mid_level_0.5-2": 19.512195121951219, "tall_2+": 80.487804878048792 }, "geometry": { "type": "Point", "coordinates": [ 0.084852740536141, 51.664612202747357 ] } },
{ "type": "Feature", "properties": { "max_height": 5.3100051879882812, "mean_height": 2.3082408905029297, "std_height": 1.9174289703369141, "count_pixels": 42, "percent_cover": 0.032718944268731599, "percent_above_0.1m": 71.428571428571431, "low_level_<0.5": 4.7619047619047619, "mid_level_0.5-2": 9.5238095238095237, "tall_2+": 57.142857142857139 }, "geometry": { "type": "Point", "coordinates": [ 0.085052946657518, 51.664608648649633 ] } },
{ "type": "Feature", "properties": { "max_height": 0.033252716064453125, "mean_height": 0.0037406738847494125, "std_height": 0.0085722655057907104, "count_pixels": 42, "percent_cover": 0.032718944268731599, "percent_above_0.1m": 0.0, "low_level_<0.5": 0.0, "mid_level_0.5-2": 0.0, "tall_2+": 0.0 }, "geometry": { "type": "Point", "coordinates": [ 0.085253152737327, 51.664605094210806 ] } },
{ "type": "Feature", "properties": { "max_height": 0.76975250244140625, "mean_height": 0.078612633049488068, "std_height": 0.17226849496364594, "count_pixels": 41, "percent_cover": 0.031939921786142744, "percent_above_0.1m": 19.512195121951219, "low_level_<0.5": 14.634146341463413, "mid_level_0.5-2": 4.8780487804878048, "tall_2+": 0.0 }, "geometry": { "type": "Point", "coordinates": [ 0.085453358775554, 51.664601539430812 ] } },
{ "type": "Feature", "properties": { "max_height": 2.5290031433105469, "mean_height": 0.097905226051807404, "std_height": 0.39844152331352234, "count_pixels": 41, "percent_cover": 0.031939921786142744, "percent_above_0.1m": 9.7560975609756095, "low_level_<0.5": 4.8780487804878048, "mid_level_0.5-2": 2.4390243902439024, "tall_2+": 2.4390243902439024 }, "geometry": { "type": "Point", "coordinates": [ 0.085653564772199, 51.664597984309673 ] } },
{ "type": "Feature", "properties": { "max_height": 0.0695037841796875, "mean_height": 0.010389691218733788, "std_height": 0.015741540119051933, "count_pixels": 42, "percent_cover": 0.032718944268731599, "percent_above_0.1m": 0.0, "low_level_<0.5": 0.0, "mid_level_0.5-2": 0.0, "tall_2+": 0.0 }, "geometry": { "type": "Point", "coordinates": [ 0.085853770727252, 51.664594428847394 ] } },
{ "type": "Feature", "properties": { "max_height": 0.0565032958984375, "mean_height": 0.0059370314702391624, "std_height": 0.010864554904401302, "count_pixels": 42, "percent_cover": 0.032718944268731599, "percent_above_0.1m": 0.0, "low_level_<0.5": 0.0, "mid_level_0.5-2": 0.0, "tall_2+": 0.0 }, "geometry": { "type": "Point", "coordinates": [ 0.086053976640724, 51.664590873043956 ] } },
{ "type": "Feature", "properties": { "max_height": 0.03725433349609375, "mean_height": 0.0050320397131145, "std_height": 0.0098144933581352234, "count_pixels": 42, "percent_cover": 0.032718944268731599, "percent_above_0.1m": 0.0, "low_level_<0.5": 0.0, "mid_level_0.5-2": 0.0, "tall_2+": 0.0 }, "geometry": { "type": "Point", "coordinates": [ 0.086254182512592, 51.664587316899386 ] } },
{ "type": "Feature", "properties": { "max_height": 0.03675079345703125, "mean_height": 0.0032532340846955776, "std_height": 0.0086266305297613144, "count_pixels": 38, "percent_cover": 0.029602854338376207, "percent_above_0.1m": 0.0, "low_level_<0.5": 0.0, "mid_level_0.5-2": 0.0, "tall_2+": 0.0 }, "geometry": { "type": "Point", "coordinates": [ 0.086454388342864, 51.664583760413677 ] } },
{ "type": "Feature", "properties": { "max_height": 1.4314994812011719, "mean_height": 0.060163587331771851, "std_height": 0.23535367846488953, "count_pixels": 42, "percent_cover": 0.032718944268731599, "percent_above_0.1m": 9.5238095238095237, "low_level_<0.5": 2.3809523809523809, "mid_level_0.5-2": 4.7619047619047619, "tall_2+": 0.0 }, "geometry": { "type": "Point", "coordinates": [ 0.086654594131533, 51.664580203586809 ] } },
{ "type": "Feature", "properties": { "max_height": 1.2849998474121094, "mean_height": 0.18051411211490631, "std_height": 0.30084237456321716, "count_pixels": 42, "percent_cover": 0.032718944268731599, "percent_above_0.1m": 30.952380952380953, "low_level_<0.5": 14.285714285714285, "mid_level_0.5-2": 16.666666666666664, "tall_2+": 0.0 }, "geometry": { "type": "Point", "coordinates": [ 0.086854799878596, 51.66457664641878 ] } },
{ "type": "Feature", "properties": { "max_height": 2.5885009765625, "mean_height": 0.43231254816055298, "std_height": 0.59083521366119385, "count_pixels": 42, "percent_cover": 0.032718944268731599, "percent_above_0.1m": 52.380952380952387, "low_level_<0.5": 23.809523809523807, "mid_level_0.5-2": 23.809523809523807, "tall_2+": 4.7619047619047619 }, "geometry": { "type": "Point", "coordinates": [ 0.087055005584048, 51.664573088909641 ] } },
{ "type": "Feature", "properties": { "max_height": 10.111503601074219, "mean_height": 1.3264783620834351, "std_height": 1.6937681436538696, "count_pixels": 42, "percent_cover": 0.032718944268731599, "percent_above_0.1m": 95.238095238095227, "low_level_<0.5": 16.666666666666664, "mid_level_0.5-2": 59.523809523809526, "tall_2+": 14.285714285714285 }, "geometry": { "type": "Point", "coordinates": [ 0.087255211247882, 51.664569531059328 ] } },
{ "type": "Feature", "properties": { "max_height": 10.976253509521484, "mean_height": 2.3741123676300049, "std_height": 2.868516206741333, "count_pixels": 41, "percent_cover": 0.031939921786142744, "percent_above_0.1m": 85.365853658536579, "low_level_<0.5": 12.195121951219512, "mid_level_0.5-2": 31.707317073170731, "tall_2+": 39.024390243902438 }, "geometry": { "type": "Point", "coordinates": [ 0.087455416870102, 51.664565972867884 ] } },
{ "type": "Feature", "properties": { "max_height": 6.3630027770996094, "mean_height": 1.7920634746551514, "std_height": 1.626650333404541, "count_pixels": 41, "percent_cover": 0.031939921786142744, "percent_above_0.1m": 92.682926829268297, "low_level_<0.5": 14.634146341463413, "mid_level_0.5-2": 36.585365853658537, "tall_2+": 39.024390243902438 }, "geometry": { "type": "Point", "coordinates": [ 0.087655622450698, 51.6645624143353 ] } },
{ "type": "Feature", "properties": { "max_height": 6.6047515869140625, "mean_height": 2.3087046146392822, "std_height": 2.0192911624908447, "count_pixels": 42, "percent_cover": 0.032718944268731599, "percent_above_0.1m": 83.333333333333343, "low_level_<0.5": 7.1428571428571423, "mid_level_0.5-2": 28.571428571428569, "tall_2+": 47.619047619047613 }, "geometry": { "type": "Point", "coordinates": [ 0.087855827989663, 51.664558855461571 ] } },
{ "type": "Feature", "properties": { "max_height": 5.5722541809082031, "mean_height": 1.2299959659576416, "std_height": 1.2896609306335449, "count_pixels": 42, "percent_cover": 0.032718944268731599, "percent_above_0.1m": 71.428571428571431, "low_level_<0.5": 7.1428571428571423, "mid_level_0.5-2": 42.857142857142854, "tall_2+": 19.047619047619047 }, "geometry": { "type": "Point", "coordinates": [ 0.088056033487, 51.664555296246689 ] } },
{ "type": "Feature", "properties": { "max_height": 6.2480010986328125, "mean_height": 1.8172826766967773, "std_height": 1.7082198858261108, "count_pixels": 41, "percent_cover": 0.031939921786142744, "percent_above_0.1m": 78.048780487804876, "low_level_<0.5": 2.4390243902439024, "mid_level_0.5-2": 34.146341463414636, "tall_2+": 39.024390243902438 }, "geometry": { "type": "Point", "coordinates": [ 0.088256238942703, 51.664551736690662 ] } },
{ "type": "Feature", "properties": { "max_height": 9.3298263549804688, "mean_height": 5.4074563980102539, "std_height": 1.9732152223587036, "count_pixels": 42, "percent_cover": 0.032718944268731599, "percent_above_0.1m": 97.61904761904762, "low_level_<0.5": 2.3809523809523809, "mid_level_0.5-2": 2.3809523809523809, "tall_2+": 92.857142857142861 }, "geometry": { "type": "Point", "coordinates": [ 0.081153860985454, 51.664785720268831 ] } },
{ "type": "Feature", "properties": { "max_height": 6.6092491149902344, "mean_height": 1.0529698133468628, "std_height": 1.8456605672836304, "count_pixels": 41, "percent_cover": 0.031939921786142744, "percent_above_0.1m": 41.463414634146339, "low_level_<0.5": 4.8780487804878048, "mid_level_0.5-2": 14.634146341463413, "tall_2+": 19.512195121951219 }, "geometry": { "type": "Point", "coordinates": [ 0.081354068080417, 51.664782172368007 ] } },
{ "type": "Feature", "properties": { "max_height": 6.4847564697265625, "mean_height": 1.481353759765625, "std_height": 1.6442910432815552, "count_pixels": 42, "percent_cover": 0.032718944268731599, "percent_above_0.1m": 66.666666666666657, "low_level_<0.5": 4.7619047619047619, "mid_level_0.5-2": 26.190476190476193, "tall_2+": 33.333333333333329 }, "geometry": { "type": "Point", "coordinates": [ 0.081554275135076, 51.664778624126271 ] } },
{ "type": "Feature", "properties": { "max_height": 3.4812545776367188, "mean_height": 0.66474694013595581, "std_height": 0.99196165800094604, "count_pixels": 42, "percent_cover": 0.032718944268731599, "percent_above_0.1m": 45.238095238095241, "low_level_<0.5": 9.5238095238095237, "mid_level_0.5-2": 21.428571428571427, "tall_2+": 14.285714285714285 }, "geometry": { "type": "Point", "coordinates": [ 0.081754482234054, 51.664775075567519 ] } },
{ "type": "Feature", "properties": { "max_height": 1.4265022277832031, "mean_height": 0.23677045106887817, "std_height": 0.36012560129165649, "count_pixels": 42, "percent_cover": 0.032718944268731599, "percent_above_0.1m": 38.095238095238095, "low_level_<0.5": 11.904761904761903, "mid_level_0.5-2": 21.428571428571427, "tall_2+": 0.0 }, "geometry": { "type": "Point", "coordinates": [ 0.081954689438676, 51.664771526736921 ] } },
{ "type": "Feature", "properties": { "max_height": 2.839752197265625, "mean_height": 0.65295547246932983, "std_height": 0.75119298696517944, "count_pixels": 42, "percent_cover": 0.032718944268731599, "percent_above_0.1m": 61.904761904761905, "low_level_<0.5": 21.428571428571427, "mid_level_0.5-2": 35.714285714285715, "tall_2+": 2.3809523809523809 }, "geometry": { "type": "Point", "coordinates": [ 0.082154896643006, 51.664767977572481 ] } },
{ "type": "Feature", "properties": { "max_height": 3.2259979248046875, "mean_height": 0.26843681931495667, "std_height": 0.70297622680664062, "count_pixels": 38, "percent_cover": 0.029602854338376207, "percent_above_0.1m": 31.578947368421051, "low_level_<0.5": 15.789473684210526, "mid_level_0.5-2": 5.2631578947368416, "tall_2+": 5.2631578947368416 }, "geometry": { "type": "Point", "coordinates": [ 0.082355103805818, 51.664764428066881 ] } },
{ "type": "Feature", "properties": { "max_height": 2.66925048828125, "mean_height": 0.63773506879806519, "std_height": 0.68925321102142334, "count_pixels": 42, "percent_cover": 0.032718944268731599, "percent_above_0.1m": 69.047619047619051, "low_level_<0.5": 21.428571428571427, "mid_level_0.5-2": 40.476190476190474, "tall_2+": 4.7619047619047619 }, "geometry": { "type": "Point", "coordinates": [ 0.082555310927109, 51.664760878220143 ] } },
{ "type": "Feature", "properties": { "max_height": 2.3940048217773438, "mean_height": 0.20280882716178894, "std_height": 0.44938313961029053, "count_pixels": 43, "percent_cover": 0.03349796675132044, "percent_above_0.1m": 25.581395348837212, "low_level_<0.5": 9.3023255813953494, "mid_level_0.5-2": 11.627906976744185, "tall_2+": 2.3255813953488373 }, "geometry": { "type": "Point", "coordinates": [ 0.082755518006878, 51.664757328032259 ] } },
{ "type": "Feature", "properties": { "max_height": 0.07975006103515625, "mean_height": 0.015232267789542675, "std_height": 0.018100813031196594, "count_pixels": 42, "percent_cover": 0.032718944268731599, "percent_above_0.1m": 0.0, "low_level_<0.5": 0.0, "mid_level_0.5-2": 0.0, "tall_2+": 0.0 }, "geometry": { "type": "Point", "coordinates": [ 0.082955725045114, 51.664753777503208 ] } },
{ "type": "Feature", "properties": { "max_height": 0.05124664306640625, "mean_height": 0.016268957406282425, "std_height": 0.016868012025952339, "count_pixels": 42, "percent_cover": 0.032718944268731599, "percent_above_0.1m": 0.0, "low_level_<0.5": 0.0, "mid_level_0.5-2": 0.0, "tall_2+": 0.0 }, "geometry": { "type": "Point", "coordinates": [ 0.083155932041816, 51.664750226633018 ] } },
{ "type": "Feature", "properties": { "max_height": 0.126495361328125, "mean_height": 0.027616174891591072, "std_height": 0.030109714716672897, "count_pixels": 41, "percent_cover": 0.031939921786142744, "percent_above_0.1m": 2.4390243902439024, "low_level_<0.5": 0.0, "mid_level_0.5-2": 0.0, "tall_2+": 0.0 }, "geometry": { "type": "Point", "coordinates": [ 0.083356138996985, 51.664746675421682 ] } },
{ "type": "Feature", "properties": { "max_height": 4.4247512817382812, "mean_height": 0.40238118171691895, "std_height": 0.9518170952796936, "count_pixels": 42, "percent_cover": 0.032718944268731599, "percent_above_0.1m": 23.809523809523807, "low_level_<0.5": 2.3809523809523809, "mid_level_0.5-2": 11.904761904761903, "tall_2+": 7.1428571428571423 }, "geometry": { "type": "Point", "coordinates": [ 0.083556345910607, 51.664743123869179 ] } },
{ "type": "Feature", "properties": { "max_height": 8.4307479858398438, "mean_height": 1.2809171676635742, "std_height": 2.1318461894989014, "count_pixels": 42, "percent_cover": 0.032718944268731599, "percent_above_0.1m": 50.0, "low_level_<0.5": 7.1428571428571423, "mid_level_0.5-2": 19.047619047619047, "tall_2+": 21.428571428571427 }, "geometry": { "type": "Point", "coordinates": [ 0.083756552782687, 51.664739571975552 ] } },
{ "type": "Feature", "properties": { "max_height": 10.013755798339844, "mean_height": 3.7480192184448242, "std_height": 3.0557358264923096, "count_pixels": 42, "percent_cover": 0.032718944268731599, "percent_above_0.1m": 88.095238095238088, "low_level_<0.5": 14.285714285714285, "mid_level_0.5-2": 7.1428571428571423, "tall_2+": 66.666666666666657 }, "geometry": { "type": "Point", "coordinates": [ 0.083956759613216, 51.664736019740758 ] } },
{ "type": "Feature", "properties": { "max_height": 9.8385009765625, "mean_height": 3.3497812747955322, "std_height": 3.5866937637329102, "count_pixels": 41, "percent_cover": 0.031939921786142744, "percent_above_0.1m": 60.975609756097562, "low_level_<0.5": 2.4390243902439024, "mid_level_0.5-2": 9.7560975609756095, "tall_2+": 48.780487804878049 }, "geometry": { "type": "Point", "coordinates": [ 0.084156966402194, 51.664732467164818 ] } },
{ "type": "Feature", "properties": { "max_height": 1.660003662109375, "mean_height": 0.076573692262172699, "std_height": 0.25453749299049377, "count_pixels": 42, "percent_cover": 0.032718944268731599, "percent_above_0.1m": 9.5238095238095237, "low_level_<0.5": 4.7619047619047619, "mid_level_0.5-2": 2.3809523809523809, "tall_2+": 0.0 }, "geometry": { "type": "Point", "coordinates": [ 0.084357173149613, 51.664728914247739 ] } },
{ "type": "Feature", "properties": { "max_height": 0.9497528076171875, "mean_height": 0.032062441110610962, "std_height": 0.14820532500743866, "count_pixels": 42, "percent_cover": 0.032718944268731599, "percent_above_0.1m": 4.7619047619047619, "low_level_<0.5": 2.3809523809523809, "mid_level_0.5-2": 2.3809523809523809, "tall_2+": 0.0 }, "geometry": { "type": "Point", "coordinates": [ 0.084557379855472, 51.6647253609895 ] } },
{ "type": "Feature", "properties": { "max_height": 2.5650062561035156, "mean_height": 0.098316460847854614, "std_height": 0.41481515765190125, "count_pixels": 43, "percent_cover": 0.03349796675132044, "percent_above_0.1m": 6.9767441860465116, "low_level_<0.5": 0.0, "mid_level_0.5-2": 4.6511627906976747, "tall_2+": 2.3255813953488373 }, "geometry": { "type": "Point", "coordinates": [ 0.084757586519763, 51.664721807390102 ] } },
{ "type": "Feature", "properties": { "max_height": 6.6614990234375, "mean_height": 3.5002830028533936, "std_height": 1.5318231582641602, "count_pixels": 42, "percent_cover": 0.032718944268731599, "percent_above_0.1m": 97.61904761904762, "low_level_<0.5": 2.3809523809523809, "mid_level_0.5-2": 9.5238095238095237, "tall_2+": 85.714285714285708 }, "geometry": { "type": "Point", "coordinates": [ 0.084957793142485, 51.664718253449593 ] } },
{ "type": "Feature", "properties": { "max_height": 8.1755027770996094, "mean_height": 2.613680362701416, "std_height": 2.5721504688262939, "count_pixels": 38, "percent_cover": 0.029602854338376207, "percent_above_0.1m": 71.05263157894737, "low_level_<0.5": 5.2631578947368416, "mid_level_0.5-2": 18.421052631578945, "tall_2+": 47.368421052631575 }, "geometry": { "type": "Point", "coordinates": [ 0.085157999723638, 51.664714699167902 ] } },
{ "type": "Feature", "properties": { "max_height": 0.029754638671875, "mean_height": 0.0018240610370412469, "std_height": 0.0058744633570313454, "count_pixels": 42, "percent_cover": 0.032718944268731599, "percent_above_0.1m": 0.0, "low_level_<0.5": 0.0, "mid_level_0.5-2": 0.0, "tall_2+": 0.0 }, "geometry": { "type": "Point", "coordinates": [ 0.085358206263209, 51.664711144545073 ] } },
{ "type": "Feature", "properties": { "max_height": 2.9755020141601562, "mean_height": 0.33242151141166687, "std_height": 0.81461483240127563, "count_pixels": 43, "percent_cover": 0.03349796675132044, "percent_above_0.1m": 18.604651162790699, "low_level_<0.5": 4.6511627906976747, "mid_level_0.5-2": 2.3255813953488373, "tall_2+": 11.627906976744185 }, "geometry": { "type": "Point", "coordinates": [ 0.085558412761202, 51.664707589581099 ] } },
{ "type": "Feature", "properties": { "max_height": 0.41125106811523438, "mean_height": 0.035955063998699188, "std_height": 0.091551981866359711, "count_pixels": 42, "percent_cover": 0.032718944268731599, "percent_above_0.1m": 9.5238095238095237, "low_level_<0.5": 7.1428571428571423, "mid_level_0.5-2": 0.0, "tall_2+": 0.0 }, "geometry": { "type": "Point", "coordinates": [ 0.085758619217604, 51.664704034275985 ] } },
{ "type": "Feature", "properties": { "max_height": 0.08800506591796875, "mean_height": 0.015234901569783688, "std_height": 0.019151793792843819, "count_pixels": 42, "percent_cover": 0.032718944268731599, "percent_above_0.1m": 0.0, "low_level_<0.5": 0.0, "mid_level_0.5-2": 0.0, "tall_2+": 0.0 }, "geometry": { "type": "Point", "coordinates": [ 0.085958825632425, 51.664700478629719 ] } },
{ "type": "Feature", "properties": { "max_height": 0.12675094604492188, "mean_height": 0.018783383071422577, "std_height": 0.025033703073859215, "count_pixels": 41, "percent_cover": 0.031939921786142744, "percent_above_0.1m": 2.4390243902439024, "low_level_<0.5": 0.0, "mid_level_0.5-2": 0.0, "tall_2+": 0.0 }, "geometry": { "type": "Point", "coordinates": [ 0.086159032005647, 51.6646969226423 ] } },
{ "type": "Feature", "properties": { "max_height": 0.067752838134765625, "mean_height": 0.0091098602861166, "std_height": 0.014120040461421013, "count_pixels": 42, "percent_cover": 0.032718944268731599, "percent_above_0.1m": 0.0, "low_level_<0.5": 0.0, "mid_level_0.5-2": 0.0, "tall_2+": 0.0 }, "geometry": { "type": "Point", "coordinates": [ 0.086359238337271, 51.664693366313735 ] } },
{ "type": "Feature", "properties": { "max_height": 0.04425048828125, "mean_height": 0.0086931502446532249, "std_height": 0.012814568355679512, "count_pixels": 42, "percent_cover": 0.032718944268731599, "percent_above_0.1m": 0.0, "low_level_<0.5": 0.0, "mid_level_0.5-2": 0.0, "tall_2+": 0.0 }, "geometry": { "type": "Point", "coordinates": [ 0.086559444627298, 51.66468980964401 ] } },
{ "type": "Feature", "properties": { "max_height": 1.5775070190429688, "mean_height": 0.29087719321250916, "std_height": 0.37636417150497437, "count_pixels": 42, "percent_cover": 0.032718944268731599, "percent_above_0.1m": 59.523809523809526, "low_level_<0.5": 33.333333333333329, "mid_level_0.5-2": 16.666666666666664, "tall_2+": 0.0 }, "geometry": { "type": "Point", "coordinates": [ 0.086759650875717, 51.66468625263316 ] } },
{ "type": "Feature", "properties": { "max_height": 2.108001708984375, "mean_height": 0.52655047178268433, "std_height": 0.55425858497619629, "count_pixels": 41, "percent_cover": 0.031939921786142744, "percent_above_0.1m": 75.609756097560975, "low_level_<0.5": 36.585365853658537, "mid_level_0.5-2": 34.146341463414636, "tall_2+": 2.4390243902439024 }, "geometry": { "type": "Point", "coordinates": [ 0.086959857082526, 51.664682695281158 ] } },
{ "type": "Feature", "properties": { "max_height": 5.6717529296875, "mean_height": 1.0093415975570679, "std_height": 1.1330161094665527, "count_pixels": 42, "percent_cover": 0.032718944268731599, "percent_above_0.1m": 78.571428571428569, "low_level_<0.5": 14.285714285714285, "mid_level_0.5-2": 52.380952380952387, "tall_2+": 7.1428571428571423 }, "geometry": { "type": "Point", "coordinates": [ 0.087160063247724, 51.664679137587996 ] } },
{ "type": "Feature", "properties": { "max_height": 11.634250640869141, "mean_height": 3.4788715839385986, "std_height": 3.3248481750488281, "count_pixels": 42, "percent_cover": 0.032718944268731599, "percent_above_0.1m": 90.476190476190482, "low_level_<0.5": 11.904761904761903, "mid_level_0.5-2": 26.190476190476193, "tall_2+": 50.0 }, "geometry": { "type": "Point", "coordinates": [ 0.087360269371303, 51.664675579553716 ] } },
{ "type": "Feature", "properties": { "max_height": 9.7250022888183594, "mean_height": 1.6068158149719238, "std_height": 1.9458563327789307, "count_pixels": 43, "percent_cover": 0.03349796675132044, "percent_above_0.1m": 95.348837209302332, "low_level_<0.5": 9.3023255813953494, "mid_level_0.5-2": 69.767441860465112, "tall_2+": 16.279069767441861 }, "geometry": { "type": "Point", "coordinates": [ 0.087560475453265, 51.664672021178276 ] } },
{ "type": "Feature", "properties": { "max_height": 3.4435043334960938, "mean_height": 1.5667942762374878, "std_height": 0.72238707542419434, "count_pixels": 42, "percent_cover": 0.032718944268731599, "percent_above_0.1m": 97.61904761904762, "low_level_<0.5": 2.3809523809523809, "mid_level_0.5-2": 64.285714285714292, "tall_2+": 30.952380952380953 }, "geometry": { "type": "Point", "coordinates": [ 0.08776068149359, 51.664668462461684 ] } },
{ "type": "Feature", "properties": { "max_height": 6.5060043334960938, "mean_height": 2.7084169387817383, "std_height": 1.7756823301315308, "count_pixels": 38, "percent_cover": 0.029602854338376207, "percent_above_0.1m": 92.10526315789474, "low_level_<0.5": 2.6315789473684208, "mid_level_0.5-2": 31.578947368421051, "tall_2+": 57.894736842105267 }, "geometry": { "type": "Point", "coordinates": [ 0.0879608874923, 51.664664903403946 ] } },
{ "type": "Feature", "properties": { "max_height": 4.4860038757324219, "mean_height": 1.7561863660812378, "std_height": 1.4754440784454346, "count_pixels": 42, "percent_cover": 0.032718944268731599, "percent_above_0.1m": 71.428571428571431, "low_level_<0.5": 7.1428571428571423, "mid_level_0.5-2": 14.285714285714285, "tall_2+": 50.0 }, "geometry": { "type": "Point", "coordinates": [ 0.088161093449371, 51.664661344005069 ] } },
{ "type": "Feature", "properties": { "max_height": 10.335006713867188, "mean_height": 2.7490570545196533, "std_height": 2.4359488487243652, "count_pixels": 42, "percent_cover": 0.032718944268731599, "percent_above_0.1m": 80.952380952380949, "low_level_<0.5": 4.7619047619047619, "mid_level_0.5-2": 21.428571428571427, "tall_2+": 54.761904761904766 }, "geometry": { "type": "Point", "coordinates": [ 0.08125890525466, 51.664891774321539 ] } },
{ "type": "Feature", "properties": { "max_height": 6.5555038452148438, "mean_height": 0.96086138486862183, "std_height": 1.6536904573440552, "count_pixels": 42, "percent_cover": 0.032718944268731599, "percent_above_0.1m": 45.238095238095241, "low_level_<0.5": 9.5238095238095237, "mid_level_0.5-2": 9.5238095238095237, "tall_2+": 23.809523809523807 }, "geometry": { "type": "Point", "coordinates": [ 0.081459112791841, 51.664888226232975 ] } },
{ "type": "Feature", "properties": { "max_height": 5.9260025024414062, "mean_height": 0.8817826509475708, "std_height": 1.4775567054748535, "count_pixels": 42, "percent_cover": 0.032718944268731599, "percent_above_0.1m": 52.380952380952387, "low_level_<0.5": 9.5238095238095237, "mid_level_0.5-2": 23.809523809523807, "tall_2+": 14.285714285714285 }, "geometry": { "type": "Point", "coordinates": [ 0.081659320312497, 51.664884677807954 ] } },
{ "type": "Feature", "properties": { "max_height": 3.5205039978027344, "mean_height": 0.63028216361999512, "std_height": 1.0452225208282471, "count_pixels": 42, "percent_cover": 0.032718944268731599, "percent_above_0.1m": 38.095238095238095, "low_level_<0.5": 4.7619047619047619, "mid_level_0.5-2": 14.285714285714285, "tall_2+": 16.666666666666664 }, "geometry": { "type": "Point", "coordinates": [ 0.081859527943886, 51.664881129105041 ] } },
{ "type": "Feature", "properties": { "max_height": 1.4442520141601562, "mean_height": 0.52478355169296265, "std_height": 0.42395642399787903, "count_pixels": 41, "percent_cover": 0.031939921786142744, "percent_above_0.1m": 82.926829268292678, "low_level_<0.5": 24.390243902439025, "mid_level_0.5-2": 46.341463414634148, "tall_2+": 0.0 }, "geometry": { "type": "Point", "coordinates": [ 0.082059735649542, 51.664877580097773 ] } },
{ "type": "Feature", "properties": { "max_height": 2.4037551879882812, "mean_height": 0.67626488208770752, "std_height": 0.78311353921890259, "count_pixels": 42, "percent_cover": 0.032718944268731599, "percent_above_0.1m": 61.904761904761905, "low_level_<0.5": 14.285714285714285, "mid_level_0.5-2": 33.333333333333329, "tall_2+": 9.5238095238095237 }, "geometry": { "type": "Point", "coordinates": [ 0.082259943313676, 51.664874030749374 ] } },
{ "type": "Feature", "properties": { "max_height": 0.212005615234375, "mean_height": 0.023080190643668175, "std_height": 0.040480416268110275, "count_pixels": 42, "percent_cover": 0.032718944268731599, "percent_above_0.1m": 4.7619047619047619, "low_level_<0.5": 2.3809523809523809, "mid_level_0.5-2": 0.0, "tall_2+": 0.0 }, "geometry": { "type": "Point", "coordinates": [ 0.082460150936294, 51.664870481059793 ] } },
{ "type": "Feature", "properties": { "max_height": 2.12774658203125, "mean_height": 0.22159324586391449, "std_height": 0.50235170125961304, "count_pixels": 41, "percent_cover": 0.031939921786142744, "percent_above_0.1m": 19.512195121951219, "low_level_<0.5": 4.8780487804878048, "mid_level_0.5-2": 12.195121951219512, "tall_2+": 2.4390243902439024 }, "geometry": { "type": "Point", "coordinates": [ 0.082660358517385, 51.664866931029096 ] } },
{ "type": "Feature", "properties": { "max_height": 0.0370025634765625, "mean_height": 0.0050249798223376274, "std_height": 0.010543785057961941, "count_pixels": 41, "percent_cover": 0.031939921786142744, "percent_above_0.1m": 0.0, "low_level_<0.5": 0.0, "mid_level_0.5-2": 0.0, "tall_2+": 0.0 }, "geometry": { "type": "Point", "coordinates": [ 0.082860566056952, 51.664863380657224 ] } },
{ "type": "Feature", "properties": { "max_height": 0.1822509765625, "mean_height": 0.0346665158867836, "std_height": 0.036276485770940781, "count_pixels": 42, "percent_cover": 0.032718944268731599, "percent_above_0.1m": 2.3809523809523809, "low_level_<0.5": 2.3809523809523809, "mid_level_0.5-2": 0.0, "tall_2+": 0.0 }, "geometry": { "type": "Point", "coordinates": [ 0.083060773554986, 51.66485982994422 ] } },
{ "type": "Feature", "properties": { "max_height": 6.6632461547851562, "mean_height": 0.98752832412719727, "std_height": 2.0226895809173584, "count_pixels": 42, "percent_cover": 0.032718944268731599, "percent_above_0.1m": 30.952380952380953, "low_level_<0.5": 2.3809523809523809, "mid_level_0.5-2": 11.904761904761903, "tall_2+": 16.666666666666664 }, "geometry": { "type": "Point", "coordinates": [ 0.08326098101148, 51.664856278890049 ] } },
{ "type": "Feature", "properties": { "max_height": 8.7625045776367188, "mean_height": 3.3792262077331543, "std_height": 3.2907209396362305, "count_pixels": 42, "percent_cover": 0.032718944268731599, "percent_above_0.1m": 69.047619047619051, "low_level_<0.5": 4.7619047619047619, "mid_level_0.5-2": 14.285714285714285, "tall_2+": 50.0 }, "geometry": { "type": "Point", "coordinates": [ 0.083461188426437, 51.664852727494733 ] } },
{ "type": "Feature", "properties": { "max_height": 10.123748779296875, "mean_height": 3.3974761962890625, "std_height": 3.1649293899536133, "count_pixels": 42, "percent_cover": 0.032718944268731599, "percent_above_0.1m": 80.952380952380949, "low_level_<0.5": 7.1428571428571423, "mid_level_0.5-2": 11.904761904761903, "tall_2+": 59.523809523809526 }, "geometry": { "type": "Point", "coordinates": [ 0.083661395799853, 51.664849175758285 ] } },
{ "type": "Feature", "properties": { "max_height": 8.7477493286132812, "mean_height": 4.0930676460266113, "std_height": 2.6140737533569336, "count_pixels": 38, "percent_cover": 0.029602854338376207, "percent_above_0.1m": 97.368421052631575, "low_level_<0.5": 5.2631578947368416, "mid_level_0.5-2": 18.421052631578945, "tall_2+": 73.68421052631578 }, "geometry": { "type": "Point", "coordinates": [ 0.083861603131721, 51.664845623680662 ] } },
{ "type": "Feature", "properties": { "max_height": 6.7597503662109375, "mean_height": 0.65272724628448486, "std_height": 1.4258809089660645, "count_pixels": 42, "percent_cover": 0.032718944268731599, "percent_above_0.1m": 45.238095238095241, "low_level_<0.5": 19.047619047619047, "mid_level_0.5-2": 11.904761904761903, "tall_2+": 9.5238095238095237 }, "geometry": { "type": "Point", "coordinates": [ 0.084061810422035, 51.664842071261887 ] } },
{ "type": "Feature", "properties": { "max_height": 1.4970016479492188, "mean_height": 0.12214842438697815, "std_height": 0.26884636282920837, "count_pixels": 42, "percent_cover": 0.032718944268731599, "percent_above_0.1m": 21.428571428571427, "low_level_<0.5": 11.904761904761903, "mid_level_0.5-2": 7.1428571428571423, "tall_2+": 0.0 }, "geometry": { "type": "Point", "coordinates": [ 0.084262017670791, 51.664838518501981 ] } },
{ "type": "Feature", "properties": { "max_height": 8.2167434692382812, "mean_height": 2.7455959320068359, "std_height": 2.4304435253143311, "count_pixels": 42, "percent_cover": 0.032718944268731599, "percent_above_0.1m": 88.095238095238088, "low_level_<0.5": 2.3809523809523809, "mid_level_0.5-2": 33.333333333333329, "tall_2+": 50.0 }, "geometry": { "type": "Point", "coordinates": [ 0.084462224877992, 51.664834965400914 ] } },
{ "type": "Feature", "properties": { "max_height": 9.113250732421875, "mean_height": 4.4830126762390137, "std_height": 2.684415340423584, "count_pixels": 41, "percent_cover": 0.031939921786142744, "percent_above_0.1m": 87.804878048780495, "low_level_<0.5": 0.0, "mid_level_0.5-2": 4.8780487804878048, "tall_2+": 82.926829268292678 }, "geometry": { "type": "Point", "coordinates": [ 0.084662432043631, 51.664831411958716 ] } },
{ "type": "Feature", "properties": { "max_height": 6.5849990844726562, "mean_height": 0.91736286878585815, "std_height": 1.7486330270767212, "count_pixels": 41, "percent_cover": 0.031939921786142744, "percent_above_0.1m": 39.024390243902438, "low_level_<0.5": 7.3170731707317067, "mid_level_0.5-2": 12.195121951219512, "tall_2+": 17.073170731707318 }, "geometry": { "type": "Point", "coordinates": [ 0.084862639167695, 51.664827858175336 ] } },
{ "type": "Feature", "properties": { "max_height": 12.441757202148438, "mean_height": 4.8020453453063965, "std_height": 4.2521524429321289, "count_pixels": 42, "percent_cover": 0.032718944268731599, "percent_above_0.1m": 80.952380952380949, "low_level_<0.5": 4.7619047619047619, "mid_level_0.5-2": 9.5238095238095237, "tall_2+": 61.904761904761905 }, "geometry": { "type": "Point", "coordinates": [ 0.085263053291114, 51.664820749585161 ] } },
{ "type": "Feature", "properties": { "max_height": 0.099506378173828125, "mean_height": 0.011929954402148724, "std_height": 0.020008834078907967, "count_pixels": 41, "percent_cover": 0.031939921786142744, "percent_above_0.1m": 0.0, "low_level_<0.5": 0.0, "mid_level_0.5-2": 0.0, "tall_2+": 0.0 }, "geometry": { "type": "Point", "coordinates": [ 0.085463260290452, 51.664817194778358 ] } },
{ "type": "Feature", "properties": { "max_height": 1.4825019836425781, "mean_height": 0.042460184544324875, "std_height": 0.22792041301727295, "count_pixels": 41, "percent_cover": 0.031939921786142744, "percent_above_0.1m": 2.4390243902439024, "low_level_<0.5": 0.0, "mid_level_0.5-2": 2.4390243902439024, "tall_2+": 0.0 }, "geometry": { "type": "Point", "coordinates": [ 0.08566346724821, 51.664813639630395 ] } },
{ "type": "Feature", "properties": { "max_height": 1.0987510681152344, "mean_height": 0.089336119592189789, "std_height": 0.22294038534164429, "count_pixels": 42, "percent_cover": 0.032718944268731599, "percent_above_0.1m": 9.5238095238095237, "low_level_<0.5": 2.3809523809523809, "mid_level_0.5-2": 7.1428571428571423, "tall_2+": 0.0 }, "geometry": { "type": "Point", "coordinates": [ 0.085863674164379, 51.66481008414128 ] } },
{ "type": "Feature", "properties": { "max_height": 4.8860054016113281, "mean_height": 0.69921159744262695, "std_height": 1.3406591415405273, "count_pixels": 42, "percent_cover": 0.032718944268731599, "percent_above_0.1m": 30.952380952380953, "low_level_<0.5": 2.3809523809523809, "mid_level_0.5-2": 14.285714285714285, "tall_2+": 14.285714285714285 }, "geometry": { "type": "Point", "coordinates": [ 0.086063881038958, 51.664806528311026 ] } },
{ "type": "Feature", "properties": { "max_height": 0.0670013427734375, "mean_height": 0.013413474895060062, "std_height": 0.017699882388114929, "count_pixels": 42, "percent_cover": 0.032718944268731599, "percent_above_0.1m": 0.0, "low_level_<0.5": 0.0, "mid_level_0.5-2": 0.0, "tall_2+": 0.0 }, "geometry": { "type": "Point", "coordinates": [ 0.086264087871939, 51.664802972139618 ] } },
{ "type": "Feature", "properties": { "max_height": 0.87750244140625, "mean_height": 0.057364512234926224, "std_height": 0.16650331020355225, "count_pixels": 38, "percent_cover": 0.029602854338376207, "percent_above_0.1m": 10.526315789473683, "low_level_<0.5": 0.0, "mid_level_0.5-2": 5.2631578947368416, "tall_2+": 0.0 }, "geometry": { "type": "Point", "coordinates": [ 0.086464294663323, 51.664799415627066 ] } },
{ "type": "Feature", "properties": { "max_height": 1.9000015258789062, "mean_height": 0.3365682065486908, "std_height": 0.47900235652923584, "count_pixels": 42, "percent_cover": 0.032718944268731599, "percent_above_0.1m": 45.238095238095241, "low_level_<0.5": 16.666666666666664, "mid_level_0.5-2": 26.190476190476193, "tall_2+": 0.0 }, "geometry": { "type": "Point", "coordinates": [ 0.0866645014131, 51.66479585877336 ] } },
{ "type": "Feature", "properties": { "max_height": 2.5995025634765625, "mean_height": 0.95339536666870117, "std_height": 0.70607262849807739, "count_pixels": 42, "percent_cover": 0.032718944268731599, "percent_above_0.1m": 95.238095238095227, "low_level_<0.5": 19.047619047619047, "mid_level_0.5-2": 57.142857142857139, "tall_2+": 14.285714285714285 }, "geometry": { "type": "Point", "coordinates": [ 0.086864708121272, 51.664792301578508 ] } },
{ "type": "Feature", "properties": { "max_height": 3.0122528076171875, "mean_height": 0.84152704477310181, "std_height": 0.77579230070114136, "count_pixels": 42, "percent_cover": 0.032718944268731599, "percent_above_0.1m": 80.952380952380949, "low_level_<0.5": 16.666666666666664, "mid_level_0.5-2": 47.619047619047613, "tall_2+": 14.285714285714285 }, "geometry": { "type": "Point", "coordinates": [ 0.087064914787831, 51.664788744042504 ] } },
{ "type": "Feature", "properties": { "max_height": 10.343002319335938, "mean_height": 4.0425677299499512, "std_height": 3.3586797714233398, "count_pixels": 42, "percent_cover": 0.032718944268731599, "percent_above_0.1m": 80.952380952380949, "low_level_<0.5": 2.3809523809523809, "mid_level_0.5-2": 11.904761904761903, "tall_2+": 64.285714285714292 }, "geometry": { "type": "Point", "coordinates": [ 0.087265121412773, 51.664785186165368 ] } },
{ "type": "Feature", "properties": { "max_height": 7.2010002136230469, "mean_height": 1.1407581567764282, "std_height": 1.3835349082946777, "count_pixels": 41, "percent_cover": 0.031939921786142744, "percent_above_0.1m": 80.487804878048792, "low_level_<0.5": 17.073170731707318, "mid_level_0.5-2": 41.463414634146339, "tall_2+": 17.073170731707318 }, "geometry": { "type": "Point", "coordinates": [ 0.087465327996101, 51.664781627947065 ] } },
{ "type": "Feature", "properties": { "max_height": 2.9622535705566406, "mean_height": 1.1439112424850464, "std_height": 0.80085450410842896, "count_pixels": 41, "percent_cover": 0.031939921786142744, "percent_above_0.1m": 90.243902439024396, "low_level_<0.5": 14.634146341463413, "mid_level_0.5-2": 63.414634146341463, "tall_2+": 12.195121951219512 }, "geometry": { "type": "Point", "coordinates": [ 0.087665534537804, 51.664778069387623 ] } },
{ "type": "Feature", "properties": { "max_height": 3.6310043334960938, "mean_height": 0.79927009344100952, "std_height": 1.0025125741958618, "count_pixels": 42, "percent_cover": 0.032718944268731599, "percent_above_0.1m": 59.523809523809526, "low_level_<0.5": 11.904761904761903, "mid_level_0.5-2": 28.571428571428569, "tall_2+": 16.666666666666664 }, "geometry": { "type": "Point", "coordinates": [ 0.087865741037873, 51.664774510487035 ] } },
{ "type": "Feature", "properties": { "max_height": 5.7665023803710938, "mean_height": 2.7450976371765137, "std_height": 1.2840080261230469, "count_pixels": 42, "percent_cover": 0.032718944268731599, "percent_above_0.1m": 100.0, "low_level_<0.5": 0.0, "mid_level_0.5-2": 28.571428571428569, "tall_2+": 71.428571428571431 }, "geometry": { "type": "Point", "coordinates": [ 0.088065947496314, 51.664770951245302 ] } },
{ "type": "Feature", "properties": { "max_height": 11.662181854248047, "mean_height": 5.2740287780761719, "std_height": 2.9984164237976074, "count_pixels": 42, "percent_cover": 0.032718944268731599, "percent_above_0.1m": 100.0, "low_level_<0.5": 4.7619047619047619, "mid_level_0.5-2": 9.5238095238095237, "tall_2+": 85.714285714285708 }, "geometry": { "type": "Point", "coordinates": [ 0.081163741986699, 51.6650013762046 ] } },
{ "type": "Feature", "properties": { "max_height": 5.2467460632324219, "mean_height": 1.2698764801025391, "std_height": 1.397060751914978, "count_pixels": 41, "percent_cover": 0.031939921786142744, "percent_above_0.1m": 68.292682926829272, "low_level_<0.5": 9.7560975609756095, "mid_level_0.5-2": 31.707317073170731, "tall_2+": 24.390243902439025 }, "geometry": { "type": "Point", "coordinates": [ 0.0813639500064, 51.664997828269229 ] } },
{ "type": "Feature", "properties": { "max_height": 7.8175048828125, "mean_height": 1.2994859218597412, "std_height": 1.7459596395492554, "count_pixels": 42, "percent_cover": 0.032718944268731599, "percent_above_0.1m": 69.047619047619051, "low_level_<0.5": 19.047619047619047, "mid_level_0.5-2": 26.190476190476193, "tall_2+": 23.809523809523807 }, "geometry": { "type": "Point", "coordinates": [ 0.081564157985799, 51.664994279992946 ] } },
{ "type": "Feature", "properties": { "max_height": 4.1060028076171875, "mean_height": 0.88639003038406372, "std_height": 1.0834442377090454, "count_pixels": 42, "percent_cover": 0.032718944268731599, "percent_above_0.1m": 59.523809523809526, "low_level_<0.5": 11.904761904761903, "mid_level_0.5-2": 23.809523809523807, "tall_2+": 21.428571428571427 }, "geometry": { "type": "Point", "coordinates": [ 0.08176436602935, 51.664990731405695 ] } },
{ "type": "Feature", "properties": { "max_height": 6.2627525329589844, "mean_height": 1.7656513452529907, "std_height": 1.8599663972854614, "count_pixels": 42, "percent_cover": 0.032718944268731599, "percent_above_0.1m": 71.428571428571431, "low_level_<0.5": 11.904761904761903, "mid_level_0.5-2": 19.047619047619047, "tall_2+": 38.095238095238095 }, "geometry": { "type": "Point", "coordinates": [ 0.081964574196281, 51.664987182548856 ] } },
{ "type": "Feature", "properties": { "max_height": 6.212005615234375, "mean_height": 1.5840574502944946, "std_height": 2.0165736675262451, "count_pixels": 42, "percent_cover": 0.032718944268731599, "percent_above_0.1m": 45.238095238095241, "low_level_<0.5": 0.0, "mid_level_0.5-2": 11.904761904761903, "tall_2+": 33.333333333333329 }, "geometry": { "type": "Point", "coordinates": [ 0.082164782361743, 51.664983633357629 ] } },
{ "type": "Feature", "properties": { "max_height": 4.0812568664550781, "mean_height": 0.41285222768783569, "std_height": 1.0328404903411865, "count_pixels": 38, "percent_cover": 0.029602854338376207, "percent_above_0.1m": 23.684210526315788, "low_level_<0.5": 2.6315789473684208, "mid_level_0.5-2": 7.8947368421052628, "tall_2+": 7.8947368421052628 }, "geometry": { "type": "Point", "coordinates": [ 0.082364990485687, 51.664980083825263 ] } },
{ "type": "Feature", "properties": { "max_height": 0.032257080078125, "mean_height": 0.0043645584955811501, "std_height": 0.0080215120688080788, "count_pixels": 42, "percent_cover": 0.032718944268731599, "percent_above_0.1m": 0.0, "low_level_<0.5": 0.0, "mid_level_0.5-2": 0.0, "tall_2+": 0.0 }, "geometry": { "type": "Point", "coordinates": [ 0.082565198568107, 51.664976533951737 ] } },
{ "type": "Feature", "properties": { "max_height": 0.06275177001953125, "mean_height": 0.012162852101027966, "std_height": 0.016849284991621971, "count_pixels": 43, "percent_cover": 0.03349796675132044, "percent_above_0.1m": 0.0, "low_level_<0.5": 0.0, "mid_level_0.5-2": 0.0, "tall_2+": 0.0 }, "geometry": { "type": "Point", "coordinates": [ 0.082765406609005, 51.664972983737066 ] } },
{ "type": "Feature", "properties": { "max_height": 0.105499267578125, "mean_height": 0.01411274541169405, "std_height": 0.022533789277076721, "count_pixels": 42, "percent_cover": 0.032718944268731599, "percent_above_0.1m": 2.3809523809523809, "low_level_<0.5": 0.0, "mid_level_0.5-2": 0.0, "tall_2+": 0.0 }, "geometry": { "type": "Point", "coordinates": [ 0.082965614608368, 51.66496943318122 ] } },
{ "type": "Feature", "properties": { "max_height": 4.0652542114257812, "mean_height": 0.1535600870847702, "std_height": 0.68854993581771851, "count_pixels": 42, "percent_cover": 0.032718944268731599, "percent_above_0.1m": 4.7619047619047619, "low_level_<0.5": 0.0, "mid_level_0.5-2": 0.0, "tall_2+": 4.7619047619047619 }, "geometry": { "type": "Point", "coordinates": [ 0.083165822566198, 51.664965882284228 ] } },
{ "type": "Feature", "properties": { "max_height": 10.782752990722656, "mean_height": 5.2522873878479004, "std_height": 3.3686726093292236, "count_pixels": 41, "percent_cover": 0.031939921786142744, "percent_above_0.1m": 85.365853658536579, "low_level_<0.5": 2.4390243902439024, "mid_level_0.5-2": 7.3170731707317067, "tall_2+": 75.609756097560975 }, "geometry": { "type": "Point", "coordinates": [ 0.083366030482495, 51.664962331046105 ] } },
{ "type": "Feature", "properties": { "max_height": 7.9897537231445312, "mean_height": 1.3333091735839844, "std_height": 1.9568686485290527, "count_pixels": 42, "percent_cover": 0.032718944268731599, "percent_above_0.1m": 52.380952380952387, "low_level_<0.5": 2.3809523809523809, "mid_level_0.5-2": 19.047619047619047, "tall_2+": 28.571428571428569 }, "geometry": { "type": "Point", "coordinates": [ 0.083566238357243, 51.664958779466801 ] } },
{ "type": "Feature", "properties": { "max_height": 10.009498596191406, "mean_height": 3.8580119609832764, "std_height": 3.3447294235229492, "count_pixels": 42, "percent_cover": 0.032718944268731599, "percent_above_0.1m": 95.238095238095227, "low_level_<0.5": 9.5238095238095237, "mid_level_0.5-2": 28.571428571428569, "tall_2+": 54.761904761904766 }, "geometry": { "type": "Point", "coordinates": [ 0.083766446190447, 51.664955227546379 ] } },
{ "type": "Feature", "properties": { "max_height": 6.2705001831054688, "mean_height": 1.712274432182312, "std_height": 1.7647912502288818, "count_pixels": 42, "percent_cover": 0.032718944268731599, "percent_above_0.1m": 90.476190476190482, "low_level_<0.5": 9.5238095238095237, "mid_level_0.5-2": 50.0, "tall_2+": 28.571428571428569 }, "geometry": { "type": "Point", "coordinates": [ 0.083966653982104, 51.664951675284776 ] } },
{ "type": "Feature", "properties": { "max_height": 6.8077468872070312, "mean_height": 0.64158594608306885, "std_height": 1.4445265531539917, "count_pixels": 41, "percent_cover": 0.031939921786142744, "percent_above_0.1m": 39.024390243902438, "low_level_<0.5": 12.195121951219512, "mid_level_0.5-2": 14.634146341463413, "tall_2+": 9.7560975609756095 }, "geometry": { "type": "Point", "coordinates": [ 0.084166861732204, 51.664948122682034 ] } },
{ "type": "Feature", "properties": { "max_height": 9.05975341796875, "mean_height": 5.9490547180175781, "std_height": 2.0567913055419922, "count_pixels": 42, "percent_cover": 0.032718944268731599, "percent_above_0.1m": 100.0, "low_level_<0.5": 2.3809523809523809, "mid_level_0.5-2": 2.3809523809523809, "tall_2+": 95.238095238095227 }, "geometry": { "type": "Point", "coordinates": [ 0.084367069440745, 51.664944569738147 ] } },
{ "type": "Feature", "properties": { "max_height": 8.3362503051757812, "mean_height": 4.83221435546875, "std_height": 2.334343433380127, "count_pixels": 42, "percent_cover": 0.032718944268731599, "percent_above_0.1m": 92.857142857142861, "low_level_<0.5": 2.3809523809523809, "mid_level_0.5-2": 7.1428571428571423, "tall_2+": 83.333333333333343 }, "geometry": { "type": "Point", "coordinates": [ 0.084567277107727, 51.664941016453092 ] } },
{ "type": "Feature", "properties": { "max_height": 7.1812515258789062, "mean_height": 0.90762859582901001, "std_height": 1.7357199192047119, "count_pixels": 43, "percent_cover": 0.03349796675132044, "percent_above_0.1m": 32.558139534883722, "low_level_<0.5": 2.3255813953488373, "mid_level_0.5-2": 13.953488372093023, "tall_2+": 16.279069767441861 }, "geometry": { "type": "Point", "coordinates": [ 0.084767484733142, 51.664937462826913 ] } },
{ "type": "Feature", "properties": { "max_height": 5.916748046875, "mean_height": 0.41791814565658569, "std_height": 1.1432008743286133, "count_pixels": 42, "percent_cover": 0.032718944268731599, "percent_above_0.1m": 19.047619047619047, "low_level_<0.5": 4.7619047619047619, "mid_level_0.5-2": 4.7619047619047619, "tall_2+": 9.5238095238095237 }, "geometry": { "type": "Point", "coordinates": [ 0.084967692316988, 51.664933908859553 ] } },
{ "type": "Feature", "properties": { "max_height": 11.080753326416016, "mean_height": 4.7793598175048828, "std_height": 3.5657384395599365, "count_pixels": 42, "percent_cover": 0.032718944268731599, "percent_above_0.1m": 90.476190476190482, "low_level_<0.5": 2.3809523809523809, "mid_level_0.5-2": 14.285714285714285, "tall_2+": 64.285714285714292 }, "geometry": { "type": "Point", "coordinates": [ 0.085368107359947, 51.664926799901409 ] } },
{ "type": "Feature", "properties": { "max_height": 0.04125213623046875, "mean_height": 0.0072878459468483925, "std_height": 0.011102141812443733, "count_pixels": 43, "percent_cover": 0.03349796675132044, "percent_above_0.1m": 0.0, "low_level_<0.5": 0.0, "mid_level_0.5-2": 0.0, "tall_2+": 0.0 }, "geometry": { "type": "Point", "coordinates": [ 0.085568314819061, 51.664923244910604 ] } },
{ "type": "Feature", "properties": { "max_height": 4.8512535095214844, "mean_height": 0.38053858280181885, "std_height": 0.96290481090545654, "count_pixels": 42, "percent_cover": 0.032718944268731599, "percent_above_0.1m": 30.952380952380953, "low_level_<0.5": 11.904761904761903, "mid_level_0.5-2": 9.5238095238095237, "tall_2+": 7.1428571428571423 }, "geometry": { "type": "Point", "coordinates": [ 0.085768522236586, 51.664919689578667 ] } },
{ "type": "Feature", "properties": { "max_height": 3.7497520446777344, "mean_height": 0.25718152523040771, "std_height": 0.64314138889312744, "count_pixels": 42, "percent_cover": 0.032718944268731599, "percent_above_0.1m": 40.476190476190474, "low_level_<0.5": 16.666666666666664, "mid_level_0.5-2": 7.1428571428571423, "tall_2+": 2.3809523809523809 }, "geometry": { "type": "Point", "coordinates": [ 0.085968729612517, 51.664916133905557 ] } },
{ "type": "Feature", "properties": { "max_height": 0.08499908447265625, "mean_height": 0.021015074104070663, "std_height": 0.023459505289793015, "count_pixels": 41, "percent_cover": 0.031939921786142744, "percent_above_0.1m": 0.0, "low_level_<0.5": 0.0, "mid_level_0.5-2": 0.0, "tall_2+": 0.0 }, "geometry": { "type": "Point", "coordinates": [ 0.086168936946863, 51.6649125778913 ] } },
{ "type": "Feature", "properties": { "max_height": 0.0410003662109375, "mean_height": 0.011502220295369625, "std_height": 0.012316217646002769, "count_pixels": 42, "percent_cover": 0.032718944268731599, "percent_above_0.1m": 0.0, "low_level_<0.5": 0.0, "mid_level_0.5-2": 0.0, "tall_2+": 0.0 }, "geometry": { "type": "Point", "coordinates": [ 0.086369144239602, 51.664909021535905 ] } },
{ "type": "Feature", "properties": { "max_height": 7.4915008544921875, "mean_height": 1.5530922412872314, "std_height": 2.289203405380249, "count_pixels": 42, "percent_cover": 0.032718944268731599, "percent_above_0.1m": 57.142857142857139, "low_level_<0.5": 9.5238095238095237, "mid_level_0.5-2": 19.047619047619047, "tall_2+": 23.809523809523807 }, "geometry": { "type": "Point", "coordinates": [ 0.086569351490743, 51.664905464839357 ] } },
{ "type": "Feature", "properties": { "max_height": 3.1242523193359375, "mean_height": 0.78196704387664795, "std_height": 0.81531590223312378, "count_pixels": 42, "percent_cover": 0.032718944268731599, "percent_above_0.1m": 73.80952380952381, "low_level_<0.5": 19.047619047619047, "mid_level_0.5-2": 42.857142857142854, "tall_2+": 9.5238095238095237 }, "geometry": { "type": "Point", "coordinates": [ 0.08676955870028, 51.664901907801656 ] } },
{ "type": "Feature", "properties": { "max_height": 5.6272544860839844, "mean_height": 1.9869719743728638, "std_height": 1.6073216199874878, "count_pixels": 41, "percent_cover": 0.031939921786142744, "percent_above_0.1m": 90.243902439024396, "low_level_<0.5": 7.3170731707317067, "mid_level_0.5-2": 43.902439024390247, "tall_2+": 39.024390243902438 }, "geometry": { "type": "Point", "coordinates": [ 0.086969765868204, 51.664898350422824 ] } },
{ "type": "Feature", "properties": { "max_height": 11.157005310058594, "mean_height": 4.5664072036743164, "std_height": 3.6198017597198486, "count_pixels": 42, "percent_cover": 0.032718944268731599, "percent_above_0.1m": 97.61904761904762, "low_level_<0.5": 9.5238095238095237, "mid_level_0.5-2": 21.428571428571427, "tall_2+": 64.285714285714292 }, "geometry": { "type": "Point", "coordinates": [ 0.087169972994513, 51.664894792702825 ] } },
{ "type": "Feature", "properties": { "max_height": 11.421249389648438, "mean_height": 4.1172819137573242, "std_height": 3.5867142677307129, "count_pixels": 42, "percent_cover": 0.032718944268731599, "percent_above_0.1m": 92.857142857142861, "low_level_<0.5": 9.5238095238095237, "mid_level_0.5-2": 30.952380952380953, "tall_2+": 52.380952380952387 }, "geometry": { "type": "Point", "coordinates": [ 0.087370180079207, 51.664891234641694 ] } },
{ "type": "Feature", "properties": { "max_height": 6.0287513732910156, "mean_height": 0.59188622236251831, "std_height": 1.0938485860824585, "count_pixels": 43, "percent_cover": 0.03349796675132044, "percent_above_0.1m": 53.488372093023251, "low_level_<0.5": 20.930232558139537, "mid_level_0.5-2": 20.930232558139537, "tall_2+": 6.9767441860465116 }, "geometry": { "type": "Point", "coordinates": [ 0.087570387122278, 51.664887676239395 ] } },
{ "type": "Feature", "properties": { "max_height": 9.9775047302246094, "mean_height": 2.048621654510498, "std_height": 2.5259599685668945, "count_pixels": 42, "percent_cover": 0.032718944268731599, "percent_above_0.1m": 64.285714285714292, "low_level_<0.5": 14.285714285714285, "mid_level_0.5-2": 11.904761904761903, "tall_2+": 38.095238095238095 }, "geometry": { "type": "Point", "coordinates": [ 0.087770594123722, 51.664884117495944 ] } },
{ "type": "Feature", "properties": { "max_height": 9.2130012512207031, "mean_height": 1.965489387512207, "std_height": 2.5037841796875, "count_pixels": 38, "percent_cover": 0.029602854338376207, "percent_above_0.1m": 68.421052631578945, "low_level_<0.5": 13.157894736842104, "mid_level_0.5-2": 21.052631578947366, "tall_2+": 34.210526315789473 }, "geometry": { "type": "Point", "coordinates": [ 0.087970801083538, 51.664880558411362 ] } },
{ "type": "Feature", "properties": { "max_height": 13.473506927490234, "mean_height": 4.363196849822998, "std_height": 3.4794895648956299, "count_pixels": 42, "percent_cover": 0.032718944268731599, "percent_above_0.1m": 100.0, "low_level_<0.5": 0.0, "mid_level_0.5-2": 35.714285714285715, "tall_2+": 64.285714285714292 }, "geometry": { "type": "Point", "coordinates": [ 0.081268786778752, 51.665107430235018 ] } },
{ "type": "Feature", "properties": { "max_height": 6.1529998779296875, "mean_height": 1.4651209115982056, "std_height": 1.7836736440658569, "count_pixels": 42, "percent_cover": 0.032718944268731599, "percent_above_0.1m": 54.761904761904766, "low_level_<0.5": 7.1428571428571423, "mid_level_0.5-2": 14.285714285714285, "tall_2+": 33.333333333333329 }, "geometry": { "type": "Point", "coordinates": [ 0.081468995240678, 51.665103882111929 ] } },
{ "type": "Feature", "properties": { "max_height": 3.9110031127929688, "mean_height": 0.39083608984947205, "std_height": 0.800789475440979, "count_pixels": 42, "percent_cover": 0.032718944268731599, "percent_above_0.1m": 35.714285714285715, "low_level_<0.5": 14.285714285714285, "mid_level_0.5-2": 14.285714285714285, "tall_2+": 4.7619047619047619 }, "geometry": { "type": "Point", "coordinates": [ 0.081669203696184, 51.665100333653889 ] } },
{ "type": "Feature", "properties": { "max_height": 2.9192543029785156, "mean_height": 1.107306957244873, "std_height": 0.77486932277679443, "count_pixels": 42, "percent_cover": 0.032718944268731599, "percent_above_0.1m": 85.714285714285708, "low_level_<0.5": 11.904761904761903, "mid_level_0.5-2": 59.523809523809526, "tall_2+": 11.904761904761903 }, "geometry": { "type": "Point", "coordinates": [ 0.081869412283227, 51.665096784925716 ] } },
{ "type": "Feature", "properties": { "max_height": 4.147003173828125, "mean_height": 0.68227124214172363, "std_height": 1.1558680534362793, "count_pixels": 41, "percent_cover": 0.031939921786142744, "percent_above_0.1m": 41.463414634146339, "low_level_<0.5": 9.7560975609756095, "mid_level_0.5-2": 9.7560975609756095, "tall_2+": 17.073170731707318 }, "geometry": { "type": "Point", "coordinates": [ 0.082069620950009, 51.665093235891703 ] } },
{ "type": "Feature", "properties": { "max_height": 4.6082534790039062, "mean_height": 0.35312169790267944, "std_height": 1.0160979032516479, "count_pixels": 42, "percent_cover": 0.032718944268731599, "percent_above_0.1m": 26.190476190476193, "low_level_<0.5": 11.904761904761903, "mid_level_0.5-2": 2.3809523809523809, "tall_2+": 7.1428571428571423 }, "geometry": { "type": "Point", "coordinates": [ 0.082269829575291, 51.665089686516495 ] } },
{ "type": "Feature", "properties": { "max_height": 0.11075592041015625, "mean_height": 0.01018451526761055, "std_height": 0.021511577069759369, "count_pixels": 42, "percent_cover": 0.032718944268731599, "percent_above_0.1m": 2.3809523809523809, "low_level_<0.5": 0.0, "mid_level_0.5-2": 0.0, "tall_2+": 0.0 }, "geometry": { "type": "Point", "coordinates": [ 0.082470038159035, 51.665086136800163 ] } },
{ "type": "Feature", "properties": { "max_height": 0.06999969482421875, "mean_height": 0.013889778405427933, "std_height": 0.019459227100014687, "count_pixels": 41, "percent_cover": 0.031939921786142744, "percent_above_0.1m": 0.0, "low_level_<0.5": 0.0, "mid_level_0.5-2": 0.0, "tall_2+": 0.0 }, "geometry": { "type": "Point", "coordinates": [ 0.082670246701265, 51.66508258674267 ] } },
{ "type": "Feature", "properties": { "max_height": 0.07525634765625, "mean_height": 0.01583452895283699, "std_height": 0.022076308727264404, "count_pixels": 41, "percent_cover": 0.031939921786142744, "percent_above_0.1m": 0.0, "low_level_<0.5": 0.0, "mid_level_0.5-2": 0.0, "tall_2+": 0.0 }, "geometry": { "type": "Point", "coordinates": [ 0.082870455201966, 51.665079036344011 ] } },
{ "type": "Feature", "properties": { "max_height": 0.14624786376953125, "mean_height": 0.026035126298666, "std_height": 0.029378512874245644, "count_pixels": 42, "percent_cover": 0.032718944268731599, "percent_above_0.1m": 2.3809523809523809, "low_level_<0.5": 0.0, "mid_level_0.5-2": 0.0, "tall_2+": 0.0 }, "geometry": { "type": "Point", "coordinates": [ 0.083070663661136, 51.665075485604213 ] } },
{ "type": "Feature", "properties": { "max_height": 4.5342559814453125, "mean_height": 0.34520140290260315, "std_height": 0.99315440654754639, "count_pixels": 42, "percent_cover": 0.032718944268731599, "percent_above_0.1m": 21.428571428571427, "low_level_<0.5": 9.5238095238095237, "mid_level_0.5-2": 2.3809523809523809, "tall_2+": 7.1428571428571423 }, "geometry": { "type": "Point", "coordinates": [ 0.083270872078762, 51.665071934523247 ] } },
{ "type": "Feature", "properties": { "max_height": 1.2089996337890625, "mean_height": 0.043869383633136749, "std_height": 0.20172592997550964, "count_pixels": 42, "percent_cover": 0.032718944268731599, "percent_above_0.1m": 4.7619047619047619, "low_level_<0.5": 0.0, "mid_level_0.5-2": 4.7619047619047619, "tall_2+": 0.0 }, "geometry": { "type": "Point", "coordinates": [ 0.083471080454853, 51.665068383101151 ] } },
{ "type": "Feature", "properties": { "max_height": 9.5634918212890625, "mean_height": 1.0919772386550903, "std_height": 2.3478946685791016, "count_pixels": 42, "percent_cover": 0.032718944268731599, "percent_above_0.1m": 26.190476190476193, "low_level_<0.5": 0.0, "mid_level_0.5-2": 9.5238095238095237, "tall_2+": 16.666666666666664 }, "geometry": { "type": "Point", "coordinates": [ 0.083671288789401, 51.66506483133788 ] } },
{ "type": "Feature", "properties": { "max_height": 5.87750244140625, "mean_height": 1.2819739580154419, "std_height": 1.5789618492126465, "count_pixels": 38, "percent_cover": 0.029602854338376207, "percent_above_0.1m": 68.421052631578945, "low_level_<0.5": 13.157894736842104, "mid_level_0.5-2": 21.052631578947366, "tall_2+": 31.578947368421051 }, "geometry": { "type": "Point", "coordinates": [ 0.083871497082396, 51.665061279233448 ] } },
{ "type": "Feature", "properties": { "max_height": 8.0997467041015625, "mean_height": 1.2509765625, "std_height": 2.3999438285827637, "count_pixels": 42, "percent_cover": 0.032718944268731599, "percent_above_0.1m": 35.714285714285715, "low_level_<0.5": 7.1428571428571423, "mid_level_0.5-2": 9.5238095238095237, "tall_2+": 19.047619047619047 }, "geometry": { "type": "Point", "coordinates": [ 0.08407170533384, 51.665057726787886 ] } },
{ "type": "Feature", "properties": { "max_height": 9.2672500610351562, "mean_height": 2.8552732467651367, "std_height": 2.8539135456085205, "count_pixels": 42, "percent_cover": 0.032718944268731599, "percent_above_0.1m": 64.285714285714292, "low_level_<0.5": 2.3809523809523809, "mid_level_0.5-2": 9.5238095238095237, "tall_2+": 52.380952380952387 }, "geometry": { "type": "Point", "coordinates": [ 0.084271913543734, 51.665054174001163 ] } },
{ "type": "Feature", "properties": { "max_height": 8.9822540283203125, "mean_height": 1.6392507553100586, "std_height": 2.2966017723083496, "count_pixels": 42, "percent_cover": 0.032718944268731599, "percent_above_0.1m": 59.523809523809526, "low_level_<0.5": 7.1428571428571423, "mid_level_0.5-2": 16.666666666666664, "tall_2+": 33.333333333333329 }, "geometry": { "type": "Point", "coordinates": [ 0.084472121712057, 51.665050620873302 ] } },
{ "type": "Feature", "properties": { "max_height": 0.1662445068359375, "mean_height": 0.018810179084539413, "std_height": 0.037192549556493759, "count_pixels": 41, "percent_cover": 0.031939921786142744, "percent_above_0.1m": 4.8780487804878048, "low_level_<0.5": 2.4390243902439024, "mid_level_0.5-2": 0.0, "tall_2+": 0.0 }, "geometry": { "type": "Point", "coordinates": [ 0.084672329838823, 51.665047067404274 ] } },
{ "type": "Feature", "properties": { "max_height": 5.0102462768554688, "mean_height": 0.46941432356834412, "std_height": 1.165052056312561, "count_pixels": 41, "percent_cover": 0.031939921786142744, "percent_above_0.1m": 19.512195121951219, "low_level_<0.5": 2.4390243902439024, "mid_level_0.5-2": 4.8780487804878048, "tall_2+": 12.195121951219512 }, "geometry": { "type": "Point", "coordinates": [ 0.08487253792402, 51.665043513594085 ] } },
{ "type": "Feature", "properties": { "max_height": 5.08599853515625, "mean_height": 0.29822048544883728, "std_height": 1.001258373260498, "count_pixels": 42, "percent_cover": 0.032718944268731599, "percent_above_0.1m": 11.904761904761903, "low_level_<0.5": 2.3809523809523809, "mid_level_0.5-2": 2.3809523809523809, "tall_2+": 7.1428571428571423 }, "geometry": { "type": "Point", "coordinates": [ 0.085072745967642, 51.665039959442765 ] } },
{ "type": "Feature", "properties": { "max_height": 8.0485038757324219, "mean_height": 2.7766861915588379, "std_height": 2.7851932048797607, "count_pixels": 42, "percent_cover": 0.032718944268731599, "percent_above_0.1m": 71.428571428571431, "low_level_<0.5": 9.5238095238095237, "mid_level_0.5-2": 14.285714285714285, "tall_2+": 47.619047619047613 }, "geometry": { "type": "Point", "coordinates": [ 0.085272953969689, 51.665036404950278 ] } },
{ "type": "Feature", "properties": { "max_height": 10.258750915527344, "mean_height": 2.7154364585876465, "std_height": 2.4724376201629639, "count_pixels": 41, "percent_cover": 0.031939921786142744, "percent_above_0.1m": 82.926829268292678, "low_level_<0.5": 12.195121951219512, "mid_level_0.5-2": 12.195121951219512, "tall_2+": 56.09756097560976 }, "geometry": { "type": "Point", "coordinates": [ 0.085473161930154, 51.665032850116646 ] } },
{ "type": "Feature", "properties": { "max_height": 0.45700454711914062, "mean_height": 0.10272849351167679, "std_height": 0.1440274566411972, "count_pixels": 41, "percent_cover": 0.031939921786142744, "percent_above_0.1m": 26.829268292682929, "low_level_<0.5": 19.512195121951219, "mid_level_0.5-2": 0.0, "tall_2+": 0.0 }, "geometry": { "type": "Point", "coordinates": [ 0.085673369849036, 51.665029294941867 ] } },
{ "type": "Feature", "properties": { "max_height": 1.49725341796875, "mean_height": 0.22396132349967957, "std_height": 0.34309589862823486, "count_pixels": 42, "percent_cover": 0.032718944268731599, "percent_above_0.1m": 42.857142857142854, "low_level_<0.5": 19.047619047619047, "mid_level_0.5-2": 11.904761904761903, "tall_2+": 0.0 }, "geometry": { "type": "Point", "coordinates": [ 0.085873577726331, 51.665025739425921 ] } },
{ "type": "Feature", "properties": { "max_height": 0.064502716064453125, "mean_height": 0.0130856828764081, "std_height": 0.018419092521071434, "count_pixels": 42, "percent_cover": 0.032718944268731599, "percent_above_0.1m": 0.0, "low_level_<0.5": 0.0, "mid_level_0.5-2": 0.0, "tall_2+": 0.0 }, "geometry": { "type": "Point", "coordinates": [ 0.086073785562033, 51.665022183568823 ] } },
{ "type": "Feature", "properties": { "max_height": 0.084503173828125, "mean_height": 0.0093410126864910126, "std_height": 0.015615377575159073, "count_pixels": 42, "percent_cover": 0.032718944268731599, "percent_above_0.1m": 0.0, "low_level_<0.5": 0.0, "mid_level_0.5-2": 0.0, "tall_2+": 0.0 }, "geometry": { "type": "Point", "coordinates": [ 0.086273993356137, 51.665018627370593 ] } },
{ "type": "Feature", "properties": { "max_height": 4.9307518005371094, "mean_height": 0.43782496452331543, "std_height": 1.0169347524642944, "count_pixels": 38, "percent_cover": 0.029602854338376207, "percent_above_0.1m": 39.473684210526315, "low_level_<0.5": 21.052631578947366, "mid_level_0.5-2": 13.157894736842104, "tall_2+": 5.2631578947368416 }, "geometry": { "type": "Point", "coordinates": [ 0.086474201108643, 51.665015070831203 ] } },
{ "type": "Feature", "properties": { "max_height": 6.44775390625, "mean_height": 0.92122268676757812, "std_height": 1.498857855796814, "count_pixels": 42, "percent_cover": 0.032718944268731599, "percent_above_0.1m": 50.0, "low_level_<0.5": 11.904761904761903, "mid_level_0.5-2": 16.666666666666664, "tall_2+": 19.047619047619047 }, "geometry": { "type": "Point", "coordinates": [ 0.086674408819542, 51.665011513950652 ] } },
{ "type": "Feature", "properties": { "max_height": 7.0045051574707031, "mean_height": 0.8958776593208313, "std_height": 1.5457860231399536, "count_pixels": 42, "percent_cover": 0.032718944268731599, "percent_above_0.1m": 61.904761904761905, "low_level_<0.5": 19.047619047619047, "mid_level_0.5-2": 23.809523809523807, "tall_2+": 14.285714285714285 }, "geometry": { "type": "Point", "coordinates": [ 0.086874616488834, 51.665007956728957 ] } },
{ "type": "Feature", "properties": { "max_height": 3.6345062255859375, "mean_height": 1.1486929655075073, "std_height": 1.0392996072769165, "count_pixels": 42, "percent_cover": 0.032718944268731599, "percent_above_0.1m": 88.095238095238088, "low_level_<0.5": 19.047619047619047, "mid_level_0.5-2": 40.476190476190474, "tall_2+": 23.809523809523807 }, "geometry": { "type": "Point", "coordinates": [ 0.087074824116515, 51.665004399166122 ] } },
{ "type": "Feature", "properties": { "max_height": 4.9007568359375, "mean_height": 0.76832997798919678, "std_height": 1.207930326461792, "count_pixels": 42, "percent_cover": 0.032718944268731599, "percent_above_0.1m": 50.0, "low_level_<0.5": 9.5238095238095237, "mid_level_0.5-2": 23.809523809523807, "tall_2+": 14.285714285714285 }, "geometry": { "type": "Point", "coordinates": [ 0.087275031702575, 51.665000841262142 ] } },
{ "type": "Feature", "properties": { "max_height": 5.5735015869140625, "mean_height": 1.1893194913864136, "std_height": 1.4791867733001709, "count_pixels": 41, "percent_cover": 0.031939921786142744, "percent_above_0.1m": 58.536585365853654, "low_level_<0.5": 2.4390243902439024, "mid_level_0.5-2": 21.951219512195124, "tall_2+": 29.268292682926827 }, "geometry": { "type": "Point", "coordinates": [ 0.087475239247022, 51.664997283016994 ] } },
{ "type": "Feature", "properties": { "max_height": 5.6394996643066406, "mean_height": 0.98742330074310303, "std_height": 1.5276939868927002, "count_pixels": 41, "percent_cover": 0.031939921786142744, "percent_above_0.1m": 58.536585365853654, "low_level_<0.5": 19.512195121951219, "mid_level_0.5-2": 17.073170731707318, "tall_2+": 19.512195121951219 }, "geometry": { "type": "Point", "coordinates": [ 0.087675446749842, 51.664993724430708 ] } },
{ "type": "Feature", "properties": { "max_height": 6.3562545776367188, "mean_height": 2.094771146774292, "std_height": 1.7849091291427612, "count_pixels": 41, "percent_cover": 0.031939921786142744, "percent_above_0.1m": 87.804878048780495, "low_level_<0.5": 12.195121951219512, "mid_level_0.5-2": 34.146341463414636, "tall_2+": 41.463414634146339 }, "geometry": { "type": "Point", "coordinates": [ 0.081373832053345, 51.665213484160439 ] } },
{ "type": "Feature", "properties": { "max_height": 7.1147537231445312, "mean_height": 1.0586990118026733, "std_height": 1.9073337316513062, "count_pixels": 42, "percent_cover": 0.032718944268731599, "percent_above_0.1m": 42.857142857142854, "low_level_<0.5": 2.3809523809523809, "mid_level_0.5-2": 14.285714285714285, "tall_2+": 19.047619047619047 }, "geometry": { "type": "Point", "coordinates": [ 0.081574040957493, 51.665209935849639 ] } },
{ "type": "Feature", "properties": { "max_height": 7.7589988708496094, "mean_height": 2.2993302345275879, "std_height": 2.5431764125823975, "count_pixels": 42, "percent_cover": 0.032718944268731599, "percent_above_0.1m": 66.666666666666657, "low_level_<0.5": 2.3809523809523809, "mid_level_0.5-2": 16.666666666666664, "tall_2+": 45.238095238095241 }, "geometry": { "type": "Point", "coordinates": [ 0.081774249947637, 51.665206387234484 ] } },
{ "type": "Feature", "properties": { "max_height": 8.4350013732910156, "mean_height": 1.7113301753997803, "std_height": 2.2880282402038574, "count_pixels": 42, "percent_cover": 0.032718944268731599, "percent_above_0.1m": 52.380952380952387, "low_level_<0.5": 2.3809523809523809, "mid_level_0.5-2": 16.666666666666664, "tall_2+": 33.333333333333329 }, "geometry": { "type": "Point", "coordinates": [ 0.081974459078483, 51.665202838351547 ] } },
{ "type": "Feature", "properties": { "max_height": 0.738006591796875, "mean_height": 0.06072235107421875, "std_height": 0.15783043205738068, "count_pixels": 42, "percent_cover": 0.032718944268731599, "percent_above_0.1m": 9.5238095238095237, "low_level_<0.5": 2.3809523809523809, "mid_level_0.5-2": 4.7619047619047619, "tall_2+": 0.0 }, "geometry": { "type": "Point", "coordinates": [ 0.082174668205088, 51.665199289133533 ] } },
{ "type": "Feature", "properties": { "max_height": 0.60274505615234375, "mean_height": 0.052428394556045532, "std_height": 0.09864470362663269, "count_pixels": 38, "percent_cover": 0.029602854338376207, "percent_above_0.1m": 10.526315789473683, "low_level_<0.5": 2.6315789473684208, "mid_level_0.5-2": 2.6315789473684208, "tall_2+": 0.0 }, "geometry": { "type": "Point", "coordinates": [ 0.082374877290173, 51.665195739574386 ] } },
{ "type": "Feature", "properties": { "max_height": 0.052001953125, "mean_height": 0.01332183089107275, "std_height": 0.017584729939699173, "count_pixels": 42, "percent_cover": 0.032718944268731599, "percent_above_0.1m": 0.0, "low_level_<0.5": 0.0, "mid_level_0.5-2": 0.0, "tall_2+": 0.0 }, "geometry": { "type": "Point", "coordinates": [ 0.082575086333735, 51.66519218967408 ] } },
{ "type": "Feature", "properties": { "max_height": 1.2399978637695312, "mean_height": 0.22822624444961548, "std_height": 0.34088623523712158, "count_pixels": 43, "percent_cover": 0.03349796675132044, "percent_above_0.1m": 37.209302325581397, "low_level_<0.5": 16.279069767441861, "mid_level_0.5-2": 18.604651162790699, "tall_2+": 0.0 }, "geometry": { "type": "Point", "coordinates": [ 0.082775295335774, 51.6651886394326 ] } },
{ "type": "Feature", "properties": { "max_height": 0.1244964599609375, "mean_height": 0.0158992949873209, "std_height": 0.022604629397392273, "count_pixels": 42, "percent_cover": 0.032718944268731599, "percent_above_0.1m": 2.3809523809523809, "low_level_<0.5": 0.0, "mid_level_0.5-2": 0.0, "tall_2+": 0.0 }, "geometry": { "type": "Point", "coordinates": [ 0.082975504296276, 51.665185088849988 ] } },
{ "type": "Feature", "properties": { "max_height": 2.47900390625, "mean_height": 0.2583509087562561, "std_height": 0.5432356595993042, "count_pixels": 42, "percent_cover": 0.032718944268731599, "percent_above_0.1m": 35.714285714285715, "low_level_<0.5": 9.5238095238095237, "mid_level_0.5-2": 7.1428571428571423, "tall_2+": 4.7619047619047619 }, "geometry": { "type": "Point", "coordinates": [ 0.083175713215248, 51.665181537926216 ] } },
{ "type": "Feature", "properties": { "max_height": 2.9004898071289062, "mean_height": 0.33792617917060852, "std_height": 0.6802176833152771, "count_pixels": 41, "percent_cover": 0.031939921786142744, "percent_above_0.1m": 29.268292682926827, "low_level_<0.5": 7.3170731707317067, "mid_level_0.5-2": 14.634146341463413, "tall_2+": 2.4390243902439024 }, "geometry": { "type": "Point", "coordinates": [ 0.083375922092682, 51.665177986661284 ] } },
{ "type": "Feature", "properties": { "max_height": 0.03900146484375, "mean_height": 0.00457037054002285, "std_height": 0.010900248773396015, "count_pixels": 42, "percent_cover": 0.032718944268731599, "percent_above_0.1m": 0.0, "low_level_<0.5": 0.0, "mid_level_0.5-2": 0.0, "tall_2+": 0.0 }, "geometry": { "type": "Point", "coordinates": [ 0.083576130928569, 51.665174435055192 ] } },
{ "type": "Feature", "properties": { "max_height": 0.05100250244140625, "mean_height": 0.0035420372150838375, "std_height": 0.011029642075300217, "count_pixels": 42, "percent_cover": 0.032718944268731599, "percent_above_0.1m": 0.0, "low_level_<0.5": 0.0, "mid_level_0.5-2": 0.0, "tall_2+": 0.0 }, "geometry": { "type": "Point", "coordinates": [ 0.083776339722913, 51.665170883107955 ] } },
{ "type": "Feature", "properties": { "max_height": 7.7517471313476562, "mean_height": 0.78870213031768799, "std_height": 1.8573422431945801, "count_pixels": 42, "percent_cover": 0.032718944268731599, "percent_above_0.1m": 23.809523809523807, "low_level_<0.5": 4.7619047619047619, "mid_level_0.5-2": 4.7619047619047619, "tall_2+": 14.285714285714285 }, "geometry": { "type": "Point", "coordinates": [ 0.083976548475703, 51.665167330819564 ] } },
{ "type": "Feature", "properties": { "max_height": 10.578758239746094, "mean_height": 7.5398058891296387, "std_height": 1.5510895252227783, "count_pixels": 41, "percent_cover": 0.031939921786142744, "percent_above_0.1m": 100.0, "low_level_<0.5": 0.0, "mid_level_0.5-2": 0.0, "tall_2+": 100.0 }, "geometry": { "type": "Point", "coordinates": [ 0.08417675718694, 51.665163778190021 ] } },
{ "type": "Feature", "properties": { "max_height": 10.219497680664062, "mean_height": 5.8908219337463379, "std_height": 2.7670557498931885, "count_pixels": 42, "percent_cover": 0.032718944268731599, "percent_above_0.1m": 97.61904761904762, "low_level_<0.5": 2.3809523809523809, "mid_level_0.5-2": 9.5238095238095237, "tall_2+": 85.714285714285708 }, "geometry": { "type": "Point", "coordinates": [ 0.084376965856619, 51.66516022521931 ] } },
{ "type": "Feature", "properties": { "max_height": 3.7172470092773438, "mean_height": 0.22307132184505463, "std_height": 0.73687988519668579, "count_pixels": 42, "percent_cover": 0.032718944268731599, "percent_above_0.1m": 14.285714285714285, "low_level_<0.5": 4.7619047619047619, "mid_level_0.5-2": 4.7619047619047619, "tall_2+": 4.7619047619047619 }, "geometry": { "type": "Point", "coordinates": [ 0.084577174484735, 51.665156671907447 ] } },
{ "type": "Feature", "properties": { "max_height": 9.04400634765625, "mean_height": 4.6827559471130371, "std_height": 2.7714073657989502, "count_pixels": 43, "percent_cover": 0.03349796675132044, "percent_above_0.1m": 93.023255813953483, "low_level_<0.5": 0.0, "mid_level_0.5-2": 13.953488372093023, "tall_2+": 79.069767441860463 }, "geometry": { "type": "Point", "coordinates": [ 0.084777383071282, 51.665153118254437 ] } },
{ "type": "Feature", "properties": { "max_height": 9.8694992065429688, "mean_height": 6.1917376518249512, "std_height": 2.3917598724365234, "count_pixels": 42, "percent_cover": 0.032718944268731599, "percent_above_0.1m": 100.0, "low_level_<0.5": 0.0, "mid_level_0.5-2": 2.3809523809523809, "tall_2+": 97.61904761904762 }, "geometry": { "type": "Point", "coordinates": [ 0.084977591616258, 51.665149564260282 ] } },
{ "type": "Feature", "properties": { "max_height": 4.5535049438476562, "mean_height": 0.43742150068283081, "std_height": 1.0799369812011719, "count_pixels": 38, "percent_cover": 0.029602854338376207, "percent_above_0.1m": 21.052631578947366, "low_level_<0.5": 2.6315789473684208, "mid_level_0.5-2": 10.526315789473683, "tall_2+": 7.8947368421052628 }, "geometry": { "type": "Point", "coordinates": [ 0.085177800119666, 51.665146009924968 ] } },
{ "type": "Feature", "properties": { "max_height": 13.634506225585938, "mean_height": 4.9744071960449219, "std_height": 4.5246272087097168, "count_pixels": 42, "percent_cover": 0.032718944268731599, "percent_above_0.1m": 78.571428571428569, "low_level_<0.5": 11.904761904761903, "mid_level_0.5-2": 4.7619047619047619, "tall_2+": 61.904761904761905 }, "geometry": { "type": "Point", "coordinates": [ 0.085378008581487, 51.665142455248485 ] } },
{ "type": "Feature", "properties": { "max_height": 5.0830001831054688, "mean_height": 1.046177864074707, "std_height": 1.4660098552703857, "count_pixels": 43, "percent_cover": 0.03349796675132044, "percent_above_0.1m": 44.186046511627907, "low_level_<0.5": 4.6511627906976747, "mid_level_0.5-2": 9.3023255813953494, "tall_2+": 27.906976744186046 }, "geometry": { "type": "Point", "coordinates": [ 0.08557821700173, 51.665138900230872 ] } },
{ "type": "Feature", "properties": { "max_height": 0.55350112915039062, "mean_height": 0.063259124755859375, "std_height": 0.12538011372089386, "count_pixels": 42, "percent_cover": 0.032718944268731599, "percent_above_0.1m": 16.666666666666664, "low_level_<0.5": 14.285714285714285, "mid_level_0.5-2": 2.3809523809523809, "tall_2+": 0.0 }, "geometry": { "type": "Point", "coordinates": [ 0.085778425380387, 51.665135344872091 ] } },
{ "type": "Feature", "properties": { "max_height": 0.12400436401367188, "mean_height": 0.015402021817862988, "std_height": 0.028026977553963661, "count_pixels": 42, "percent_cover": 0.032718944268731599, "percent_above_0.1m": 2.3809523809523809, "low_level_<0.5": 0.0, "mid_level_0.5-2": 0.0, "tall_2+": 0.0 }, "geometry": { "type": "Point", "coordinates": [ 0.08597863371745, 51.665131789172172 ] } },
{ "type": "Feature", "properties": { "max_height": 0.055500030517578125, "mean_height": 0.013783524744212627, "std_height": 0.017348291352391243, "count_pixels": 41, "percent_cover": 0.031939921786142744, "percent_above_0.1m": 0.0, "low_level_<0.5": 0.0, "mid_level_0.5-2": 0.0, "tall_2+": 0.0 }, "geometry": { "type": "Point", "coordinates": [ 0.08617884201292, 51.665128233131092 ] } },
{ "type": "Feature", "properties": { "max_height": 0.95575332641601562, "mean_height": 0.10254450887441635, "std_height": 0.19986534118652344, "count_pixels": 42, "percent_cover": 0.032718944268731599, "percent_above_0.1m": 23.809523809523807, "low_level_<0.5": 16.666666666666664, "mid_level_0.5-2": 4.7619047619047619, "tall_2+": 0.0 }, "geometry": { "type": "Point", "coordinates": [ 0.086379050266791, 51.66512467674886 ] } },
{ "type": "Feature", "properties": { "max_height": 7.1407546997070312, "mean_height": 1.5696390867233276, "std_height": 1.4066904783248901, "count_pixels": 42, "percent_cover": 0.032718944268731599, "percent_above_0.1m": 85.714285714285708, "low_level_<0.5": 0.0, "mid_level_0.5-2": 61.904761904761905, "tall_2+": 23.809523809523807 }, "geometry": { "type": "Point", "coordinates": [ 0.08657925847906, 51.665121120025475 ] } },
{ "type": "Feature", "properties": { "max_height": 7.0907516479492188, "mean_height": 1.0486692190170288, "std_height": 1.3356301784515381, "count_pixels": 42, "percent_cover": 0.032718944268731599, "percent_above_0.1m": 73.80952380952381, "low_level_<0.5": 21.428571428571427, "mid_level_0.5-2": 33.333333333333329, "tall_2+": 19.047619047619047 }, "geometry": { "type": "Point", "coordinates": [ 0.086779466649724, 51.66511756296093 ] } },
{ "type": "Feature", "properties": { "max_height": 2.9047508239746094, "mean_height": 0.54035615921020508, "std_height": 0.84673309326171875, "count_pixels": 41, "percent_cover": 0.031939921786142744, "percent_above_0.1m": 41.463414634146339, "low_level_<0.5": 9.7560975609756095, "mid_level_0.5-2": 21.951219512195124, "tall_2+": 9.7560975609756095 }, "geometry": { "type": "Point", "coordinates": [ 0.086979674778771, 51.665114005555246 ] } },
{ "type": "Feature", "properties": { "max_height": 8.678253173828125, "mean_height": 1.3475145101547241, "std_height": 2.1132981777191162, "count_pixels": 42, "percent_cover": 0.032718944268731599, "percent_above_0.1m": 54.761904761904766, "low_level_<0.5": 7.1428571428571423, "mid_level_0.5-2": 23.809523809523807, "tall_2+": 23.809523809523807 }, "geometry": { "type": "Point", "coordinates": [ 0.087179882866208, 51.665110447808395 ] } },
{ "type": "Feature", "properties": { "max_height": 6.7485008239746094, "mean_height": 1.6320856809616089, "std_height": 1.9373478889465332, "count_pixels": 42, "percent_cover": 0.032718944268731599, "percent_above_0.1m": 61.904761904761905, "low_level_<0.5": 4.7619047619047619, "mid_level_0.5-2": 21.428571428571427, "tall_2+": 33.333333333333329 }, "geometry": { "type": "Point", "coordinates": [ 0.087380090912028, 51.665106889720413 ] } },
{ "type": "Feature", "properties": { "max_height": 7.9522514343261719, "mean_height": 4.2800860404968262, "std_height": 2.5398061275482178, "count_pixels": 42, "percent_cover": 0.032718944268731599, "percent_above_0.1m": 85.714285714285708, "low_level_<0.5": 2.3809523809523809, "mid_level_0.5-2": 7.1428571428571423, "tall_2+": 76.19047619047619 }, "geometry": { "type": "Point", "coordinates": [ 0.081278668423798, 51.6653230861385 ] } },
{ "type": "Feature", "properties": { "max_height": 5.9807510375976562, "mean_height": 1.5639673471450806, "std_height": 1.4296145439147949, "count_pixels": 42, "percent_cover": 0.032718944268731599, "percent_above_0.1m": 85.714285714285708, "low_level_<0.5": 16.666666666666664, "mid_level_0.5-2": 35.714285714285715, "tall_2+": 33.333333333333329 }, "geometry": { "type": "Point", "coordinates": [ 0.081478877810479, 51.665319537980871 ] } },
{ "type": "Feature", "properties": { "max_height": 6.2247581481933594, "mean_height": 1.6756937503814697, "std_height": 1.8681750297546387, "count_pixels": 42, "percent_cover": 0.032718944268731599, "percent_above_0.1m": 73.80952380952381, "low_level_<0.5": 9.5238095238095237, "mid_level_0.5-2": 26.190476190476193, "tall_2+": 33.333333333333329 }, "geometry": { "type": "Point", "coordinates": [ 0.081679087202446, 51.665315989489976 ] } },
{ "type": "Feature", "properties": { "max_height": 3.8430023193359375, "mean_height": 0.6236339807510376, "std_height": 0.99090397357940674, "count_pixels": 42, "percent_cover": 0.032718944268731599, "percent_above_0.1m": 47.619047619047613, "low_level_<0.5": 16.666666666666664, "mid_level_0.5-2": 19.047619047619047, "tall_2+": 11.904761904761903 }, "geometry": { "type": "Point", "coordinates": [ 0.081879296747147, 51.665312440737175 ] } },
{ "type": "Feature", "properties": { "max_height": 1.0587539672851562, "mean_height": 0.041826017200946808, "std_height": 0.16579294204711914, "count_pixels": 41, "percent_cover": 0.031939921786142744, "percent_above_0.1m": 4.8780487804878048, "low_level_<0.5": 2.4390243902439024, "mid_level_0.5-2": 2.4390243902439024, "tall_2+": 0.0 }, "geometry": { "type": "Point", "coordinates": [ 0.082079506375089, 51.665308891676368 ] } },
{ "type": "Feature", "properties": { "max_height": 0.865753173828125, "mean_height": 0.069012962281703949, "std_height": 0.15678054094314575, "count_pixels": 42, "percent_cover": 0.032718944268731599, "percent_above_0.1m": 14.285714285714285, "low_level_<0.5": 9.5238095238095237, "mid_level_0.5-2": 2.3809523809523809, "tall_2+": 0.0 }, "geometry": { "type": "Point", "coordinates": [ 0.082279715961508, 51.665305342274401 ] } },
{ "type": "Feature", "properties": { "max_height": 0.82049560546875, "mean_height": 0.079488120973110199, "std_height": 0.15164080262184143, "count_pixels": 42, "percent_cover": 0.032718944268731599, "percent_above_0.1m": 21.428571428571427, "low_level_<0.5": 14.285714285714285, "mid_level_0.5-2": 2.3809523809523809, "tall_2+": 0.0 }, "geometry": { "type": "Point", "coordinates": [ 0.08247992550641, 51.665301792531281 ] } },
{ "type": "Feature", "properties": { "max_height": 0.98999786376953125, "mean_height": 0.061341077089309692, "std_height": 0.17402814328670502, "count_pixels": 41, "percent_cover": 0.031939921786142744, "percent_above_0.1m": 12.195121951219512, "low_level_<0.5": 4.8780487804878048, "mid_level_0.5-2": 4.8780487804878048, "tall_2+": 0.0 }, "geometry": { "type": "Point", "coordinates": [ 0.082680135009784, 51.665298242446994 ] } },
{ "type": "Feature", "properties": { "max_height": 0.42400360107421875, "mean_height": 0.033914335072040558, "std_height": 0.071221254765987396, "count_pixels": 41, "percent_cover": 0.031939921786142744, "percent_above_0.1m": 7.3170731707317067, "low_level_<0.5": 4.8780487804878048, "mid_level_0.5-2": 0.0, "tall_2+": 0.0 }, "geometry": { "type": "Point", "coordinates": [ 0.08288034447163, 51.665294692021568 ] } },
{ "type": "Feature", "properties": { "max_height": 1.0550003051757812, "mean_height": 0.20501817762851715, "std_height": 0.3026261031627655, "count_pixels": 42, "percent_cover": 0.032718944268731599, "percent_above_0.1m": 33.333333333333329, "low_level_<0.5": 7.1428571428571423, "mid_level_0.5-2": 21.428571428571427, "tall_2+": 0.0 }, "geometry": { "type": "Point", "coordinates": [ 0.083080553891944, 51.665291141254961 ] } },
{ "type": "Feature", "properties": { "max_height": 3.4417495727539062, "mean_height": 0.4761970043182373, "std_height": 0.88649570941925049, "count_pixels": 42, "percent_cover": 0.032718944268731599, "percent_above_0.1m": 26.190476190476193, "low_level_<0.5": 0.0, "mid_level_0.5-2": 11.904761904761903, "tall_2+": 11.904761904761903 }, "geometry": { "type": "Point", "coordinates": [ 0.083280763270717, 51.665287590147216 ] } },
{ "type": "Feature", "properties": { "max_height": 0.13524627685546875, "mean_height": 0.036498840898275375, "std_height": 0.033610455691814423, "count_pixels": 42, "percent_cover": 0.032718944268731599, "percent_above_0.1m": 2.3809523809523809, "low_level_<0.5": 0.0, "mid_level_0.5-2": 0.0, "tall_2+": 0.0 }, "geometry": { "type": "Point", "coordinates": [ 0.083480972607955, 51.665284038698296 ] } },
{ "type": "Feature", "properties": { "max_height": 0.3782501220703125, "mean_height": 0.016130356118083, "std_height": 0.061075083911418915, "count_pixels": 42, "percent_cover": 0.032718944268731599, "percent_above_0.1m": 4.7619047619047619, "low_level_<0.5": 2.3809523809523809, "mid_level_0.5-2": 0.0, "tall_2+": 0.0 }, "geometry": { "type": "Point", "coordinates": [ 0.083681181903644, 51.665280486908237 ] } },
{ "type": "Feature", "properties": { "max_height": 0.00099945068359375, "mean_height": 0.0001116300918511115, "std_height": 0.00054615747649222612, "count_pixels": 38, "percent_cover": 0.029602854338376207, "percent_above_0.1m": 0.0, "low_level_<0.5": 0.0, "mid_level_0.5-2": 0.0, "tall_2+": 0.0 }, "geometry": { "type": "Point", "coordinates": [ 0.083881391157783, 51.665276934777026 ] } },
{ "type": "Feature", "properties": { "max_height": 8.0887527465820312, "mean_height": 1.1537139415740967, "std_height": 2.3994169235229492, "count_pixels": 42, "percent_cover": 0.032718944268731599, "percent_above_0.1m": 26.190476190476193, "low_level_<0.5": 2.3809523809523809, "mid_level_0.5-2": 7.1428571428571423, "tall_2+": 16.666666666666664 }, "geometry": { "type": "Point", "coordinates": [ 0.084081600370373, 51.665273382304647 ] } },
{ "type": "Feature", "properties": { "max_height": 9.4929962158203125, "mean_height": 3.1945295333862305, "std_height": 3.5444619655609131, "count_pixels": 42, "percent_cover": 0.032718944268731599, "percent_above_0.1m": 57.142857142857139, "low_level_<0.5": 2.3809523809523809, "mid_level_0.5-2": 9.5238095238095237, "tall_2+": 45.238095238095241 }, "geometry": { "type": "Point", "coordinates": [ 0.0842818095414, 51.665269829491123 ] } },
{ "type": "Feature", "properties": { "max_height": 1.321746826171875, "mean_height": 0.0581076480448246, "std_height": 0.25119879841804504, "count_pixels": 42, "percent_cover": 0.032718944268731599, "percent_above_0.1m": 4.7619047619047619, "low_level_<0.5": 0.0, "mid_level_0.5-2": 4.7619047619047619, "tall_2+": 0.0 }, "geometry": { "type": "Point", "coordinates": [ 0.084482018670871, 51.665266276336425 ] } },
{ "type": "Feature", "properties": { "max_height": 7.9012527465820312, "mean_height": 1.1054880619049072, "std_height": 2.0281209945678711, "count_pixels": 41, "percent_cover": 0.031939921786142744, "percent_above_0.1m": 36.585365853658537, "low_level_<0.5": 4.8780487804878048, "mid_level_0.5-2": 14.634146341463413, "tall_2+": 17.073170731707318 }, "geometry": { "type": "Point", "coordinates": [ 0.084682227758776, 51.665262722840602 ] } },
{ "type": "Feature", "properties": { "max_height": 8.2492523193359375, "mean_height": 2.8732736110687256, "std_height": 2.4545459747314453, "count_pixels": 41, "percent_cover": 0.031939921786142744, "percent_above_0.1m": 80.487804878048792, "low_level_<0.5": 2.4390243902439024, "mid_level_0.5-2": 17.073170731707318, "tall_2+": 60.975609756097562 }, "geometry": { "type": "Point", "coordinates": [ 0.084882436805108, 51.665259169003612 ] } },
{ "type": "Feature", "properties": { "max_height": 2.2217483520507812, "mean_height": 0.16395823657512665, "std_height": 0.45494678616523743, "count_pixels": 42, "percent_cover": 0.032718944268731599, "percent_above_0.1m": 14.285714285714285, "low_level_<0.5": 2.3809523809523809, "mid_level_0.5-2": 9.5238095238095237, "tall_2+": 2.3809523809523809 }, "geometry": { "type": "Point", "coordinates": [ 0.085082645809874, 51.665255614825462 ] } },
{ "type": "Feature", "properties": { "max_height": 0.123504638671875, "mean_height": 0.0037623813841491938, "std_height": 0.01961991935968399, "count_pixels": 42, "percent_cover": 0.032718944268731599, "percent_above_0.1m": 2.3809523809523809, "low_level_<0.5": 0.0, "mid_level_0.5-2": 0.0, "tall_2+": 0.0 }, "geometry": { "type": "Point", "coordinates": [ 0.08528285477306, 51.665252060306159 ] } },
{ "type": "Feature", "properties": { "max_height": 5.9342498779296875, "mean_height": 0.81508702039718628, "std_height": 1.3714934587478638, "count_pixels": 41, "percent_cover": 0.031939921786142744, "percent_above_0.1m": 51.219512195121951, "low_level_<0.5": 9.7560975609756095, "mid_level_0.5-2": 21.951219512195124, "tall_2+": 14.634146341463413 }, "geometry": { "type": "Point", "coordinates": [ 0.085483063694662, 51.665248505445703 ] } },
{ "type": "Feature", "properties": { "max_height": 6.5980033874511719, "mean_height": 0.80735665559768677, "std_height": 1.8052574396133423, "count_pixels": 41, "percent_cover": 0.031939921786142744, "percent_above_0.1m": 24.390243902439025, "low_level_<0.5": 0.0, "mid_level_0.5-2": 4.8780487804878048, "tall_2+": 17.073170731707318 }, "geometry": { "type": "Point", "coordinates": [ 0.085683272574678, 51.665244950244094 ] } },
{ "type": "Feature", "properties": { "max_height": 0.06925201416015625, "mean_height": 0.0045325867831707001, "std_height": 0.012479179538786411, "count_pixels": 42, "percent_cover": 0.032718944268731599, "percent_above_0.1m": 0.0, "low_level_<0.5": 0.0, "mid_level_0.5-2": 0.0, "tall_2+": 0.0 }, "geometry": { "type": "Point", "coordinates": [ 0.085883481413112, 51.665241394701326 ] } },
{ "type": "Feature", "properties": { "max_height": 0.24425125122070312, "mean_height": 0.017758959904313087, "std_height": 0.040000870823860168, "count_pixels": 42, "percent_cover": 0.032718944268731599, "percent_above_0.1m": 2.3809523809523809, "low_level_<0.5": 2.3809523809523809, "mid_level_0.5-2": 0.0, "tall_2+": 0.0 }, "geometry": { "type": "Point", "coordinates": [ 0.086083690209945, 51.665237838817404 ] } },
{ "type": "Feature", "properties": { "max_height": 1.8092498779296875, "mean_height": 0.25066965818405151, "std_height": 0.44287779927253723, "count_pixels": 42, "percent_cover": 0.032718944268731599, "percent_above_0.1m": 38.095238095238095, "low_level_<0.5": 14.285714285714285, "mid_level_0.5-2": 19.047619047619047, "tall_2+": 0.0 }, "geometry": { "type": "Point", "coordinates": [ 0.086283898965187, 51.66523428259233 ] } },
{ "type": "Feature", "properties": { "max_height": 1.9085044860839844, "mean_height": 0.36850950121879578, "std_height": 0.39033246040344238, "count_pixels": 38, "percent_cover": 0.029602854338376207, "percent_above_0.1m": 60.526315789473685, "low_level_<0.5": 23.684210526315788, "mid_level_0.5-2": 36.84210526315789, "tall_2+": 0.0 }, "geometry": { "type": "Point", "coordinates": [ 0.086484107678826, 51.665230726026103 ] } },
{ "type": "Feature", "properties": { "max_height": 4.3100013732910156, "mean_height": 0.64693742990493774, "std_height": 1.0511689186096191, "count_pixels": 42, "percent_cover": 0.032718944268731599, "percent_above_0.1m": 45.238095238095241, "low_level_<0.5": 9.5238095238095237, "mid_level_0.5-2": 28.571428571428569, "tall_2+": 7.1428571428571423 }, "geometry": { "type": "Point", "coordinates": [ 0.086684316350861, 51.665227169118722 ] } },
{ "type": "Feature", "properties": { "max_height": 6.6302528381347656, "mean_height": 1.5179017782211304, "std_height": 1.8701196908950806, "count_pixels": 42, "percent_cover": 0.032718944268731599, "percent_above_0.1m": 66.666666666666657, "low_level_<0.5": 16.666666666666664, "mid_level_0.5-2": 14.285714285714285, "tall_2+": 33.333333333333329 }, "geometry": { "type": "Point", "coordinates": [ 0.086884524981284, 51.665223611870189 ] } },
{ "type": "Feature", "properties": { "max_height": 11.964500427246094, "mean_height": 2.2587168216705322, "std_height": 2.5697805881500244, "count_pixels": 42, "percent_cover": 0.032718944268731599, "percent_above_0.1m": 78.571428571428569, "low_level_<0.5": 2.3809523809523809, "mid_level_0.5-2": 35.714285714285715, "tall_2+": 40.476190476190474 }, "geometry": { "type": "Point", "coordinates": [ 0.087084733570097, 51.665220054280496 ] } },
{ "type": "Feature", "properties": { "max_height": 6.9415016174316406, "mean_height": 2.8389236927032471, "std_height": 2.1512734889984131, "count_pixels": 41, "percent_cover": 0.031939921786142744, "percent_above_0.1m": 90.243902439024396, "low_level_<0.5": 9.7560975609756095, "mid_level_0.5-2": 26.829268292682929, "tall_2+": 53.658536585365859 }, "geometry": { "type": "Point", "coordinates": [ 0.08138371422125, 51.665429140041653 ] } },
{ "type": "Feature", "properties": { "max_height": 6.3442573547363281, "mean_height": 2.3670742511749268, "std_height": 1.8963102102279663, "count_pixels": 42, "percent_cover": 0.032718944268731599, "percent_above_0.1m": 88.095238095238088, "low_level_<0.5": 9.5238095238095237, "mid_level_0.5-2": 23.809523809523807, "tall_2+": 52.380952380952387 }, "geometry": { "type": "Point", "coordinates": [ 0.08158392405016, 51.665425591696291 ] } },
{ "type": "Feature", "properties": { "max_height": 5.8467559814453125, "mean_height": 1.157383918762207, "std_height": 1.5226683616638184, "count_pixels": 42, "percent_cover": 0.032718944268731599, "percent_above_0.1m": 66.666666666666657, "low_level_<0.5": 16.666666666666664, "mid_level_0.5-2": 26.190476190476193, "tall_2+": 23.809523809523807 }, "geometry": { "type": "Point", "coordinates": [ 0.081784133988918, 51.665422043053894 ] } },
{ "type": "Feature", "properties": { "max_height": 4.1355018615722656, "mean_height": 0.61972928047180176, "std_height": 0.98707824945449829, "count_pixels": 42, "percent_cover": 0.032718944268731599, "percent_above_0.1m": 45.238095238095241, "low_level_<0.5": 11.904761904761903, "mid_level_0.5-2": 21.428571428571427, "tall_2+": 11.904761904761903 }, "geometry": { "type": "Point", "coordinates": [ 0.081984344085283, 51.665418494145001 ] } },
{ "type": "Feature", "properties": { "max_height": 3.4250030517578125, "mean_height": 1.0427454710006714, "std_height": 1.1616036891937256, "count_pixels": 42, "percent_cover": 0.032718944268731599, "percent_above_0.1m": 59.523809523809526, "low_level_<0.5": 9.5238095238095237, "mid_level_0.5-2": 26.190476190476193, "tall_2+": 23.809523809523807 }, "geometry": { "type": "Point", "coordinates": [ 0.082184554173043, 51.665414944900199 ] } },
{ "type": "Feature", "properties": { "max_height": 0.0175018310546875, "mean_height": 0.0015461570583283901, "std_height": 0.0042894021607935429, "count_pixels": 38, "percent_cover": 0.029602854338376207, "percent_above_0.1m": 0.0, "low_level_<0.5": 0.0, "mid_level_0.5-2": 0.0, "tall_2+": 0.0 }, "geometry": { "type": "Point", "coordinates": [ 0.08238476421928, 51.665411395314287 ] } },
{ "type": "Feature", "properties": { "max_height": 0.0227508544921875, "mean_height": 0.0013442266499623656, "std_height": 0.0049546374939382076, "count_pixels": 42, "percent_cover": 0.032718944268731599, "percent_above_0.1m": 0.0, "low_level_<0.5": 0.0, "mid_level_0.5-2": 0.0, "tall_2+": 0.0 }, "geometry": { "type": "Point", "coordinates": [ 0.082584974223997, 51.665407845387186 ] } },
{ "type": "Feature", "properties": { "max_height": 0.0395050048828125, "mean_height": 0.0059656542725861073, "std_height": 0.010049167089164257, "count_pixels": 43, "percent_cover": 0.03349796675132044, "percent_above_0.1m": 0.0, "low_level_<0.5": 0.0, "mid_level_0.5-2": 0.0, "tall_2+": 0.0 }, "geometry": { "type": "Point", "coordinates": [ 0.082785184187185, 51.665404295118933 ] } },
{ "type": "Feature", "properties": { "max_height": 3.0049972534179688, "mean_height": 0.3548336923122406, "std_height": 0.72468411922454834, "count_pixels": 42, "percent_cover": 0.032718944268731599, "percent_above_0.1m": 28.571428571428569, "low_level_<0.5": 7.1428571428571423, "mid_level_0.5-2": 14.285714285714285, "tall_2+": 4.7619047619047619 }, "geometry": { "type": "Point", "coordinates": [ 0.082985394108846, 51.665400744509512 ] } },
{ "type": "Feature", "properties": { "max_height": 0.29850006103515625, "mean_height": 0.053798310458660126, "std_height": 0.06503026932477951, "count_pixels": 42, "percent_cover": 0.032718944268731599, "percent_above_0.1m": 19.047619047619047, "low_level_<0.5": 9.5238095238095237, "mid_level_0.5-2": 0.0, "tall_2+": 0.0 }, "geometry": { "type": "Point", "coordinates": [ 0.083185603988966, 51.66539719355896 ] } },
{ "type": "Feature", "properties": { "max_height": 4.5622482299804688, "mean_height": 0.22090186178684235, "std_height": 0.78643923997879028, "count_pixels": 41, "percent_cover": 0.031939921786142744, "percent_above_0.1m": 12.195121951219512, "low_level_<0.5": 0.0, "mid_level_0.5-2": 4.8780487804878048, "tall_2+": 2.4390243902439024 }, "geometry": { "type": "Point", "coordinates": [ 0.083385813827549, 51.665393642267219 ] } },
{ "type": "Feature", "properties": { "max_height": 2.2594985961914062, "mean_height": 0.2948870062828064, "std_height": 0.58787745237350464, "count_pixels": 42, "percent_cover": 0.032718944268731599, "percent_above_0.1m": 28.571428571428569, "low_level_<0.5": 7.1428571428571423, "mid_level_0.5-2": 14.285714285714285, "tall_2+": 4.7619047619047619 }, "geometry": { "type": "Point", "coordinates": [ 0.083586023624589, 51.66539009063434 ] } },
{ "type": "Feature", "properties": { "max_height": 6.5419998168945312, "mean_height": 1.5339704751968384, "std_height": 2.2345750331878662, "count_pixels": 42, "percent_cover": 0.032718944268731599, "percent_above_0.1m": 42.857142857142854, "low_level_<0.5": 0.0, "mid_level_0.5-2": 14.285714285714285, "tall_2+": 28.571428571428569 }, "geometry": { "type": "Point", "coordinates": [ 0.083786233380079, 51.6653865386603 ] } },
{ "type": "Feature", "properties": { "max_height": 7.4390029907226562, "mean_height": 0.73974990844726562, "std_height": 1.790967583656311, "count_pixels": 42, "percent_cover": 0.032718944268731599, "percent_above_0.1m": 23.809523809523807, "low_level_<0.5": 4.7619047619047619, "mid_level_0.5-2": 7.1428571428571423, "tall_2+": 11.904761904761903 }, "geometry": { "type": "Point", "coordinates": [ 0.083986443094018, 51.665382986345101 ] } },
{ "type": "Feature", "properties": { "max_height": 0.07775115966796875, "mean_height": 0.0040314835496246815, "std_height": 0.015322922728955746, "count_pixels": 41, "percent_cover": 0.031939921786142744, "percent_above_0.1m": 0.0, "low_level_<0.5": 0.0, "mid_level_0.5-2": 0.0, "tall_2+": 0.0 }, "geometry": { "type": "Point", "coordinates": [ 0.084186652766407, 51.665379433688749 ] } },
{ "type": "Feature", "properties": { "max_height": 0.00124359130859375, "mean_height": -0.00011371431173756719, "std_height": 0.00053749745711684227, "count_pixels": 42, "percent_cover": 0.032718944268731599, "percent_above_0.1m": 0.0, "low_level_<0.5": 0.0, "mid_level_0.5-2": 0.0, "tall_2+": 0.0 }, "geometry": { "type": "Point", "coordinates": [ 0.08438686239723, 51.665375880691229 ] } },
{ "type": "Feature", "properties": { "max_height": 0.00099945068359375, "mean_height": 0.0001714797253953293, "std_height": 0.00042710738489404321, "count_pixels": 42, "percent_cover": 0.032718944268731599, "percent_above_0.1m": 0.0, "low_level_<0.5": 0.0, "mid_level_0.5-2": 0.0, "tall_2+": 0.0 }, "geometry": { "type": "Point", "coordinates": [ 0.084587071986492, 51.665372327352571 ] } },
{ "type": "Feature", "properties": { "max_height": 0.11100006103515625, "mean_height": 0.0033196737058460712, "std_height": 0.017417844384908676, "count_pixels": 43, "percent_cover": 0.03349796675132044, "percent_above_0.1m": 2.3255813953488373, "low_level_<0.5": 0.0, "mid_level_0.5-2": 0.0, "tall_2+": 0.0 }, "geometry": { "type": "Point", "coordinates": [ 0.084787281534187, 51.665368773672746 ] } },
{ "type": "Feature", "properties": { "max_height": 0.03025054931640625, "mean_height": 0.00060744513757526875, "std_height": 0.0046911477111279964, "count_pixels": 42, "percent_cover": 0.032718944268731599, "percent_above_0.1m": 0.0, "low_level_<0.5": 0.0, "mid_level_0.5-2": 0.0, "tall_2+": 0.0 }, "geometry": { "type": "Point", "coordinates": [ 0.08498749104031, 51.665365219651768 ] } },
{ "type": "Feature", "properties": { "max_height": 0.001251220703125, "mean_height": 3.2926862331805751e-05, "std_height": 0.00054416724015027285, "count_pixels": 38, "percent_cover": 0.029602854338376207, "percent_above_0.1m": 0.0, "low_level_<0.5": 0.0, "mid_level_0.5-2": 0.0, "tall_2+": 0.0 }, "geometry": { "type": "Point", "coordinates": [ 0.085187700504858, 51.66536166528963 ] } },
{ "type": "Feature", "properties": { "max_height": 7.4935073852539062, "mean_height": 0.88018524646759033, "std_height": 1.8730677366256714, "count_pixels": 42, "percent_cover": 0.032718944268731599, "percent_above_0.1m": 26.190476190476193, "low_level_<0.5": 0.0, "mid_level_0.5-2": 9.5238095238095237, "tall_2+": 16.666666666666664 }, "geometry": { "type": "Point", "coordinates": [ 0.085387909927827, 51.66535811058634 ] } },
{ "type": "Feature", "properties": { "max_height": 10.817001342773438, "mean_height": 3.5935239791870117, "std_height": 3.4304783344268799, "count_pixels": 43, "percent_cover": 0.03349796675132044, "percent_above_0.1m": 90.697674418604649, "low_level_<0.5": 11.627906976744185, "mid_level_0.5-2": 18.604651162790699, "tall_2+": 53.488372093023251 }, "geometry": { "type": "Point", "coordinates": [ 0.085588119309213, 51.665354555541889 ] } },
{ "type": "Feature", "properties": { "max_height": 1.4302520751953125, "mean_height": 0.03374699130654335, "std_height": 0.21809962391853333, "count_pixels": 42, "percent_cover": 0.032718944268731599, "percent_above_0.1m": 2.3809523809523809, "low_level_<0.5": 0.0, "mid_level_0.5-2": 2.3809523809523809, "tall_2+": 0.0 }, "geometry": { "type": "Point", "coordinates": [ 0.08578832864901, 51.665351000156292 ] } },
{ "type": "Feature", "properties": { "max_height": 0.18575286865234375, "mean_height": 0.0088068647310137749, "std_height": 0.032653719186782837, "count_pixels": 42, "percent_cover": 0.032718944268731599, "percent_above_0.1m": 4.7619047619047619, "low_level_<0.5": 2.3809523809523809, "mid_level_0.5-2": 0.0, "tall_2+": 0.0 }, "geometry": { "type": "Point", "coordinates": [ 0.085988537947218, 51.665347444429543 ] } },
{ "type": "Feature", "properties": { "max_height": 0.3612518310546875, "mean_height": 0.023430056869983673, "std_height": 0.0676131471991539, "count_pixels": 41, "percent_cover": 0.031939921786142744, "percent_above_0.1m": 7.3170731707317067, "low_level_<0.5": 4.8780487804878048, "mid_level_0.5-2": 0.0, "tall_2+": 0.0 }, "geometry": { "type": "Point", "coordinates": [ 0.086188747203828, 51.665343888361626 ] } },
{ "type": "Feature", "properties": { "max_height": 3.3630027770996094, "mean_height": 0.51540791988372803, "std_height": 0.94590991735458374, "count_pixels": 42, "percent_cover": 0.032718944268731599, "percent_above_0.1m": 42.857142857142854, "low_level_<0.5": 11.904761904761903, "mid_level_0.5-2": 11.904761904761903, "tall_2+": 11.904761904761903 }, "geometry": { "type": "Point", "coordinates": [ 0.086388956418836, 51.665340331952564 ] } },
{ "type": "Feature", "properties": { "max_height": 9.4447555541992188, "mean_height": 1.346990704536438, "std_height": 2.5040464401245117, "count_pixels": 42, "percent_cover": 0.032718944268731599, "percent_above_0.1m": 45.238095238095241, "low_level_<0.5": 7.1428571428571423, "mid_level_0.5-2": 16.666666666666664, "tall_2+": 19.047619047619047 }, "geometry": { "type": "Point", "coordinates": [ 0.086589165592248, 51.665336775202341 ] } },
{ "type": "Feature", "properties": { "max_height": 5.1207542419433594, "mean_height": 0.85202634334564209, "std_height": 1.1996458768844604, "count_pixels": 42, "percent_cover": 0.032718944268731599, "percent_above_0.1m": 52.380952380952387, "low_level_<0.5": 14.285714285714285, "mid_level_0.5-2": 19.047619047619047, "tall_2+": 16.666666666666664 }, "geometry": { "type": "Point", "coordinates": [ 0.086789374724047, 51.665333218110959 ] } },
{ "type": "Feature", "properties": { "max_height": 6.0165023803710938, "mean_height": 2.1471936702728271, "std_height": 1.5618163347244263, "count_pixels": 42, "percent_cover": 0.032718944268731599, "percent_above_0.1m": 95.238095238095227, "low_level_<0.5": 9.5238095238095237, "mid_level_0.5-2": 42.857142857142854, "tall_2+": 42.857142857142854 }, "geometry": { "type": "Point", "coordinates": [ 0.081488760501248, 51.665535193839801 ] } },
{ "type": "Feature", "properties": { "max_height": 5.7082595825195312, "mean_height": 1.538847804069519, "std_height": 1.5974647998809814, "count_pixels": 42, "percent_cover": 0.032718944268731599, "percent_above_0.1m": 78.571428571428569, "low_level_<0.5": 14.285714285714285, "mid_level_0.5-2": 38.095238095238095, "tall_2+": 26.190476190476193 }, "geometry": { "type": "Point", "coordinates": [ 0.081688970831276, 51.665531645316193 ] } },
{ "type": "Feature", "properties": { "max_height": 5.3925018310546875, "mean_height": 1.0639253854751587, "std_height": 1.3871246576309204, "count_pixels": 42, "percent_cover": 0.032718944268731599, "percent_above_0.1m": 69.047619047619051, "low_level_<0.5": 14.285714285714285, "mid_level_0.5-2": 30.952380952380953, "tall_2+": 19.047619047619047 }, "geometry": { "type": "Point", "coordinates": [ 0.081889181335668, 51.665528096539404 ] } },
{ "type": "Feature", "properties": { "max_height": 0.85675048828125, "mean_height": 0.1892206072807312, "std_height": 0.24509249627590179, "count_pixels": 41, "percent_cover": 0.031939921786142744, "percent_above_0.1m": 41.463414634146339, "low_level_<0.5": 21.951219512195124, "mid_level_0.5-2": 17.073170731707318, "tall_2+": 0.0 }, "geometry": { "type": "Point", "coordinates": [ 0.082089391924766, 51.66552454745181 ] } },
{ "type": "Feature", "properties": { "max_height": 0.05574798583984375, "mean_height": 0.0093872435390949249, "std_height": 0.014554934576153755, "count_pixels": 42, "percent_cover": 0.032718944268731599, "percent_above_0.1m": 0.0, "low_level_<0.5": 0.0, "mid_level_0.5-2": 0.0, "tall_2+": 0.0 }, "geometry": { "type": "Point", "coordinates": [ 0.08228960247235, 51.665520998023062 ] } },
{ "type": "Feature", "properties": { "max_height": 0.0189971923828125, "mean_height": 0.00088065012823790312, "std_height": 0.0035582566633820534, "count_pixels": 42, "percent_cover": 0.032718944268731599, "percent_above_0.1m": 0.0, "low_level_<0.5": 0.0, "mid_level_0.5-2": 0.0, "tall_2+": 0.0 }, "geometry": { "type": "Point", "coordinates": [ 0.082489812978407, 51.665517448253169 ] } },
{ "type": "Feature", "properties": { "max_height": 0.01924896240234375, "mean_height": 0.0022132687736302614, "std_height": 0.005131247453391552, "count_pixels": 41, "percent_cover": 0.031939921786142744, "percent_above_0.1m": 0.0, "low_level_<0.5": 0.0, "mid_level_0.5-2": 0.0, "tall_2+": 0.0 }, "geometry": { "type": "Point", "coordinates": [ 0.082690023442944, 51.665513898142081 ] } },
{ "type": "Feature", "properties": { "max_height": 1.0705032348632812, "mean_height": 0.044609814882278442, "std_height": 0.16522547602653503, "count_pixels": 41, "percent_cover": 0.031939921786142744, "percent_above_0.1m": 4.8780487804878048, "low_level_<0.5": 2.4390243902439024, "mid_level_0.5-2": 2.4390243902439024, "tall_2+": 0.0 }, "geometry": { "type": "Point", "coordinates": [ 0.082890233865947, 51.665510347689853 ] } },
{ "type": "Feature", "properties": { "max_height": 3.0262527465820312, "mean_height": 0.28998219966888428, "std_height": 0.70646417140960693, "count_pixels": 42, "percent_cover": 0.032718944268731599, "percent_above_0.1m": 21.428571428571427, "low_level_<0.5": 7.1428571428571423, "mid_level_0.5-2": 7.1428571428571423, "tall_2+": 4.7619047619047619 }, "geometry": { "type": "Point", "coordinates": [ 0.083090444247417, 51.665506796896473 ] } },
{ "type": "Feature", "properties": { "max_height": 5.9290008544921875, "mean_height": 0.5572858452796936, "std_height": 1.4062556028366089, "count_pixels": 42, "percent_cover": 0.032718944268731599, "percent_above_0.1m": 23.809523809523807, "low_level_<0.5": 4.7619047619047619, "mid_level_0.5-2": 7.1428571428571423, "tall_2+": 9.5238095238095237 }, "geometry": { "type": "Point", "coordinates": [ 0.08329065458735, 51.66550324576194 ] } },
{ "type": "Feature", "properties": { "max_height": 8.8612518310546875, "mean_height": 2.3160350322723389, "std_height": 2.9509193897247314, "count_pixels": 42, "percent_cover": 0.032718944268731599, "percent_above_0.1m": 61.904761904761905, "low_level_<0.5": 7.1428571428571423, "mid_level_0.5-2": 16.666666666666664, "tall_2+": 35.714285714285715 }, "geometry": { "type": "Point", "coordinates": [ 0.083490864885742, 51.665499694286233 ] } },
{ "type": "Feature", "properties": { "max_height": 6.1912460327148438, "mean_height": 1.6360061168670654, "std_height": 1.8681278228759766, "count_pixels": 42, "percent_cover": 0.032718944268731599, "percent_above_0.1m": 64.285714285714292, "low_level_<0.5": 9.5238095238095237, "mid_level_0.5-2": 14.285714285714285, "tall_2+": 38.095238095238095 }, "geometry": { "type": "Point", "coordinates": [ 0.083691075142584, 51.665496142469372 ] } },
{ "type": "Feature", "properties": { "max_height": 2.4090042114257812, "mean_height": 0.25673714280128479, "std_height": 0.5742114782333374, "count_pixels": 38, "percent_cover": 0.029602854338376207, "percent_above_0.1m": 21.052631578947366, "low_level_<0.5": 5.2631578947368416, "mid_level_0.5-2": 10.526315789473683, "tall_2+": 5.2631578947368416 }, "geometry": { "type": "Point", "coordinates": [ 0.083891285357884, 51.665492590311338 ] } },
{ "type": "Feature", "properties": { "max_height": 0.941009521484375, "mean_height": 0.062832966446876526, "std_height": 0.15545576810836792, "count_pixels": 42, "percent_cover": 0.032718944268731599, "percent_above_0.1m": 11.904761904761903, "low_level_<0.5": 4.7619047619047619, "mid_level_0.5-2": 2.3809523809523809, "tall_2+": 0.0 }, "geometry": { "type": "Point", "coordinates": [ 0.084091495531626, 51.665489037812172 ] } },
{ "type": "Feature", "properties": { "max_height": 0.0054931640625, "mean_height": 0.00013024466170463711, "std_height": 0.0010128507856279612, "count_pixels": 42, "percent_cover": 0.032718944268731599, "percent_above_0.1m": 0.0, "low_level_<0.5": 0.0, "mid_level_0.5-2": 0.0, "tall_2+": 0.0 }, "geometry": { "type": "Point", "coordinates": [ 0.084291705663808, 51.665485484971832 ] } },
{ "type": "Feature", "properties": { "max_height": 0.0397491455078125, "mean_height": 0.0023278736043721437, "std_height": 0.0078293876722455025, "count_pixels": 42, "percent_cover": 0.032718944268731599, "percent_above_0.1m": 0.0, "low_level_<0.5": 0.0, "mid_level_0.5-2": 0.0, "tall_2+": 0.0 }, "geometry": { "type": "Point", "coordinates": [ 0.084491915754429, 51.665481931790346 ] } },
{ "type": "Feature", "properties": { "max_height": 0.00099945068359375, "mean_height": -0.00014588891644962132, "std_height": 0.0005630296072922647, "count_pixels": 41, "percent_cover": 0.031939921786142744, "percent_above_0.1m": 0.0, "low_level_<0.5": 0.0, "mid_level_0.5-2": 0.0, "tall_2+": 0.0 }, "geometry": { "type": "Point", "coordinates": [ 0.084692125803487, 51.665478378267693 ] } },
{ "type": "Feature", "properties": { "max_height": 0.00574493408203125, "mean_height": 5.3964009566698223e-05, "std_height": 0.0011502538109198213, "count_pixels": 41, "percent_cover": 0.031939921786142744, "percent_above_0.1m": 0.0, "low_level_<0.5": 0.0, "mid_level_0.5-2": 0.0, "tall_2+": 0.0 }, "geometry": { "type": "Point", "coordinates": [ 0.084892335810976, 51.66547482440388 ] } },
{ "type": "Feature", "properties": { "max_height": 0.00275421142578125, "mean_height": 2.3614793462911621e-05, "std_height": 0.00066062598489224911, "count_pixels": 42, "percent_cover": 0.032718944268731599, "percent_above_0.1m": 0.0, "low_level_<0.5": 0.0, "mid_level_0.5-2": 0.0, "tall_2+": 0.0 }, "geometry": { "type": "Point", "coordinates": [ 0.085092545776886, 51.665471270198907 ] } },
{ "type": "Feature", "properties": { "max_height": 6.82025146484375, "mean_height": 0.58752316236495972, "std_height": 1.418175220489502, "count_pixels": 42, "percent_cover": 0.032718944268731599, "percent_above_0.1m": 35.714285714285715, "low_level_<0.5": 9.5238095238095237, "mid_level_0.5-2": 9.5238095238095237, "tall_2+": 11.904761904761903 }, "geometry": { "type": "Point", "coordinates": [ 0.085292755701221, 51.665467715652788 ] } },
{ "type": "Feature", "properties": { "max_height": 8.645751953125, "mean_height": 1.9403959512710571, "std_height": 2.3894021511077881, "count_pixels": 41, "percent_cover": 0.031939921786142744, "percent_above_0.1m": 70.731707317073173, "low_level_<0.5": 2.4390243902439024, "mid_level_0.5-2": 17.073170731707318, "tall_2+": 41.463414634146339 }, "geometry": { "type": "Point", "coordinates": [ 0.085492965583976, 51.665464160765524 ] } },
{ "type": "Feature", "properties": { "max_height": 8.683502197265625, "mean_height": 1.5437331199645996, "std_height": 2.3941428661346436, "count_pixels": 41, "percent_cover": 0.031939921786142744, "percent_above_0.1m": 68.292682926829272, "low_level_<0.5": 17.073170731707318, "mid_level_0.5-2": 21.951219512195124, "tall_2+": 24.390243902439025 }, "geometry": { "type": "Point", "coordinates": [ 0.085693175425141, 51.665460605537064 ] } },
{ "type": "Feature", "properties": { "max_height": 0.01125335693359375, "mean_height": 0.00022969927522353828, "std_height": 0.0019839173182845116, "count_pixels": 42, "percent_cover": 0.032718944268731599, "percent_above_0.1m": 0.0, "low_level_<0.5": 0.0, "mid_level_0.5-2": 0.0, "tall_2+": 0.0 }, "geometry": { "type": "Point", "coordinates": [ 0.085893385224721, 51.665457049967486 ] } },
{ "type": "Feature", "properties": { "max_height": 0.03375244140625, "mean_height": 0.003955477848649025, "std_height": 0.008532937616109848, "count_pixels": 42, "percent_cover": 0.032718944268731599, "percent_above_0.1m": 0.0, "low_level_<0.5": 0.0, "mid_level_0.5-2": 0.0, "tall_2+": 0.0 }, "geometry": { "type": "Point", "coordinates": [ 0.086093594982707, 51.665453494056734 ] } },
{ "type": "Feature", "properties": { "max_height": 8.628753662109375, "mean_height": 1.2397528886795044, "std_height": 2.1860859394073486, "count_pixels": 42, "percent_cover": 0.032718944268731599, "percent_above_0.1m": 40.476190476190474, "low_level_<0.5": 2.3809523809523809, "mid_level_0.5-2": 14.285714285714285, "tall_2+": 21.428571428571427 }, "geometry": { "type": "Point", "coordinates": [ 0.086293804699095, 51.665449937804823 ] } },
{ "type": "Feature", "properties": { "max_height": 10.370002746582031, "mean_height": 2.0952987670898438, "std_height": 2.8814046382904053, "count_pixels": 38, "percent_cover": 0.029602854338376207, "percent_above_0.1m": 60.526315789473685, "low_level_<0.5": 7.8947368421052628, "mid_level_0.5-2": 21.052631578947366, "tall_2+": 31.578947368421051 }, "geometry": { "type": "Point", "coordinates": [ 0.086494014373878, 51.665446381211765 ] } },
{ "type": "Feature", "properties": { "max_height": 3.2192497253417969, "mean_height": 0.53580665588378906, "std_height": 0.59039205312728882, "count_pixels": 42, "percent_cover": 0.032718944268731599, "percent_above_0.1m": 73.80952380952381, "low_level_<0.5": 30.952380952380953, "mid_level_0.5-2": 38.095238095238095, "tall_2+": 2.3809523809523809 }, "geometry": { "type": "Point", "coordinates": [ 0.081794018153196, 51.66563769886389 ] } },
{ "type": "Feature", "properties": { "max_height": 5.9792556762695312, "mean_height": 1.0441275835037231, "std_height": 1.7905856370925903, "count_pixels": 42, "percent_cover": 0.032718944268731599, "percent_above_0.1m": 47.619047619047613, "low_level_<0.5": 14.285714285714285, "mid_level_0.5-2": 11.904761904761903, "tall_2+": 19.047619047619047 }, "geometry": { "type": "Point", "coordinates": [ 0.081994229216681, 51.665634149929218 ] } },
{ "type": "Feature", "properties": { "max_height": 1.5839996337890625, "mean_height": 0.15754318237304688, "std_height": 0.36495807766914368, "count_pixels": 42, "percent_cover": 0.032718944268731599, "percent_above_0.1m": 28.571428571428569, "low_level_<0.5": 11.904761904761903, "mid_level_0.5-2": 9.5238095238095237, "tall_2+": 0.0 }, "geometry": { "type": "Point", "coordinates": [ 0.082194440265607, 51.66563060065765 ] } },
{ "type": "Feature", "properties": { "max_height": 1.62249755859375, "mean_height": 0.11631574481725693, "std_height": 0.33178868889808655, "count_pixels": 38, "percent_cover": 0.029602854338376207, "percent_above_0.1m": 13.157894736842104, "low_level_<0.5": 0.0, "mid_level_0.5-2": 10.526315789473683, "tall_2+": 0.0 }, "geometry": { "type": "Point", "coordinates": [ 0.082394651273013, 51.665627051044929 ] } },
{ "type": "Feature", "properties": { "max_height": 0.73575592041015625, "mean_height": 0.042398907244205475, "std_height": 0.14065860211849213, "count_pixels": 42, "percent_cover": 0.032718944268731599, "percent_above_0.1m": 4.7619047619047619, "low_level_<0.5": 0.0, "mid_level_0.5-2": 4.7619047619047619, "tall_2+": 0.0 }, "geometry": { "type": "Point", "coordinates": [ 0.082594862238894, 51.665623501091048 ] } },
{ "type": "Feature", "properties": { "max_height": 5.1717453002929688, "mean_height": 0.31308162212371826, "std_height": 0.98418945074081421, "count_pixels": 43, "percent_cover": 0.03349796675132044, "percent_above_0.1m": 25.581395348837212, "low_level_<0.5": 11.627906976744185, "mid_level_0.5-2": 4.6511627906976747, "tall_2+": 4.6511627906976747 }, "geometry": { "type": "Point", "coordinates": [ 0.082795073163248, 51.665619950796014 ] } },
{ "type": "Feature", "properties": { "max_height": 0.23725128173828125, "mean_height": 0.022017523646354675, "std_height": 0.048653546720743179, "count_pixels": 42, "percent_cover": 0.032718944268731599, "percent_above_0.1m": 7.1428571428571423, "low_level_<0.5": 4.7619047619047619, "mid_level_0.5-2": 0.0, "tall_2+": 0.0 }, "geometry": { "type": "Point", "coordinates": [ 0.082995284046069, 51.66561640015982 ] } },
{ "type": "Feature", "properties": { "max_height": 0.26849365234375, "mean_height": 0.0209165308624506, "std_height": 0.0424959696829319, "count_pixels": 42, "percent_cover": 0.032718944268731599, "percent_above_0.1m": 2.3809523809523809, "low_level_<0.5": 2.3809523809523809, "mid_level_0.5-2": 0.0, "tall_2+": 0.0 }, "geometry": { "type": "Point", "coordinates": [ 0.083195494887355, 51.665612849182452 ] } },
{ "type": "Feature", "properties": { "max_height": 1.2840042114257812, "mean_height": 0.20929904282093048, "std_height": 0.30734536051750183, "count_pixels": 41, "percent_cover": 0.031939921786142744, "percent_above_0.1m": 43.902439024390247, "low_level_<0.5": 17.073170731707318, "mid_level_0.5-2": 17.073170731707318, "tall_2+": 0.0 }, "geometry": { "type": "Point", "coordinates": [ 0.083395705687099, 51.665609297863931 ] } },
{ "type": "Feature", "properties": { "max_height": 1.100006103515625, "mean_height": 0.1464451402425766, "std_height": 0.25679111480712891, "count_pixels": 42, "percent_cover": 0.032718944268731599, "percent_above_0.1m": 26.190476190476193, "low_level_<0.5": 16.666666666666664, "mid_level_0.5-2": 7.1428571428571423, "tall_2+": 0.0 }, "geometry": { "type": "Point", "coordinates": [ 0.083595916445303, 51.665605746204243 ] } },
{ "type": "Feature", "properties": { "max_height": 1.6460037231445312, "mean_height": 0.21560251712799072, "std_height": 0.39715549349784851, "count_pixels": 42, "percent_cover": 0.032718944268731599, "percent_above_0.1m": 33.333333333333329, "low_level_<0.5": 14.285714285714285, "mid_level_0.5-2": 11.904761904761903, "tall_2+": 0.0 }, "geometry": { "type": "Point", "coordinates": [ 0.083796127161955, 51.665602194203402 ] } },
{ "type": "Feature", "properties": { "max_height": 0.041748046875, "mean_height": 0.0039340429939329624, "std_height": 0.0094795618206262589, "count_pixels": 42, "percent_cover": 0.032718944268731599, "percent_above_0.1m": 0.0, "low_level_<0.5": 0.0, "mid_level_0.5-2": 0.0, "tall_2+": 0.0 }, "geometry": { "type": "Point", "coordinates": [ 0.083996337837055, 51.665598641861415 ] } },
{ "type": "Feature", "properties": { "max_height": 3.135498046875, "mean_height": 0.17144589126110077, "std_height": 0.5957944393157959, "count_pixels": 41, "percent_cover": 0.031939921786142744, "percent_above_0.1m": 12.195121951219512, "low_level_<0.5": 2.4390243902439024, "mid_level_0.5-2": 4.8780487804878048, "tall_2+": 4.8780487804878048 }, "geometry": { "type": "Point", "coordinates": [ 0.0841965484706, 51.665595089178247 ] } },
{ "type": "Feature", "properties": { "max_height": 8.5554962158203125, "mean_height": 1.1933219432830811, "std_height": 2.1302456855773926, "count_pixels": 42, "percent_cover": 0.032718944268731599, "percent_above_0.1m": 35.714285714285715, "low_level_<0.5": 4.7619047619047619, "mid_level_0.5-2": 9.5238095238095237, "tall_2+": 21.428571428571427 }, "geometry": { "type": "Point", "coordinates": [ 0.084396759062586, 51.665591536153926 ] } },
{ "type": "Feature", "properties": { "max_height": 2.4357452392578125, "mean_height": 0.15260732173919678, "std_height": 0.52526789903640747, "count_pixels": 42, "percent_cover": 0.032718944268731599, "percent_above_0.1m": 14.285714285714285, "low_level_<0.5": 4.7619047619047619, "mid_level_0.5-2": 2.3809523809523809, "tall_2+": 4.7619047619047619 }, "geometry": { "type": "Point", "coordinates": [ 0.084596969613007, 51.665587982788445 ] } },
{ "type": "Feature", "properties": { "max_height": 0.00250244140625, "mean_height": -9.2439870059024543e-05, "std_height": 0.00071790680522099137, "count_pixels": 43, "percent_cover": 0.03349796675132044, "percent_above_0.1m": 0.0, "low_level_<0.5": 0.0, "mid_level_0.5-2": 0.0, "tall_2+": 0.0 }, "geometry": { "type": "Point", "coordinates": [ 0.084797180121857, 51.665584429081811 ] } },
{ "type": "Feature", "properties": { "max_height": 0.06275177001953125, "mean_height": 0.004237765446305275, "std_height": 0.011162767186760902, "count_pixels": 42, "percent_cover": 0.032718944268731599, "percent_above_0.1m": 0.0, "low_level_<0.5": 0.0, "mid_level_0.5-2": 0.0, "tall_2+": 0.0 }, "geometry": { "type": "Point", "coordinates": [ 0.084997390589138, 51.665580875034017 ] } },
{ "type": "Feature", "properties": { "max_height": 4.397003173828125, "mean_height": 0.64613783359527588, "std_height": 1.1506255865097046, "count_pixels": 38, "percent_cover": 0.029602854338376207, "percent_above_0.1m": 36.84210526315789, "low_level_<0.5": 2.6315789473684208, "mid_level_0.5-2": 18.421052631578945, "tall_2+": 13.157894736842104 }, "geometry": { "type": "Point", "coordinates": [ 0.085197601014845, 51.665577320645056 ] } },
{ "type": "Feature", "properties": { "max_height": 5.0354995727539062, "mean_height": 1.0167496204376221, "std_height": 1.3958365917205811, "count_pixels": 42, "percent_cover": 0.032718944268731599, "percent_above_0.1m": 71.428571428571431, "low_level_<0.5": 19.047619047619047, "mid_level_0.5-2": 30.952380952380953, "tall_2+": 16.666666666666664 }, "geometry": { "type": "Point", "coordinates": [ 0.085397811398967, 51.665573765914942 ] } },
{ "type": "Feature", "properties": { "max_height": 12.482002258300781, "mean_height": 5.6098198890686035, "std_height": 4.4942464828491211, "count_pixels": 43, "percent_cover": 0.03349796675132044, "percent_above_0.1m": 79.069767441860463, "low_level_<0.5": 2.3255813953488373, "mid_level_0.5-2": 9.3023255813953494, "tall_2+": 67.441860465116278 }, "geometry": { "type": "Point", "coordinates": [ 0.085598021741509, 51.665570210843676 ] } },
{ "type": "Feature", "properties": { "max_height": 13.606002807617188, "mean_height": 6.4281744956970215, "std_height": 5.0666289329528809, "count_pixels": 42, "percent_cover": 0.032718944268731599, "percent_above_0.1m": 71.428571428571431, "low_level_<0.5": 2.3809523809523809, "mid_level_0.5-2": 2.3809523809523809, "tall_2+": 66.666666666666657 }, "geometry": { "type": "Point", "coordinates": [ 0.085798232042457, 51.665566655431242 ] } },
{ "type": "Feature", "properties": { "max_height": 1.5954971313476562, "mean_height": 0.13802047073841095, "std_height": 0.36406856775283813, "count_pixels": 42, "percent_cover": 0.032718944268731599, "percent_above_0.1m": 16.666666666666664, "low_level_<0.5": 4.7619047619047619, "mid_level_0.5-2": 11.904761904761903, "tall_2+": 0.0 }, "geometry": { "type": "Point", "coordinates": [ 0.085998442301821, 51.665563099677669 ] } },
{ "type": "Feature", "properties": { "max_height": 11.433258056640625, "mean_height": 2.2823388576507568, "std_height": 2.9420490264892578, "count_pixels": 41, "percent_cover": 0.031939921786142744, "percent_above_0.1m": 73.170731707317074, "low_level_<0.5": 19.512195121951219, "mid_level_0.5-2": 14.634146341463413, "tall_2+": 39.024390243902438 }, "geometry": { "type": "Point", "coordinates": [ 0.086198652519586, 51.665559543582916 ] } },
{ "type": "Feature", "properties": { "max_height": 10.812759399414062, "mean_height": 2.6843714714050293, "std_height": 3.0792875289916992, "count_pixels": 42, "percent_cover": 0.032718944268731599, "percent_above_0.1m": 64.285714285714292, "low_level_<0.5": 7.1428571428571423, "mid_level_0.5-2": 7.1428571428571423, "tall_2+": 47.619047619047613 }, "geometry": { "type": "Point", "coordinates": [ 0.086398862695746, 51.665555987147009 ] } },
{ "type": "Feature", "properties": { "max_height": 3.0317573547363281, "mean_height": 0.79082381725311279, "std_height": 0.67325496673583984, "count_pixels": 42, "percent_cover": 0.032718944268731599, "percent_above_0.1m": 76.19047619047619, "low_level_<0.5": 11.904761904761903, "mid_level_0.5-2": 59.523809523809526, "tall_2+": 4.7619047619047619 }, "geometry": { "type": "Point", "coordinates": [ 0.081899066048777, 51.665743752332396 ] } },
{ "type": "Feature", "properties": { "max_height": 4.7412567138671875, "mean_height": 0.30742841958999634, "std_height": 0.79852914810180664, "count_pixels": 41, "percent_cover": 0.031939921786142744, "percent_above_0.1m": 34.146341463414636, "low_level_<0.5": 17.073170731707318, "mid_level_0.5-2": 14.634146341463413, "tall_2+": 2.4390243902439024 }, "geometry": { "type": "Point", "coordinates": [ 0.082099277599053, 51.665740203218043 ] } },
{ "type": "Feature", "properties": { "max_height": 6.4412460327148438, "mean_height": 1.3247559070587158, "std_height": 1.7578047513961792, "count_pixels": 42, "percent_cover": 0.032718944268731599, "percent_above_0.1m": 52.380952380952387, "low_level_<0.5": 2.3809523809523809, "mid_level_0.5-2": 21.428571428571427, "tall_2+": 28.571428571428569 }, "geometry": { "type": "Point", "coordinates": [ 0.08229948910781, 51.665736653762494 ] } },
{ "type": "Feature", "properties": { "max_height": 5.3807449340820312, "mean_height": 0.6336662769317627, "std_height": 1.1307522058486938, "count_pixels": 42, "percent_cover": 0.032718944268731599, "percent_above_0.1m": 40.476190476190474, "low_level_<0.5": 4.7619047619047619, "mid_level_0.5-2": 19.047619047619047, "tall_2+": 11.904761904761903 }, "geometry": { "type": "Point", "coordinates": [ 0.082499700575034, 51.665733103965813 ] } },
{ "type": "Feature", "properties": { "max_height": 5.9629974365234375, "mean_height": 0.99480551481246948, "std_height": 1.7637190818786621, "count_pixels": 41, "percent_cover": 0.031939921786142744, "percent_above_0.1m": 39.024390243902438, "low_level_<0.5": 12.195121951219512, "mid_level_0.5-2": 4.8780487804878048, "tall_2+": 21.951219512195124 }, "geometry": { "type": "Point", "coordinates": [ 0.082699912000743, 51.665729553827944 ] } },
{ "type": "Feature", "properties": { "max_height": 3.5544967651367188, "mean_height": 0.42670068144798279, "std_height": 0.95224511623382568, "count_pixels": 41, "percent_cover": 0.031939921786142744, "percent_above_0.1m": 31.707317073170731, "low_level_<0.5": 4.8780487804878048, "mid_level_0.5-2": 7.3170731707317067, "tall_2+": 9.7560975609756095 }, "geometry": { "type": "Point", "coordinates": [ 0.082900123384918, 51.665726003348937 ] } },
{ "type": "Feature", "properties": { "max_height": 1.5852508544921875, "mean_height": 0.20621998608112335, "std_height": 0.37402060627937317, "count_pixels": 42, "percent_cover": 0.032718944268731599, "percent_above_0.1m": 30.952380952380953, "low_level_<0.5": 9.5238095238095237, "mid_level_0.5-2": 16.666666666666664, "tall_2+": 0.0 }, "geometry": { "type": "Point", "coordinates": [ 0.083100334727556, 51.665722452528748 ] } },
{ "type": "Feature", "properties": { "max_height": 0.93874359130859375, "mean_height": 0.27205365896224976, "std_height": 0.27073156833648682, "count_pixels": 42, "percent_cover": 0.032718944268731599, "percent_above_0.1m": 59.523809523809526, "low_level_<0.5": 35.714285714285715, "mid_level_0.5-2": 16.666666666666664, "tall_2+": 0.0 }, "geometry": { "type": "Point", "coordinates": [ 0.083300546028661, 51.665718901367413 ] } },
{ "type": "Feature", "properties": { "max_height": 0.123992919921875, "mean_height": 0.0070833479985594749, "std_height": 0.020156314596533775, "count_pixels": 42, "percent_cover": 0.032718944268731599, "percent_above_0.1m": 2.3809523809523809, "low_level_<0.5": 0.0, "mid_level_0.5-2": 0.0, "tall_2+": 0.0 }, "geometry": { "type": "Point", "coordinates": [ 0.083500757288221, 51.665715349864904 ] } },
{ "type": "Feature", "properties": { "max_height": 0.3262481689453125, "mean_height": 0.015179043635725975, "std_height": 0.050914540886878967, "count_pixels": 42, "percent_cover": 0.032718944268731599, "percent_above_0.1m": 2.3809523809523809, "low_level_<0.5": 2.3809523809523809, "mid_level_0.5-2": 0.0, "tall_2+": 0.0 }, "geometry": { "type": "Point", "coordinates": [ 0.083700968506231, 51.665711798021249 ] } },
{ "type": "Feature", "properties": { "max_height": 0.00249481201171875, "mean_height": 0.000204186697374098, "std_height": 0.00093491323059424758, "count_pixels": 38, "percent_cover": 0.029602854338376207, "percent_above_0.1m": 0.0, "low_level_<0.5": 0.0, "mid_level_0.5-2": 0.0, "tall_2+": 0.0 }, "geometry": { "type": "Point", "coordinates": [ 0.083901179682694, 51.665708245836427 ] } },
{ "type": "Feature", "properties": { "max_height": 2.9112472534179688, "mean_height": 0.31743493676185608, "std_height": 0.71909177303314209, "count_pixels": 42, "percent_cover": 0.032718944268731599, "percent_above_0.1m": 23.809523809523807, "low_level_<0.5": 4.7619047619047619, "mid_level_0.5-2": 11.904761904761903, "tall_2+": 4.7619047619047619 }, "geometry": { "type": "Point", "coordinates": [ 0.084101390817603, 51.665704693310452 ] } },
{ "type": "Feature", "properties": { "max_height": 10.875, "mean_height": 2.3448705673217773, "std_height": 3.3053007125854492, "count_pixels": 42, "percent_cover": 0.032718944268731599, "percent_above_0.1m": 66.666666666666657, "low_level_<0.5": 11.904761904761903, "mid_level_0.5-2": 21.428571428571427, "tall_2+": 30.952380952380953 }, "geometry": { "type": "Point", "coordinates": [ 0.084301601910953, 51.665701140443318 ] } },
{ "type": "Feature", "properties": { "max_height": 10.553749084472656, "mean_height": 1.1807504892349243, "std_height": 2.7246477603912354, "count_pixels": 42, "percent_cover": 0.032718944268731599, "percent_above_0.1m": 33.333333333333329, "low_level_<0.5": 4.7619047619047619, "mid_level_0.5-2": 11.904761904761903, "tall_2+": 14.285714285714285 }, "geometry": { "type": "Point", "coordinates": [ 0.084501812962739, 51.665697587235009 ] } },
{ "type": "Feature", "properties": { "max_height": 0.399749755859375, "mean_height": 0.011005308479070663, "std_height": 0.061851952224969864, "count_pixels": 41, "percent_cover": 0.031939921786142744, "percent_above_0.1m": 2.4390243902439024, "low_level_<0.5": 2.4390243902439024, "mid_level_0.5-2": 0.0, "tall_2+": 0.0 }, "geometry": { "type": "Point", "coordinates": [ 0.084702023972959, 51.66569403368554 ] } },
{ "type": "Feature", "properties": { "max_height": 0.001251220703125, "mean_height": -0.00017789515550248325, "std_height": 0.00067898043198511004, "count_pixels": 41, "percent_cover": 0.031939921786142744, "percent_above_0.1m": 0.0, "low_level_<0.5": 0.0, "mid_level_0.5-2": 0.0, "tall_2+": 0.0 }, "geometry": { "type": "Point", "coordinates": [ 0.084902234941612, 51.665690479794925 ] } },
{ "type": "Feature", "properties": { "max_height": 2.404998779296875, "mean_height": 0.15468433499336243, "std_height": 0.48227894306182861, "count_pixels": 42, "percent_cover": 0.032718944268731599, "percent_above_0.1m": 16.666666666666664, "low_level_<0.5": 2.3809523809523809, "mid_level_0.5-2": 7.1428571428571423, "tall_2+": 2.3809523809523809 }, "geometry": { "type": "Point", "coordinates": [ 0.085102445868685, 51.665686925563136 ] } },
{ "type": "Feature", "properties": { "max_height": 5.050994873046875, "mean_height": 1.1021016836166382, "std_height": 1.3429651260375977, "count_pixels": 42, "percent_cover": 0.032718944268731599, "percent_above_0.1m": 69.047619047619051, "low_level_<0.5": 16.666666666666664, "mid_level_0.5-2": 28.571428571428569, "tall_2+": 19.047619047619047 }, "geometry": { "type": "Point", "coordinates": [ 0.085302656754184, 51.66568337099018 ] } },
{ "type": "Feature", "properties": { "max_height": 7.845001220703125, "mean_height": 1.0708169937133789, "std_height": 2.2734601497650146, "count_pixels": 41, "percent_cover": 0.031939921786142744, "percent_above_0.1m": 34.146341463414636, "low_level_<0.5": 12.195121951219512, "mid_level_0.5-2": 4.8780487804878048, "tall_2+": 17.073170731707318 }, "geometry": { "type": "Point", "coordinates": [ 0.0855028675981, 51.665679816076086 ] } },
{ "type": "Feature", "properties": { "max_height": 12.391746520996094, "mean_height": 2.5961647033691406, "std_height": 3.7146179676055908, "count_pixels": 41, "percent_cover": 0.031939921786142744, "percent_above_0.1m": 46.341463414634148, "low_level_<0.5": 0.0, "mid_level_0.5-2": 9.7560975609756095, "tall_2+": 36.585365853658537 }, "geometry": { "type": "Point", "coordinates": [ 0.085703078400425, 51.665676260820817 ] } },
{ "type": "Feature", "properties": { "max_height": 13.083755493164062, "mean_height": 2.2943515777587891, "std_height": 3.4157779216766357, "count_pixels": 42, "percent_cover": 0.032718944268731599, "percent_above_0.1m": 57.142857142857139, "low_level_<0.5": 7.1428571428571423, "mid_level_0.5-2": 16.666666666666664, "tall_2+": 30.952380952380953 }, "geometry": { "type": "Point", "coordinates": [ 0.085903289161167, 51.665672705224409 ] } },
{ "type": "Feature", "properties": { "max_height": 11.233997344970703, "mean_height": 3.3171103000640869, "std_height": 3.7725551128387451, "count_pixels": 42, "percent_cover": 0.032718944268731599, "percent_above_0.1m": 66.666666666666657, "low_level_<0.5": 7.1428571428571423, "mid_level_0.5-2": 9.5238095238095237, "tall_2+": 47.619047619047613 }, "geometry": { "type": "Point", "coordinates": [ 0.086103499880306, 51.665669149286821 ] } },
{ "type": "Feature", "properties": { "max_height": 4.3837509155273438, "mean_height": 1.1422330141067505, "std_height": 1.3459210395812988, "count_pixels": 42, "percent_cover": 0.032718944268731599, "percent_above_0.1m": 71.428571428571431, "low_level_<0.5": 14.285714285714285, "mid_level_0.5-2": 23.809523809523807, "tall_2+": 23.809523809523807 }, "geometry": { "type": "Point", "coordinates": [ 0.08200411447268, 51.665849805704191 ] } },
{ "type": "Feature", "properties": { "max_height": 5.7627487182617188, "mean_height": 1.2628519535064697, "std_height": 1.4547929763793945, "count_pixels": 42, "percent_cover": 0.032718944268731599, "percent_above_0.1m": 71.428571428571431, "low_level_<0.5": 14.285714285714285, "mid_level_0.5-2": 33.333333333333329, "tall_2+": 23.809523809523807 }, "geometry": { "type": "Point", "coordinates": [ 0.082204326482786, 51.665846256405857 ] } },
{ "type": "Feature", "properties": { "max_height": 5.3677520751953125, "mean_height": 1.4590717554092407, "std_height": 1.4565721750259399, "count_pixels": 38, "percent_cover": 0.029602854338376207, "percent_above_0.1m": 81.578947368421055, "low_level_<0.5": 15.789473684210526, "mid_level_0.5-2": 44.736842105263158, "tall_2+": 21.052631578947366 }, "geometry": { "type": "Point", "coordinates": [ 0.082404538451368, 51.665842706766355 ] } },
{ "type": "Feature", "properties": { "max_height": 4.717742919921875, "mean_height": 0.87178623676300049, "std_height": 1.414223313331604, "count_pixels": 42, "percent_cover": 0.032718944268731599, "percent_above_0.1m": 38.095238095238095, "low_level_<0.5": 4.7619047619047619, "mid_level_0.5-2": 9.5238095238095237, "tall_2+": 23.809523809523807 }, "geometry": { "type": "Point", "coordinates": [ 0.082604750378426, 51.665839156785694 ] } },
{ "type": "Feature", "properties": { "max_height": 4.3952560424804688, "mean_height": 0.52140790224075317, "std_height": 0.90192133188247681, "count_pixels": 43, "percent_cover": 0.03349796675132044, "percent_above_0.1m": 46.511627906976742, "low_level_<0.5": 9.3023255813953494, "mid_level_0.5-2": 25.581395348837212, "tall_2+": 6.9767441860465116 }, "geometry": { "type": "Point", "coordinates": [ 0.082804962263958, 51.665835606463865 ] } },
{ "type": "Feature", "properties": { "max_height": 6.5817489624023438, "mean_height": 1.3505426645278931, "std_height": 1.5783467292785645, "count_pixels": 42, "percent_cover": 0.032718944268731599, "percent_above_0.1m": 78.571428571428569, "low_level_<0.5": 14.285714285714285, "mid_level_0.5-2": 40.476190476190474, "tall_2+": 21.428571428571427 }, "geometry": { "type": "Point", "coordinates": [ 0.083005174107957, 51.66583205580087 ] } },
{ "type": "Feature", "properties": { "max_height": 1.326751708984375, "mean_height": 0.19524474442005157, "std_height": 0.32803168892860413, "count_pixels": 42, "percent_cover": 0.032718944268731599, "percent_above_0.1m": 35.714285714285715, "low_level_<0.5": 19.047619047619047, "mid_level_0.5-2": 14.285714285714285, "tall_2+": 0.0 }, "geometry": { "type": "Point", "coordinates": [ 0.083205385910418, 51.665828504796707 ] } },
{ "type": "Feature", "properties": { "max_height": 0.00150299072265625, "mean_height": -1.805003012123052e-05, "std_height": 0.00049465300980955362, "count_pixels": 41, "percent_cover": 0.031939921786142744, "percent_above_0.1m": 0.0, "low_level_<0.5": 0.0, "mid_level_0.5-2": 0.0, "tall_2+": 0.0 }, "geometry": { "type": "Point", "coordinates": [ 0.083405597671336, 51.665824953451398 ] } },
{ "type": "Feature", "properties": { "max_height": 0.04599761962890625, "mean_height": 0.0014824640238657594, "std_height": 0.0071712732315063477, "count_pixels": 42, "percent_cover": 0.032718944268731599, "percent_above_0.1m": 0.0, "low_level_<0.5": 0.0, "mid_level_0.5-2": 0.0, "tall_2+": 0.0 }, "geometry": { "type": "Point", "coordinates": [ 0.083605809390713, 51.665821401764902 ] } },
{ "type": "Feature", "properties": { "max_height": 0.03125, "mean_height": 0.0039761862717568874, "std_height": 0.0083344504237174988, "count_pixels": 42, "percent_cover": 0.032718944268731599, "percent_above_0.1m": 0.0, "low_level_<0.5": 0.0, "mid_level_0.5-2": 0.0, "tall_2+": 0.0 }, "geometry": { "type": "Point", "coordinates": [ 0.083806021068536, 51.66581784973728 ] } },
{ "type": "Feature", "properties": { "max_height": 0.248992919921875, "mean_height": 0.0060239518061280251, "std_height": 0.038074389100074768, "count_pixels": 42, "percent_cover": 0.032718944268731599, "percent_above_0.1m": 2.3809523809523809, "low_level_<0.5": 2.3809523809523809, "mid_level_0.5-2": 0.0, "tall_2+": 0.0 }, "geometry": { "type": "Point", "coordinates": [ 0.084006232704812, 51.665814297368463 ] } },
{ "type": "Feature", "properties": { "max_height": 3.6552505493164062, "mean_height": 0.29205507040023804, "std_height": 0.87964224815368652, "count_pixels": 41, "percent_cover": 0.031939921786142744, "percent_above_0.1m": 12.195121951219512, "low_level_<0.5": 2.4390243902439024, "mid_level_0.5-2": 2.4390243902439024, "tall_2+": 7.3170731707317067 }, "geometry": { "type": "Point", "coordinates": [ 0.084206444299527, 51.665810744658515 ] } },
{ "type": "Feature", "properties": { "max_height": 8.3862457275390625, "mean_height": 1.1833750009536743, "std_height": 1.8880401849746704, "count_pixels": 42, "percent_cover": 0.032718944268731599, "percent_above_0.1m": 61.904761904761905, "low_level_<0.5": 14.285714285714285, "mid_level_0.5-2": 26.190476190476193, "tall_2+": 19.047619047619047 }, "geometry": { "type": "Point", "coordinates": [ 0.084406655852686, 51.665807191607378 ] } },
{ "type": "Feature", "properties": { "max_height": 9.217498779296875, "mean_height": 2.6391539573669434, "std_height": 2.8292667865753174, "count_pixels": 42, "percent_cover": 0.032718944268731599, "percent_above_0.1m": 66.666666666666657, "low_level_<0.5": 7.1428571428571423, "mid_level_0.5-2": 7.1428571428571423, "tall_2+": 52.380952380952387 }, "geometry": { "type": "Point", "coordinates": [ 0.084606867364273, 51.665803638215081 ] } },
{ "type": "Feature", "properties": { "max_height": 7.8010025024414062, "mean_height": 1.6703029870986938, "std_height": 2.0411012172698975, "count_pixels": 43, "percent_cover": 0.03349796675132044, "percent_above_0.1m": 60.465116279069761, "low_level_<0.5": 2.3255813953488373, "mid_level_0.5-2": 23.255813953488371, "tall_2+": 34.883720930232556 }, "geometry": { "type": "Point", "coordinates": [ 0.084807078834299, 51.665800084481631 ] } },
{ "type": "Feature", "properties": { "max_height": 12.527999877929688, "mean_height": 2.7564637660980225, "std_height": 3.7726442813873291, "count_pixels": 42, "percent_cover": 0.032718944268731599, "percent_above_0.1m": 52.380952380952387, "low_level_<0.5": 4.7619047619047619, "mid_level_0.5-2": 7.1428571428571423, "tall_2+": 35.714285714285715 }, "geometry": { "type": "Point", "coordinates": [ 0.085007290262747, 51.665796530407007 ] } },
{ "type": "Feature", "properties": { "max_height": 0.001251220703125, "mean_height": -0.00021061144070699811, "std_height": 0.00056971638696268201, "count_pixels": 38, "percent_cover": 0.029602854338376207, "percent_above_0.1m": 0.0, "low_level_<0.5": 0.0, "mid_level_0.5-2": 0.0, "tall_2+": 0.0 }, "geometry": { "type": "Point", "coordinates": [ 0.085207501649624, 51.665792975991245 ] } },
{ "type": "Feature", "properties": { "max_height": 6.191497802734375, "mean_height": 0.53635770082473755, "std_height": 1.4925875663757324, "count_pixels": 42, "percent_cover": 0.032718944268731599, "percent_above_0.1m": 16.666666666666664, "low_level_<0.5": 4.7619047619047619, "mid_level_0.5-2": 0.0, "tall_2+": 11.904761904761903 }, "geometry": { "type": "Point", "coordinates": [ 0.08540771299491, 51.665789421234315 ] } },
{ "type": "Feature", "properties": { "max_height": 10.044754028320312, "mean_height": 1.4846340417861938, "std_height": 2.9485442638397217, "count_pixels": 43, "percent_cover": 0.03349796675132044, "percent_above_0.1m": 25.581395348837212, "low_level_<0.5": 0.0, "mid_level_0.5-2": 2.3255813953488373, "tall_2+": 23.255813953488371 }, "geometry": { "type": "Point", "coordinates": [ 0.085607924298622, 51.665785866136204 ] } },
{ "type": "Feature", "properties": { "max_height": 5.0904922485351562, "mean_height": 0.86489647626876831, "std_height": 1.0501687526702881, "count_pixels": 41, "percent_cover": 0.031939921786142744, "percent_above_0.1m": 63.414634146341463, "low_level_<0.5": 12.195121951219512, "mid_level_0.5-2": 39.024390243902438, "tall_2+": 12.195121951219512 }, "geometry": { "type": "Point", "coordinates": [ 0.082109163397944, 51.665955858975003 ] } },
{ "type": "Feature", "properties": { "max_height": 3.4029998779296875, "mean_height": 1.4916011095046997, "std_height": 1.1411201953887939, "count_pixels": 42, "percent_cover": 0.032718944268731599, "percent_above_0.1m": 73.80952380952381, "low_level_<0.5": 2.3809523809523809, "mid_level_0.5-2": 33.333333333333329, "tall_2+": 38.095238095238095 }, "geometry": { "type": "Point", "coordinates": [ 0.082309375867885, 51.665952309492695 ] } },
{ "type": "Feature", "properties": { "max_height": 4.3707504272460938, "mean_height": 1.9094592332839966, "std_height": 1.3093376159667969, "count_pixels": 42, "percent_cover": 0.032718944268731599, "percent_above_0.1m": 83.333333333333343, "low_level_<0.5": 4.7619047619047619, "mid_level_0.5-2": 28.571428571428569, "tall_2+": 50.0 }, "geometry": { "type": "Point", "coordinates": [ 0.082509588296298, 51.665948759669213 ] } },
{ "type": "Feature", "properties": { "max_height": 7.4907455444335938, "mean_height": 2.1255300045013428, "std_height": 1.9726977348327637, "count_pixels": 41, "percent_cover": 0.031939921786142744, "percent_above_0.1m": 87.804878048780495, "low_level_<0.5": 2.4390243902439024, "mid_level_0.5-2": 36.585365853658537, "tall_2+": 43.902439024390247 }, "geometry": { "type": "Point", "coordinates": [ 0.082709800683187, 51.665945209504578 ] } },
{ "type": "Feature", "properties": { "max_height": 7.4549942016601562, "mean_height": 1.8754770755767822, "std_height": 1.8722431659698486, "count_pixels": 41, "percent_cover": 0.031939921786142744, "percent_above_0.1m": 78.048780487804876, "low_level_<0.5": 7.3170731707317067, "mid_level_0.5-2": 29.268292682926827, "tall_2+": 39.024390243902438 }, "geometry": { "type": "Point", "coordinates": [ 0.082910013028546, 51.665941658998769 ] } },
{ "type": "Feature", "properties": { "max_height": 3.4042434692382812, "mean_height": 0.4833446741104126, "std_height": 0.88542109727859497, "count_pixels": 42, "percent_cover": 0.032718944268731599, "percent_above_0.1m": 35.714285714285715, "low_level_<0.5": 4.7619047619047619, "mid_level_0.5-2": 21.428571428571427, "tall_2+": 7.1428571428571423 }, "geometry": { "type": "Point", "coordinates": [ 0.083110225332364, 51.665938108151799 ] } },
{ "type": "Feature", "properties": { "max_height": 0.01200103759765625, "mean_height": 0.00079836166696622968, "std_height": 0.0027745761908590794, "count_pixels": 42, "percent_cover": 0.032718944268731599, "percent_above_0.1m": 0.0, "low_level_<0.5": 0.0, "mid_level_0.5-2": 0.0, "tall_2+": 0.0 }, "geometry": { "type": "Point", "coordinates": [ 0.083310437594651, 51.665934556963656 ] } },
{ "type": "Feature", "properties": { "max_height": 3.7170028686523438, "mean_height": 0.38952964544296265, "std_height": 0.83568048477172852, "count_pixels": 42, "percent_cover": 0.032718944268731599, "percent_above_0.1m": 26.190476190476193, "low_level_<0.5": 4.7619047619047619, "mid_level_0.5-2": 11.904761904761903, "tall_2+": 9.5238095238095237 }, "geometry": { "type": "Point", "coordinates": [ 0.083510649815392, 51.665931005434359 ] } },
{ "type": "Feature", "properties": { "max_height": 0.67099761962890625, "mean_height": 0.022006988525390625, "std_height": 0.10190156847238541, "count_pixels": 42, "percent_cover": 0.032718944268731599, "percent_above_0.1m": 2.3809523809523809, "low_level_<0.5": 0.0, "mid_level_0.5-2": 2.3809523809523809, "tall_2+": 0.0 }, "geometry": { "type": "Point", "coordinates": [ 0.08371086199458, 51.665927453563896 ] } },
{ "type": "Feature", "properties": { "max_height": 0.29425048828125, "mean_height": 0.021473333239555359, "std_height": 0.061331920325756073, "count_pixels": 38, "percent_cover": 0.029602854338376207, "percent_above_0.1m": 7.8947368421052628, "low_level_<0.5": 5.2631578947368416, "mid_level_0.5-2": 0.0, "tall_2+": 0.0 }, "geometry": { "type": "Point", "coordinates": [ 0.083911074132221, 51.665923901352279 ] } },
{ "type": "Feature", "properties": { "max_height": 8.82550048828125, "mean_height": 1.0396777391433716, "std_height": 2.1139531135559082, "count_pixels": 42, "percent_cover": 0.032718944268731599, "percent_above_0.1m": 30.952380952380953, "low_level_<0.5": 4.7619047619047619, "mid_level_0.5-2": 4.7619047619047619, "tall_2+": 19.047619047619047 }, "geometry": { "type": "Point", "coordinates": [ 0.084111286228312, 51.665920348799489 ] } },
{ "type": "Feature", "properties": { "max_height": 8.5564956665039062, "mean_height": 1.3849407434463501, "std_height": 2.324347972869873, "count_pixels": 42, "percent_cover": 0.032718944268731599, "percent_above_0.1m": 50.0, "low_level_<0.5": 9.5238095238095237, "mid_level_0.5-2": 19.047619047619047, "tall_2+": 21.428571428571427 }, "geometry": { "type": "Point", "coordinates": [ 0.084311498282836, 51.665916795905531 ] } },
{ "type": "Feature", "properties": { "max_height": 5.5107498168945312, "mean_height": 0.68375653028488159, "std_height": 1.3074147701263428, "count_pixels": 42, "percent_cover": 0.032718944268731599, "percent_above_0.1m": 52.380952380952387, "low_level_<0.5": 11.904761904761903, "mid_level_0.5-2": 28.571428571428569, "tall_2+": 7.1428571428571423 }, "geometry": { "type": "Point", "coordinates": [ 0.0845117102958, 51.66591324267042 ] } },
{ "type": "Feature", "properties": { "max_height": 9.001251220703125, "mean_height": 1.1197872161865234, "std_height": 2.3365409374237061, "count_pixels": 41, "percent_cover": 0.031939921786142744, "percent_above_0.1m": 39.024390243902438, "low_level_<0.5": 4.8780487804878048, "mid_level_0.5-2": 9.7560975609756095, "tall_2+": 19.512195121951219 }, "geometry": { "type": "Point", "coordinates": [ 0.084711922267195, 51.665909689094157 ] } },
{ "type": "Feature", "properties": { "max_height": 10.432502746582031, "mean_height": 3.9190614223480225, "std_height": 3.359180212020874, "count_pixels": 41, "percent_cover": 0.031939921786142744, "percent_above_0.1m": 75.609756097560975, "low_level_<0.5": 0.0, "mid_level_0.5-2": 14.634146341463413, "tall_2+": 60.975609756097562 }, "geometry": { "type": "Point", "coordinates": [ 0.084912134197023, 51.665906135176698 ] } },
{ "type": "Feature", "properties": { "max_height": 10.25, "mean_height": 3.082381010055542, "std_height": 3.4447147846221924, "count_pixels": 42, "percent_cover": 0.032718944268731599, "percent_above_0.1m": 54.761904761904766, "low_level_<0.5": 2.3809523809523809, "mid_level_0.5-2": 4.7619047619047619, "tall_2+": 47.619047619047613 }, "geometry": { "type": "Point", "coordinates": [ 0.085112346085271, 51.665902580918114 ] } },
{ "type": "Feature", "properties": { "max_height": 0.001251220703125, "mean_height": -0.00010081700020236894, "std_height": 0.00062895211158320308, "count_pixels": 42, "percent_cover": 0.032718944268731599, "percent_above_0.1m": 0.0, "low_level_<0.5": 0.0, "mid_level_0.5-2": 0.0, "tall_2+": 0.0 }, "geometry": { "type": "Point", "coordinates": [ 0.085312557931945, 51.66589902631835 ] } },
{ "type": "Feature", "properties": { "max_height": 11.503501892089844, "mean_height": 2.2820119857788086, "std_height": 3.7596418857574463, "count_pixels": 41, "percent_cover": 0.031939921786142744, "percent_above_0.1m": 36.585365853658537, "low_level_<0.5": 2.4390243902439024, "mid_level_0.5-2": 2.4390243902439024, "tall_2+": 31.707317073170731 }, "geometry": { "type": "Point", "coordinates": [ 0.085512769737033, 51.665895471377418 ] } },
{ "type": "Feature", "properties": { "max_height": 6.3235015869140625, "mean_height": 0.37732043862342834, "std_height": 1.219447135925293, "count_pixels": 42, "percent_cover": 0.032718944268731599, "percent_above_0.1m": 21.428571428571427, "low_level_<0.5": 9.5238095238095237, "mid_level_0.5-2": 2.3809523809523809, "tall_2+": 7.1428571428571423 }, "geometry": { "type": "Point", "coordinates": [ 0.082214212824575, 51.666061912144819 ] } },
{ "type": "Feature", "properties": { "max_height": 0.73175048828125, "mean_height": 0.14646731317043304, "std_height": 0.15846261382102966, "count_pixels": 38, "percent_cover": 0.029602854338376207, "percent_above_0.1m": 55.26315789473685, "low_level_<0.5": 34.210526315789473, "mid_level_0.5-2": 2.6315789473684208, "tall_2+": 0.0 }, "geometry": { "type": "Point", "coordinates": [ 0.082414425754351, 51.666058362478537 ] } },
{ "type": "Feature", "properties": { "max_height": 4.5342483520507812, "mean_height": 1.1163332462310791, "std_height": 1.3247902393341064, "count_pixels": 42, "percent_cover": 0.032718944268731599, "percent_above_0.1m": 59.523809523809526, "low_level_<0.5": 9.5238095238095237, "mid_level_0.5-2": 19.047619047619047, "tall_2+": 28.571428571428569 }, "geometry": { "type": "Point", "coordinates": [ 0.0826146386426, 51.666054812471074 ] } },
{ "type": "Feature", "properties": { "max_height": 4.6030044555664062, "mean_height": 0.93250614404678345, "std_height": 1.3086962699890137, "count_pixels": 43, "percent_cover": 0.03349796675132044, "percent_above_0.1m": 58.139534883720934, "low_level_<0.5": 13.953488372093023, "mid_level_0.5-2": 25.581395348837212, "tall_2+": 16.279069767441861 }, "geometry": { "type": "Point", "coordinates": [ 0.082814851489322, 51.666051262122465 ] } },
{ "type": "Feature", "properties": { "max_height": 6.0087509155273438, "mean_height": 1.1926013231277466, "std_height": 1.6515452861785889, "count_pixels": 42, "percent_cover": 0.032718944268731599, "percent_above_0.1m": 59.523809523809526, "low_level_<0.5": 11.904761904761903, "mid_level_0.5-2": 21.428571428571427, "tall_2+": 23.809523809523807 }, "geometry": { "type": "Point", "coordinates": [ 0.083015064294504, 51.666047711432675 ] } },
{ "type": "Feature", "properties": { "max_height": 5.5592498779296875, "mean_height": 0.61061948537826538, "std_height": 1.1871830224990845, "count_pixels": 42, "percent_cover": 0.032718944268731599, "percent_above_0.1m": 45.238095238095241, "low_level_<0.5": 16.666666666666664, "mid_level_0.5-2": 14.285714285714285, "tall_2+": 11.904761904761903 }, "geometry": { "type": "Point", "coordinates": [ 0.083215277058153, 51.666044160401739 ] } },
{ "type": "Feature", "properties": { "max_height": 5.2119979858398438, "mean_height": 0.3710552453994751, "std_height": 0.94129770994186401, "count_pixels": 41, "percent_cover": 0.031939921786142744, "percent_above_0.1m": 24.390243902439025, "low_level_<0.5": 7.3170731707317067, "mid_level_0.5-2": 12.195121951219512, "tall_2+": 4.8780487804878048 }, "geometry": { "type": "Point", "coordinates": [ 0.08341548978026, 51.666040609029622 ] } },
{ "type": "Feature", "properties": { "max_height": 3.8035049438476562, "mean_height": 0.24227450788021088, "std_height": 0.70942163467407227, "count_pixels": 42, "percent_cover": 0.032718944268731599, "percent_above_0.1m": 26.190476190476193, "low_level_<0.5": 14.285714285714285, "mid_level_0.5-2": 2.3809523809523809, "tall_2+": 4.7619047619047619 }, "geometry": { "type": "Point", "coordinates": [ 0.083615702460821, 51.666037057316345 ] } },
{ "type": "Feature", "properties": { "max_height": 3.9200057983398438, "mean_height": 0.16048213839530945, "std_height": 0.64814525842666626, "count_pixels": 42, "percent_cover": 0.032718944268731599, "percent_above_0.1m": 9.5238095238095237, "low_level_<0.5": 2.3809523809523809, "mid_level_0.5-2": 4.7619047619047619, "tall_2+": 2.3809523809523809 }, "geometry": { "type": "Point", "coordinates": [ 0.083815915099833, 51.666033505261886 ] } },
{ "type": "Feature", "properties": { "max_height": 9.7585067749023438, "mean_height": 2.1087977886199951, "std_height": 2.28623366355896, "count_pixels": 42, "percent_cover": 0.032718944268731599, "percent_above_0.1m": 61.904761904761905, "low_level_<0.5": 2.3809523809523809, "mid_level_0.5-2": 14.285714285714285, "tall_2+": 45.238095238095241 }, "geometry": { "type": "Point", "coordinates": [ 0.084016127697291, 51.666029952866289 ] } },
{ "type": "Feature", "properties": { "max_height": 9.1852493286132812, "mean_height": 4.1319994926452637, "std_height": 3.123100757598877, "count_pixels": 41, "percent_cover": 0.031939921786142744, "percent_above_0.1m": 90.243902439024396, "low_level_<0.5": 7.3170731707317067, "mid_level_0.5-2": 14.634146341463413, "tall_2+": 65.853658536585371 }, "geometry": { "type": "Point", "coordinates": [ 0.08421634025319, 51.666026400129525 ] } },
{ "type": "Feature", "properties": { "max_height": 8.0437545776367188, "mean_height": 2.6420178413391113, "std_height": 2.5353267192840576, "count_pixels": 42, "percent_cover": 0.032718944268731599, "percent_above_0.1m": 69.047619047619051, "low_level_<0.5": 7.1428571428571423, "mid_level_0.5-2": 4.7619047619047619, "tall_2+": 57.142857142857139 }, "geometry": { "type": "Point", "coordinates": [ 0.084416552767532, 51.666022847051586 ] } },
{ "type": "Feature", "properties": { "max_height": 0.55750274658203125, "mean_height": 0.044815607368946075, "std_height": 0.10833372920751572, "count_pixels": 42, "percent_cover": 0.032718944268731599, "percent_above_0.1m": 14.285714285714285, "low_level_<0.5": 9.5238095238095237, "mid_level_0.5-2": 2.3809523809523809, "tall_2+": 0.0 }, "geometry": { "type": "Point", "coordinates": [ 0.084616765240303, 51.66601929363248 ] } },
{ "type": "Feature", "properties": { "max_height": 8.1689987182617188, "mean_height": 0.66848772764205933, "std_height": 1.5608431100845337, "count_pixels": 43, "percent_cover": 0.03349796675132044, "percent_above_0.1m": 30.232558139534881, "low_level_<0.5": 0.0, "mid_level_0.5-2": 16.279069767441861, "tall_2+": 11.627906976744185 }, "geometry": { "type": "Point", "coordinates": [ 0.084816977671505, 51.666015739872201 ] } },
{ "type": "Feature", "properties": { "max_height": 10.272499084472656, "mean_height": 0.50735712051391602, "std_height": 1.6723644733428955, "count_pixels": 42, "percent_cover": 0.032718944268731599, "percent_above_0.1m": 30.952380952380953, "low_level_<0.5": 9.5238095238095237, "mid_level_0.5-2": 9.5238095238095237, "tall_2+": 7.1428571428571423 }, "geometry": { "type": "Point", "coordinates": [ 0.085017190061138, 51.666012185770782 ] } },
{ "type": "Feature", "properties": { "max_height": 2.09375, "mean_height": 0.11117774248123169, "std_height": 0.40515822172164917, "count_pixels": 38, "percent_cover": 0.029602854338376207, "percent_above_0.1m": 10.526315789473683, "low_level_<0.5": 5.2631578947368416, "mid_level_0.5-2": 2.6315789473684208, "tall_2+": 2.6315789473684208 }, "geometry": { "type": "Point", "coordinates": [ 0.085217402409192, 51.666008631328197 ] } },
{ "type": "Feature", "properties": { "max_height": 12.699996948242188, "mean_height": 1.1121194362640381, "std_height": 2.8212316036224365, "count_pixels": 42, "percent_cover": 0.032718944268731599, "percent_above_0.1m": 23.809523809523807, "low_level_<0.5": 2.3809523809523809, "mid_level_0.5-2": 2.3809523809523809, "tall_2+": 16.666666666666664 }, "geometry": { "type": "Point", "coordinates": [ 0.085417614715664, 51.66600507654443 ] } },
{ "type": "Feature", "properties": { "max_height": 2.1242523193359375, "mean_height": 0.51806020736694336, "std_height": 0.56946033239364624, "count_pixels": 42, "percent_cover": 0.032718944268731599, "percent_above_0.1m": 61.904761904761905, "low_level_<0.5": 16.666666666666664, "mid_level_0.5-2": 38.095238095238095, "tall_2+": 2.3809523809523809 }, "geometry": { "type": "Point", "coordinates": [ 0.085818039203846, 51.66599796595343 ] } },
{ "type": "Feature", "properties": { "max_height": 12.658256530761719, "mean_height": 3.603607177734375, "std_height": 4.5078210830688477, "count_pixels": 42, "percent_cover": 0.032718944268731599, "percent_above_0.1m": 64.285714285714292, "low_level_<0.5": 7.1428571428571423, "mid_level_0.5-2": 7.1428571428571423, "tall_2+": 45.238095238095241 }, "geometry": { "type": "Point", "coordinates": [ 0.086018251385552, 51.665994410146176 ] } },
{ "type": "Feature", "properties": { "max_height": 1.881500244140625, "mean_height": 0.16561980545520782, "std_height": 0.45821049809455872, "count_pixels": 42, "percent_cover": 0.032718944268731599, "percent_above_0.1m": 16.666666666666664, "low_level_<0.5": 4.7619047619047619, "mid_level_0.5-2": 9.5238095238095237, "tall_2+": 0.0 }, "geometry": { "type": "Point", "coordinates": [ 0.082319262752583, 51.666167965213639 ] } },
{ "type": "Feature", "properties": { "max_height": 0.5892486572265625, "mean_height": 0.11793554574251175, "std_height": 0.17546874284744263, "count_pixels": 42, "percent_cover": 0.032718944268731599, "percent_above_0.1m": 38.095238095238095, "low_level_<0.5": 21.428571428571427, "mid_level_0.5-2": 9.5238095238095237, "tall_2+": 0.0 }, "geometry": { "type": "Point", "coordinates": [ 0.082519476142197, 51.666164415363376 ] } },
{ "type": "Feature", "properties": { "max_height": 4.152252197265625, "mean_height": 1.1923466920852661, "std_height": 1.2856982946395874, "count_pixels": 41, "percent_cover": 0.031939921786142744, "percent_above_0.1m": 60.975609756097562, "low_level_<0.5": 4.8780487804878048, "mid_level_0.5-2": 19.512195121951219, "tall_2+": 31.707317073170731 }, "geometry": { "type": "Point", "coordinates": [ 0.082719689490278, 51.666160865171967 ] } },
{ "type": "Feature", "properties": { "max_height": 4.767242431640625, "mean_height": 0.81401807069778442, "std_height": 1.3015587329864502, "count_pixels": 41, "percent_cover": 0.031939921786142744, "percent_above_0.1m": 53.658536585365859, "low_level_<0.5": 21.951219512195124, "mid_level_0.5-2": 7.3170731707317067, "tall_2+": 19.512195121951219 }, "geometry": { "type": "Point", "coordinates": [ 0.082919902796828, 51.666157314639364 ] } },
{ "type": "Feature", "properties": { "max_height": 6.7272491455078125, "mean_height": 2.2285656929016113, "std_height": 2.0431065559387207, "count_pixels": 42, "percent_cover": 0.032718944268731599, "percent_above_0.1m": 88.095238095238088, "low_level_<0.5": 16.666666666666664, "mid_level_0.5-2": 19.047619047619047, "tall_2+": 47.619047619047613 }, "geometry": { "type": "Point", "coordinates": [ 0.083120116061844, 51.666153763765607 ] } },
{ "type": "Feature", "properties": { "max_height": 3.4887542724609375, "mean_height": 0.2369944304227829, "std_height": 0.63924241065979004, "count_pixels": 42, "percent_cover": 0.032718944268731599, "percent_above_0.1m": 28.571428571428569, "low_level_<0.5": 19.047619047619047, "mid_level_0.5-2": 7.1428571428571423, "tall_2+": 2.3809523809523809 }, "geometry": { "type": "Point", "coordinates": [ 0.083320329285322, 51.666150212550669 ] } },
{ "type": "Feature", "properties": { "max_height": 8.5200042724609375, "mean_height": 1.407143235206604, "std_height": 2.1754894256591797, "count_pixels": 42, "percent_cover": 0.032718944268731599, "percent_above_0.1m": 45.238095238095241, "low_level_<0.5": 2.3809523809523809, "mid_level_0.5-2": 16.666666666666664, "tall_2+": 26.190476190476193 }, "geometry": { "type": "Point", "coordinates": [ 0.083520542467255, 51.666146660994571 ] } },
{ "type": "Feature", "properties": { "max_height": 6.1115036010742188, "mean_height": 0.21657180786132812, "std_height": 0.94292521476745605, "count_pixels": 42, "percent_cover": 0.032718944268731599, "percent_above_0.1m": 14.285714285714285, "low_level_<0.5": 7.1428571428571423, "mid_level_0.5-2": 4.7619047619047619, "tall_2+": 2.3809523809523809 }, "geometry": { "type": "Point", "coordinates": [ 0.083720755607634, 51.666143109097312 ] } },
{ "type": "Feature", "properties": { "max_height": 10.534500122070312, "mean_height": 2.6194865703582764, "std_height": 3.1638646125793457, "count_pixels": 38, "percent_cover": 0.029602854338376207, "percent_above_0.1m": 57.894736842105267, "low_level_<0.5": 5.2631578947368416, "mid_level_0.5-2": 2.6315789473684208, "tall_2+": 50.0 }, "geometry": { "type": "Point", "coordinates": [ 0.083920968706469, 51.666139556858873 ] } },
{ "type": "Feature", "properties": { "max_height": 9.2880020141601562, "mean_height": 4.5378208160400391, "std_height": 3.1490471363067627, "count_pixels": 42, "percent_cover": 0.032718944268731599, "percent_above_0.1m": 83.333333333333343, "low_level_<0.5": 4.7619047619047619, "mid_level_0.5-2": 9.5238095238095237, "tall_2+": 69.047619047619051 }, "geometry": { "type": "Point", "coordinates": [ 0.084121181763743, 51.666136004279309 ] } },
{ "type": "Feature", "properties": { "max_height": 7.6162490844726562, "mean_height": 1.058197021484375, "std_height": 2.1381931304931641, "count_pixels": 42, "percent_cover": 0.032718944268731599, "percent_above_0.1m": 33.333333333333329, "low_level_<0.5": 4.7619047619047619, "mid_level_0.5-2": 9.5238095238095237, "tall_2+": 19.047619047619047 }, "geometry": { "type": "Point", "coordinates": [ 0.08432139477946, 51.666132451358536 ] } },
{ "type": "Feature", "properties": { "max_height": 0.25850677490234375, "mean_height": 0.0077144079841673374, "std_height": 0.040412791073322296, "count_pixels": 42, "percent_cover": 0.032718944268731599, "percent_above_0.1m": 2.3809523809523809, "low_level_<0.5": 2.3809523809523809, "mid_level_0.5-2": 0.0, "tall_2+": 0.0 }, "geometry": { "type": "Point", "coordinates": [ 0.084521607753616, 51.666128898096609 ] } },
{ "type": "Feature", "properties": { "max_height": 1.4557571411132812, "mean_height": 0.11222671717405319, "std_height": 0.29984107613563538, "count_pixels": 41, "percent_cover": 0.031939921786142744, "percent_above_0.1m": 14.634146341463413, "low_level_<0.5": 7.3170731707317067, "mid_level_0.5-2": 7.3170731707317067, "tall_2+": 0.0 }, "geometry": { "type": "Point", "coordinates": [ 0.0847218206862, 51.66612534449353 ] } },
{ "type": "Feature", "properties": { "max_height": 4.63824462890625, "mean_height": 1.6658239364624023, "std_height": 1.6101901531219482, "count_pixels": 41, "percent_cover": 0.031939921786142744, "percent_above_0.1m": 73.170731707317074, "low_level_<0.5": 14.634146341463413, "mid_level_0.5-2": 14.634146341463413, "tall_2+": 41.463414634146339 }, "geometry": { "type": "Point", "coordinates": [ 0.084922033577212, 51.666121790549262 ] } },
{ "type": "Feature", "properties": { "max_height": 3.2215042114257812, "mean_height": 1.3512558937072754, "std_height": 1.127350926399231, "count_pixels": 42, "percent_cover": 0.032718944268731599, "percent_above_0.1m": 80.952380952380949, "low_level_<0.5": 16.666666666666664, "mid_level_0.5-2": 28.571428571428569, "tall_2+": 35.714285714285715 }, "geometry": { "type": "Point", "coordinates": [ 0.085122246426648, 51.666118236263834 ] } },
{ "type": "Feature", "properties": { "max_height": 2.720001220703125, "mean_height": 0.32406580448150635, "std_height": 0.64498144388198853, "count_pixels": 42, "percent_cover": 0.032718944268731599, "percent_above_0.1m": 28.571428571428569, "low_level_<0.5": 9.5238095238095237, "mid_level_0.5-2": 16.666666666666664, "tall_2+": 2.3809523809523809 }, "geometry": { "type": "Point", "coordinates": [ 0.085322459234505, 51.666114681637261 ] } },
{ "type": "Feature", "properties": { "max_height": 1.5660018920898438, "mean_height": 0.24422529339790344, "std_height": 0.44258871674537659, "count_pixels": 41, "percent_cover": 0.031939921786142744, "percent_above_0.1m": 29.268292682926827, "low_level_<0.5": 9.7560975609756095, "mid_level_0.5-2": 19.512195121951219, "tall_2+": 0.0 }, "geometry": { "type": "Point", "coordinates": [ 0.085522672000782, 51.66611112666952 ] } },
{ "type": "Feature", "properties": { "max_height": 5.0695037841796875, "mean_height": 0.48062282800674438, "std_height": 0.99396282434463501, "count_pixels": 41, "percent_cover": 0.031939921786142744, "percent_above_0.1m": 34.146341463414636, "low_level_<0.5": 7.3170731707317067, "mid_level_0.5-2": 19.512195121951219, "tall_2+": 4.8780487804878048 }, "geometry": { "type": "Point", "coordinates": [ 0.085722884725468, 51.666107571360591 ] } },
{ "type": "Feature", "properties": { "max_height": 21.164749145507812, "mean_height": 11.300018310546875, "std_height": 7.8704419136047363, "count_pixels": 42, "percent_cover": 0.032718944268731599, "percent_above_0.1m": 88.095238095238088, "low_level_<0.5": 2.3809523809523809, "mid_level_0.5-2": 9.5238095238095237, "tall_2+": 76.19047619047619 }, "geometry": { "type": "Point", "coordinates": [ 0.085923097408559, 51.666104015710502 ] } },
{ "type": "Feature", "properties": { "max_height": 14.004997253417969, "mean_height": 2.824852466583252, "std_height": 4.5887031555175781, "count_pixels": 42, "percent_cover": 0.032718944268731599, "percent_above_0.1m": 45.238095238095241, "low_level_<0.5": 2.3809523809523809, "mid_level_0.5-2": 11.904761904761903, "tall_2+": 30.952380952380953 }, "geometry": { "type": "Point", "coordinates": [ 0.086123310050062, 51.666100459719274 ] } },
{ "type": "Feature", "properties": { "max_height": 0.0345001220703125, "mean_height": 0.001177938305772841, "std_height": 0.0058284085243940353, "count_pixels": 38, "percent_cover": 0.029602854338376207, "percent_above_0.1m": 0.0, "low_level_<0.5": 0.0, "mid_level_0.5-2": 0.0, "tall_2+": 0.0 }, "geometry": { "type": "Point", "coordinates": [ 0.082424313181965, 51.666274018181461 ] } },
{ "type": "Feature", "properties": { "max_height": 0.350250244140625, "mean_height": 0.033607117831707001, "std_height": 0.080726556479930878, "count_pixels": 42, "percent_cover": 0.032718944268731599, "percent_above_0.1m": 11.904761904761903, "low_level_<0.5": 11.904761904761903, "mid_level_0.5-2": 0.0, "tall_2+": 0.0 }, "geometry": { "type": "Point", "coordinates": [ 0.082624527031416, 51.666270468147239 ] } },
{ "type": "Feature", "properties": { "max_height": 1.0110015869140625, "mean_height": 0.14165620505809784, "std_height": 0.23710194230079651, "count_pixels": 43, "percent_cover": 0.03349796675132044, "percent_above_0.1m": 34.883720930232556, "low_level_<0.5": 16.279069767441861, "mid_level_0.5-2": 11.627906976744185, "tall_2+": 0.0 }, "geometry": { "type": "Point", "coordinates": [ 0.082824740839335, 51.666266917771836 ] } },
{ "type": "Feature", "properties": { "max_height": 2.4912490844726562, "mean_height": 0.40651175379753113, "std_height": 0.59793961048126221, "count_pixels": 42, "percent_cover": 0.032718944268731599, "percent_above_0.1m": 64.285714285714292, "low_level_<0.5": 35.714285714285715, "mid_level_0.5-2": 14.285714285714285, "tall_2+": 7.1428571428571423 }, "geometry": { "type": "Point", "coordinates": [ 0.08302495460572, 51.666263367055258 ] } },
{ "type": "Feature", "properties": { "max_height": 1.5717544555664062, "mean_height": 0.12900015711784363, "std_height": 0.30279010534286499, "count_pixels": 42, "percent_cover": 0.032718944268731599, "percent_above_0.1m": 23.809523809523807, "low_level_<0.5": 14.285714285714285, "mid_level_0.5-2": 4.7619047619047619, "tall_2+": 0.0 }, "geometry": { "type": "Point", "coordinates": [ 0.083225168330569, 51.666259815997499 ] } },
{ "type": "Feature", "properties": { "max_height": 4.1647491455078125, "mean_height": 0.36741378903388977, "std_height": 1.0910713672637939, "count_pixels": 41, "percent_cover": 0.031939921786142744, "percent_above_0.1m": 14.634146341463413, "low_level_<0.5": 4.8780487804878048, "mid_level_0.5-2": 0.0, "tall_2+": 9.7560975609756095 }, "geometry": { "type": "Point", "coordinates": [ 0.083425382013869, 51.666256264598609 ] } },
{ "type": "Feature", "properties": { "max_height": 10.152740478515625, "mean_height": 1.079743504524231, "std_height": 2.1176362037658691, "count_pixels": 42, "percent_cover": 0.032718944268731599, "percent_above_0.1m": 33.333333333333329, "low_level_<0.5": 4.7619047619047619, "mid_level_0.5-2": 7.1428571428571423, "tall_2+": 21.428571428571427 }, "geometry": { "type": "Point", "coordinates": [ 0.083625595655633, 51.666252712858523 ] } },
{ "type": "Feature", "properties": { "max_height": 11.574752807617188, "mean_height": 1.3009226322174072, "std_height": 2.6990888118743896, "count_pixels": 42, "percent_cover": 0.032718944268731599, "percent_above_0.1m": 40.476190476190474, "low_level_<0.5": 11.904761904761903, "mid_level_0.5-2": 14.285714285714285, "tall_2+": 14.285714285714285 }, "geometry": { "type": "Point", "coordinates": [ 0.08382580925584, 51.666249160777298 ] } },
{ "type": "Feature", "properties": { "max_height": 3.779998779296875, "mean_height": 1.0976139307022095, "std_height": 1.0285072326660156, "count_pixels": 42, "percent_cover": 0.032718944268731599, "percent_above_0.1m": 76.19047619047619, "low_level_<0.5": 11.904761904761903, "mid_level_0.5-2": 42.857142857142854, "tall_2+": 19.047619047619047 }, "geometry": { "type": "Point", "coordinates": [ 0.084026022814494, 51.666245608354892 ] } },
{ "type": "Feature", "properties": { "max_height": 1.3217544555664062, "mean_height": 0.13751202821731567, "std_height": 0.33576181530952454, "count_pixels": 41, "percent_cover": 0.031939921786142744, "percent_above_0.1m": 17.073170731707318, "low_level_<0.5": 2.4390243902439024, "mid_level_0.5-2": 14.634146341463413, "tall_2+": 0.0 }, "geometry": { "type": "Point", "coordinates": [ 0.08422623633159, 51.666242055591297 ] } },
{ "type": "Feature", "properties": { "max_height": 0.722747802734375, "mean_height": 0.10585784912109375, "std_height": 0.2195264995098114, "count_pixels": 42, "percent_cover": 0.032718944268731599, "percent_above_0.1m": 21.428571428571427, "low_level_<0.5": 11.904761904761903, "mid_level_0.5-2": 9.5238095238095237, "tall_2+": 0.0 }, "geometry": { "type": "Point", "coordinates": [ 0.084426449807125, 51.666238502486557 ] } },
{ "type": "Feature", "properties": { "max_height": 8.8220062255859375, "mean_height": 1.8657208681106567, "std_height": 2.1262989044189453, "count_pixels": 42, "percent_cover": 0.032718944268731599, "percent_above_0.1m": 69.047619047619051, "low_level_<0.5": 11.904761904761903, "mid_level_0.5-2": 16.666666666666664, "tall_2+": 38.095238095238095 }, "geometry": { "type": "Point", "coordinates": [ 0.084626663241091, 51.666234949040629 ] } },
{ "type": "Feature", "properties": { "max_height": 4.4824981689453125, "mean_height": 3.2223773002624512, "std_height": 1.1285234689712524, "count_pixels": 43, "percent_cover": 0.03349796675132044, "percent_above_0.1m": 95.348837209302332, "low_level_<0.5": 0.0, "mid_level_0.5-2": 9.3023255813953494, "tall_2+": 86.04651162790698 }, "geometry": { "type": "Point", "coordinates": [ 0.084826876633491, 51.666231395253568 ] } },
{ "type": "Feature", "properties": { "max_height": 13.944503784179688, "mean_height": 4.2574892044067383, "std_height": 3.6252267360687256, "count_pixels": 42, "percent_cover": 0.032718944268731599, "percent_above_0.1m": 92.857142857142861, "low_level_<0.5": 0.0, "mid_level_0.5-2": 14.285714285714285, "tall_2+": 73.80952380952381 }, "geometry": { "type": "Point", "coordinates": [ 0.085027089984315, 51.666227841125306 ] } },
{ "type": "Feature", "properties": { "max_height": 5.7229995727539062, "mean_height": 1.1974995136260986, "std_height": 1.3489946126937866, "count_pixels": 38, "percent_cover": 0.029602854338376207, "percent_above_0.1m": 73.68421052631578, "low_level_<0.5": 13.157894736842104, "mid_level_0.5-2": 42.105263157894733, "tall_2+": 18.421052631578945 }, "geometry": { "type": "Point", "coordinates": [ 0.085227303293558, 51.666224286655897 ] } },
{ "type": "Feature", "properties": { "max_height": 5.9865036010742188, "mean_height": 2.8703582286834717, "std_height": 1.4499653577804565, "count_pixels": 42, "percent_cover": 0.032718944268731599, "percent_above_0.1m": 100.0, "low_level_<0.5": 2.3809523809523809, "mid_level_0.5-2": 28.571428571428569, "tall_2+": 69.047619047619051 }, "geometry": { "type": "Point", "coordinates": [ 0.085427516561222, 51.666220731845321 ] } },
{ "type": "Feature", "properties": { "max_height": 5.7807464599609375, "mean_height": 1.0864710807800293, "std_height": 1.7680059671401978, "count_pixels": 43, "percent_cover": 0.03349796675132044, "percent_above_0.1m": 39.534883720930232, "low_level_<0.5": 4.6511627906976747, "mid_level_0.5-2": 9.3023255813953494, "tall_2+": 23.255813953488371 }, "geometry": { "type": "Point", "coordinates": [ 0.085627729787298, 51.666217176693578 ] } },
{ "type": "Feature", "properties": { "max_height": 13.91400146484375, "mean_height": 1.0881500244140625, "std_height": 2.3913290500640869, "count_pixels": 42, "percent_cover": 0.032718944268731599, "percent_above_0.1m": 50.0, "low_level_<0.5": 7.1428571428571423, "mid_level_0.5-2": 30.952380952380953, "tall_2+": 11.904761904761903 }, "geometry": { "type": "Point", "coordinates": [ 0.08582794297179, 51.666213621200662 ] } },
{ "type": "Feature", "properties": { "max_height": 7.493499755859375, "mean_height": 0.58605414628982544, "std_height": 1.6763520240783691, "count_pixels": 42, "percent_cover": 0.032718944268731599, "percent_above_0.1m": 26.190476190476193, "low_level_<0.5": 4.7619047619047619, "mid_level_0.5-2": 7.1428571428571423, "tall_2+": 7.1428571428571423 }, "geometry": { "type": "Point", "coordinates": [ 0.086028156114679, 51.66621006536657 ] } },
{ "type": "Feature", "properties": { "max_height": 1.8862533569335938, "mean_height": 0.56343954801559448, "std_height": 0.6774517297744751, "count_pixels": 41, "percent_cover": 0.031939921786142744, "percent_above_0.1m": 58.536585365853654, "low_level_<0.5": 24.390243902439025, "mid_level_0.5-2": 34.146341463414636, "tall_2+": 0.0 }, "geometry": { "type": "Point", "coordinates": [ 0.086228369215975, 51.666206509191341 ] } },
{ "type": "Feature", "properties": { "max_height": 3.9500045776367188, "mean_height": 0.45136424899101257, "std_height": 0.96124380826950073, "count_pixels": 42, "percent_cover": 0.032718944268731599, "percent_above_0.1m": 28.571428571428569, "low_level_<0.5": 9.5238095238095237, "mid_level_0.5-2": 11.904761904761903, "tall_2+": 7.1428571428571423 }, "geometry": { "type": "Point", "coordinates": [ 0.082529364112725, 51.666380071048323 ] } },
{ "type": "Feature", "properties": { "max_height": 4.076751708984375, "mean_height": 0.56041532754898071, "std_height": 1.0242294073104858, "count_pixels": 41, "percent_cover": 0.031939921786142744, "percent_above_0.1m": 39.024390243902438, "low_level_<0.5": 12.195121951219512, "mid_level_0.5-2": 12.195121951219512, "tall_2+": 14.634146341463413 }, "geometry": { "type": "Point", "coordinates": [ 0.082729578422016, 51.666376520830106 ] } },
{ "type": "Feature", "properties": { "max_height": 6.2334976196289062, "mean_height": 1.1742678880691528, "std_height": 1.7660152912139893, "count_pixels": 41, "percent_cover": 0.031939921786142744, "percent_above_0.1m": 56.09756097560976, "low_level_<0.5": 12.195121951219512, "mid_level_0.5-2": 12.195121951219512, "tall_2+": 26.829268292682929 }, "geometry": { "type": "Point", "coordinates": [ 0.082929792689775, 51.666372970270714 ] } },
{ "type": "Feature", "properties": { "max_height": 8.0185012817382812, "mean_height": 1.5137089490890503, "std_height": 2.1620440483093262, "count_pixels": 42, "percent_cover": 0.032718944268731599, "percent_above_0.1m": 40.476190476190474, "low_level_<0.5": 0.0, "mid_level_0.5-2": 4.7619047619047619, "tall_2+": 35.714285714285715 }, "geometry": { "type": "Point", "coordinates": [ 0.083130006915996, 51.666369419370163 ] } },
{ "type": "Feature", "properties": { "max_height": 10.521499633789062, "mean_height": 4.1667561531066895, "std_height": 2.8620681762695312, "count_pixels": 42, "percent_cover": 0.032718944268731599, "percent_above_0.1m": 85.714285714285708, "low_level_<0.5": 2.3809523809523809, "mid_level_0.5-2": 9.5238095238095237, "tall_2+": 73.80952380952381 }, "geometry": { "type": "Point", "coordinates": [ 0.083330221100677, 51.666365868128445 ] } },
{ "type": "Feature", "properties": { "max_height": 8.4495010375976562, "mean_height": 0.7103569507598877, "std_height": 1.9603296518325806, "count_pixels": 42, "percent_cover": 0.032718944268731599, "percent_above_0.1m": 28.571428571428569, "low_level_<0.5": 2.3809523809523809, "mid_level_0.5-2": 7.1428571428571423, "tall_2+": 11.904761904761903 }, "geometry": { "type": "Point", "coordinates": [ 0.08353043524381, 51.666362316545545 ] } },
{ "type": "Feature", "properties": { "max_height": 1.5954971313476562, "mean_height": 0.4407849907875061, "std_height": 0.54770755767822266, "count_pixels": 42, "percent_cover": 0.032718944268731599, "percent_above_0.1m": 47.619047619047613, "low_level_<0.5": 11.904761904761903, "mid_level_0.5-2": 35.714285714285715, "tall_2+": 0.0 }, "geometry": { "type": "Point", "coordinates": [ 0.083730649345401, 51.666358764621485 ] } },
{ "type": "Feature", "properties": { "max_height": 1.5904922485351562, "mean_height": 0.717079758644104, "std_height": 0.56000423431396484, "count_pixels": 38, "percent_cover": 0.029602854338376207, "percent_above_0.1m": 73.68421052631578, "low_level_<0.5": 7.8947368421052628, "mid_level_0.5-2": 63.157894736842103, "tall_2+": 0.0 }, "geometry": { "type": "Point", "coordinates": [ 0.083930863405431, 51.666355212356265 ] } },
{ "type": "Feature", "properties": { "max_height": 2.9267501831054688, "mean_height": 0.37049466371536255, "std_height": 0.6234932541847229, "count_pixels": 42, "percent_cover": 0.032718944268731599, "percent_above_0.1m": 38.095238095238095, "low_level_<0.5": 7.1428571428571423, "mid_level_0.5-2": 26.190476190476193, "tall_2+": 2.3809523809523809 }, "geometry": { "type": "Point", "coordinates": [ 0.084131077423915, 51.666351659749857 ] } },
{ "type": "Feature", "properties": { "max_height": 2.4164962768554688, "mean_height": 0.82683873176574707, "std_height": 0.81549990177154541, "count_pixels": 42, "percent_cover": 0.032718944268731599, "percent_above_0.1m": 66.666666666666657, "low_level_<0.5": 14.285714285714285, "mid_level_0.5-2": 38.095238095238095, "tall_2+": 14.285714285714285 }, "geometry": { "type": "Point", "coordinates": [ 0.084331291400828, 51.666348106802303 ] } },
{ "type": "Feature", "properties": { "max_height": 7.0289993286132812, "mean_height": 2.323136568069458, "std_height": 1.5428578853607178, "count_pixels": 42, "percent_cover": 0.032718944268731599, "percent_above_0.1m": 97.61904761904762, "low_level_<0.5": 2.3809523809523809, "mid_level_0.5-2": 40.476190476190474, "tall_2+": 52.380952380952387 }, "geometry": { "type": "Point", "coordinates": [ 0.084531505336184, 51.666344553513547 ] } },
{ "type": "Feature", "properties": { "max_height": 3.9894943237304688, "mean_height": 0.80840116739273071, "std_height": 1.017219066619873, "count_pixels": 41, "percent_cover": 0.031939921786142744, "percent_above_0.1m": 56.09756097560976, "low_level_<0.5": 4.8780487804878048, "mid_level_0.5-2": 36.585365853658537, "tall_2+": 12.195121951219512 }, "geometry": { "type": "Point", "coordinates": [ 0.084731719229968, 51.666340999883651 ] } },
{ "type": "Feature", "properties": { "max_height": 15.600746154785156, "mean_height": 5.1996588706970215, "std_height": 5.2468409538269043, "count_pixels": 41, "percent_cover": 0.031939921786142744, "percent_above_0.1m": 75.609756097560975, "low_level_<0.5": 0.0, "mid_level_0.5-2": 17.073170731707318, "tall_2+": 58.536585365853654 }, "geometry": { "type": "Point", "coordinates": [ 0.084931933082183, 51.666337445912575 ] } },
{ "type": "Feature", "properties": { "max_height": 17.082748413085938, "mean_height": 11.88758373260498, "std_height": 2.5015583038330078, "count_pixels": 42, "percent_cover": 0.032718944268731599, "percent_above_0.1m": 100.0, "low_level_<0.5": 0.0, "mid_level_0.5-2": 0.0, "tall_2+": 100.0 }, "geometry": { "type": "Point", "coordinates": [ 0.085132146892815, 51.666333891600345 ] } },
{ "type": "Feature", "properties": { "max_height": 6.0159988403320312, "mean_height": 1.4954344034194946, "std_height": 1.4332036972045898, "count_pixels": 42, "percent_cover": 0.032718944268731599, "percent_above_0.1m": 71.428571428571431, "low_level_<0.5": 2.3809523809523809, "mid_level_0.5-2": 30.952380952380953, "tall_2+": 38.095238095238095 }, "geometry": { "type": "Point", "coordinates": [ 0.085332360661872, 51.66633033694692 ] } },
{ "type": "Feature", "properties": { "max_height": 9.4370040893554688, "mean_height": 3.8783595561981201, "std_height": 2.3907268047332764, "count_pixels": 41, "percent_cover": 0.031939921786142744, "percent_above_0.1m": 92.682926829268297, "low_level_<0.5": 2.4390243902439024, "mid_level_0.5-2": 7.3170731707317067, "tall_2+": 82.926829268292678 }, "geometry": { "type": "Point", "coordinates": [ 0.085532574389341, 51.66632678195235 ] } },
{ "type": "Feature", "properties": { "max_height": 10.524749755859375, "mean_height": 7.859525203704834, "std_height": 2.5897383689880371, "count_pixels": 41, "percent_cover": 0.031939921786142744, "percent_above_0.1m": 100.0, "low_level_<0.5": 0.0, "mid_level_0.5-2": 9.7560975609756095, "tall_2+": 90.243902439024396 }, "geometry": { "type": "Point", "coordinates": [ 0.085732788075227, 51.666323226616626 ] } },
{ "type": "Feature", "properties": { "max_height": 3.5015029907226562, "mean_height": 0.38488116860389709, "std_height": 0.62155252695083618, "count_pixels": 42, "percent_cover": 0.032718944268731599, "percent_above_0.1m": 45.238095238095241, "low_level_<0.5": 4.7619047619047619, "mid_level_0.5-2": 35.714285714285715, "tall_2+": 2.3809523809523809 }, "geometry": { "type": "Point", "coordinates": [ 0.085933001719516, 51.666319670939714 ] } },
{ "type": "Feature", "properties": { "max_height": 1.145751953125, "mean_height": 0.055373962968587875, "std_height": 0.21093524992465973, "count_pixels": 42, "percent_cover": 0.032718944268731599, "percent_above_0.1m": 7.1428571428571423, "low_level_<0.5": 2.3809523809523809, "mid_level_0.5-2": 4.7619047619047619, "tall_2+": 0.0 }, "geometry": { "type": "Point", "coordinates": [ 0.086133215322209, 51.666316114921642 ] } },
{ "type": "Feature", "properties": { "max_height": 3.2132415771484375, "mean_height": 0.25242868065834045, "std_height": 0.77841424942016602, "count_pixels": 42, "percent_cover": 0.032718944268731599, "percent_above_0.1m": 14.285714285714285, "low_level_<0.5": 4.7619047619047619, "mid_level_0.5-2": 2.3809523809523809, "tall_2+": 7.1428571428571423 }, "geometry": { "type": "Point", "coordinates": [ 0.086333428883302, 51.666312558562396 ] } },
{ "type": "Feature", "properties": { "max_height": 7.9172515869140625, "mean_height": 1.1043795347213745, "std_height": 2.0134382247924805, "count_pixels": 42, "percent_cover": 0.032718944268731599, "percent_above_0.1m": 35.714285714285715, "low_level_<0.5": 7.1428571428571423, "mid_level_0.5-2": 4.7619047619047619, "tall_2+": 23.809523809523807 }, "geometry": { "type": "Point", "coordinates": [ 0.082634415544872, 51.666486123814167 ] } },
{ "type": "Feature", "properties": { "max_height": 12.496749877929688, "mean_height": 3.2439413070678711, "std_height": 3.4820115566253662, "count_pixels": 43, "percent_cover": 0.03349796675132044, "percent_above_0.1m": 72.093023255813947, "low_level_<0.5": 6.9767441860465116, "mid_level_0.5-2": 18.604651162790699, "tall_2+": 46.511627906976742 }, "geometry": { "type": "Point", "coordinates": [ 0.082834630314003, 51.666482573411969 ] } },
{ "type": "Feature", "properties": { "max_height": 12.087745666503906, "mean_height": 3.6573872566223145, "std_height": 3.2074980735778809, "count_pixels": 42, "percent_cover": 0.032718944268731599, "percent_above_0.1m": 80.952380952380949, "low_level_<0.5": 0.0, "mid_level_0.5-2": 11.904761904761903, "tall_2+": 66.666666666666657 }, "geometry": { "type": "Point", "coordinates": [ 0.083034845041602, 51.666479022668589 ] } },
{ "type": "Feature", "properties": { "max_height": 4.8485031127929688, "mean_height": 0.4331614077091217, "std_height": 1.2040588855743408, "count_pixels": 42, "percent_cover": 0.032718944268731599, "percent_above_0.1m": 14.285714285714285, "low_level_<0.5": 0.0, "mid_level_0.5-2": 4.7619047619047619, "tall_2+": 9.5238095238095237 }, "geometry": { "type": "Point", "coordinates": [ 0.083235059727661, 51.666475471584057 ] } },
{ "type": "Feature", "properties": { "max_height": 2.0342483520507812, "mean_height": 0.087183885276317596, "std_height": 0.3781188428401947, "count_pixels": 41, "percent_cover": 0.031939921786142744, "percent_above_0.1m": 4.8780487804878048, "low_level_<0.5": 0.0, "mid_level_0.5-2": 2.4390243902439024, "tall_2+": 2.4390243902439024 }, "geometry": { "type": "Point", "coordinates": [ 0.083435274372175, 51.666471920158358 ] } },
{ "type": "Feature", "properties": { "max_height": 0.01850128173828125, "mean_height": 0.001636686734855175, "std_height": 0.0046147997491061687, "count_pixels": 42, "percent_cover": 0.032718944268731599, "percent_above_0.1m": 0.0, "low_level_<0.5": 0.0, "mid_level_0.5-2": 0.0, "tall_2+": 0.0 }, "geometry": { "type": "Point", "coordinates": [ 0.083635488975143, 51.666468368391484 ] } },
{ "type": "Feature", "properties": { "max_height": 1.0787429809570312, "mean_height": 0.071142286062240601, "std_height": 0.22076229751110077, "count_pixels": 42, "percent_cover": 0.032718944268731599, "percent_above_0.1m": 11.904761904761903, "low_level_<0.5": 2.3809523809523809, "mid_level_0.5-2": 7.1428571428571423, "tall_2+": 0.0 }, "geometry": { "type": "Point", "coordinates": [ 0.083835703536561, 51.666464816283437 ] } },
{ "type": "Feature", "properties": { "max_height": 8.0052490234375, "mean_height": 2.2753276824951172, "std_height": 2.4356842041015625, "count_pixels": 42, "percent_cover": 0.032718944268731599, "percent_above_0.1m": 66.666666666666657, "low_level_<0.5": 9.5238095238095237, "mid_level_0.5-2": 9.5238095238095237, "tall_2+": 45.238095238095241 }, "geometry": { "type": "Point", "coordinates": [ 0.084035918056426, 51.666461263834222 ] } },
{ "type": "Feature", "properties": { "max_height": 4.285003662109375, "mean_height": 1.6016644239425659, "std_height": 1.2762823104858398, "count_pixels": 41, "percent_cover": 0.031939921786142744, "percent_above_0.1m": 92.682926829268297, "low_level_<0.5": 19.512195121951219, "mid_level_0.5-2": 41.463414634146339, "tall_2+": 31.707317073170731 }, "geometry": { "type": "Point", "coordinates": [ 0.084236132534726, 51.666457711043819 ] } },
{ "type": "Feature", "properties": { "max_height": 5.23199462890625, "mean_height": 1.4556899070739746, "std_height": 1.6908187866210938, "count_pixels": 42, "percent_cover": 0.032718944268731599, "percent_above_0.1m": 54.761904761904766, "low_level_<0.5": 9.5238095238095237, "mid_level_0.5-2": 4.7619047619047619, "tall_2+": 40.476190476190474 }, "geometry": { "type": "Point", "coordinates": [ 0.084436346971472, 51.666454157912284 ] } },
{ "type": "Feature", "properties": { "max_height": 0.277496337890625, "mean_height": 0.0065356665290892124, "std_height": 0.04231923446059227, "count_pixels": 42, "percent_cover": 0.032718944268731599, "percent_above_0.1m": 2.3809523809523809, "low_level_<0.5": 2.3809523809523809, "mid_level_0.5-2": 0.0, "tall_2+": 0.0 }, "geometry": { "type": "Point", "coordinates": [ 0.084636561366641, 51.666450604439547 ] } },
{ "type": "Feature", "properties": { "max_height": 4.9837493896484375, "mean_height": 0.35015726089477539, "std_height": 1.0395299196243286, "count_pixels": 43, "percent_cover": 0.03349796675132044, "percent_above_0.1m": 18.604651162790699, "low_level_<0.5": 4.6511627906976747, "mid_level_0.5-2": 2.3255813953488373, "tall_2+": 9.3023255813953494 }, "geometry": { "type": "Point", "coordinates": [ 0.084836775720249, 51.666447050625642 ] } },
{ "type": "Feature", "properties": { "max_height": 16.800498962402344, "mean_height": 2.5079343318939209, "std_height": 3.9913220405578613, "count_pixels": 42, "percent_cover": 0.032718944268731599, "percent_above_0.1m": 85.714285714285708, "low_level_<0.5": 16.666666666666664, "mid_level_0.5-2": 42.857142857142854, "tall_2+": 23.809523809523807 }, "geometry": { "type": "Point", "coordinates": [ 0.085036990032274, 51.666443496470592 ] } },
{ "type": "Feature", "properties": { "max_height": 9.6310043334960938, "mean_height": 1.4511847496032715, "std_height": 2.8359396457672119, "count_pixels": 38, "percent_cover": 0.029602854338376207, "percent_above_0.1m": 34.210526315789473, "low_level_<0.5": 2.6315789473684208, "mid_level_0.5-2": 7.8947368421052628, "tall_2+": 21.052631578947366 }, "geometry": { "type": "Point", "coordinates": [ 0.085237204302725, 51.666439941974353 ] } },
{ "type": "Feature", "properties": { "max_height": 3.500244140625, "mean_height": 0.4337921142578125, "std_height": 0.67940068244934082, "count_pixels": 42, "percent_cover": 0.032718944268731599, "percent_above_0.1m": 66.666666666666657, "low_level_<0.5": 35.714285714285715, "mid_level_0.5-2": 19.047619047619047, "tall_2+": 4.7619047619047619 }, "geometry": { "type": "Point", "coordinates": [ 0.085437418531594, 51.666436387136947 ] } },
{ "type": "Feature", "properties": { "max_height": 9.5710067749023438, "mean_height": 3.2037148475646973, "std_height": 3.4391984939575195, "count_pixels": 43, "percent_cover": 0.03349796675132044, "percent_above_0.1m": 74.418604651162795, "low_level_<0.5": 13.953488372093023, "mid_level_0.5-2": 16.279069767441861, "tall_2+": 44.186046511627907 }, "geometry": { "type": "Point", "coordinates": [ 0.08563763271887, 51.666432831958375 ] } },
{ "type": "Feature", "properties": { "max_height": 10.146499633789062, "mean_height": 7.2067909240722656, "std_height": 2.5551142692565918, "count_pixels": 42, "percent_cover": 0.032718944268731599, "percent_above_0.1m": 97.61904761904762, "low_level_<0.5": 0.0, "mid_level_0.5-2": 2.3809523809523809, "tall_2+": 95.238095238095227 }, "geometry": { "type": "Point", "coordinates": [ 0.08583784686456, 51.666429276438649 ] } },
{ "type": "Feature", "properties": { "max_height": 1.4922561645507812, "mean_height": 0.1140420064330101, "std_height": 0.25745007395744324, "count_pixels": 42, "percent_cover": 0.032718944268731599, "percent_above_0.1m": 23.809523809523807, "low_level_<0.5": 16.666666666666664, "mid_level_0.5-2": 4.7619047619047619, "tall_2+": 0.0 }, "geometry": { "type": "Point", "coordinates": [ 0.086038060968658, 51.666425720577756 ] } },
{ "type": "Feature", "properties": { "max_height": 15.892753601074219, "mean_height": 3.4016962051391602, "std_height": 4.9034304618835449, "count_pixels": 41, "percent_cover": 0.031939921786142744, "percent_above_0.1m": 48.780487804878049, "low_level_<0.5": 0.0, "mid_level_0.5-2": 9.7560975609756095, "tall_2+": 36.585365853658537 }, "geometry": { "type": "Point", "coordinates": [ 0.08623827503115, 51.66642216437566 ] } },
{ "type": "Feature", "properties": { "max_height": 12.824249267578125, "mean_height": 3.0406432151794434, "std_height": 3.7069365978240967, "count_pixels": 42, "percent_cover": 0.032718944268731599, "percent_above_0.1m": 71.428571428571431, "low_level_<0.5": 9.5238095238095237, "mid_level_0.5-2": 19.047619047619047, "tall_2+": 42.857142857142854 }, "geometry": { "type": "Point", "coordinates": [ 0.086438489052044, 51.666418607832419 ] } },
{ "type": "Feature", "properties": { "max_height": 6.6028518676757812, "mean_height": 2.0176241397857666, "std_height": 1.798155665397644, "count_pixels": 42, "percent_cover": 0.032718944268731599, "percent_above_0.1m": 78.571428571428569, "low_level_<0.5": 4.7619047619047619, "mid_level_0.5-2": 28.571428571428569, "tall_2+": 45.238095238095241 }, "geometry": { "type": "Point", "coordinates": [ 0.082539252207897, 51.666595726724012 ] } },
{ "type": "Feature", "properties": { "max_height": 3.324005126953125, "mean_height": 0.7431640625, "std_height": 1.199636697769165, "count_pixels": 41, "percent_cover": 0.031939921786142744, "percent_above_0.1m": 46.341463414634148, "low_level_<0.5": 14.634146341463413, "mid_level_0.5-2": 9.7560975609756095, "tall_2+": 17.073170731707318 }, "geometry": { "type": "Point", "coordinates": [ 0.082739467478406, 51.666592176479014 ] } },
{ "type": "Feature", "properties": { "max_height": 3.6865005493164062, "mean_height": 1.9343172311782837, "std_height": 1.6194958686828613, "count_pixels": 41, "percent_cover": 0.031939921786142744, "percent_above_0.1m": 68.292682926829272, "low_level_<0.5": 9.7560975609756095, "mid_level_0.5-2": 2.4390243902439024, "tall_2+": 56.09756097560976 }, "geometry": { "type": "Point", "coordinates": [ 0.082939682707383, 51.666588625892835 ] } },
{ "type": "Feature", "properties": { "max_height": 0.00775146484375, "mean_height": 0.00022016253205947578, "std_height": 0.0014993750955909491, "count_pixels": 42, "percent_cover": 0.032718944268731599, "percent_above_0.1m": 0.0, "low_level_<0.5": 0.0, "mid_level_0.5-2": 0.0, "tall_2+": 0.0 }, "geometry": { "type": "Point", "coordinates": [ 0.083139897894819, 51.666585074965489 ] } },
{ "type": "Feature", "properties": { "max_height": 0.02375030517578125, "mean_height": 0.0011311485432088375, "std_height": 0.0039920639246702194, "count_pixels": 42, "percent_cover": 0.032718944268731599, "percent_above_0.1m": 0.0, "low_level_<0.5": 0.0, "mid_level_0.5-2": 0.0, "tall_2+": 0.0 }, "geometry": { "type": "Point", "coordinates": [ 0.083340113040718, 51.666581523696976 ] } },
{ "type": "Feature", "properties": { "max_height": 3.5727462768554688, "mean_height": 0.22492854297161102, "std_height": 0.78723770380020142, "count_pixels": 42, "percent_cover": 0.032718944268731599, "percent_above_0.1m": 9.5238095238095237, "low_level_<0.5": 0.0, "mid_level_0.5-2": 4.7619047619047619, "tall_2+": 4.7619047619047619 }, "geometry": { "type": "Point", "coordinates": [ 0.083540328145071, 51.666577972087275 ] } },
{ "type": "Feature", "properties": { "max_height": 5.5007553100585938, "mean_height": 0.8229413628578186, "std_height": 1.262818455696106, "count_pixels": 42, "percent_cover": 0.032718944268731599, "percent_above_0.1m": 57.142857142857139, "low_level_<0.5": 23.809523809523807, "mid_level_0.5-2": 19.047619047619047, "tall_2+": 14.285714285714285 }, "geometry": { "type": "Point", "coordinates": [ 0.08374054320787, 51.666574420136421 ] } },
{ "type": "Feature", "properties": { "max_height": 4.5879974365234375, "mean_height": 1.7278553247451782, "std_height": 1.2101284265518188, "count_pixels": 38, "percent_cover": 0.029602854338376207, "percent_above_0.1m": 92.10526315789474, "low_level_<0.5": 5.2631578947368416, "mid_level_0.5-2": 44.736842105263158, "tall_2+": 39.473684210526315 }, "geometry": { "type": "Point", "coordinates": [ 0.083940758229122, 51.666570867844371 ] } },
{ "type": "Feature", "properties": { "max_height": 5.791748046875, "mean_height": 1.6015183925628662, "std_height": 2.0074431896209717, "count_pixels": 42, "percent_cover": 0.032718944268731599, "percent_above_0.1m": 54.761904761904766, "low_level_<0.5": 9.5238095238095237, "mid_level_0.5-2": 7.1428571428571423, "tall_2+": 35.714285714285715 }, "geometry": { "type": "Point", "coordinates": [ 0.084140973208815, 51.666567315211175 ] } },
{ "type": "Feature", "properties": { "max_height": 0.131256103515625, "mean_height": 0.0030595688149333, "std_height": 0.020025912672281265, "count_pixels": 42, "percent_cover": 0.032718944268731599, "percent_above_0.1m": 2.3809523809523809, "low_level_<0.5": 0.0, "mid_level_0.5-2": 0.0, "tall_2+": 0.0 }, "geometry": { "type": "Point", "coordinates": [ 0.084341188146944, 51.666563762236812 ] } },
{ "type": "Feature", "properties": { "max_height": 5.300750732421875, "mean_height": 0.33857163786888123, "std_height": 1.0713639259338379, "count_pixels": 42, "percent_cover": 0.032718944268731599, "percent_above_0.1m": 16.666666666666664, "low_level_<0.5": 4.7619047619047619, "mid_level_0.5-2": 4.7619047619047619, "tall_2+": 7.1428571428571423 }, "geometry": { "type": "Point", "coordinates": [ 0.084541403043511, 51.666560208921254 ] } },
{ "type": "Feature", "properties": { "max_height": 5.5667495727539062, "mean_height": 0.31528064608573914, "std_height": 0.96655553579330444, "count_pixels": 41, "percent_cover": 0.031939921786142744, "percent_above_0.1m": 19.512195121951219, "low_level_<0.5": 4.8780487804878048, "mid_level_0.5-2": 9.7560975609756095, "tall_2+": 4.8780487804878048 }, "geometry": { "type": "Point", "coordinates": [ 0.084741617898509, 51.666556655264536 ] } },
{ "type": "Feature", "properties": { "max_height": 3.5370025634765625, "mean_height": 0.74025630950927734, "std_height": 0.87361490726470947, "count_pixels": 41, "percent_cover": 0.031939921786142744, "percent_above_0.1m": 68.292682926829272, "low_level_<0.5": 21.951219512195124, "mid_level_0.5-2": 31.707317073170731, "tall_2+": 14.634146341463413 }, "geometry": { "type": "Point", "coordinates": [ 0.08494183271193, 51.666553101266665 ] } },
{ "type": "Feature", "properties": { "max_height": 8.90924072265625, "mean_height": 2.8970000743865967, "std_height": 2.1435861587524414, "count_pixels": 42, "percent_cover": 0.032718944268731599, "percent_above_0.1m": 85.714285714285708, "low_level_<0.5": 2.3809523809523809, "mid_level_0.5-2": 14.285714285714285, "tall_2+": 69.047619047619051 }, "geometry": { "type": "Point", "coordinates": [ 0.085142047483778, 51.666549546927584 ] } },
{ "type": "Feature", "properties": { "max_height": 7.36724853515625, "mean_height": 1.8057025671005249, "std_height": 2.4929976463317871, "count_pixels": 42, "percent_cover": 0.032718944268731599, "percent_above_0.1m": 66.666666666666657, "low_level_<0.5": 21.428571428571427, "mid_level_0.5-2": 11.904761904761903, "tall_2+": 28.571428571428569 }, "geometry": { "type": "Point", "coordinates": [ 0.085342262214042, 51.666545992247372 ] } },
{ "type": "Feature", "properties": { "max_height": 2.417755126953125, "mean_height": 0.21867091953754425, "std_height": 0.41174185276031494, "count_pixels": 41, "percent_cover": 0.031939921786142744, "percent_above_0.1m": 41.463414634146339, "low_level_<0.5": 19.512195121951219, "mid_level_0.5-2": 12.195121951219512, "tall_2+": 2.4390243902439024 }, "geometry": { "type": "Point", "coordinates": [ 0.085542476902723, 51.666542437225978 ] } },
{ "type": "Feature", "properties": { "max_height": 7.3140029907226562, "mean_height": 0.85291510820388794, "std_height": 1.7745500802993774, "count_pixels": 41, "percent_cover": 0.031939921786142744, "percent_above_0.1m": 51.219512195121951, "low_level_<0.5": 17.073170731707318, "mid_level_0.5-2": 14.634146341463413, "tall_2+": 12.195121951219512 }, "geometry": { "type": "Point", "coordinates": [ 0.085742691549816, 51.666538881863417 ] } },
{ "type": "Feature", "properties": { "max_height": 1.449005126953125, "mean_height": 0.1309879869222641, "std_height": 0.231744185090065, "count_pixels": 42, "percent_cover": 0.032718944268731599, "percent_above_0.1m": 35.714285714285715, "low_level_<0.5": 19.047619047619047, "mid_level_0.5-2": 2.3809523809523809, "tall_2+": 0.0 }, "geometry": { "type": "Point", "coordinates": [ 0.08594290615531, 51.666535326159661 ] } },
{ "type": "Feature", "properties": { "max_height": 20.089500427246094, "mean_height": 7.240875244140625, "std_height": 6.8472824096679688, "count_pixels": 42, "percent_cover": 0.032718944268731599, "percent_above_0.1m": 78.571428571428569, "low_level_<0.5": 14.285714285714285, "mid_level_0.5-2": 4.7619047619047619, "tall_2+": 59.523809523809526 }, "geometry": { "type": "Point", "coordinates": [ 0.086143120719215, 51.666531770114752 ] } },
{ "type": "Feature", "properties": { "max_height": 19.963249206542969, "mean_height": 10.801928520202637, "std_height": 6.1911473274230957, "count_pixels": 42, "percent_cover": 0.032718944268731599, "percent_above_0.1m": 92.857142857142861, "low_level_<0.5": 0.0, "mid_level_0.5-2": 0.0, "tall_2+": 90.476190476190482 }, "geometry": { "type": "Point", "coordinates": [ 0.086343335241509, 51.666528213728675 ] } },
{ "type": "Feature", "properties": { "max_height": 9.1967544555664062, "mean_height": 2.1597268581390381, "std_height": 2.1137740612030029, "count_pixels": 42, "percent_cover": 0.032718944268731599, "percent_above_0.1m": 83.333333333333343, "low_level_<0.5": 9.5238095238095237, "mid_level_0.5-2": 35.714285714285715, "tall_2+": 38.095238095238095 }, "geometry": { "type": "Point", "coordinates": [ 0.082644304182977, 51.666701779471843 ] } },
{ "type": "Feature", "properties": { "max_height": 6.819000244140625, "mean_height": 1.9506163597106934, "std_height": 1.6496767997741699, "count_pixels": 43, "percent_cover": 0.03349796675132044, "percent_above_0.1m": 67.441860465116278, "low_level_<0.5": 0.0, "mid_level_0.5-2": 13.953488372093023, "tall_2+": 53.488372093023251 }, "geometry": { "type": "Point", "coordinates": [ 0.082844519913333, 51.666698229042865 ] } },
{ "type": "Feature", "properties": { "max_height": 3.39599609375, "mean_height": 2.1079170703887939, "std_height": 1.459429144859314, "count_pixels": 42, "percent_cover": 0.032718944268731599, "percent_above_0.1m": 73.80952380952381, "low_level_<0.5": 2.3809523809523809, "mid_level_0.5-2": 9.5238095238095237, "tall_2+": 61.904761904761905 }, "geometry": { "type": "Point", "coordinates": [ 0.083044735602151, 51.666694678272719 ] } },
{ "type": "Feature", "properties": { "max_height": 0.55025482177734375, "mean_height": 0.0505952388048172, "std_height": 0.12851090729236603, "count_pixels": 42, "percent_cover": 0.032718944268731599, "percent_above_0.1m": 14.285714285714285, "low_level_<0.5": 7.1428571428571423, "mid_level_0.5-2": 4.7619047619047619, "tall_2+": 0.0 }, "geometry": { "type": "Point", "coordinates": [ 0.083244951249433, 51.666691127161371 ] } },
{ "type": "Feature", "properties": { "max_height": 2.5837554931640625, "mean_height": 0.87512260675430298, "std_height": 0.93351578712463379, "count_pixels": 41, "percent_cover": 0.031939921786142744, "percent_above_0.1m": 58.536585365853654, "low_level_<0.5": 4.8780487804878048, "mid_level_0.5-2": 34.146341463414636, "tall_2+": 17.073170731707318 }, "geometry": { "type": "Point", "coordinates": [ 0.083445166855171, 51.666687575708863 ] } },
{ "type": "Feature", "properties": { "max_height": 7.25250244140625, "mean_height": 2.6510124206542969, "std_height": 2.1134517192840576, "count_pixels": 42, "percent_cover": 0.032718944268731599, "percent_above_0.1m": 88.095238095238088, "low_level_<0.5": 4.7619047619047619, "mid_level_0.5-2": 35.714285714285715, "tall_2+": 47.619047619047613 }, "geometry": { "type": "Point", "coordinates": [ 0.083645382419364, 51.666684023915195 ] } },
{ "type": "Feature", "properties": { "max_height": 4.4957504272460938, "mean_height": 1.1474820375442505, "std_height": 1.3943245410919189, "count_pixels": 42, "percent_cover": 0.032718944268731599, "percent_above_0.1m": 57.142857142857139, "low_level_<0.5": 4.7619047619047619, "mid_level_0.5-2": 28.571428571428569, "tall_2+": 21.428571428571427 }, "geometry": { "type": "Point", "coordinates": [ 0.083845597942, 51.666680471780339 ] } },
{ "type": "Feature", "properties": { "max_height": 3.6057510375976562, "mean_height": 0.3483748733997345, "std_height": 1.0422990322113037, "count_pixels": 42, "percent_cover": 0.032718944268731599, "percent_above_0.1m": 14.285714285714285, "low_level_<0.5": 2.3809523809523809, "mid_level_0.5-2": 0.0, "tall_2+": 9.5238095238095237 }, "geometry": { "type": "Point", "coordinates": [ 0.084045813423084, 51.666676919304329 ] } },
{ "type": "Feature", "properties": { "max_height": 4.4617538452148438, "mean_height": 0.44673752784729004, "std_height": 1.2586961984634399, "count_pixels": 41, "percent_cover": 0.031939921786142744, "percent_above_0.1m": 19.512195121951219, "low_level_<0.5": 4.8780487804878048, "mid_level_0.5-2": 2.4390243902439024, "tall_2+": 9.7560975609756095 }, "geometry": { "type": "Point", "coordinates": [ 0.084246028862608, 51.666673366487132 ] } },
{ "type": "Feature", "properties": { "max_height": 5.6527481079101562, "mean_height": 0.28908374905586243, "std_height": 0.96304535865783691, "count_pixels": 42, "percent_cover": 0.032718944268731599, "percent_above_0.1m": 16.666666666666664, "low_level_<0.5": 2.3809523809523809, "mid_level_0.5-2": 4.7619047619047619, "tall_2+": 7.1428571428571423 }, "geometry": { "type": "Point", "coordinates": [ 0.084446244260567, 51.66666981332876 ] } },
{ "type": "Feature", "properties": { "max_height": 7.0697479248046875, "mean_height": 0.43212491273880005, "std_height": 1.2684506177902222, "count_pixels": 42, "percent_cover": 0.032718944268731599, "percent_above_0.1m": 28.571428571428569, "low_level_<0.5": 9.5238095238095237, "mid_level_0.5-2": 7.1428571428571423, "tall_2+": 7.1428571428571423 }, "geometry": { "type": "Point", "coordinates": [ 0.084646459616962, 51.666666259829235 ] } },
{ "type": "Feature", "properties": { "max_height": 12.936752319335938, "mean_height": 4.7743487358093262, "std_height": 4.1806550025939941, "count_pixels": 43, "percent_cover": 0.03349796675132044, "percent_above_0.1m": 88.372093023255815, "low_level_<0.5": 4.6511627906976747, "mid_level_0.5-2": 20.930232558139537, "tall_2+": 62.790697674418603 }, "geometry": { "type": "Point", "coordinates": [ 0.084846674931778, 51.666662705988522 ] } },
{ "type": "Feature", "properties": { "max_height": 2.6357574462890625, "mean_height": 0.40037500858306885, "std_height": 0.55941092967987061, "count_pixels": 42, "percent_cover": 0.032718944268731599, "percent_above_0.1m": 54.761904761904766, "low_level_<0.5": 21.428571428571427, "mid_level_0.5-2": 28.571428571428569, "tall_2+": 2.3809523809523809 }, "geometry": { "type": "Point", "coordinates": [ 0.085046890205026, 51.666659151806641 ] } },
{ "type": "Feature", "properties": { "max_height": 4.2627487182617188, "mean_height": 1.2336314916610718, "std_height": 1.2847422361373901, "count_pixels": 38, "percent_cover": 0.029602854338376207, "percent_above_0.1m": 65.789473684210535, "low_level_<0.5": 15.789473684210526, "mid_level_0.5-2": 13.157894736842104, "tall_2+": 36.84210526315789 }, "geometry": { "type": "Point", "coordinates": [ 0.08524710543669, 51.666655597283572 ] } },
{ "type": "Feature", "properties": { "max_height": 8.7105026245117188, "mean_height": 1.9729585647583008, "std_height": 2.8316941261291504, "count_pixels": 42, "percent_cover": 0.032718944268731599, "percent_above_0.1m": 59.523809523809526, "low_level_<0.5": 19.047619047619047, "mid_level_0.5-2": 7.1428571428571423, "tall_2+": 30.952380952380953 }, "geometry": { "type": "Point", "coordinates": [ 0.085447320626774, 51.666652042419372 ] } },
{ "type": "Feature", "properties": { "max_height": 3.0654983520507812, "mean_height": 0.20655272901058197, "std_height": 0.57627016305923462, "count_pixels": 43, "percent_cover": 0.03349796675132044, "percent_above_0.1m": 25.581395348837212, "low_level_<0.5": 11.627906976744185, "mid_level_0.5-2": 4.6511627906976747, "tall_2+": 2.3255813953488373 }, "geometry": { "type": "Point", "coordinates": [ 0.085647535775269, 51.666648487213955 ] } },
{ "type": "Feature", "properties": { "max_height": 3.587249755859375, "mean_height": 0.65786361694335938, "std_height": 0.89486575126647949, "count_pixels": 42, "percent_cover": 0.032718944268731599, "percent_above_0.1m": 76.19047619047619, "low_level_<0.5": 33.333333333333329, "mid_level_0.5-2": 23.809523809523807, "tall_2+": 11.904761904761903 }, "geometry": { "type": "Point", "coordinates": [ 0.085847750882173, 51.666644931667406 ] } },
{ "type": "Feature", "properties": { "max_height": 18.402008056640625, "mean_height": 4.4935317039489746, "std_height": 6.2577700614929199, "count_pixels": 42, "percent_cover": 0.032718944268731599, "percent_above_0.1m": 64.285714285714292, "low_level_<0.5": 14.285714285714285, "mid_level_0.5-2": 9.5238095238095237, "tall_2+": 38.095238095238095 }, "geometry": { "type": "Point", "coordinates": [ 0.086047965947481, 51.666641375779662 ] } },
{ "type": "Feature", "properties": { "max_height": 15.533248901367188, "mean_height": 6.4990615844726562, "std_height": 4.4145345687866211, "count_pixels": 41, "percent_cover": 0.031939921786142744, "percent_above_0.1m": 92.682926829268297, "low_level_<0.5": 0.0, "mid_level_0.5-2": 7.3170731707317067, "tall_2+": 82.926829268292678 }, "geometry": { "type": "Point", "coordinates": [ 0.082749356659448, 51.666807832118693 ] } },
{ "type": "Feature", "properties": { "max_height": 7.7872467041015625, "mean_height": 2.5130727291107178, "std_height": 1.5899471044540405, "count_pixels": 41, "percent_cover": 0.031939921786142744, "percent_above_0.1m": 87.804878048780495, "low_level_<0.5": 2.4390243902439024, "mid_level_0.5-2": 14.634146341463413, "tall_2+": 70.731707317073173 }, "geometry": { "type": "Point", "coordinates": [ 0.082949572849653, 51.666804281505712 ] } },
{ "type": "Feature", "properties": { "max_height": 3.4977493286132812, "mean_height": 1.3787029981613159, "std_height": 1.1191055774688721, "count_pixels": 42, "percent_cover": 0.032718944268731599, "percent_above_0.1m": 85.714285714285708, "low_level_<0.5": 11.904761904761903, "mid_level_0.5-2": 28.571428571428569, "tall_2+": 38.095238095238095 }, "geometry": { "type": "Point", "coordinates": [ 0.083149788998321, 51.666800730551593 ] } },
{ "type": "Feature", "properties": { "max_height": 6.16900634765625, "mean_height": 1.5137799978256226, "std_height": 1.3366459608078003, "count_pixels": 42, "percent_cover": 0.032718944268731599, "percent_above_0.1m": 95.238095238095227, "low_level_<0.5": 14.285714285714285, "mid_level_0.5-2": 57.142857142857139, "tall_2+": 23.809523809523807 }, "geometry": { "type": "Point", "coordinates": [ 0.083350005105449, 51.666797179256271 ] } },
{ "type": "Feature", "properties": { "max_height": 4.3802490234375, "mean_height": 0.53711903095245361, "std_height": 1.0582036972045898, "count_pixels": 42, "percent_cover": 0.032718944268731599, "percent_above_0.1m": 30.952380952380953, "low_level_<0.5": 2.3809523809523809, "mid_level_0.5-2": 16.666666666666664, "tall_2+": 11.904761904761903 }, "geometry": { "type": "Point", "coordinates": [ 0.083550221171025, 51.666793627619768 ] } },
{ "type": "Feature", "properties": { "max_height": 2.6007461547851562, "mean_height": 0.086428865790367126, "std_height": 0.42101907730102539, "count_pixels": 42, "percent_cover": 0.032718944268731599, "percent_above_0.1m": 4.7619047619047619, "low_level_<0.5": 0.0, "mid_level_0.5-2": 2.3809523809523809, "tall_2+": 2.3809523809523809 }, "geometry": { "type": "Point", "coordinates": [ 0.083750437195058, 51.666790075642112 ] } },
{ "type": "Feature", "properties": { "max_height": 5.7652587890625, "mean_height": 0.39123073220252991, "std_height": 1.1792688369750977, "count_pixels": 38, "percent_cover": 0.029602854338376207, "percent_above_0.1m": 15.789473684210526, "low_level_<0.5": 5.2631578947368416, "mid_level_0.5-2": 2.6315789473684208, "tall_2+": 7.8947368421052628 }, "geometry": { "type": "Point", "coordinates": [ 0.08395065317753, 51.666786523323275 ] } },
{ "type": "Feature", "properties": { "max_height": 5.8264999389648438, "mean_height": 0.3452090322971344, "std_height": 1.0469673871994019, "count_pixels": 42, "percent_cover": 0.032718944268731599, "percent_above_0.1m": 16.666666666666664, "low_level_<0.5": 2.3809523809523809, "mid_level_0.5-2": 7.1428571428571423, "tall_2+": 7.1428571428571423 }, "geometry": { "type": "Point", "coordinates": [ 0.084150869118452, 51.666782970663256 ] } },
{ "type": "Feature", "properties": { "max_height": 0.27574920654296875, "mean_height": 0.031047094613313675, "std_height": 0.077104032039642334, "count_pixels": 42, "percent_cover": 0.032718944268731599, "percent_above_0.1m": 11.904761904761903, "low_level_<0.5": 9.5238095238095237, "mid_level_0.5-2": 0.0, "tall_2+": 0.0 }, "geometry": { "type": "Point", "coordinates": [ 0.084351085017808, 51.666779417662084 ] } },
{ "type": "Feature", "properties": { "max_height": 4.3232498168945312, "mean_height": 0.73971503973007202, "std_height": 1.1535303592681885, "count_pixels": 42, "percent_cover": 0.032718944268731599, "percent_above_0.1m": 61.904761904761905, "low_level_<0.5": 23.809523809523807, "mid_level_0.5-2": 19.047619047619047, "tall_2+": 14.285714285714285 }, "geometry": { "type": "Point", "coordinates": [ 0.084551300875598, 51.666775864319717 ] } },
{ "type": "Feature", "properties": { "max_height": 13.52874755859375, "mean_height": 4.677574634552002, "std_height": 4.8687424659729004, "count_pixels": 41, "percent_cover": 0.031939921786142744, "percent_above_0.1m": 63.414634146341463, "low_level_<0.5": 2.4390243902439024, "mid_level_0.5-2": 9.7560975609756095, "tall_2+": 51.219512195121951 }, "geometry": { "type": "Point", "coordinates": [ 0.084951732466467, 51.666768756611496 ] } },
{ "type": "Feature", "properties": { "max_height": 0.45224761962890625, "mean_height": 0.02196430042386055, "std_height": 0.079572215676307678, "count_pixels": 42, "percent_cover": 0.032718944268731599, "percent_above_0.1m": 4.7619047619047619, "low_level_<0.5": 4.7619047619047619, "mid_level_0.5-2": 0.0, "tall_2+": 0.0 }, "geometry": { "type": "Point", "coordinates": [ 0.085151948199534, 51.666765202245607 ] } },
{ "type": "Feature", "properties": { "max_height": 4.371002197265625, "mean_height": 0.8729705810546875, "std_height": 1.0987173318862915, "count_pixels": 42, "percent_cover": 0.032718944268731599, "percent_above_0.1m": 57.142857142857139, "low_level_<0.5": 7.1428571428571423, "mid_level_0.5-2": 26.190476190476193, "tall_2+": 21.428571428571427 }, "geometry": { "type": "Point", "coordinates": [ 0.085352163891019, 51.666761647538564 ] } },
{ "type": "Feature", "properties": { "max_height": 4.1504974365234375, "mean_height": 0.38332849740982056, "std_height": 0.89001035690307617, "count_pixels": 41, "percent_cover": 0.031939921786142744, "percent_above_0.1m": 36.585365853658537, "low_level_<0.5": 17.073170731707318, "mid_level_0.5-2": 9.7560975609756095, "tall_2+": 7.3170731707317067 }, "geometry": { "type": "Point", "coordinates": [ 0.085552379540925, 51.666758092490326 ] } },
{ "type": "Feature", "properties": { "max_height": 10.857246398925781, "mean_height": 1.5691282749176025, "std_height": 2.3666341304779053, "count_pixels": 41, "percent_cover": 0.031939921786142744, "percent_above_0.1m": 68.292682926829272, "low_level_<0.5": 9.7560975609756095, "mid_level_0.5-2": 34.146341463414636, "tall_2+": 21.951219512195124 }, "geometry": { "type": "Point", "coordinates": [ 0.085752595149228, 51.66675453710095 ] } },
{ "type": "Feature", "properties": { "max_height": 10.639495849609375, "mean_height": 2.2657966613769531, "std_height": 2.4968698024749756, "count_pixels": 43, "percent_cover": 0.03349796675132044, "percent_above_0.1m": 79.069767441860463, "low_level_<0.5": 6.9767441860465116, "mid_level_0.5-2": 25.581395348837212, "tall_2+": 41.860465116279073 }, "geometry": { "type": "Point", "coordinates": [ 0.082854409637321, 51.666913884664531 ] } },
{ "type": "Feature", "properties": { "max_height": 4.5374984741210938, "mean_height": 1.412589430809021, "std_height": 1.2971068620681763, "count_pixels": 42, "percent_cover": 0.032718944268731599, "percent_above_0.1m": 76.19047619047619, "low_level_<0.5": 4.7619047619047619, "mid_level_0.5-2": 28.571428571428569, "tall_2+": 38.095238095238095 }, "geometry": { "type": "Point", "coordinates": [ 0.083054626287373, 51.666910333867584 ] } },
{ "type": "Feature", "properties": { "max_height": 3.9112548828125, "mean_height": 0.39082100987434387, "std_height": 0.80738401412963867, "count_pixels": 42, "percent_cover": 0.032718944268731599, "percent_above_0.1m": 28.571428571428569, "low_level_<0.5": 4.7619047619047619, "mid_level_0.5-2": 16.666666666666664, "tall_2+": 7.1428571428571423 }, "geometry": { "type": "Point", "coordinates": [ 0.083254842895891, 51.666906782729441 ] } },
{ "type": "Feature", "properties": { "max_height": 4.2504959106445312, "mean_height": 0.40029871463775635, "std_height": 0.95540165901184082, "count_pixels": 41, "percent_cover": 0.031939921786142744, "percent_above_0.1m": 21.951219512195124, "low_level_<0.5": 4.8780487804878048, "mid_level_0.5-2": 7.3170731707317067, "tall_2+": 9.7560975609756095 }, "geometry": { "type": "Point", "coordinates": [ 0.083455059462862, 51.666903231250139 ] } },
{ "type": "Feature", "properties": { "max_height": 6.2677536010742188, "mean_height": 0.4319595992565155, "std_height": 1.2445818185806274, "count_pixels": 42, "percent_cover": 0.032718944268731599, "percent_above_0.1m": 26.190476190476193, "low_level_<0.5": 4.7619047619047619, "mid_level_0.5-2": 7.1428571428571423, "tall_2+": 7.1428571428571423 }, "geometry": { "type": "Point", "coordinates": [ 0.083655275988288, 51.666899679429676 ] } },
{ "type": "Feature", "properties": { "max_height": 0.00099945068359375, "mean_height": 9.5185780082829297e-05, "std_height": 0.00035285527701489627, "count_pixels": 42, "percent_cover": 0.032718944268731599, "percent_above_0.1m": 0.0, "low_level_<0.5": 0.0, "mid_level_0.5-2": 0.0, "tall_2+": 0.0 }, "geometry": { "type": "Point", "coordinates": [ 0.08385549247216, 51.666896127268032 ] } },
{ "type": "Feature", "properties": { "max_height": 0.3535003662109375, "mean_height": 0.032642729580402374, "std_height": 0.084456212818622589, "count_pixels": 42, "percent_cover": 0.032718944268731599, "percent_above_0.1m": 14.285714285714285, "low_level_<0.5": 9.5238095238095237, "mid_level_0.5-2": 0.0, "tall_2+": 0.0 }, "geometry": { "type": "Point", "coordinates": [ 0.084055708914474, 51.6668925747652 ] } },
{ "type": "Feature", "properties": { "max_height": 2.3342514038085938, "mean_height": 0.55212795734405518, "std_height": 0.74691677093505859, "count_pixels": 41, "percent_cover": 0.031939921786142744, "percent_above_0.1m": 53.658536585365859, "low_level_<0.5": 17.073170731707318, "mid_level_0.5-2": 26.829268292682929, "tall_2+": 7.3170731707317067 }, "geometry": { "type": "Point", "coordinates": [ 0.08425592531523, 51.666889021921186 ] } },
{ "type": "Feature", "properties": { "max_height": 6.756500244140625, "mean_height": 1.7944110631942749, "std_height": 1.6520559787750244, "count_pixels": 42, "percent_cover": 0.032718944268731599, "percent_above_0.1m": 83.333333333333343, "low_level_<0.5": 9.5238095238095237, "mid_level_0.5-2": 38.095238095238095, "tall_2+": 33.333333333333329 }, "geometry": { "type": "Point", "coordinates": [ 0.084456141674417, 51.66688546873602 ] } },
{ "type": "Feature", "properties": { "max_height": 3.9397506713867188, "mean_height": 1.6136739253997803, "std_height": 1.0993173122406006, "count_pixels": 43, "percent_cover": 0.03349796675132044, "percent_above_0.1m": 86.04651162790698, "low_level_<0.5": 0.0, "mid_level_0.5-2": 44.186046511627907, "tall_2+": 39.534883720930232 }, "geometry": { "type": "Point", "coordinates": [ 0.084856574268093, 51.666878361342143 ] } },
{ "type": "Feature", "properties": { "max_height": 2.639251708984375, "mean_height": 0.20080892741680145, "std_height": 0.4832327663898468, "count_pixels": 42, "percent_cover": 0.032718944268731599, "percent_above_0.1m": 26.190476190476193, "low_level_<0.5": 11.904761904761903, "mid_level_0.5-2": 9.5238095238095237, "tall_2+": 2.3809523809523809 }, "geometry": { "type": "Point", "coordinates": [ 0.085056790502567, 51.666874807133446 ] } },
{ "type": "Feature", "properties": { "max_height": 8.7325057983398438, "mean_height": 0.61103278398513794, "std_height": 1.8210750818252563, "count_pixels": 38, "percent_cover": 0.029602854338376207, "percent_above_0.1m": 21.052631578947366, "low_level_<0.5": 2.6315789473684208, "mid_level_0.5-2": 10.526315789473683, "tall_2+": 7.8947368421052628 }, "geometry": { "type": "Point", "coordinates": [ 0.085257006695461, 51.666871252583576 ] } },
{ "type": "Feature", "properties": { "max_height": 16.729751586914062, "mean_height": 6.7877922058105469, "std_height": 5.9147381782531738, "count_pixels": 42, "percent_cover": 0.032718944268731599, "percent_above_0.1m": 88.095238095238088, "low_level_<0.5": 9.5238095238095237, "mid_level_0.5-2": 7.1428571428571423, "tall_2+": 71.428571428571431 }, "geometry": { "type": "Point", "coordinates": [ 0.085457222846771, 51.666867697692517 ] } },
{ "type": "Feature", "properties": { "max_height": 13.811248779296875, "mean_height": 6.4982442855834961, "std_height": 4.3677926063537598, "count_pixels": 41, "percent_cover": 0.031939921786142744, "percent_above_0.1m": 95.121951219512198, "low_level_<0.5": 2.4390243902439024, "mid_level_0.5-2": 19.512195121951219, "tall_2+": 73.170731707317074 }, "geometry": { "type": "Point", "coordinates": [ 0.082959463116592, 51.667019937109359 ] } },
{ "type": "Feature", "properties": { "max_height": 10.435249328613281, "mean_height": 4.9582438468933105, "std_height": 3.5706357955932617, "count_pixels": 42, "percent_cover": 0.032718944268731599, "percent_above_0.1m": 83.333333333333343, "low_level_<0.5": 7.1428571428571423, "mid_level_0.5-2": 4.7619047619047619, "tall_2+": 71.428571428571431 }, "geometry": { "type": "Point", "coordinates": [ 0.083159680226499, 51.667016386128445 ] } },
{ "type": "Feature", "properties": { "max_height": 6.44549560546875, "mean_height": 0.68767839670181274, "std_height": 1.586714506149292, "count_pixels": 42, "percent_cover": 0.032718944268731599, "percent_above_0.1m": 30.952380952380953, "low_level_<0.5": 7.1428571428571423, "mid_level_0.5-2": 11.904761904761903, "tall_2+": 11.904761904761903 }, "geometry": { "type": "Point", "coordinates": [ 0.083359897294866, 51.667012834806329 ] } },
{ "type": "Feature", "properties": { "max_height": 4.4589996337890625, "mean_height": 0.38536906242370605, "std_height": 1.0886802673339844, "count_pixels": 42, "percent_cover": 0.032718944268731599, "percent_above_0.1m": 21.428571428571427, "low_level_<0.5": 7.1428571428571423, "mid_level_0.5-2": 2.3809523809523809, "tall_2+": 9.5238095238095237 }, "geometry": { "type": "Point", "coordinates": [ 0.083560114321689, 51.667009283143031 ] } },
{ "type": "Feature", "properties": { "max_height": 2.4485015869140625, "mean_height": 0.1504756361246109, "std_height": 0.44092315435409546, "count_pixels": 42, "percent_cover": 0.032718944268731599, "percent_above_0.1m": 19.047619047619047, "low_level_<0.5": 4.7619047619047619, "mid_level_0.5-2": 7.1428571428571423, "tall_2+": 2.3809523809523809 }, "geometry": { "type": "Point", "coordinates": [ 0.083760331306954, 51.667005731138566 ] } },
{ "type": "Feature", "properties": { "max_height": 3.5879974365234375, "mean_height": 0.47050014138221741, "std_height": 0.83927208185195923, "count_pixels": 38, "percent_cover": 0.029602854338376207, "percent_above_0.1m": 55.26315789473685, "low_level_<0.5": 26.315789473684209, "mid_level_0.5-2": 15.789473684210526, "tall_2+": 7.8947368421052628 }, "geometry": { "type": "Point", "coordinates": [ 0.083960548250671, 51.667002178792934 ] } },
{ "type": "Feature", "properties": { "max_height": 3.7467498779296875, "mean_height": 0.90493482351303101, "std_height": 1.008915901184082, "count_pixels": 42, "percent_cover": 0.032718944268731599, "percent_above_0.1m": 73.80952380952381, "low_level_<0.5": 21.428571428571427, "mid_level_0.5-2": 30.952380952380953, "tall_2+": 16.666666666666664 }, "geometry": { "type": "Point", "coordinates": [ 0.084160765152827, 51.666998626106114 ] } },
{ "type": "Feature", "properties": { "max_height": 5.2129974365234375, "mean_height": 1.8501958847045898, "std_height": 1.766912579536438, "count_pixels": 42, "percent_cover": 0.032718944268731599, "percent_above_0.1m": 73.80952380952381, "low_level_<0.5": 7.1428571428571423, "mid_level_0.5-2": 16.666666666666664, "tall_2+": 45.238095238095241 }, "geometry": { "type": "Point", "coordinates": [ 0.084561198832447, 51.666991519708951 ] } },
{ "type": "Feature", "properties": { "max_height": 4.6787490844726562, "mean_height": 1.5329636335372925, "std_height": 1.2554229497909546, "count_pixels": 41, "percent_cover": 0.031939921786142744, "percent_above_0.1m": 85.365853658536579, "low_level_<0.5": 12.195121951219512, "mid_level_0.5-2": 34.146341463414636, "tall_2+": 34.146341463414636 }, "geometry": { "type": "Point", "coordinates": [ 0.084761415609903, 51.666987965998601 ] } },
{ "type": "Feature", "properties": { "max_height": 15.302001953125, "mean_height": 7.2945847511291504, "std_height": 5.7274537086486816, "count_pixels": 42, "percent_cover": 0.032718944268731599, "percent_above_0.1m": 80.952380952380949, "low_level_<0.5": 0.0, "mid_level_0.5-2": 9.5238095238095237, "tall_2+": 71.428571428571431 }, "geometry": { "type": "Point", "coordinates": [ 0.08516184904009, 51.666980857554378 ] } },
{ "type": "Feature", "properties": { "max_height": 12.625, "mean_height": 8.4013395309448242, "std_height": 2.875964879989624, "count_pixels": 42, "percent_cover": 0.032718944268731599, "percent_above_0.1m": 100.0, "low_level_<0.5": 0.0, "mid_level_0.5-2": 2.3809523809523809, "tall_2+": 97.61904761904762 }, "geometry": { "type": "Point", "coordinates": [ 0.083064517099741, 51.667125989451634 ] } },
{ "type": "Feature", "properties": { "max_height": 2.8429946899414062, "mean_height": 0.54158943891525269, "std_height": 0.773781418800354, "count_pixels": 42, "percent_cover": 0.032718944268731599, "percent_above_0.1m": 54.761904761904766, "low_level_<0.5": 21.428571428571427, "mid_level_0.5-2": 21.428571428571427, "tall_2+": 9.5238095238095237 }, "geometry": { "type": "Point", "coordinates": [ 0.083264734669137, 51.667122438286874 ] } },
{ "type": "Feature", "properties": { "max_height": 0.3874969482421875, "mean_height": 0.011152314022183418, "std_height": 0.060322161763906479, "count_pixels": 41, "percent_cover": 0.031939921786142744, "percent_above_0.1m": 2.4390243902439024, "low_level_<0.5": 2.4390243902439024, "mid_level_0.5-2": 0.0, "tall_2+": 0.0 }, "geometry": { "type": "Point", "coordinates": [ 0.083464952197015, 51.667118886780962 ] } },
{ "type": "Feature", "properties": { "max_height": 2.6124954223632812, "mean_height": 0.42185702919960022, "std_height": 0.73941439390182495, "count_pixels": 42, "percent_cover": 0.032718944268731599, "percent_above_0.1m": 33.333333333333329, "low_level_<0.5": 7.1428571428571423, "mid_level_0.5-2": 19.047619047619047, "tall_2+": 7.1428571428571423 }, "geometry": { "type": "Point", "coordinates": [ 0.083665169683359, 51.667115334933847 ] } },
{ "type": "Feature", "properties": { "max_height": 2.282501220703125, "mean_height": 0.37690481543540955, "std_height": 0.58458143472671509, "count_pixels": 42, "percent_cover": 0.032718944268731599, "percent_above_0.1m": 42.857142857142854, "low_level_<0.5": 14.285714285714285, "mid_level_0.5-2": 23.809523809523807, "tall_2+": 2.3809523809523809 }, "geometry": { "type": "Point", "coordinates": [ 0.083865387128184, 51.667111782745565 ] } },
{ "type": "Feature", "properties": { "max_height": 0.0005035400390625, "mean_height": -0.00011244274355703965, "std_height": 0.00042271666461601853, "count_pixels": 42, "percent_cover": 0.032718944268731599, "percent_above_0.1m": 0.0, "low_level_<0.5": 0.0, "mid_level_0.5-2": 0.0, "tall_2+": 0.0 }, "geometry": { "type": "Point", "coordinates": [ 0.084466039213438, 51.667101124133652 ] } },
{ "type": "Feature", "properties": { "max_height": 3.645751953125, "mean_height": 0.58452987670898438, "std_height": 0.93733674287796021, "count_pixels": 42, "percent_cover": 0.032718944268731599, "percent_above_0.1m": 38.095238095238095, "low_level_<0.5": 4.7619047619047619, "mid_level_0.5-2": 23.809523809523807, "tall_2+": 9.5238095238095237 }, "geometry": { "type": "Point", "coordinates": [ 0.084666256492106, 51.667097570580665 ] } },
{ "type": "Feature", "properties": { "max_height": 14.79949951171875, "mean_height": 4.3999300003051758, "std_height": 3.5909473896026611, "count_pixels": 43, "percent_cover": 0.03349796675132044, "percent_above_0.1m": 100.0, "low_level_<0.5": 6.9767441860465116, "mid_level_0.5-2": 18.604651162790699, "tall_2+": 72.093023255813947 }, "geometry": { "type": "Point", "coordinates": [ 0.084866473729223, 51.667094016686477 ] } },
{ "type": "Feature", "properties": { "max_height": 16.647750854492188, "mean_height": 7.1322641372680664, "std_height": 4.5638365745544434, "count_pixels": 42, "percent_cover": 0.032718944268731599, "percent_above_0.1m": 100.0, "low_level_<0.5": 2.3809523809523809, "mid_level_0.5-2": 9.5238095238095237, "tall_2+": 88.095238095238088 }, "geometry": { "type": "Point", "coordinates": [ 0.083169571670357, 51.667232041682716 ] } },
{ "type": "Feature", "properties": { "max_height": 6.6464996337890625, "mean_height": 1.0751186609268188, "std_height": 1.4808443784713745, "count_pixels": 42, "percent_cover": 0.032718944268731599, "percent_above_0.1m": 59.523809523809526, "low_level_<0.5": 7.1428571428571423, "mid_level_0.5-2": 33.333333333333329, "tall_2+": 16.666666666666664 }, "geometry": { "type": "Point", "coordinates": [ 0.083369789691455, 51.667228490334374 ] } },
{ "type": "Feature", "properties": { "max_height": 3.0885009765625, "mean_height": 0.76093548536300659, "std_height": 1.1052607297897339, "count_pixels": 42, "percent_cover": 0.032718944268731599, "percent_above_0.1m": 40.476190476190474, "low_level_<0.5": 7.1428571428571423, "mid_level_0.5-2": 9.5238095238095237, "tall_2+": 21.428571428571427 }, "geometry": { "type": "Point", "coordinates": [ 0.08357000767142, 51.667224938644893 ] } },
{ "type": "Feature", "properties": { "max_height": 4.31500244140625, "mean_height": 1.7096016407012939, "std_height": 1.2455564737319946, "count_pixels": 42, "percent_cover": 0.032718944268731599, "percent_above_0.1m": 90.476190476190482, "low_level_<0.5": 9.5238095238095237, "mid_level_0.5-2": 35.714285714285715, "tall_2+": 40.476190476190474 }, "geometry": { "type": "Point", "coordinates": [ 0.083770225610252, 51.667221386614187 ] } },
{ "type": "Feature", "properties": { "max_height": 4.355255126953125, "mean_height": 0.35340198874473572, "std_height": 0.94889837503433228, "count_pixels": 38, "percent_cover": 0.029602854338376207, "percent_above_0.1m": 28.947368421052634, "low_level_<0.5": 10.526315789473683, "mid_level_0.5-2": 5.2631578947368416, "tall_2+": 7.8947368421052628 }, "geometry": { "type": "Point", "coordinates": [ 0.083970443507944, 51.667217834242315 ] } },
{ "type": "Feature", "properties": { "max_height": 14.91650390625, "mean_height": 3.9902932643890381, "std_height": 5.3743453025817871, "count_pixels": 42, "percent_cover": 0.032718944268731599, "percent_above_0.1m": 47.619047619047613, "low_level_<0.5": 2.3809523809523809, "mid_level_0.5-2": 9.5238095238095237, "tall_2+": 35.714285714285715 }, "geometry": { "type": "Point", "coordinates": [ 0.084170661364497, 51.66721428152924 ] } },
{ "type": "Feature", "properties": { "max_height": 7.5095062255859375, "mean_height": 0.4863688051700592, "std_height": 1.4522895812988281, "count_pixels": 42, "percent_cover": 0.032718944268731599, "percent_above_0.1m": 16.666666666666664, "low_level_<0.5": 4.7619047619047619, "mid_level_0.5-2": 2.3809523809523809, "tall_2+": 9.5238095238095237 }, "geometry": { "type": "Point", "coordinates": [ 0.084370879179902, 51.667210728474984 ] } },
{ "type": "Feature", "properties": { "max_height": 8.7789993286132812, "mean_height": 0.68648874759674072, "std_height": 1.7992925643920898, "count_pixels": 42, "percent_cover": 0.032718944268731599, "percent_above_0.1m": 19.047619047619047, "low_level_<0.5": 0.0, "mid_level_0.5-2": 7.1428571428571423, "tall_2+": 11.904761904761903 }, "geometry": { "type": "Point", "coordinates": [ 0.084571096954161, 51.667207175079554 ] } },
{ "type": "Feature", "properties": { "max_height": 13.224250793457031, "mean_height": 3.2943916320800781, "std_height": 3.6999733448028564, "count_pixels": 41, "percent_cover": 0.031939921786142744, "percent_above_0.1m": 73.170731707317074, "low_level_<0.5": 14.634146341463413, "mid_level_0.5-2": 4.8780487804878048, "tall_2+": 53.658536585365859 }, "geometry": { "type": "Point", "coordinates": [ 0.084771314687263, 51.667203621342921 ] } },
{ "type": "Feature", "properties": { "max_height": 19.28924560546875, "mean_height": 13.576915740966797, "std_height": 3.682077169418335, "count_pixels": 42, "percent_cover": 0.032718944268731599, "percent_above_0.1m": 100.0, "low_level_<0.5": 0.0, "mid_level_0.5-2": 0.0, "tall_2+": 100.0 }, "geometry": { "type": "Point", "coordinates": [ 0.083274626791185, 51.667338093804581 ] } },
{ "type": "Feature", "properties": { "max_height": 17.355010986328125, "mean_height": 7.3636713027954102, "std_height": 4.8795385360717773, "count_pixels": 41, "percent_cover": 0.031939921786142744, "percent_above_0.1m": 92.682926829268297, "low_level_<0.5": 2.4390243902439024, "mid_level_0.5-2": 4.8780487804878048, "tall_2+": 85.365853658536579 }, "geometry": { "type": "Point", "coordinates": [ 0.083474845265424, 51.667334542272563 ] } },
{ "type": "Feature", "properties": { "max_height": 6.3245010375976562, "mean_height": 3.3572561740875244, "std_height": 1.7135943174362183, "count_pixels": 42, "percent_cover": 0.032718944268731599, "percent_above_0.1m": 92.857142857142861, "low_level_<0.5": 0.0, "mid_level_0.5-2": 14.285714285714285, "tall_2+": 78.571428571428569 }, "geometry": { "type": "Point", "coordinates": [ 0.083675063698554, 51.667330990399371 ] } },
{ "type": "Feature", "properties": { "max_height": 4.114501953125, "mean_height": 0.85038667917251587, "std_height": 1.267197847366333, "count_pixels": 42, "percent_cover": 0.032718944268731599, "percent_above_0.1m": 47.619047619047613, "low_level_<0.5": 9.5238095238095237, "mid_level_0.5-2": 16.666666666666664, "tall_2+": 19.047619047619047 }, "geometry": { "type": "Point", "coordinates": [ 0.083875282090574, 51.667327438184984 ] } },
{ "type": "Feature", "properties": { "max_height": 2.1559982299804688, "mean_height": 0.094619020819664001, "std_height": 0.35625866055488586, "count_pixels": 42, "percent_cover": 0.032718944268731599, "percent_above_0.1m": 11.904761904761903, "low_level_<0.5": 2.3809523809523809, "mid_level_0.5-2": 4.7619047619047619, "tall_2+": 2.3809523809523809 }, "geometry": { "type": "Point", "coordinates": [ 0.084075500441479, 51.667323885629408 ] } },
{ "type": "Feature", "properties": { "max_height": 0.001007080078125, "mean_height": -0.0001643111027078703, "std_height": 0.00080720311962068081, "count_pixels": 41, "percent_cover": 0.031939921786142744, "percent_above_0.1m": 0.0, "low_level_<0.5": 0.0, "mid_level_0.5-2": 0.0, "tall_2+": 0.0 }, "geometry": { "type": "Point", "coordinates": [ 0.084275718751262, 51.667320332732629 ] } },
{ "type": "Feature", "properties": { "max_height": 13.680252075195312, "mean_height": 5.8178396224975586, "std_height": 5.3319892883300781, "count_pixels": 42, "percent_cover": 0.032718944268731599, "percent_above_0.1m": 64.285714285714292, "low_level_<0.5": 0.0, "mid_level_0.5-2": 2.3809523809523809, "tall_2+": 61.904761904761905 }, "geometry": { "type": "Point", "coordinates": [ 0.084475937019924, 51.667316779494676 ] } },
{ "type": "Feature", "properties": { "max_height": 17.199501037597656, "mean_height": 7.2543220520019531, "std_height": 4.15484619140625, "count_pixels": 42, "percent_cover": 0.032718944268731599, "percent_above_0.1m": 97.61904761904762, "low_level_<0.5": 2.3809523809523809, "mid_level_0.5-2": 4.7619047619047619, "tall_2+": 88.095238095238088 }, "geometry": { "type": "Point", "coordinates": [ 0.084676155247456, 51.667313225915535 ] } },
{ "type": "Feature", "properties": { "max_height": 17.941757202148438, "mean_height": 10.83033275604248, "std_height": 5.2314839363098145, "count_pixels": 42, "percent_cover": 0.032718944268731599, "percent_above_0.1m": 95.238095238095227, "low_level_<0.5": 4.7619047619047619, "mid_level_0.5-2": 0.0, "tall_2+": 90.476190476190482 }, "geometry": { "type": "Point", "coordinates": [ 0.083579901334474, 51.667440594109486 ] } },
{ "type": "Feature", "properties": { "max_height": 1.9095001220703125, "mean_height": 0.045928772538900375, "std_height": 0.29105484485626221, "count_pixels": 42, "percent_cover": 0.032718944268731599, "percent_above_0.1m": 2.3809523809523809, "low_level_<0.5": 0.0, "mid_level_0.5-2": 2.3809523809523809, "tall_2+": 0.0 }, "geometry": { "type": "Point", "coordinates": [ 0.083780120220983, 51.667437042052413 ] } },
{ "type": "Feature", "properties": { "max_height": 2.8375015258789062, "mean_height": 0.47228965163230896, "std_height": 0.71996885538101196, "count_pixels": 38, "percent_cover": 0.029602854338376207, "percent_above_0.1m": 44.736842105263158, "low_level_<0.5": 7.8947368421052628, "mid_level_0.5-2": 26.315789473684209, "tall_2+": 5.2631578947368416 }, "geometry": { "type": "Point", "coordinates": [ 0.083980339066371, 51.667433489654158 ] } },
{ "type": "Feature", "properties": { "max_height": 7.9114990234375, "mean_height": 0.5845184326171875, "std_height": 1.7373453378677368, "count_pixels": 42, "percent_cover": 0.032718944268731599, "percent_above_0.1m": 16.666666666666664, "low_level_<0.5": 2.3809523809523809, "mid_level_0.5-2": 4.7619047619047619, "tall_2+": 9.5238095238095237 }, "geometry": { "type": "Point", "coordinates": [ 0.084180557870648, 51.667429936914708 ] } },
{ "type": "Feature", "properties": { "max_height": 14.839500427246094, "mean_height": 4.9610610008239746, "std_height": 5.1164469718933105, "count_pixels": 42, "percent_cover": 0.032718944268731599, "percent_above_0.1m": 66.666666666666657, "low_level_<0.5": 2.3809523809523809, "mid_level_0.5-2": 2.3809523809523809, "tall_2+": 61.904761904761905 }, "geometry": { "type": "Point", "coordinates": [ 0.0843807766338, 51.667426383834069 ] } },
{ "type": "Feature", "properties": { "max_height": 19.615493774414062, "mean_height": 12.40458869934082, "std_height": 5.1870408058166504, "count_pixels": 42, "percent_cover": 0.032718944268731599, "percent_above_0.1m": 97.61904761904762, "low_level_<0.5": 0.0, "mid_level_0.5-2": 2.3809523809523809, "tall_2+": 95.238095238095227 }, "geometry": { "type": "Point", "coordinates": [ 0.083684957898025, 51.667546645845519 ] } },
{ "type": "Feature", "properties": { "max_height": 14.084243774414062, "mean_height": 1.6304935216903687, "std_height": 3.8821322917938232, "count_pixels": 42, "percent_cover": 0.032718944268731599, "percent_above_0.1m": 19.047619047619047, "low_level_<0.5": 0.0, "mid_level_0.5-2": 2.3809523809523809, "tall_2+": 16.666666666666664 }, "geometry": { "type": "Point", "coordinates": [ 0.083885177237909, 51.667543093604586 ] } },
{ "type": "Feature", "properties": { "max_height": 15.64825439453125, "mean_height": 3.4181206226348877, "std_height": 4.7410030364990234, "count_pixels": 42, "percent_cover": 0.032718944268731599, "percent_above_0.1m": 59.523809523809526, "low_level_<0.5": 4.7619047619047619, "mid_level_0.5-2": 14.285714285714285, "tall_2+": 40.476190476190474 }, "geometry": { "type": "Point", "coordinates": [ 0.084085396536675, 51.667539541022457 ] } },
{ "type": "Feature", "properties": { "max_height": 19.6197509765625, "mean_height": 15.235330581665039, "std_height": 2.8846521377563477, "count_pixels": 41, "percent_cover": 0.031939921786142744, "percent_above_0.1m": 100.0, "low_level_<0.5": 0.0, "mid_level_0.5-2": 0.0, "tall_2+": 100.0 }, "geometry": { "type": "Point", "coordinates": [ 0.084285615794324, 51.667535988099146 ] } },
{ "type": "Feature", "properties": { "max_height": 18.988754272460938, "mean_height": 12.389273643493652, "std_height": 3.9385082721710205, "count_pixels": 42, "percent_cover": 0.032718944268731599, "percent_above_0.1m": 100.0, "low_level_<0.5": 0.0, "mid_level_0.5-2": 0.0, "tall_2+": 100.0 }, "geometry": { "type": "Point", "coordinates": [ 0.083790014956082, 51.66765269748069 ] } },
{ "type": "Feature", "properties": { "max_height": 13.2607421875, "mean_height": 5.0826053619384766, "std_height": 3.7085196971893311, "count_pixels": 38, "percent_cover": 0.029602854338376207, "percent_above_0.1m": 84.210526315789465, "low_level_<0.5": 2.6315789473684208, "mid_level_0.5-2": 10.526315789473683, "tall_2+": 71.05263157894737 }, "geometry": { "type": "Point", "coordinates": [ 0.083990234749341, 51.667649145055897 ] } }
]
}
