{
"type": "FeatureCollection",
"name": "UTTLE_110_NACH_800m",
"crs": { "type": "name", "properties": { "name": "urn:ogc:def:crs:OGC:1.3:CRS84" } },
"features": [
{ "type": "Feature", "properties": { "id": 1923, "nach": 0.55162018427492243 }, "geometry": { "type": "LineString", "coordinates": [ [ 0.1979149, 51.8713106 ], [ 0.1977566, 51.8714657 ] ] } },
{ "type": "Feature", "properties": { "id": 3, "nach": 0.47390381617305016 }, "geometry": { "type": "LineString", "coordinates": [ [ 0.2027643, 51.8773239 ], [ 0.201897206576489, 51.875802415368973 ] ] } },
{ "type": "Feature", "properties": { "id": 2, "nach": 0.43593788356772945 }, "geometry": { "type": "LineString", "coordinates": [ [ 0.2027643, 51.8773239 ], [ 0.202248698347161, 51.875961091286911 ] ] } },
{ "type": "Feature", "properties": { "id": 10020, "nach": 0.49540645265912814 }, "geometry": { "type": "LineString", "coordinates": [ [ 0.2027643, 51.8773239 ], [ 0.200633912123508, 51.980478002425777 ] ] } },
{ "type": "Feature", "properties": { "id": 74976, "nach": 0.39220739771825791 }, "geometry": { "type": "LineString", "coordinates": [ [ 0.2006569, 51.8722037 ], [ 0.200642, 51.8720789 ] ] } },
{ "type": "Feature", "properties": { "id": 77036, "nach": 0.45751965702194447 }, "geometry": { "type": "LineString", "coordinates": [ [ 0.2012222, 51.8719949 ], [ 0.201215, 51.8720478 ], [ 0.2010822, 51.8720631 ], [ 0.2009917, 51.8720888 ], [ 0.2009105, 51.8721298 ], [ 0.2008295, 51.8721958 ], [ 0.2006569, 51.8722037 ] ] } },
{ "type": "Feature", "properties": { "id": 2, "nach": 0.43593788356772945 }, "geometry": { "type": "LineString", "coordinates": [ [ 0.201714583212201, 51.87417643157297 ], [ 0.2006569, 51.8722037 ] ] } },
{ "type": "Feature", "properties": { "id": 74977, "nach": 0.64412277003675955 }, "geometry": { "type": "LineString", "coordinates": [ [ 0.2006569, 51.8722037 ], [ 0.200125325947642, 51.872364821073859 ] ] } },
{ "type": "Feature", "properties": { "id": 851, "nach": 0.48803485911031608 }, "geometry": { "type": "LineString", "coordinates": [ [ 0.197465, 51.8688507 ], [ 0.202889343619213, 51.874683415113665 ] ] } },
{ "type": "Feature", "properties": { "id": 21614, "nach": 0.36298512757164486 }, "geometry": { "type": "LineString", "coordinates": [ [ 0.1999091, 51.8737057 ], [ 0.2000217, 51.873935 ], [ 0.2001491, 51.8742555 ], [ 0.200251, 51.8744997 ], [ 0.2003664, 51.8747307 ], [ 0.200479, 51.8749203 ], [ 0.2006426, 51.8751613 ], [ 0.2008814, 51.875447800000011 ], [ 0.2012005, 51.8757839 ], [ 0.2015626, 51.8761548 ], [ 0.2017819, 51.8763991 ], [ 0.2019435, 51.8766039 ], [ 0.2025982, 51.8775891 ] ] } },
{ "type": "Feature", "properties": { "id": 344, "nach": 0.44054970620287698 }, "geometry": { "type": "LineString", "coordinates": [ [ 0.19972977918192, 51.872476354771557 ], [ 0.2025982, 51.8775891 ] ] } },
{ "type": "Feature", "properties": { "id": 4, "nach": 0.41610746320665282 }, "geometry": { "type": "LineString", "coordinates": [ [ 0.2025982, 51.8775891 ], [ 0.202900254755025, 51.878198251136659 ] ] } },
{ "type": "Feature", "properties": { "id": 66980, "nach": 0.35352269350743698 }, "geometry": { "type": "LineString", "coordinates": [ [ 0.2054582, 51.8840857 ], [ 0.2052546, 51.8841314 ], [ 0.2052463, 51.8841173 ], [ 0.20512, 51.884145600000011 ], [ 0.2052046, 51.8844121 ], [ 0.2051047, 51.8844613 ], [ 0.2049739, 51.8844652 ], [ 0.204695, 51.8844254 ], [ 0.2044321, 51.8843294 ], [ 0.2040513, 51.8841605 ], [ 0.2036543, 51.8840347 ], [ 0.2032877, 51.883957100000011 ] ] } },
{ "type": "Feature", "properties": { "id": 4, "nach": 0.41610746320665282 }, "geometry": { "type": "LineString", "coordinates": [ [ 0.202900254755025, 51.878198251136659 ], [ 0.2054582, 51.8840857 ] ] } },
{ "type": "Feature", "properties": { "id": 66981, "nach": 0.54951625953958638 }, "geometry": { "type": "LineString", "coordinates": [ [ 0.2054582, 51.8840857 ], [ 0.205646827931846, 51.884514302198525 ] ] } },
{ "type": "Feature", "properties": { "id": 15, "nach": 0.55504305304978152 }, "geometry": { "type": "LineString", "coordinates": [ [ 0.1986135, 51.8725743 ], [ 0.1989396, 51.8726438 ], [ 0.1989673, 51.8726512 ] ] } },
{ "type": "Feature", "properties": { "id": 17, "nach": 0.64894280287855166 }, "geometry": { "type": "LineString", "coordinates": [ [ 0.1984538, 51.8725488 ], [ 0.1986135, 51.8725743 ] ] } },
{ "type": "Feature", "properties": { "id": 16, "nach": 0.74168484730482254 }, "geometry": { "type": "LineString", "coordinates": [ [ 0.1986135, 51.8725743 ], [ 0.19945508216091, 51.872493083255094 ] ] } },
{ "type": "Feature", "properties": { "id": 74973, "nach": 0.47753229307372513 }, "geometry": { "type": "LineString", "coordinates": [ [ 0.1989673, 51.8726512 ], [ 0.1990474, 51.8726728 ], [ 0.199158, 51.8727195 ], [ 0.1992559, 51.8727692 ], [ 0.1993512, 51.8728408 ], [ 0.1994196, 51.872911599999988 ], [ 0.1995738, 51.873141 ], [ 0.1998058, 51.8734987 ], [ 0.1999091, 51.8737057 ] ] } },
{ "type": "Feature", "properties": { "id": 79278, "nach": 0.40779266159692995 }, "geometry": { "type": "LineString", "coordinates": [ [ 0.1980416, 51.8728111 ], [ 0.1981014, 51.87279 ], [ 0.1980942, 51.8727781 ], [ 0.1980942, 51.8727442 ], [ 0.1981009, 51.8727127 ], [ 0.1981412, 51.8726655 ], [ 0.198231, 51.872634899999987 ], [ 0.1983101, 51.8726225 ], [ 0.1983356, 51.8726217 ], [ 0.1984657, 51.8726225 ], [ 0.1987098, 51.8726573 ], [ 0.1988439, 51.8726829 ], [ 0.1989284, 51.872704500000012 ], [ 0.1989673, 51.8726512 ] ] } },
{ "type": "Feature", "properties": { "id": 74977, "nach": 0.64412277003675955 }, "geometry": { "type": "LineString", "coordinates": [ [ 0.199483125119883, 51.872536130872355 ], [ 0.1989673, 51.8726512 ] ] } },
{ "type": "Feature", "properties": { "id": 35615, "nach": 0.62643428803420476 }, "geometry": { "type": "LineString", "coordinates": [ [ 0.200642, 51.8720789 ], [ 0.2006884, 51.8720504 ] ] } },
{ "type": "Feature", "properties": { "id": 16, "nach": 0.74168484730482254 }, "geometry": { "type": "LineString", "coordinates": [ [ 0.200093916587519, 51.872316851845561 ], [ 0.200642, 51.8720789 ] ] } },
{ "type": "Feature", "properties": { "id": 229, "nach": 0.62979978600627973 }, "geometry": { "type": "LineString", "coordinates": [ [ 0.1977111, 51.8720695 ], [ 0.1978271, 51.87222040000001 ], [ 0.1979878, 51.8723531 ], [ 0.1981452, 51.8724361 ], [ 0.1982755, 51.8724983 ], [ 0.1984538, 51.8725488 ] ] } },
{ "type": "Feature", "properties": { "id": 12329, "nach": 0.59292887372456737 }, "geometry": { "type": "LineString", "coordinates": [ [ 0.1980172, 51.8726075 ], [ 0.1981155, 51.8725791 ], [ 0.1983013, 51.8725512 ], [ 0.1984538, 51.8725488 ] ] } },
{ "type": "Feature", "properties": { "id": 18, "nach": 0.64359816447073581 }, "geometry": { "type": "LineString", "coordinates": [ [ 0.197648, 51.8719552 ], [ 0.1977111, 51.8720695 ] ] } },
{ "type": "Feature", "properties": { "id": 125, "nach": 0.63756622362756765 }, "geometry": { "type": "LineString", "coordinates": [ [ 0.1966344, 51.8720131 ], [ 0.1967182, 51.8719171 ], [ 0.1967888, 51.8718561 ], [ 0.1968583, 51.8718218 ], [ 0.1969695, 51.8717933 ], [ 0.1970978, 51.8717855 ], [ 0.1971883, 51.871794 ], [ 0.197221, 51.8717971 ], [ 0.1972398, 51.8718001 ], [ 0.1974432, 51.871833100000011 ], [ 0.1975549, 51.871880099999984 ], [ 0.197648, 51.8719552 ] ] } },
{ "type": "Feature", "properties": { "id": 59679, "nach": 0.5763559755753267 }, "geometry": { "type": "LineString", "coordinates": [ [ 0.1977566, 51.8714657 ], [ 0.1976996, 51.8715727 ], [ 0.1976694, 51.8716642 ], [ 0.19765, 51.8717855 ], [ 0.197648, 51.8719552 ] ] } },
{ "type": "Feature", "properties": { "id": 230, "nach": 0.55029881494388133 }, "geometry": { "type": "LineString", "coordinates": [ [ 0.1977111, 51.8720695 ], [ 0.1976583, 51.8723153 ], [ 0.1975944, 51.872424 ], [ 0.1975437, 51.8724842 ], [ 0.1974992, 51.872537 ], [ 0.1973679, 51.8726238 ], [ 0.1972222, 51.8726987 ], [ 0.1969825, 51.8727792 ], [ 0.1964569, 51.8729059 ], [ 0.1961821, 51.8729721 ] ] } },
{ "type": "Feature", "properties": { "id": 21, "nach": 0.40683585518794757 }, "geometry": { "type": "LineString", "coordinates": [ [ 0.2015556, 51.8716346 ], [ 0.2016288, 51.8715393 ], [ 0.201688, 51.8714156 ], [ 0.2017009, 51.8712729 ], [ 0.2016982, 51.8711974 ], [ 0.2016192, 51.8710362 ] ] } },
{ "type": "Feature", "properties": { "id": 20, "nach": 0.57681917696323282 }, "geometry": { "type": "LineString", "coordinates": [ [ 0.2015556, 51.8716346 ], [ 0.2016736, 51.8715501 ], [ 0.2018024, 51.871459100000017 ], [ 0.2019631, 51.8713812 ], [ 0.2021035, 51.8713402 ], [ 0.2022852, 51.871305 ], [ 0.2024716, 51.871264 ] ] } },
{ "type": "Feature", "properties": { "id": 35613, "nach": 0.58516200344611247 }, "geometry": { "type": "LineString", "coordinates": [ [ 0.2007545, 51.8720059 ], [ 0.2009164, 51.871933 ], [ 0.2013147, 51.8717561 ], [ 0.2015556, 51.8716346 ] ] } },
{ "type": "Feature", "properties": { "id": 77037, "nach": 0.33537843089055036 }, "geometry": { "type": "LineString", "coordinates": [ [ 0.20155, 51.8717958 ], [ 0.2015492, 51.871786700000015 ], [ 0.201545, 51.8717393 ], [ 0.2015556, 51.8716346 ] ] } },
{ "type": "Feature", "properties": { "id": 22, "nach": 0.60489037883997454 }, "geometry": { "type": "LineString", "coordinates": [ [ 0.2006884, 51.8720504 ], [ 0.2007545, 51.8720059 ] ] } },
{ "type": "Feature", "properties": { "id": 23, "nach": 0.53325361420071504 }, "geometry": { "type": "LineString", "coordinates": [ [ 0.2006884, 51.8720504 ], [ 0.2009426, 51.872013300000013 ], [ 0.2011269, 51.8719971 ], [ 0.2012222, 51.8719949 ] ] } },
{ "type": "Feature", "properties": { "id": 35614, "nach": 0.53747097680247813 }, "geometry": { "type": "LineString", "coordinates": [ [ 0.2007545, 51.8720059 ], [ 0.2008988, 51.8718663 ], [ 0.2009545, 51.8717578 ], [ 0.2009813, 51.8716708 ], [ 0.20099, 51.8715764 ], [ 0.2009873, 51.871485 ], [ 0.200969, 51.8713956 ] ] } },
{ "type": "Feature", "properties": { "id": 77039, "nach": 0.51869531921942402 }, "geometry": { "type": "LineString", "coordinates": [ [ 0.20155, 51.8717958 ], [ 0.2014804, 51.871825800000011 ], [ 0.2012653, 51.8719187 ], [ 0.2012222, 51.8719949 ] ] } },
{ "type": "Feature", "properties": { "id": 77034, "nach": 0.49799667781660306 }, "geometry": { "type": "LineString", "coordinates": [ [ 0.2012222, 51.8719949 ], [ 0.202634105126673, 51.872872730478036 ] ] } },
{ "type": "Feature", "properties": { "id": 25, "nach": 0.46153062824887009 }, "geometry": { "type": "LineString", "coordinates": [ [ 0.2088686, 51.8720867 ], [ 0.202764527179786, 51.872771533573008 ] ] } },
{ "type": "Feature", "properties": { "id": 77034, "nach": 0.49799667781660306 }, "geometry": { "type": "LineString", "coordinates": [ [ 0.202634105126673, 51.872872730478036 ], [ 0.2084727, 51.8725867 ] ] } },
{ "type": "Feature", "properties": { "id": 80420, "nach": 0.52343209340160257 }, "geometry": { "type": "LineString", "coordinates": [ [ 0.2030067, 51.8712739 ], [ 0.2025413, 51.8713167 ], [ 0.2022872, 51.871351 ], [ 0.2021786, 51.8713821 ], [ 0.2020478, 51.8714289 ], [ 0.2019291, 51.8714848 ], [ 0.2018567, 51.8715328 ], [ 0.2017749, 51.8715928 ], [ 0.2017246, 51.87165370000001 ], [ 0.2016971, 51.8717324 ], [ 0.20155, 51.8717958 ] ] } },
{ "type": "Feature", "properties": { "id": 25, "nach": 0.46153062824887009 }, "geometry": { "type": "LineString", "coordinates": [ [ 0.202764527179786, 51.872771533573008 ], [ 0.20155, 51.8717958 ] ] } },
{ "type": "Feature", "properties": { "id": 1948, "nach": 0.73621628597995403 }, "geometry": { "type": "LineString", "coordinates": [ [ 0.2111642, 51.8788908 ], [ 0.211305, 51.8788123 ], [ 0.2114397, 51.878755 ], [ 0.2116309, 51.8786911 ], [ 0.2118338, 51.8786502 ], [ 0.2120677, 51.878603 ], [ 0.2124558, 51.8785387 ] ] } },
{ "type": "Feature", "properties": { "id": 23177, "nach": 0.72723929123290232 }, "geometry": { "type": "LineString", "coordinates": [ [ 0.2108733, 51.8790572 ], [ 0.2111642, 51.8788908 ] ] } },
{ "type": "Feature", "properties": { "id": 22790, "nach": 0.58226638771991057 }, "geometry": { "type": "LineString", "coordinates": [ [ 0.2113995, 51.8790441 ], [ 0.2113691, 51.8790243 ], [ 0.2111642, 51.8788908 ] ] } },
{ "type": "Feature", "properties": { "id": 53728, "nach": 0.63661517270641288 }, "geometry": { "type": "LineString", "coordinates": [ [ 0.2111373, 51.8775062 ], [ 0.2116954, 51.8778838 ] ] } },
{ "type": "Feature", "properties": { "id": 44, "nach": 0.6270842976142591 }, "geometry": { "type": "LineString", "coordinates": [ [ 0.2074781, 51.8811463 ], [ 0.2080802, 51.8812466 ] ] } },
{ "type": "Feature", "properties": { "id": 45, "nach": 0.62494080498775839 }, "geometry": { "type": "LineString", "coordinates": [ [ 0.2074781, 51.8811463 ], [ 0.2074884, 51.881113899999988 ], [ 0.2074842, 51.8810809 ], [ 0.207466, 51.8810498 ], [ 0.2074351, 51.8810228 ] ] } },
{ "type": "Feature", "properties": { "id": 22590, "nach": 0.66319681842734746 }, "geometry": { "type": "LineString", "coordinates": [ [ 0.2072425, 51.8812266 ], [ 0.2073011, 51.8812298 ], [ 0.2073587, 51.881222299999983 ], [ 0.2074103, 51.8812047 ], [ 0.2074513, 51.8811786 ], [ 0.2074781, 51.8811463 ] ] } },
{ "type": "Feature", "properties": { "id": 53775, "nach": 0.63019219879574007 }, "geometry": { "type": "LineString", "coordinates": [ [ 0.2080802, 51.8812466 ], [ 0.2083698, 51.8812928 ] ] } },
{ "type": "Feature", "properties": { "id": 53777, "nach": 0.53916652043728253 }, "geometry": { "type": "LineString", "coordinates": [ [ 0.207874, 51.881472200000012 ], [ 0.2080802, 51.8812466 ] ] } },
{ "type": "Feature", "properties": { "id": 31282, "nach": 0.66320232369615939 }, "geometry": { "type": "LineString", "coordinates": [ [ 0.2080891, 51.880649 ], [ 0.2074351, 51.8810228 ] ] } },
{ "type": "Feature", "properties": { "id": 22589, "nach": 0.60641798432449423 }, "geometry": { "type": "LineString", "coordinates": [ [ 0.2074351, 51.8810228 ], [ 0.20738, 51.8809972 ], [ 0.2073141, 51.8809846 ], [ 0.2072452, 51.8809867 ], [ 0.2071815, 51.8810031 ], [ 0.2071307, 51.8810319 ], [ 0.2070988, 51.8810697 ] ] } },
{ "type": "Feature", "properties": { "id": 46, "nach": 0.65831170050471544 }, "geometry": { "type": "LineString", "coordinates": [ [ 0.2070988, 51.8810697 ], [ 0.2070896, 51.8811095 ], [ 0.2071017, 51.8811491 ], [ 0.2071337, 51.881184099999984 ], [ 0.2071824, 51.8812109 ], [ 0.2072425, 51.8812266 ] ] } },
{ "type": "Feature", "properties": { "id": 341, "nach": 0.68348627787352556 }, "geometry": { "type": "LineString", "coordinates": [ [ 0.2066568, 51.8809853 ], [ 0.2067879, 51.881021500000017 ], [ 0.2070988, 51.8810697 ] ] } },
{ "type": "Feature", "properties": { "id": 22591, "nach": 0.65565125391058976 }, "geometry": { "type": "LineString", "coordinates": [ [ 0.2072425, 51.8812266 ], [ 0.207214, 51.8812911 ], [ 0.207175, 51.881489100000017 ], [ 0.2071714, 51.8818052 ] ] } },
{ "type": "Feature", "properties": { "id": 340, "nach": 0.66874318524403131 }, "geometry": { "type": "LineString", "coordinates": [ [ 0.2066568, 51.8809853 ], [ 0.2065428, 51.8809149 ], [ 0.2064979, 51.8808602 ], [ 0.2064656, 51.8808098 ], [ 0.2064016, 51.8804971 ] ] } },
{ "type": "Feature", "properties": { "id": 342, "nach": 0.62926325752260648 }, "geometry": { "type": "LineString", "coordinates": [ [ 0.2066568, 51.8809853 ], [ 0.2064281, 51.8811422 ], [ 0.2063971, 51.881176700000012 ], [ 0.2063852, 51.8812068 ], [ 0.2063918, 51.881241300000013 ], [ 0.2064287, 51.881332 ] ] } },
{ "type": "Feature", "properties": { "id": 57564, "nach": 0.51400780850945649 }, "geometry": { "type": "LineString", "coordinates": [ [ 0.1897503, 51.8744002 ], [ 0.190237, 51.8742331 ], [ 0.1906949, 51.8740955 ] ] } },
{ "type": "Feature", "properties": { "id": 118, "nach": 0.50966985114516739 }, "geometry": { "type": "LineString", "coordinates": [ [ 0.1906949, 51.8740955 ], [ 0.1912428, 51.8739872 ], [ 0.1916391, 51.8739106 ] ] } },
{ "type": "Feature", "properties": { "id": 87367, "nach": 0.55090423645001307 }, "geometry": { "type": "LineString", "coordinates": [ [ 0.19144, 51.8738721 ], [ 0.191098, 51.8739524 ], [ 0.1906949, 51.8740955 ] ] } },
{ "type": "Feature", "properties": { "id": 57565, "nach": 0.40591322702456878 }, "geometry": { "type": "LineString", "coordinates": [ [ 0.1897503, 51.8744002 ], [ 0.1895235, 51.8744972 ], [ 0.1887967, 51.8748094 ], [ 0.1881208, 51.8751745 ], [ 0.1876903, 51.875434500000011 ], [ 0.1870693, 51.8758841 ], [ 0.1866563, 51.8762401 ], [ 0.1863283, 51.8765698 ] ] } },
{ "type": "Feature", "properties": { "id": 57563, "nach": 0.4693673439456062 }, "geometry": { "type": "LineString", "coordinates": [ [ 0.1897503, 51.8744002 ], [ 0.1898334, 51.8745718 ] ] } },
{ "type": "Feature", "properties": { "id": 87370, "nach": 0.51284211062280483 }, "geometry": { "type": "LineString", "coordinates": [ [ 0.1916391, 51.8739106 ], [ 0.1916823, 51.8739834 ], [ 0.1916935, 51.8740319 ], [ 0.1917003, 51.8740866 ], [ 0.1922961, 51.874829699999985 ], [ 0.1927903, 51.8758151 ], [ 0.1927551, 51.8759534 ] ] } },
{ "type": "Feature", "properties": { "id": 87369, "nach": 0.51409714998952871 }, "geometry": { "type": "LineString", "coordinates": [ [ 0.1916391, 51.8739106 ], [ 0.1922915, 51.8737828 ] ] } },
{ "type": "Feature", "properties": { "id": 21528, "nach": 0.17078230503813482 }, "geometry": { "type": "LineString", "coordinates": [ [ 0.2086617, 51.8728697 ], [ 0.2086779, 51.872961700000012 ], [ 0.2086893, 51.8730379 ], [ 0.208692, 51.873114100000016 ], [ 0.2086725, 51.8732081 ], [ 0.2086222, 51.873306200000016 ], [ 0.2085518, 51.8734068 ], [ 0.2083011, 51.873651700000011 ], [ 0.207999, 51.8738962 ], [ 0.2078131, 51.8740406 ], [ 0.2075889, 51.8741945 ], [ 0.2073268, 51.8743496 ], [ 0.2071014, 51.8744732 ], [ 0.2068613, 51.8745734 ], [ 0.2066307, 51.8746521 ], [ 0.2062956, 51.8747467 ], [ 0.2059681, 51.8748703 ] ] } },
{ "type": "Feature", "properties": { "id": 851, "nach": 0.48803485911031608 }, "geometry": { "type": "LineString", "coordinates": [ [ 0.199143210193288, 51.870901582046145 ], [ 0.2059681, 51.8748703 ] ] } },
{ "type": "Feature", "properties": { "id": 119, "nach": 0.41067953269187435 }, "geometry": { "type": "LineString", "coordinates": [ [ 0.209664399589546, 51.873196886732721 ], [ 0.2059681, 51.8748703 ] ] } },
{ "type": "Feature", "properties": { "id": 126, "nach": 0.4167625329492457 }, "geometry": { "type": "LineString", "coordinates": [ [ 0.1966344, 51.8720131 ], [ 0.1966515, 51.8718526 ], [ 0.1966782, 51.8716653 ], [ 0.1967105, 51.8714651 ], [ 0.1967306, 51.871377 ] ] } },
{ "type": "Feature", "properties": { "id": 59680, "nach": 0.51921421677011348 }, "geometry": { "type": "LineString", "coordinates": [ [ 0.1977566, 51.8714657 ], [ 0.1975581, 51.8715752 ], [ 0.1974408, 51.8716232 ], [ 0.1972835, 51.871668800000016 ], [ 0.1972175, 51.871672899999986 ], [ 0.1971636, 51.8716722 ], [ 0.197103, 51.8716643 ], [ 0.1970222, 51.8716452 ], [ 0.1969631, 51.871620300000018 ], [ 0.1969059, 51.8715873 ], [ 0.1968597, 51.871549300000012 ], [ 0.1967841, 51.8714543 ], [ 0.1967306, 51.871377 ] ] } },
{ "type": "Feature", "properties": { "id": 20392, "nach": 0.63598301303968485 }, "geometry": { "type": "LineString", "coordinates": [ [ 0.1963594, 51.8721809 ], [ 0.1964603, 51.8721472 ], [ 0.1965492, 51.872098 ], [ 0.1966344, 51.8720131 ] ] } },
{ "type": "Feature", "properties": { "id": 70628, "nach": 0.4114188917674883 }, "geometry": { "type": "LineString", "coordinates": [ [ 0.1955752, 51.8724577 ], [ 0.1958339, 51.8724654 ], [ 0.1960269, 51.872463800000013 ], [ 0.196105, 51.8724573 ], [ 0.196219, 51.8724258 ], [ 0.196322, 51.8723898 ], [ 0.1964093, 51.8723413 ], [ 0.1964766, 51.872292500000015 ], [ 0.1965182, 51.8722511 ], [ 0.196552, 51.8722167 ], [ 0.1965856, 51.8721703 ], [ 0.1966057, 51.8721095 ], [ 0.1966344, 51.8720131 ] ] } },
{ "type": "Feature", "properties": { "id": 31327, "nach": 0.61109642519628826 }, "geometry": { "type": "LineString", "coordinates": [ [ 0.2096227, 51.8772622 ], [ 0.2100469, 51.877020599999987 ], [ 0.2101529, 51.876986600000016 ] ] } },
{ "type": "Feature", "properties": { "id": 53730, "nach": 0.63168631432947875 }, "geometry": { "type": "LineString", "coordinates": [ [ 0.2111373, 51.8775062 ], [ 0.2104818, 51.8770626 ], [ 0.2103703, 51.8770008 ], [ 0.210272, 51.8769855 ], [ 0.2102172, 51.8769811 ], [ 0.2101529, 51.876986600000016 ] ] } },
{ "type": "Feature", "properties": { "id": 23111, "nach": 0.53111494060839504 }, "geometry": { "type": "LineString", "coordinates": [ [ 0.2099822, 51.8768793 ], [ 0.2100763, 51.8769367 ], [ 0.2101529, 51.876986600000016 ] ] } },
{ "type": "Feature", "properties": { "id": 31326, "nach": 0.50137874685441075 }, "geometry": { "type": "LineString", "coordinates": [ [ 0.2096227, 51.8772622 ], [ 0.2097685, 51.8773633 ] ] } },
{ "type": "Feature", "properties": { "id": 31325, "nach": 0.57612981372331906 }, "geometry": { "type": "LineString", "coordinates": [ [ 0.2096227, 51.8772622 ], [ 0.2091338, 51.8775452 ] ] } },
{ "type": "Feature", "properties": { "id": 53727, "nach": 0.57439760820718411 }, "geometry": { "type": "LineString", "coordinates": [ [ 0.2094823, 51.8771645 ], [ 0.2095135, 51.8771865 ], [ 0.2096227, 51.8772622 ] ] } },
{ "type": "Feature", "properties": { "id": 53752, "nach": 0.32759014117570545 }, "geometry": { "type": "LineString", "coordinates": [ [ 0.2110004, 51.8775822 ], [ 0.2111373, 51.8775062 ] ] } },
{ "type": "Feature", "properties": { "id": 53725, "nach": 0.47539850963155456 }, "geometry": { "type": "LineString", "coordinates": [ [ 0.2094823, 51.8771645 ], [ 0.2099822, 51.8768793 ] ] } },
{ "type": "Feature", "properties": { "id": 23117, "nach": 0.53616196838611563 }, "geometry": { "type": "LineString", "coordinates": [ [ 0.2099054, 51.8767363 ], [ 0.210001, 51.8768073 ], [ 0.2100211, 51.8768313 ], [ 0.2100211, 51.8768495 ], [ 0.2100103, 51.876862 ], [ 0.2099822, 51.8768793 ] ] } },
{ "type": "Feature", "properties": { "id": 23198, "nach": 0.63900692257238989 }, "geometry": { "type": "LineString", "coordinates": [ [ 0.2074815, 51.8788743 ], [ 0.2071692, 51.878675 ] ] } },
{ "type": "Feature", "properties": { "id": 31319, "nach": 0.63952409188035586 }, "geometry": { "type": "LineString", "coordinates": [ [ 0.2078466, 51.878288 ], [ 0.2071692, 51.878675 ] ] } },
{ "type": "Feature", "properties": { "id": 22850, "nach": 0.60972814930399521 }, "geometry": { "type": "LineString", "coordinates": [ [ 0.2070596, 51.8785871 ], [ 0.2071692, 51.878675 ] ] } },
{ "type": "Feature", "properties": { "id": 31278, "nach": 0.6166136003280317 }, "geometry": { "type": "LineString", "coordinates": [ [ 0.2062926, 51.8799892 ], [ 0.2061914, 51.879508 ], [ 0.206168, 51.8794142 ], [ 0.2061712, 51.8793474 ], [ 0.2062015, 51.8792762 ], [ 0.2062472, 51.8792223 ], [ 0.206326, 51.8791638 ], [ 0.2071692, 51.878675 ] ] } },
{ "type": "Feature", "properties": { "id": 23199, "nach": 0.63638555508409811 }, "geometry": { "type": "LineString", "coordinates": [ [ 0.2074815, 51.8788743 ], [ 0.2075003, 51.8788863 ], [ 0.2076455, 51.8789759 ] ] } },
{ "type": "Feature", "properties": { "id": 23200, "nach": 0.47594019295501555 }, "geometry": { "type": "LineString", "coordinates": [ [ 0.2074815, 51.8788743 ], [ 0.206439, 51.8794773 ], [ 0.2064028, 51.8795071 ], [ 0.2064041, 51.8795378 ], [ 0.2064296, 51.8796338 ], [ 0.2064376, 51.87966440000001 ] ] } },
{ "type": "Feature", "properties": { "id": 53690, "nach": 0.37150073722091875 }, "geometry": { "type": "LineString", "coordinates": [ [ 0.2083484, 51.878380100000022 ], [ 0.2074815, 51.8788743 ] ] } },
{ "type": "Feature", "properties": { "id": 53687, "nach": 0.64539467769677439 }, "geometry": { "type": "LineString", "coordinates": [ [ 0.2081613, 51.8781045 ], [ 0.2080437, 51.8781721 ], [ 0.2078466, 51.878288 ] ] } },
{ "type": "Feature", "properties": { "id": 53692, "nach": 0.49090452318062339 }, "geometry": { "type": "LineString", "coordinates": [ [ 0.2083484, 51.878380100000022 ], [ 0.2082782, 51.8783326 ], [ 0.2080948, 51.878207 ], [ 0.2078927, 51.878319500000018 ], [ 0.2078466, 51.878288 ] ] } },
{ "type": "Feature", "properties": { "id": 53682, "nach": 0.56087620619795053 }, "geometry": { "type": "LineString", "coordinates": [ [ 0.2080289, 51.8780207 ], [ 0.2070596, 51.8785871 ] ] } },
{ "type": "Feature", "properties": { "id": 22869, "nach": 0.57113346175641622 }, "geometry": { "type": "LineString", "coordinates": [ [ 0.2065265, 51.8786926 ], [ 0.2066895, 51.8787643 ], [ 0.2067271, 51.8787676 ], [ 0.2067619, 51.8787527 ], [ 0.2070596, 51.8785871 ] ] } },
{ "type": "Feature", "properties": { "id": 31277, "nach": 0.63879630860274861 }, "geometry": { "type": "LineString", "coordinates": [ [ 0.2062926, 51.8799892 ], [ 0.2064016, 51.8804971 ] ] } },
{ "type": "Feature", "properties": { "id": 31384, "nach": 0.55486852263099562 }, "geometry": { "type": "LineString", "coordinates": [ [ 0.2057168, 51.87974 ], [ 0.2058441, 51.8797297 ], [ 0.2061686, 51.8797077 ], [ 0.2062197, 51.8799941 ], [ 0.2062926, 51.8799892 ] ] } },
{ "type": "Feature", "properties": { "id": 31395, "nach": 0.59762006016134273 }, "geometry": { "type": "LineString", "coordinates": [ [ 0.206475, 51.8798435 ], [ 0.2063309, 51.8798533 ], [ 0.2063544, 51.879985 ], [ 0.2062926, 51.8799892 ] ] } },
{ "type": "Feature", "properties": { "id": 31285, "nach": 0.71953044951660705 }, "geometry": { "type": "LineString", "coordinates": [ [ 0.2091727, 51.8800296 ], [ 0.2094043, 51.8798972 ] ] } },
{ "type": "Feature", "properties": { "id": 22875, "nach": 0.72703473011332709 }, "geometry": { "type": "LineString", "coordinates": [ [ 0.2098742, 51.87962850000001 ], [ 0.2094043, 51.8798972 ] ] } },
{ "type": "Feature", "properties": { "id": 23166, "nach": 0.70266216626211508 }, "geometry": { "type": "LineString", "coordinates": [ [ 0.2092276, 51.8798051 ], [ 0.2094043, 51.8798972 ] ] } },
{ "type": "Feature", "properties": { "id": 31286, "nach": 0.68005048614931274 }, "geometry": { "type": "LineString", "coordinates": [ [ 0.2091727, 51.8800296 ], [ 0.208453, 51.880441 ] ] } },
{ "type": "Feature", "properties": { "id": 31288, "nach": 0.66985499681573946 }, "geometry": { "type": "LineString", "coordinates": [ [ 0.2091727, 51.8800296 ], [ 0.2092166, 51.8800591 ], [ 0.2089384, 51.8802168 ], [ 0.2091318, 51.880346699999983 ] ] } },
{ "type": "Feature", "properties": { "id": 31434, "nach": 0.52237837687223476 }, "geometry": { "type": "LineString", "coordinates": [ [ 0.2089107, 51.8799862 ], [ 0.2089714, 51.8800257 ], [ 0.2090324, 51.8800667 ], [ 0.2091384, 51.8800066 ], [ 0.2091727, 51.8800296 ] ] } },
{ "type": "Feature", "properties": { "id": 22873, "nach": 0.64539840038349383 }, "geometry": { "type": "LineString", "coordinates": [ [ 0.2098742, 51.87962850000001 ], [ 0.2101298, 51.879778 ] ] } },
{ "type": "Feature", "properties": { "id": 31242, "nach": 0.70044447111243635 }, "geometry": { "type": "LineString", "coordinates": [ [ 0.2105879, 51.8792204 ], [ 0.2098742, 51.87962850000001 ] ] } },
{ "type": "Feature", "properties": { "id": 23165, "nach": 0.68987547426835572 }, "geometry": { "type": "LineString", "coordinates": [ [ 0.2092276, 51.8798051 ], [ 0.2090573, 51.8797164 ] ] } },
{ "type": "Feature", "properties": { "id": 64087, "nach": 0.53838108160305165 }, "geometry": { "type": "LineString", "coordinates": [ [ 0.2102017, 51.8792432 ], [ 0.2092842, 51.8797738 ], [ 0.2092276, 51.8798051 ] ] } },
{ "type": "Feature", "properties": { "id": 31432, "nach": 0.51569724825914343 }, "geometry": { "type": "LineString", "coordinates": [ [ 0.2089107, 51.8799862 ], [ 0.2092276, 51.8798051 ] ] } },
{ "type": "Feature", "properties": { "id": 226, "nach": 0.58104317580039377 }, "geometry": { "type": "LineString", "coordinates": [ [ 0.1954331, 51.8732647 ], [ 0.195727, 51.8732091 ], [ 0.1966921, 51.873023 ], [ 0.1977055, 51.8726986 ] ] } },
{ "type": "Feature", "properties": { "id": 71961, "nach": 0.5644849414919445 }, "geometry": { "type": "LineString", "coordinates": [ [ 0.1955065, 51.8733962 ], [ 0.195456, 51.87330870000001 ], [ 0.1954331, 51.8732647 ] ] } },
{ "type": "Feature", "properties": { "id": 228, "nach": 0.56620082265413363 }, "geometry": { "type": "LineString", "coordinates": [ [ 0.1954331, 51.8732647 ], [ 0.1953796, 51.8732022 ], [ 0.1952527, 51.8731682 ] ] } },
{ "type": "Feature", "properties": { "id": 71766, "nach": 0.52946364436646343 }, "geometry": { "type": "LineString", "coordinates": [ [ 0.1949426, 51.873356 ], [ 0.1954331, 51.8732647 ] ] } },
{ "type": "Feature", "properties": { "id": 85578, "nach": 0.49434332004781639 }, "geometry": { "type": "LineString", "coordinates": [ [ 0.1958424, 51.8730471 ], [ 0.1956695, 51.8731591 ], [ 0.195625, 51.873167400000014 ], [ 0.1955255, 51.8731873 ], [ 0.1954331, 51.8732647 ] ] } },
{ "type": "Feature", "properties": { "id": 12325, "nach": 0.46432384699761126 }, "geometry": { "type": "LineString", "coordinates": [ [ 0.1977055, 51.8726986 ], [ 0.1980316, 51.872797100000014 ] ] } },
{ "type": "Feature", "properties": { "id": 12326, "nach": 0.56933598150746934 }, "geometry": { "type": "LineString", "coordinates": [ [ 0.1977055, 51.8726986 ], [ 0.1978415, 51.8726556 ], [ 0.1978649, 51.872649200000012 ], [ 0.1980172, 51.8726075 ] ] } },
{ "type": "Feature", "properties": { "id": 71962, "nach": 0.53653204133624177 }, "geometry": { "type": "LineString", "coordinates": [ [ 0.1955065, 51.8733962 ], [ 0.1955324, 51.8734461 ], [ 0.1955863, 51.8735499 ], [ 0.1956611, 51.8736713 ] ] } },
{ "type": "Feature", "properties": { "id": 71959, "nach": 0.45324421520448316 }, "geometry": { "type": "LineString", "coordinates": [ [ 0.1955065, 51.8733962 ], [ 0.1954497, 51.8734077 ], [ 0.1954158, 51.8734146 ] ] } },
{ "type": "Feature", "properties": { "id": 72000, "nach": 0.43441596152053258 }, "geometry": { "type": "LineString", "coordinates": [ [ 0.1956063, 51.8733752 ], [ 0.1955888, 51.8733789 ], [ 0.1955065, 51.8733962 ] ] } },
{ "type": "Feature", "properties": { "id": 71770, "nach": 0.52163142461936041 }, "geometry": { "type": "LineString", "coordinates": [ [ 0.1957001, 51.8730744 ], [ 0.1954776, 51.8731219 ], [ 0.1953747, 51.8731431 ], [ 0.1952527, 51.8731682 ] ] } },
{ "type": "Feature", "properties": { "id": 71814, "nach": 0.5988535203762585 }, "geometry": { "type": "LineString", "coordinates": [ [ 0.1952527, 51.8731682 ], [ 0.1950523, 51.8732095 ] ] } },
{ "type": "Feature", "properties": { "id": 87366, "nach": 0.41980548634188108 }, "geometry": { "type": "LineString", "coordinates": [ [ 0.1961821, 51.8729721 ], [ 0.1960501, 51.8729319 ], [ 0.195739, 51.8729974 ] ] } },
{ "type": "Feature", "properties": { "id": 87365, "nach": 0.5407504226662142 }, "geometry": { "type": "LineString", "coordinates": [ [ 0.1961821, 51.8729721 ], [ 0.1958424, 51.8730471 ] ] } },
{ "type": "Feature", "properties": { "id": 22836, "nach": 0.61151502404465907 }, "geometry": { "type": "LineString", "coordinates": [ [ 0.2058929, 51.8805393 ], [ 0.2059384, 51.8805355 ], [ 0.2064016, 51.8804971 ] ] } },
{ "type": "Feature", "properties": { "id": 22837, "nach": 0.54911417222432335 }, "geometry": { "type": "LineString", "coordinates": [ [ 0.2058929, 51.8805393 ], [ 0.2059197, 51.8807164 ], [ 0.2059063, 51.88072970000001 ], [ 0.2058795, 51.8807379 ], [ 0.2058419, 51.880739599999984 ], [ 0.20567, 51.880712 ] ] } },
{ "type": "Feature", "properties": { "id": 31381, "nach": 0.55844538640590757 }, "geometry": { "type": "LineString", "coordinates": [ [ 0.2057168, 51.87974 ], [ 0.2058929, 51.8805393 ] ] } },
{ "type": "Feature", "properties": { "id": 247, "nach": 0.55963054064977746 }, "geometry": { "type": "LineString", "coordinates": [ [ 0.2074198, 51.8842533 ], [ 0.2073494, 51.8843046 ], [ 0.2073238, 51.8843902 ], [ 0.2073003, 51.8844965 ], [ 0.2073007, 51.8846063 ] ] } },
{ "type": "Feature", "properties": { "id": 27892, "nach": 0.62245682824237314 }, "geometry": { "type": "LineString", "coordinates": [ [ 0.207498, 51.8833751 ], [ 0.2075453, 51.8835875 ], [ 0.207556, 51.8837134 ], [ 0.207556, 51.8838392 ], [ 0.2075292, 51.8840188 ], [ 0.2074198, 51.8842533 ] ] } },
{ "type": "Feature", "properties": { "id": 22572, "nach": 0.57462644803945973 }, "geometry": { "type": "LineString", "coordinates": [ [ 0.2076163, 51.8845163 ], [ 0.2075466, 51.88449150000001 ], [ 0.2074956, 51.8844534 ], [ 0.2074473, 51.8843905 ], [ 0.2074312, 51.8843458 ], [ 0.2074286, 51.8843127 ], [ 0.2074198, 51.8842533 ] ] } },
{ "type": "Feature", "properties": { "id": 27891, "nach": 0.65120447899998724 }, "geometry": { "type": "LineString", "coordinates": [ [ 0.207498, 51.8833751 ], [ 0.2074541, 51.8832101 ], [ 0.2073978, 51.8829716 ] ] } },
{ "type": "Feature", "properties": { "id": 27895, "nach": 0.58811497718425987 }, "geometry": { "type": "LineString", "coordinates": [ [ 0.2067059, 51.8837447 ], [ 0.2070776, 51.8837048 ], [ 0.2072369, 51.8836674 ], [ 0.207258, 51.8836222 ], [ 0.2074199, 51.8834315 ], [ 0.207498, 51.8833751 ] ] } },
{ "type": "Feature", "properties": { "id": 254, "nach": 0.60042818365154371 }, "geometry": { "type": "LineString", "coordinates": [ [ 0.1942332, 51.8719986 ], [ 0.1944244, 51.8720809 ], [ 0.1945197, 51.872111 ], [ 0.1946207, 51.872135 ], [ 0.1947893, 51.8721493 ], [ 0.1951912, 51.8721617 ] ] } },
{ "type": "Feature", "properties": { "id": 255, "nach": 0.44013894500770423 }, "geometry": { "type": "LineString", "coordinates": [ [ 0.1942332, 51.8719986 ], [ 0.1942731, 51.8720397 ], [ 0.1943988, 51.872138300000024 ], [ 0.1945177, 51.8722102 ], [ 0.194641, 51.8722766 ], [ 0.1947651, 51.8723337 ], [ 0.1949242, 51.8723873 ], [ 0.1950766, 51.872419799999989 ], [ 0.1952625, 51.8724485 ], [ 0.1955752, 51.8724577 ] ] } },
{ "type": "Feature", "properties": { "id": 33618, "nach": 0.61174614177868603 }, "geometry": { "type": "LineString", "coordinates": [ [ 0.194183, 51.8719333 ], [ 0.194194, 51.871955 ], [ 0.1942332, 51.8719986 ] ] } },
{ "type": "Feature", "properties": { "id": 20406, "nach": 0.59672977201974109 }, "geometry": { "type": "LineString", "coordinates": [ [ 0.1951912, 51.8721617 ], [ 0.1954895, 51.8721686 ] ] } },
{ "type": "Feature", "properties": { "id": 20407, "nach": 0.44075076709848093 }, "geometry": { "type": "LineString", "coordinates": [ [ 0.1951912, 51.8721617 ], [ 0.1952225, 51.8721766 ], [ 0.1953023, 51.8722291 ], [ 0.1953665, 51.872287100000015 ], [ 0.1954132, 51.8723088 ], [ 0.1954776, 51.87232430000001 ], [ 0.195493, 51.872325 ] ] } },
{ "type": "Feature", "properties": { "id": 70630, "nach": 0.43842695193769171 }, "geometry": { "type": "LineString", "coordinates": [ [ 0.1955752, 51.8724577 ], [ 0.1956132, 51.8724867 ], [ 0.1956062, 51.8725274 ] ] } },
{ "type": "Feature", "properties": { "id": 70629, "nach": 0.3592976408923656 }, "geometry": { "type": "LineString", "coordinates": [ [ 0.1955752, 51.8724577 ], [ 0.1954858, 51.8723898 ], [ 0.195493, 51.872325 ] ] } },
{ "type": "Feature", "properties": { "id": 256, "nach": 0.63288530446657498 }, "geometry": { "type": "LineString", "coordinates": [ [ 0.195994, 51.8721879 ], [ 0.196151, 51.8721942 ], [ 0.196253, 51.8721915 ], [ 0.1963119, 51.872188 ], [ 0.1963594, 51.8721809 ] ] } },
{ "type": "Feature", "properties": { "id": 72042, "nach": 0.6026890025999575 }, "geometry": { "type": "LineString", "coordinates": [ [ 0.1960306, 51.8719432 ], [ 0.1960005, 51.8721445 ], [ 0.1959988, 51.8721561 ], [ 0.195994, 51.8721879 ] ] } },
{ "type": "Feature", "properties": { "id": 1934, "nach": 0.57967021015000142 }, "geometry": { "type": "LineString", "coordinates": [ [ 0.1957333, 51.8721774 ], [ 0.195994, 51.8721879 ] ] } },
{ "type": "Feature", "properties": { "id": 70626, "nach": 0.36518776568097971 }, "geometry": { "type": "LineString", "coordinates": [ [ 0.195493, 51.872325 ], [ 0.1960677, 51.8723508 ], [ 0.1961554, 51.8723327 ], [ 0.1962162, 51.8723066 ], [ 0.1963127, 51.872252199999984 ], [ 0.1963514, 51.8722101 ], [ 0.1963594, 51.8721809 ] ] } },
{ "type": "Feature", "properties": { "id": 72040, "nach": 0.57512294373395512 }, "geometry": { "type": "LineString", "coordinates": [ [ 0.1960306, 51.8719432 ], [ 0.1957674, 51.8719301 ] ] } },
{ "type": "Feature", "properties": { "id": 72043, "nach": 0.51119886782467938 }, "geometry": { "type": "LineString", "coordinates": [ [ 0.1960805, 51.8716102 ], [ 0.1960306, 51.8719432 ] ] } },
{ "type": "Feature", "properties": { "id": 53751, "nach": 0.60879610653202665 }, "geometry": { "type": "LineString", "coordinates": [ [ 0.2110004, 51.8775822 ], [ 0.2115567, 51.8779548 ] ] } },
{ "type": "Feature", "properties": { "id": 22806, "nach": 0.6177285812821639 }, "geometry": { "type": "LineString", "coordinates": [ [ 0.2064287, 51.881332 ], [ 0.2063049, 51.88135 ], [ 0.2061987, 51.8813655 ] ] } },
{ "type": "Feature", "properties": { "id": 22805, "nach": 0.46712257436275489 }, "geometry": { "type": "LineString", "coordinates": [ [ 0.2064287, 51.881332 ], [ 0.2064883, 51.8814875 ] ] } },
{ "type": "Feature", "properties": { "id": 25125, "nach": 0.33957324262002231 }, "geometry": { "type": "LineString", "coordinates": [ [ 0.2067865, 51.8758704 ], [ 0.20703, 51.8757965 ], [ 0.2073031, 51.8756536 ], [ 0.2075363, 51.8755084 ], [ 0.2077317, 51.8753668 ], [ 0.2082229, 51.8749277 ], [ 0.2087877, 51.8744122 ], [ 0.2089721, 51.8742485 ], [ 0.2091504, 51.8741045 ], [ 0.2093514, 51.8739616 ], [ 0.2097453, 51.8737126 ] ] } },
{ "type": "Feature", "properties": { "id": 343, "nach": 0.52913706769349744 }, "geometry": { "type": "LineString", "coordinates": [ [ 0.202901892551835, 51.876173453135365 ], [ 0.2067865, 51.8758704 ] ] } },
{ "type": "Feature", "properties": { "id": 25126, "nach": 0.36655933349935305 }, "geometry": { "type": "LineString", "coordinates": [ [ 0.211082810144644, 51.872619791493484 ], [ 0.2067865, 51.8758704 ] ] } },
{ "type": "Feature", "properties": { "id": 1931, "nach": 0.58674858322631174 }, "geometry": { "type": "LineString", "coordinates": [ [ 0.1954895, 51.8721686 ], [ 0.1957333, 51.8721774 ] ] } },
{ "type": "Feature", "properties": { "id": 41417, "nach": 0.45224861288300572 }, "geometry": { "type": "LineString", "coordinates": [ [ 0.1955244, 51.8719181 ], [ 0.1954966, 51.8721178 ], [ 0.195493, 51.872143300000012 ], [ 0.1954895, 51.8721686 ] ] } },
{ "type": "Feature", "properties": { "id": 41415, "nach": 0.43309801299900169 }, "geometry": { "type": "LineString", "coordinates": [ [ 0.1957674, 51.8719301 ], [ 0.1957398, 51.8721307 ], [ 0.195737, 51.8721504 ], [ 0.1957333, 51.8721774 ] ] } },
{ "type": "Feature", "properties": { "id": 41419, "nach": 0.48918270853381152 }, "geometry": { "type": "LineString", "coordinates": [ [ 0.1958623, 51.8712448 ], [ 0.1958137, 51.8715963 ] ] } },
{ "type": "Feature", "properties": { "id": 22584, "nach": 0.64682681935962794 }, "geometry": { "type": "LineString", "coordinates": [ [ 0.2073978, 51.8829716 ], [ 0.2072513, 51.8824324 ] ] } },
{ "type": "Feature", "properties": { "id": 22763, "nach": 0.62923837732413668 }, "geometry": { "type": "LineString", "coordinates": [ [ 0.2071807, 51.88193660000001 ], [ 0.2071819, 51.881953 ], [ 0.2072046, 51.8822015 ], [ 0.2072513, 51.8824324 ] ] } },
{ "type": "Feature", "properties": { "id": 53780, "nach": 0.5884319820090016 }, "geometry": { "type": "LineString", "coordinates": [ [ 0.2075711, 51.882415 ], [ 0.2072513, 51.8824324 ] ] } },
{ "type": "Feature", "properties": { "id": 22583, "nach": 0.56359527461178782 }, "geometry": { "type": "LineString", "coordinates": [ [ 0.2073978, 51.8829716 ], [ 0.2078165, 51.8829397 ] ] } },
{ "type": "Feature", "properties": { "id": 22762, "nach": 0.61870557630306489 }, "geometry": { "type": "LineString", "coordinates": [ [ 0.2071807, 51.88193660000001 ], [ 0.2071714, 51.8818052 ] ] } },
{ "type": "Feature", "properties": { "id": 31347, "nach": 0.54857813919040488 }, "geometry": { "type": "LineString", "coordinates": [ [ 0.2064883, 51.8814875 ], [ 0.2066385, 51.8818473 ], [ 0.206668, 51.881885400000016 ], [ 0.2067071, 51.8819154 ], [ 0.2067688, 51.8819369 ], [ 0.2068263, 51.8819466 ], [ 0.2069002, 51.8819518 ], [ 0.2071807, 51.88193660000001 ] ] } },
{ "type": "Feature", "properties": { "id": 23179, "nach": 0.58766545592530495 }, "geometry": { "type": "LineString", "coordinates": [ [ 0.2108733, 51.8790572 ], [ 0.2107867, 51.8790024 ], [ 0.2107075, 51.8789523 ] ] } },
{ "type": "Feature", "properties": { "id": 31241, "nach": 0.71894059053563797 }, "geometry": { "type": "LineString", "coordinates": [ [ 0.2105879, 51.8792204 ], [ 0.2108733, 51.8790572 ] ] } },
{ "type": "Feature", "properties": { "id": 33620, "nach": 0.60798738087379922 }, "geometry": { "type": "LineString", "coordinates": [ [ 0.194183, 51.8719333 ], [ 0.194133, 51.87195530000001 ], [ 0.194075, 51.8719526 ], [ 0.1940117, 51.8719325 ], [ 0.1938208, 51.8718308 ], [ 0.19372, 51.8717361 ] ] } },
{ "type": "Feature", "properties": { "id": 2189, "nach": 0.52000522726409615 }, "geometry": { "type": "LineString", "coordinates": [ [ 0.1940954, 51.87179960000001 ], [ 0.194183, 51.8719333 ] ] } },
{ "type": "Feature", "properties": { "id": 33635, "nach": 0.52461259818452721 }, "geometry": { "type": "LineString", "coordinates": [ [ 0.1943926, 51.8718671 ], [ 0.1942585, 51.8719002 ], [ 0.194183, 51.8719333 ] ] } },
{ "type": "Feature", "properties": { "id": 2190, "nach": 0.60785628398322245 }, "geometry": { "type": "LineString", "coordinates": [ [ 0.1941657, 51.8733641 ], [ 0.1928844, 51.8735964 ], [ 0.1917967, 51.8737935 ], [ 0.19144, 51.8738721 ] ] } },
{ "type": "Feature", "properties": { "id": 29634, "nach": 0.55506963058988412 }, "geometry": { "type": "LineString", "coordinates": [ [ 0.1940096, 51.8727969 ], [ 0.1940686, 51.87292320000001 ], [ 0.1943146, 51.8731671 ], [ 0.1943361, 51.8731994 ], [ 0.1943314, 51.8732279 ], [ 0.1943187, 51.8732553 ], [ 0.1943059, 51.8732797 ], [ 0.1942809, 51.8733001 ], [ 0.1942194, 51.8733455 ], [ 0.1941657, 51.8733641 ] ] } },
{ "type": "Feature", "properties": { "id": 71661, "nach": 0.57237372935838526 }, "geometry": { "type": "LineString", "coordinates": [ [ 0.194553, 51.873299 ], [ 0.1941657, 51.8733641 ] ] } },
{ "type": "Feature", "properties": { "id": 87368, "nach": 0.62111658782837242 }, "geometry": { "type": "LineString", "coordinates": [ [ 0.19144, 51.8738721 ], [ 0.1913981, 51.873796 ], [ 0.1913518, 51.873716699999989 ], [ 0.191255, 51.873550800000018 ] ] } },
{ "type": "Feature", "properties": { "id": 40602, "nach": 0.4116406974911892 }, "geometry": { "type": "LineString", "coordinates": [ [ 0.1990555, 51.87738670000001 ], [ 0.1990245, 51.877248 ] ] } },
{ "type": "Feature", "properties": { "id": 59678, "nach": 0.41405755970263058 }, "geometry": { "type": "LineString", "coordinates": [ [ 0.1988852, 51.8773299 ], [ 0.1988985, 51.8773272 ], [ 0.1990245, 51.877248 ] ] } },
{ "type": "Feature", "properties": { "id": 50812, "nach": 0.46814832827014485 }, "geometry": { "type": "LineString", "coordinates": [ [ 0.1983773, 51.87533770000001 ], [ 0.198428, 51.8753838 ], [ 0.198737, 51.87580770000001 ], [ 0.1988882, 51.8762111 ], [ 0.1990192, 51.8770241 ], [ 0.1990444, 51.8771804 ], [ 0.1990245, 51.877248 ] ] } },
{ "type": "Feature", "properties": { "id": 59676, "nach": 0.37328536043613275 }, "geometry": { "type": "LineString", "coordinates": [ [ 0.1988852, 51.8773299 ], [ 0.1990555, 51.87738670000001 ] ] } },
{ "type": "Feature", "properties": { "id": 40606, "nach": 0.41454031100326044 }, "geometry": { "type": "LineString", "coordinates": [ [ 0.199238, 51.8777851 ], [ 0.1992099, 51.8777616 ], [ 0.1991825, 51.8776936 ], [ 0.1990555, 51.87738670000001 ] ] } },
{ "type": "Feature", "properties": { "id": 67697, "nach": 0.43529121267396326 }, "geometry": { "type": "LineString", "coordinates": [ [ 0.1967692, 51.879527 ], [ 0.1969292, 51.8793707 ], [ 0.1973778, 51.8786916 ], [ 0.1975585, 51.8784072 ], [ 0.1978814, 51.8779116 ], [ 0.1979924, 51.8777359 ], [ 0.1980654, 51.8775725 ], [ 0.1981603, 51.877498 ], [ 0.1983052, 51.877448 ], [ 0.1988852, 51.8773299 ] ] } },
{ "type": "Feature", "properties": { "id": 50813, "nach": 0.51533688726773286 }, "geometry": { "type": "LineString", "coordinates": [ [ 0.1983773, 51.87533770000001 ], [ 0.1981026, 51.8751142 ], [ 0.1979769, 51.8750323 ] ] } },
{ "type": "Feature", "properties": { "id": 58013, "nach": 0.46557917329805543 }, "geometry": { "type": "LineString", "coordinates": [ [ 0.199151, 51.87512 ], [ 0.1991249, 51.8751424 ], [ 0.1985066, 51.875304 ], [ 0.1983773, 51.87533770000001 ] ] } },
{ "type": "Feature", "properties": { "id": 35252, "nach": 0.46715831307209305 }, "geometry": { "type": "LineString", "coordinates": [ [ 0.1958625, 51.879571899999988 ], [ 0.1957552, 51.8796224 ], [ 0.1956332, 51.8796472 ], [ 0.1954953, 51.8797668 ] ] } },
{ "type": "Feature", "properties": { "id": 46661, "nach": 0.52152781234747836 }, "geometry": { "type": "LineString", "coordinates": [ [ 0.1946495, 51.8798936 ], [ 0.1947974, 51.879834700000011 ], [ 0.1952265, 51.8797605 ], [ 0.1954953, 51.8797668 ] ] } },
{ "type": "Feature", "properties": { "id": 56094, "nach": 0.51768087924430461 }, "geometry": { "type": "LineString", "coordinates": [ [ 0.1958694, 51.8799961 ], [ 0.1957998, 51.8799838 ], [ 0.195734, 51.8799589 ], [ 0.195546, 51.8797882 ], [ 0.1954953, 51.8797668 ] ] } },
{ "type": "Feature", "properties": { "id": 35253, "nach": 0.38804158218595092 }, "geometry": { "type": "LineString", "coordinates": [ [ 0.1958625, 51.879571899999988 ], [ 0.1958558, 51.879484100000013 ], [ 0.1958249, 51.879404599999987 ] ] } },
{ "type": "Feature", "properties": { "id": 35254, "nach": 0.39028664199929358 }, "geometry": { "type": "LineString", "coordinates": [ [ 0.1959577, 51.879605 ], [ 0.1958625, 51.879571899999988 ] ] } },
{ "type": "Feature", "properties": { "id": 46659, "nach": 0.39265770422364799 }, "geometry": { "type": "LineString", "coordinates": [ [ 0.1946495, 51.8798936 ], [ 0.1945425, 51.8798652 ] ] } },
{ "type": "Feature", "properties": { "id": 46660, "nach": 0.5130201716146312 }, "geometry": { "type": "LineString", "coordinates": [ [ 0.1946495, 51.8798936 ], [ 0.1946257, 51.8799089 ], [ 0.194291, 51.8801208 ], [ 0.1941852, 51.8802105 ] ] } },
{ "type": "Feature", "properties": { "id": 56093, "nach": 0.50616758505377679 }, "geometry": { "type": "LineString", "coordinates": [ [ 0.1958694, 51.8799961 ], [ 0.1959309, 51.880059 ], [ 0.1960766, 51.8801373 ] ] } },
{ "type": "Feature", "properties": { "id": 56095, "nach": 0.49689107641526975 }, "geometry": { "type": "LineString", "coordinates": [ [ 0.1958694, 51.8799961 ], [ 0.1959679, 51.8799831 ], [ 0.1961449, 51.8799248 ], [ 0.1964711, 51.8797403 ], [ 0.196621, 51.8796421 ] ] } },
{ "type": "Feature", "properties": { "id": 52369, "nach": 0.54239760280223404 }, "geometry": { "type": "LineString", "coordinates": [ [ 0.1934513, 51.8808944 ], [ 0.1934098, 51.880936 ] ] } },
{ "type": "Feature", "properties": { "id": 68435, "nach": 0.5098531418061405 }, "geometry": { "type": "LineString", "coordinates": [ [ 0.1928576, 51.8808659 ], [ 0.1929243, 51.8808721 ], [ 0.1931316, 51.8808911 ], [ 0.1934098, 51.880936 ] ] } },
{ "type": "Feature", "properties": { "id": 85656, "nach": 0.52746817020403836 }, "geometry": { "type": "LineString", "coordinates": [ [ 0.1927461, 51.8817125 ], [ 0.1928319, 51.8816044 ], [ 0.1931478, 51.8812381 ], [ 0.1934098, 51.880936 ] ] } },
{ "type": "Feature", "properties": { "id": 52371, "nach": 0.53233779473852472 }, "geometry": { "type": "LineString", "coordinates": [ [ 0.1934513, 51.8808944 ], [ 0.1937353, 51.8805983 ], [ 0.1939734, 51.8803857 ], [ 0.1941852, 51.8802105 ] ] } },
{ "type": "Feature", "properties": { "id": 52372, "nach": 0.3846100287482741 }, "geometry": { "type": "LineString", "coordinates": [ [ 0.1947756, 51.8813332 ], [ 0.1944996, 51.8812573 ], [ 0.1941871, 51.8811373 ], [ 0.1940061, 51.8810619 ], [ 0.1936074, 51.8809415 ], [ 0.1934513, 51.8808944 ] ] } },
{ "type": "Feature", "properties": { "id": 68434, "nach": 0.49142819649318209 }, "geometry": { "type": "LineString", "coordinates": [ [ 0.1928576, 51.8808659 ], [ 0.1927047, 51.880851900000017 ], [ 0.1921629, 51.8808854 ], [ 0.1921017, 51.880912 ] ] } },
{ "type": "Feature", "properties": { "id": 68436, "nach": 0.42662891889635379 }, "geometry": { "type": "LineString", "coordinates": [ [ 0.1928608, 51.880802300000013 ], [ 0.1928576, 51.8808659 ] ] } },
{ "type": "Feature", "properties": { "id": 85654, "nach": 0.40069150708946832 }, "geometry": { "type": "LineString", "coordinates": [ [ 0.1927461, 51.8817125 ], [ 0.1928067, 51.8817374 ], [ 0.1928455, 51.8817533 ] ] } },
{ "type": "Feature", "properties": { "id": 85655, "nach": 0.53636690931665099 }, "geometry": { "type": "LineString", "coordinates": [ [ 0.1927461, 51.8817125 ], [ 0.1925771, 51.881841 ], [ 0.1923048, 51.8820687 ], [ 0.1919655, 51.8823495 ], [ 0.1918811, 51.8824602 ], [ 0.1918039, 51.8826118 ], [ 0.1917641, 51.882734300000017 ] ] } },
{ "type": "Feature", "properties": { "id": 5457, "nach": 0.44088311190088819 }, "geometry": { "type": "LineString", "coordinates": [ [ 0.1908419, 51.883839599999988 ], [ 0.1906796, 51.8837317 ] ] } },
{ "type": "Feature", "properties": { "id": 2204, "nach": 0.52467298898314185 }, "geometry": { "type": "LineString", "coordinates": [ [ 0.1903107, 51.8838687 ], [ 0.1906796, 51.8837317 ] ] } },
{ "type": "Feature", "properties": { "id": 5483, "nach": 0.53988430740150539 }, "geometry": { "type": "LineString", "coordinates": [ [ 0.1911584, 51.8834173 ], [ 0.1909093, 51.8836017 ], [ 0.1906796, 51.8837317 ] ] } },
{ "type": "Feature", "properties": { "id": 47947, "nach": 0.56495446989392772 }, "geometry": { "type": "LineString", "coordinates": [ [ 0.1903767, 51.8839077 ], [ 0.1908419, 51.883839599999988 ] ] } },
{ "type": "Feature", "properties": { "id": 5462, "nach": 0.57393561989189767 }, "geometry": { "type": "LineString", "coordinates": [ [ 0.1916591, 51.883693800000017 ], [ 0.1913378, 51.8837669 ], [ 0.1908419, 51.883839599999988 ] ] } },
{ "type": "Feature", "properties": { "id": 47946, "nach": 0.56976756979700427 }, "geometry": { "type": "LineString", "coordinates": [ [ 0.1903767, 51.8839077 ], [ 0.1903107, 51.8838687 ] ] } },
{ "type": "Feature", "properties": { "id": 56088, "nach": 0.41220608480352011 }, "geometry": { "type": "LineString", "coordinates": [ [ 0.1899203, 51.884023 ], [ 0.1903252, 51.884003800000016 ], [ 0.1903209, 51.8839635 ], [ 0.1903107, 51.8838687 ] ] } },
{ "type": "Feature", "properties": { "id": 71443, "nach": 0.58775826227994199 }, "geometry": { "type": "LineString", "coordinates": [ [ 0.1897593, 51.8839444 ], [ 0.1901118, 51.8839122 ], [ 0.1901456, 51.8839043 ], [ 0.1903107, 51.8838687 ] ] } },
{ "type": "Feature", "properties": { "id": 5484, "nach": 0.54354977454227704 }, "geometry": { "type": "LineString", "coordinates": [ [ 0.1911584, 51.8834173 ], [ 0.1913724, 51.8832221 ], [ 0.1915256, 51.8830625 ], [ 0.1915765, 51.8829969 ] ] } },
{ "type": "Feature", "properties": { "id": 5485, "nach": 0.51326285759873835 }, "geometry": { "type": "LineString", "coordinates": [ [ 0.1903169, 51.8830566 ], [ 0.1905025, 51.8831574 ], [ 0.1911584, 51.8834173 ] ] } },
{ "type": "Feature", "properties": { "id": 47948, "nach": 0.40456311657962435 }, "geometry": { "type": "LineString", "coordinates": [ [ 0.1903767, 51.8839077 ], [ 0.19047, 51.884425 ], [ 0.1906068, 51.884536500000017 ] ] } },
{ "type": "Feature", "properties": { "id": 56089, "nach": 0.40932574651176085 }, "geometry": { "type": "LineString", "coordinates": [ [ 0.1899106, 51.8841662 ], [ 0.1899203, 51.884023 ] ] } },
{ "type": "Feature", "properties": { "id": 71441, "nach": 0.40766533732498178 }, "geometry": { "type": "LineString", "coordinates": [ [ 0.1897593, 51.8839444 ], [ 0.1899203, 51.884023 ] ] } },
{ "type": "Feature", "properties": { "id": 71442, "nach": 0.5919082884068978 }, "geometry": { "type": "LineString", "coordinates": [ [ 0.1897593, 51.8839444 ], [ 0.1896625, 51.8839532 ], [ 0.1894222, 51.8839732 ] ] } },
{ "type": "Feature", "properties": { "id": 86976, "nach": 0.63559972845322277 }, "geometry": { "type": "LineString", "coordinates": [ [ 0.189826, 51.8736688 ], [ 0.1890632, 51.8737852 ], [ 0.1888124, 51.8738071 ] ] } },
{ "type": "Feature", "properties": { "id": 86975, "nach": 0.59155438687208439 }, "geometry": { "type": "LineString", "coordinates": [ [ 0.189826, 51.8736688 ], [ 0.18973, 51.8733788 ] ] } },
{ "type": "Feature", "properties": { "id": 86974, "nach": 0.61748596983912363 }, "geometry": { "type": "LineString", "coordinates": [ [ 0.189826, 51.8736688 ], [ 0.1898687, 51.8737695 ], [ 0.1899647, 51.8739325 ], [ 0.1904183, 51.8738103 ], [ 0.1903674, 51.8736705 ], [ 0.1903497, 51.873623699999982 ], [ 0.1903296, 51.8735761 ] ] } },
{ "type": "Feature", "properties": { "id": 65411, "nach": 0.54311686430381323 }, "geometry": { "type": "LineString", "coordinates": [ [ 0.1912815, 51.8735435 ], [ 0.191255, 51.873550800000018 ] ] } },
{ "type": "Feature", "properties": { "id": 58729, "nach": 0.61938564246903172 }, "geometry": { "type": "LineString", "coordinates": [ [ 0.1908588, 51.8735523 ], [ 0.1909482, 51.873573 ], [ 0.1911016, 51.873576800000016 ], [ 0.191255, 51.873550800000018 ] ] } },
{ "type": "Feature", "properties": { "id": 65412, "nach": 0.49703786002586253 }, "geometry": { "type": "LineString", "coordinates": [ [ 0.1912815, 51.8735435 ], [ 0.1913604, 51.8735219 ], [ 0.1914666, 51.8734972 ], [ 0.1915723, 51.8734955 ], [ 0.1923063, 51.8733626 ] ] } },
{ "type": "Feature", "properties": { "id": 65414, "nach": 0.4271603517817773 }, "geometry": { "type": "LineString", "coordinates": [ [ 0.19092, 51.872434 ], [ 0.1908234, 51.87253 ], [ 0.1907564, 51.8726526 ], [ 0.1907322, 51.8727652 ], [ 0.1907429, 51.8728977 ], [ 0.1907912, 51.8729904 ], [ 0.1910112, 51.873214 ], [ 0.1912252, 51.873475 ], [ 0.1912815, 51.8735435 ] ] } },
{ "type": "Feature", "properties": { "id": 86972, "nach": 0.6182068384837488 }, "geometry": { "type": "LineString", "coordinates": [ [ 0.1903296, 51.8735761 ], [ 0.1905382, 51.8735437 ], [ 0.190656, 51.8735335 ], [ 0.1907709, 51.8735402 ], [ 0.1908588, 51.8735523 ] ] } },
{ "type": "Feature", "properties": { "id": 65419, "nach": 0.5283410309810993 }, "geometry": { "type": "LineString", "coordinates": [ [ 0.1905671, 51.8737296 ], [ 0.1907832, 51.8736884 ], [ 0.1908588, 51.8735523 ] ] } },
{ "type": "Feature", "properties": { "id": 5471, "nach": 0.54863255783212028 }, "geometry": { "type": "LineString", "coordinates": [ [ 0.1926653, 51.8842086 ], [ 0.1924126, 51.884166900000011 ], [ 0.1922382, 51.8840964 ], [ 0.1920269, 51.88397350000001 ], [ 0.1916591, 51.883693800000017 ] ] } },
{ "type": "Feature", "properties": { "id": 16716, "nach": 0.5500912581365246 }, "geometry": { "type": "LineString", "coordinates": [ [ 0.1919695, 51.8833889 ], [ 0.191955, 51.8834722 ], [ 0.1918724, 51.8835717 ], [ 0.1917823, 51.8836447 ], [ 0.1916591, 51.883693800000017 ] ] } },
{ "type": "Feature", "properties": { "id": 5472, "nach": 0.44815062892006552 }, "geometry": { "type": "LineString", "coordinates": [ [ 0.1926653, 51.8842086 ], [ 0.1927854, 51.8842139 ], [ 0.1930465, 51.884202 ], [ 0.1932706, 51.8841768 ], [ 0.1933415, 51.8841678 ] ] } },
{ "type": "Feature", "properties": { "id": 5475, "nach": 0.53897647175022267 }, "geometry": { "type": "LineString", "coordinates": [ [ 0.1925863, 51.8844999 ], [ 0.1925966, 51.8844682 ], [ 0.1926653, 51.8842086 ] ] } },
{ "type": "Feature", "properties": { "id": 16715, "nach": 0.56074351137415535 }, "geometry": { "type": "LineString", "coordinates": [ [ 0.1919695, 51.8833889 ], [ 0.1919443, 51.8833364 ], [ 0.1918705, 51.8831992 ], [ 0.1918124, 51.8831145 ], [ 0.1917289, 51.8830554 ], [ 0.1915765, 51.8829969 ] ] } },
{ "type": "Feature", "properties": { "id": 47146, "nach": 0.58144978372324174 }, "geometry": { "type": "LineString", "coordinates": [ [ 0.1922319, 51.8834214 ], [ 0.1919695, 51.8833889 ] ] } },
{ "type": "Feature", "properties": { "id": 85657, "nach": 0.58192863694453045 }, "geometry": { "type": "LineString", "coordinates": [ [ 0.1915971, 51.8829715 ], [ 0.1915765, 51.8829969 ] ] } },
{ "type": "Feature", "properties": { "id": 85658, "nach": 0.51686350077018284 }, "geometry": { "type": "LineString", "coordinates": [ [ 0.1915971, 51.8829715 ], [ 0.1910536, 51.8822855 ], [ 0.1906339, 51.8817695 ], [ 0.1906098, 51.8817218 ] ] } },
{ "type": "Feature", "properties": { "id": 85659, "nach": 0.55097375337350363 }, "geometry": { "type": "LineString", "coordinates": [ [ 0.1915971, 51.8829715 ], [ 0.1917101, 51.8828322 ], [ 0.1917641, 51.882734300000017 ] ] } },
{ "type": "Feature", "properties": { "id": 29014, "nach": 0.40422790040864381 }, "geometry": { "type": "LineString", "coordinates": [ [ 0.1937915, 51.884248300000017 ], [ 0.1938841, 51.8842616 ] ] } },
{ "type": "Feature", "properties": { "id": 29013, "nach": 0.46862104478776628 }, "geometry": { "type": "LineString", "coordinates": [ [ 0.1937915, 51.884248300000017 ], [ 0.1933415, 51.8841678 ] ] } },
{ "type": "Feature", "properties": { "id": 49135, "nach": 0.40064683496014292 }, "geometry": { "type": "LineString", "coordinates": [ [ 0.19386, 51.8839546 ], [ 0.1937915, 51.884248300000017 ] ] } },
{ "type": "Feature", "properties": { "id": 29018, "nach": 0.43263944688057648 }, "geometry": { "type": "LineString", "coordinates": [ [ 0.1931293, 51.884522500000017 ], [ 0.1935381, 51.8844764 ], [ 0.1936348, 51.8844505 ], [ 0.1936869, 51.8844316 ], [ 0.1937371, 51.884404600000018 ], [ 0.1937915, 51.884248300000017 ] ] } },
{ "type": "Feature", "properties": { "id": 62569, "nach": 0.46265674321641942 }, "geometry": { "type": "LineString", "coordinates": [ [ 0.192733, 51.8834851 ], [ 0.192856, 51.8836648 ], [ 0.1929496, 51.8837276 ], [ 0.1930757, 51.8837938 ], [ 0.1932356, 51.8838251 ], [ 0.1933415, 51.8841678 ] ] } },
{ "type": "Feature", "properties": { "id": 62568, "nach": 0.54484180071565314 }, "geometry": { "type": "LineString", "coordinates": [ [ 0.192733, 51.8834851 ], [ 0.1932794, 51.8835625 ], [ 0.1935368, 51.8836271 ], [ 0.1938542, 51.883801 ], [ 0.1939775, 51.883875300000014 ], [ 0.1940412, 51.8839138 ], [ 0.1944048, 51.8841274 ], [ 0.1947535, 51.884268 ], [ 0.1947859, 51.884281 ] ] } },
{ "type": "Feature", "properties": { "id": 62567, "nach": 0.5671173317135777 }, "geometry": { "type": "LineString", "coordinates": [ [ 0.192733, 51.8834851 ], [ 0.1926846, 51.8834783 ] ] } },
{ "type": "Feature", "properties": { "id": 29020, "nach": 0.51475515205636846 }, "geometry": { "type": "LineString", "coordinates": [ [ 0.1927678, 51.884593500000015 ], [ 0.1925863, 51.8844999 ] ] } },
{ "type": "Feature", "properties": { "id": 66994, "nach": 0.5076618593770621 }, "geometry": { "type": "LineString", "coordinates": [ [ 0.1922734, 51.88469340000001 ], [ 0.1923305, 51.8846642 ], [ 0.1925451, 51.8845583 ], [ 0.1925794, 51.8845212 ], [ 0.1925863, 51.8844999 ] ] } },
{ "type": "Feature", "properties": { "id": 29021, "nach": 0.40547049589962103 }, "geometry": { "type": "LineString", "coordinates": [ [ 0.1927678, 51.884593500000015 ], [ 0.1928531, 51.8846375 ] ] } },
{ "type": "Feature", "properties": { "id": 29022, "nach": 0.50194733201283748 }, "geometry": { "type": "LineString", "coordinates": [ [ 0.1927678, 51.884593500000015 ], [ 0.1928652, 51.8845519 ], [ 0.1931293, 51.884522500000017 ] ] } },
{ "type": "Feature", "properties": { "id": 66995, "nach": 0.4696999010411102 }, "geometry": { "type": "LineString", "coordinates": [ [ 0.1922734, 51.88469340000001 ], [ 0.1920301, 51.8848179 ], [ 0.1919391, 51.8848451 ] ] } },
{ "type": "Feature", "properties": { "id": 66993, "nach": 0.39767015874841866 }, "geometry": { "type": "LineString", "coordinates": [ [ 0.1922734, 51.88469340000001 ], [ 0.1925354, 51.884962800000011 ] ] } },
{ "type": "Feature", "properties": { "id": 5479, "nach": 0.39544960658942951 }, "geometry": { "type": "LineString", "coordinates": [ [ 0.1906051, 51.8824658 ], [ 0.1908277, 51.8827207 ] ] } },
{ "type": "Feature", "properties": { "id": 5481, "nach": 0.39782358310780647 }, "geometry": { "type": "LineString", "coordinates": [ [ 0.190516, 51.882363699999985 ], [ 0.1906051, 51.8824658 ] ] } },
{ "type": "Feature", "properties": { "id": 5486, "nach": 0.47377805497095621 }, "geometry": { "type": "LineString", "coordinates": [ [ 0.1903169, 51.8830566 ], [ 0.1901187, 51.8828212 ], [ 0.1901115, 51.8826988 ], [ 0.1901866, 51.8826092 ], [ 0.1906051, 51.8824658 ] ] } },
{ "type": "Feature", "properties": { "id": 28971, "nach": 0.47013148844363106 }, "geometry": { "type": "LineString", "coordinates": [ [ 0.189502, 51.8827146 ], [ 0.189719, 51.8830323 ], [ 0.189788, 51.8832235 ], [ 0.1898973, 51.8832231 ], [ 0.1900597, 51.8831727 ], [ 0.1903169, 51.8830566 ] ] } },
{ "type": "Feature", "properties": { "id": 28970, "nach": 0.53026958605831742 }, "geometry": { "type": "LineString", "coordinates": [ [ 0.189502, 51.8827146 ], [ 0.1891438, 51.882846 ] ] } },
{ "type": "Feature", "properties": { "id": 28972, "nach": 0.53618559816011768 }, "geometry": { "type": "LineString", "coordinates": [ [ 0.189502, 51.8827146 ], [ 0.1893326, 51.8825711 ], [ 0.1891907, 51.8824211 ], [ 0.1891648, 51.8823596 ], [ 0.1890594, 51.8822488 ] ] } },
{ "type": "Feature", "properties": { "id": 66982, "nach": 0.43868261524792329 }, "geometry": { "type": "LineString", "coordinates": [ [ 0.2015788, 51.8786877 ], [ 0.201655, 51.878670700000015 ] ] } },
{ "type": "Feature", "properties": { "id": 68356, "nach": 0.43666798450794603 }, "geometry": { "type": "LineString", "coordinates": [ [ 0.2016746, 51.8786678 ], [ 0.201655, 51.878670700000015 ] ] } },
{ "type": "Feature", "properties": { "id": 49626, "nach": 0.42611383688141041 }, "geometry": { "type": "LineString", "coordinates": [ [ 0.2016829, 51.878569 ], [ 0.201655, 51.878670700000015 ] ] } },
{ "type": "Feature", "properties": { "id": 66983, "nach": 0.42928318747602617 }, "geometry": { "type": "LineString", "coordinates": [ [ 0.2015788, 51.8786877 ], [ 0.2008842, 51.8788364 ], [ 0.2005037, 51.8789464 ], [ 0.2000346, 51.8791516 ], [ 0.1997619, 51.8792925 ], [ 0.1995722, 51.8794028 ], [ 0.1993416, 51.8795235 ], [ 0.198864, 51.8796924 ], [ 0.1982773, 51.8799893 ], [ 0.19758, 51.8803825 ], [ 0.1974283, 51.880458 ], [ 0.1973042, 51.880482 ], [ 0.1971203, 51.8804524 ], [ 0.1960766, 51.8801373 ] ] } },
{ "type": "Feature", "properties": { "id": 66984, "nach": 0.28414395879701715 }, "geometry": { "type": "LineString", "coordinates": [ [ 0.2015788, 51.8786877 ], [ 0.2015336, 51.8787719 ], [ 0.201513, 51.878831 ], [ 0.201617, 51.8792536 ], [ 0.2017431, 51.8796708 ], [ 0.2018289, 51.8800997 ], [ 0.201837, 51.8802454 ], [ 0.2017994, 51.880449 ], [ 0.2017511, 51.880608 ], [ 0.2016921, 51.8807189 ], [ 0.2015446, 51.8807719 ], [ 0.2014239, 51.8807868 ], [ 0.2011637, 51.8807951 ], [ 0.2003591, 51.880791800000019 ], [ 0.2002303, 51.880805 ], [ 0.2001303, 51.8808325 ], [ 0.1997985, 51.8816411 ], [ 0.1997851, 51.881752100000021 ], [ 0.1998226, 51.8819524 ], [ 0.1999675, 51.8827206 ], [ 0.2000185, 51.883597400000014 ] ] } },
{ "type": "Feature", "properties": { "id": 85636, "nach": 0.42575792599847073 }, "geometry": { "type": "LineString", "coordinates": [ [ 0.2025226, 51.878602300000011 ], [ 0.2023581, 51.8786075 ], [ 0.2019787, 51.878684400000012 ], [ 0.2017334, 51.8786995 ], [ 0.2016746, 51.8786678 ] ] } },
{ "type": "Feature", "properties": { "id": 49631, "nach": 0.33365873878198765 }, "geometry": { "type": "LineString", "coordinates": [ [ 0.2013636, 51.877829700000014 ], [ 0.2014081, 51.8780032 ], [ 0.2016829, 51.878569 ] ] } },
{ "type": "Feature", "properties": { "id": 58011, "nach": 0.38861356760847571 }, "geometry": { "type": "LineString", "coordinates": [ [ 0.2015928, 51.8779232 ], [ 0.2016933, 51.8784398 ], [ 0.2016829, 51.878569 ] ] } },
{ "type": "Feature", "properties": { "id": 10020, "nach": 0.49540645265912814 }, "geometry": { "type": "LineString", "coordinates": [ [ 0.203156377070993, 51.878117728922909 ], [ 0.1993643, 51.9818391 ] ] } },
{ "type": "Feature", "properties": { "id": 84067, "nach": 0.37854376378624932 }, "geometry": { "type": "LineString", "coordinates": [ [ 0.2094475, 51.8758338 ], [ 0.2096328, 51.8756715 ], [ 0.2100396, 51.87527350000002 ], [ 0.2104025, 51.8749992 ], [ 0.2106591, 51.8749181 ], [ 0.2109282, 51.8748717 ], [ 0.2111723, 51.8748331 ], [ 0.2112787, 51.87480990000001 ], [ 0.2114602, 51.874779 ], [ 0.2117105, 51.8747712 ], [ 0.2118119, 51.8747508 ], [ 0.2119076, 51.8746465 ], [ 0.2119277, 51.8746235 ], [ 0.2119916, 51.8745946 ], [ 0.2120413, 51.8745855 ], [ 0.2121513, 51.87459410000001 ], [ 0.2121937, 51.8746213 ], [ 0.2122416, 51.8746967 ], [ 0.2122922, 51.8747575 ], [ 0.2123421, 51.874801799999986 ], [ 0.2124577, 51.8748777 ], [ 0.2127635, 51.874965 ], [ 0.2129386, 51.8750209 ], [ 0.2129484, 51.8750083 ], [ 0.2129609, 51.8749921 ] ] } },
{ "type": "Feature", "properties": { "id": 23240, "nach": 0.0 }, "geometry": { "type": "LineString", "coordinates": [ [ 0.2108418, 51.8761893 ], [ 0.2105368, 51.8763076 ], [ 0.2104965, 51.8763241 ], [ 0.2104724, 51.8763456 ], [ 0.2104536, 51.8763672 ], [ 0.2104536, 51.8763937 ], [ 0.2104689, 51.876421 ], [ 0.210996, 51.8769074 ], [ 0.2110966, 51.8769778 ], [ 0.2111757, 51.8770234 ], [ 0.2112642, 51.8770556 ], [ 0.2113535, 51.8770734 ], [ 0.2114587, 51.8770854 ], [ 0.2115533, 51.8771007 ], [ 0.211621, 51.877120199999986 ], [ 0.2117216, 51.8771409 ], [ 0.2118141, 51.8771682 ], [ 0.2119013, 51.8771873 ], [ 0.2119677, 51.87718850000001 ], [ 0.2120334, 51.877182699999985 ], [ 0.2121193, 51.8771777 ], [ 0.2122057, 51.877162399999989 ], [ 0.2123774, 51.8770937 ], [ 0.212814, 51.8769103 ], [ 0.2128971, 51.876854 ], [ 0.2129615, 51.8767911 ], [ 0.2129963, 51.8767364 ], [ 0.2130339, 51.876668499999987 ], [ 0.2130697, 51.8765947 ] ] } },
{ "type": "Feature", "properties": { "id": 23264, "nach": 0.19980301723129468 }, "geometry": { "type": "LineString", "coordinates": [ [ 0.2106909, 51.8760462 ], [ 0.2108418, 51.8761893 ] ] } },
{ "type": "Feature", "properties": { "id": 53685, "nach": 0.6561449941660612 }, "geometry": { "type": "LineString", "coordinates": [ [ 0.2081613, 51.8781045 ], [ 0.2090782, 51.8775772 ] ] } },
{ "type": "Feature", "properties": { "id": 23125, "nach": 0.62155915925230421 }, "geometry": { "type": "LineString", "coordinates": [ [ 0.2091338, 51.8775452 ], [ 0.2090782, 51.8775772 ] ] } },
{ "type": "Feature", "properties": { "id": 23115, "nach": 0.59376541708830299 }, "geometry": { "type": "LineString", "coordinates": [ [ 0.2089401, 51.8774738 ], [ 0.2089736, 51.8775031 ], [ 0.2090782, 51.8775772 ] ] } },
{ "type": "Feature", "properties": { "id": 53686, "nach": 0.54136163654967717 }, "geometry": { "type": "LineString", "coordinates": [ [ 0.2081613, 51.8781045 ], [ 0.2080289, 51.8780207 ] ] } },
{ "type": "Feature", "properties": { "id": 23127, "nach": 0.5704590306538071 }, "geometry": { "type": "LineString", "coordinates": [ [ 0.2091338, 51.8775452 ], [ 0.2091734, 51.8775706 ], [ 0.2092804, 51.8776481 ] ] } },
{ "type": "Feature", "properties": { "id": 23113, "nach": 0.54898130203388096 }, "geometry": { "type": "LineString", "coordinates": [ [ 0.2089401, 51.8774738 ], [ 0.2087863, 51.8773726 ] ] } },
{ "type": "Feature", "properties": { "id": 53724, "nach": 0.58607134320311616 }, "geometry": { "type": "LineString", "coordinates": [ [ 0.2094823, 51.8771645 ], [ 0.2089401, 51.8774738 ] ] } },
{ "type": "Feature", "properties": { "id": 23122, "nach": 0.55621320981736355 }, "geometry": { "type": "LineString", "coordinates": [ [ 0.210012, 51.8781307 ], [ 0.2092804, 51.8776481 ] ] } },
{ "type": "Feature", "properties": { "id": 10844, "nach": 0.46161779740465803 }, "geometry": { "type": "LineString", "coordinates": [ [ 0.2094416, 51.8775539 ], [ 0.2092804, 51.8776481 ] ] } },
{ "type": "Feature", "properties": { "id": 23124, "nach": 0.47811181504258998 }, "geometry": { "type": "LineString", "coordinates": [ [ 0.210012, 51.8781307 ], [ 0.2100584, 51.878152400000012 ], [ 0.2101116, 51.8781692 ], [ 0.210181, 51.878179 ], [ 0.210398, 51.8781911 ] ] } },
{ "type": "Feature", "properties": { "id": 53734, "nach": 0.53180127192133742 }, "geometry": { "type": "LineString", "coordinates": [ [ 0.2101731, 51.8780413 ], [ 0.210012, 51.8781307 ] ] } },
{ "type": "Feature", "properties": { "id": 53732, "nach": 0.31092069899484975 }, "geometry": { "type": "LineString", "coordinates": [ [ 0.2101731, 51.8780413 ], [ 0.2094416, 51.8775539 ] ] } },
{ "type": "Feature", "properties": { "id": 10857, "nach": 0.47055733096065339 }, "geometry": { "type": "LineString", "coordinates": [ [ 0.2096005, 51.8774575 ], [ 0.2094416, 51.8775539 ] ] } },
{ "type": "Feature", "properties": { "id": 53747, "nach": 0.21148256092475637 }, "geometry": { "type": "LineString", "coordinates": [ [ 0.2108319, 51.8776757 ], [ 0.2116801, 51.8782518 ] ] } },
{ "type": "Feature", "properties": { "id": 10866, "nach": 0.53844290337060119 }, "geometry": { "type": "LineString", "coordinates": [ [ 0.2113434, 51.8782357 ], [ 0.2116801, 51.8782518 ] ] } },
{ "type": "Feature", "properties": { "id": 53748, "nach": 0.11172209068155209 }, "geometry": { "type": "LineString", "coordinates": [ [ 0.2108319, 51.8776757 ], [ 0.2100869, 51.8771696 ] ] } },
{ "type": "Feature", "properties": { "id": 53750, "nach": 0.56370067402974122 }, "geometry": { "type": "LineString", "coordinates": [ [ 0.2108319, 51.8776757 ], [ 0.2106627, 51.8777696 ] ] } },
{ "type": "Feature", "properties": { "id": 53753, "nach": 0.57349749505905312 }, "geometry": { "type": "LineString", "coordinates": [ [ 0.2110004, 51.8775822 ], [ 0.2108319, 51.8776757 ] ] } },
{ "type": "Feature", "properties": { "id": 10867, "nach": 0.52317116998839208 }, "geometry": { "type": "LineString", "coordinates": [ [ 0.2113434, 51.8782357 ], [ 0.2110432, 51.8782251 ] ] } },
{ "type": "Feature", "properties": { "id": 53743, "nach": 0.23359138933616114 }, "geometry": { "type": "LineString", "coordinates": [ [ 0.2106627, 51.8777696 ], [ 0.2113434, 51.8782357 ] ] } },
{ "type": "Feature", "properties": { "id": 53731, "nach": 0.29112982215185779 }, "geometry": { "type": "LineString", "coordinates": [ [ 0.2101731, 51.8780413 ], [ 0.210398, 51.8781911 ] ] } },
{ "type": "Feature", "properties": { "id": 53738, "nach": 0.53672290373711184 }, "geometry": { "type": "LineString", "coordinates": [ [ 0.2103376, 51.87795 ], [ 0.2101731, 51.8780413 ] ] } },
{ "type": "Feature", "properties": { "id": 10858, "nach": 0.47545138011968535 }, "geometry": { "type": "LineString", "coordinates": [ [ 0.2096005, 51.8774575 ], [ 0.2097685, 51.8773633 ] ] } },
{ "type": "Feature", "properties": { "id": 53736, "nach": 0.1961784894804639 }, "geometry": { "type": "LineString", "coordinates": [ [ 0.2103376, 51.87795 ], [ 0.2096005, 51.8774575 ] ] } },
{ "type": "Feature", "properties": { "id": 10861, "nach": 0.48821316646984542 }, "geometry": { "type": "LineString", "coordinates": [ [ 0.2107231, 51.8782075 ], [ 0.210398, 51.8781911 ] ] } },
{ "type": "Feature", "properties": { "id": 10860, "nach": 0.50476713393353201 }, "geometry": { "type": "LineString", "coordinates": [ [ 0.2107231, 51.8782075 ], [ 0.2110432, 51.8782251 ] ] } },
{ "type": "Feature", "properties": { "id": 53735, "nach": 0.28224828127925317 }, "geometry": { "type": "LineString", "coordinates": [ [ 0.2103376, 51.87795 ], [ 0.2107231, 51.8782075 ] ] } },
{ "type": "Feature", "properties": { "id": 53740, "nach": 0.36487766099591962 }, "geometry": { "type": "LineString", "coordinates": [ [ 0.2105016, 51.877859 ], [ 0.2097685, 51.8773633 ] ] } },
{ "type": "Feature", "properties": { "id": 10863, "nach": 0.52379357814376915 }, "geometry": { "type": "LineString", "coordinates": [ [ 0.2099275, 51.8772663 ], [ 0.2097685, 51.8773633 ] ] } },
{ "type": "Feature", "properties": { "id": 53739, "nach": 0.30282985173083743 }, "geometry": { "type": "LineString", "coordinates": [ [ 0.2105016, 51.877859 ], [ 0.2110432, 51.8782251 ] ] } },
{ "type": "Feature", "properties": { "id": 53742, "nach": 0.54680209070165675 }, "geometry": { "type": "LineString", "coordinates": [ [ 0.2105016, 51.877859 ], [ 0.2103376, 51.87795 ] ] } },
{ "type": "Feature", "properties": { "id": 53746, "nach": 0.55472909589059338 }, "geometry": { "type": "LineString", "coordinates": [ [ 0.2106627, 51.8777696 ], [ 0.2105016, 51.877859 ] ] } },
{ "type": "Feature", "properties": { "id": 53744, "nach": 0.17782595948365473 }, "geometry": { "type": "LineString", "coordinates": [ [ 0.2106627, 51.8777696 ], [ 0.2099275, 51.8772663 ] ] } },
{ "type": "Feature", "properties": { "id": 10869, "nach": 0.52658018067930612 }, "geometry": { "type": "LineString", "coordinates": [ [ 0.2100869, 51.8771696 ], [ 0.2099275, 51.8772663 ] ] } },
{ "type": "Feature", "properties": { "id": 53754, "nach": 0.52987162818053934 }, "geometry": { "type": "LineString", "coordinates": [ [ 0.2110004, 51.8775822 ], [ 0.210334, 51.8771359 ], [ 0.2102931, 51.8771099 ], [ 0.2102349, 51.8771035 ], [ 0.2101769, 51.8771151 ], [ 0.2100869, 51.8771696 ] ] } },
{ "type": "Feature", "properties": { "id": 76473, "nach": 0.4575409159078907 }, "geometry": { "type": "LineString", "coordinates": [ [ 0.1933342, 51.872274400000016 ], [ 0.1932646, 51.8723285 ], [ 0.1934056, 51.8724601 ], [ 0.1934738, 51.8725304 ], [ 0.1936028, 51.8726203 ] ] } },
{ "type": "Feature", "properties": { "id": 76472, "nach": 0.62482971704931622 }, "geometry": { "type": "LineString", "coordinates": [ [ 0.1933342, 51.872274400000016 ], [ 0.1933828, 51.87229940000001 ], [ 0.1935108, 51.8723953 ] ] } },
{ "type": "Feature", "properties": { "id": 76471, "nach": 0.58095846096984249 }, "geometry": { "type": "LineString", "coordinates": [ [ 0.1933342, 51.872274400000016 ], [ 0.1931109, 51.8721672 ], [ 0.1928431, 51.8720741 ], [ 0.192682, 51.872024 ], [ 0.1924879, 51.8719703 ], [ 0.1921918, 51.8719183 ], [ 0.1919191, 51.8718862 ], [ 0.1918404, 51.8718795 ], [ 0.1916585, 51.8718748 ], [ 0.1916286, 51.8718742 ], [ 0.1914269, 51.8718718 ], [ 0.1910527, 51.871887 ], [ 0.1906314, 51.8719184 ], [ 0.1903298, 51.871944 ], [ 0.1899404, 51.8719988 ], [ 0.1894909, 51.87207 ], [ 0.1892606, 51.8721066 ] ] } },
{ "type": "Feature", "properties": { "id": 76470, "nach": 0.60088804994198375 }, "geometry": { "type": "LineString", "coordinates": [ [ 0.1933342, 51.872274400000016 ], [ 0.1933749, 51.8722504 ] ] } },
{ "type": "Feature", "properties": { "id": 12327, "nach": 0.49268246431309837 }, "geometry": { "type": "LineString", "coordinates": [ [ 0.1980316, 51.872797100000014 ], [ 0.1980172, 51.8726075 ] ] } },
{ "type": "Feature", "properties": { "id": 79276, "nach": 0.51215215933073988 }, "geometry": { "type": "LineString", "coordinates": [ [ 0.1980416, 51.8728111 ], [ 0.1980316, 51.872797100000014 ] ] } },
{ "type": "Feature", "properties": { "id": 79277, "nach": 0.49049904654087295 }, "geometry": { "type": "LineString", "coordinates": [ [ 0.1980416, 51.8728111 ], [ 0.1981046, 51.8728715 ], [ 0.1981652, 51.8729289 ], [ 0.1983091, 51.873025 ], [ 0.1984217, 51.8730731 ] ] } },
{ "type": "Feature", "properties": { "id": 79279, "nach": 0.4243222449750339 }, "geometry": { "type": "LineString", "coordinates": [ [ 0.1980416, 51.8728111 ], [ 0.1979955, 51.872826400000015 ], [ 0.197968, 51.8728067 ], [ 0.1978096, 51.87276760000001 ], [ 0.1977265, 51.8727759 ], [ 0.196739, 51.8730847 ], [ 0.1964065, 51.8731314 ], [ 0.1958104, 51.8732484 ], [ 0.1956987, 51.8732859 ], [ 0.1956642, 51.8733169 ], [ 0.1956063, 51.8733752 ] ] } },
{ "type": "Feature", "properties": { "id": 22612, "nach": 0.61983120798985947 }, "geometry": { "type": "LineString", "coordinates": [ [ 0.2074439, 51.8818049 ], [ 0.2073103, 51.881805 ], [ 0.2071714, 51.8818052 ] ] } },
{ "type": "Feature", "properties": { "id": 22604, "nach": 0.60574371468487986 }, "geometry": { "type": "LineString", "coordinates": [ [ 0.207445, 51.8818316 ], [ 0.2074439, 51.8818049 ] ] } },
{ "type": "Feature", "properties": { "id": 22611, "nach": 0.53718775247253148 }, "geometry": { "type": "LineString", "coordinates": [ [ 0.2074439, 51.8818049 ], [ 0.2074385, 51.88168910000001 ] ] } },
{ "type": "Feature", "properties": { "id": 28964, "nach": 0.51675159512087587 }, "geometry": { "type": "LineString", "coordinates": [ [ 0.1890594, 51.8822488 ], [ 0.188694799999988, 51.882329 ] ] } },
{ "type": "Feature", "properties": { "id": 62565, "nach": 0.41020955057375291 }, "geometry": { "type": "LineString", "coordinates": [ [ 0.1887391, 51.8824543 ], [ 0.188694799999988, 51.882329 ] ] } },
{ "type": "Feature", "properties": { "id": 16335, "nach": 0.48955880626688525 }, "geometry": { "type": "LineString", "coordinates": [ [ 0.1855942, 51.8825009 ], [ 0.1859201, 51.8825175 ], [ 0.1876382, 51.8824899 ], [ 0.1878792, 51.8824681 ], [ 0.1881971, 51.882412 ], [ 0.188694799999988, 51.882329 ] ] } },
{ "type": "Feature", "properties": { "id": 59283, "nach": 0.54094970953301658 }, "geometry": { "type": "LineString", "coordinates": [ [ 0.1891433, 51.8822245 ], [ 0.1890594, 51.8822488 ] ] } },
{ "type": "Feature", "properties": { "id": 28032, "nach": 0.51517099832407409 }, "geometry": { "type": "LineString", "coordinates": [ [ 0.1888566, 51.880512 ], [ 0.1885962, 51.8804757 ], [ 0.1882705, 51.8804344 ], [ 0.1880366, 51.8804246 ], [ 0.1878036, 51.8804275 ], [ 0.1869703, 51.8804506 ], [ 0.1865949, 51.8804601 ], [ 0.1863654, 51.8804358 ], [ 0.1862672, 51.880444600000011 ], [ 0.186189, 51.8804537 ] ] } },
{ "type": "Feature", "properties": { "id": 16618, "nach": 0.26400033930491751 }, "geometry": { "type": "LineString", "coordinates": [ [ 0.2059393, 51.8839534 ], [ 0.2058086, 51.8837405 ], [ 0.2056729, 51.8834875 ], [ 0.2055988, 51.8832868 ], [ 0.2055115, 51.8830636 ], [ 0.2054602, 51.8828402 ], [ 0.2054677, 51.882768800000015 ], [ 0.205461, 51.8826708 ], [ 0.2054324, 51.882587 ], [ 0.2053513, 51.8824621 ], [ 0.2051112, 51.88195790000001 ], [ 0.2049403, 51.8815887 ], [ 0.2047332, 51.8811027 ], [ 0.2046728, 51.8808801 ], [ 0.204687, 51.8807904 ], [ 0.2047225, 51.8806072 ], [ 0.2047139, 51.880515 ], [ 0.2046818, 51.8804084 ], [ 0.2045734, 51.880129599999989 ], [ 0.2044347, 51.879741 ], [ 0.2043802, 51.879525400000013 ], [ 0.2043658, 51.8793874 ], [ 0.2043289, 51.8793329 ], [ 0.2041717, 51.8792879 ], [ 0.2041341, 51.879257899999985 ], [ 0.2041316, 51.8791665 ], [ 0.2040954, 51.8791086 ], [ 0.2040432, 51.8790887 ] ] } },
{ "type": "Feature", "properties": { "id": 50548, "nach": 0.33369977034700321 }, "geometry": { "type": "LineString", "coordinates": [ [ 0.2041227, 51.8780627 ], [ 0.2040719, 51.8781002 ], [ 0.2040044, 51.8781417 ], [ 0.2039015, 51.878197099999987 ], [ 0.2037025, 51.8783008 ], [ 0.2036665, 51.8783428 ], [ 0.2036457, 51.8783959 ], [ 0.2036517, 51.8784507 ], [ 0.2037544, 51.8787656 ], [ 0.2038339, 51.8790103 ], [ 0.2038545, 51.8790618 ], [ 0.2038808, 51.8790941 ], [ 0.2039058, 51.8791066 ], [ 0.2039281, 51.8791111 ], [ 0.2039455, 51.8791118 ], [ 0.203965, 51.8791073 ], [ 0.2039845, 51.8791045 ], [ 0.2040211, 51.8790986 ], [ 0.2040432, 51.8790887 ] ] } },
{ "type": "Feature", "properties": { "id": 76884, "nach": 0.32777411592638911 }, "geometry": { "type": "LineString", "coordinates": [ [ 0.2093417, 51.8759236 ], [ 0.2092761, 51.8759728 ], [ 0.2091884, 51.876019200000016 ], [ 0.2091071, 51.8760578 ], [ 0.2088993, 51.876104 ], [ 0.2087233, 51.876165400000012 ], [ 0.2085094, 51.876238400000013 ], [ 0.2081398, 51.876374 ], [ 0.2078647, 51.8764782 ], [ 0.2076504, 51.87658480000001 ], [ 0.2074821, 51.8767 ], [ 0.2072134, 51.8769185 ], [ 0.2068943, 51.877119800000017 ], [ 0.2066188, 51.877219 ], [ 0.2063127, 51.8773135 ], [ 0.2060984, 51.8773702 ], [ 0.20595, 51.8774765 ], [ 0.205787, 51.8776432 ], [ 0.2054388, 51.877994699999988 ], [ 0.2050878, 51.8783329 ], [ 0.2049433, 51.8784536 ], [ 0.2047381, 51.878603700000014 ], [ 0.2046119, 51.878690500000019 ], [ 0.2044274, 51.8788294 ], [ 0.2042235, 51.8789777 ], [ 0.2040432, 51.8790887 ] ] } },
{ "type": "Feature", "properties": { "id": 16617, "nach": 0.5609632345763147 }, "geometry": { "type": "LineString", "coordinates": [ [ 0.2059393, 51.8839534 ], [ 0.2059901, 51.8840091 ], [ 0.2060346, 51.8840759 ], [ 0.2060274, 51.884162 ], [ 0.2060775, 51.8842734 ], [ 0.2061254, 51.884439 ] ] } },
{ "type": "Feature", "properties": { "id": 27894, "nach": 0.57047837023003556 }, "geometry": { "type": "LineString", "coordinates": [ [ 0.2067059, 51.8837447 ], [ 0.2066122, 51.8837494 ], [ 0.2062899, 51.8838228 ], [ 0.2059393, 51.8839534 ] ] } },
{ "type": "Feature", "properties": { "id": 50549, "nach": 0.36019641054667456 }, "geometry": { "type": "LineString", "coordinates": [ [ 0.2041227, 51.8780627 ], [ 0.2041612, 51.878002699999989 ], [ 0.2041511, 51.877955 ], [ 0.2041036, 51.8779043 ], [ 0.2040873, 51.877887300000012 ] ] } },
{ "type": "Feature", "properties": { "id": 76888, "nach": 0.39116065884714069 }, "geometry": { "type": "LineString", "coordinates": [ [ 0.2095829, 51.875921800000022 ], [ 0.2094837, 51.8759225 ], [ 0.2093417, 51.8759236 ] ] } },
{ "type": "Feature", "properties": { "id": 84066, "nach": 0.31337096872575998 }, "geometry": { "type": "LineString", "coordinates": [ [ 0.2094475, 51.8758338 ], [ 0.2093637, 51.8759071 ], [ 0.2093553, 51.8759134 ], [ 0.2093417, 51.8759236 ] ] } },
{ "type": "Feature", "properties": { "id": 16613, "nach": 0.0 }, "geometry": { "type": "LineString", "coordinates": [ [ 0.2116304, 51.891868800000012 ], [ 0.2114877, 51.891874800000011 ], [ 0.2114259, 51.891873099999984 ], [ 0.2112977, 51.8918124 ], [ 0.2109569, 51.8915015 ], [ 0.2108641, 51.8913424 ], [ 0.2106736, 51.8911308 ], [ 0.2102777, 51.8907668 ], [ 0.2098773, 51.890338 ], [ 0.2093054, 51.8897646 ], [ 0.2091425, 51.8896207 ], [ 0.2090823, 51.8895279 ], [ 0.2089921, 51.8894985 ], [ 0.2089269, 51.8894351 ], [ 0.2089244, 51.88935 ], [ 0.2089269, 51.8893083 ], [ 0.2089044, 51.8892356 ], [ 0.2087866, 51.8890856 ], [ 0.2085568, 51.8887753 ], [ 0.2083317, 51.8884759 ], [ 0.2079059, 51.8878064 ], [ 0.2078443, 51.88765320000001 ], [ 0.2077867, 51.8875264 ], [ 0.2074909, 51.887193800000013 ], [ 0.2072453, 51.8868164 ], [ 0.2070662, 51.886435 ], [ 0.2068792, 51.8860817 ], [ 0.2067073, 51.8858033 ], [ 0.2066034, 51.8855643 ], [ 0.2063613, 51.8850451 ], [ 0.2062246, 51.8846898 ], [ 0.2061254, 51.884439 ] ] } },
{ "type": "Feature", "properties": { "id": 29011, "nach": 0.61833550875221777 }, "geometry": { "type": "LineString", "coordinates": [ [ 0.2061254, 51.884439 ], [ 0.205646827931846, 51.884514302198525 ] ] } },
{ "type": "Feature", "properties": { "id": 29009, "nach": 0.37073688095969065 }, "geometry": { "type": "LineString", "coordinates": [ [ 0.2033359, 51.8841098 ], [ 0.2032877, 51.883957100000011 ] ] } },
{ "type": "Feature", "properties": { "id": 66958, "nach": 0.51821251785594147 }, "geometry": { "type": "LineString", "coordinates": [ [ 0.2031294, 51.8840994 ], [ 0.2033359, 51.8841098 ] ] } },
{ "type": "Feature", "properties": { "id": 29011, "nach": 0.61833550875221777 }, "geometry": { "type": "LineString", "coordinates": [ [ 0.20578042748803, 51.884493279022081 ], [ 0.2033359, 51.8841098 ] ] } },
{ "type": "Feature", "properties": { "id": 28033, "nach": 0.49731831899996787 }, "geometry": { "type": "LineString", "coordinates": [ [ 0.1888566, 51.880512 ], [ 0.1890491, 51.880541800000017 ], [ 0.1892119, 51.8805637 ], [ 0.1893459, 51.880648200000017 ] ] } },
{ "type": "Feature", "properties": { "id": 59284, "nach": 0.46122890065801014 }, "geometry": { "type": "LineString", "coordinates": [ [ 0.1891433, 51.8822245 ], [ 0.1890018, 51.8818931 ], [ 0.1889511, 51.8817035 ], [ 0.1889283, 51.8812816 ], [ 0.1888557, 51.8806416 ], [ 0.1888566, 51.880512 ] ] } },
{ "type": "Feature", "properties": { "id": 29377, "nach": 0.42238530006743358 }, "geometry": { "type": "LineString", "coordinates": [ [ 0.1918995, 51.8808953 ], [ 0.1893459, 51.880648200000017 ] ] } },
{ "type": "Feature", "properties": { "id": 29364, "nach": 0.30818420483609493 }, "geometry": { "type": "LineString", "coordinates": [ [ 0.1915764, 51.877802 ], [ 0.1915627, 51.8778971 ], [ 0.1915088, 51.880259 ], [ 0.1914736, 51.8803124 ], [ 0.19138, 51.8803568 ], [ 0.1912984, 51.8803822 ], [ 0.1897127, 51.8805943 ], [ 0.1894606, 51.88064390000001 ], [ 0.1893459, 51.880648200000017 ] ] } },
{ "type": "Feature", "properties": { "id": 77157, "nach": 0.46081134281473585 }, "geometry": { "type": "LineString", "coordinates": [ [ 0.1904861, 51.8815968 ], [ 0.1903828, 51.8815309 ], [ 0.1900231, 51.8812344 ], [ 0.1899059, 51.8811129 ], [ 0.1895492, 51.880834 ], [ 0.1893459, 51.880648200000017 ] ] } },
{ "type": "Feature", "properties": { "id": 29378, "nach": 0.43628264506409459 }, "geometry": { "type": "LineString", "coordinates": [ [ 0.1918995, 51.8808953 ], [ 0.1921017, 51.880912 ] ] } },
{ "type": "Feature", "properties": { "id": 77154, "nach": 0.40946686397589699 }, "geometry": { "type": "LineString", "coordinates": [ [ 0.1907408, 51.8815557 ], [ 0.1908764, 51.8814884 ], [ 0.1917521, 51.88096620000001 ], [ 0.1918995, 51.8808953 ] ] } },
{ "type": "Feature", "properties": { "id": 68437, "nach": 0.2987686126365528 }, "geometry": { "type": "LineString", "coordinates": [ [ 0.1928608, 51.880802300000013 ], [ 0.1922834, 51.8808024 ], [ 0.1920501, 51.8808522 ], [ 0.191987, 51.8808751 ], [ 0.1918995, 51.8808953 ] ] } },
{ "type": "Feature", "properties": { "id": 29363, "nach": 0.4068053584642406 }, "geometry": { "type": "LineString", "coordinates": [ [ 0.1915764, 51.877802 ], [ 0.191476, 51.8778019 ], [ 0.1913782, 51.8778052 ] ] } },
{ "type": "Feature", "properties": { "id": 29362, "nach": 0.39787069533698055 }, "geometry": { "type": "LineString", "coordinates": [ [ 0.1915764, 51.877802 ], [ 0.1918351, 51.8777228 ], [ 0.1921312, 51.8776653 ], [ 0.1924411, 51.877611 ] ] } },
{ "type": "Feature", "properties": { "id": 77155, "nach": 0.46971490532117138 }, "geometry": { "type": "LineString", "coordinates": [ [ 0.1904861, 51.8815968 ], [ 0.1905614, 51.8816447 ] ] } },
{ "type": "Feature", "properties": { "id": 77156, "nach": 0.33551850481481965 }, "geometry": { "type": "LineString", "coordinates": [ [ 0.1904861, 51.8815968 ], [ 0.1907408, 51.8815557 ] ] } },
{ "type": "Feature", "properties": { "id": 16616, "nach": 0.50759059119599137 }, "geometry": { "type": "LineString", "coordinates": [ [ 0.1905614, 51.8816447 ], [ 0.1906098, 51.8817218 ] ] } },
{ "type": "Feature", "properties": { "id": 27119, "nach": 0.46638067769279573 }, "geometry": { "type": "LineString", "coordinates": [ [ 0.1921017, 51.880912 ], [ 0.1920171, 51.8809569 ], [ 0.1916908, 51.881116699999986 ], [ 0.1910792, 51.8814683 ], [ 0.1906098, 51.8817218 ] ] } },
{ "type": "Feature", "properties": { "id": 59285, "nach": 0.51431823748847272 }, "geometry": { "type": "LineString", "coordinates": [ [ 0.1891433, 51.8822245 ], [ 0.1895054, 51.8821138 ], [ 0.1899598, 51.8819751 ], [ 0.1904921, 51.8817949 ], [ 0.1906098, 51.8817218 ] ] } },
{ "type": "Feature", "properties": { "id": 77152, "nach": 0.43087475034079792 }, "geometry": { "type": "LineString", "coordinates": [ [ 0.1907408, 51.8815557 ], [ 0.1905614, 51.8816447 ] ] } },
{ "type": "Feature", "properties": { "id": 47927, "nach": 0.4504989627796121 }, "geometry": { "type": "LineString", "coordinates": [ [ 0.2061165, 51.883316599999986 ], [ 0.2067059, 51.8837447 ] ] } },
{ "type": "Feature", "properties": { "id": 47148, "nach": 0.57744576195932118 }, "geometry": { "type": "LineString", "coordinates": [ [ 0.1922319, 51.8834214 ], [ 0.1926652, 51.883475 ], [ 0.1926846, 51.8834783 ] ] } },
{ "type": "Feature", "properties": { "id": 47149, "nach": 0.41126049494119221 }, "geometry": { "type": "LineString", "coordinates": [ [ 0.1926032, 51.8833169 ], [ 0.1922386, 51.8834051 ], [ 0.1922319, 51.8834214 ] ] } },
{ "type": "Feature", "properties": { "id": 55889, "nach": 0.49328544591697426 }, "geometry": { "type": "LineString", "coordinates": [ [ 0.1974975, 51.88662630000001 ], [ 0.1969836, 51.885933900000012 ], [ 0.1968731, 51.8857924 ] ] } },
{ "type": "Feature", "properties": { "id": 20387, "nach": 0.42899133894717162 }, "geometry": { "type": "LineString", "coordinates": [ [ 0.1955711, 51.871583700000023 ], [ 0.1955244, 51.8719181 ] ] } },
{ "type": "Feature", "properties": { "id": 20388, "nach": 0.52691165552693009 }, "geometry": { "type": "LineString", "coordinates": [ [ 0.1955711, 51.871583700000023 ], [ 0.1958137, 51.8715963 ] ] } },
{ "type": "Feature", "properties": { "id": 72044, "nach": 0.49822448357272009 }, "geometry": { "type": "LineString", "coordinates": [ [ 0.1960805, 51.8716102 ], [ 0.1960847, 51.8715822 ] ] } },
{ "type": "Feature", "properties": { "id": 20382, "nach": 0.0 }, "geometry": { "type": "LineString", "coordinates": [ [ 0.1960847, 51.8715822 ], [ 0.1962993, 51.8715861 ], [ 0.1963624, 51.8715769 ], [ 0.1964066, 51.871543 ], [ 0.1964321, 51.871361 ], [ 0.1964536, 51.8712085 ], [ 0.1964227, 51.87116790000001 ], [ 0.1963463, 51.8711464 ], [ 0.1961988, 51.871140700000019 ], [ 0.1961419, 51.871139 ] ] } },
{ "type": "Feature", "properties": { "id": 41422, "nach": 0.48293151525283923 }, "geometry": { "type": "LineString", "coordinates": [ [ 0.1961265, 51.8712581 ], [ 0.1960847, 51.8715822 ] ] } },
{ "type": "Feature", "properties": { "id": 20403, "nach": 0.1545673515928743 }, "geometry": { "type": "LineString", "coordinates": [ [ 0.1958137, 51.8715963 ], [ 0.1960805, 51.8716102 ] ] } },
{ "type": "Feature", "properties": { "id": 41418, "nach": 0.43183291672053259 }, "geometry": { "type": "LineString", "coordinates": [ [ 0.1955244, 51.8719181 ], [ 0.1953645, 51.8719101 ], [ 0.1953855, 51.871749 ] ] } },
{ "type": "Feature", "properties": { "id": 41416, "nach": 0.44922387183762869 }, "geometry": { "type": "LineString", "coordinates": [ [ 0.1955244, 51.8719181 ], [ 0.1957674, 51.8719301 ] ] } },
{ "type": "Feature", "properties": { "id": 20402, "nach": 0.56546922878836292 }, "geometry": { "type": "LineString", "coordinates": [ [ 0.1958137, 51.8715963 ], [ 0.1957674, 51.8719301 ] ] } },
{ "type": "Feature", "properties": { "id": 28997, "nach": 0.47867445239485151 }, "geometry": { "type": "LineString", "coordinates": [ [ 0.2029779, 51.8836618 ], [ 0.2030718, 51.8839545 ] ] } },
{ "type": "Feature", "properties": { "id": 20512, "nach": 0.41346989362598524 }, "geometry": { "type": "LineString", "coordinates": [ [ 0.2032877, 51.883957100000011 ], [ 0.2030718, 51.8839545 ] ] } },
{ "type": "Feature", "properties": { "id": 66959, "nach": 0.50784954957238382 }, "geometry": { "type": "LineString", "coordinates": [ [ 0.2031294, 51.8840994 ], [ 0.2030991, 51.884019 ], [ 0.2030718, 51.8839545 ] ] } },
{ "type": "Feature", "properties": { "id": 28998, "nach": 0.39812009312008506 }, "geometry": { "type": "LineString", "coordinates": [ [ 0.2029779, 51.8836618 ], [ 0.2029542, 51.8836009 ], [ 0.2026722, 51.8830699 ], [ 0.2025756, 51.8828867 ] ] } },
{ "type": "Feature", "properties": { "id": 28999, "nach": 0.4308292993016048 }, "geometry": { "type": "LineString", "coordinates": [ [ 0.2029779, 51.8836618 ], [ 0.2022462, 51.8838232 ], [ 0.2010582, 51.8842026 ], [ 0.2008761, 51.8842301 ], [ 0.2006808, 51.8842547 ], [ 0.2003278, 51.8842239 ], [ 0.2001618, 51.8841906 ], [ 0.2001232, 51.8835969 ], [ 0.2000185, 51.883597400000014 ] ] } },
{ "type": "Feature", "properties": { "id": 66960, "nach": 0.52028528143936104 }, "geometry": { "type": "LineString", "coordinates": [ [ 0.2031294, 51.8840994 ], [ 0.203087, 51.8842176 ], [ 0.2029422, 51.88439480000001 ], [ 0.2027477, 51.8846349 ], [ 0.202497, 51.884954300000011 ], [ 0.2023574, 51.8851373 ], [ 0.2022761, 51.8852297 ], [ 0.2019927, 51.8854924 ], [ 0.2016165, 51.88583830000001 ], [ 0.2014039, 51.8859188 ] ] } },
{ "type": "Feature", "properties": { "id": 43860, "nach": 0.58646021446239005 }, "geometry": { "type": "LineString", "coordinates": [ [ 0.2014667, 51.8860295 ], [ 0.2014039, 51.8859188 ] ] } },
{ "type": "Feature", "properties": { "id": 40450, "nach": 0.5806796186093911 }, "geometry": { "type": "LineString", "coordinates": [ [ 0.2013052, 51.8854998 ], [ 0.2013046, 51.8855642 ], [ 0.2013209, 51.8857387 ], [ 0.2014039, 51.8859188 ] ] } },
{ "type": "Feature", "properties": { "id": 40449, "nach": 0.57412066219901192 }, "geometry": { "type": "LineString", "coordinates": [ [ 0.2013052, 51.8854998 ], [ 0.2013069, 51.8853127 ] ] } },
{ "type": "Feature", "properties": { "id": 57299, "nach": 0.55809194941735751 }, "geometry": { "type": "LineString", "coordinates": [ [ 0.2006023, 51.8855824 ], [ 0.20079, 51.8855013 ], [ 0.2013052, 51.8854998 ] ] } },
{ "type": "Feature", "properties": { "id": 40441, "nach": 0.53022837800766154 }, "geometry": { "type": "LineString", "coordinates": [ [ 0.2013094, 51.8850378 ], [ 0.2013118, 51.8847737 ] ] } },
{ "type": "Feature", "properties": { "id": 55891, "nach": 0.38116091907351035 }, "geometry": { "type": "LineString", "coordinates": [ [ 0.2015747, 51.8847729 ], [ 0.2013118, 51.8847737 ] ] } },
{ "type": "Feature", "properties": { "id": 40426, "nach": 0.51274662981870689 }, "geometry": { "type": "LineString", "coordinates": [ [ 0.2008021, 51.8847751 ], [ 0.2013118, 51.8847737 ] ] } },
{ "type": "Feature", "properties": { "id": 40442, "nach": 0.54434196535492052 }, "geometry": { "type": "LineString", "coordinates": [ [ 0.2013094, 51.8850378 ], [ 0.2013077, 51.8852233 ] ] } },
{ "type": "Feature", "properties": { "id": 40444, "nach": 0.38240313217808108 }, "geometry": { "type": "LineString", "coordinates": [ [ 0.2019111, 51.8850337 ], [ 0.2013094, 51.8850378 ] ] } },
{ "type": "Feature", "properties": { "id": 40430, "nach": 0.45510142258149822 }, "geometry": { "type": "LineString", "coordinates": [ [ 0.2008011, 51.884907 ], [ 0.2008021, 51.8847751 ] ] } },
{ "type": "Feature", "properties": { "id": 40433, "nach": 0.45510142258149822 }, "geometry": { "type": "LineString", "coordinates": [ [ 0.2006289, 51.8847756 ], [ 0.2008021, 51.8847751 ] ] } },
{ "type": "Feature", "properties": { "id": 40434, "nach": 0.37871354757080528 }, "geometry": { "type": "LineString", "coordinates": [ [ 0.2006289, 51.8847756 ], [ 0.2004948, 51.884776 ] ] } },
{ "type": "Feature", "properties": { "id": 40436, "nach": 0.37871354757080528 }, "geometry": { "type": "LineString", "coordinates": [ [ 0.2003018, 51.8848921 ], [ 0.2006259, 51.8848952 ], [ 0.2006289, 51.8847756 ] ] } },
{ "type": "Feature", "properties": { "id": 21569, "nach": 0.59999267809862544 }, "geometry": { "type": "LineString", "coordinates": [ [ 0.1935108, 51.8723953 ], [ 0.1936723, 51.8725196 ], [ 0.1940096, 51.8727969 ] ] } },
{ "type": "Feature", "properties": { "id": 29633, "nach": 0.5306695506390513 }, "geometry": { "type": "LineString", "coordinates": [ [ 0.1945726, 51.8731768 ], [ 0.1944172, 51.8730714 ], [ 0.1939733, 51.8726852 ], [ 0.1937044, 51.8724802 ], [ 0.1935697, 51.8723825 ], [ 0.1935108, 51.8723953 ] ] } },
{ "type": "Feature", "properties": { "id": 29635, "nach": 0.54492382186256905 }, "geometry": { "type": "LineString", "coordinates": [ [ 0.1940096, 51.8727969 ], [ 0.1944818, 51.873235 ], [ 0.194553, 51.873299 ] ] } },
{ "type": "Feature", "properties": { "id": 50815, "nach": 0.45867726117305702 }, "geometry": { "type": "LineString", "coordinates": [ [ 0.1995971, 51.873718 ], [ 0.1999091, 51.8737057 ] ] } },
{ "type": "Feature", "properties": { "id": 77041, "nach": 0.44594863897258397 }, "geometry": { "type": "LineString", "coordinates": [ [ 0.1993971, 51.8735835 ], [ 0.1993578, 51.8735086 ], [ 0.1989581, 51.8730772 ], [ 0.1987968, 51.8730598 ], [ 0.1987302, 51.8730582 ], [ 0.1985984, 51.8730846 ], [ 0.1984217, 51.8730731 ] ] } },
{ "type": "Feature", "properties": { "id": 77040, "nach": 0.42844637268919189 }, "geometry": { "type": "LineString", "coordinates": [ [ 0.1993971, 51.8735835 ], [ 0.1994593, 51.8737023 ], [ 0.1995452, 51.8737189 ], [ 0.1995971, 51.873718 ] ] } },
{ "type": "Feature", "properties": { "id": 48043, "nach": 0.29085032674169892 }, "geometry": { "type": "LineString", "coordinates": [ [ 0.203924, 51.8777753 ], [ 0.2040873, 51.877887300000012 ] ] } },
{ "type": "Feature", "properties": { "id": 48040, "nach": 0.36595845526592841 }, "geometry": { "type": "LineString", "coordinates": [ [ 0.203861, 51.8779046 ], [ 0.2040873, 51.877887300000012 ] ] } },
{ "type": "Feature", "properties": { "id": 48044, "nach": 0.3348121441484796 }, "geometry": { "type": "LineString", "coordinates": [ [ 0.203924, 51.8777753 ], [ 0.2039239, 51.8778302 ], [ 0.2039054, 51.87786160000001 ], [ 0.203861, 51.8779046 ] ] } },
{ "type": "Feature", "properties": { "id": 59625, "nach": 0.50011784423365346 }, "geometry": { "type": "LineString", "coordinates": [ [ 0.203924, 51.8777753 ], [ 0.202764527179786, 51.872771533573008 ] ] } },
{ "type": "Feature", "properties": { "id": 85637, "nach": 0.49757371297257902 }, "geometry": { "type": "LineString", "coordinates": [ [ 0.203861, 51.8779046 ], [ 0.202900254755025, 51.878198251136659 ] ] } },
{ "type": "Feature", "properties": { "id": 22497, "nach": 0.44068754797829812 }, "geometry": { "type": "LineString", "coordinates": [ [ 0.200969, 51.8713956 ], [ 0.2009317, 51.87130650000001 ], [ 0.200884, 51.87122 ] ] } },
{ "type": "Feature", "properties": { "id": 22496, "nach": 0.49688684789222559 }, "geometry": { "type": "LineString", "coordinates": [ [ 0.200969, 51.8713956 ], [ 0.2010403, 51.871337099999984 ], [ 0.2010738, 51.8713123 ], [ 0.20111, 51.8712891 ], [ 0.2011618, 51.8712706 ] ] } },
{ "type": "Feature", "properties": { "id": 65520, "nach": 0.54717042417359696 }, "geometry": { "type": "LineString", "coordinates": [ [ 0.1935567, 51.8723556 ], [ 0.1937656, 51.8722614 ], [ 0.1935048, 51.8720588 ], [ 0.1934597, 51.8720049 ], [ 0.1934462, 51.8719502 ], [ 0.1934474, 51.8719399 ] ] } },
{ "type": "Feature", "properties": { "id": 87363, "nach": 0.5636917428725926 }, "geometry": { "type": "LineString", "coordinates": [ [ 0.1950194, 51.8731373 ], [ 0.1948141, 51.8731769 ], [ 0.1947333, 51.8731719 ], [ 0.1946693, 51.8731644 ], [ 0.194563, 51.8731295 ], [ 0.1944129, 51.8730294 ], [ 0.1937422, 51.8724793 ], [ 0.1935567, 51.8723556 ] ] } },
{ "type": "Feature", "properties": { "id": 76469, "nach": 0.48664275536577412 }, "geometry": { "type": "LineString", "coordinates": [ [ 0.1933749, 51.8722504 ], [ 0.1934997, 51.8723189 ], [ 0.1935567, 51.8723556 ] ] } },
{ "type": "Feature", "properties": { "id": 53785, "nach": 0.55283799719807702 }, "geometry": { "type": "LineString", "coordinates": [ [ 0.2079995, 51.8825271 ], [ 0.2082, 51.8825134 ] ] } },
{ "type": "Feature", "properties": { "id": 22586, "nach": 0.54636552681275652 }, "geometry": { "type": "LineString", "coordinates": [ [ 0.2084143, 51.8824988 ], [ 0.2082, 51.8825134 ] ] } },
{ "type": "Feature", "properties": { "id": 22562, "nach": 0.22040748955906486 }, "geometry": { "type": "LineString", "coordinates": [ [ 0.2082, 51.8825134 ], [ 0.2083317, 51.8833202 ] ] } },
{ "type": "Feature", "properties": { "id": 53784, "nach": 0.54443949470445951 }, "geometry": { "type": "LineString", "coordinates": [ [ 0.2079995, 51.8825271 ], [ 0.2079724, 51.8825289 ] ] } },
{ "type": "Feature", "properties": { "id": 53786, "nach": 0.51476156455871447 }, "geometry": { "type": "LineString", "coordinates": [ [ 0.2079995, 51.8825271 ], [ 0.2079746, 51.8823931 ] ] } },
{ "type": "Feature", "properties": { "id": 22575, "nach": 0.47766859368170583 }, "geometry": { "type": "LineString", "coordinates": [ [ 0.2085451, 51.883296199999982 ], [ 0.2084143, 51.8824988 ] ] } },
{ "type": "Feature", "properties": { "id": 31375, "nach": 0.57067137269541901 }, "geometry": { "type": "LineString", "coordinates": [ [ 0.2084913, 51.8824936 ], [ 0.2084143, 51.8824988 ] ] } },
{ "type": "Feature", "properties": { "id": 22579, "nach": 0.47015167873523717 }, "geometry": { "type": "LineString", "coordinates": [ [ 0.2083317, 51.8833202 ], [ 0.2084925, 51.8833106 ], [ 0.2085327, 51.8833006 ], [ 0.2085451, 51.883296199999982 ] ] } },
{ "type": "Feature", "properties": { "id": 22580, "nach": 0.47964324863483665 }, "geometry": { "type": "LineString", "coordinates": [ [ 0.2081062, 51.8833338 ], [ 0.2083317, 51.8833202 ] ] } },
{ "type": "Feature", "properties": { "id": 22582, "nach": 0.48960111051884708 }, "geometry": { "type": "LineString", "coordinates": [ [ 0.2081062, 51.8833338 ], [ 0.2079694, 51.883342 ], [ 0.2079346, 51.883342 ], [ 0.2079024, 51.8833321 ], [ 0.2078836, 51.8833073 ], [ 0.2078165, 51.8829397 ] ] } },
{ "type": "Feature", "properties": { "id": 22574, "nach": 0.52612165760153196 }, "geometry": { "type": "LineString", "coordinates": [ [ 0.2079724, 51.8825289 ], [ 0.2078487, 51.8825374 ], [ 0.2078004, 51.8825423 ], [ 0.2077683, 51.8825589 ], [ 0.2077522, 51.8825804 ], [ 0.2078165, 51.8829397 ] ] } },
{ "type": "Feature", "properties": { "id": 22581, "nach": 0.24198328152211326 }, "geometry": { "type": "LineString", "coordinates": [ [ 0.2081062, 51.8833338 ], [ 0.2079724, 51.8825289 ] ] } },
{ "type": "Feature", "properties": { "id": 31376, "nach": 0.4988061475957527 }, "geometry": { "type": "LineString", "coordinates": [ [ 0.2084913, 51.8824936 ], [ 0.2086374, 51.8824836 ] ] } },
{ "type": "Feature", "properties": { "id": 22569, "nach": 0.44155932375372547 }, "geometry": { "type": "LineString", "coordinates": [ [ 0.2087637, 51.882926500000011 ], [ 0.2088841, 51.882688 ], [ 0.2088921, 51.8826615 ], [ 0.2088921, 51.8826284 ], [ 0.208876, 51.8825357 ], [ 0.2088599, 51.882500899999989 ], [ 0.208825, 51.8824844 ], [ 0.2087821, 51.8824745 ], [ 0.2087473, 51.8824761 ], [ 0.2086374, 51.8824836 ] ] } },
{ "type": "Feature", "properties": { "id": 31377, "nach": 0.59320753368732193 }, "geometry": { "type": "LineString", "coordinates": [ [ 0.2084913, 51.8824936 ], [ 0.2084874, 51.8823843 ], [ 0.2084868, 51.8823659 ] ] } },
{ "type": "Feature", "properties": { "id": 22576, "nach": 0.31811665196184968 }, "geometry": { "type": "LineString", "coordinates": [ [ 0.2085451, 51.883296199999982 ], [ 0.2085702, 51.8832874 ], [ 0.208589, 51.8832725 ], [ 0.2087637, 51.882926500000011 ] ] } },
{ "type": "Feature", "properties": { "id": 31281, "nach": 0.68483454563045831 }, "geometry": { "type": "LineString", "coordinates": [ [ 0.2080891, 51.880649 ], [ 0.208453, 51.880441 ] ] } },
{ "type": "Feature", "properties": { "id": 31310, "nach": 0.64154411649315257 }, "geometry": { "type": "LineString", "coordinates": [ [ 0.2083254, 51.8808114 ], [ 0.2082418, 51.880754 ], [ 0.2080891, 51.880649 ] ] } },
{ "type": "Feature", "properties": { "id": 31334, "nach": 0.57547394318401768 }, "geometry": { "type": "LineString", "coordinates": [ [ 0.2077429, 51.8806539 ], [ 0.2078165, 51.8807039 ], [ 0.2078666, 51.8807378 ], [ 0.2080602, 51.8806291 ], [ 0.2080891, 51.880649 ] ] } },
{ "type": "Feature", "properties": { "id": 22598, "nach": 0.46151143773322989 }, "geometry": { "type": "LineString", "coordinates": [ [ 0.2085998, 51.882193 ], [ 0.2081254, 51.8822201 ] ] } },
{ "type": "Feature", "properties": { "id": 22616, "nach": 0.44079225432797231 }, "geometry": { "type": "LineString", "coordinates": [ [ 0.2091242, 51.8821032 ], [ 0.2091015, 51.8821427 ], [ 0.2090827, 51.882159200000011 ], [ 0.2090345, 51.8821642 ], [ 0.2085998, 51.882193 ] ] } },
{ "type": "Feature", "properties": { "id": 31367, "nach": 0.43902137552695669 }, "geometry": { "type": "LineString", "coordinates": [ [ 0.2081613, 51.8820914 ], [ 0.2085919, 51.8821576 ], [ 0.2085998, 51.882193 ] ] } },
{ "type": "Feature", "properties": { "id": 22626, "nach": 0.49437986322733429 }, "geometry": { "type": "LineString", "coordinates": [ [ 0.2081254, 51.8822201 ], [ 0.2074625, 51.8821211 ] ] } },
{ "type": "Feature", "properties": { "id": 22627, "nach": 0.56454184648964101 }, "geometry": { "type": "LineString", "coordinates": [ [ 0.2081254, 51.8822201 ], [ 0.2075861, 51.8822602 ], [ 0.2075351, 51.882258599999986 ] ] } },
{ "type": "Feature", "properties": { "id": 31337, "nach": 0.5854907521178192 }, "geometry": { "type": "LineString", "coordinates": [ [ 0.2084868, 51.8823659 ], [ 0.2084748, 51.8823135 ], [ 0.2081423, 51.8823325 ], [ 0.2081367, 51.8822989 ], [ 0.2081254, 51.8822201 ] ] } },
{ "type": "Feature", "properties": { "id": 31368, "nach": 0.60782565242555919 }, "geometry": { "type": "LineString", "coordinates": [ [ 0.2081613, 51.8820914 ], [ 0.2081191, 51.8821882 ], [ 0.2081254, 51.8822201 ] ] } },
{ "type": "Feature", "properties": { "id": 22605, "nach": 0.49400261542591845 }, "geometry": { "type": "LineString", "coordinates": [ [ 0.2106944, 51.88144 ], [ 0.2111312, 51.8823333 ] ] } },
{ "type": "Feature", "properties": { "id": 22639, "nach": 0.41880478095424989 }, "geometry": { "type": "LineString", "coordinates": [ [ 0.2109221, 51.8823714 ], [ 0.2107967, 51.8823943 ], [ 0.2107511, 51.8823993 ], [ 0.2107242, 51.8823943 ], [ 0.2107028, 51.882381100000011 ], [ 0.2103005, 51.8815715 ], [ 0.2102951, 51.8815549 ], [ 0.2103112, 51.8815268 ], [ 0.210338, 51.8815069 ], [ 0.2103836, 51.8814986 ], [ 0.2104828, 51.8814787 ] ] } },
{ "type": "Feature", "properties": { "id": 22610, "nach": 0.51492042917010061 }, "geometry": { "type": "LineString", "coordinates": [ [ 0.2109134, 51.8813999 ], [ 0.2106944, 51.88144 ] ] } },
{ "type": "Feature", "properties": { "id": 22623, "nach": 0.59412609572573427 }, "geometry": { "type": "LineString", "coordinates": [ [ 0.2074535, 51.8819722 ], [ 0.207445, 51.8818316 ] ] } },
{ "type": "Feature", "properties": { "id": 31251, "nach": 0.42575536069281955 }, "geometry": { "type": "LineString", "coordinates": [ [ 0.2082222, 51.88195730000001 ], [ 0.207445, 51.8818316 ] ] } },
{ "type": "Feature", "properties": { "id": 22633, "nach": 0.56098186941961115 }, "geometry": { "type": "LineString", "coordinates": [ [ 0.2104828, 51.8814787 ], [ 0.2106944, 51.88144 ] ] } },
{ "type": "Feature", "properties": { "id": 22634, "nach": 0.58320757100914766 }, "geometry": { "type": "LineString", "coordinates": [ [ 0.2104828, 51.8814787 ], [ 0.2104426, 51.8813978 ], [ 0.210412, 51.8813379 ] ] } },
{ "type": "Feature", "properties": { "id": 22608, "nach": 0.5825440766026887 }, "geometry": { "type": "LineString", "coordinates": [ [ 0.2074625, 51.8821211 ], [ 0.2074535, 51.8819722 ] ] } },
{ "type": "Feature", "properties": { "id": 22632, "nach": 0.55055208752522944 }, "geometry": { "type": "LineString", "coordinates": [ [ 0.2075351, 51.882258599999986 ], [ 0.2074975, 51.882247 ], [ 0.2074707, 51.8822238 ], [ 0.207468, 51.8822122 ], [ 0.2074625, 51.8821211 ] ] } },
{ "type": "Feature", "properties": { "id": 22622, "nach": 0.41568230034082959 }, "geometry": { "type": "LineString", "coordinates": [ [ 0.2074535, 51.8819722 ], [ 0.2081613, 51.8820914 ] ] } },
{ "type": "Feature", "properties": { "id": 31431, "nach": 0.51021066642488166 }, "geometry": { "type": "LineString", "coordinates": [ [ 0.2110067, 51.8813828 ], [ 0.2109601, 51.8812816 ], [ 0.2107808, 51.881313 ], [ 0.2107626, 51.8812733 ] ] } },
{ "type": "Feature", "properties": { "id": 22636, "nach": 0.32745775430923574 }, "geometry": { "type": "LineString", "coordinates": [ [ 0.2074385, 51.88168910000001 ], [ 0.208282, 51.8818256 ] ] } },
{ "type": "Feature", "properties": { "id": 22637, "nach": 0.51642585700362775 }, "geometry": { "type": "LineString", "coordinates": [ [ 0.2074385, 51.88168910000001 ], [ 0.2074318, 51.8815449 ] ] } },
{ "type": "Feature", "properties": { "id": 22613, "nach": 0.68645048140481923 }, "geometry": { "type": "LineString", "coordinates": [ [ 0.210412, 51.8813379 ], [ 0.2107626, 51.8812733 ] ] } },
{ "type": "Feature", "properties": { "id": 53779, "nach": 0.70089115966669946 }, "geometry": { "type": "LineString", "coordinates": [ [ 0.2089395, 51.881386300000017 ], [ 0.2094582, 51.8814715 ], [ 0.2095654, 51.8814811 ], [ 0.209674, 51.8814709 ], [ 0.210412, 51.8813379 ] ] } },
{ "type": "Feature", "properties": { "id": 31390, "nach": 0.56917734340841353 }, "geometry": { "type": "LineString", "coordinates": [ [ 0.2107626, 51.8812733 ], [ 0.210742, 51.8812287 ], [ 0.2112371, 51.8811418 ], [ 0.2112237, 51.88111270000001 ], [ 0.2111895, 51.8810384 ] ] } },
{ "type": "Feature", "properties": { "id": 31392, "nach": 0.67803036334571298 }, "geometry": { "type": "LineString", "coordinates": [ [ 0.2107626, 51.8812733 ], [ 0.2112611, 51.8811815 ], [ 0.211784, 51.881085200000015 ] ] } },
{ "type": "Feature", "properties": { "id": 22615, "nach": 0.44474072956659988 }, "geometry": { "type": "LineString", "coordinates": [ [ 0.2091242, 51.8821032 ], [ 0.2082222, 51.88195730000001 ] ] } },
{ "type": "Feature", "properties": { "id": 22625, "nach": 0.42349409922719439 }, "geometry": { "type": "LineString", "coordinates": [ [ 0.2091984, 51.8819739 ], [ 0.2091242, 51.8821032 ] ] } },
{ "type": "Feature", "properties": { "id": 31366, "nach": 0.61286417517773928 }, "geometry": { "type": "LineString", "coordinates": [ [ 0.2081613, 51.8820914 ], [ 0.2082222, 51.88195730000001 ] ] } },
{ "type": "Feature", "properties": { "id": 31414, "nach": 0.61793282552310014 }, "geometry": { "type": "LineString", "coordinates": [ [ 0.208282, 51.8818256 ], [ 0.2082222, 51.88195730000001 ] ] } },
{ "type": "Feature", "properties": { "id": 22620, "nach": 0.45222795045365299 }, "geometry": { "type": "LineString", "coordinates": [ [ 0.2092735, 51.8818431 ], [ 0.2091984, 51.8819739 ] ] } },
{ "type": "Feature", "properties": { "id": 22621, "nach": 0.1124503729000704 }, "geometry": { "type": "LineString", "coordinates": [ [ 0.2092735, 51.8818431 ], [ 0.2083426, 51.8816924 ] ] } },
{ "type": "Feature", "properties": { "id": 31265, "nach": 0.47922067453216866 }, "geometry": { "type": "LineString", "coordinates": [ [ 0.208403, 51.8815595 ], [ 0.2092759, 51.8817006 ], [ 0.2093107, 51.8817155 ], [ 0.2093188, 51.881742 ], [ 0.2093134, 51.8817735 ], [ 0.2092735, 51.8818431 ] ] } },
{ "type": "Feature", "properties": { "id": 31413, "nach": 0.1794785090246771 }, "geometry": { "type": "LineString", "coordinates": [ [ 0.208282, 51.8818256 ], [ 0.2091984, 51.8819739 ] ] } },
{ "type": "Feature", "properties": { "id": 31300, "nach": 0.62493020797841825 }, "geometry": { "type": "LineString", "coordinates": [ [ 0.2083426, 51.8816924 ], [ 0.208403, 51.8815595 ] ] } },
{ "type": "Feature", "properties": { "id": 31298, "nach": 0.13615579375636905 }, "geometry": { "type": "LineString", "coordinates": [ [ 0.2083426, 51.8816924 ], [ 0.2074318, 51.8815449 ] ] } },
{ "type": "Feature", "properties": { "id": 31415, "nach": 0.62205115833210645 }, "geometry": { "type": "LineString", "coordinates": [ [ 0.208282, 51.8818256 ], [ 0.2083426, 51.8816924 ] ] } },
{ "type": "Feature", "properties": { "id": 22624, "nach": 0.51891611851577202 }, "geometry": { "type": "LineString", "coordinates": [ [ 0.2074318, 51.8815449 ], [ 0.2074278, 51.8814589 ], [ 0.2074412, 51.8814307 ], [ 0.207452, 51.8814224 ], [ 0.2074734, 51.8814142 ], [ 0.2075029, 51.8814109 ], [ 0.207874, 51.881472200000012 ] ] } },
{ "type": "Feature", "properties": { "id": 53776, "nach": 0.25228362978983526 }, "geometry": { "type": "LineString", "coordinates": [ [ 0.207874, 51.881472200000012 ], [ 0.208403, 51.8815595 ] ] } },
{ "type": "Feature", "properties": { "id": 53781, "nach": 0.60265188017220894 }, "geometry": { "type": "LineString", "coordinates": [ [ 0.2075711, 51.882415 ], [ 0.2075351, 51.882258599999986 ] ] } },
{ "type": "Feature", "properties": { "id": 31303, "nach": 0.58396919574539374 }, "geometry": { "type": "LineString", "coordinates": [ [ 0.2128856, 51.882169 ], [ 0.2106761, 51.8825845 ], [ 0.2105731, 51.8825898 ], [ 0.2104872, 51.8825686 ], [ 0.2097834, 51.8823037 ], [ 0.2097148, 51.8822984 ], [ 0.2084868, 51.8823659 ] ] } },
{ "type": "Feature", "properties": { "id": 31335, "nach": 0.49189681508894789 }, "geometry": { "type": "LineString", "coordinates": [ [ 0.2084868, 51.8823659 ], [ 0.2079746, 51.8823931 ] ] } },
{ "type": "Feature", "properties": { "id": 22722, "nach": 0.40505258361714197 }, "geometry": { "type": "LineString", "coordinates": [ [ 0.2081634, 51.8810981 ], [ 0.208435, 51.8811445 ] ] } },
{ "type": "Feature", "properties": { "id": 22748, "nach": 0.45282521711748491 }, "geometry": { "type": "LineString", "coordinates": [ [ 0.2086645, 51.8811837 ], [ 0.208435, 51.8811445 ] ] } },
{ "type": "Feature", "properties": { "id": 31428, "nach": 0.43942070477428513 }, "geometry": { "type": "LineString", "coordinates": [ [ 0.2086257, 51.8810179 ], [ 0.2084524, 51.8811178 ], [ 0.208435, 51.8811445 ] ] } },
{ "type": "Feature", "properties": { "id": 22721, "nach": 0.44027711096433753 }, "geometry": { "type": "LineString", "coordinates": [ [ 0.2081634, 51.8810981 ], [ 0.2084786, 51.880916799999987 ] ] } },
{ "type": "Feature", "properties": { "id": 31309, "nach": 0.0 }, "geometry": { "type": "LineString", "coordinates": [ [ 0.2083254, 51.8808114 ], [ 0.2079911, 51.8810052 ], [ 0.207975, 51.881020100000015 ], [ 0.207975, 51.8810416 ], [ 0.207983, 51.8810598 ], [ 0.2080072, 51.8810714 ], [ 0.2080554, 51.8810797 ], [ 0.2081634, 51.8810981 ] ] } },
{ "type": "Feature", "properties": { "id": 22749, "nach": 0.44103933012993252 }, "geometry": { "type": "LineString", "coordinates": [ [ 0.2086645, 51.8811837 ], [ 0.2087741, 51.88112 ] ] } },
{ "type": "Feature", "properties": { "id": 53789, "nach": 0.48115986051605397 }, "geometry": { "type": "LineString", "coordinates": [ [ 0.2089094, 51.881213 ], [ 0.2088199, 51.8812089 ], [ 0.2087636, 51.8812006 ], [ 0.2086645, 51.8811837 ] ] } },
{ "type": "Feature", "properties": { "id": 31387, "nach": 0.63974686453878615 }, "geometry": { "type": "LineString", "coordinates": [ [ 0.2084786, 51.880916799999987 ], [ 0.2083254, 51.8808114 ] ] } },
{ "type": "Feature", "properties": { "id": 31385, "nach": 0.32012748945973368 }, "geometry": { "type": "LineString", "coordinates": [ [ 0.2084786, 51.880916799999987 ], [ 0.2092876, 51.8804515 ] ] } },
{ "type": "Feature", "properties": { "id": 31427, "nach": 0.63247778321283976 }, "geometry": { "type": "LineString", "coordinates": [ [ 0.2086257, 51.8810179 ], [ 0.2084786, 51.880916799999987 ] ] } },
{ "type": "Feature", "properties": { "id": 31307, "nach": 0.40264301258890578 }, "geometry": { "type": "LineString", "coordinates": [ [ 0.2083254, 51.8808114 ], [ 0.2086938, 51.8805979 ] ] } },
{ "type": "Feature", "properties": { "id": 31235, "nach": 0.50005523321419276 }, "geometry": { "type": "LineString", "coordinates": [ [ 0.2098602, 51.880836300000013 ], [ 0.2098327, 51.8809193 ] ] } },
{ "type": "Feature", "properties": { "id": 22731, "nach": 0.49574457994942855 }, "geometry": { "type": "LineString", "coordinates": [ [ 0.209233, 51.8812279 ], [ 0.2097828, 51.8809141 ], [ 0.2098327, 51.8809193 ] ] } },
{ "type": "Feature", "properties": { "id": 31237, "nach": 0.22380243464901881 }, "geometry": { "type": "LineString", "coordinates": [ [ 0.2098602, 51.880836300000013 ], [ 0.2099089, 51.880689 ], [ 0.2098954, 51.880660799999987 ] ] } },
{ "type": "Feature", "properties": { "id": 31330, "nach": 0.50407404550650492 }, "geometry": { "type": "LineString", "coordinates": [ [ 0.2097353, 51.8807524 ], [ 0.2098602, 51.880836300000013 ] ] } },
{ "type": "Feature", "properties": { "id": 22746, "nach": 0.49700016508181283 }, "geometry": { "type": "LineString", "coordinates": [ [ 0.2089752, 51.881216 ], [ 0.209233, 51.8812279 ] ] } },
{ "type": "Feature", "properties": { "id": 22733, "nach": 0.44076785669307084 }, "geometry": { "type": "LineString", "coordinates": [ [ 0.2097695, 51.8805465 ], [ 0.2096435, 51.8804323 ] ] } },
{ "type": "Feature", "properties": { "id": 22734, "nach": 0.38922156439752537 }, "geometry": { "type": "LineString", "coordinates": [ [ 0.2095245, 51.880324399999985 ], [ 0.2096435, 51.8804323 ] ] } },
{ "type": "Feature", "properties": { "id": 22728, "nach": 0.4470707359742247 }, "geometry": { "type": "LineString", "coordinates": [ [ 0.2096435, 51.8804323 ], [ 0.2094364, 51.8805515 ] ] } },
{ "type": "Feature", "properties": { "id": 22736, "nach": 0.43908915493469874 }, "geometry": { "type": "LineString", "coordinates": [ [ 0.2098954, 51.880660799999987 ], [ 0.2097695, 51.8805465 ] ] } },
{ "type": "Feature", "properties": { "id": 31240, "nach": 0.47502384179185725 }, "geometry": { "type": "LineString", "coordinates": [ [ 0.2095839, 51.8806506 ], [ 0.2097291, 51.8805664 ], [ 0.2097695, 51.8805465 ] ] } },
{ "type": "Feature", "properties": { "id": 31256, "nach": 0.0 }, "geometry": { "type": "LineString", "coordinates": [ [ 0.2091318, 51.880346699999983 ], [ 0.2093349, 51.8802303 ], [ 0.2093778, 51.8802187 ], [ 0.2094153, 51.8802254 ], [ 0.2095245, 51.880324399999985 ] ] } },
{ "type": "Feature", "properties": { "id": 31346, "nach": 0.45219244501988393 }, "geometry": { "type": "LineString", "coordinates": [ [ 0.2092876, 51.8804515 ], [ 0.2094877, 51.88033630000001 ], [ 0.2095245, 51.880324399999985 ] ] } },
{ "type": "Feature", "properties": { "id": 31412, "nach": 0.65831981187582267 }, "geometry": { "type": "LineString", "coordinates": [ [ 0.2094364, 51.8805515 ], [ 0.2095839, 51.8806506 ] ] } },
{ "type": "Feature", "properties": { "id": 31411, "nach": 0.66307937895297031 }, "geometry": { "type": "LineString", "coordinates": [ [ 0.2094364, 51.8805515 ], [ 0.2092876, 51.8804515 ] ] } },
{ "type": "Feature", "properties": { "id": 31410, "nach": 0.22394755667954758 }, "geometry": { "type": "LineString", "coordinates": [ [ 0.2094364, 51.8805515 ], [ 0.2086257, 51.8810179 ] ] } },
{ "type": "Feature", "properties": { "id": 53788, "nach": 0.59242138411302203 }, "geometry": { "type": "LineString", "coordinates": [ [ 0.2089094, 51.881213 ], [ 0.2089752, 51.881216 ] ] } },
{ "type": "Feature", "properties": { "id": 53778, "nach": 0.6658185337248621 }, "geometry": { "type": "LineString", "coordinates": [ [ 0.2089395, 51.881386300000017 ], [ 0.2089752, 51.881216 ] ] } },
{ "type": "Feature", "properties": { "id": 31331, "nach": 0.64549477005028943 }, "geometry": { "type": "LineString", "coordinates": [ [ 0.2097353, 51.8807524 ], [ 0.2089835, 51.8811824 ], [ 0.2089752, 51.881216 ] ] } },
{ "type": "Feature", "properties": { "id": 22737, "nach": 0.50496462640837159 }, "geometry": { "type": "LineString", "coordinates": [ [ 0.2098954, 51.880660799999987 ], [ 0.2097353, 51.8807524 ] ] } },
{ "type": "Feature", "properties": { "id": 31254, "nach": 0.50831866080026877 }, "geometry": { "type": "LineString", "coordinates": [ [ 0.2091318, 51.880346699999983 ], [ 0.2086938, 51.8805979 ] ] } },
{ "type": "Feature", "properties": { "id": 31344, "nach": 0.66899005957611879 }, "geometry": { "type": "LineString", "coordinates": [ [ 0.2092876, 51.8804515 ], [ 0.2091318, 51.880346699999983 ] ] } },
{ "type": "Feature", "properties": { "id": 31329, "nach": 0.65237085970433217 }, "geometry": { "type": "LineString", "coordinates": [ [ 0.2097353, 51.8807524 ], [ 0.2095839, 51.8806506 ] ] } },
{ "type": "Feature", "properties": { "id": 22744, "nach": 0.48605439446136667 }, "geometry": { "type": "LineString", "coordinates": [ [ 0.2086938, 51.8805979 ], [ 0.2086109, 51.880543900000021 ], [ 0.208453, 51.880441 ] ] } },
{ "type": "Feature", "properties": { "id": 53791, "nach": 0.62528827317348301 }, "geometry": { "type": "LineString", "coordinates": [ [ 0.2089094, 51.881213 ], [ 0.2088418, 51.881166500000013 ], [ 0.2087741, 51.88112 ] ] } },
{ "type": "Feature", "properties": { "id": 53790, "nach": 0.61111229870352191 }, "geometry": { "type": "LineString", "coordinates": [ [ 0.2089094, 51.881213 ], [ 0.2088653, 51.8813157 ], [ 0.2088264, 51.881327299999988 ], [ 0.2083879, 51.8812537 ], [ 0.2083698, 51.8812928 ] ] } },
{ "type": "Feature", "properties": { "id": 53772, "nach": 0.64052748888703759 }, "geometry": { "type": "LineString", "coordinates": [ [ 0.2083698, 51.8812928 ], [ 0.2089395, 51.881386300000017 ] ] } },
{ "type": "Feature", "properties": { "id": 31404, "nach": 0.44342817268574103 }, "geometry": { "type": "LineString", "coordinates": [ [ 0.2087741, 51.88112 ], [ 0.2095839, 51.8806506 ] ] } },
{ "type": "Feature", "properties": { "id": 31426, "nach": 0.62607874587468315 }, "geometry": { "type": "LineString", "coordinates": [ [ 0.2086257, 51.8810179 ], [ 0.2087741, 51.88112 ] ] } },
{ "type": "Feature", "properties": { "id": 22791, "nach": 0.59490714551751145 }, "geometry": { "type": "LineString", "coordinates": [ [ 0.2113995, 51.8790441 ], [ 0.2116945, 51.8788736 ], [ 0.2117562, 51.8788454 ], [ 0.2120732, 51.8787802 ] ] } },
{ "type": "Feature", "properties": { "id": 31362, "nach": 0.22903253615209473 }, "geometry": { "type": "LineString", "coordinates": [ [ 0.2109777, 51.8794822 ], [ 0.2120968, 51.8788371 ], [ 0.2120732, 51.8787802 ] ] } },
{ "type": "Feature", "properties": { "id": 31228, "nach": 0.52677197564184419 }, "geometry": { "type": "LineString", "coordinates": [ [ 0.2108217, 51.8793781 ], [ 0.2113995, 51.8790441 ] ] } },
{ "type": "Feature", "properties": { "id": 22764, "nach": 0.15248208957934004 }, "geometry": { "type": "LineString", "coordinates": [ [ 0.2123384, 51.8788945 ], [ 0.211133, 51.8795859 ] ] } },
{ "type": "Feature", "properties": { "id": 31356, "nach": 0.63080327217828469 }, "geometry": { "type": "LineString", "coordinates": [ [ 0.211133, 51.8795859 ], [ 0.2112839, 51.8796867 ] ] } },
{ "type": "Feature", "properties": { "id": 31354, "nach": 0.41695775847589917 }, "geometry": { "type": "LineString", "coordinates": [ [ 0.211133, 51.8795859 ], [ 0.2101972, 51.8801227 ] ] } },
{ "type": "Feature", "properties": { "id": 31361, "nach": 0.64087072385299459 }, "geometry": { "type": "LineString", "coordinates": [ [ 0.2109777, 51.8794822 ], [ 0.211133, 51.8795859 ] ] } },
{ "type": "Feature", "properties": { "id": 31291, "nach": 0.19635793652385217 }, "geometry": { "type": "LineString", "coordinates": [ [ 0.2112839, 51.8796867 ], [ 0.2124267, 51.8790325 ], [ 0.2124702, 51.8790191 ] ] } },
{ "type": "Feature", "properties": { "id": 22855, "nach": 0.53801270879278784 }, "geometry": { "type": "LineString", "coordinates": [ [ 0.2101972, 51.8801227 ], [ 0.2099912, 51.8800509 ] ] } },
{ "type": "Feature", "properties": { "id": 22768, "nach": 0.41683151914934569 }, "geometry": { "type": "LineString", "coordinates": [ [ 0.2099912, 51.8800509 ], [ 0.2109777, 51.8794822 ] ] } },
{ "type": "Feature", "properties": { "id": 22838, "nach": 0.55141255977013826 }, "geometry": { "type": "LineString", "coordinates": [ [ 0.2101298, 51.879778 ], [ 0.2098465, 51.8799432 ], [ 0.2098277, 51.879968 ], [ 0.2098438, 51.879989600000016 ], [ 0.2098652, 51.8800061 ], [ 0.2099912, 51.8800509 ] ] } },
{ "type": "Feature", "properties": { "id": 22854, "nach": 0.52190081529606325 }, "geometry": { "type": "LineString", "coordinates": [ [ 0.2101972, 51.8801227 ], [ 0.2103988, 51.8801934 ] ] } },
{ "type": "Feature", "properties": { "id": 31360, "nach": 0.64979855341174342 }, "geometry": { "type": "LineString", "coordinates": [ [ 0.2109777, 51.8794822 ], [ 0.2108217, 51.8793781 ] ] } },
{ "type": "Feature", "properties": { "id": 31230, "nach": 0.62372586915721984 }, "geometry": { "type": "LineString", "coordinates": [ [ 0.2108217, 51.8793781 ], [ 0.2101361, 51.8797743 ], [ 0.2101298, 51.879778 ] ] } },
{ "type": "Feature", "properties": { "id": 22770, "nach": 0.2385541722613313 }, "geometry": { "type": "LineString", "coordinates": [ [ 0.2050077, 51.8806056 ], [ 0.2048328, 51.879811 ] ] } },
{ "type": "Feature", "properties": { "id": 22788, "nach": 0.45109369017365702 }, "geometry": { "type": "LineString", "coordinates": [ [ 0.2052124, 51.880638500000025 ], [ 0.2050077, 51.8806056 ] ] } },
{ "type": "Feature", "properties": { "id": 31317, "nach": 0.15263731944401762 }, "geometry": { "type": "LineString", "coordinates": [ [ 0.2046064, 51.8798292 ], [ 0.2046805, 51.8801667 ], [ 0.2048549, 51.8805591 ], [ 0.2048763, 51.8805773 ], [ 0.2049246, 51.8805922 ], [ 0.2050077, 51.8806056 ] ] } },
{ "type": "Feature", "properties": { "id": 31316, "nach": 0.44280248365702674 }, "geometry": { "type": "LineString", "coordinates": [ [ 0.2046064, 51.8798292 ], [ 0.2048328, 51.879811 ] ] } },
{ "type": "Feature", "properties": { "id": 31399, "nach": 0.49225208015127214 }, "geometry": { "type": "LineString", "coordinates": [ [ 0.2050537, 51.87979330000001 ], [ 0.2048328, 51.879811 ] ] } },
{ "type": "Feature", "properties": { "id": 31250, "nach": 0.16646722236904152 }, "geometry": { "type": "LineString", "coordinates": [ [ 0.2048328, 51.879811 ], [ 0.2046537, 51.8789977 ], [ 0.2046568, 51.8789607 ] ] } },
{ "type": "Feature", "properties": { "id": 22858, "nach": 0.49953275207566611 }, "geometry": { "type": "LineString", "coordinates": [ [ 0.2054635, 51.8806788 ], [ 0.2052124, 51.880638500000025 ] ] } },
{ "type": "Feature", "properties": { "id": 31401, "nach": 0.21811794574258819 }, "geometry": { "type": "LineString", "coordinates": [ [ 0.2050537, 51.87979330000001 ], [ 0.2052277, 51.8806105 ], [ 0.2052124, 51.880638500000025 ] ] } },
{ "type": "Feature", "properties": { "id": 31318, "nach": 0.076267749836628096 }, "geometry": { "type": "LineString", "coordinates": [ [ 0.2046064, 51.8798292 ], [ 0.2044338, 51.8790425 ], [ 0.2044364, 51.8790143 ], [ 0.2044579, 51.8789812 ], [ 0.2045035, 51.8789613 ], [ 0.2045652, 51.878954700000016 ], [ 0.2046568, 51.8789607 ] ] } },
{ "type": "Feature", "properties": { "id": 22773, "nach": 0.5368379254487472 }, "geometry": { "type": "LineString", "coordinates": [ [ 0.2061782, 51.8818909 ], [ 0.206322, 51.8818026 ], [ 0.2063462, 51.8817761 ], [ 0.2063435, 51.8817479 ], [ 0.2062381, 51.8814654 ] ] } },
{ "type": "Feature", "properties": { "id": 22849, "nach": 0.50686174241580606 }, "geometry": { "type": "LineString", "coordinates": [ [ 0.2059887, 51.8820074 ], [ 0.2061782, 51.8818909 ] ] } },
{ "type": "Feature", "properties": { "id": 31273, "nach": 0.21988163716401504 }, "geometry": { "type": "LineString", "coordinates": [ [ 0.2060119, 51.8814989 ], [ 0.2061638, 51.8818771 ], [ 0.2061782, 51.8818909 ] ] } },
{ "type": "Feature", "properties": { "id": 31245, "nach": 0.5988330753153488 }, "geometry": { "type": "LineString", "coordinates": [ [ 0.2062381, 51.8814654 ], [ 0.2061987, 51.8813655 ] ] } },
{ "type": "Feature", "properties": { "id": 31272, "nach": 0.56041406280616957 }, "geometry": { "type": "LineString", "coordinates": [ [ 0.2060119, 51.8814989 ], [ 0.2062381, 51.8814654 ] ] } },
{ "type": "Feature", "properties": { "id": 31348, "nach": 0.53702990701295095 }, "geometry": { "type": "LineString", "coordinates": [ [ 0.2064883, 51.8814875 ], [ 0.2063144, 51.8815076 ], [ 0.2062995, 51.8814583 ], [ 0.2062381, 51.8814654 ] ] } },
{ "type": "Feature", "properties": { "id": 22883, "nach": 0.43511335277286362 }, "geometry": { "type": "LineString", "coordinates": [ [ 0.2048794, 51.8789753 ], [ 0.2046568, 51.8789607 ] ] } },
{ "type": "Feature", "properties": { "id": 22884, "nach": 0.48452434099281011 }, "geometry": { "type": "LineString", "coordinates": [ [ 0.2048794, 51.8789753 ], [ 0.205113, 51.8789907 ] ] } },
{ "type": "Feature", "properties": { "id": 22882, "nach": 0.19695575985825142 }, "geometry": { "type": "LineString", "coordinates": [ [ 0.2048794, 51.8789753 ], [ 0.2050537, 51.87979330000001 ] ] } },
{ "type": "Feature", "properties": { "id": 22861, "nach": 0.18763213981254057 }, "geometry": { "type": "LineString", "coordinates": [ [ 0.2072725, 51.8777075 ], [ 0.2059859, 51.878454 ] ] } },
{ "type": "Feature", "properties": { "id": 22797, "nach": 0.5185018319520267 }, "geometry": { "type": "LineString", "coordinates": [ [ 0.2061702, 51.8785345 ], [ 0.2059859, 51.878454 ] ] } },
{ "type": "Feature", "properties": { "id": 22813, "nach": 0.48907283364601173 }, "geometry": { "type": "LineString", "coordinates": [ [ 0.2058012, 51.8783733 ], [ 0.2059859, 51.878454 ] ] } },
{ "type": "Feature", "properties": { "id": 22862, "nach": 0.48951519403297133 }, "geometry": { "type": "LineString", "coordinates": [ [ 0.2072725, 51.8777075 ], [ 0.2070211, 51.8776629 ] ] } },
{ "type": "Feature", "properties": { "id": 22871, "nach": 0.5186131582852066 }, "geometry": { "type": "LineString", "coordinates": [ [ 0.2075271, 51.8777526 ], [ 0.2072725, 51.8777075 ] ] } },
{ "type": "Feature", "properties": { "id": 22870, "nach": 0.16636189503600496 }, "geometry": { "type": "LineString", "coordinates": [ [ 0.2075271, 51.8777526 ], [ 0.2061702, 51.8785345 ] ] } },
{ "type": "Feature", "properties": { "id": 22819, "nach": 0.53986332854482033 }, "geometry": { "type": "LineString", "coordinates": [ [ 0.2063513, 51.8786155 ], [ 0.2061702, 51.8785345 ] ] } },
{ "type": "Feature", "properties": { "id": 22812, "nach": 0.25350835290435519 }, "geometry": { "type": "LineString", "coordinates": [ [ 0.2058012, 51.8783733 ], [ 0.2070211, 51.8776629 ] ] } },
{ "type": "Feature", "properties": { "id": 22814, "nach": 0.43993985640911593 }, "geometry": { "type": "LineString", "coordinates": [ [ 0.2058012, 51.8783733 ], [ 0.2057373, 51.8783454 ], [ 0.2056676, 51.878312200000011 ], [ 0.2056375, 51.878282700000014 ] ] } },
{ "type": "Feature", "properties": { "id": 22847, "nach": 0.4276078342489123 }, "geometry": { "type": "LineString", "coordinates": [ [ 0.211485, 51.8801793 ], [ 0.2109416, 51.8802746 ] ] } },
{ "type": "Feature", "properties": { "id": 22780, "nach": 0.42024756020730963 }, "geometry": { "type": "LineString", "coordinates": [ [ 0.2109416, 51.8802746 ], [ 0.2115972, 51.879895899999987 ] ] } },
{ "type": "Feature", "properties": { "id": 22834, "nach": 0.4732303837973838 }, "geometry": { "type": "LineString", "coordinates": [ [ 0.2106275, 51.8802737 ], [ 0.2107235, 51.8803075 ], [ 0.2107557, 51.8803075 ], [ 0.2109416, 51.8802746 ] ] } },
{ "type": "Feature", "properties": { "id": 22833, "nach": 0.50141297554604358 }, "geometry": { "type": "LineString", "coordinates": [ [ 0.2106275, 51.8802737 ], [ 0.2103988, 51.8801934 ] ] } },
{ "type": "Feature", "properties": { "id": 31351, "nach": 0.41655363269263768 }, "geometry": { "type": "LineString", "coordinates": [ [ 0.2114424, 51.8797925 ], [ 0.2106592, 51.8802429 ], [ 0.2106275, 51.8802737 ] ] } },
{ "type": "Feature", "properties": { "id": 22782, "nach": 0.53856243375750912 }, "geometry": { "type": "LineString", "coordinates": [ [ 0.2061987, 51.8813655 ], [ 0.2061202, 51.881211900000011 ], [ 0.2061048, 51.8811817 ], [ 0.206078, 51.8811684 ], [ 0.2060458, 51.8811602 ], [ 0.2058642, 51.8811317 ] ] } },
{ "type": "Feature", "properties": { "id": 22807, "nach": 0.50906160657482546 }, "geometry": { "type": "LineString", "coordinates": [ [ 0.2058642, 51.8811317 ], [ 0.2056303, 51.881095 ] ] } },
{ "type": "Feature", "properties": { "id": 22808, "nach": 0.21971217651459976 }, "geometry": { "type": "LineString", "coordinates": [ [ 0.2058642, 51.8811317 ], [ 0.2060119, 51.8814989 ] ] } },
{ "type": "Feature", "properties": { "id": 22810, "nach": 0.075924583266282028 }, "geometry": { "type": "LineString", "coordinates": [ [ 0.2056375, 51.878282700000014 ], [ 0.2055952, 51.878241 ], [ 0.2055791, 51.87821120000001 ], [ 0.2055817, 51.8781665 ], [ 0.2056113, 51.8781235 ], [ 0.2062764, 51.877731 ], [ 0.2064266, 51.8776565 ], [ 0.2064883, 51.8776383 ], [ 0.2067684, 51.8776348 ] ] } },
{ "type": "Feature", "properties": { "id": 22800, "nach": 0.4403443065128142 }, "geometry": { "type": "LineString", "coordinates": [ [ 0.2070211, 51.8776629 ], [ 0.2068638, 51.877635 ], [ 0.2067684, 51.8776348 ] ] } },
{ "type": "Feature", "properties": { "id": 22857, "nach": 0.52830299775622436 }, "geometry": { "type": "LineString", "coordinates": [ [ 0.2054635, 51.8806788 ], [ 0.20567, 51.880712 ] ] } },
{ "type": "Feature", "properties": { "id": 22856, "nach": 0.18864788633545504 }, "geometry": { "type": "LineString", "coordinates": [ [ 0.2054635, 51.8806788 ], [ 0.205269, 51.879776 ] ] } },
{ "type": "Feature", "properties": { "id": 31244, "nach": 0.61804843362272954 }, "geometry": { "type": "LineString", "coordinates": [ [ 0.2105879, 51.8792204 ], [ 0.2107468, 51.879328 ], [ 0.2108217, 51.8793781 ] ] } },
{ "type": "Feature", "properties": { "id": 22877, "nach": 0.53967474630864232 }, "geometry": { "type": "LineString", "coordinates": [ [ 0.2077704, 51.877795800000015 ], [ 0.2075271, 51.8777526 ] ] } },
{ "type": "Feature", "properties": { "id": 22876, "nach": 0.13518589791103819 }, "geometry": { "type": "LineString", "coordinates": [ [ 0.2077704, 51.877795800000015 ], [ 0.2063513, 51.8786155 ] ] } },
{ "type": "Feature", "properties": { "id": 22867, "nach": 0.55695204733024706 }, "geometry": { "type": "LineString", "coordinates": [ [ 0.2065265, 51.8786926 ], [ 0.2063513, 51.8786155 ] ] } },
{ "type": "Feature", "properties": { "id": 31260, "nach": 0.13575042090165532 }, "geometry": { "type": "LineString", "coordinates": [ [ 0.2054884, 51.8797583 ], [ 0.2056864, 51.8806833 ], [ 0.20567, 51.880712 ] ] } },
{ "type": "Feature", "properties": { "id": 22853, "nach": 0.45934076870942686 }, "geometry": { "type": "LineString", "coordinates": [ [ 0.2056303, 51.881095 ], [ 0.2053592, 51.8810524 ] ] } },
{ "type": "Feature", "properties": { "id": 31371, "nach": 0.18946900972897313 }, "geometry": { "type": "LineString", "coordinates": [ [ 0.2057938, 51.8815312 ], [ 0.205622, 51.8811121 ], [ 0.2056303, 51.881095 ] ] } },
{ "type": "Feature", "properties": { "id": 31370, "nach": 0.53919246000234133 }, "geometry": { "type": "LineString", "coordinates": [ [ 0.2057938, 51.8815312 ], [ 0.2060119, 51.8814989 ] ] } },
{ "type": "Feature", "properties": { "id": 22879, "nach": 0.55652415643493058 }, "geometry": { "type": "LineString", "coordinates": [ [ 0.2080175, 51.8778396 ], [ 0.2077704, 51.877795800000015 ] ] } },
{ "type": "Feature", "properties": { "id": 22880, "nach": 0.076427620088965031 }, "geometry": { "type": "LineString", "coordinates": [ [ 0.2080175, 51.8778396 ], [ 0.2065265, 51.8786926 ] ] } },
{ "type": "Feature", "properties": { "id": 22829, "nach": 0.41708740311386561 }, "geometry": { "type": "LineString", "coordinates": [ [ 0.2103988, 51.8801934 ], [ 0.2112839, 51.8796867 ] ] } },
{ "type": "Feature", "properties": { "id": 31349, "nach": 0.61939833009531431 }, "geometry": { "type": "LineString", "coordinates": [ [ 0.2114424, 51.8797925 ], [ 0.2112839, 51.8796867 ] ] } },
{ "type": "Feature", "properties": { "id": 22830, "nach": 0.22439517594412081 }, "geometry": { "type": "LineString", "coordinates": [ [ 0.2053272, 51.8790048 ], [ 0.2054884, 51.8797583 ] ] } },
{ "type": "Feature", "properties": { "id": 22860, "nach": 0.51390991649360074 }, "geometry": { "type": "LineString", "coordinates": [ [ 0.205113, 51.8789907 ], [ 0.2053272, 51.8790048 ] ] } },
{ "type": "Feature", "properties": { "id": 31383, "nach": 0.53494610883289406 }, "geometry": { "type": "LineString", "coordinates": [ [ 0.2057168, 51.87974 ], [ 0.2055657, 51.879054 ], [ 0.2055549, 51.8790358 ], [ 0.2055227, 51.8790176 ], [ 0.2053272, 51.8790048 ] ] } },
{ "type": "Feature", "properties": { "id": 31436, "nach": 0.54228631284901874 }, "geometry": { "type": "LineString", "coordinates": [ [ 0.205269, 51.879776 ], [ 0.2054884, 51.8797583 ] ] } },
{ "type": "Feature", "properties": { "id": 31382, "nach": 0.55866119131899683 }, "geometry": { "type": "LineString", "coordinates": [ [ 0.2057168, 51.87974 ], [ 0.2054884, 51.8797583 ] ] } },
{ "type": "Feature", "properties": { "id": 31437, "nach": 0.21193954671172993 }, "geometry": { "type": "LineString", "coordinates": [ [ 0.205269, 51.879776 ], [ 0.205107, 51.8790242 ], [ 0.205113, 51.8789907 ] ] } },
{ "type": "Feature", "properties": { "id": 22848, "nach": 0.18961173652430063 }, "geometry": { "type": "LineString", "coordinates": [ [ 0.2059887, 51.8820074 ], [ 0.2057938, 51.8815312 ] ] } },
{ "type": "Feature", "properties": { "id": 22864, "nach": 0.45763922544296215 }, "geometry": { "type": "LineString", "coordinates": [ [ 0.2058059, 51.8821198 ], [ 0.2059887, 51.8820074 ] ] } },
{ "type": "Feature", "properties": { "id": 31369, "nach": 0.50982198699514714 }, "geometry": { "type": "LineString", "coordinates": [ [ 0.2057938, 51.8815312 ], [ 0.2055683, 51.8815646 ] ] } },
{ "type": "Feature", "properties": { "id": 53684, "nach": 0.57061366805265856 }, "geometry": { "type": "LineString", "coordinates": [ [ 0.2080289, 51.8780207 ], [ 0.2081647, 51.877941300000018 ], [ 0.2081808, 51.8779182 ], [ 0.2081674, 51.8778917 ], [ 0.2081486, 51.8778701 ], [ 0.2081057, 51.8778552 ], [ 0.2080175, 51.8778396 ] ] } },
{ "type": "Feature", "properties": { "id": 22865, "nach": 0.13594172920555983 }, "geometry": { "type": "LineString", "coordinates": [ [ 0.2053592, 51.8810524 ], [ 0.2055683, 51.8815646 ] ] } },
{ "type": "Feature", "properties": { "id": 22866, "nach": 0.0 }, "geometry": { "type": "LineString", "coordinates": [ [ 0.2053592, 51.8810524 ], [ 0.2052331, 51.8810327 ], [ 0.2051848, 51.8810426 ], [ 0.205158, 51.88106410000001 ], [ 0.2051526, 51.8810923 ], [ 0.2053586, 51.8815956 ] ] } },
{ "type": "Feature", "properties": { "id": 31435, "nach": 0.52146450916667375 }, "geometry": { "type": "LineString", "coordinates": [ [ 0.205269, 51.879776 ], [ 0.2050537, 51.87979330000001 ] ] } },
{ "type": "Feature", "properties": { "id": 31297, "nach": 0.13604179672068711 }, "geometry": { "type": "LineString", "coordinates": [ [ 0.2055683, 51.8815646 ], [ 0.2057883, 51.8821039 ], [ 0.2058059, 51.8821198 ] ] } },
{ "type": "Feature", "properties": { "id": 31312, "nach": 0.0 }, "geometry": { "type": "LineString", "coordinates": [ [ 0.2053586, 51.8815956 ], [ 0.2055898, 51.8821602 ], [ 0.2056139, 51.8821801 ], [ 0.2056488, 51.88219 ], [ 0.2056837, 51.8821883 ], [ 0.2057132, 51.882176800000011 ], [ 0.2058059, 51.8821198 ] ] } },
{ "type": "Feature", "properties": { "id": 31311, "nach": 0.46010896358974368 }, "geometry": { "type": "LineString", "coordinates": [ [ 0.2053586, 51.8815956 ], [ 0.2055683, 51.8815646 ] ] } },
{ "type": "Feature", "properties": { "id": 64088, "nach": 0.37856222995702171 }, "geometry": { "type": "LineString", "coordinates": [ [ 0.2102017, 51.8792432 ], [ 0.2103097, 51.879314 ], [ 0.2105333, 51.879183400000024 ], [ 0.2105879, 51.8792204 ] ] } },
{ "type": "Feature", "properties": { "id": 31340, "nach": 0.0 }, "geometry": { "type": "LineString", "coordinates": [ [ 0.2111895, 51.8810384 ], [ 0.2103427, 51.8811933 ], [ 0.2102917, 51.8811966 ], [ 0.2102542, 51.8811833 ], [ 0.2102273, 51.8811618 ], [ 0.21023, 51.8811386 ], [ 0.2102571, 51.8810605 ] ] } },
{ "type": "Feature", "properties": { "id": 22895, "nach": 0.19696971216569958 }, "geometry": { "type": "LineString", "coordinates": [ [ 0.2103082, 51.880913499999984 ], [ 0.2103507, 51.8807909 ] ] } },
{ "type": "Feature", "properties": { "id": 22891, "nach": 0.13518975247607487 }, "geometry": { "type": "LineString", "coordinates": [ [ 0.2103507, 51.8807909 ], [ 0.2104178, 51.880622 ], [ 0.2104446, 51.8806088 ], [ 0.2109483, 51.880514700000013 ] ] } },
{ "type": "Feature", "properties": { "id": 31269, "nach": 0.44545525777141814 }, "geometry": { "type": "LineString", "coordinates": [ [ 0.2110086, 51.8806456 ], [ 0.2104178, 51.8807562 ], [ 0.2103775, 51.8807678 ], [ 0.2103507, 51.8807909 ] ] } },
{ "type": "Feature", "properties": { "id": 22893, "nach": 0.44583998366549327 }, "geometry": { "type": "LineString", "coordinates": [ [ 0.2103082, 51.880913499999984 ], [ 0.2110676, 51.8807738 ] ] } },
{ "type": "Feature", "properties": { "id": 22896, "nach": 0.1885302373329116 }, "geometry": { "type": "LineString", "coordinates": [ [ 0.2102571, 51.8810605 ], [ 0.2103082, 51.880913499999984 ] ] } },
{ "type": "Feature", "properties": { "id": 31402, "nach": 0.44725503041062553 }, "geometry": { "type": "LineString", "coordinates": [ [ 0.2109483, 51.880514700000013 ], [ 0.2110086, 51.8806456 ] ] } },
{ "type": "Feature", "properties": { "id": 31403, "nach": 0.13528125654962464 }, "geometry": { "type": "LineString", "coordinates": [ [ 0.2109483, 51.880514700000013 ], [ 0.2119869, 51.8803207 ], [ 0.2120459, 51.8803207 ], [ 0.2120861, 51.8803439 ], [ 0.2121263, 51.8804085 ], [ 0.2121558, 51.8804763 ] ] } },
{ "type": "Feature", "properties": { "id": 31270, "nach": 0.1969681649868002 }, "geometry": { "type": "LineString", "coordinates": [ [ 0.2110086, 51.8806456 ], [ 0.212062, 51.8804482 ], [ 0.2121102, 51.8804499 ], [ 0.2121558, 51.8804763 ] ] } },
{ "type": "Feature", "properties": { "id": 31408, "nach": 0.52319509152327182 }, "geometry": { "type": "LineString", "coordinates": [ [ 0.2110676, 51.8807738 ], [ 0.2110086, 51.8806456 ] ] } },
{ "type": "Feature", "properties": { "id": 31409, "nach": 0.55969613837931731 }, "geometry": { "type": "LineString", "coordinates": [ [ 0.2110676, 51.8807738 ], [ 0.2111291, 51.880907300000011 ] ] } },
{ "type": "Feature", "properties": { "id": 31407, "nach": 0.17856636806695739 }, "geometry": { "type": "LineString", "coordinates": [ [ 0.2110676, 51.8807738 ], [ 0.2121986, 51.8805658 ] ] } },
{ "type": "Feature", "properties": { "id": 31234, "nach": 0.44692485396132159 }, "geometry": { "type": "LineString", "coordinates": [ [ 0.2111291, 51.880907300000011 ], [ 0.2103078, 51.8810608 ], [ 0.2102571, 51.8810605 ] ] } },
{ "type": "Feature", "properties": { "id": 53708, "nach": 0.11120009069890723 }, "geometry": { "type": "LineString", "coordinates": [ [ 0.2089034, 51.87675680000001 ], [ 0.2083383, 51.8770779 ] ] } },
{ "type": "Feature", "properties": { "id": 23108, "nach": 0.44987168621192697 }, "geometry": { "type": "LineString", "coordinates": [ [ 0.2084876, 51.8771761 ], [ 0.2083383, 51.8770779 ] ] } },
{ "type": "Feature", "properties": { "id": 53707, "nach": 0.13444774854868563 }, "geometry": { "type": "LineString", "coordinates": [ [ 0.2087562, 51.8766532 ], [ 0.2082227, 51.8769572 ], [ 0.2082119, 51.8769712 ], [ 0.2082146, 51.876987799999988 ], [ 0.208224, 51.8770027 ], [ 0.2083383, 51.8770779 ] ] } },
{ "type": "Feature", "properties": { "id": 53709, "nach": 0.11116913482787297 }, "geometry": { "type": "LineString", "coordinates": [ [ 0.2089034, 51.87675680000001 ], [ 0.2094503, 51.87644610000001 ] ] } },
{ "type": "Feature", "properties": { "id": 53710, "nach": 0.44774154432263186 }, "geometry": { "type": "LineString", "coordinates": [ [ 0.2089034, 51.87675680000001 ], [ 0.2087562, 51.8766532 ] ] } },
{ "type": "Feature", "properties": { "id": 53714, "nach": 0.49724506526841999 }, "geometry": { "type": "LineString", "coordinates": [ [ 0.2090449, 51.8768565 ], [ 0.2089034, 51.87675680000001 ] ] } },
{ "type": "Feature", "properties": { "id": 23109, "nach": 0.49828440041151428 }, "geometry": { "type": "LineString", "coordinates": [ [ 0.2084876, 51.8771761 ], [ 0.2086396, 51.8772761 ] ] } },
{ "type": "Feature", "properties": { "id": 53713, "nach": 0.21061956880298166 }, "geometry": { "type": "LineString", "coordinates": [ [ 0.2090449, 51.8768565 ], [ 0.2084876, 51.8771761 ] ] } },
{ "type": "Feature", "properties": { "id": 53706, "nach": 0.1517694233530297 }, "geometry": { "type": "LineString", "coordinates": [ [ 0.2087562, 51.8766532 ], [ 0.2092687, 51.8763611 ], [ 0.2093049, 51.8763503 ], [ 0.2093344, 51.876356100000017 ], [ 0.2093572, 51.87636770000001 ], [ 0.2094503, 51.87644610000001 ] ] } },
{ "type": "Feature", "properties": { "id": 53717, "nach": 0.17762006323569721 }, "geometry": { "type": "LineString", "coordinates": [ [ 0.2091902, 51.8769588 ], [ 0.209742, 51.8766408 ] ] } },
{ "type": "Feature", "properties": { "id": 23118, "nach": 0.50921251909879328 }, "geometry": { "type": "LineString", "coordinates": [ [ 0.2099054, 51.8767363 ], [ 0.2098494, 51.8766947 ], [ 0.2097824, 51.8766599 ], [ 0.209742, 51.8766408 ] ] } },
{ "type": "Feature", "properties": { "id": 23096, "nach": 0.46618668206619751 }, "geometry": { "type": "LineString", "coordinates": [ [ 0.2095813, 51.876549 ], [ 0.2096228, 51.8765788 ], [ 0.2096778, 51.8766103 ], [ 0.209742, 51.8766408 ] ] } },
{ "type": "Feature", "properties": { "id": 53716, "nach": 0.20395837946922496 }, "geometry": { "type": "LineString", "coordinates": [ [ 0.2091902, 51.8769588 ], [ 0.2086396, 51.8772761 ] ] } },
{ "type": "Feature", "properties": { "id": 53718, "nach": 0.54456497156398942 }, "geometry": { "type": "LineString", "coordinates": [ [ 0.2091902, 51.8769588 ], [ 0.2090449, 51.8768565 ] ] } },
{ "type": "Feature", "properties": { "id": 53722, "nach": 0.56167863470325585 }, "geometry": { "type": "LineString", "coordinates": [ [ 0.2093349, 51.8770607 ], [ 0.2091902, 51.8769588 ] ] } },
{ "type": "Feature", "properties": { "id": 53720, "nach": 0.11159778859556603 }, "geometry": { "type": "LineString", "coordinates": [ [ 0.2093349, 51.8770607 ], [ 0.2099054, 51.8767363 ] ] } },
{ "type": "Feature", "properties": { "id": 53712, "nach": 0.44589696659048245 }, "geometry": { "type": "LineString", "coordinates": [ [ 0.2090449, 51.8768565 ], [ 0.2095813, 51.876549 ] ] } },
{ "type": "Feature", "properties": { "id": 23105, "nach": 0.4542143436949671 }, "geometry": { "type": "LineString", "coordinates": [ [ 0.2094503, 51.87644610000001 ], [ 0.2094752, 51.876467 ], [ 0.2095329, 51.8765142 ], [ 0.2095813, 51.876549 ] ] } },
{ "type": "Feature", "properties": { "id": 23102, "nach": 0.527682940745688 }, "geometry": { "type": "LineString", "coordinates": [ [ 0.2087863, 51.8773726 ], [ 0.2086396, 51.8772761 ] ] } },
{ "type": "Feature", "properties": { "id": 53721, "nach": 0.22326154373755072 }, "geometry": { "type": "LineString", "coordinates": [ [ 0.2093349, 51.8770607 ], [ 0.2087863, 51.8773726 ] ] } },
{ "type": "Feature", "properties": { "id": 53726, "nach": 0.5756618352631746 }, "geometry": { "type": "LineString", "coordinates": [ [ 0.2094823, 51.8771645 ], [ 0.2093349, 51.8770607 ] ] } },
{ "type": "Feature", "properties": { "id": 23128, "nach": 0.47309996190589076 }, "geometry": { "type": "LineString", "coordinates": [ [ 0.2096223, 51.8782085 ], [ 0.2094731, 51.8781111 ] ] } },
{ "type": "Feature", "properties": { "id": 23163, "nach": 0.49423686923520238 }, "geometry": { "type": "LineString", "coordinates": [ [ 0.2097721, 51.8783053 ], [ 0.2096223, 51.8782085 ] ] } },
{ "type": "Feature", "properties": { "id": 53699, "nach": 0.32591555391667953 }, "geometry": { "type": "LineString", "coordinates": [ [ 0.2087952, 51.8786827 ], [ 0.2096223, 51.8782085 ] ] } },
{ "type": "Feature", "properties": { "id": 23147, "nach": 0.45113383567973092 }, "geometry": { "type": "LineString", "coordinates": [ [ 0.2094731, 51.8781111 ], [ 0.2093307, 51.878008399999985 ] ] } },
{ "type": "Feature", "properties": { "id": 23148, "nach": 0.36703347656173951 }, "geometry": { "type": "LineString", "coordinates": [ [ 0.2094731, 51.8781111 ], [ 0.2086499, 51.8785843 ] ] } },
{ "type": "Feature", "properties": { "id": 23158, "nach": 0.68306053893184349 }, "geometry": { "type": "LineString", "coordinates": [ [ 0.2085446, 51.8794493 ], [ 0.2083198, 51.8793322 ] ] } },
{ "type": "Feature", "properties": { "id": 23171, "nach": 0.66365595717386361 }, "geometry": { "type": "LineString", "coordinates": [ [ 0.208148, 51.8792427 ], [ 0.2083198, 51.8793322 ] ] } },
{ "type": "Feature", "properties": { "id": 23131, "nach": 0.58212587848060482 }, "geometry": { "type": "LineString", "coordinates": [ [ 0.2083198, 51.8793322 ], [ 0.2090963, 51.8788866 ] ] } },
{ "type": "Feature", "properties": { "id": 23181, "nach": 0.0 }, "geometry": { "type": "LineString", "coordinates": [ [ 0.2065382, 51.8801454 ], [ 0.2065651, 51.8802357 ], [ 0.2065879, 51.8802622 ], [ 0.2066147, 51.8802696 ], [ 0.2066536, 51.8802729 ], [ 0.2066831, 51.880270399999986 ], [ 0.2067045, 51.8802646 ], [ 0.2083198, 51.8793322 ] ] } },
{ "type": "Feature", "properties": { "id": 23192, "nach": 0.67622974119904278 }, "geometry": { "type": "LineString", "coordinates": [ [ 0.2087155, 51.8795373 ], [ 0.2085446, 51.8794493 ] ] } },
{ "type": "Feature", "properties": { "id": 68321, "nach": 0.44235323807748073 }, "geometry": { "type": "LineString", "coordinates": [ [ 0.2095932, 51.8788446 ], [ 0.2085446, 51.8794493 ] ] } },
{ "type": "Feature", "properties": { "id": 31388, "nach": 0.55045983089620465 }, "geometry": { "type": "LineString", "coordinates": [ [ 0.2083005, 51.8795898 ], [ 0.2085446, 51.8794493 ] ] } },
{ "type": "Feature", "properties": { "id": 23187, "nach": 0.66129065152916178 }, "geometry": { "type": "LineString", "coordinates": [ [ 0.2079755, 51.8791528 ], [ 0.208148, 51.8792427 ] ] } },
{ "type": "Feature", "properties": { "id": 23173, "nach": 0.39174978212715261 }, "geometry": { "type": "LineString", "coordinates": [ [ 0.208148, 51.8792427 ], [ 0.2065892, 51.8801396 ], [ 0.2065382, 51.8801454 ] ] } },
{ "type": "Feature", "properties": { "id": 53702, "nach": 0.37311252316295196 }, "geometry": { "type": "LineString", "coordinates": [ [ 0.2089438, 51.8787833 ], [ 0.208148, 51.8792427 ] ] } },
{ "type": "Feature", "properties": { "id": 53704, "nach": 0.53510372054776012 }, "geometry": { "type": "LineString", "coordinates": [ [ 0.2089438, 51.8787833 ], [ 0.2090963, 51.8788866 ] ] } },
{ "type": "Feature", "properties": { "id": 53689, "nach": 0.51095504688373894 }, "geometry": { "type": "LineString", "coordinates": [ [ 0.2090963, 51.8788866 ], [ 0.2098588, 51.8784491 ], [ 0.2098776, 51.8784276 ], [ 0.2098843, 51.8784027 ], [ 0.2098736, 51.8783771 ], [ 0.209836, 51.8783481 ], [ 0.2097721, 51.8783053 ] ] } },
{ "type": "Feature", "properties": { "id": 23141, "nach": 0.68508145607725679 }, "geometry": { "type": "LineString", "coordinates": [ [ 0.2088895, 51.8796269 ], [ 0.2090573, 51.8797164 ] ] } },
{ "type": "Feature", "properties": { "id": 68333, "nach": 0.36575396490772988 }, "geometry": { "type": "LineString", "coordinates": [ [ 0.2100495, 51.8791435 ], [ 0.2090573, 51.8797164 ] ] } },
{ "type": "Feature", "properties": { "id": 23135, "nach": 0.45764638726924917 }, "geometry": { "type": "LineString", "coordinates": [ [ 0.2090573, 51.8797164 ], [ 0.2087586, 51.8798874 ] ] } },
{ "type": "Feature", "properties": { "id": 23191, "nach": 0.68027858369409511 }, "geometry": { "type": "LineString", "coordinates": [ [ 0.2087155, 51.8795373 ], [ 0.2088895, 51.8796269 ] ] } },
{ "type": "Feature", "properties": { "id": 68329, "nach": 0.36944703694747177 }, "geometry": { "type": "LineString", "coordinates": [ [ 0.2098981, 51.8790443 ], [ 0.2088895, 51.8796269 ] ] } },
{ "type": "Feature", "properties": { "id": 31304, "nach": 0.45485949511960921 }, "geometry": { "type": "LineString", "coordinates": [ [ 0.2086066, 51.8797887 ], [ 0.2088895, 51.8796269 ] ] } },
{ "type": "Feature", "properties": { "id": 68332, "nach": 0.16656395609764291 }, "geometry": { "type": "LineString", "coordinates": [ [ 0.2100495, 51.8791435 ], [ 0.2112294, 51.87846230000001 ] ] } },
{ "type": "Feature", "properties": { "id": 68335, "nach": 0.56755590141355738 }, "geometry": { "type": "LineString", "coordinates": [ [ 0.2100495, 51.8791435 ], [ 0.2102017, 51.8792432 ] ] } },
{ "type": "Feature", "properties": { "id": 68334, "nach": 0.54966071996751475 }, "geometry": { "type": "LineString", "coordinates": [ [ 0.2100495, 51.8791435 ], [ 0.2098981, 51.8790443 ] ] } },
{ "type": "Feature", "properties": { "id": 31314, "nach": 0.50492152865868678 }, "geometry": { "type": "LineString", "coordinates": [ [ 0.2087586, 51.8798874 ], [ 0.2086066, 51.8797887 ] ] } },
{ "type": "Feature", "properties": { "id": 31313, "nach": 0.40463506144985928 }, "geometry": { "type": "LineString", "coordinates": [ [ 0.2087586, 51.8798874 ], [ 0.2075952, 51.8805537 ] ] } },
{ "type": "Feature", "properties": { "id": 31433, "nach": 0.51455784547298611 }, "geometry": { "type": "LineString", "coordinates": [ [ 0.2089107, 51.8799862 ], [ 0.2087586, 51.8798874 ] ] } },
{ "type": "Feature", "properties": { "id": 23136, "nach": 0.46094794550274482 }, "geometry": { "type": "LineString", "coordinates": [ [ 0.2064376, 51.87966440000001 ], [ 0.2076455, 51.8789759 ] ] } },
{ "type": "Feature", "properties": { "id": 23140, "nach": 0.51546668863238221 }, "geometry": { "type": "LineString", "coordinates": [ [ 0.2064697, 51.879811 ], [ 0.2064376, 51.87966440000001 ] ] } },
{ "type": "Feature", "properties": { "id": 23183, "nach": 0.64065234197461551 }, "geometry": { "type": "LineString", "coordinates": [ [ 0.2076455, 51.8789759 ], [ 0.2076977, 51.8790081 ], [ 0.2078104, 51.8790668 ] ] } },
{ "type": "Feature", "properties": { "id": 23182, "nach": 0.40018845673132158 }, "geometry": { "type": "LineString", "coordinates": [ [ 0.2076455, 51.8789759 ], [ 0.208502, 51.8784841 ] ] } },
{ "type": "Feature", "properties": { "id": 31394, "nach": 0.59137897468074196 }, "geometry": { "type": "LineString", "coordinates": [ [ 0.206475, 51.8798435 ], [ 0.2064697, 51.879811 ] ] } },
{ "type": "Feature", "properties": { "id": 23176, "nach": 0.56248545599467081 }, "geometry": { "type": "LineString", "coordinates": [ [ 0.2078104, 51.8790668 ], [ 0.2065087, 51.879806 ], [ 0.2064697, 51.879811 ] ] } },
{ "type": "Feature", "properties": { "id": 23138, "nach": 0.42135420388490308 }, "geometry": { "type": "LineString", "coordinates": [ [ 0.2093307, 51.878008399999985 ], [ 0.209203, 51.877922499999983 ], [ 0.2091789, 51.8779184 ], [ 0.2091534, 51.8779234 ], [ 0.2091292, 51.8779349 ], [ 0.2083484, 51.878380100000022 ] ] } },
{ "type": "Feature", "properties": { "id": 53693, "nach": 0.34501373039145533 }, "geometry": { "type": "LineString", "coordinates": [ [ 0.208502, 51.8784841 ], [ 0.2093307, 51.878008399999985 ] ] } },
{ "type": "Feature", "properties": { "id": 53694, "nach": 0.46118708703886352 }, "geometry": { "type": "LineString", "coordinates": [ [ 0.208502, 51.8784841 ], [ 0.2083484, 51.878380100000022 ] ] } },
{ "type": "Feature", "properties": { "id": 31393, "nach": 0.47985431120811295 }, "geometry": { "type": "LineString", "coordinates": [ [ 0.206475, 51.8798435 ], [ 0.2065092, 51.879992 ] ] } },
{ "type": "Feature", "properties": { "id": 68325, "nach": 0.3790131382066419 }, "geometry": { "type": "LineString", "coordinates": [ [ 0.2097429, 51.8789426 ], [ 0.2087155, 51.8795373 ] ] } },
{ "type": "Feature", "properties": { "id": 23194, "nach": 0.45736374130891733 }, "geometry": { "type": "LineString", "coordinates": [ [ 0.2087155, 51.8795373 ], [ 0.2084522, 51.8796883 ] ] } },
{ "type": "Feature", "properties": { "id": 68328, "nach": 0.39063484263826043 }, "geometry": { "type": "LineString", "coordinates": [ [ 0.2098981, 51.8790443 ], [ 0.2109478, 51.8784379 ] ] } },
{ "type": "Feature", "properties": { "id": 68330, "nach": 0.51712423378921057 }, "geometry": { "type": "LineString", "coordinates": [ [ 0.2098981, 51.8790443 ], [ 0.2097429, 51.8789426 ] ] } },
{ "type": "Feature", "properties": { "id": 23150, "nach": 0.45838089228710815 }, "geometry": { "type": "LineString", "coordinates": [ [ 0.2109478, 51.8784379 ], [ 0.2106341, 51.8784267 ] ] } },
{ "type": "Feature", "properties": { "id": 68324, "nach": 0.39642370176245612 }, "geometry": { "type": "LineString", "coordinates": [ [ 0.2097429, 51.8789426 ], [ 0.2106341, 51.8784267 ] ] } },
{ "type": "Feature", "properties": { "id": 68323, "nach": 0.41861344287690694 }, "geometry": { "type": "LineString", "coordinates": [ [ 0.2095932, 51.8788446 ], [ 0.2103121, 51.87843 ], [ 0.2103496, 51.8784176 ], [ 0.2103805, 51.8784176 ], [ 0.2106341, 51.8784267 ] ] } },
{ "type": "Feature", "properties": { "id": 23156, "nach": 0.48537436838511056 }, "geometry": { "type": "LineString", "coordinates": [ [ 0.2112294, 51.87846230000001 ], [ 0.2112214, 51.878459 ], [ 0.2111221, 51.8784441 ], [ 0.2109478, 51.8784379 ] ] } },
{ "type": "Feature", "properties": { "id": 68326, "nach": 0.45841291035801618 }, "geometry": { "type": "LineString", "coordinates": [ [ 0.2097429, 51.8789426 ], [ 0.2095932, 51.8788446 ] ] } },
{ "type": "Feature", "properties": { "id": 53697, "nach": 0.48602064450034571 }, "geometry": { "type": "LineString", "coordinates": [ [ 0.2086499, 51.8785843 ], [ 0.208502, 51.8784841 ] ] } },
{ "type": "Feature", "properties": { "id": 53696, "nach": 0.40651542930068352 }, "geometry": { "type": "LineString", "coordinates": [ [ 0.2086499, 51.8785843 ], [ 0.2078104, 51.8790668 ] ] } },
{ "type": "Feature", "properties": { "id": 53700, "nach": 0.50513297795656165 }, "geometry": { "type": "LineString", "coordinates": [ [ 0.2087952, 51.8786827 ], [ 0.2086499, 51.8785843 ] ] } },
{ "type": "Feature", "properties": { "id": 23170, "nach": 0.51620366410952823 }, "geometry": { "type": "LineString", "coordinates": [ [ 0.2107075, 51.8789523 ], [ 0.2112737, 51.8786254 ], [ 0.2113005, 51.8786056 ], [ 0.2113206, 51.8785691 ], [ 0.2113179, 51.8785393 ], [ 0.2113018, 51.8785021 ], [ 0.2112764, 51.8784814 ], [ 0.2112294, 51.87846230000001 ] ] } },
{ "type": "Feature", "properties": { "id": 23152, "nach": 0.4769906930289512 }, "geometry": { "type": "LineString", "coordinates": [ [ 0.2066589, 51.880705900000017 ], [ 0.2066569, 51.8806966 ] ] } },
{ "type": "Feature", "properties": { "id": 23197, "nach": 0.50548905387727128 }, "geometry": { "type": "LineString", "coordinates": [ [ 0.206858, 51.8807896 ], [ 0.2067434, 51.8807721 ], [ 0.2067045, 51.8807647 ], [ 0.2066831, 51.8807556 ], [ 0.206671, 51.8807398 ], [ 0.2066589, 51.880705900000017 ] ] } },
{ "type": "Feature", "properties": { "id": 23190, "nach": 0.42490963487185501 }, "geometry": { "type": "LineString", "coordinates": [ [ 0.2066569, 51.8806966 ], [ 0.2066294, 51.8805685 ], [ 0.2066334, 51.8805544 ], [ 0.2066495, 51.8805395 ], [ 0.20715, 51.8802516 ] ] } },
{ "type": "Feature", "properties": { "id": 31365, "nach": 0.25799163336368353 }, "geometry": { "type": "LineString", "coordinates": [ [ 0.2072967, 51.8803511 ], [ 0.2067072, 51.8806893 ], [ 0.2066569, 51.8806966 ] ] } },
{ "type": "Feature", "properties": { "id": 23195, "nach": 0.52765016684801225 }, "geometry": { "type": "LineString", "coordinates": [ [ 0.206858, 51.8807896 ], [ 0.2071283, 51.8808375 ] ] } },
{ "type": "Feature", "properties": { "id": 23196, "nach": 0.22944459300931733 }, "geometry": { "type": "LineString", "coordinates": [ [ 0.206858, 51.8807896 ], [ 0.2074465, 51.8804528 ] ] } },
{ "type": "Feature", "properties": { "id": 64085, "nach": 0.53680107502241869 }, "geometry": { "type": "LineString", "coordinates": [ [ 0.2102017, 51.8792432 ], [ 0.2107075, 51.8789523 ] ] } },
{ "type": "Feature", "properties": { "id": 23160, "nach": 0.39377457814532529 }, "geometry": { "type": "LineString", "coordinates": [ [ 0.2065092, 51.879992 ], [ 0.2079755, 51.8791528 ] ] } },
{ "type": "Feature", "properties": { "id": 23180, "nach": 0.43081380424630927 }, "geometry": { "type": "LineString", "coordinates": [ [ 0.2065382, 51.8801454 ], [ 0.2065092, 51.879992 ] ] } },
{ "type": "Feature", "properties": { "id": 23188, "nach": 0.65979946091417019 }, "geometry": { "type": "LineString", "coordinates": [ [ 0.2079755, 51.8791528 ], [ 0.2078104, 51.8790668 ] ] } },
{ "type": "Feature", "properties": { "id": 23189, "nach": 0.38710505898737385 }, "geometry": { "type": "LineString", "coordinates": [ [ 0.2079755, 51.8791528 ], [ 0.2087952, 51.8786827 ] ] } },
{ "type": "Feature", "properties": { "id": 23164, "nach": 0.32155699200491866 }, "geometry": { "type": "LineString", "coordinates": [ [ 0.2097721, 51.8783053 ], [ 0.2089438, 51.8787833 ] ] } },
{ "type": "Feature", "properties": { "id": 53703, "nach": 0.52061456576986853 }, "geometry": { "type": "LineString", "coordinates": [ [ 0.2089438, 51.8787833 ], [ 0.2087952, 51.8786827 ] ] } },
{ "type": "Feature", "properties": { "id": 23186, "nach": 0.54866597818904339 }, "geometry": { "type": "LineString", "coordinates": [ [ 0.2071283, 51.8808375 ], [ 0.207312, 51.8808698 ], [ 0.2073402, 51.8808706 ], [ 0.2073644, 51.8808648 ], [ 0.2073939, 51.8808533 ], [ 0.2077429, 51.8806539 ] ] } },
{ "type": "Feature", "properties": { "id": 31324, "nach": 0.36689010583032222 }, "geometry": { "type": "LineString", "coordinates": [ [ 0.2075952, 51.8805537 ], [ 0.2071458, 51.880811 ], [ 0.2071283, 51.8808375 ] ] } },
{ "type": "Feature", "properties": { "id": 31333, "nach": 0.52495584963101927 }, "geometry": { "type": "LineString", "coordinates": [ [ 0.2077429, 51.8806539 ], [ 0.2075952, 51.8805537 ] ] } },
{ "type": "Feature", "properties": { "id": 31332, "nach": 0.49777892344754937 }, "geometry": { "type": "LineString", "coordinates": [ [ 0.2077429, 51.8806539 ], [ 0.2089107, 51.8799862 ] ] } },
{ "type": "Feature", "properties": { "id": 31352, "nach": 0.5110599780842856 }, "geometry": { "type": "LineString", "coordinates": [ [ 0.20715, 51.8802516 ], [ 0.2083005, 51.8795898 ] ] } },
{ "type": "Feature", "properties": { "id": 31364, "nach": 0.48796326498072207 }, "geometry": { "type": "LineString", "coordinates": [ [ 0.2072967, 51.8803511 ], [ 0.20715, 51.8802516 ] ] } },
{ "type": "Feature", "properties": { "id": 31421, "nach": 0.49547501310812753 }, "geometry": { "type": "LineString", "coordinates": [ [ 0.2084522, 51.8796883 ], [ 0.2086066, 51.8797887 ] ] } },
{ "type": "Feature", "properties": { "id": 31420, "nach": 0.4827343818098021 }, "geometry": { "type": "LineString", "coordinates": [ [ 0.2084522, 51.8796883 ], [ 0.2083005, 51.8795898 ] ] } },
{ "type": "Feature", "properties": { "id": 31419, "nach": 0.40873727566020523 }, "geometry": { "type": "LineString", "coordinates": [ [ 0.2084522, 51.8796883 ], [ 0.2072967, 51.8803511 ] ] } },
{ "type": "Feature", "properties": { "id": 31292, "nach": 0.403648807083406 }, "geometry": { "type": "LineString", "coordinates": [ [ 0.2074465, 51.8804528 ], [ 0.2086066, 51.8797887 ] ] } },
{ "type": "Feature", "properties": { "id": 31323, "nach": 0.51921694180895794 }, "geometry": { "type": "LineString", "coordinates": [ [ 0.2075952, 51.8805537 ], [ 0.2074465, 51.8804528 ] ] } },
{ "type": "Feature", "properties": { "id": 31363, "nach": 0.5054903207242174 }, "geometry": { "type": "LineString", "coordinates": [ [ 0.2072967, 51.8803511 ], [ 0.2074465, 51.8804528 ] ] } },
{ "type": "Feature", "properties": { "id": 76889, "nach": 0.49374748933726759 }, "geometry": { "type": "LineString", "coordinates": [ [ 0.2104319, 51.8761491 ], [ 0.2106909, 51.8760462 ] ] } },
{ "type": "Feature", "properties": { "id": 23284, "nach": 0.50677907718813253 }, "geometry": { "type": "LineString", "coordinates": [ [ 0.211442, 51.8758944 ], [ 0.2113522, 51.8758174 ], [ 0.211328, 51.875805799999988 ], [ 0.2112958, 51.8758058 ], [ 0.2106909, 51.8760462 ] ] } },
{ "type": "Feature", "properties": { "id": 76890, "nach": 0.39830843855468656 }, "geometry": { "type": "LineString", "coordinates": [ [ 0.2104319, 51.8761491 ], [ 0.2102498, 51.8762215 ] ] } },
{ "type": "Feature", "properties": { "id": 76891, "nach": 0.45115094214278118 }, "geometry": { "type": "LineString", "coordinates": [ [ 0.2104319, 51.8761491 ], [ 0.2102735, 51.8760443 ], [ 0.2101515, 51.8760559 ], [ 0.2100509, 51.876014499999989 ], [ 0.2099986, 51.8760021 ], [ 0.2099128, 51.8759955 ], [ 0.2098189, 51.8760129 ], [ 0.2097358, 51.8759499 ], [ 0.2095829, 51.875921800000022 ] ] } },
{ "type": "Feature", "properties": { "id": 24488, "nach": 0.5309663412191663 }, "geometry": { "type": "LineString", "coordinates": [ [ 0.1890279, 51.8831629 ], [ 0.1891359, 51.883321 ], [ 0.1892914, 51.8835363 ], [ 0.189361, 51.8836606 ], [ 0.1894282, 51.8838508 ], [ 0.1894222, 51.8839732 ] ] } },
{ "type": "Feature", "properties": { "id": 24490, "nach": 0.40358656567614049 }, "geometry": { "type": "LineString", "coordinates": [ [ 0.1890279, 51.8831629 ], [ 0.1889922, 51.8831763 ], [ 0.1889319, 51.8832111 ], [ 0.1888809, 51.8832409 ], [ 0.1888326, 51.8832533 ], [ 0.188783, 51.8832699 ], [ 0.1887253, 51.8832856 ], [ 0.1886382, 51.8832922 ], [ 0.1884987, 51.8832972 ] ] } },
{ "type": "Feature", "properties": { "id": 24489, "nach": 0.52420401392224558 }, "geometry": { "type": "LineString", "coordinates": [ [ 0.1890279, 51.8831629 ], [ 0.1889561, 51.8830578 ], [ 0.1889399, 51.8829967 ], [ 0.1889481, 51.8829584 ], [ 0.1890043, 51.8829139 ] ] } },
{ "type": "Feature", "properties": { "id": 24493, "nach": 0.5269859996964088 }, "geometry": { "type": "LineString", "coordinates": [ [ 0.1891438, 51.882846 ], [ 0.1890821, 51.88286750000001 ], [ 0.1890043, 51.8829139 ] ] } },
{ "type": "Feature", "properties": { "id": 52759, "nach": 0.40232924325747504 }, "geometry": { "type": "LineString", "coordinates": [ [ 0.1884305, 51.8825088 ], [ 0.1885028, 51.8825285 ], [ 0.1886036, 51.882599 ], [ 0.1886893, 51.882701700000013 ], [ 0.1888102, 51.8828562 ], [ 0.1888959, 51.8828883 ], [ 0.1890043, 51.8829139 ] ] } },
{ "type": "Feature", "properties": { "id": 62566, "nach": 0.41022073437529999 }, "geometry": { "type": "LineString", "coordinates": [ [ 0.1889959, 51.882716 ], [ 0.1891438, 51.882846 ] ] } },
{ "type": "Feature", "properties": { "id": 79846, "nach": 0.48420133745693317 }, "geometry": { "type": "LineString", "coordinates": [ [ 0.1946958, 51.8822057 ], [ 0.1947715, 51.8821154 ], [ 0.1948951, 51.881958 ], [ 0.1951635, 51.881505 ], [ 0.1956942, 51.8808624 ], [ 0.1958861, 51.88056 ], [ 0.1960766, 51.8801373 ] ] } },
{ "type": "Feature", "properties": { "id": 79845, "nach": 0.44814359525709158 }, "geometry": { "type": "LineString", "coordinates": [ [ 0.1946958, 51.8822057 ], [ 0.1945991, 51.8822722 ] ] } },
{ "type": "Feature", "properties": { "id": 79850, "nach": 0.44299296502587632 }, "geometry": { "type": "LineString", "coordinates": [ [ 0.1947562, 51.8823653 ], [ 0.1947158, 51.8823166 ], [ 0.194697, 51.882276 ], [ 0.1946958, 51.8822057 ] ] } },
{ "type": "Feature", "properties": { "id": 76467, "nach": 0.59855123206952299 }, "geometry": { "type": "LineString", "coordinates": [ [ 0.1933749, 51.8722504 ], [ 0.1930551, 51.8720797 ] ] } },
{ "type": "Feature", "properties": { "id": 66989, "nach": 0.39121308655016834 }, "geometry": { "type": "LineString", "coordinates": [ [ 0.1919391, 51.8848451 ], [ 0.1914383, 51.8849949 ], [ 0.1913831, 51.8850799 ], [ 0.1914271, 51.8852466 ] ] } },
{ "type": "Feature", "properties": { "id": 66991, "nach": 0.39172215099647606 }, "geometry": { "type": "LineString", "coordinates": [ [ 0.1919037, 51.8844396 ], [ 0.1916798, 51.884536499999989 ], [ 0.1919391, 51.8848451 ] ] } },
{ "type": "Feature", "properties": { "id": 84065, "nach": 0.38978770612668023 }, "geometry": { "type": "LineString", "coordinates": [ [ 0.2094475, 51.8758338 ], [ 0.2095829, 51.875921800000022 ] ] } },
{ "type": "Feature", "properties": { "id": 28068, "nach": 0.44612508174794763 }, "geometry": { "type": "LineString", "coordinates": [ [ 0.1932099, 51.8847895 ], [ 0.1952513, 51.8879126 ] ] } },
{ "type": "Feature", "properties": { "id": 28069, "nach": 0.49375259954550837 }, "geometry": { "type": "LineString", "coordinates": [ [ 0.1932099, 51.8847895 ], [ 0.1947859, 51.884281 ] ] } },
{ "type": "Feature", "properties": { "id": 29019, "nach": 0.51481100032653948 }, "geometry": { "type": "LineString", "coordinates": [ [ 0.1931293, 51.884522500000017 ], [ 0.1932902, 51.8847302 ], [ 0.1931875, 51.884764 ], [ 0.1932099, 51.8847895 ] ] } },
{ "type": "Feature", "properties": { "id": 46987, "nach": 0.56330158047070256 }, "geometry": { "type": "LineString", "coordinates": [ [ 0.1948449, 51.884253900000019 ], [ 0.1947859, 51.884281 ] ] } },
{ "type": "Feature", "properties": { "id": 46983, "nach": 0.47414452005393098 }, "geometry": { "type": "LineString", "coordinates": [ [ 0.1968731, 51.8857924 ], [ 0.1965171, 51.8855207 ], [ 0.1962931, 51.8852979 ], [ 0.1960498, 51.8850455 ], [ 0.1958068, 51.8848251 ], [ 0.1957422, 51.8847798 ], [ 0.1954812, 51.8846438 ], [ 0.1949507, 51.88440760000001 ], [ 0.1948488, 51.8843294 ], [ 0.1947859, 51.884281 ] ] } },
{ "type": "Feature", "properties": { "id": 79842, "nach": 0.50154075492796812 }, "geometry": { "type": "LineString", "coordinates": [ [ 0.1948734, 51.8842004 ], [ 0.1948449, 51.884253900000019 ] ] } },
{ "type": "Feature", "properties": { "id": 57316, "nach": 0.53567680456081146 }, "geometry": { "type": "LineString", "coordinates": [ [ 0.1949975, 51.884304900000018 ], [ 0.1948449, 51.884253900000019 ] ] } },
{ "type": "Feature", "properties": { "id": 57555, "nach": 0.39406618682643069 }, "geometry": { "type": "LineString", "coordinates": [ [ 0.1965851, 51.88520590000001 ], [ 0.1967202, 51.8853722 ], [ 0.196977, 51.8855907 ], [ 0.1968731, 51.8857924 ] ] } },
{ "type": "Feature", "properties": { "id": 46700, "nach": 0.38482318581826713 }, "geometry": { "type": "LineString", "coordinates": [ [ 0.1951721, 51.8833613 ], [ 0.1940407, 51.8826698 ] ] } },
{ "type": "Feature", "properties": { "id": 28974, "nach": 0.49180192459200883 }, "geometry": { "type": "LineString", "coordinates": [ [ 0.1926846, 51.8834783 ], [ 0.1927181, 51.8833751 ], [ 0.1928692, 51.88339280000001 ], [ 0.1929855, 51.8832416 ], [ 0.193244799999989, 51.8830501 ], [ 0.1938367, 51.8827196 ], [ 0.1940407, 51.8826698 ] ] } },
{ "type": "Feature", "properties": { "id": 70763, "nach": 0.47297653754616104 }, "geometry": { "type": "LineString", "coordinates": [ [ 0.1945991, 51.8822722 ], [ 0.1945552, 51.8823089 ], [ 0.1940407, 51.8826698 ] ] } },
{ "type": "Feature", "properties": { "id": 46701, "nach": 0.43217924554523696 }, "geometry": { "type": "LineString", "coordinates": [ [ 0.1951721, 51.8833613 ], [ 0.1958761, 51.883573 ], [ 0.1960198, 51.8836937 ] ] } },
{ "type": "Feature", "properties": { "id": 79844, "nach": 0.41724860545837655 }, "geometry": { "type": "LineString", "coordinates": [ [ 0.1948734, 51.8842004 ], [ 0.194875, 51.8841361 ], [ 0.1949157, 51.884031200000017 ], [ 0.1949909, 51.8838882 ], [ 0.1950038, 51.8836423 ], [ 0.1950372, 51.883560200000019 ], [ 0.1951639, 51.8834159 ], [ 0.1951721, 51.8833613 ] ] } },
{ "type": "Feature", "properties": { "id": 79849, "nach": 0.45132122373704731 }, "geometry": { "type": "LineString", "coordinates": [ [ 0.1947562, 51.8823653 ], [ 0.1951384, 51.8825918 ], [ 0.1946798, 51.8828848 ], [ 0.1946865, 51.8829632 ], [ 0.1947439, 51.883031599999988 ], [ 0.1951054, 51.88325170000001 ], [ 0.1951719, 51.8833129 ], [ 0.1951721, 51.8833613 ] ] } },
{ "type": "Feature", "properties": { "id": 79848, "nach": 0.38353020317334224 }, "geometry": { "type": "LineString", "coordinates": [ [ 0.1947562, 51.8823653 ], [ 0.1945991, 51.8822722 ] ] } },
{ "type": "Feature", "properties": { "id": 47929, "nach": 0.46603231565386011 }, "geometry": { "type": "LineString", "coordinates": [ [ 0.2000858, 51.8843638 ], [ 0.2000321, 51.8840749 ], [ 0.2000185, 51.883597400000014 ] ] } },
{ "type": "Feature", "properties": { "id": 68279, "nach": 0.45704326845552784 }, "geometry": { "type": "LineString", "coordinates": [ [ 0.1980619, 51.8836322 ], [ 0.1990523, 51.883623900000011 ], [ 0.2000185, 51.883597400000014 ] ] } },
{ "type": "Feature", "properties": { "id": 47939, "nach": 0.40711922355035679 }, "geometry": { "type": "LineString", "coordinates": [ [ 0.1998399, 51.8845342 ], [ 0.1999548, 51.884484900000011 ], [ 0.2000858, 51.8843638 ] ] } },
{ "type": "Feature", "properties": { "id": 47935, "nach": 0.45118823484809845 }, "geometry": { "type": "LineString", "coordinates": [ [ 0.2001125, 51.8846535 ], [ 0.20011, 51.884476200000016 ], [ 0.2000858, 51.8843638 ] ] } },
{ "type": "Feature", "properties": { "id": 68278, "nach": 0.35470370835535031 }, "geometry": { "type": "LineString", "coordinates": [ [ 0.1980619, 51.8836322 ], [ 0.197739, 51.88374610000001 ] ] } },
{ "type": "Feature", "properties": { "id": 68282, "nach": 0.44699505482079199 }, "geometry": { "type": "LineString", "coordinates": [ [ 0.1962364, 51.8836695 ], [ 0.1964379, 51.8836457 ], [ 0.1980619, 51.8836322 ] ] } },
{ "type": "Feature", "properties": { "id": 68281, "nach": 0.48272154823700342 }, "geometry": { "type": "LineString", "coordinates": [ [ 0.1962364, 51.8836695 ], [ 0.1960198, 51.8836937 ] ] } },
{ "type": "Feature", "properties": { "id": 79843, "nach": 0.4531121157453471 }, "geometry": { "type": "LineString", "coordinates": [ [ 0.1948734, 51.8842004 ], [ 0.1950121, 51.8841088 ], [ 0.1951789, 51.88405860000001 ], [ 0.1958687, 51.8837393 ], [ 0.1959355, 51.883710700000016 ], [ 0.1960198, 51.8836937 ] ] } },
{ "type": "Feature", "properties": { "id": 68286, "nach": 0.38770350592343222 }, "geometry": { "type": "LineString", "coordinates": [ [ 0.1969439, 51.8839989 ], [ 0.196871, 51.883986299999989 ], [ 0.1968401, 51.8839747 ], [ 0.196753, 51.8839383 ], [ 0.1965719, 51.8837644 ], [ 0.1964593, 51.8837098 ], [ 0.1963211, 51.883675 ], [ 0.1962364, 51.8836695 ] ] } },
{ "type": "Feature", "properties": { "id": 46656, "nach": 0.34090442839303786 }, "geometry": { "type": "LineString", "coordinates": [ [ 0.1861534, 51.878166499999985 ], [ 0.1913782, 51.8778052 ] ] } },
{ "type": "Feature", "properties": { "id": 57562, "nach": 0.36944961749096072 }, "geometry": { "type": "LineString", "coordinates": [ [ 0.1898334, 51.8745718 ], [ 0.1899431, 51.8745367 ], [ 0.1909865, 51.8769245 ], [ 0.1910858, 51.8770884 ], [ 0.1910911, 51.8771828 ], [ 0.1913782, 51.8778052 ] ] } },
{ "type": "Feature", "properties": { "id": 57569, "nach": 0.43109222730779723 }, "geometry": { "type": "LineString", "coordinates": [ [ 0.1862838, 51.8770001 ], [ 0.186306, 51.877042 ], [ 0.1863849, 51.8773257 ], [ 0.1863883, 51.877561699999987 ], [ 0.1863389, 51.877689 ], [ 0.1861534, 51.878166499999985 ] ] } },
{ "type": "Feature", "properties": { "id": 57568, "nach": 0.39258046785732353 }, "geometry": { "type": "LineString", "coordinates": [ [ 0.1864643, 51.8766562 ], [ 0.186754, 51.8763764 ], [ 0.1876391, 51.8756544 ], [ 0.187851, 51.8755186 ], [ 0.1882775, 51.8752669 ], [ 0.1887603, 51.8750335 ], [ 0.1894308, 51.8747006 ], [ 0.1898334, 51.8745718 ] ] } },
{ "type": "Feature", "properties": { "id": 29367, "nach": 0.0 }, "geometry": { "type": "LineString", "coordinates": [ [ 0.1929179, 51.8781128 ], [ 0.1928552, 51.8779484 ], [ 0.1928155, 51.8777886 ], [ 0.1928058, 51.8776337 ], [ 0.1926977, 51.8775699 ], [ 0.1924411, 51.877611 ] ] } },
{ "type": "Feature", "properties": { "id": 57559, "nach": 0.40493963049920056 }, "geometry": { "type": "LineString", "coordinates": [ [ 0.1927874, 51.8781446 ], [ 0.19275, 51.8780992 ], [ 0.1926977, 51.8779834 ], [ 0.1926333, 51.8777307 ], [ 0.1925689, 51.8776596 ], [ 0.1924411, 51.877611 ] ] } },
{ "type": "Feature", "properties": { "id": 57557, "nach": 0.39823024165463061 }, "geometry": { "type": "LineString", "coordinates": [ [ 0.1927874, 51.8781446 ], [ 0.1929179, 51.8781128 ] ] } },
{ "type": "Feature", "properties": { "id": 29370, "nach": 0.37860970213065598 }, "geometry": { "type": "LineString", "coordinates": [ [ 0.1945425, 51.8798652 ], [ 0.193938, 51.8796999 ], [ 0.1938196, 51.879628 ], [ 0.1937286, 51.8795289 ], [ 0.1936731, 51.8794241 ], [ 0.1935923, 51.879288699999989 ], [ 0.193528, 51.87917 ], [ 0.1935045, 51.8790609 ], [ 0.1934746, 51.8789133 ], [ 0.1934596, 51.8786803 ], [ 0.1934078, 51.8784967 ], [ 0.1932645, 51.878351 ], [ 0.1929179, 51.8781128 ] ] } },
{ "type": "Feature", "properties": { "id": 68438, "nach": 0.38547923926886368 }, "geometry": { "type": "LineString", "coordinates": [ [ 0.1928608, 51.880802300000013 ], [ 0.1928908, 51.8808023 ], [ 0.1930383, 51.8807675 ], [ 0.1931456, 51.8807211 ], [ 0.1931966, 51.880676399999984 ], [ 0.1932878, 51.880544 ], [ 0.1933548, 51.880214500000015 ], [ 0.1934085, 51.8801251 ], [ 0.1935748, 51.8799926 ], [ 0.1936284, 51.8799065 ], [ 0.1936123, 51.8797923 ], [ 0.1935748, 51.8796399 ], [ 0.1934943, 51.8794744 ], [ 0.1933736, 51.879297200000011 ], [ 0.1933307, 51.87912330000001 ], [ 0.1932878, 51.8789942 ], [ 0.1932878, 51.8788352 ], [ 0.1932502, 51.8785885 ], [ 0.1932153, 51.8785173 ], [ 0.1931376, 51.8784229 ], [ 0.1929793, 51.8783236 ], [ 0.1927874, 51.8781446 ] ] } },
{ "type": "Feature", "properties": { "id": 29372, "nach": 0.37384891547388471 }, "geometry": { "type": "LineString", "coordinates": [ [ 0.194118, 51.8801873 ], [ 0.1942379, 51.8800843 ], [ 0.1945425, 51.8798652 ] ] } },
{ "type": "Feature", "properties": { "id": 29374, "nach": 0.45873241223155237 }, "geometry": { "type": "LineString", "coordinates": [ [ 0.1941852, 51.8802105 ], [ 0.194118, 51.8801873 ] ] } },
{ "type": "Feature", "properties": { "id": 77151, "nach": 0.39142963690185878 }, "geometry": { "type": "LineString", "coordinates": [ [ 0.1939433, 51.880238399999989 ], [ 0.1940193, 51.8801536 ], [ 0.194118, 51.8801873 ] ] } },
{ "type": "Feature", "properties": { "id": 71664, "nach": 0.51224056072735713 }, "geometry": { "type": "LineString", "coordinates": [ [ 0.1950186, 51.8732165 ], [ 0.1947887, 51.8732167 ], [ 0.1946797, 51.8732068 ], [ 0.1945726, 51.8731768 ] ] } },
{ "type": "Feature", "properties": { "id": 71780, "nach": 0.43133484090030916 }, "geometry": { "type": "LineString", "coordinates": [ [ 0.1946867, 51.8732745 ], [ 0.1945726, 51.8731768 ] ] } },
{ "type": "Feature", "properties": { "id": 71662, "nach": 0.58341389324167858 }, "geometry": { "type": "LineString", "coordinates": [ [ 0.194553, 51.873299 ], [ 0.1946529, 51.8733473 ] ] } },
{ "type": "Feature", "properties": { "id": 71779, "nach": 0.5166925652091614 }, "geometry": { "type": "LineString", "coordinates": [ [ 0.1946867, 51.8732745 ], [ 0.194553, 51.873299 ] ] } },
{ "type": "Feature", "properties": { "id": 53773, "nach": 0.63630171455720341 }, "geometry": { "type": "LineString", "coordinates": [ [ 0.2083698, 51.8812928 ], [ 0.2083505, 51.8813342 ], [ 0.208498, 51.8813557 ], [ 0.2084369, 51.8814848 ], [ 0.208403, 51.8815595 ] ] } },
{ "type": "Feature", "properties": { "id": 53782, "nach": 0.5538724209729885 }, "geometry": { "type": "LineString", "coordinates": [ [ 0.2079746, 51.8823931 ], [ 0.2075711, 51.882415 ] ] } },
{ "type": "Feature", "properties": { "id": 32614, "nach": 0.39199506218634245 }, "geometry": { "type": "LineString", "coordinates": [ [ 0.1936358, 51.875915 ], [ 0.193406, 51.8760572 ], [ 0.1933121, 51.8761019 ], [ 0.1931726, 51.8761317 ], [ 0.193003, 51.87615910000001 ] ] } },
{ "type": "Feature", "properties": { "id": 32612, "nach": 0.42365348082576454 }, "geometry": { "type": "LineString", "coordinates": [ [ 0.1928576, 51.8761211 ], [ 0.1928792, 51.8761155 ], [ 0.1929136, 51.8761132 ], [ 0.1929373, 51.876116 ], [ 0.1929678, 51.876126 ], [ 0.1929887, 51.87613970000001 ], [ 0.193003, 51.87615910000001 ] ] } },
{ "type": "Feature", "properties": { "id": 32623, "nach": 0.25435807493697227 }, "geometry": { "type": "LineString", "coordinates": [ [ 0.1929253, 51.8762347 ], [ 0.1929575, 51.8762272 ], [ 0.1929747, 51.876219200000023 ], [ 0.1929954, 51.8762022 ], [ 0.1930028, 51.8761903 ], [ 0.193003, 51.87615910000001 ] ] } },
{ "type": "Feature", "properties": { "id": 32618, "nach": 0.38976405835897465 }, "geometry": { "type": "LineString", "coordinates": [ [ 0.1976945, 51.8748688 ], [ 0.1975768, 51.8749427 ], [ 0.1974829, 51.8749895 ], [ 0.1973622, 51.8750123 ], [ 0.1973315, 51.8750144 ], [ 0.1963698, 51.8750804 ], [ 0.1955866, 51.875081 ], [ 0.19544, 51.8751187 ], [ 0.195404, 51.8751372 ], [ 0.1948856, 51.8754033 ], [ 0.1940439, 51.875780399999989 ], [ 0.1938884, 51.8758179 ], [ 0.1937005, 51.87587520000001 ], [ 0.1936358, 51.875915 ] ] } },
{ "type": "Feature", "properties": { "id": 32621, "nach": 0.28518382186668484 }, "geometry": { "type": "LineString", "coordinates": [ [ 0.1930246, 51.876309 ], [ 0.1931667, 51.8762805 ], [ 0.1933908, 51.876227 ], [ 0.1935383, 51.8761691 ], [ 0.1936769, 51.8760903 ], [ 0.1936822, 51.87605880000001 ], [ 0.1936358, 51.875915 ] ] } },
{ "type": "Feature", "properties": { "id": 32627, "nach": 0.49243290501058695 }, "geometry": { "type": "LineString", "coordinates": [ [ 0.1927551, 51.8759534 ], [ 0.1927719, 51.8759749 ], [ 0.1928161, 51.8760285 ], [ 0.1928576, 51.8761211 ] ] } },
{ "type": "Feature", "properties": { "id": 32624, "nach": 0.4381783755216983 }, "geometry": { "type": "LineString", "coordinates": [ [ 0.1929253, 51.8762347 ], [ 0.1929048, 51.8762357 ], [ 0.1928709, 51.8762316 ], [ 0.1928469, 51.8762234 ], [ 0.1928234, 51.8762078 ], [ 0.1928079, 51.8761804 ], [ 0.1928084, 51.8761658 ], [ 0.1928191, 51.8761456 ], [ 0.192831, 51.8761347 ], [ 0.1928576, 51.8761211 ] ] } },
{ "type": "Feature", "properties": { "id": 32622, "nach": 0.40382995330702609 }, "geometry": { "type": "LineString", "coordinates": [ [ 0.1929253, 51.8762347 ], [ 0.1930246, 51.876309 ] ] } },
{ "type": "Feature", "properties": { "id": 32629, "nach": 0.38956541500382436 }, "geometry": { "type": "LineString", "coordinates": [ [ 0.1925942, 51.8759621 ], [ 0.1927551, 51.8759534 ] ] } },
{ "type": "Feature", "properties": { "id": 46499, "nach": 0.53622568185446551 }, "geometry": { "type": "LineString", "coordinates": [ [ 0.1979769, 51.8750323 ], [ 0.1976945, 51.8748688 ] ] } },
{ "type": "Feature", "properties": { "id": 50806, "nach": 0.54371859110844067 }, "geometry": { "type": "LineString", "coordinates": [ [ 0.1973417, 51.8746742 ], [ 0.1976945, 51.8748688 ] ] } },
{ "type": "Feature", "properties": { "id": 32628, "nach": 0.34850706143790605 }, "geometry": { "type": "LineString", "coordinates": [ [ 0.1922643, 51.8766095 ], [ 0.1926559, 51.8765913 ], [ 0.1929324, 51.8765645 ], [ 0.1929949, 51.8765558 ], [ 0.1930535, 51.8765326 ], [ 0.1930829, 51.8764979 ], [ 0.1930916, 51.876458 ], [ 0.1930246, 51.876309 ] ] } },
{ "type": "Feature", "properties": { "id": 50810, "nach": 0.41158420001916612 }, "geometry": { "type": "LineString", "coordinates": [ [ 0.1981268, 51.8746134 ], [ 0.1980351, 51.8746376 ], [ 0.1980755, 51.8749064 ], [ 0.1980693, 51.8749277 ], [ 0.198032, 51.8749971 ], [ 0.1979769, 51.8750323 ] ] } },
{ "type": "Feature", "properties": { "id": 50809, "nach": 0.42501634011322381 }, "geometry": { "type": "LineString", "coordinates": [ [ 0.1977449, 51.874398 ], [ 0.19746, 51.8745932 ], [ 0.1973417, 51.8746742 ] ] } },
{ "type": "Feature", "properties": { "id": 71955, "nach": 0.56093459214060493 }, "geometry": { "type": "LineString", "coordinates": [ [ 0.1956611, 51.8736713 ], [ 0.1956863, 51.8736988 ], [ 0.1957292, 51.8737443 ], [ 0.1958418, 51.8738486 ], [ 0.1960602, 51.873967 ], [ 0.1963962, 51.8741527 ], [ 0.1973417, 51.8746742 ] ] } },
{ "type": "Feature", "properties": { "id": 33644, "nach": 0.41791829008797726 }, "geometry": { "type": "LineString", "coordinates": [ [ 0.1950175, 51.8717269 ], [ 0.1950618, 51.8714099 ] ] } },
{ "type": "Feature", "properties": { "id": 33634, "nach": 0.46520030672802332 }, "geometry": { "type": "LineString", "coordinates": [ [ 0.1943926, 51.8718671 ], [ 0.1946751, 51.872017 ], [ 0.1947656, 51.872023 ], [ 0.194788, 51.8720205 ], [ 0.1953855, 51.871749 ] ] } },
{ "type": "Feature", "properties": { "id": 41411, "nach": 0.44980374080538738 }, "geometry": { "type": "LineString", "coordinates": [ [ 0.1945681, 51.8717752 ], [ 0.1943926, 51.8718671 ] ] } },
{ "type": "Feature", "properties": { "id": 33630, "nach": 0.46937004632815921 }, "geometry": { "type": "LineString", "coordinates": [ [ 0.1954136, 51.8715332 ], [ 0.1953855, 51.871749 ] ] } },
{ "type": "Feature", "properties": { "id": 38757, "nach": 0.43239338715702724 }, "geometry": { "type": "LineString", "coordinates": [ [ 0.1906987, 51.8732155 ], [ 0.18973, 51.8733788 ] ] } },
{ "type": "Feature", "properties": { "id": 40429, "nach": 0.37871354757080528 }, "geometry": { "type": "LineString", "coordinates": [ [ 0.2008011, 51.884907 ], [ 0.2007993, 51.8851172 ] ] } },
{ "type": "Feature", "properties": { "id": 40432, "nach": 0.37871354757080528 }, "geometry": { "type": "LineString", "coordinates": [ [ 0.2011266, 51.884907 ], [ 0.2008011, 51.884907 ] ] } },
{ "type": "Feature", "properties": { "id": 40445, "nach": 0.55616201799791387 }, "geometry": { "type": "LineString", "coordinates": [ [ 0.2013069, 51.8853127 ], [ 0.2013077, 51.8852233 ] ] } },
{ "type": "Feature", "properties": { "id": 40440, "nach": 0.38304600278351786 }, "geometry": { "type": "LineString", "coordinates": [ [ 0.2005593, 51.8852207 ], [ 0.2013077, 51.8852233 ] ] } },
{ "type": "Feature", "properties": { "id": 87183, "nach": 0.46128620472810034 }, "geometry": { "type": "LineString", "coordinates": [ [ 0.2017275, 51.8853096 ], [ 0.2013069, 51.8853127 ] ] } },
{ "type": "Feature", "properties": { "id": 87182, "nach": 0.38426633824827983 }, "geometry": { "type": "LineString", "coordinates": [ [ 0.2017275, 51.8853096 ], [ 0.2018683, 51.8853085 ] ] } },
{ "type": "Feature", "properties": { "id": 87184, "nach": 0.38426633824827983 }, "geometry": { "type": "LineString", "coordinates": [ [ 0.2017275, 51.8853096 ], [ 0.2017276, 51.8854095 ] ] } },
{ "type": "Feature", "properties": { "id": 57297, "nach": 0.54085120456677649 }, "geometry": { "type": "LineString", "coordinates": [ [ 0.2006023, 51.8855824 ], [ 0.2005886, 51.885519 ], [ 0.2005357, 51.885461200000016 ], [ 0.2003239, 51.8852651 ], [ 0.2000972, 51.885079600000012 ], [ 0.2001125, 51.8846535 ] ] } },
{ "type": "Feature", "properties": { "id": 57311, "nach": 0.44589987495543659 }, "geometry": { "type": "LineString", "coordinates": [ [ 0.1976247, 51.886589 ], [ 0.197698, 51.8865705 ], [ 0.1980332, 51.8864347 ], [ 0.1988245, 51.88614 ], [ 0.1989988, 51.8860837 ], [ 0.200439, 51.8857065 ], [ 0.2005653, 51.885645 ], [ 0.2006012, 51.885612900000012 ], [ 0.2006023, 51.8855824 ] ] } },
{ "type": "Feature", "properties": { "id": 41891, "nach": 0.31193548346854472 }, "geometry": { "type": "LineString", "coordinates": [ [ 0.200653, 51.878501199999988 ], [ 0.2005649, 51.8785762 ], [ 0.2003158, 51.8786348 ], [ 0.2001364, 51.878636900000011 ], [ 0.2000064, 51.8783655 ], [ 0.1996849, 51.878062700000015 ], [ 0.1995443, 51.877985700000011 ], [ 0.1993833, 51.8779033 ], [ 0.199238, 51.8777851 ] ] } },
{ "type": "Feature", "properties": { "id": 41882, "nach": 0.34122595819474338 }, "geometry": { "type": "LineString", "coordinates": [ [ 0.1988542, 51.8779792 ], [ 0.1988612, 51.8778746 ], [ 0.199238, 51.8777851 ] ] } },
{ "type": "Feature", "properties": { "id": 56090, "nach": 0.37680994293277553 }, "geometry": { "type": "LineString", "coordinates": [ [ 0.196621, 51.8796421 ], [ 0.1972555, 51.8800057 ] ] } },
{ "type": "Feature", "properties": { "id": 67696, "nach": 0.47213179353685336 }, "geometry": { "type": "LineString", "coordinates": [ [ 0.1967692, 51.879527 ], [ 0.1967533, 51.8795426 ], [ 0.1966397, 51.879629799999989 ], [ 0.196621, 51.8796421 ] ] } },
{ "type": "Feature", "properties": { "id": 59625, "nach": 0.50011784423365346 }, "geometry": { "type": "LineString", "coordinates": [ [ 0.202901892551835, 51.876173453135365 ], [ 0.2060338, 51.8718968 ] ] } },
{ "type": "Feature", "properties": { "id": 57554, "nach": 0.50603344677502715 }, "geometry": { "type": "LineString", "coordinates": [ [ 0.1965851, 51.88520590000001 ], [ 0.1962622, 51.884781 ], [ 0.1960904, 51.8847093 ], [ 0.1957837, 51.884647 ], [ 0.1955839, 51.88456450000001 ], [ 0.1953779, 51.8844613 ], [ 0.1953364, 51.8844423 ] ] } },
{ "type": "Feature", "properties": { "id": 57556, "nach": 0.50678026656405883 }, "geometry": { "type": "LineString", "coordinates": [ [ 0.1965851, 51.88520590000001 ], [ 0.1967263, 51.8851781 ], [ 0.1970536, 51.8851235 ], [ 0.1973111, 51.8850324 ], [ 0.197529, 51.8850043 ] ] } },
{ "type": "Feature", "properties": { "id": 57317, "nach": 0.51213097325745383 }, "geometry": { "type": "LineString", "coordinates": [ [ 0.1949975, 51.884304900000018 ], [ 0.1950182, 51.884311800000013 ], [ 0.195192, 51.8843763 ], [ 0.1953364, 51.8844423 ] ] } },
{ "type": "Feature", "properties": { "id": 57321, "nach": 0.43192782932159013 }, "geometry": { "type": "LineString", "coordinates": [ [ 0.1965219, 51.8841805 ], [ 0.1962898, 51.8841161 ], [ 0.1961007, 51.8840987 ], [ 0.1959156, 51.8840921 ], [ 0.195748, 51.8840937 ], [ 0.1955817, 51.884101200000011 ], [ 0.1952572, 51.8841699 ], [ 0.1949975, 51.884304900000018 ] ] } },
{ "type": "Feature", "properties": { "id": 47938, "nach": 0.44519569251137869 }, "geometry": { "type": "LineString", "coordinates": [ [ 0.1998399, 51.8845342 ], [ 0.1991212, 51.8847822 ], [ 0.198691, 51.884896 ] ] } },
{ "type": "Feature", "properties": { "id": 57300, "nach": 0.44944261804333585 }, "geometry": { "type": "LineString", "coordinates": [ [ 0.1998844, 51.88456530000002 ], [ 0.1998399, 51.8845342 ] ] } },
{ "type": "Feature", "properties": { "id": 57302, "nach": 0.51650466735148393 }, "geometry": { "type": "LineString", "coordinates": [ [ 0.1998844, 51.88456530000002 ], [ 0.1999515, 51.8845759 ], [ 0.2001125, 51.8846535 ] ] } },
{ "type": "Feature", "properties": { "id": 57308, "nach": 0.43749658679178899 }, "geometry": { "type": "LineString", "coordinates": [ [ 0.1986756, 51.8849563 ], [ 0.198691, 51.884896 ] ] } },
{ "type": "Feature", "properties": { "id": 47942, "nach": 0.41443552713473109 }, "geometry": { "type": "LineString", "coordinates": [ [ 0.197739, 51.88374610000001 ], [ 0.1978394, 51.8838017 ], [ 0.1979662, 51.883883 ], [ 0.1981172, 51.8839976 ], [ 0.1981996, 51.8841329 ], [ 0.1984663, 51.884732 ], [ 0.1985272, 51.8847959 ], [ 0.198691, 51.884896 ] ] } },
{ "type": "Feature", "properties": { "id": 57307, "nach": 0.48315009651760388 }, "geometry": { "type": "LineString", "coordinates": [ [ 0.1986756, 51.8849563 ], [ 0.1987634, 51.8849566 ] ] } },
{ "type": "Feature", "properties": { "id": 57346, "nach": 0.3986709467073089 }, "geometry": { "type": "LineString", "coordinates": [ [ 0.1986772, 51.885100299999984 ], [ 0.1986756, 51.8849563 ] ] } },
{ "type": "Feature", "properties": { "id": 57314, "nach": 0.50523895429603838 }, "geometry": { "type": "LineString", "coordinates": [ [ 0.197529, 51.8850043 ], [ 0.1977731, 51.8849232 ], [ 0.1979675, 51.8848859 ], [ 0.1981794, 51.8849257 ], [ 0.1984289, 51.8849828 ], [ 0.1985617, 51.8849538 ], [ 0.1986756, 51.8849563 ] ] } },
{ "type": "Feature", "properties": { "id": 68285, "nach": 0.43102565824049299 }, "geometry": { "type": "LineString", "coordinates": [ [ 0.1969439, 51.8839989 ], [ 0.197018, 51.8839648 ], [ 0.1973792, 51.8838367 ], [ 0.1975852, 51.883762699999984 ], [ 0.197739, 51.88374610000001 ] ] } },
{ "type": "Feature", "properties": { "id": 57304, "nach": 0.49835830813024018 }, "geometry": { "type": "LineString", "coordinates": [ [ 0.1987634, 51.8849566 ], [ 0.1998844, 51.88456530000002 ] ] } },
{ "type": "Feature", "properties": { "id": 68284, "nach": 0.43222302897192738 }, "geometry": { "type": "LineString", "coordinates": [ [ 0.1969439, 51.8839989 ], [ 0.1968294, 51.8840515 ], [ 0.1967417, 51.8840937 ], [ 0.1965219, 51.8841805 ] ] } },
{ "type": "Feature", "properties": { "id": 57319, "nach": 0.22063540799108189 }, "geometry": { "type": "LineString", "coordinates": [ [ 0.1965219, 51.8841805 ], [ 0.1963819, 51.8842357 ], [ 0.1956246, 51.8844467 ], [ 0.1953364, 51.8844423 ] ] } },
{ "type": "Feature", "properties": { "id": 57322, "nach": 0.36885687904014947 }, "geometry": { "type": "LineString", "coordinates": [ [ 0.1965219, 51.8841805 ], [ 0.1966211, 51.884208 ], [ 0.1967579, 51.8842709 ], [ 0.1972031, 51.8844 ], [ 0.1973614, 51.8845283 ], [ 0.1976564, 51.884732 ], [ 0.1976711, 51.8848239 ], [ 0.197529, 51.8850043 ] ] } },
{ "type": "Feature", "properties": { "id": 85637, "nach": 0.49757371297257902 }, "geometry": { "type": "LineString", "coordinates": [ [ 0.203156377070993, 51.878117728922909 ], [ 0.2025226, 51.878602300000011 ] ] } },
{ "type": "Feature", "properties": { "id": 58077, "nach": 0.32724592951107667 }, "geometry": { "type": "LineString", "coordinates": [ [ 0.2071011, 51.8766582 ], [ 0.2073559, 51.876592 ], [ 0.2075544, 51.8765174 ], [ 0.2081981, 51.876279 ], [ 0.2084744, 51.8761681 ], [ 0.2087158, 51.8760571 ], [ 0.2088848, 51.8759594 ], [ 0.2090296, 51.8758501 ], [ 0.2091691, 51.8757458 ], [ 0.2092656, 51.8756133 ], [ 0.2094158, 51.8754262 ], [ 0.2095817, 51.8752318 ], [ 0.209735, 51.8750851 ], [ 0.2097913, 51.8750338 ], [ 0.2099603, 51.8749443 ], [ 0.2101293, 51.87488470000001 ], [ 0.210368, 51.8748367 ], [ 0.2107999, 51.8747837 ], [ 0.2112851, 51.8746958 ], [ 0.2118537, 51.874589 ], [ 0.2119879, 51.8744996 ] ] } },
{ "type": "Feature", "properties": { "id": 58009, "nach": 0.29766365186597138 }, "geometry": { "type": "LineString", "coordinates": [ [ 0.2015928, 51.8779232 ], [ 0.2013636, 51.877829700000014 ] ] } },
{ "type": "Feature", "properties": { "id": 58015, "nach": 0.3072124520792997 }, "geometry": { "type": "LineString", "coordinates": [ [ 0.200249, 51.8780689 ], [ 0.2004394, 51.8780491 ], [ 0.2005845, 51.87800940000001 ], [ 0.200827, 51.8779129 ], [ 0.2010312, 51.8778587 ], [ 0.2012188, 51.8778248 ], [ 0.2013636, 51.877829700000014 ] ] } },
{ "type": "Feature", "properties": { "id": 58014, "nach": 0.40234997060392746 }, "geometry": { "type": "LineString", "coordinates": [ [ 0.199151, 51.87512 ], [ 0.1992727, 51.8751223 ], [ 0.1993512, 51.8751216 ], [ 0.1995033, 51.8751795 ], [ 0.1996597, 51.8752615 ], [ 0.200536, 51.8758997 ], [ 0.2010456, 51.8763187 ], [ 0.2014532, 51.8767542 ], [ 0.2015498, 51.8769032 ], [ 0.2015981, 51.8770853 ], [ 0.2015686, 51.87762510000001 ], [ 0.2015928, 51.8779232 ] ] } },
{ "type": "Feature", "properties": { "id": 71956, "nach": 0.48806197527568312 }, "geometry": { "type": "LineString", "coordinates": [ [ 0.1954158, 51.8734146 ], [ 0.1955098, 51.8735509 ], [ 0.1956611, 51.8736713 ] ] } },
{ "type": "Feature", "properties": { "id": 71998, "nach": 0.40269038295022597 }, "geometry": { "type": "LineString", "coordinates": [ [ 0.1956063, 51.8733752 ], [ 0.1956064, 51.8734305 ], [ 0.1956492, 51.8735567 ], [ 0.1956685, 51.8735949 ], [ 0.1956611, 51.8736713 ] ] } },
{ "type": "Feature", "properties": { "id": 58012, "nach": 0.38917438737534171 }, "geometry": { "type": "LineString", "coordinates": [ [ 0.199151, 51.87512 ], [ 0.1992041, 51.8750248 ], [ 0.1992456, 51.8749942 ], [ 0.1993126, 51.874977899999983 ], [ 0.1995246, 51.8749263 ], [ 0.199597, 51.8748774 ], [ 0.1996802, 51.87485010000001 ] ] } },
{ "type": "Feature", "properties": { "id": 85651, "nach": 0.41084050500895086 }, "geometry": { "type": "LineString", "coordinates": [ [ 0.1917641, 51.882734300000017 ], [ 0.1918372, 51.882715500000018 ], [ 0.1919871, 51.8826945 ] ] } },
{ "type": "Feature", "properties": { "id": 57347, "nach": 0.41091676959549767 }, "geometry": { "type": "LineString", "coordinates": [ [ 0.1986772, 51.885100299999984 ], [ 0.1987172, 51.885229499999987 ], [ 0.1986582, 51.8853015 ], [ 0.1985683, 51.885371 ], [ 0.1972192, 51.8858346 ], [ 0.1971883, 51.8858652 ], [ 0.1971655, 51.8859248 ], [ 0.1971629, 51.8859587 ], [ 0.1971749, 51.8859861 ], [ 0.1976247, 51.886589 ] ] } },
{ "type": "Feature", "properties": { "id": 67698, "nach": 0.37622285389532634 }, "geometry": { "type": "LineString", "coordinates": [ [ 0.1967692, 51.879527 ], [ 0.197179, 51.879778 ], [ 0.1972354, 51.8797429 ] ] } },
{ "type": "Feature", "properties": { "id": 57348, "nach": 0.39409570518611609 }, "geometry": { "type": "LineString", "coordinates": [ [ 0.1986772, 51.885100299999984 ], [ 0.1986968, 51.88503510000001 ], [ 0.1987634, 51.8849566 ] ] } },
{ "type": "Feature", "properties": { "id": 65418, "nach": 0.44790204068706041 }, "geometry": { "type": "LineString", "coordinates": [ [ 0.1905671, 51.8737296 ], [ 0.1906558, 51.8739153 ] ] } },
{ "type": "Feature", "properties": { "id": 65417, "nach": 0.4521459625258531 }, "geometry": { "type": "LineString", "coordinates": [ [ 0.1905671, 51.8737296 ], [ 0.1905338, 51.8736644 ] ] } },
{ "type": "Feature", "properties": { "id": 66949, "nach": 0.59556887506332379 }, "geometry": { "type": "LineString", "coordinates": [ [ 0.1887806, 51.8741582 ], [ 0.18879, 51.87417940000001 ], [ 0.1888007, 51.8742035 ], [ 0.1888138, 51.874233200000013 ], [ 0.1888238, 51.8742557 ], [ 0.1888431, 51.8743486 ], [ 0.1888221, 51.8744109 ], [ 0.18879, 51.8744753 ] ] } },
{ "type": "Feature", "properties": { "id": 64398, "nach": 0.5638882801648929 }, "geometry": { "type": "LineString", "coordinates": [ [ 0.1877392, 51.875032100000013 ], [ 0.1881071, 51.8748295 ], [ 0.1886114, 51.874578 ], [ 0.1887277, 51.874515100000011 ], [ 0.18879, 51.8744753 ] ] } },
{ "type": "Feature", "properties": { "id": 59214, "nach": 0.50779634610480873 }, "geometry": { "type": "LineString", "coordinates": [ [ 0.1886684, 51.8744449 ], [ 0.18879, 51.8744753 ] ] } },
{ "type": "Feature", "properties": { "id": 59216, "nach": 0.43032822747561633 }, "geometry": { "type": "LineString", "coordinates": [ [ 0.188483, 51.874134600000012 ], [ 0.1886684, 51.8744449 ] ] } },
{ "type": "Feature", "properties": { "id": 59215, "nach": 0.43004874424199985 }, "geometry": { "type": "LineString", "coordinates": [ [ 0.1881316, 51.8745893 ], [ 0.1886684, 51.8744449 ] ] } },
{ "type": "Feature", "properties": { "id": 65407, "nach": 0.38833765540791748 }, "geometry": { "type": "LineString", "coordinates": [ [ 0.1929593, 51.87324430000001 ], [ 0.1930995, 51.8732189 ], [ 0.1931835, 51.873201 ], [ 0.1932331, 51.8731907 ], [ 0.1928123, 51.8724224 ] ] } },
{ "type": "Feature", "properties": { "id": 65409, "nach": 0.45343254071172806 }, "geometry": { "type": "LineString", "coordinates": [ [ 0.1923063, 51.8733626 ], [ 0.1922287, 51.873217599999982 ], [ 0.1928745, 51.8730858 ], [ 0.1929593, 51.87324430000001 ] ] } },
{ "type": "Feature", "properties": { "id": 87362, "nach": 0.55527681460433342 }, "geometry": { "type": "LineString", "coordinates": [ [ 0.1950194, 51.8731373 ], [ 0.1950255, 51.8731503 ], [ 0.1950523, 51.8732095 ] ] } },
{ "type": "Feature", "properties": { "id": 87364, "nach": 0.42212510880092113 }, "geometry": { "type": "LineString", "coordinates": [ [ 0.1950194, 51.8731373 ], [ 0.195067, 51.8731215 ], [ 0.195739, 51.8729974 ] ] } },
{ "type": "Feature", "properties": { "id": 66951, "nach": 0.43252416689428386 }, "geometry": { "type": "LineString", "coordinates": [ [ 0.1890181, 51.874121400000014 ], [ 0.1897301, 51.8740109 ] ] } },
{ "type": "Feature", "properties": { "id": 66955, "nach": 0.51294928835155162 }, "geometry": { "type": "LineString", "coordinates": [ [ 0.1889234, 51.8741361 ], [ 0.1890181, 51.874121400000014 ] ] } },
{ "type": "Feature", "properties": { "id": 66953, "nach": 0.43772823926709714 }, "geometry": { "type": "LineString", "coordinates": [ [ 0.1889735, 51.8740152 ], [ 0.1890181, 51.874121400000014 ] ] } },
{ "type": "Feature", "properties": { "id": 71660, "nach": 0.57412198855946883 }, "geometry": { "type": "LineString", "coordinates": [ [ 0.194825, 51.8733795 ], [ 0.1949426, 51.873356 ] ] } },
{ "type": "Feature", "properties": { "id": 71665, "nach": 0.56468162679164535 }, "geometry": { "type": "LineString", "coordinates": [ [ 0.1946529, 51.8733473 ], [ 0.194825, 51.8733795 ] ] } },
{ "type": "Feature", "properties": { "id": 87456, "nach": 0.45620360907543461 }, "geometry": { "type": "LineString", "coordinates": [ [ 0.1922915, 51.8737828 ], [ 0.1925853, 51.873738 ], [ 0.1931418, 51.87365770000001 ], [ 0.1936595, 51.873579 ], [ 0.1943542, 51.8734699 ], [ 0.1944193, 51.8734574 ], [ 0.1944963, 51.8734426 ], [ 0.194825, 51.8733795 ] ] } },
{ "type": "Feature", "properties": { "id": 71768, "nach": 0.36199342742894974 }, "geometry": { "type": "LineString", "coordinates": [ [ 0.1949426, 51.873356 ], [ 0.194924, 51.873315 ], [ 0.1949151, 51.873295400000011 ], [ 0.1950785, 51.873267200000015 ], [ 0.1950693, 51.873247 ], [ 0.1950523, 51.8732095 ] ] } },
{ "type": "Feature", "properties": { "id": 71957, "nach": 0.51616569209462515 }, "geometry": { "type": "LineString", "coordinates": [ [ 0.1954158, 51.8734146 ], [ 0.1953943, 51.8733993 ], [ 0.1953264, 51.8733711 ], [ 0.1952296, 51.8733612 ], [ 0.1951341, 51.8733745 ], [ 0.1949624, 51.8734014 ], [ 0.1949577, 51.873389400000022 ], [ 0.1949426, 51.873356 ] ] } },
{ "type": "Feature", "properties": { "id": 71666, "nach": 0.41370651435416411 }, "geometry": { "type": "LineString", "coordinates": [ [ 0.1946529, 51.8733473 ], [ 0.1946861, 51.87331360000001 ], [ 0.1946867, 51.8732745 ] ] } },
{ "type": "Feature", "properties": { "id": 87455, "nach": 0.4880860508756249 }, "geometry": { "type": "LineString", "coordinates": [ [ 0.1922915, 51.8737828 ], [ 0.1926825, 51.8736953 ], [ 0.1940447, 51.8734604 ], [ 0.1943348, 51.873409300000013 ], [ 0.1944628, 51.8733845 ], [ 0.1946529, 51.8733473 ] ] } },
{ "type": "Feature", "properties": { "id": 71663, "nach": 0.52425036514474577 }, "geometry": { "type": "LineString", "coordinates": [ [ 0.1950186, 51.8732165 ], [ 0.1946867, 51.8732745 ] ] } },
{ "type": "Feature", "properties": { "id": 71763, "nach": 0.56920498446096202 }, "geometry": { "type": "LineString", "coordinates": [ [ 0.1950523, 51.8732095 ], [ 0.1950186, 51.8732165 ] ] } },
{ "type": "Feature", "properties": { "id": 77031, "nach": 0.37605251448605759 }, "geometry": { "type": "LineString", "coordinates": [ [ 0.195739, 51.8729974 ], [ 0.1957001, 51.8730744 ] ] } },
{ "type": "Feature", "properties": { "id": 85577, "nach": 0.51290949504753702 }, "geometry": { "type": "LineString", "coordinates": [ [ 0.1958424, 51.8730471 ], [ 0.1957001, 51.8730744 ] ] } },
{ "type": "Feature", "properties": { "id": 851, "nach": 0.48803485911031608 }, "geometry": { "type": "LineString", "coordinates": [ [ 0.200093916587519, 51.872316851845561 ], [ 0.199143210193288, 51.870901582046145 ] ] } },
{ "type": "Feature", "properties": { "id": 3, "nach": 0.47390381617305016 }, "geometry": { "type": "LineString", "coordinates": [ [ 0.199851277304541, 51.87239228684183 ], [ 0.19889673069311, 51.870956521284747 ] ] } },
{ "type": "Feature", "properties": { "id": 344, "nach": 0.44054970620287698 }, "geometry": { "type": "LineString", "coordinates": [ [ 0.198738984547086, 51.870995114117576 ], [ 0.19970043649407, 51.872432488920857 ] ] } },
{ "type": "Feature", "properties": { "id": 343, "nach": 0.52913706769349744 }, "geometry": { "type": "LineString", "coordinates": [ [ 0.19849946992108, 51.871063609084032 ], [ 0.19945508216091, 51.872493083255094 ] ] } },
{ "type": "Feature", "properties": { "id": 343, "nach": 0.52913706769349744 }, "geometry": { "type": "LineString", "coordinates": [ [ 0.19945508216091, 51.872493083255094 ], [ 0.199483125119883, 51.872536130872355 ] ] } },
{ "type": "Feature", "properties": { "id": 16, "nach": 0.74168484730482254 }, "geometry": { "type": "LineString", "coordinates": [ [ 0.19945508216091, 51.872493083255094 ], [ 0.19970043649407, 51.872432488920857 ] ] } },
{ "type": "Feature", "properties": { "id": 343, "nach": 0.52913706769349744 }, "geometry": { "type": "LineString", "coordinates": [ [ 0.199483125119883, 51.872536130872355 ], [ 0.201897206576489, 51.875802415368973 ] ] } },
{ "type": "Feature", "properties": { "id": 74977, "nach": 0.64412277003675955 }, "geometry": { "type": "LineString", "coordinates": [ [ 0.19972977918192, 51.872476354771557 ], [ 0.199483125119883, 51.872536130872355 ] ] } },
{ "type": "Feature", "properties": { "id": 343, "nach": 0.52913706769349744 }, "geometry": { "type": "LineString", "coordinates": [ [ 0.201897206576489, 51.875802415368973 ], [ 0.202248698347161, 51.875961091286911 ] ] } },
{ "type": "Feature", "properties": { "id": 3, "nach": 0.47390381617305016 }, "geometry": { "type": "LineString", "coordinates": [ [ 0.201897206576489, 51.875802415368973 ], [ 0.199879585805323, 51.872435986056011 ] ] } },
{ "type": "Feature", "properties": { "id": 343, "nach": 0.52913706769349744 }, "geometry": { "type": "LineString", "coordinates": [ [ 0.202248698347161, 51.875961091286911 ], [ 0.202901892551835, 51.876173453135365 ] ] } },
{ "type": "Feature", "properties": { "id": 2, "nach": 0.43593788356772945 }, "geometry": { "type": "LineString", "coordinates": [ [ 0.202248698347161, 51.875961091286911 ], [ 0.201714583212201, 51.87417643157297 ] ] } },
{ "type": "Feature", "properties": { "id": 59625, "nach": 0.50011784423365346 }, "geometry": { "type": "LineString", "coordinates": [ [ 0.202889343619213, 51.874683415113665 ], [ 0.202901892551835, 51.876173453135365 ] ] } },
{ "type": "Feature", "properties": { "id": 344, "nach": 0.44054970620287698 }, "geometry": { "type": "LineString", "coordinates": [ [ 0.19970043649407, 51.872432488920857 ], [ 0.19972977918192, 51.872476354771557 ] ] } },
{ "type": "Feature", "properties": { "id": 16, "nach": 0.74168484730482254 }, "geometry": { "type": "LineString", "coordinates": [ [ 0.19970043649407, 51.872432488920857 ], [ 0.199851277304541, 51.87239228684183 ] ] } },
{ "type": "Feature", "properties": { "id": 74977, "nach": 0.64412277003675955 }, "geometry": { "type": "LineString", "coordinates": [ [ 0.199879585805323, 51.872435986056011 ], [ 0.19972977918192, 51.872476354771557 ] ] } },
{ "type": "Feature", "properties": { "id": 3, "nach": 0.47390381617305016 }, "geometry": { "type": "LineString", "coordinates": [ [ 0.199879585805323, 51.872435986056011 ], [ 0.199851277304541, 51.87239228684183 ] ] } },
{ "type": "Feature", "properties": { "id": 74977, "nach": 0.64412277003675955 }, "geometry": { "type": "LineString", "coordinates": [ [ 0.200125325947642, 51.872364821073859 ], [ 0.199879585805323, 51.872435986056011 ] ] } },
{ "type": "Feature", "properties": { "id": 16, "nach": 0.74168484730482254 }, "geometry": { "type": "LineString", "coordinates": [ [ 0.199851277304541, 51.87239228684183 ], [ 0.200093916587519, 51.872316851845561 ] ] } },
{ "type": "Feature", "properties": { "id": 851, "nach": 0.48803485911031608 }, "geometry": { "type": "LineString", "coordinates": [ [ 0.202889343619213, 51.874683415113665 ], [ 0.201714583212201, 51.87417643157297 ] ] } },
{ "type": "Feature", "properties": { "id": 59625, "nach": 0.50011784423365346 }, "geometry": { "type": "LineString", "coordinates": [ [ 0.202634105126673, 51.872872730478036 ], [ 0.202889343619213, 51.874683415113665 ] ] } },
{ "type": "Feature", "properties": { "id": 851, "nach": 0.48803485911031608 }, "geometry": { "type": "LineString", "coordinates": [ [ 0.201714583212201, 51.87417643157297 ], [ 0.200125325947642, 51.872364821073859 ] ] } },
{ "type": "Feature", "properties": { "id": 851, "nach": 0.48803485911031608 }, "geometry": { "type": "LineString", "coordinates": [ [ 0.200125325947642, 51.872364821073859 ], [ 0.200093916587519, 51.872316851845561 ] ] } },
{ "type": "Feature", "properties": { "id": 59625, "nach": 0.50011784423365346 }, "geometry": { "type": "LineString", "coordinates": [ [ 0.202764527179786, 51.872771533573008 ], [ 0.202634105126673, 51.872872730478036 ] ] } },
{ "type": "Feature", "properties": { "id": 10020, "nach": 0.49540645265912814 }, "geometry": { "type": "LineString", "coordinates": [ [ 0.212794829170522, 51.893427458149915 ], [ 0.20578042748803, 51.884493279022081 ] ] } },
{ "type": "Feature", "properties": { "id": 10020, "nach": 0.49540645265912814 }, "geometry": { "type": "LineString", "coordinates": [ [ 0.20578042748803, 51.884493279022081 ], [ 0.203156377070993, 51.878117728922909 ] ] } },
{ "type": "Feature", "properties": { "id": 29011, "nach": 0.61833550875221777 }, "geometry": { "type": "LineString", "coordinates": [ [ 0.205646827931846, 51.884514302198525 ], [ 0.20578042748803, 51.884493279022081 ] ] } },
{ "type": "Feature", "properties": { "id": 85637, "nach": 0.49757371297257902 }, "geometry": { "type": "LineString", "coordinates": [ [ 0.202900254755025, 51.878198251136659 ], [ 0.203156377070993, 51.878117728922909 ] ] } },
{ "type": "Feature", "properties": { "id": 66981, "nach": 0.54951625953958638 }, "geometry": { "type": "LineString", "coordinates": [ [ 0.205646827931846, 51.884514302198525 ], [ 0.21266312146683, 51.893492069479088 ] ] } }
]
}
