{
"type": "FeatureCollection",
"name": "UTTLE_75_NACH",
"crs": { "type": "name", "properties": { "name": "urn:ogc:def:crs:OGC:1.3:CRS84" } },
"features": [
{ "type": "Feature", "properties": { "id": 57, "nach": 0.53729092982244353 }, "geometry": { "type": "LineString", "coordinates": [ [ 0.178177, 51.8861213 ], [ 0.1775759, 51.8859884 ], [ 0.1774302, 51.8859569 ] ] } },
{ "type": "Feature", "properties": { "id": 47737, "nach": 0.49869503028450357 }, "geometry": { "type": "LineString", "coordinates": [ [ 0.1774302, 51.8859569 ], [ 0.1774456, 51.88591310000001 ] ] } },
{ "type": "Feature", "properties": { "id": 47739, "nach": 0.45635583208711245 }, "geometry": { "type": "LineString", "coordinates": [ [ 0.1774302, 51.8859569 ], [ 0.1773963, 51.8859958 ], [ 0.1773083, 51.8860391 ], [ 0.1772534, 51.8860661 ] ] } },
{ "type": "Feature", "properties": { "id": 47738, "nach": 0.5349015006164346 }, "geometry": { "type": "LineString", "coordinates": [ [ 0.1774302, 51.8859569 ], [ 0.1773724, 51.8859434 ], [ 0.1768634, 51.885842600000011 ] ] } },
{ "type": "Feature", "properties": { "id": 64, "nach": 0.45232399851423377 }, "geometry": { "type": "LineString", "coordinates": [ [ 0.1829025, 51.8831227 ], [ 0.1824023, 51.8836761 ], [ 0.1816714, 51.8843682 ], [ 0.180852, 51.8849948 ], [ 0.1803048, 51.8853632 ], [ 0.1798428, 51.8856402 ], [ 0.1794642, 51.8858489 ] ] } },
{ "type": "Feature", "properties": { "id": 47742, "nach": 0.49854761553931665 }, "geometry": { "type": "LineString", "coordinates": [ [ 0.1788494, 51.8861225 ], [ 0.1787989, 51.8860799 ], [ 0.178659, 51.8861055 ], [ 0.1785069, 51.8861004 ], [ 0.1774456, 51.88591310000001 ] ] } },
{ "type": "Feature", "properties": { "id": 83616, "nach": 0.55515822624155131 }, "geometry": { "type": "LineString", "coordinates": [ [ 0.1825882, 51.8831985 ], [ 0.1829025, 51.8831227 ] ] } },
{ "type": "Feature", "properties": { "id": 80647, "nach": 0.55086973130283512 }, "geometry": { "type": "LineString", "coordinates": [ [ 0.183113, 51.8830721 ], [ 0.1829025, 51.8831227 ] ] } },
{ "type": "Feature", "properties": { "id": 23824, "nach": 0.4488378171873596 }, "geometry": { "type": "LineString", "coordinates": [ [ 0.1846101, 51.8799889 ], [ 0.1843509, 51.8806959 ], [ 0.1841256, 51.88127870000001 ], [ 0.1838855, 51.8817622 ], [ 0.1836374, 51.8821215 ], [ 0.1831721, 51.8827879 ], [ 0.1829025, 51.8831227 ] ] } },
{ "type": "Feature", "properties": { "id": 83618, "nach": 0.5550872862817825 }, "geometry": { "type": "LineString", "coordinates": [ [ 0.1825882, 51.8831985 ], [ 0.1825495, 51.8831818 ], [ 0.1825246, 51.8832138 ] ] } },
{ "type": "Feature", "properties": { "id": 80653, "nach": 0.53366624774739169 }, "geometry": { "type": "LineString", "coordinates": [ [ 0.1833605, 51.883016199999986 ], [ 0.1831328, 51.883067300000015 ], [ 0.183113, 51.8830721 ] ] } },
{ "type": "Feature", "properties": { "id": 80651, "nach": 0.41386598453297713 }, "geometry": { "type": "LineString", "coordinates": [ [ 0.1832049, 51.8831146 ], [ 0.1831673, 51.8831013 ], [ 0.183113, 51.8830721 ] ] } },
{ "type": "Feature", "properties": { "id": 23822, "nach": 0.57029067524956345 }, "geometry": { "type": "LineString", "coordinates": [ [ 0.1846101, 51.8799889 ], [ 0.1846812, 51.8800059 ] ] } },
{ "type": "Feature", "properties": { "id": 29534, "nach": 0.42955373783559997 }, "geometry": { "type": "LineString", "coordinates": [ [ 0.1860993, 51.8768427 ], [ 0.1857993, 51.8772419 ], [ 0.185574, 51.8775963 ], [ 0.1853353, 51.8780483 ], [ 0.1849638, 51.8790045 ], [ 0.1847345, 51.8796412 ], [ 0.1846101, 51.8799889 ] ] } },
{ "type": "Feature", "properties": { "id": 28031, "nach": 0.58490361858778483 }, "geometry": { "type": "LineString", "coordinates": [ [ 0.1838904, 51.8797658 ], [ 0.1842053, 51.8798354 ], [ 0.1843711, 51.8798654 ], [ 0.1844648, 51.879892300000016 ], [ 0.1845524, 51.8799282 ], [ 0.1845433, 51.8799718 ], [ 0.1846101, 51.8799889 ] ] } },
{ "type": "Feature", "properties": { "id": 57565, "nach": 0.40591322702456878 }, "geometry": { "type": "LineString", "coordinates": [ [ 0.1897503, 51.8744002 ], [ 0.1895235, 51.8744972 ], [ 0.1887967, 51.8748094 ], [ 0.1881208, 51.8751745 ], [ 0.1876903, 51.875434500000011 ], [ 0.1870693, 51.8758841 ], [ 0.1866563, 51.8762401 ], [ 0.1863283, 51.8765698 ] ] } },
{ "type": "Feature", "properties": { "id": 49359, "nach": 0.57610945471836716 }, "geometry": { "type": "LineString", "coordinates": [ [ 0.1704711, 51.8761609 ], [ 0.1704434, 51.8760574 ] ] } },
{ "type": "Feature", "properties": { "id": 54035, "nach": 0.5732830632389716 }, "geometry": { "type": "LineString", "coordinates": [ [ 0.1706342, 51.876036 ], [ 0.1704434, 51.8760574 ] ] } },
{ "type": "Feature", "properties": { "id": 49361, "nach": 0.5917627760818287 }, "geometry": { "type": "LineString", "coordinates": [ [ 0.1704711, 51.8761609 ], [ 0.1704939, 51.8762575 ], [ 0.1706105, 51.876718 ], [ 0.1706574, 51.876897100000015 ] ] } },
{ "type": "Feature", "properties": { "id": 54828, "nach": 0.5525838113001279 }, "geometry": { "type": "LineString", "coordinates": [ [ 0.169748, 51.8762706 ], [ 0.1702458, 51.8761927 ], [ 0.1704711, 51.8761609 ] ] } },
{ "type": "Feature", "properties": { "id": 54036, "nach": 0.55911407037808314 }, "geometry": { "type": "LineString", "coordinates": [ [ 0.1706342, 51.876036 ], [ 0.1707806, 51.876026 ], [ 0.1711438, 51.8759957 ], [ 0.1713529, 51.8759782 ], [ 0.1717919, 51.875952 ], [ 0.1721341, 51.8759409 ], [ 0.1724197, 51.8759451 ], [ 0.173195, 51.8759595 ] ] } },
{ "type": "Feature", "properties": { "id": 54047, "nach": 0.46207441334940247 }, "geometry": { "type": "LineString", "coordinates": [ [ 0.1713767, 51.8760323 ], [ 0.1706412, 51.8760844 ], [ 0.1706342, 51.876036 ] ] } },
{ "type": "Feature", "properties": { "id": 62994, "nach": 0.0 }, "geometry": { "type": "LineString", "coordinates": [ [ 0.1731931, 51.8758965 ], [ 0.172478, 51.8758733 ], [ 0.1721039, 51.875872500000014 ], [ 0.1713976, 51.8759164 ], [ 0.1708069, 51.8759611 ], [ 0.1706258, 51.8759777 ], [ 0.1706342, 51.876036 ] ] } },
{ "type": "Feature", "properties": { "id": 4894, "nach": 0.60564060026349154 }, "geometry": { "type": "LineString", "coordinates": [ [ 0.1706574, 51.876897100000015 ], [ 0.1707282, 51.8772068 ] ] } },
{ "type": "Feature", "properties": { "id": 70060, "nach": 0.61281597051991143 }, "geometry": { "type": "LineString", "coordinates": [ [ 0.1707795, 51.8774509 ], [ 0.1707282, 51.8772068 ] ] } },
{ "type": "Feature", "properties": { "id": 72103, "nach": 0.44942497770416295 }, "geometry": { "type": "LineString", "coordinates": [ [ 0.1704034, 51.8772179 ], [ 0.1707282, 51.8772068 ] ] } },
{ "type": "Feature", "properties": { "id": 68638, "nach": 0.5774697911859642 }, "geometry": { "type": "LineString", "coordinates": [ [ 0.1712698, 51.8768286 ], [ 0.1706574, 51.876897100000015 ] ] } },
{ "type": "Feature", "properties": { "id": 72102, "nach": 0.49696803842041259 }, "geometry": { "type": "LineString", "coordinates": [ [ 0.1704034, 51.8772179 ], [ 0.1706574, 51.876897100000015 ] ] } },
{ "type": "Feature", "properties": { "id": 70059, "nach": 0.61425258580670983 }, "geometry": { "type": "LineString", "coordinates": [ [ 0.1707795, 51.8774509 ], [ 0.1707935, 51.8775158 ] ] } },
{ "type": "Feature", "properties": { "id": 70064, "nach": 0.0 }, "geometry": { "type": "LineString", "coordinates": [ [ 0.1708862, 51.8781369 ], [ 0.1708066, 51.8781405 ], [ 0.1707113, 51.8774997 ], [ 0.1707795, 51.8774509 ] ] } },
{ "type": "Feature", "properties": { "id": 72104, "nach": 0.50371482207900387 }, "geometry": { "type": "LineString", "coordinates": [ [ 0.1704034, 51.8772179 ], [ 0.1696135, 51.877241 ], [ 0.1692917, 51.8772454 ] ] } },
{ "type": "Feature", "properties": { "id": 9935, "nach": 0.61499854625188 }, "geometry": { "type": "LineString", "coordinates": [ [ 0.1715228, 51.88051620000001 ], [ 0.1712945, 51.8799644 ] ] } },
{ "type": "Feature", "properties": { "id": 5211, "nach": 0.66895330544561205 }, "geometry": { "type": "LineString", "coordinates": [ [ 0.1711892, 51.8797263 ], [ 0.1712945, 51.8799644 ] ] } },
{ "type": "Feature", "properties": { "id": 36658, "nach": 0.63081408765376801 }, "geometry": { "type": "LineString", "coordinates": [ [ 0.1721637, 51.8798698 ], [ 0.171698, 51.8799185 ], [ 0.1713959, 51.8799505 ], [ 0.1713581, 51.879954700000013 ], [ 0.1712945, 51.8799644 ] ] } },
{ "type": "Feature", "properties": { "id": 9934, "nach": 0.61876866901265692 }, "geometry": { "type": "LineString", "coordinates": [ [ 0.1715228, 51.88051620000001 ], [ 0.1715345, 51.8805467 ] ] } },
{ "type": "Feature", "properties": { "id": 9938, "nach": 0.0 }, "geometry": { "type": "LineString", "coordinates": [ [ 0.1716683, 51.8808951 ], [ 0.1714348, 51.8809196 ], [ 0.1712955, 51.8805525 ], [ 0.1715228, 51.88051620000001 ] ] } },
{ "type": "Feature", "properties": { "id": 5213, "nach": 0.62383371480621275 }, "geometry": { "type": "LineString", "coordinates": [ [ 0.1711892, 51.8797263 ], [ 0.1709821, 51.8797609 ], [ 0.1703145, 51.8798834 ] ] } },
{ "type": "Feature", "properties": { "id": 54812, "nach": 0.64917535144323724 }, "geometry": { "type": "LineString", "coordinates": [ [ 0.1711072, 51.8795072 ], [ 0.1711892, 51.8797263 ] ] } },
{ "type": "Feature", "properties": { "id": 36657, "nach": 0.63912605596599359 }, "geometry": { "type": "LineString", "coordinates": [ [ 0.1721637, 51.8798698 ], [ 0.1726935, 51.8798145 ], [ 0.1728998, 51.8797929 ] ] } },
{ "type": "Feature", "properties": { "id": 36656, "nach": 0.54754906265020187 }, "geometry": { "type": "LineString", "coordinates": [ [ 0.1721637, 51.8798698 ], [ 0.1722258, 51.880111699999986 ] ] } },
{ "type": "Feature", "properties": { "id": 4730, "nach": 0.32726768544752605 }, "geometry": { "type": "LineString", "coordinates": [ [ 0.1765623, 51.8860325 ], [ 0.1768634, 51.885842600000011 ] ] } },
{ "type": "Feature", "properties": { "id": 863, "nach": 0.54539612177616581 }, "geometry": { "type": "LineString", "coordinates": [ [ 0.1768634, 51.885842600000011 ], [ 0.177081, 51.8859684 ], [ 0.1771847, 51.886021200000016 ], [ 0.1772534, 51.8860661 ] ] } },
{ "type": "Feature", "properties": { "id": 23970, "nach": 0.59312021103194001 }, "geometry": { "type": "LineString", "coordinates": [ [ 0.1758234, 51.8853188 ], [ 0.1759593, 51.88540840000001 ], [ 0.1760209, 51.8854424 ], [ 0.1762934, 51.8855915 ], [ 0.176457, 51.8856717 ], [ 0.1766534, 51.885758499999987 ], [ 0.1768634, 51.885842600000011 ] ] } },
{ "type": "Feature", "properties": { "id": 42483, "nach": 0.51497453937257975 }, "geometry": { "type": "LineString", "coordinates": [ [ 0.176794, 51.8862231 ], [ 0.1765623, 51.8860325 ] ] } },
{ "type": "Feature", "properties": { "id": 42478, "nach": 0.53288440947327875 }, "geometry": { "type": "LineString", "coordinates": [ [ 0.1756878, 51.8853642 ], [ 0.1757696, 51.885440900000013 ], [ 0.1758223, 51.8854277 ], [ 0.1765623, 51.8860325 ] ] } },
{ "type": "Feature", "properties": { "id": 69413, "nach": 0.63473677845064957 }, "geometry": { "type": "LineString", "coordinates": [ [ 0.1755709, 51.8851157 ], [ 0.1758234, 51.8853188 ] ] } },
{ "type": "Feature", "properties": { "id": 42477, "nach": 0.5711952963906789 }, "geometry": { "type": "LineString", "coordinates": [ [ 0.1756878, 51.8853642 ], [ 0.1758234, 51.8853188 ] ] } },
{ "type": "Feature", "properties": { "id": 56627, "nach": 0.42677830962497443 }, "geometry": { "type": "LineString", "coordinates": [ [ 0.1731968, 51.8760135 ], [ 0.173195, 51.8759595 ] ] } },
{ "type": "Feature", "properties": { "id": 62993, "nach": 0.52678562513177896 }, "geometry": { "type": "LineString", "coordinates": [ [ 0.1731931, 51.8758965 ], [ 0.173195, 51.8759595 ] ] } },
{ "type": "Feature", "properties": { "id": 4989, "nach": 0.5440877787601589 }, "geometry": { "type": "LineString", "coordinates": [ [ 0.1734361, 51.8759638 ], [ 0.1734269, 51.8759638 ], [ 0.173195, 51.8759595 ] ] } },
{ "type": "Feature", "properties": { "id": 56626, "nach": 0.45009826068934894 }, "geometry": { "type": "LineString", "coordinates": [ [ 0.1731968, 51.8760135 ], [ 0.1725103, 51.8759993 ] ] } },
{ "type": "Feature", "properties": { "id": 63380, "nach": 0.46743157347967246 }, "geometry": { "type": "LineString", "coordinates": [ [ 0.1736484, 51.8759919 ], [ 0.1734575, 51.876018900000012 ], [ 0.1731968, 51.8760135 ] ] } },
{ "type": "Feature", "properties": { "id": 68632, "nach": 0.51561582594039346 }, "geometry": { "type": "LineString", "coordinates": [ [ 0.1733596, 51.8759021 ], [ 0.1731931, 51.8758965 ] ] } },
{ "type": "Feature", "properties": { "id": 4988, "nach": 0.60429183723876356 }, "geometry": { "type": "LineString", "coordinates": [ [ 0.1734361, 51.8759638 ], [ 0.1736483, 51.8759627 ] ] } },
{ "type": "Feature", "properties": { "id": 63384, "nach": 0.59711520442563726 }, "geometry": { "type": "LineString", "coordinates": [ [ 0.1734434, 51.8759055 ], [ 0.1734361, 51.8759638 ] ] } },
{ "type": "Feature", "properties": { "id": 72048, "nach": 0.55911626949226301 }, "geometry": { "type": "LineString", "coordinates": [ [ 0.1781012, 51.875196 ], [ 0.1781303, 51.8752335 ] ] } },
{ "type": "Feature", "properties": { "id": 54824, "nach": 0.49511441070911438 }, "geometry": { "type": "LineString", "coordinates": [ [ 0.1766082, 51.8755877 ], [ 0.1775978, 51.8753169 ], [ 0.1777601, 51.875274 ], [ 0.1779309, 51.87524590000001 ], [ 0.1781303, 51.8752335 ] ] } },
{ "type": "Feature", "properties": { "id": 4905, "nach": 0.58192735990516098 }, "geometry": { "type": "LineString", "coordinates": [ [ 0.1801282, 51.87474 ], [ 0.179422, 51.8749319 ], [ 0.1784198, 51.875199799999983 ], [ 0.1782513, 51.8752229 ], [ 0.1781303, 51.8752335 ] ] } },
{ "type": "Feature", "properties": { "id": 72049, "nach": 0.57443496143495942 }, "geometry": { "type": "LineString", "coordinates": [ [ 0.1781012, 51.875196 ], [ 0.1779149, 51.8749418 ], [ 0.1774323, 51.8742835 ] ] } },
{ "type": "Feature", "properties": { "id": 72055, "nach": 0.61276275472635922 }, "geometry": { "type": "LineString", "coordinates": [ [ 0.1765874, 51.8755528 ], [ 0.177062, 51.8754317 ], [ 0.1778211, 51.8752296 ], [ 0.1780088, 51.875204799999985 ], [ 0.1781012, 51.875196 ] ] } },
{ "type": "Feature", "properties": { "id": 72062, "nach": 0.42094144846964127 }, "geometry": { "type": "LineString", "coordinates": [ [ 0.1802134, 51.8746767 ], [ 0.1783937, 51.87517 ], [ 0.1783159, 51.8751849 ], [ 0.1782395, 51.8751874 ], [ 0.1781012, 51.875196 ] ] } },
{ "type": "Feature", "properties": { "id": 54822, "nach": 0.56310114021558366 }, "geometry": { "type": "LineString", "coordinates": [ [ 0.1766082, 51.8755877 ], [ 0.1763901, 51.8756485 ] ] } },
{ "type": "Feature", "properties": { "id": 72052, "nach": 0.53709931812950662 }, "geometry": { "type": "LineString", "coordinates": [ [ 0.1765874, 51.8755528 ], [ 0.1766082, 51.8755877 ] ] } },
{ "type": "Feature", "properties": { "id": 4904, "nach": 0.59946764223030591 }, "geometry": { "type": "LineString", "coordinates": [ [ 0.1801282, 51.87474 ], [ 0.1802441, 51.87471330000001 ] ] } },
{ "type": "Feature", "properties": { "id": 49362, "nach": 0.52766075853394667 }, "geometry": { "type": "LineString", "coordinates": [ [ 0.1801988, 51.8748229 ], [ 0.1801282, 51.87474 ] ] } },
{ "type": "Feature", "properties": { "id": 72061, "nach": 0.53177549049098805 }, "geometry": { "type": "LineString", "coordinates": [ [ 0.1802134, 51.8746767 ], [ 0.1802441, 51.87471330000001 ] ] } },
{ "type": "Feature", "properties": { "id": 49367, "nach": 0.59012620842149932 }, "geometry": { "type": "LineString", "coordinates": [ [ 0.1803697, 51.874678 ], [ 0.1802441, 51.87471330000001 ] ] } },
{ "type": "Feature", "properties": { "id": 72063, "nach": 0.0 }, "geometry": { "type": "LineString", "coordinates": [ [ 0.1802134, 51.8746767 ], [ 0.1803423, 51.8746418 ], [ 0.1803697, 51.874678 ] ] } },
{ "type": "Feature", "properties": { "id": 72060, "nach": 0.53037143479997362 }, "geometry": { "type": "LineString", "coordinates": [ [ 0.1802134, 51.8746767 ], [ 0.1796682, 51.8740276 ] ] } },
{ "type": "Feature", "properties": { "id": 49366, "nach": 0.59517220601736476 }, "geometry": { "type": "LineString", "coordinates": [ [ 0.1803697, 51.874678 ], [ 0.1810747, 51.8744424 ] ] } },
{ "type": "Feature", "properties": { "id": 49370, "nach": 0.52097187924629673 }, "geometry": { "type": "LineString", "coordinates": [ [ 0.180424, 51.8747498 ], [ 0.1803697, 51.874678 ] ] } },
{ "type": "Feature", "properties": { "id": 4955, "nach": 0.54986806886049766 }, "geometry": { "type": "LineString", "coordinates": [ [ 0.1818449, 51.8732629 ], [ 0.1819737, 51.8733601 ], [ 0.1821429, 51.8735622 ], [ 0.1823037, 51.8736579 ], [ 0.1825565, 51.8738934 ] ] } },
{ "type": "Feature", "properties": { "id": 42334, "nach": 0.65356169752301008 }, "geometry": { "type": "LineString", "coordinates": [ [ 0.1834358, 51.8735569 ], [ 0.1831546, 51.87368 ], [ 0.1825565, 51.8738934 ] ] } },
{ "type": "Feature", "properties": { "id": 42843, "nach": 0.64812132879130935 }, "geometry": { "type": "LineString", "coordinates": [ [ 0.1821396, 51.874068 ], [ 0.1823616, 51.8739758 ], [ 0.1825565, 51.8738934 ] ] } },
{ "type": "Feature", "properties": { "id": 4957, "nach": 0.44043335351806734 }, "geometry": { "type": "LineString", "coordinates": [ [ 0.182144, 51.8731002 ], [ 0.1819402, 51.873177 ], [ 0.1818889, 51.873196299999989 ], [ 0.1818449, 51.8732629 ] ] } },
{ "type": "Feature", "properties": { "id": 68550, "nach": 0.51185490786000676 }, "geometry": { "type": "LineString", "coordinates": [ [ 0.1814467, 51.8733087 ], [ 0.181638, 51.8732931 ], [ 0.1818449, 51.8732629 ] ] } },
{ "type": "Feature", "properties": { "id": 42332, "nach": 0.64807466550442228 }, "geometry": { "type": "LineString", "coordinates": [ [ 0.1834358, 51.8735569 ], [ 0.1835278, 51.8735179 ] ] } },
{ "type": "Feature", "properties": { "id": 72110, "nach": 0.50839901880875771 }, "geometry": { "type": "LineString", "coordinates": [ [ 0.1833305, 51.8734733 ], [ 0.1834358, 51.8735569 ] ] } },
{ "type": "Feature", "properties": { "id": 42848, "nach": 0.48840092432851773 }, "geometry": { "type": "LineString", "coordinates": [ [ 0.1822112, 51.8741332 ], [ 0.1821396, 51.874068 ] ] } },
{ "type": "Feature", "properties": { "id": 56619, "nach": 0.64874613032088568 }, "geometry": { "type": "LineString", "coordinates": [ [ 0.1816423, 51.8742456 ], [ 0.1821396, 51.874068 ] ] } },
{ "type": "Feature", "properties": { "id": 52369, "nach": 0.54239760280223404 }, "geometry": { "type": "LineString", "coordinates": [ [ 0.1934513, 51.8808944 ], [ 0.1934098, 51.880936 ] ] } },
{ "type": "Feature", "properties": { "id": 68435, "nach": 0.5098531418061405 }, "geometry": { "type": "LineString", "coordinates": [ [ 0.1928576, 51.8808659 ], [ 0.1929243, 51.8808721 ], [ 0.1931316, 51.8808911 ], [ 0.1934098, 51.880936 ] ] } },
{ "type": "Feature", "properties": { "id": 85656, "nach": 0.52746817020403836 }, "geometry": { "type": "LineString", "coordinates": [ [ 0.1927461, 51.8817125 ], [ 0.1928319, 51.8816044 ], [ 0.1931478, 51.8812381 ], [ 0.1934098, 51.880936 ] ] } },
{ "type": "Feature", "properties": { "id": 52371, "nach": 0.53233779473852472 }, "geometry": { "type": "LineString", "coordinates": [ [ 0.1934513, 51.8808944 ], [ 0.1937353, 51.8805983 ], [ 0.1939734, 51.8803857 ], [ 0.1941852, 51.8802105 ] ] } },
{ "type": "Feature", "properties": { "id": 52372, "nach": 0.3846100287482741 }, "geometry": { "type": "LineString", "coordinates": [ [ 0.1947756, 51.8813332 ], [ 0.1944996, 51.8812573 ], [ 0.1941871, 51.8811373 ], [ 0.1940061, 51.8810619 ], [ 0.1936074, 51.8809415 ], [ 0.1934513, 51.8808944 ] ] } },
{ "type": "Feature", "properties": { "id": 68434, "nach": 0.49142819649318209 }, "geometry": { "type": "LineString", "coordinates": [ [ 0.1928576, 51.8808659 ], [ 0.1927047, 51.880851900000017 ], [ 0.1921629, 51.8808854 ], [ 0.1921017, 51.880912 ] ] } },
{ "type": "Feature", "properties": { "id": 68436, "nach": 0.42662891889635379 }, "geometry": { "type": "LineString", "coordinates": [ [ 0.1928608, 51.880802300000013 ], [ 0.1928576, 51.8808659 ] ] } },
{ "type": "Feature", "properties": { "id": 58098, "nach": 0.55873072541711799 }, "geometry": { "type": "LineString", "coordinates": [ [ 0.1669279, 51.8815908 ], [ 0.1665871, 51.8817425 ] ] } },
{ "type": "Feature", "properties": { "id": 42476, "nach": 0.45820261840799598 }, "geometry": { "type": "LineString", "coordinates": [ [ 0.1756878, 51.8853642 ], [ 0.1750933, 51.8855635 ] ] } },
{ "type": "Feature", "properties": { "id": 69416, "nach": 0.18771936351528282 }, "geometry": { "type": "LineString", "coordinates": [ [ 0.1754381, 51.8851455 ], [ 0.1756878, 51.8853642 ] ] } },
{ "type": "Feature", "properties": { "id": 65370, "nach": 0.5523004251589444 }, "geometry": { "type": "LineString", "coordinates": [ [ 0.1737994, 51.8850435 ], [ 0.1737903, 51.885007100000017 ] ] } },
{ "type": "Feature", "properties": { "id": 37540, "nach": 0.6829056090322928 }, "geometry": { "type": "LineString", "coordinates": [ [ 0.1742115, 51.8849692 ], [ 0.1737903, 51.885007100000017 ] ] } },
{ "type": "Feature", "properties": { "id": 68144, "nach": 0.67276720833209624 }, "geometry": { "type": "LineString", "coordinates": [ [ 0.173142, 51.88505450000001 ], [ 0.1736194, 51.8850196 ], [ 0.1737903, 51.885007100000017 ] ] } },
{ "type": "Feature", "properties": { "id": 65371, "nach": 0.62269024922848115 }, "geometry": { "type": "LineString", "coordinates": [ [ 0.1737994, 51.8850435 ], [ 0.1738135, 51.8851 ], [ 0.1738331, 51.8851785 ], [ 0.1738577, 51.8852324 ] ] } },
{ "type": "Feature", "properties": { "id": 65373, "nach": 0.61123690346705328 }, "geometry": { "type": "LineString", "coordinates": [ [ 0.1737994, 51.8850435 ], [ 0.1736617, 51.885056400000011 ], [ 0.173136, 51.8850878 ], [ 0.1729836, 51.885100500000014 ], [ 0.1725666, 51.8851283 ], [ 0.1717752, 51.8851725 ] ] } },
{ "type": "Feature", "properties": { "id": 70697, "nach": 0.52488860116218261 }, "geometry": { "type": "LineString", "coordinates": [ [ 0.1748033, 51.8849577 ], [ 0.1747574, 51.8849562 ], [ 0.1745871, 51.8849703 ], [ 0.1737994, 51.8850435 ] ] } },
{ "type": "Feature", "properties": { "id": 37538, "nach": 0.54917264950059441 }, "geometry": { "type": "LineString", "coordinates": [ [ 0.1742115, 51.8849692 ], [ 0.1741826, 51.8848969 ] ] } },
{ "type": "Feature", "properties": { "id": 60161, "nach": 0.6732587286228402 }, "geometry": { "type": "LineString", "coordinates": [ [ 0.1747909, 51.8849185 ], [ 0.1742115, 51.8849692 ] ] } },
{ "type": "Feature", "properties": { "id": 68143, "nach": 0.66687475521296813 }, "geometry": { "type": "LineString", "coordinates": [ [ 0.173142, 51.88505450000001 ], [ 0.1731292, 51.88499740000001 ] ] } },
{ "type": "Feature", "properties": { "id": 68145, "nach": 0.71701207055441696 }, "geometry": { "type": "LineString", "coordinates": [ [ 0.173142, 51.88505450000001 ], [ 0.1729443, 51.8850725 ], [ 0.1725278, 51.8850997 ], [ 0.1717704, 51.8851452 ] ] } },
{ "type": "Feature", "properties": { "id": 4741, "nach": 0.47897679411546268 }, "geometry": { "type": "LineString", "coordinates": [ [ 0.1735558, 51.8854224 ], [ 0.1738577, 51.8852324 ] ] } },
{ "type": "Feature", "properties": { "id": 49203, "nach": 0.60189800532364579 }, "geometry": { "type": "LineString", "coordinates": [ [ 0.1741547, 51.885424 ], [ 0.1738577, 51.8852324 ] ] } },
{ "type": "Feature", "properties": { "id": 49205, "nach": 0.47288297089099374 }, "geometry": { "type": "LineString", "coordinates": [ [ 0.1741547, 51.885424 ], [ 0.1743995, 51.8852545 ], [ 0.1743868, 51.88509280000001 ] ] } },
{ "type": "Feature", "properties": { "id": 62811, "nach": 0.57501550821796377 }, "geometry": { "type": "LineString", "coordinates": [ [ 0.1746521, 51.8857111 ], [ 0.1741547, 51.885424 ] ] } },
{ "type": "Feature", "properties": { "id": 62813, "nach": 0.53511529743998232 }, "geometry": { "type": "LineString", "coordinates": [ [ 0.1746521, 51.8857111 ], [ 0.1746768, 51.885724299999985 ], [ 0.174902099999989, 51.8858768 ] ] } },
{ "type": "Feature", "properties": { "id": 62812, "nach": 0.46969306098387653 }, "geometry": { "type": "LineString", "coordinates": [ [ 0.1746521, 51.8857111 ], [ 0.1747772, 51.8856447 ] ] } },
{ "type": "Feature", "properties": { "id": 57327, "nach": 0.50481229325184618 }, "geometry": { "type": "LineString", "coordinates": [ [ 0.1740312, 51.8838402 ], [ 0.1739622, 51.8838685 ] ] } },
{ "type": "Feature", "properties": { "id": 4754, "nach": 0.66467755589053312 }, "geometry": { "type": "LineString", "coordinates": [ [ 0.1746131, 51.8843587 ], [ 0.1739622, 51.8838685 ] ] } },
{ "type": "Feature", "properties": { "id": 30360, "nach": 0.65956321659978345 }, "geometry": { "type": "LineString", "coordinates": [ [ 0.17378, 51.8837288 ], [ 0.1739622, 51.8838685 ] ] } },
{ "type": "Feature", "properties": { "id": 57326, "nach": 0.62732484464591398 }, "geometry": { "type": "LineString", "coordinates": [ [ 0.1740312, 51.8838402 ], [ 0.1744953, 51.88365 ] ] } },
{ "type": "Feature", "properties": { "id": 57331, "nach": 0.62664303881973127 }, "geometry": { "type": "LineString", "coordinates": [ [ 0.1747644, 51.8844164 ], [ 0.1740312, 51.8838402 ] ] } },
{ "type": "Feature", "properties": { "id": 62804, "nach": 0.56824447049683491 }, "geometry": { "type": "LineString", "coordinates": [ [ 0.1732504, 51.8832223 ], [ 0.1740312, 51.8838402 ] ] } },
{ "type": "Feature", "properties": { "id": 70744, "nach": 0.51409754537853425 }, "geometry": { "type": "LineString", "coordinates": [ [ 0.1745413, 51.8843825 ], [ 0.1746131, 51.8843587 ] ] } },
{ "type": "Feature", "properties": { "id": 70754, "nach": 0.65858032744504202 }, "geometry": { "type": "LineString", "coordinates": [ [ 0.1748118, 51.8845187 ], [ 0.1746131, 51.8843587 ] ] } },
{ "type": "Feature", "properties": { "id": 30362, "nach": 0.66036726667315182 }, "geometry": { "type": "LineString", "coordinates": [ [ 0.17378, 51.8837288 ], [ 0.1736374, 51.8836194 ], [ 0.1732202, 51.8832985 ], [ 0.1731595, 51.8832534 ] ] } },
{ "type": "Feature", "properties": { "id": 30363, "nach": 0.54400711421874248 }, "geometry": { "type": "LineString", "coordinates": [ [ 0.1735739, 51.883831200000017 ], [ 0.17378, 51.8837288 ] ] } },
{ "type": "Feature", "properties": { "id": 29490, "nach": 0.56062305094000375 }, "geometry": { "type": "LineString", "coordinates": [ [ 0.1744953, 51.88365 ], [ 0.1747337, 51.8835585 ] ] } },
{ "type": "Feature", "properties": { "id": 56585, "nach": 0.47679043399169113 }, "geometry": { "type": "LineString", "coordinates": [ [ 0.1750917, 51.883392800000017 ], [ 0.1747337, 51.8835585 ] ] } },
{ "type": "Feature", "properties": { "id": 56580, "nach": 0.51347759188776321 }, "geometry": { "type": "LineString", "coordinates": [ [ 0.1752658, 51.883914799999985 ], [ 0.1748968, 51.8836029 ], [ 0.1747337, 51.8835585 ] ] } },
{ "type": "Feature", "properties": { "id": 29671, "nach": 0.62604764784919731 }, "geometry": { "type": "LineString", "coordinates": [ [ 0.1743362, 51.8834913 ], [ 0.1743709, 51.883525799999987 ], [ 0.1744953, 51.88365 ] ] } },
{ "type": "Feature", "properties": { "id": 56584, "nach": 0.46181786587874024 }, "geometry": { "type": "LineString", "coordinates": [ [ 0.1750917, 51.883392800000017 ], [ 0.1753286, 51.8832832 ] ] } },
{ "type": "Feature", "properties": { "id": 56586, "nach": 0.4506169074413886 }, "geometry": { "type": "LineString", "coordinates": [ [ 0.1750917, 51.883392800000017 ], [ 0.1755442, 51.8837956 ] ] } },
{ "type": "Feature", "properties": { "id": 56579, "nach": 0.54044466038837013 }, "geometry": { "type": "LineString", "coordinates": [ [ 0.1752658, 51.883914799999985 ], [ 0.1755144, 51.8841249 ], [ 0.1753509, 51.8841988 ], [ 0.1753155, 51.8842192 ] ] } },
{ "type": "Feature", "properties": { "id": 56582, "nach": 0.53171653727166823 }, "geometry": { "type": "LineString", "coordinates": [ [ 0.1755442, 51.8837956 ], [ 0.1752658, 51.883914799999985 ] ] } },
{ "type": "Feature", "properties": { "id": 42734, "nach": 0.52172409902296013 }, "geometry": { "type": "LineString", "coordinates": [ [ 0.173352, 51.8845004 ], [ 0.1742443, 51.8844368 ] ] } },
{ "type": "Feature", "properties": { "id": 70746, "nach": 0.52530900614768927 }, "geometry": { "type": "LineString", "coordinates": [ [ 0.1745413, 51.8843825 ], [ 0.1744094, 51.8844262 ], [ 0.1742443, 51.8844368 ] ] } },
{ "type": "Feature", "properties": { "id": 42733, "nach": 0.47473772914156437 }, "geometry": { "type": "LineString", "coordinates": [ [ 0.1739493, 51.8840922 ], [ 0.174221, 51.8843039 ], [ 0.1742443, 51.8844368 ] ] } },
{ "type": "Feature", "properties": { "id": 42736, "nach": 0.53343128640880599 }, "geometry": { "type": "LineString", "coordinates": [ [ 0.173352, 51.8845004 ], [ 0.1730871, 51.884519 ], [ 0.1727824, 51.8846592 ], [ 0.1727664, 51.8847122 ], [ 0.1728222, 51.8848014 ], [ 0.1729488, 51.88488550000001 ], [ 0.1730862, 51.884992 ], [ 0.1731292, 51.88499740000001 ] ] } },
{ "type": "Feature", "properties": { "id": 42737, "nach": 0.47913347899892172 }, "geometry": { "type": "LineString", "coordinates": [ [ 0.1729876, 51.8841806 ], [ 0.173352, 51.8845004 ] ] } },
{ "type": "Feature", "properties": { "id": 70747, "nach": 0.50284441892245202 }, "geometry": { "type": "LineString", "coordinates": [ [ 0.1747581, 51.8845381 ], [ 0.1745413, 51.8843825 ] ] } },
{ "type": "Feature", "properties": { "id": 70753, "nach": 0.62805578973918952 }, "geometry": { "type": "LineString", "coordinates": [ [ 0.1748118, 51.8845187 ], [ 0.1749219, 51.8846074 ] ] } },
{ "type": "Feature", "properties": { "id": 70756, "nach": 0.66882394370351417 }, "geometry": { "type": "LineString", "coordinates": [ [ 0.1748118, 51.8845187 ], [ 0.1747581, 51.8845381 ] ] } },
{ "type": "Feature", "properties": { "id": 70755, "nach": 0.63212174278080735 }, "geometry": { "type": "LineString", "coordinates": [ [ 0.1748118, 51.8845187 ], [ 0.1748685, 51.8844982 ] ] } },
{ "type": "Feature", "properties": { "id": 53539, "nach": 0.55358654968166821 }, "geometry": { "type": "LineString", "coordinates": [ [ 0.1723979, 51.883259599999988 ], [ 0.1724152, 51.883233 ], [ 0.172531, 51.88314 ], [ 0.1725944, 51.8831009 ], [ 0.1728496, 51.8829965 ] ] } },
{ "type": "Feature", "properties": { "id": 24022, "nach": 0.66059318955166879 }, "geometry": { "type": "LineString", "coordinates": [ [ 0.1731595, 51.8832534 ], [ 0.1730276, 51.8831543 ], [ 0.1728496, 51.8829965 ] ] } },
{ "type": "Feature", "properties": { "id": 73745, "nach": 0.65511430639017221 }, "geometry": { "type": "LineString", "coordinates": [ [ 0.1726553, 51.8827595 ], [ 0.1727379, 51.8828868 ], [ 0.1727903, 51.882937899999988 ], [ 0.1728496, 51.8829965 ] ] } },
{ "type": "Feature", "properties": { "id": 53538, "nach": 0.43119048166471852 }, "geometry": { "type": "LineString", "coordinates": [ [ 0.1723979, 51.883259599999988 ], [ 0.1723696, 51.8833499 ], [ 0.1723928, 51.8834871 ], [ 0.1724313, 51.8835989 ], [ 0.1725, 51.883779 ], [ 0.1724485, 51.8838585 ], [ 0.1719077, 51.8841128 ], [ 0.1717951, 51.8841601 ], [ 0.1715531, 51.8839609 ] ] } },
{ "type": "Feature", "properties": { "id": 53545, "nach": 0.51349698943812594 }, "geometry": { "type": "LineString", "coordinates": [ [ 0.1712064, 51.8833869 ], [ 0.1719284, 51.8831873 ], [ 0.1720625, 51.8831806 ], [ 0.1723979, 51.883259599999988 ] ] } },
{ "type": "Feature", "properties": { "id": 62803, "nach": 0.53673475329050568 }, "geometry": { "type": "LineString", "coordinates": [ [ 0.1732504, 51.8832223 ], [ 0.1731595, 51.8832534 ] ] } },
{ "type": "Feature", "properties": { "id": 85670, "nach": 0.67882189905697954 }, "geometry": { "type": "LineString", "coordinates": [ [ 0.1725902, 51.8826483 ], [ 0.1726553, 51.8827595 ] ] } },
{ "type": "Feature", "properties": { "id": 73748, "nach": 0.63180022389967627 }, "geometry": { "type": "LineString", "coordinates": [ [ 0.1727164, 51.8827475 ], [ 0.1726553, 51.8827595 ] ] } },
{ "type": "Feature", "properties": { "id": 62815, "nach": 0.44976457236593187 }, "geometry": { "type": "LineString", "coordinates": [ [ 0.1725945, 51.8821307 ], [ 0.1723301, 51.8821897 ] ] } },
{ "type": "Feature", "properties": { "id": 70669, "nach": 0.67085257061571646 }, "geometry": { "type": "LineString", "coordinates": [ [ 0.1723382, 51.8822024 ], [ 0.1723301, 51.8821897 ] ] } },
{ "type": "Feature", "properties": { "id": 62773, "nach": 0.67087174959611129 }, "geometry": { "type": "LineString", "coordinates": [ [ 0.1718759, 51.8813841 ], [ 0.1720372, 51.8817066 ], [ 0.172136, 51.8818795 ], [ 0.1722759, 51.8821008 ], [ 0.1723301, 51.8821897 ] ] } },
{ "type": "Feature", "properties": { "id": 62814, "nach": 0.5574616030457421 }, "geometry": { "type": "LineString", "coordinates": [ [ 0.1725945, 51.8821307 ], [ 0.1726812, 51.8821119 ] ] } },
{ "type": "Feature", "properties": { "id": 73750, "nach": 0.56064977985973663 }, "geometry": { "type": "LineString", "coordinates": [ [ 0.1727164, 51.8827475 ], [ 0.1725372, 51.882401700000017 ], [ 0.1725945, 51.8821307 ] ] } },
{ "type": "Feature", "properties": { "id": 82861, "nach": 0.44853905035157049 }, "geometry": { "type": "LineString", "coordinates": [ [ 0.1716471, 51.882737 ], [ 0.1716071, 51.8826629 ], [ 0.1714646, 51.8823715 ], [ 0.1723382, 51.8822024 ] ] } },
{ "type": "Feature", "properties": { "id": 86494, "nach": 0.67071034806468721 }, "geometry": { "type": "LineString", "coordinates": [ [ 0.172565, 51.8826023 ], [ 0.1725079, 51.8825022 ], [ 0.1723382, 51.8822024 ] ] } },
{ "type": "Feature", "properties": { "id": 62771, "nach": 0.68446135904987271 }, "geometry": { "type": "LineString", "coordinates": [ [ 0.1718759, 51.8813841 ], [ 0.1718572, 51.8813466 ] ] } },
{ "type": "Feature", "properties": { "id": 62772, "nach": 0.57529691429074914 }, "geometry": { "type": "LineString", "coordinates": [ [ 0.1718759, 51.8813841 ], [ 0.1720539, 51.8813508 ] ] } },
{ "type": "Feature", "properties": { "id": 4763, "nach": 0.43520028945860723 }, "geometry": { "type": "LineString", "coordinates": [ [ 0.1707978, 51.8823009 ], [ 0.1708385, 51.8823822 ] ] } },
{ "type": "Feature", "properties": { "id": 68556, "nach": 0.43590559166291049 }, "geometry": { "type": "LineString", "coordinates": [ [ 0.1706884, 51.8823127 ], [ 0.1707978, 51.8823009 ] ] } },
{ "type": "Feature", "properties": { "id": 4766, "nach": 0.51146284146344911 }, "geometry": { "type": "LineString", "coordinates": [ [ 0.1706972, 51.8816207 ], [ 0.1708127, 51.8818483 ], [ 0.1708591, 51.8819499 ], [ 0.1708228, 51.8821376 ], [ 0.1707978, 51.8823009 ] ] } },
{ "type": "Feature", "properties": { "id": 4769, "nach": 0.54697808077880217 }, "geometry": { "type": "LineString", "coordinates": [ [ 0.1705177, 51.881648 ], [ 0.1706972, 51.8816207 ] ] } },
{ "type": "Feature", "properties": { "id": 4774, "nach": 0.58859211933133904 }, "geometry": { "type": "LineString", "coordinates": [ [ 0.1718572, 51.8813466 ], [ 0.1714003, 51.8814244 ], [ 0.1712723, 51.8814464 ], [ 0.1711234, 51.881477 ], [ 0.1709896, 51.8815125 ], [ 0.1707672, 51.8815946 ], [ 0.1706972, 51.8816207 ] ] } },
{ "type": "Feature", "properties": { "id": 4770, "nach": 0.4430084166934547 }, "geometry": { "type": "LineString", "coordinates": [ [ 0.1705177, 51.881648 ], [ 0.1704314, 51.8816854 ], [ 0.1702332, 51.8817277 ], [ 0.1700267, 51.8817664 ] ] } },
{ "type": "Feature", "properties": { "id": 65908, "nach": 0.5047826809613386 }, "geometry": { "type": "LineString", "coordinates": [ [ 0.1706565, 51.8809124 ], [ 0.1705297, 51.8809388 ], [ 0.1704122, 51.8809802 ], [ 0.1703426, 51.8810512 ], [ 0.1703126, 51.8811157 ], [ 0.1703102, 51.8811794 ], [ 0.1705177, 51.881648 ] ] } },
{ "type": "Feature", "properties": { "id": 56589, "nach": 0.68760593937527825 }, "geometry": { "type": "LineString", "coordinates": [ [ 0.1717461, 51.8810976 ], [ 0.1718572, 51.8813466 ] ] } },
{ "type": "Feature", "properties": { "id": 65907, "nach": 0.42882320268014729 }, "geometry": { "type": "LineString", "coordinates": [ [ 0.1706565, 51.8809124 ], [ 0.1707723, 51.8808872 ] ] } },
{ "type": "Feature", "properties": { "id": 68555, "nach": 0.42882320268014729 }, "geometry": { "type": "LineString", "coordinates": [ [ 0.1706918, 51.8809799 ], [ 0.1706565, 51.8809124 ] ] } },
{ "type": "Feature", "properties": { "id": 56590, "nach": 0.69040438048473451 }, "geometry": { "type": "LineString", "coordinates": [ [ 0.1717461, 51.8810976 ], [ 0.1717111, 51.8810097 ] ] } },
{ "type": "Feature", "properties": { "id": 56593, "nach": 0.5422023892565685 }, "geometry": { "type": "LineString", "coordinates": [ [ 0.1715693, 51.881124 ], [ 0.1717461, 51.8810976 ] ] } },
{ "type": "Feature", "properties": { "id": 4781, "nach": 0.50374376968539225 }, "geometry": { "type": "LineString", "coordinates": [ [ 0.1745755, 51.8819819 ], [ 0.1740714, 51.8820591 ], [ 0.17394, 51.8820806 ] ] } },
{ "type": "Feature", "properties": { "id": 7892, "nach": 0.52923166160965007 }, "geometry": { "type": "LineString", "coordinates": [ [ 0.1727926, 51.8820853 ], [ 0.1728926, 51.8820723 ], [ 0.1734541, 51.8821116 ], [ 0.1737548, 51.8821041 ], [ 0.17394, 51.8820806 ] ] } },
{ "type": "Feature", "properties": { "id": 4785, "nach": 0.0 }, "geometry": { "type": "LineString", "coordinates": [ [ 0.1749303, 51.881929699999986 ], [ 0.1748626, 51.881994 ], [ 0.1747097, 51.8820643 ], [ 0.1745359, 51.8821106 ], [ 0.1743321, 51.8821222 ], [ 0.1741236, 51.8821157 ], [ 0.1740418, 51.8821058 ], [ 0.17394, 51.8820806 ] ] } },
{ "type": "Feature", "properties": { "id": 4782, "nach": 0.43146486521635424 }, "geometry": { "type": "LineString", "coordinates": [ [ 0.1749303, 51.881929699999986 ], [ 0.1745755, 51.8819819 ] ] } },
{ "type": "Feature", "properties": { "id": 45239, "nach": 0.41444976960222613 }, "geometry": { "type": "LineString", "coordinates": [ [ 0.1741981, 51.8810596 ], [ 0.1745755, 51.8819819 ] ] } },
{ "type": "Feature", "properties": { "id": 7893, "nach": 0.56539936475175989 }, "geometry": { "type": "LineString", "coordinates": [ [ 0.1727926, 51.8820853 ], [ 0.1727489, 51.8820942 ], [ 0.1726812, 51.8821119 ] ] } },
{ "type": "Feature", "properties": { "id": 56588, "nach": 0.45029947237176055 }, "geometry": { "type": "LineString", "coordinates": [ [ 0.1731252, 51.88152740000001 ], [ 0.1730957, 51.881587 ], [ 0.1731117, 51.881645399999989 ], [ 0.1731379, 51.8817315 ], [ 0.1731492, 51.8818134 ], [ 0.1731312, 51.8819087 ], [ 0.1730531, 51.8819683 ], [ 0.1728509, 51.8820473 ], [ 0.1727926, 51.8820853 ] ] } },
{ "type": "Feature", "properties": { "id": 4784, "nach": 0.0 }, "geometry": { "type": "LineString", "coordinates": [ [ 0.1749303, 51.881929699999986 ], [ 0.1751221, 51.8819203 ], [ 0.1753037, 51.8818925 ], [ 0.1754003, 51.8818511 ], [ 0.175468, 51.8817878 ], [ 0.175454, 51.8817133 ], [ 0.1754292, 51.8816852 ], [ 0.1753891, 51.88167090000001 ], [ 0.1753192, 51.8816661 ], [ 0.1752249, 51.8816741 ], [ 0.1751348, 51.8817034 ], [ 0.1750456, 51.8817837 ], [ 0.1749303, 51.881929699999986 ] ] } },
{ "type": "Feature", "properties": { "id": 62802, "nach": 0.4669515580460078 }, "geometry": { "type": "LineString", "coordinates": [ [ 0.1721581, 51.879497900000018 ], [ 0.1721983, 51.8794781 ], [ 0.1722842, 51.8794739 ], [ 0.1723877, 51.8794938 ], [ 0.1724682, 51.8795186 ], [ 0.1725148, 51.8795377 ], [ 0.1725874, 51.879572 ], [ 0.1726503, 51.8796081 ], [ 0.1726802, 51.8795934 ] ] } },
{ "type": "Feature", "properties": { "id": 87290, "nach": 0.53055770427628646 }, "geometry": { "type": "LineString", "coordinates": [ [ 0.1728376, 51.8791397 ], [ 0.1728039, 51.8791726 ], [ 0.1728031, 51.879293 ], [ 0.1728455, 51.8793035 ], [ 0.172841, 51.8794074 ], [ 0.1727055, 51.8794244 ], [ 0.1726513, 51.87943150000001 ], [ 0.1726799, 51.87951 ], [ 0.1727264, 51.8795725 ], [ 0.1726802, 51.8795934 ] ] } },
{ "type": "Feature", "properties": { "id": 31159, "nach": 0.56198443577798451 }, "geometry": { "type": "LineString", "coordinates": [ [ 0.1728998, 51.8797929 ], [ 0.1728483, 51.8797408 ], [ 0.1728004, 51.8796888 ], [ 0.1727465, 51.87963580000001 ], [ 0.1726802, 51.8795934 ] ] } },
{ "type": "Feature", "properties": { "id": 87291, "nach": 0.53985922720675039 }, "geometry": { "type": "LineString", "coordinates": [ [ 0.1728376, 51.8791397 ], [ 0.172881, 51.879116 ], [ 0.1729416, 51.87909710000001 ] ] } },
{ "type": "Feature", "properties": { "id": 87289, "nach": 0.46764702192273522 }, "geometry": { "type": "LineString", "coordinates": [ [ 0.1728376, 51.8791397 ], [ 0.1727447, 51.8790915 ] ] } },
{ "type": "Feature", "properties": { "id": 31157, "nach": 0.64916813747867208 }, "geometry": { "type": "LineString", "coordinates": [ [ 0.1728998, 51.8797929 ], [ 0.1729199, 51.8798266 ] ] } },
{ "type": "Feature", "properties": { "id": 36659, "nach": 0.65686835210723693 }, "geometry": { "type": "LineString", "coordinates": [ [ 0.1726577, 51.8803955 ], [ 0.1727478, 51.8803474 ], [ 0.172827, 51.8802886 ], [ 0.1728944, 51.8802126 ], [ 0.1729251, 51.8801587 ], [ 0.1729401, 51.8801049 ], [ 0.17295, 51.880055 ], [ 0.1729488, 51.88000730000001 ], [ 0.1729377, 51.8799537 ], [ 0.1729199, 51.8798266 ] ] } },
{ "type": "Feature", "properties": { "id": 4803, "nach": 0.69113689999062 }, "geometry": { "type": "LineString", "coordinates": [ [ 0.1739372, 51.8795737 ], [ 0.1738749, 51.8795949 ], [ 0.1738235, 51.8796123 ], [ 0.1736112, 51.8796962 ], [ 0.1735175, 51.879733899999984 ], [ 0.1732564, 51.8797721 ], [ 0.1729199, 51.8798266 ] ] } },
{ "type": "Feature", "properties": { "id": 36660, "nach": 0.6564095123892526 }, "geometry": { "type": "LineString", "coordinates": [ [ 0.1726577, 51.8803955 ], [ 0.1725303, 51.8804447 ], [ 0.1723523, 51.8804707 ] ] } },
{ "type": "Feature", "properties": { "id": 36664, "nach": 0.53983623620836541 }, "geometry": { "type": "LineString", "coordinates": [ [ 0.1725713, 51.880732 ], [ 0.1726577, 51.8807122 ], [ 0.1726824, 51.8806901 ], [ 0.172712, 51.880601 ], [ 0.1727206, 51.8804837 ], [ 0.1726886, 51.880425 ], [ 0.1726577, 51.8803955 ] ] } },
{ "type": "Feature", "properties": { "id": 4802, "nach": 0.57235515437925999 }, "geometry": { "type": "LineString", "coordinates": [ [ 0.1739372, 51.8795737 ], [ 0.173645, 51.8793897 ], [ 0.1735967, 51.8793146 ], [ 0.1735833, 51.8792387 ], [ 0.1736053, 51.879176099999988 ] ] } },
{ "type": "Feature", "properties": { "id": 4807, "nach": 0.53696610953936563 }, "geometry": { "type": "LineString", "coordinates": [ [ 0.1742628, 51.8803117 ], [ 0.1740368, 51.8797523 ], [ 0.1739995, 51.8796589 ], [ 0.1739372, 51.8795737 ] ] } },
{ "type": "Feature", "properties": { "id": 7915, "nach": 0.68704111135341994 }, "geometry": { "type": "LineString", "coordinates": [ [ 0.1742979, 51.879291500000015 ], [ 0.1741879, 51.87945160000001 ], [ 0.1741527, 51.8794892 ], [ 0.1740973, 51.879514 ], [ 0.1739372, 51.8795737 ] ] } },
{ "type": "Feature", "properties": { "id": 62776, "nach": 0.66179251627621927 }, "geometry": { "type": "LineString", "coordinates": [ [ 0.1718822, 51.8804992 ], [ 0.1718323, 51.8805011 ], [ 0.1715345, 51.8805467 ] ] } },
{ "type": "Feature", "properties": { "id": 9939, "nach": 0.67709672066605953 }, "geometry": { "type": "LineString", "coordinates": [ [ 0.1716683, 51.8808951 ], [ 0.171618, 51.8807641 ], [ 0.1715345, 51.8805467 ] ] } },
{ "type": "Feature", "properties": { "id": 62777, "nach": 0.46420306677963341 }, "geometry": { "type": "LineString", "coordinates": [ [ 0.1718822, 51.8804992 ], [ 0.1718178, 51.8804301 ], [ 0.1716595, 51.8803274 ], [ 0.1715697, 51.8801999 ] ] } },
{ "type": "Feature", "properties": { "id": 62779, "nach": 0.66151903111539423 }, "geometry": { "type": "LineString", "coordinates": [ [ 0.1720624, 51.8804941 ], [ 0.1718822, 51.8804992 ] ] } },
{ "type": "Feature", "properties": { "id": 9937, "nach": 0.6775651398651148 }, "geometry": { "type": "LineString", "coordinates": [ [ 0.1716683, 51.8808951 ], [ 0.1717111, 51.8810097 ] ] } },
{ "type": "Feature", "properties": { "id": 4799, "nach": 0.5945675570812442 }, "geometry": { "type": "LineString", "coordinates": [ [ 0.1736053, 51.879176099999988 ], [ 0.1736485, 51.879130499999981 ], [ 0.1740428, 51.8788416 ] ] } },
{ "type": "Feature", "properties": { "id": 49426, "nach": 0.66407011554638418 }, "geometry": { "type": "LineString", "coordinates": [ [ 0.173191, 51.877194 ], [ 0.1731483, 51.8773772 ], [ 0.173133, 51.877534100000013 ], [ 0.1731469, 51.8776955 ], [ 0.1731714, 51.8778322 ], [ 0.1732137, 51.8779635 ], [ 0.173266, 51.8780924 ], [ 0.1733397, 51.8782379 ], [ 0.1734258, 51.8783746 ], [ 0.173532, 51.8784993 ], [ 0.1736749, 51.8786176 ], [ 0.1738031, 51.8787073 ], [ 0.1740428, 51.8788416 ] ] } },
{ "type": "Feature", "properties": { "id": 4879, "nach": 0.65365669453207387 }, "geometry": { "type": "LineString", "coordinates": [ [ 0.1744909, 51.8790029 ], [ 0.1742609, 51.8789365 ], [ 0.1740428, 51.8788416 ] ] } },
{ "type": "Feature", "properties": { "id": 54837, "nach": 0.55983833348683376 }, "geometry": { "type": "LineString", "coordinates": [ [ 0.1729416, 51.87909710000001 ], [ 0.1730074, 51.8790837 ], [ 0.1731182, 51.8790985 ], [ 0.1732466, 51.879136 ], [ 0.1734721, 51.8791513 ], [ 0.1736053, 51.879176099999988 ] ] } },
{ "type": "Feature", "properties": { "id": 49425, "nach": 0.66175372166277169 }, "geometry": { "type": "LineString", "coordinates": [ [ 0.173191, 51.877194 ], [ 0.1732406, 51.8770622 ], [ 0.1733134, 51.8769027 ], [ 0.1733832, 51.8767811 ] ] } },
{ "type": "Feature", "properties": { "id": 49424, "nach": 0.40724184707289363 }, "geometry": { "type": "LineString", "coordinates": [ [ 0.173191, 51.877194 ], [ 0.1743497, 51.8773509 ] ] } },
{ "type": "Feature", "properties": { "id": 4880, "nach": 0.62490583742598438 }, "geometry": { "type": "LineString", "coordinates": [ [ 0.1744909, 51.8790029 ], [ 0.1746681, 51.8790366 ], [ 0.1748237, 51.87906 ], [ 0.1751661, 51.8790819 ] ] } },
{ "type": "Feature", "properties": { "id": 43512, "nach": 0.62548980890634831 }, "geometry": { "type": "LineString", "coordinates": [ [ 0.1744495, 51.8790553 ], [ 0.1744909, 51.8790029 ] ] } },
{ "type": "Feature", "properties": { "id": 87287, "nach": 0.53852859191804758 }, "geometry": { "type": "LineString", "coordinates": [ [ 0.1727865, 51.8788195 ], [ 0.1729047, 51.8790311 ], [ 0.1729416, 51.87909710000001 ] ] } },
{ "type": "Feature", "properties": { "id": 87292, "nach": 0.46119154896983067 }, "geometry": { "type": "LineString", "coordinates": [ [ 0.1743322, 51.8803097 ], [ 0.1742628, 51.8803117 ] ] } },
{ "type": "Feature", "properties": { "id": 87293, "nach": 0.46119154896983067 }, "geometry": { "type": "LineString", "coordinates": [ [ 0.1741934, 51.88033 ], [ 0.1742628, 51.8803117 ] ] } },
{ "type": "Feature", "properties": { "id": 43513, "nach": 0.5947150562454433 }, "geometry": { "type": "LineString", "coordinates": [ [ 0.1744495, 51.8790553 ], [ 0.1744282, 51.8790853 ], [ 0.1744076, 51.8791199 ], [ 0.1742979, 51.879291500000015 ] ] } },
{ "type": "Feature", "properties": { "id": 7920, "nach": 0.66714507510339227 }, "geometry": { "type": "LineString", "coordinates": [ [ 0.1751172, 51.8794225 ], [ 0.1750426, 51.8794103 ], [ 0.1747912, 51.8793702 ], [ 0.1743859, 51.87930630000001 ], [ 0.1742979, 51.879291500000015 ] ] } },
{ "type": "Feature", "properties": { "id": 43516, "nach": 0.35343810681161258 }, "geometry": { "type": "LineString", "coordinates": [ [ 0.1751441, 51.8791892 ], [ 0.1751661, 51.8790819 ] ] } },
{ "type": "Feature", "properties": { "id": 43540, "nach": 0.62418915146631149 }, "geometry": { "type": "LineString", "coordinates": [ [ 0.1762561, 51.8791115 ], [ 0.1751661, 51.8790819 ] ] } },
{ "type": "Feature", "properties": { "id": 43515, "nach": 0.57273018269786213 }, "geometry": { "type": "LineString", "coordinates": [ [ 0.1751441, 51.8791892 ], [ 0.1751172, 51.8794225 ] ] } },
{ "type": "Feature", "properties": { "id": 43517, "nach": 0.606700706302709 }, "geometry": { "type": "LineString", "coordinates": [ [ 0.1751441, 51.8791892 ], [ 0.1752126, 51.8791876 ] ] } },
{ "type": "Feature", "properties": { "id": 43518, "nach": 0.63165782562028339 }, "geometry": { "type": "LineString", "coordinates": [ [ 0.1751441, 51.8791892 ], [ 0.1750334, 51.8791824 ], [ 0.1744495, 51.8790553 ] ] } },
{ "type": "Feature", "properties": { "id": 43542, "nach": 0.55688992895388745 }, "geometry": { "type": "LineString", "coordinates": [ [ 0.1762561, 51.8791115 ], [ 0.1763494, 51.879114 ], [ 0.1769603, 51.879114299999983 ], [ 0.1773288, 51.8790994 ], [ 0.1776706, 51.87907 ], [ 0.1779757, 51.8790292 ] ] } },
{ "type": "Feature", "properties": { "id": 43543, "nach": 0.60759613985104732 }, "geometry": { "type": "LineString", "coordinates": [ [ 0.1762747, 51.8791796 ], [ 0.1762561, 51.8791115 ] ] } },
{ "type": "Feature", "properties": { "id": 68606, "nach": 0.63175128873487141 }, "geometry": { "type": "LineString", "coordinates": [ [ 0.1751455, 51.8797505 ], [ 0.1751258, 51.8796722 ] ] } },
{ "type": "Feature", "properties": { "id": 43506, "nach": 0.63129068935859378 }, "geometry": { "type": "LineString", "coordinates": [ [ 0.1752487, 51.879661600000013 ], [ 0.1751258, 51.8796722 ] ] } },
{ "type": "Feature", "properties": { "id": 43462, "nach": 0.67913852672489283 }, "geometry": { "type": "LineString", "coordinates": [ [ 0.1751169, 51.8794505 ], [ 0.1751092, 51.8795586 ], [ 0.1751258, 51.8796722 ] ] } },
{ "type": "Feature", "properties": { "id": 68608, "nach": 0.6307744107522667 }, "geometry": { "type": "LineString", "coordinates": [ [ 0.1751455, 51.8797505 ], [ 0.1751752, 51.8798686 ], [ 0.1753678, 51.8802785 ], [ 0.1754621, 51.8804504 ] ] } },
{ "type": "Feature", "properties": { "id": 68610, "nach": 0.38226143191298428 }, "geometry": { "type": "LineString", "coordinates": [ [ 0.175273, 51.879736200000011 ], [ 0.1751455, 51.8797505 ] ] } },
{ "type": "Feature", "properties": { "id": 43505, "nach": 0.6402755619142213 }, "geometry": { "type": "LineString", "coordinates": [ [ 0.1752487, 51.879661600000013 ], [ 0.1756148, 51.879649 ] ] } },
{ "type": "Feature", "properties": { "id": 68904, "nach": 0.55139659960259879 }, "geometry": { "type": "LineString", "coordinates": [ [ 0.1752406, 51.879555 ], [ 0.1752487, 51.879661600000013 ] ] } },
{ "type": "Feature", "properties": { "id": 68611, "nach": 0.47715396039522645 }, "geometry": { "type": "LineString", "coordinates": [ [ 0.175273, 51.879736200000011 ], [ 0.1752637, 51.879712400000024 ], [ 0.1752487, 51.879661600000013 ] ] } },
{ "type": "Feature", "properties": { "id": 43460, "nach": 0.68139909455755809 }, "geometry": { "type": "LineString", "coordinates": [ [ 0.1751169, 51.8794505 ], [ 0.1751172, 51.8794225 ] ] } },
{ "type": "Feature", "properties": { "id": 43463, "nach": 0.46180769910221842 }, "geometry": { "type": "LineString", "coordinates": [ [ 0.1744919, 51.8794047 ], [ 0.1751169, 51.8794505 ] ] } },
{ "type": "Feature", "properties": { "id": 56128, "nach": 0.54497350639519604 }, "geometry": { "type": "LineString", "coordinates": [ [ 0.175979, 51.8807606 ], [ 0.1756368, 51.8807637 ] ] } },
{ "type": "Feature", "properties": { "id": 4819, "nach": 0.62142314051192049 }, "geometry": { "type": "LineString", "coordinates": [ [ 0.1759313, 51.880876 ], [ 0.1759066, 51.8808723 ], [ 0.1758676, 51.8808652 ], [ 0.1758318, 51.8808538 ], [ 0.1757707, 51.8808327 ], [ 0.1757053, 51.8808051 ], [ 0.1756368, 51.8807637 ] ] } },
{ "type": "Feature", "properties": { "id": 14759, "nach": 0.63953440519497795 }, "geometry": { "type": "LineString", "coordinates": [ [ 0.1755049, 51.8805633 ], [ 0.1755946, 51.8807182 ], [ 0.1756368, 51.8807637 ] ] } },
{ "type": "Feature", "properties": { "id": 56129, "nach": 0.59508999704632415 }, "geometry": { "type": "LineString", "coordinates": [ [ 0.175979, 51.8807606 ], [ 0.176273, 51.880758100000016 ] ] } },
{ "type": "Feature", "properties": { "id": 56131, "nach": 0.55571984437913235 }, "geometry": { "type": "LineString", "coordinates": [ [ 0.1760124, 51.8808714 ], [ 0.175979, 51.8807606 ] ] } },
{ "type": "Feature", "properties": { "id": 43456, "nach": 0.6320337852665675 }, "geometry": { "type": "LineString", "coordinates": [ [ 0.1759024, 51.880942 ], [ 0.1759313, 51.880876 ] ] } },
{ "type": "Feature", "properties": { "id": 56133, "nach": 0.60567947763826513 }, "geometry": { "type": "LineString", "coordinates": [ [ 0.1760124, 51.8808714 ], [ 0.1759716, 51.8808755 ], [ 0.1759313, 51.880876 ] ] } },
{ "type": "Feature", "properties": { "id": 14758, "nach": 0.46301719205525294 }, "geometry": { "type": "LineString", "coordinates": [ [ 0.1755049, 51.8805633 ], [ 0.1749449, 51.880639900000013 ] ] } },
{ "type": "Feature", "properties": { "id": 43498, "nach": 0.62813764647726311 }, "geometry": { "type": "LineString", "coordinates": [ [ 0.1754621, 51.8804504 ], [ 0.1755049, 51.8805633 ] ] } },
{ "type": "Feature", "properties": { "id": 43454, "nach": 0.52350424038426702 }, "geometry": { "type": "LineString", "coordinates": [ [ 0.1755332, 51.880516 ], [ 0.175546, 51.8805588 ], [ 0.1755049, 51.8805633 ] ] } },
{ "type": "Feature", "properties": { "id": 43459, "nach": 0.61561807915637645 }, "geometry": { "type": "LineString", "coordinates": [ [ 0.1759024, 51.880942 ], [ 0.1759121, 51.8810023 ], [ 0.1760285, 51.881290400000012 ], [ 0.1763921, 51.881418 ], [ 0.1769407, 51.8816105 ] ] } },
{ "type": "Feature", "properties": { "id": 68945, "nach": 0.54969546895423171 }, "geometry": { "type": "LineString", "coordinates": [ [ 0.1760711, 51.880917599999989 ], [ 0.1759024, 51.880942 ] ] } },
{ "type": "Feature", "properties": { "id": 68804, "nach": 0.53696765964497783 }, "geometry": { "type": "LineString", "coordinates": [ [ 0.1755761, 51.8808279 ], [ 0.1759024, 51.880942 ] ] } },
{ "type": "Feature", "properties": { "id": 56132, "nach": 0.55405020860657539 }, "geometry": { "type": "LineString", "coordinates": [ [ 0.1760124, 51.8808714 ], [ 0.1760546, 51.880869 ], [ 0.1762133, 51.8808462 ], [ 0.1764047, 51.8808024 ], [ 0.1764381, 51.8807943 ] ] } },
{ "type": "Feature", "properties": { "id": 68923, "nach": 0.53515322192975279 }, "geometry": { "type": "LineString", "coordinates": [ [ 0.1779112, 51.8804299 ], [ 0.17782, 51.8803785 ] ] } },
{ "type": "Feature", "properties": { "id": 4825, "nach": 0.5201187641957109 }, "geometry": { "type": "LineString", "coordinates": [ [ 0.1781042, 51.8800892 ], [ 0.1779957, 51.8802286 ], [ 0.17783, 51.8803723 ], [ 0.17782, 51.8803785 ] ] } },
{ "type": "Feature", "properties": { "id": 14763, "nach": 0.56932078633612682 }, "geometry": { "type": "LineString", "coordinates": [ [ 0.1770807, 51.8806681 ], [ 0.1772706, 51.880630399999987 ], [ 0.1774352, 51.8805789 ], [ 0.1776202, 51.8805018 ], [ 0.17782, 51.8803785 ] ] } },
{ "type": "Feature", "properties": { "id": 68926, "nach": 0.6365648678786362 }, "geometry": { "type": "LineString", "coordinates": [ [ 0.1779112, 51.8804299 ], [ 0.1780048, 51.8803681 ], [ 0.1780725, 51.88027 ] ] } },
{ "type": "Feature", "properties": { "id": 68928, "nach": 0.54141379559132974 }, "geometry": { "type": "LineString", "coordinates": [ [ 0.1778197, 51.88048770000001 ], [ 0.1779112, 51.8804299 ] ] } },
{ "type": "Feature", "properties": { "id": 71287, "nach": 0.63829879018978541 }, "geometry": { "type": "LineString", "coordinates": [ [ 0.1781384, 51.8808225 ], [ 0.1780913, 51.8807074 ], [ 0.1780321, 51.8805372 ], [ 0.1780019, 51.8804911 ], [ 0.1779112, 51.8804299 ] ] } },
{ "type": "Feature", "properties": { "id": 43492, "nach": 0.6356604548932886 }, "geometry": { "type": "LineString", "coordinates": [ [ 0.1781104, 51.8800786 ], [ 0.1781042, 51.8800892 ] ] } },
{ "type": "Feature", "properties": { "id": 68651, "nach": 0.6275065754992607 }, "geometry": { "type": "LineString", "coordinates": [ [ 0.1781676, 51.8801049 ], [ 0.1781042, 51.8800892 ] ] } },
{ "type": "Feature", "properties": { "id": 14761, "nach": 0.57519391171643575 }, "geometry": { "type": "LineString", "coordinates": [ [ 0.1770807, 51.8806681 ], [ 0.176952, 51.8806892 ] ] } },
{ "type": "Feature", "properties": { "id": 77189, "nach": 0.5732913820687503 }, "geometry": { "type": "LineString", "coordinates": [ [ 0.1770648, 51.8806256 ], [ 0.1770807, 51.8806681 ] ] } },
{ "type": "Feature", "properties": { "id": 43494, "nach": 0.61122008953403939 }, "geometry": { "type": "LineString", "coordinates": [ [ 0.1781104, 51.8800786 ], [ 0.1781587, 51.8799954 ], [ 0.1781991, 51.879906 ], [ 0.1782091, 51.8798483 ], [ 0.1782158, 51.8798099 ], [ 0.1782265, 51.8797004 ] ] } },
{ "type": "Feature", "properties": { "id": 77183, "nach": 0.60966699208870423 }, "geometry": { "type": "LineString", "coordinates": [ [ 0.1780576, 51.880084400000015 ], [ 0.1781104, 51.8800786 ] ] } },
{ "type": "Feature", "properties": { "id": 68916, "nach": 0.50809938932680365 }, "geometry": { "type": "LineString", "coordinates": [ [ 0.1784051, 51.8801638 ], [ 0.1781676, 51.8801049 ] ] } },
{ "type": "Feature", "properties": { "id": 68655, "nach": 0.58210708788472043 }, "geometry": { "type": "LineString", "coordinates": [ [ 0.1782964, 51.87988570000001 ], [ 0.1781676, 51.8801049 ] ] } },
{ "type": "Feature", "properties": { "id": 68911, "nach": 0.61773034459089171 }, "geometry": { "type": "LineString", "coordinates": [ [ 0.1780725, 51.88027 ], [ 0.1781676, 51.8801049 ] ] } },
{ "type": "Feature", "properties": { "id": 56109, "nach": 0.63673383134924721 }, "geometry": { "type": "LineString", "coordinates": [ [ 0.1782254, 51.8796776 ], [ 0.1782265, 51.8797004 ] ] } },
{ "type": "Feature", "properties": { "id": 68617, "nach": 0.55966063290626633 }, "geometry": { "type": "LineString", "coordinates": [ [ 0.1782598, 51.8796971 ], [ 0.1782265, 51.8797004 ] ] } },
{ "type": "Feature", "properties": { "id": 56108, "nach": 0.6509229579846213 }, "geometry": { "type": "LineString", "coordinates": [ [ 0.1782254, 51.8796776 ], [ 0.1782063, 51.8795699 ] ] } },
{ "type": "Feature", "properties": { "id": 56114, "nach": 0.59294385577812347 }, "geometry": { "type": "LineString", "coordinates": [ [ 0.178418, 51.8796596 ], [ 0.1782254, 51.8796776 ] ] } },
{ "type": "Feature", "properties": { "id": 68619, "nach": 0.45163684412466487 }, "geometry": { "type": "LineString", "coordinates": [ [ 0.1782598, 51.8796971 ], [ 0.1784395, 51.8796807 ], [ 0.1784732, 51.8797959 ] ] } },
{ "type": "Feature", "properties": { "id": 68658, "nach": 0.54651257707054202 }, "geometry": { "type": "LineString", "coordinates": [ [ 0.1782976, 51.8798458 ], [ 0.1782598, 51.8796971 ] ] } },
{ "type": "Feature", "properties": { "id": 4848, "nach": 0.62671700644749817 }, "geometry": { "type": "LineString", "coordinates": [ [ 0.1781541, 51.8794105 ], [ 0.1782063, 51.8795699 ] ] } },
{ "type": "Feature", "properties": { "id": 43471, "nach": 0.58725240794308142 }, "geometry": { "type": "LineString", "coordinates": [ [ 0.1772429, 51.8796005 ], [ 0.1773171, 51.8795902 ], [ 0.1779007, 51.879577 ], [ 0.1782063, 51.8795699 ] ] } },
{ "type": "Feature", "properties": { "id": 43523, "nach": 0.61983719967810691 }, "geometry": { "type": "LineString", "coordinates": [ [ 0.1780482, 51.879185 ], [ 0.1781541, 51.8794105 ] ] } },
{ "type": "Feature", "properties": { "id": 68648, "nach": 0.50538494067786865 }, "geometry": { "type": "LineString", "coordinates": [ [ 0.1783238, 51.879385100000015 ], [ 0.1781541, 51.8794105 ] ] } },
{ "type": "Feature", "properties": { "id": 43473, "nach": 0.60178073515700869 }, "geometry": { "type": "LineString", "coordinates": [ [ 0.1771411, 51.8796399 ], [ 0.1772429, 51.8796005 ] ] } },
{ "type": "Feature", "properties": { "id": 43579, "nach": 0.49579906438840815 }, "geometry": { "type": "LineString", "coordinates": [ [ 0.17733, 51.8801818 ], [ 0.1773117, 51.8800674 ], [ 0.1772779, 51.8798126 ], [ 0.1772569, 51.879665599999989 ], [ 0.1772429, 51.8796005 ] ] } },
{ "type": "Feature", "properties": { "id": 43522, "nach": 0.3934230740501678 }, "geometry": { "type": "LineString", "coordinates": [ [ 0.1780482, 51.879185 ], [ 0.1779757, 51.8790292 ] ] } },
{ "type": "Feature", "properties": { "id": 19397, "nach": 0.55432071268584215 }, "geometry": { "type": "LineString", "coordinates": [ [ 0.179099, 51.8787983 ], [ 0.1786092, 51.8789059 ], [ 0.1779757, 51.8790292 ] ] } },
{ "type": "Feature", "properties": { "id": 43525, "nach": 0.61329829461902619 }, "geometry": { "type": "LineString", "coordinates": [ [ 0.1780482, 51.879185 ], [ 0.1779505, 51.8791934 ], [ 0.1773474, 51.879227 ], [ 0.1769955, 51.8792296 ], [ 0.1769161, 51.8792311 ], [ 0.1766336, 51.8791965 ], [ 0.1765061, 51.8791796 ] ] } },
{ "type": "Feature", "properties": { "id": 43528, "nach": 0.62075551969026965 }, "geometry": { "type": "LineString", "coordinates": [ [ 0.1782073, 51.8791057 ], [ 0.1781344, 51.8791821 ], [ 0.1780482, 51.879185 ] ] } },
{ "type": "Feature", "properties": { "id": 19395, "nach": 0.61703746009750027 }, "geometry": { "type": "LineString", "coordinates": [ [ 0.179099, 51.8787983 ], [ 0.1796197, 51.8786658 ] ] } },
{ "type": "Feature", "properties": { "id": 43530, "nach": 0.59107259835690207 }, "geometry": { "type": "LineString", "coordinates": [ [ 0.179146, 51.8788769 ], [ 0.179099, 51.8787983 ] ] } },
{ "type": "Feature", "properties": { "id": 43481, "nach": 0.59499471654205449 }, "geometry": { "type": "LineString", "coordinates": [ [ 0.1759948, 51.8796549 ], [ 0.1757715, 51.87968 ] ] } },
{ "type": "Feature", "properties": { "id": 68614, "nach": 0.4697939615915071 }, "geometry": { "type": "LineString", "coordinates": [ [ 0.1756268, 51.8796938 ], [ 0.1757715, 51.87968 ] ] } },
{ "type": "Feature", "properties": { "id": 43469, "nach": 0.46255176277000382 }, "geometry": { "type": "LineString", "coordinates": [ [ 0.175975, 51.8796027 ], [ 0.1758833, 51.879631300000014 ], [ 0.1757875, 51.8796741 ], [ 0.1757715, 51.87968 ] ] } },
{ "type": "Feature", "properties": { "id": 43466, "nach": 0.63463116390469143 }, "geometry": { "type": "LineString", "coordinates": [ [ 0.1756148, 51.879649 ], [ 0.1756959, 51.879651 ], [ 0.1757438, 51.8796655 ], [ 0.1757715, 51.87968 ] ] } },
{ "type": "Feature", "properties": { "id": 68604, "nach": 0.58036221119079834 }, "geometry": { "type": "LineString", "coordinates": [ [ 0.1760424, 51.880326900000014 ], [ 0.1758265, 51.8797152 ], [ 0.1757715, 51.87968 ] ] } },
{ "type": "Feature", "properties": { "id": 43479, "nach": 0.48764983241150966 }, "geometry": { "type": "LineString", "coordinates": [ [ 0.1759948, 51.8796549 ], [ 0.175975, 51.8796027 ] ] } },
{ "type": "Feature", "properties": { "id": 43552, "nach": 0.59659285539982443 }, "geometry": { "type": "LineString", "coordinates": [ [ 0.1764021, 51.879609 ], [ 0.1759948, 51.8796549 ] ] } },
{ "type": "Feature", "properties": { "id": 43485, "nach": 0.48187413995055034 }, "geometry": { "type": "LineString", "coordinates": [ [ 0.1762063, 51.8803266 ], [ 0.1761269, 51.8800239 ], [ 0.1761059, 51.8800022 ], [ 0.1760779, 51.8798927 ], [ 0.1760522, 51.879871100000017 ], [ 0.1759948, 51.8796549 ] ] } },
{ "type": "Feature", "properties": { "id": 68613, "nach": 0.46394789284739296 }, "geometry": { "type": "LineString", "coordinates": [ [ 0.1756268, 51.8796938 ], [ 0.1756148, 51.879649 ] ] } },
{ "type": "Feature", "properties": { "id": 68616, "nach": 0.40391797280641367 }, "geometry": { "type": "LineString", "coordinates": [ [ 0.1756268, 51.8796938 ], [ 0.1756368, 51.8797233 ], [ 0.1758718, 51.8803468 ] ] } },
{ "type": "Feature", "properties": { "id": 68615, "nach": 0.46150407667095478 }, "geometry": { "type": "LineString", "coordinates": [ [ 0.1756268, 51.8796938 ], [ 0.175273, 51.879736200000011 ] ] } },
{ "type": "Feature", "properties": { "id": 68900, "nach": 0.50856156652068452 }, "geometry": { "type": "LineString", "coordinates": [ [ 0.1759944, 51.879600299999986 ], [ 0.175975, 51.8796027 ] ] } },
{ "type": "Feature", "properties": { "id": 68605, "nach": 0.59249122174256874 }, "geometry": { "type": "LineString", "coordinates": [ [ 0.1760424, 51.880326900000014 ], [ 0.1761538, 51.8803166 ], [ 0.1761559, 51.8803283 ] ] } },
{ "type": "Feature", "properties": { "id": 68603, "nach": 0.45446142005378082 }, "geometry": { "type": "LineString", "coordinates": [ [ 0.1760424, 51.880326900000014 ], [ 0.1758718, 51.8803468 ] ] } },
{ "type": "Feature", "properties": { "id": 43474, "nach": 0.44758150476943359 }, "geometry": { "type": "LineString", "coordinates": [ [ 0.1771411, 51.8796399 ], [ 0.1770704, 51.87967620000002 ], [ 0.1770616, 51.8797359 ], [ 0.1771202, 51.8801932 ] ] } },
{ "type": "Feature", "properties": { "id": 43478, "nach": 0.60174662709655946 }, "geometry": { "type": "LineString", "coordinates": [ [ 0.1768013, 51.8796027 ], [ 0.177036, 51.879578500000015 ], [ 0.1771411, 51.8796399 ] ] } },
{ "type": "Feature", "properties": { "id": 43560, "nach": 0.57838141648985364 }, "geometry": { "type": "LineString", "coordinates": [ [ 0.1764381, 51.8807943 ], [ 0.176952, 51.8806892 ] ] } },
{ "type": "Feature", "properties": { "id": 68934, "nach": 0.60221642750947868 }, "geometry": { "type": "LineString", "coordinates": [ [ 0.1769775, 51.8807648 ], [ 0.176952, 51.8806892 ] ] } },
{ "type": "Feature", "properties": { "id": 43561, "nach": 0.49119202406411344 }, "geometry": { "type": "LineString", "coordinates": [ [ 0.1764381, 51.8807943 ], [ 0.1764203, 51.8807358 ] ] } },
{ "type": "Feature", "properties": { "id": 68935, "nach": 0.5692359214320668 }, "geometry": { "type": "LineString", "coordinates": [ [ 0.1769775, 51.8807648 ], [ 0.1771224, 51.880727400000012 ] ] } },
{ "type": "Feature", "properties": { "id": 68938, "nach": 0.5576776377528404 }, "geometry": { "type": "LineString", "coordinates": [ [ 0.1768173, 51.8807911 ], [ 0.1769775, 51.8807648 ] ] } },
{ "type": "Feature", "properties": { "id": 71281, "nach": 0.61053277179559406 }, "geometry": { "type": "LineString", "coordinates": [ [ 0.1772718, 51.8811372 ], [ 0.1770631, 51.8810189 ], [ 0.1769775, 51.8807648 ] ] } },
{ "type": "Feature", "properties": { "id": 77175, "nach": 0.4839585965260873 }, "geometry": { "type": "LineString", "coordinates": [ [ 0.1788848, 51.8803066 ], [ 0.17885, 51.8802174 ] ] } },
{ "type": "Feature", "properties": { "id": 77168, "nach": 0.45536340045338908 }, "geometry": { "type": "LineString", "coordinates": [ [ 0.179013, 51.8800707 ], [ 0.1790571, 51.8801892 ], [ 0.17885, 51.8802174 ] ] } },
{ "type": "Feature", "properties": { "id": 56120, "nach": 0.47809880449452397 }, "geometry": { "type": "LineString", "coordinates": [ [ 0.1784205, 51.8801675 ], [ 0.1786419, 51.8802167 ], [ 0.17885, 51.8802174 ] ] } },
{ "type": "Feature", "properties": { "id": 77174, "nach": 0.44250545432742455 }, "geometry": { "type": "LineString", "coordinates": [ [ 0.1788848, 51.8803066 ], [ 0.1789772, 51.8805431 ] ] } },
{ "type": "Feature", "properties": { "id": 77176, "nach": 0.44937893631858955 }, "geometry": { "type": "LineString", "coordinates": [ [ 0.1788848, 51.8803066 ], [ 0.178482, 51.8803608 ] ] } },
{ "type": "Feature", "properties": { "id": 77170, "nach": 0.38270572372574463 }, "geometry": { "type": "LineString", "coordinates": [ [ 0.179013, 51.8800707 ], [ 0.1786309, 51.8801234 ], [ 0.1786128, 51.88007360000001 ], [ 0.1783779, 51.8801067 ] ] } },
{ "type": "Feature", "properties": { "id": 77169, "nach": 0.4837565280131581 }, "geometry": { "type": "LineString", "coordinates": [ [ 0.179013, 51.8800707 ], [ 0.1789369, 51.8798664 ], [ 0.1789221, 51.8797745 ] ] } },
{ "type": "Feature", "properties": { "id": 68915, "nach": 0.55944046055868046 }, "geometry": { "type": "LineString", "coordinates": [ [ 0.1784051, 51.8801638 ], [ 0.1784205, 51.8801675 ] ] } },
{ "type": "Feature", "properties": { "id": 68909, "nach": 0.53952796690572924 }, "geometry": { "type": "LineString", "coordinates": [ [ 0.1784382, 51.8802233 ], [ 0.1784205, 51.8801675 ] ] } },
{ "type": "Feature", "properties": { "id": 77158, "nach": 0.48472785970968957 }, "geometry": { "type": "LineString", "coordinates": [ [ 0.1782837, 51.879289 ], [ 0.1783238, 51.879385100000015 ] ] } },
{ "type": "Feature", "properties": { "id": 4874, "nach": 0.61372784186273643 }, "geometry": { "type": "LineString", "coordinates": [ [ 0.1800832, 51.8785056 ], [ 0.1796197, 51.8786658 ] ] } },
{ "type": "Feature", "properties": { "id": 43534, "nach": 0.54613062330728934 }, "geometry": { "type": "LineString", "coordinates": [ [ 0.1796743, 51.8787333 ], [ 0.1796197, 51.8786658 ] ] } },
{ "type": "Feature", "properties": { "id": 4877, "nach": 0.59933455982826245 }, "geometry": { "type": "LineString", "coordinates": [ [ 0.1800832, 51.8785056 ], [ 0.1803747, 51.8783925 ], [ 0.180545, 51.8783148 ], [ 0.1807819, 51.8781797 ], [ 0.1810283, 51.8780123 ] ] } },
{ "type": "Feature", "properties": { "id": 7883, "nach": 0.55095260963505543 }, "geometry": { "type": "LineString", "coordinates": [ [ 0.1794321, 51.8777607 ], [ 0.1800832, 51.8785056 ] ] } },
{ "type": "Feature", "properties": { "id": 43537, "nach": 0.50672003757327178 }, "geometry": { "type": "LineString", "coordinates": [ [ 0.180174, 51.8785816 ], [ 0.1800832, 51.8785056 ] ] } },
{ "type": "Feature", "properties": { "id": 43533, "nach": 0.51016369652899374 }, "geometry": { "type": "LineString", "coordinates": [ [ 0.1796743, 51.8787333 ], [ 0.179146, 51.8788769 ] ] } },
{ "type": "Feature", "properties": { "id": 43539, "nach": 0.47474629339391244 }, "geometry": { "type": "LineString", "coordinates": [ [ 0.180174, 51.8785816 ], [ 0.1801099, 51.878597200000016 ], [ 0.1796743, 51.8787333 ] ] } },
{ "type": "Feature", "properties": { "id": 55258, "nach": 0.55413219971740846 }, "geometry": { "type": "LineString", "coordinates": [ [ 0.1799862, 51.8791297 ], [ 0.179938, 51.8790675 ], [ 0.1796743, 51.8787333 ] ] } },
{ "type": "Feature", "properties": { "id": 7909, "nach": 0.66751045847702684 }, "geometry": { "type": "LineString", "coordinates": [ [ 0.1734177, 51.87673 ], [ 0.1733832, 51.8767811 ] ] } },
{ "type": "Feature", "properties": { "id": 4857, "nach": 0.55193617838004083 }, "geometry": { "type": "LineString", "coordinates": [ [ 0.1744692, 51.8769363 ], [ 0.1742685, 51.8769178 ], [ 0.1739785, 51.8768872 ], [ 0.1735645, 51.8768179 ], [ 0.1733832, 51.8767811 ] ] } },
{ "type": "Feature", "properties": { "id": 7910, "nach": 0.66198520622752688 }, "geometry": { "type": "LineString", "coordinates": [ [ 0.1734177, 51.87673 ], [ 0.173541, 51.8765687 ], [ 0.1736037, 51.8764434 ] ] } },
{ "type": "Feature", "properties": { "id": 7911, "nach": 0.59148131040358209 }, "geometry": { "type": "LineString", "coordinates": [ [ 0.1734177, 51.87673 ], [ 0.1733461, 51.8767207 ], [ 0.1727128, 51.8766382 ], [ 0.1723484, 51.8766652 ], [ 0.1723208, 51.876739 ], [ 0.1719149, 51.87676050000001 ], [ 0.1718341, 51.87676470000001 ] ] } },
{ "type": "Feature", "properties": { "id": 4860, "nach": 0.53958657940031574 }, "geometry": { "type": "LineString", "coordinates": [ [ 0.175172, 51.8768648 ], [ 0.1748458, 51.876913800000011 ], [ 0.1744692, 51.8769363 ] ] } },
{ "type": "Feature", "properties": { "id": 49423, "nach": 0.40798267687881234 }, "geometry": { "type": "LineString", "coordinates": [ [ 0.1743497, 51.8773509 ], [ 0.1744512, 51.8770793 ], [ 0.1744692, 51.8769363 ] ] } },
{ "type": "Feature", "properties": { "id": 4912, "nach": 0.47858940036483982 }, "geometry": { "type": "LineString", "coordinates": [ [ 0.1767762, 51.876541599999989 ], [ 0.175172, 51.8768648 ] ] } },
{ "type": "Feature", "properties": { "id": 4910, "nach": 0.49292058735007066 }, "geometry": { "type": "LineString", "coordinates": [ [ 0.1783018, 51.8778682 ], [ 0.1771691, 51.8777707 ], [ 0.1752809, 51.8772673 ], [ 0.1752294, 51.8772144 ], [ 0.175172, 51.8768648 ] ] } },
{ "type": "Feature", "properties": { "id": 49422, "nach": 0.0 }, "geometry": { "type": "LineString", "coordinates": [ [ 0.1743497, 51.8773509 ], [ 0.1743231, 51.8774657 ], [ 0.1743325, 51.8775853 ], [ 0.1743624, 51.877667499999987 ], [ 0.1744141, 51.87774 ], [ 0.1745346, 51.877861 ], [ 0.1746803, 51.8779925 ], [ 0.1748111, 51.8780818 ], [ 0.1749482, 51.878166700000023 ], [ 0.1751522, 51.878257 ], [ 0.175397, 51.87831820000001 ], [ 0.1756917, 51.8783589 ], [ 0.1759884, 51.8783794 ], [ 0.1762667, 51.8783862 ], [ 0.176594, 51.8783831 ], [ 0.1769876, 51.878381 ], [ 0.1772576, 51.878378100000013 ], [ 0.1774695, 51.8783598 ], [ 0.1776576, 51.8783328 ], [ 0.1778811, 51.8782935 ], [ 0.1780652, 51.8782571 ], [ 0.1781596, 51.878224100000011 ], [ 0.1782227, 51.878179400000015 ], [ 0.1782523, 51.8780899 ], [ 0.1783018, 51.8778682 ] ] } },
{ "type": "Feature", "properties": { "id": 4914, "nach": 0.45294749968910941 }, "geometry": { "type": "LineString", "coordinates": [ [ 0.1767762, 51.876541599999989 ], [ 0.1775176, 51.8763907 ], [ 0.1776334, 51.8763691 ], [ 0.1776978, 51.876363100000013 ], [ 0.1778327, 51.876368 ], [ 0.1784395, 51.8764051 ], [ 0.1785654, 51.8764015 ], [ 0.1787009, 51.8763817 ], [ 0.178995, 51.87629290000001 ] ] } },
{ "type": "Feature", "properties": { "id": 4917, "nach": 0.3993946263996459 }, "geometry": { "type": "LineString", "coordinates": [ [ 0.1796679, 51.8770008 ], [ 0.1793514, 51.8770853 ], [ 0.1791864, 51.877118 ], [ 0.1789738, 51.8771461 ], [ 0.17873, 51.877168900000015 ], [ 0.1785105, 51.8771754 ], [ 0.1782918, 51.8771708 ], [ 0.1779749, 51.8771495 ], [ 0.1773421, 51.8770445 ], [ 0.1771499, 51.8770022 ], [ 0.177057, 51.8769585 ], [ 0.1769855, 51.876881 ], [ 0.1767762, 51.876541599999989 ] ] } },
{ "type": "Feature", "properties": { "id": 7885, "nach": 0.5099866421403717 }, "geometry": { "type": "LineString", "coordinates": [ [ 0.1794321, 51.8777607 ], [ 0.1792503, 51.877801 ], [ 0.1789544, 51.8778469 ], [ 0.1786256, 51.877866 ], [ 0.1783018, 51.8778682 ] ] } },
{ "type": "Feature", "properties": { "id": 49363, "nach": 0.57666710641525831 }, "geometry": { "type": "LineString", "coordinates": [ [ 0.1801988, 51.8748229 ], [ 0.1809594, 51.8756636 ] ] } },
{ "type": "Feature", "properties": { "id": 4870, "nach": 0.57277260372001737 }, "geometry": { "type": "LineString", "coordinates": [ [ 0.1801338, 51.8759242 ], [ 0.1809594, 51.8756636 ] ] } },
{ "type": "Feature", "properties": { "id": 4866, "nach": 0.0 }, "geometry": { "type": "LineString", "coordinates": [ [ 0.1807328, 51.8765671 ], [ 0.18187, 51.8761675 ], [ 0.1819154, 51.876144500000017 ], [ 0.1819395, 51.8760952 ], [ 0.1819301, 51.8760524 ], [ 0.181527, 51.8755903 ], [ 0.1814749, 51.87555840000001 ], [ 0.1814231, 51.875549 ], [ 0.1813457, 51.8755477 ], [ 0.1812461, 51.8755717 ], [ 0.1809594, 51.8756636 ] ] } },
{ "type": "Feature", "properties": { "id": 49372, "nach": 0.55323633725682997 }, "geometry": { "type": "LineString", "coordinates": [ [ 0.180424, 51.8747498 ], [ 0.180313, 51.8747832 ], [ 0.1801988, 51.8748229 ] ] } },
{ "type": "Feature", "properties": { "id": 63382, "nach": 0.42975123824348033 }, "geometry": { "type": "LineString", "coordinates": [ [ 0.1742886, 51.8759758 ], [ 0.1747984, 51.8759663 ], [ 0.1750506, 51.8759506 ], [ 0.175697, 51.875844600000015 ], [ 0.176157, 51.8757494 ], [ 0.1765226, 51.8756652 ], [ 0.1768212, 51.8755753 ], [ 0.1776312, 51.8753574 ], [ 0.1778337, 51.875300199999977 ], [ 0.1780041, 51.875282 ], [ 0.1782441, 51.8752679 ], [ 0.1784908, 51.8752281 ], [ 0.1788824, 51.8751255 ], [ 0.178924, 51.8751735 ], [ 0.1801988, 51.8748229 ] ] } },
{ "type": "Feature", "properties": { "id": 4868, "nach": 0.55186047648613745 }, "geometry": { "type": "LineString", "coordinates": [ [ 0.1801338, 51.8759242 ], [ 0.1807328, 51.8765671 ] ] } },
{ "type": "Feature", "properties": { "id": 4907, "nach": 0.49515582269336234 }, "geometry": { "type": "LineString", "coordinates": [ [ 0.178995, 51.87629290000001 ], [ 0.1801338, 51.8759242 ] ] } },
{ "type": "Feature", "properties": { "id": 4873, "nach": 0.55164653563605826 }, "geometry": { "type": "LineString", "coordinates": [ [ 0.1810283, 51.8780123 ], [ 0.1811964, 51.8778655 ], [ 0.1813135, 51.8777336 ], [ 0.1813714, 51.8776154 ], [ 0.1814022, 51.8774877 ], [ 0.1813934, 51.8773694 ], [ 0.1813416, 51.87724 ], [ 0.1812639, 51.8771243 ], [ 0.1807328, 51.8765671 ] ] } },
{ "type": "Feature", "properties": { "id": 4921, "nach": 0.56368515521078233 }, "geometry": { "type": "LineString", "coordinates": [ [ 0.1819557, 51.8784884 ], [ 0.1810283, 51.8780123 ] ] } },
{ "type": "Feature", "properties": { "id": 4915, "nach": 0.46397759287540696 }, "geometry": { "type": "LineString", "coordinates": [ [ 0.1796679, 51.8770008 ], [ 0.178995, 51.87629290000001 ] ] } },
{ "type": "Feature", "properties": { "id": 4923, "nach": 0.50458655178296485 }, "geometry": { "type": "LineString", "coordinates": [ [ 0.1819557, 51.8784884 ], [ 0.1818499, 51.8785983 ], [ 0.1815937, 51.8788404 ] ] } },
{ "type": "Feature", "properties": { "id": 4926, "nach": 0.50449470403704311 }, "geometry": { "type": "LineString", "coordinates": [ [ 0.1824527, 51.878191800000018 ], [ 0.1819557, 51.8784884 ] ] } },
{ "type": "Feature", "properties": { "id": 7884, "nach": 0.49039805448036372 }, "geometry": { "type": "LineString", "coordinates": [ [ 0.1794321, 51.8777607 ], [ 0.1795861, 51.8777182 ], [ 0.1797108, 51.877666 ], [ 0.1798477, 51.8775613 ], [ 0.1799289, 51.8774738 ], [ 0.1799581, 51.877377700000018 ], [ 0.1799138, 51.8772714 ], [ 0.1797898, 51.87712710000001 ], [ 0.1796679, 51.8770008 ] ] } },
{ "type": "Feature", "properties": { "id": 59791, "nach": 0.52607323981900533 }, "geometry": { "type": "LineString", "coordinates": [ [ 0.1807284, 51.8789727 ], [ 0.1805996, 51.8789023 ], [ 0.1805112, 51.8788355 ], [ 0.1802985, 51.8786787 ], [ 0.180174, 51.8785816 ] ] } },
{ "type": "Feature", "properties": { "id": 4886, "nach": 0.65445223341698466 }, "geometry": { "type": "LineString", "coordinates": [ [ 0.1736448, 51.8761614 ], [ 0.1736273, 51.8763485 ], [ 0.1736037, 51.8764434 ] ] } },
{ "type": "Feature", "properties": { "id": 4891, "nach": 0.51920810135901074 }, "geometry": { "type": "LineString", "coordinates": [ [ 0.1726075, 51.8763474 ], [ 0.17352, 51.8764348 ], [ 0.1736037, 51.8764434 ] ] } },
{ "type": "Feature", "properties": { "id": 63378, "nach": 0.6506800792877796 }, "geometry": { "type": "LineString", "coordinates": [ [ 0.1736484, 51.8759919 ], [ 0.1736448, 51.8761614 ] ] } },
{ "type": "Feature", "properties": { "id": 7906, "nach": 0.492646104486965 }, "geometry": { "type": "LineString", "coordinates": [ [ 0.1742719, 51.8762245 ], [ 0.1736448, 51.8761614 ] ] } },
{ "type": "Feature", "properties": { "id": 68529, "nach": 0.44863567835679868 }, "geometry": { "type": "LineString", "coordinates": [ [ 0.1726028, 51.8764049 ], [ 0.1726075, 51.8763474 ] ] } },
{ "type": "Feature", "properties": { "id": 54041, "nach": 0.4879831387518942 }, "geometry": { "type": "LineString", "coordinates": [ [ 0.1725103, 51.8759993 ], [ 0.172629, 51.876061099999987 ], [ 0.1726075, 51.8763474 ] ] } },
{ "type": "Feature", "properties": { "id": 63377, "nach": 0.64687087821789735 }, "geometry": { "type": "LineString", "coordinates": [ [ 0.1736484, 51.8759919 ], [ 0.1736483, 51.8759627 ] ] } },
{ "type": "Feature", "properties": { "id": 63381, "nach": 0.46238314856062762 }, "geometry": { "type": "LineString", "coordinates": [ [ 0.1742886, 51.8759758 ], [ 0.1736484, 51.8759919 ] ] } },
{ "type": "Feature", "properties": { "id": 68530, "nach": 0.45340393763127823 }, "geometry": { "type": "LineString", "coordinates": [ [ 0.1742685, 51.876289 ], [ 0.1742719, 51.8762245 ] ] } },
{ "type": "Feature", "properties": { "id": 63383, "nach": 0.35783787055466737 }, "geometry": { "type": "LineString", "coordinates": [ [ 0.1742886, 51.8759758 ], [ 0.1742854, 51.876055400000013 ], [ 0.1742719, 51.8762245 ] ] } },
{ "type": "Feature", "properties": { "id": 15507, "nach": 0.60302063376007764 }, "geometry": { "type": "LineString", "coordinates": [ [ 0.1752031, 51.8758972 ], [ 0.1749535, 51.8759269 ], [ 0.1742934, 51.8759465 ], [ 0.1736483, 51.8759627 ] ] } },
{ "type": "Feature", "properties": { "id": 15506, "nach": 0.5609858109921384 }, "geometry": { "type": "LineString", "coordinates": [ [ 0.1752031, 51.8758972 ], [ 0.1756592, 51.8758187 ], [ 0.1761178, 51.875719599999989 ], [ 0.1763901, 51.8756485 ] ] } },
{ "type": "Feature", "properties": { "id": 72033, "nach": 0.54691517600540773 }, "geometry": { "type": "LineString", "coordinates": [ [ 0.1751774, 51.875856 ], [ 0.1751855, 51.875869 ], [ 0.1752031, 51.8758972 ] ] } },
{ "type": "Feature", "properties": { "id": 54042, "nach": 0.491033941834842 }, "geometry": { "type": "LineString", "coordinates": [ [ 0.1721687, 51.8760021 ], [ 0.1725103, 51.8759993 ] ] } },
{ "type": "Feature", "properties": { "id": 68637, "nach": 0.58172504681921855 }, "geometry": { "type": "LineString", "coordinates": [ [ 0.1712698, 51.8768286 ], [ 0.1716184, 51.87679 ] ] } },
{ "type": "Feature", "properties": { "id": 68640, "nach": 0.43782522734838025 }, "geometry": { "type": "LineString", "coordinates": [ [ 0.1712698, 51.8768286 ], [ 0.1713539, 51.8771005 ] ] } },
{ "type": "Feature", "properties": { "id": 68639, "nach": 0.43874766297091256 }, "geometry": { "type": "LineString", "coordinates": [ [ 0.1712698, 51.8768286 ], [ 0.1711957, 51.8765889 ] ] } },
{ "type": "Feature", "properties": { "id": 4902, "nach": 0.0 }, "geometry": { "type": "LineString", "coordinates": [ [ 0.1718341, 51.87676470000001 ], [ 0.1718394, 51.8767854 ], [ 0.1718342, 51.8768061 ], [ 0.1718192, 51.8768248 ], [ 0.1717956, 51.8768399 ], [ 0.1717658, 51.8768498 ], [ 0.1717325, 51.8768537 ], [ 0.1716989, 51.876851199999983 ], [ 0.171668, 51.8768425 ], [ 0.1716429, 51.8768285 ], [ 0.1716258, 51.876810399999989 ], [ 0.1716184, 51.87679 ] ] } },
{ "type": "Feature", "properties": { "id": 54032, "nach": 0.58422434701212633 }, "geometry": { "type": "LineString", "coordinates": [ [ 0.1716295, 51.8767554 ], [ 0.1716203, 51.8767723 ], [ 0.1716184, 51.87679 ] ] } },
{ "type": "Feature", "properties": { "id": 54033, "nach": 0.5881739464576311 }, "geometry": { "type": "LineString", "coordinates": [ [ 0.1716295, 51.8767554 ], [ 0.1716514, 51.8767367 ], [ 0.1716821, 51.8767236 ], [ 0.1717182, 51.8767176 ], [ 0.1717554, 51.8767193 ], [ 0.1717896, 51.8767285 ], [ 0.1718169, 51.8767443 ], [ 0.1718341, 51.87676470000001 ] ] } },
{ "type": "Feature", "properties": { "id": 54034, "nach": 0.42925339057920447 }, "geometry": { "type": "LineString", "coordinates": [ [ 0.1716295, 51.8767554 ], [ 0.1715967, 51.8766703 ], [ 0.1715522, 51.8763814 ], [ 0.1720735, 51.87635010000001 ] ] } },
{ "type": "Feature", "properties": { "id": 68546, "nach": 0.42856368209192414 }, "geometry": { "type": "LineString", "coordinates": [ [ 0.1816821, 51.8788779 ], [ 0.1815937, 51.8788404 ] ] } },
{ "type": "Feature", "properties": { "id": 68547, "nach": 0.42856368209192414 }, "geometry": { "type": "LineString", "coordinates": [ [ 0.1815037, 51.8788058 ], [ 0.1815937, 51.8788404 ] ] } },
{ "type": "Feature", "properties": { "id": 19398, "nach": 0.42856368209192414 }, "geometry": { "type": "LineString", "coordinates": [ [ 0.1825323, 51.8782347 ], [ 0.1824527, 51.878191800000018 ] ] } },
{ "type": "Feature", "properties": { "id": 19399, "nach": 0.42856368209192414 }, "geometry": { "type": "LineString", "coordinates": [ [ 0.1823687, 51.8781436 ], [ 0.1824527, 51.878191800000018 ] ] } },
{ "type": "Feature", "properties": { "id": 4928, "nach": 0.4439005272105212 }, "geometry": { "type": "LineString", "coordinates": [ [ 0.1822296, 51.8749543 ], [ 0.1816865, 51.8751232 ] ] } },
{ "type": "Feature", "properties": { "id": 29520, "nach": 0.55841148596254975 }, "geometry": { "type": "LineString", "coordinates": [ [ 0.181699, 51.8743482 ], [ 0.1819813, 51.8745823 ], [ 0.1820451, 51.8746402 ], [ 0.182108, 51.8747197 ], [ 0.1822296, 51.8749543 ] ] } },
{ "type": "Feature", "properties": { "id": 19356, "nach": 0.53391430613445767 }, "geometry": { "type": "LineString", "coordinates": [ [ 0.1831808, 51.8761381 ], [ 0.1830584, 51.8760711 ], [ 0.1829858, 51.876007 ], [ 0.182628, 51.8755929 ], [ 0.1824528, 51.8753419 ], [ 0.1822296, 51.8749543 ] ] } },
{ "type": "Feature", "properties": { "id": 29519, "nach": 0.47213458779786061 }, "geometry": { "type": "LineString", "coordinates": [ [ 0.181699, 51.8743482 ], [ 0.1815972, 51.8742622 ] ] } },
{ "type": "Feature", "properties": { "id": 42850, "nach": 0.5689504548207972 }, "geometry": { "type": "LineString", "coordinates": [ [ 0.1822112, 51.8741332 ], [ 0.1819508, 51.8742425 ], [ 0.181699, 51.8743482 ] ] } },
{ "type": "Feature", "properties": { "id": 49371, "nach": 0.54050451561310398 }, "geometry": { "type": "LineString", "coordinates": [ [ 0.180424, 51.8747498 ], [ 0.180769, 51.8746458 ], [ 0.1812572, 51.8744984 ], [ 0.1814503, 51.8744328 ], [ 0.181699, 51.8743482 ] ] } },
{ "type": "Feature", "properties": { "id": 19365, "nach": 0.46365455942962414 }, "geometry": { "type": "LineString", "coordinates": [ [ 0.1835296, 51.8761547 ], [ 0.1833299, 51.8761455 ], [ 0.1831808, 51.8761381 ] ] } },
{ "type": "Feature", "properties": { "id": 19392, "nach": 0.5224781308714016 }, "geometry": { "type": "LineString", "coordinates": [ [ 0.1829871, 51.8764712 ], [ 0.1830348, 51.8764234 ], [ 0.1830974, 51.876377300000016 ], [ 0.1831153, 51.8763074 ], [ 0.1830944, 51.8762154 ], [ 0.1831272, 51.8761657 ], [ 0.1831808, 51.8761381 ] ] } },
{ "type": "Feature", "properties": { "id": 56620, "nach": 0.64869822533308286 }, "geometry": { "type": "LineString", "coordinates": [ [ 0.1816423, 51.8742456 ], [ 0.1815972, 51.8742622 ] ] } },
{ "type": "Feature", "properties": { "id": 4962, "nach": 0.65191384650720363 }, "geometry": { "type": "LineString", "coordinates": [ [ 0.1810747, 51.8744424 ], [ 0.1815972, 51.8742622 ] ] } },
{ "type": "Feature", "properties": { "id": 56621, "nach": 0.45813836193716739 }, "geometry": { "type": "LineString", "coordinates": [ [ 0.1816423, 51.8742456 ], [ 0.1814099, 51.8739897 ] ] } },
{ "type": "Feature", "properties": { "id": 4964, "nach": 0.61286897240394034 }, "geometry": { "type": "LineString", "coordinates": [ [ 0.1810747, 51.8744424 ], [ 0.1805868, 51.87389910000001 ], [ 0.1804643, 51.8737857 ] ] } },
{ "type": "Feature", "properties": { "id": 45131, "nach": 0.40236268713682255 }, "geometry": { "type": "LineString", "coordinates": [ [ 0.1872502, 51.8753277 ], [ 0.1870332, 51.8754776 ], [ 0.1867983, 51.8756383 ] ] } },
{ "type": "Feature", "properties": { "id": 68551, "nach": 0.42928140373153889 }, "geometry": { "type": "LineString", "coordinates": [ [ 0.1814467, 51.8733087 ], [ 0.1812468, 51.873309 ], [ 0.1811488, 51.8733345 ], [ 0.1811085, 51.8733715 ], [ 0.1811094, 51.8734437 ], [ 0.1810826, 51.8735739 ] ] } },
{ "type": "Feature", "properties": { "id": 68549, "nach": 0.43823396019766891 }, "geometry": { "type": "LineString", "coordinates": [ [ 0.1814467, 51.8733087 ], [ 0.1814595, 51.8733819 ] ] } },
{ "type": "Feature", "properties": { "id": 4961, "nach": 0.44369777625464718 }, "geometry": { "type": "LineString", "coordinates": [ [ 0.1807864, 51.873614 ], [ 0.1805318, 51.873695200000014 ], [ 0.180494, 51.8737291 ], [ 0.1804643, 51.8737857 ] ] } },
{ "type": "Feature", "properties": { "id": 49375, "nach": 0.60979131902367345 }, "geometry": { "type": "LineString", "coordinates": [ [ 0.1796682, 51.8740276 ], [ 0.1798224, 51.8739855 ], [ 0.1804643, 51.8737857 ] ] } },
{ "type": "Feature", "properties": { "id": 49374, "nach": 0.62190735410646869 }, "geometry": { "type": "LineString", "coordinates": [ [ 0.1796682, 51.8740276 ], [ 0.1794952, 51.8738283 ], [ 0.1794236, 51.873788 ] ] } },
{ "type": "Feature", "properties": { "id": 14900, "nach": 0.53591646378116686 }, "geometry": { "type": "LineString", "coordinates": [ [ 0.1784789, 51.8739715 ], [ 0.1787784, 51.8738186 ] ] } },
{ "type": "Feature", "properties": { "id": 45147, "nach": 0.61893080610878615 }, "geometry": { "type": "LineString", "coordinates": [ [ 0.1794236, 51.873788 ], [ 0.1793109, 51.8737544 ], [ 0.1791583, 51.8737374 ], [ 0.1790118, 51.8737485 ], [ 0.1787784, 51.8738186 ] ] } },
{ "type": "Feature", "properties": { "id": 67545, "nach": 0.59304580322785505 }, "geometry": { "type": "LineString", "coordinates": [ [ 0.1783988, 51.8734212 ], [ 0.1784301, 51.8734591 ], [ 0.1784581, 51.8734929 ], [ 0.1785674, 51.8736445 ], [ 0.1787784, 51.8738186 ] ] } },
{ "type": "Feature", "properties": { "id": 67541, "nach": 0.53634617408040652 }, "geometry": { "type": "LineString", "coordinates": [ [ 0.1784405, 51.8739904 ], [ 0.1784789, 51.8739715 ] ] } },
{ "type": "Feature", "properties": { "id": 57518, "nach": 0.42802092498469646 }, "geometry": { "type": "LineString", "coordinates": [ [ 0.1782595, 51.8744493 ], [ 0.1787131, 51.8743286 ], [ 0.1784789, 51.8739715 ] ] } },
{ "type": "Feature", "properties": { "id": 45152, "nach": 0.50946722937296762 }, "geometry": { "type": "LineString", "coordinates": [ [ 0.1795147, 51.8736533 ], [ 0.1794813, 51.8736907 ], [ 0.1794236, 51.873788 ] ] } },
{ "type": "Feature", "properties": { "id": 67546, "nach": 0.60195586793117961 }, "geometry": { "type": "LineString", "coordinates": [ [ 0.1783988, 51.8734212 ], [ 0.1782879, 51.8733371 ], [ 0.1781338, 51.8732524 ] ] } },
{ "type": "Feature", "properties": { "id": 76275, "nach": 0.57303729703841833 }, "geometry": { "type": "LineString", "coordinates": [ [ 0.1784019, 51.8734637 ], [ 0.1783988, 51.8734212 ] ] } },
{ "type": "Feature", "properties": { "id": 4972, "nach": 0.50063391877089203 }, "geometry": { "type": "LineString", "coordinates": [ [ 0.1774323, 51.8742835 ], [ 0.1768133, 51.8744455 ], [ 0.176704, 51.8744443 ] ] } },
{ "type": "Feature", "properties": { "id": 4977, "nach": 0.43276840608458106 }, "geometry": { "type": "LineString", "coordinates": [ [ 0.1762434, 51.873810400000011 ], [ 0.1766444, 51.8743988 ], [ 0.176704, 51.8744443 ] ] } },
{ "type": "Feature", "properties": { "id": 62782, "nach": 0.42068317011159312 }, "geometry": { "type": "LineString", "coordinates": [ [ 0.1762056, 51.8747304 ], [ 0.1766603, 51.87461 ], [ 0.1766529, 51.8745578 ], [ 0.176704, 51.8744443 ] ] } },
{ "type": "Feature", "properties": { "id": 14902, "nach": 0.57419847737569829 }, "geometry": { "type": "LineString", "coordinates": [ [ 0.1780108, 51.8741277 ], [ 0.1774323, 51.8742835 ] ] } },
{ "type": "Feature", "properties": { "id": 56134, "nach": 0.48145252092003643 }, "geometry": { "type": "LineString", "coordinates": [ [ 0.1775597, 51.8734507 ], [ 0.1762434, 51.873810400000011 ] ] } },
{ "type": "Feature", "properties": { "id": 62795, "nach": 0.48522346477022998 }, "geometry": { "type": "LineString", "coordinates": [ [ 0.1757363, 51.8739403 ], [ 0.1762434, 51.873810400000011 ] ] } },
{ "type": "Feature", "properties": { "id": 67543, "nach": 0.58078774627262919 }, "geometry": { "type": "LineString", "coordinates": [ [ 0.1784405, 51.8739904 ], [ 0.1783233, 51.8740428 ], [ 0.1780108, 51.8741277 ] ] } },
{ "type": "Feature", "properties": { "id": 68631, "nach": 0.43145516976746828 }, "geometry": { "type": "LineString", "coordinates": [ [ 0.1780111, 51.8737887 ], [ 0.177862, 51.8738571 ], [ 0.1780108, 51.8741277 ] ] } },
{ "type": "Feature", "properties": { "id": 62796, "nach": 0.41126357968934374 }, "geometry": { "type": "LineString", "coordinates": [ [ 0.1757363, 51.8739403 ], [ 0.1756839, 51.8739534 ] ] } },
{ "type": "Feature", "properties": { "id": 62798, "nach": 0.40734538264745751 }, "geometry": { "type": "LineString", "coordinates": [ [ 0.1755538, 51.8736757 ], [ 0.1757363, 51.8739403 ] ] } },
{ "type": "Feature", "properties": { "id": 56137, "nach": 0.42098060349065514 }, "geometry": { "type": "LineString", "coordinates": [ [ 0.1773218, 51.8731328 ], [ 0.1775597, 51.8734507 ] ] } },
{ "type": "Feature", "properties": { "id": 76274, "nach": 0.52203993554334316 }, "geometry": { "type": "LineString", "coordinates": [ [ 0.1779007, 51.8733645 ], [ 0.1778624, 51.873374900000016 ], [ 0.1775597, 51.8734507 ] ] } },
{ "type": "Feature", "properties": { "id": 42335, "nach": 0.60745085434218371 }, "geometry": { "type": "LineString", "coordinates": [ [ 0.1780692, 51.8732101 ], [ 0.1781338, 51.8732524 ] ] } },
{ "type": "Feature", "properties": { "id": 76273, "nach": 0.46458520217594285 }, "geometry": { "type": "LineString", "coordinates": [ [ 0.1779007, 51.8733645 ], [ 0.1780301, 51.873329300000016 ], [ 0.1781338, 51.8732524 ] ] } },
{ "type": "Feature", "properties": { "id": 82240, "nach": 0.60143417825995005 }, "geometry": { "type": "LineString", "coordinates": [ [ 0.1781617, 51.8731832 ], [ 0.1780692, 51.8732101 ] ] } },
{ "type": "Feature", "properties": { "id": 76271, "nach": 0.42527006234363773 }, "geometry": { "type": "LineString", "coordinates": [ [ 0.1778507, 51.8729323 ], [ 0.1779893, 51.87314 ], [ 0.178008, 51.8731632 ], [ 0.1780692, 51.8732101 ] ] } },
{ "type": "Feature", "properties": { "id": 76277, "nach": 0.50762050366631661 }, "geometry": { "type": "LineString", "coordinates": [ [ 0.1784019, 51.8734637 ], [ 0.1779007, 51.8733645 ] ] } },
{ "type": "Feature", "properties": { "id": 4986, "nach": 0.43990508906130821 }, "geometry": { "type": "LineString", "coordinates": [ [ 0.1747646, 51.8751958 ], [ 0.1744938, 51.8747639 ], [ 0.1744044, 51.8746282 ], [ 0.1743101, 51.8745385 ], [ 0.1742157, 51.8744889 ], [ 0.1740981, 51.8744494 ], [ 0.173932, 51.8744276 ], [ 0.173787, 51.8744323 ] ] } },
{ "type": "Feature", "properties": { "id": 62933, "nach": 0.45178478717038423 }, "geometry": { "type": "LineString", "coordinates": [ [ 0.1730452, 51.8746756 ], [ 0.1731702, 51.8746486 ], [ 0.1732968, 51.8746102 ], [ 0.1734464, 51.8745482 ], [ 0.1736645, 51.8744627 ], [ 0.173787, 51.8744323 ] ] } },
{ "type": "Feature", "properties": { "id": 85522, "nach": 0.32450528393270334 }, "geometry": { "type": "LineString", "coordinates": [ [ 0.1747111, 51.875255800000012 ], [ 0.1747646, 51.8751958 ] ] } },
{ "type": "Feature", "properties": { "id": 72036, "nach": 0.47169418670924462 }, "geometry": { "type": "LineString", "coordinates": [ [ 0.1750581, 51.8756653 ], [ 0.1747646, 51.8751958 ] ] } },
{ "type": "Feature", "properties": { "id": 62932, "nach": 0.47972566361595703 }, "geometry": { "type": "LineString", "coordinates": [ [ 0.1730452, 51.8746756 ], [ 0.1730158, 51.8746787 ], [ 0.1729922, 51.8746814 ] ] } },
{ "type": "Feature", "properties": { "id": 62935, "nach": 0.40180747907707959 }, "geometry": { "type": "LineString", "coordinates": [ [ 0.1732243, 51.8751572 ], [ 0.1730633, 51.8747482 ], [ 0.1730452, 51.8746756 ] ] } },
{ "type": "Feature", "properties": { "id": 85519, "nach": 0.42023221985595621 }, "geometry": { "type": "LineString", "coordinates": [ [ 0.1744469, 51.8755515 ], [ 0.1743565, 51.8756539 ] ] } },
{ "type": "Feature", "properties": { "id": 85535, "nach": 0.25435254092354292 }, "geometry": { "type": "LineString", "coordinates": [ [ 0.1745734, 51.8754104 ], [ 0.1745186, 51.8754719 ], [ 0.1744469, 51.8755515 ] ] } },
{ "type": "Feature", "properties": { "id": 85539, "nach": 0.46674978889237367 }, "geometry": { "type": "LineString", "coordinates": [ [ 0.1747184, 51.8755107 ], [ 0.1746771, 51.875509 ], [ 0.1746481, 51.8755112 ], [ 0.1746204, 51.8755183 ], [ 0.1746014, 51.8755282 ], [ 0.1745521, 51.8755868 ], [ 0.1744469, 51.8755515 ] ] } },
{ "type": "Feature", "properties": { "id": 85534, "nach": 0.29418495545938311 }, "geometry": { "type": "LineString", "coordinates": [ [ 0.1745734, 51.8754104 ], [ 0.1747111, 51.875255800000012 ] ] } },
{ "type": "Feature", "properties": { "id": 85526, "nach": 0.42487627654159887 }, "geometry": { "type": "LineString", "coordinates": [ [ 0.1748997, 51.8754891 ], [ 0.1748069, 51.875344900000016 ], [ 0.1747928, 51.8753344 ], [ 0.1747783, 51.8753279 ], [ 0.1747507, 51.8753242 ], [ 0.1747111, 51.875255800000012 ] ] } },
{ "type": "Feature", "properties": { "id": 72037, "nach": 0.57693646952741684 }, "geometry": { "type": "LineString", "coordinates": [ [ 0.1750581, 51.8756653 ], [ 0.1751774, 51.875856 ] ] } },
{ "type": "Feature", "properties": { "id": 85528, "nach": 0.55377041188701182 }, "geometry": { "type": "LineString", "coordinates": [ [ 0.1750298, 51.8756982 ], [ 0.1750581, 51.8756653 ] ] } },
{ "type": "Feature", "properties": { "id": 63385, "nach": 0.43145551220440065 }, "geometry": { "type": "LineString", "coordinates": [ [ 0.1734434, 51.8759055 ], [ 0.1734875, 51.8755537 ], [ 0.1735391, 51.8755032 ], [ 0.1735949, 51.8752829 ], [ 0.1736366, 51.8752638 ], [ 0.1739999, 51.8752432 ] ] } },
{ "type": "Feature", "properties": { "id": 68633, "nach": 0.58914673533549 }, "geometry": { "type": "LineString", "coordinates": [ [ 0.1733596, 51.8759021 ], [ 0.1734104, 51.8759038 ], [ 0.1734434, 51.8759055 ] ] } },
{ "type": "Feature", "properties": { "id": 72030, "nach": 0.55371345769925762 }, "geometry": { "type": "LineString", "coordinates": [ [ 0.1748845, 51.87586670000001 ], [ 0.1747905, 51.8758612 ], [ 0.1743333, 51.8758825 ], [ 0.1740021, 51.8758957 ], [ 0.1738452, 51.8759189 ], [ 0.1737741, 51.8759214 ], [ 0.1736011, 51.8759007 ], [ 0.1734434, 51.8759055 ] ] } },
{ "type": "Feature", "properties": { "id": 42462, "nach": 0.38722344059530922 }, "geometry": { "type": "LineString", "coordinates": [ [ 0.1707632, 51.8751356 ], [ 0.170707, 51.8751925 ] ] } },
{ "type": "Feature", "properties": { "id": 27384, "nach": 0.43595038964305555 }, "geometry": { "type": "LineString", "coordinates": [ [ 0.171724, 51.8753683 ], [ 0.1710565, 51.87562350000001 ], [ 0.1708688, 51.8754827 ], [ 0.1708436, 51.8753605 ], [ 0.1708185, 51.8752382 ], [ 0.170707, 51.8751925 ] ] } },
{ "type": "Feature", "properties": { "id": 27385, "nach": 0.47220967656704144 }, "geometry": { "type": "LineString", "coordinates": [ [ 0.171724, 51.8753683 ], [ 0.1717977, 51.8754461 ], [ 0.1721411, 51.8755786 ], [ 0.1725522, 51.8757162 ], [ 0.1726346, 51.8757318 ], [ 0.1727564, 51.875745400000021 ], [ 0.1730825, 51.8757657 ] ] } },
{ "type": "Feature", "properties": { "id": 27388, "nach": 0.27448038773288158 }, "geometry": { "type": "LineString", "coordinates": [ [ 0.1726673, 51.874952600000015 ], [ 0.1724268, 51.874955199999988 ], [ 0.1722817, 51.8749466 ], [ 0.1722204, 51.8749593 ], [ 0.1721733, 51.8749856 ], [ 0.1717239, 51.8753194 ], [ 0.171724, 51.8753683 ] ] } },
{ "type": "Feature", "properties": { "id": 82242, "nach": 0.5950777561768138 }, "geometry": { "type": "LineString", "coordinates": [ [ 0.1781617, 51.8731832 ], [ 0.178144, 51.8731557 ], [ 0.1779362, 51.8728609 ], [ 0.1780572, 51.8728238 ], [ 0.1783814, 51.8727245 ], [ 0.178399, 51.8726567 ] ] } },
{ "type": "Feature", "properties": { "id": 82243, "nach": 0.42200194571551047 }, "geometry": { "type": "LineString", "coordinates": [ [ 0.178611, 51.8729837 ], [ 0.1784869, 51.8730177 ], [ 0.1785299, 51.8730826 ], [ 0.1781617, 51.8731832 ] ] } },
{ "type": "Feature", "properties": { "id": 5196, "nach": 0.39835729570701855 }, "geometry": { "type": "LineString", "coordinates": [ [ 0.1690958, 51.8762972 ], [ 0.1690358, 51.8760546 ] ] } },
{ "type": "Feature", "properties": { "id": 40591, "nach": 0.4748771489534267 }, "geometry": { "type": "LineString", "coordinates": [ [ 0.1696577, 51.8762847 ], [ 0.1690958, 51.8762972 ] ] } },
{ "type": "Feature", "properties": { "id": 7905, "nach": 0.39876229863693147 }, "geometry": { "type": "LineString", "coordinates": [ [ 0.1691475, 51.8765061 ], [ 0.1690958, 51.8762972 ] ] } },
{ "type": "Feature", "properties": { "id": 54827, "nach": 0.53335254426332224 }, "geometry": { "type": "LineString", "coordinates": [ [ 0.169748, 51.8762706 ], [ 0.1696577, 51.8762847 ] ] } },
{ "type": "Feature", "properties": { "id": 70667, "nach": 0.47325048623057775 }, "geometry": { "type": "LineString", "coordinates": [ [ 0.1698625, 51.8767866 ], [ 0.1698304, 51.8766652 ], [ 0.1697334, 51.8765659 ], [ 0.1696577, 51.8762847 ] ] } },
{ "type": "Feature", "properties": { "id": 54832, "nach": 0.48623327744781281 }, "geometry": { "type": "LineString", "coordinates": [ [ 0.1693002, 51.8774932 ], [ 0.1692917, 51.8772454 ] ] } },
{ "type": "Feature", "properties": { "id": 54833, "nach": 0.47083819028627927 }, "geometry": { "type": "LineString", "coordinates": [ [ 0.1693002, 51.8774932 ], [ 0.1693557, 51.8791138 ], [ 0.1693, 51.8791882 ] ] } },
{ "type": "Feature", "properties": { "id": 54834, "nach": 0.48919553203995614 }, "geometry": { "type": "LineString", "coordinates": [ [ 0.1693002, 51.8774932 ], [ 0.168747, 51.8775027 ], [ 0.1680122, 51.8776274 ] ] } },
{ "type": "Feature", "properties": { "id": 68526, "nach": 0.38886517994259795 }, "geometry": { "type": "LineString", "coordinates": [ [ 0.1681435, 51.8783025 ], [ 0.1681467, 51.8783744 ] ] } },
{ "type": "Feature", "properties": { "id": 68528, "nach": 0.46438615313218601 }, "geometry": { "type": "LineString", "coordinates": [ [ 0.1681435, 51.8783025 ], [ 0.1681193, 51.877787 ], [ 0.1680836, 51.8777002 ], [ 0.1680122, 51.8776274 ] ] } },
{ "type": "Feature", "properties": { "id": 68527, "nach": 0.38886517994259795 }, "geometry": { "type": "LineString", "coordinates": [ [ 0.1681435, 51.8783025 ], [ 0.1682697, 51.8783004 ] ] } },
{ "type": "Feature", "properties": { "id": 5208, "nach": 0.61475184152715212 }, "geometry": { "type": "LineString", "coordinates": [ [ 0.1693701, 51.8800741 ], [ 0.1703145, 51.8798834 ] ] } },
{ "type": "Feature", "properties": { "id": 5204, "nach": 0.49613350874217982 }, "geometry": { "type": "LineString", "coordinates": [ [ 0.1693, 51.8791882 ], [ 0.1698907, 51.8793689 ], [ 0.1701124, 51.8794538 ], [ 0.1702218, 51.879577500000011 ], [ 0.1703145, 51.8798834 ] ] } },
{ "type": "Feature", "properties": { "id": 66942, "nach": 0.63911123027575101 }, "geometry": { "type": "LineString", "coordinates": [ [ 0.169288, 51.8800893 ], [ 0.1693701, 51.8800741 ] ] } },
{ "type": "Feature", "properties": { "id": 5214, "nach": 0.58709100911534295 }, "geometry": { "type": "LineString", "coordinates": [ [ 0.1694581, 51.8802455 ], [ 0.1693701, 51.8800741 ] ] } },
{ "type": "Feature", "properties": { "id": 66943, "nach": 0.63353668017201881 }, "geometry": { "type": "LineString", "coordinates": [ [ 0.169288, 51.8800893 ], [ 0.1692495, 51.8800992 ] ] } },
{ "type": "Feature", "properties": { "id": 16569, "nach": 0.62492661331922239 }, "geometry": { "type": "LineString", "coordinates": [ [ 0.1676047, 51.8812803 ], [ 0.1677245, 51.8812413 ], [ 0.1677867, 51.8812034 ], [ 0.1678321, 51.8811883 ], [ 0.1678781, 51.8811716 ], [ 0.1679091, 51.8811602 ], [ 0.1679233, 51.8811597 ], [ 0.1680109, 51.8811566 ], [ 0.1681608, 51.8811248 ], [ 0.1683387, 51.8810845 ], [ 0.1684938, 51.881041500000016 ], [ 0.1686466, 51.88097650000001 ], [ 0.1687732, 51.880888699999986 ], [ 0.1689178, 51.8807379 ], [ 0.1689726, 51.8806229 ], [ 0.1690064, 51.8804798 ], [ 0.1690198, 51.8804265 ], [ 0.1690683, 51.8803165 ], [ 0.1691451, 51.8802264 ], [ 0.1692495, 51.8800992 ] ] } },
{ "type": "Feature", "properties": { "id": 7904, "nach": 0.50062021581282201 }, "geometry": { "type": "LineString", "coordinates": [ [ 0.1671074, 51.8795687 ], [ 0.1673798, 51.8795442 ], [ 0.1675058, 51.8795533 ], [ 0.1678077, 51.8795998 ], [ 0.1682436, 51.8796646 ], [ 0.1684131, 51.8797557 ], [ 0.1686808, 51.8798986 ], [ 0.1688788, 51.8800052 ], [ 0.1690274, 51.880077 ], [ 0.1691727, 51.8801103 ], [ 0.1692495, 51.8800992 ] ] } },
{ "type": "Feature", "properties": { "id": 66945, "nach": 0.45992942635100437 }, "geometry": { "type": "LineString", "coordinates": [ [ 0.1692812, 51.8796747 ], [ 0.1692625, 51.87974340000001 ], [ 0.1693376, 51.8799363 ], [ 0.169288, 51.8800893 ] ] } },
{ "type": "Feature", "properties": { "id": 62818, "nach": 0.52073108314669669 }, "geometry": { "type": "LineString", "coordinates": [ [ 0.1671345, 51.881076 ], [ 0.167353, 51.8812284 ], [ 0.1675316, 51.8812612 ], [ 0.1676047, 51.8812803 ] ] } },
{ "type": "Feature", "properties": { "id": 62820, "nach": 0.57302333440338726 }, "geometry": { "type": "LineString", "coordinates": [ [ 0.1672967, 51.8814255 ], [ 0.1675132, 51.881326 ], [ 0.1676047, 51.8812803 ] ] } },
{ "type": "Feature", "properties": { "id": 16686, "nach": 0.58396753042314675 }, "geometry": { "type": "LineString", "coordinates": [ [ 0.167949, 51.8815634 ], [ 0.1678479, 51.881465 ], [ 0.1676546, 51.8813156 ], [ 0.1676047, 51.8812803 ] ] } },
{ "type": "Feature", "properties": { "id": 56596, "nach": 0.42439714439999732 }, "geometry": { "type": "LineString", "coordinates": [ [ 0.1670654, 51.8794562 ], [ 0.1671074, 51.8795687 ] ] } },
{ "type": "Feature", "properties": { "id": 70450, "nach": 0.42599833934546638 }, "geometry": { "type": "LineString", "coordinates": [ [ 0.1670124, 51.8795845 ], [ 0.1671074, 51.8795687 ] ] } },
{ "type": "Feature", "properties": { "id": 5217, "nach": 0.44677610486610986 }, "geometry": { "type": "LineString", "coordinates": [ [ 0.1697874, 51.8810054 ], [ 0.1696681, 51.8807812 ], [ 0.169688, 51.8806936 ], [ 0.1694581, 51.8802455 ] ] } },
{ "type": "Feature", "properties": { "id": 7901, "nach": 0.57898985660663449 }, "geometry": { "type": "LineString", "coordinates": [ [ 0.1717111, 51.8810097 ], [ 0.1715468, 51.8810346 ], [ 0.1694581, 51.8802455 ] ] } },
{ "type": "Feature", "properties": { "id": 54814, "nach": 0.64314565863137108 }, "geometry": { "type": "LineString", "coordinates": [ [ 0.1711072, 51.8795072 ], [ 0.1710474, 51.8793046 ], [ 0.1709998, 51.8790994 ], [ 0.170987, 51.8790125 ], [ 0.1709602, 51.8788658 ], [ 0.1709151, 51.8784019 ], [ 0.1709077, 51.8783195 ] ] } },
{ "type": "Feature", "properties": { "id": 54813, "nach": 0.46300902307917363 }, "geometry": { "type": "LineString", "coordinates": [ [ 0.1711072, 51.8795072 ], [ 0.1720178, 51.8794697 ] ] } },
{ "type": "Feature", "properties": { "id": 46026, "nach": 0.45229592587202017 }, "geometry": { "type": "LineString", "coordinates": [ [ 0.1732531, 51.880742 ], [ 0.1731767, 51.880752900000012 ], [ 0.1730926, 51.8807717 ], [ 0.1730204, 51.8807786 ], [ 0.1729413, 51.8807836 ], [ 0.1728594, 51.8807689 ], [ 0.1727854, 51.8807695 ], [ 0.1717812, 51.8809709 ], [ 0.1717111, 51.8810097 ] ] } },
{ "type": "Feature", "properties": { "id": 5440, "nach": 0.62083474998245525 }, "geometry": { "type": "LineString", "coordinates": [ [ 0.1751772, 51.884813 ], [ 0.1747909, 51.8849185 ] ] } },
{ "type": "Feature", "properties": { "id": 83629, "nach": 0.58851877280745957 }, "geometry": { "type": "LineString", "coordinates": [ [ 0.1750957, 51.8847474 ], [ 0.1751772, 51.884813 ] ] } },
{ "type": "Feature", "properties": { "id": 68136, "nach": 0.65054936050877721 }, "geometry": { "type": "LineString", "coordinates": [ [ 0.1752615, 51.884874300000014 ], [ 0.1751772, 51.884813 ] ] } },
{ "type": "Feature", "properties": { "id": 70695, "nach": 0.45731959690356166 }, "geometry": { "type": "LineString", "coordinates": [ [ 0.1748033, 51.8849577 ], [ 0.1747909, 51.8849185 ] ] } },
{ "type": "Feature", "properties": { "id": 60163, "nach": 0.6078991466460727 }, "geometry": { "type": "LineString", "coordinates": [ [ 0.1747909, 51.8849185 ], [ 0.1749074, 51.8849313 ], [ 0.1750523, 51.88494630000001 ], [ 0.17513, 51.8849615 ], [ 0.1752799, 51.8849972 ] ] } },
{ "type": "Feature", "properties": { "id": 70743, "nach": 0.5680450098266806 }, "geometry": { "type": "LineString", "coordinates": [ [ 0.1749211, 51.8847489 ], [ 0.1749077, 51.8848118 ], [ 0.1748635, 51.8848532 ], [ 0.1748071, 51.8848871 ], [ 0.1747909, 51.8849185 ] ] } },
{ "type": "Feature", "properties": { "id": 83630, "nach": 0.62781495795328757 }, "geometry": { "type": "LineString", "coordinates": [ [ 0.1750957, 51.8847474 ], [ 0.1749219, 51.8846074 ] ] } },
{ "type": "Feature", "properties": { "id": 83631, "nach": 0.52351610354833678 }, "geometry": { "type": "LineString", "coordinates": [ [ 0.1750957, 51.8847474 ], [ 0.1749211, 51.8847489 ] ] } },
{ "type": "Feature", "properties": { "id": 83632, "nach": 0.59018470134966183 }, "geometry": { "type": "LineString", "coordinates": [ [ 0.1750957, 51.8847474 ], [ 0.1751695, 51.8847348 ] ] } },
{ "type": "Feature", "properties": { "id": 68140, "nach": 0.62540215765230489 }, "geometry": { "type": "LineString", "coordinates": [ [ 0.175326, 51.8848596 ], [ 0.1752615, 51.884874300000014 ] ] } },
{ "type": "Feature", "properties": { "id": 82325, "nach": 0.59922368306860296 }, "geometry": { "type": "LineString", "coordinates": [ [ 0.1754739, 51.8850475 ], [ 0.1752946, 51.884905 ], [ 0.1752615, 51.884874300000014 ] ] } },
{ "type": "Feature", "properties": { "id": 85658, "nach": 0.51686350077018284 }, "geometry": { "type": "LineString", "coordinates": [ [ 0.1915971, 51.8829715 ], [ 0.1910536, 51.8822855 ], [ 0.1906339, 51.8817695 ], [ 0.1906098, 51.8817218 ] ] } },
{ "type": "Feature", "properties": { "id": 5479, "nach": 0.39544960658942951 }, "geometry": { "type": "LineString", "coordinates": [ [ 0.1906051, 51.8824658 ], [ 0.1908277, 51.8827207 ] ] } },
{ "type": "Feature", "properties": { "id": 5481, "nach": 0.39782358310780647 }, "geometry": { "type": "LineString", "coordinates": [ [ 0.190516, 51.882363699999985 ], [ 0.1906051, 51.8824658 ] ] } },
{ "type": "Feature", "properties": { "id": 5486, "nach": 0.47377805497095621 }, "geometry": { "type": "LineString", "coordinates": [ [ 0.1903169, 51.8830566 ], [ 0.1901187, 51.8828212 ], [ 0.1901115, 51.8826988 ], [ 0.1901866, 51.8826092 ], [ 0.1906051, 51.8824658 ] ] } },
{ "type": "Feature", "properties": { "id": 28971, "nach": 0.47013148844363106 }, "geometry": { "type": "LineString", "coordinates": [ [ 0.189502, 51.8827146 ], [ 0.189719, 51.8830323 ], [ 0.189788, 51.8832235 ], [ 0.1898973, 51.8832231 ], [ 0.1900597, 51.8831727 ], [ 0.1903169, 51.8830566 ] ] } },
{ "type": "Feature", "properties": { "id": 28970, "nach": 0.53026958605831742 }, "geometry": { "type": "LineString", "coordinates": [ [ 0.189502, 51.8827146 ], [ 0.1891438, 51.882846 ] ] } },
{ "type": "Feature", "properties": { "id": 28972, "nach": 0.53618559816011768 }, "geometry": { "type": "LineString", "coordinates": [ [ 0.189502, 51.8827146 ], [ 0.1893326, 51.8825711 ], [ 0.1891907, 51.8824211 ], [ 0.1891648, 51.8823596 ], [ 0.1890594, 51.8822488 ] ] } },
{ "type": "Feature", "properties": { "id": 7896, "nach": 0.54871614387135104 }, "geometry": { "type": "LineString", "coordinates": [ [ 0.172146, 51.8815203 ], [ 0.1723249, 51.8818303 ], [ 0.1724062, 51.8819732 ], [ 0.1724881, 51.8820287 ], [ 0.1726812, 51.8821119 ] ] } },
{ "type": "Feature", "properties": { "id": 7895, "nach": 0.55607950705087672 }, "geometry": { "type": "LineString", "coordinates": [ [ 0.172146, 51.8815203 ], [ 0.1720539, 51.8813508 ] ] } },
{ "type": "Feature", "properties": { "id": 70672, "nach": 0.45696467228696486 }, "geometry": { "type": "LineString", "coordinates": [ [ 0.1726739, 51.881414499999984 ], [ 0.1727064, 51.8814834 ], [ 0.1726149, 51.8814995 ], [ 0.1723815, 51.8814835 ], [ 0.1723307, 51.8814882 ], [ 0.172146, 51.8815203 ] ] } },
{ "type": "Feature", "properties": { "id": 70673, "nach": 0.44374040539765686 }, "geometry": { "type": "LineString", "coordinates": [ [ 0.1731218, 51.8809062 ], [ 0.173093, 51.880832400000024 ], [ 0.1725371, 51.8809204 ], [ 0.1720918, 51.8810014 ], [ 0.1720324, 51.881024200000013 ], [ 0.1719923, 51.8810683 ], [ 0.1719763, 51.8811125 ], [ 0.1719662, 51.8811628 ], [ 0.1719896, 51.8812156 ], [ 0.1720539, 51.8813508 ] ] } },
{ "type": "Feature", "properties": { "id": 72056, "nach": 0.28979456531453729 }, "geometry": { "type": "LineString", "coordinates": [ [ 0.1763597, 51.8756108 ], [ 0.1763901, 51.8756485 ] ] } },
{ "type": "Feature", "properties": { "id": 72058, "nach": 0.44431264411665095 }, "geometry": { "type": "LineString", "coordinates": [ [ 0.1763597, 51.8756108 ], [ 0.1763382, 51.875584 ], [ 0.1762887, 51.87552250000001 ] ] } },
{ "type": "Feature", "properties": { "id": 72059, "nach": 0.58394033738921625 }, "geometry": { "type": "LineString", "coordinates": [ [ 0.1763597, 51.8756108 ], [ 0.1757611, 51.8757637 ], [ 0.1754097, 51.8758307 ], [ 0.1751774, 51.875856 ] ] } },
{ "type": "Feature", "properties": { "id": 72057, "nach": 0.58453948357230712 }, "geometry": { "type": "LineString", "coordinates": [ [ 0.1763597, 51.8756108 ], [ 0.1765874, 51.8755528 ] ] } },
{ "type": "Feature", "properties": { "id": 43547, "nach": 0.46073705057233155 }, "geometry": { "type": "LineString", "coordinates": [ [ 0.1764029, 51.8793958 ], [ 0.1763792, 51.8793097 ] ] } },
{ "type": "Feature", "properties": { "id": 43549, "nach": 0.51802954375019739 }, "geometry": { "type": "LineString", "coordinates": [ [ 0.1764029, 51.8793958 ], [ 0.1763354, 51.8794021 ], [ 0.1762747, 51.8791796 ] ] } },
{ "type": "Feature", "properties": { "id": 68901, "nach": 0.46908031447201748 }, "geometry": { "type": "LineString", "coordinates": [ [ 0.1759944, 51.879600299999986 ], [ 0.1764441, 51.879545 ], [ 0.1764029, 51.8793958 ] ] } },
{ "type": "Feature", "properties": { "id": 59790, "nach": 0.51287656229161938 }, "geometry": { "type": "LineString", "coordinates": [ [ 0.1807284, 51.8789727 ], [ 0.180699, 51.8789837 ], [ 0.1806035, 51.8790572 ], [ 0.1807272, 51.879156 ], [ 0.1808014, 51.879185 ], [ 0.1808415, 51.8790676 ], [ 0.1808648, 51.8790507 ] ] } },
{ "type": "Feature", "properties": { "id": 10378, "nach": 0.51747426690712073 }, "geometry": { "type": "LineString", "coordinates": [ [ 0.1811929, 51.8792221 ], [ 0.1808648, 51.8790507 ] ] } },
{ "type": "Feature", "properties": { "id": 14749, "nach": 0.5971983046224143 }, "geometry": { "type": "LineString", "coordinates": [ [ 0.1806364, 51.8795498 ], [ 0.1808938, 51.87940170000001 ], [ 0.1811929, 51.8792221 ] ] } },
{ "type": "Feature", "properties": { "id": 59793, "nach": 0.60894944912605187 }, "geometry": { "type": "LineString", "coordinates": [ [ 0.1817097, 51.879482400000015 ], [ 0.1816067, 51.8794326 ], [ 0.1811929, 51.8792221 ] ] } },
{ "type": "Feature", "properties": { "id": 14752, "nach": 0.48734821357320546 }, "geometry": { "type": "LineString", "coordinates": [ [ 0.1803321, 51.8797594 ], [ 0.1806105, 51.8795927 ], [ 0.180632, 51.8795647 ], [ 0.1806364, 51.8795498 ] ] } },
{ "type": "Feature", "properties": { "id": 68629, "nach": 0.60357956716840433 }, "geometry": { "type": "LineString", "coordinates": [ [ 0.1801524, 51.8792839 ], [ 0.1804195, 51.879394 ], [ 0.1806259, 51.87952270000001 ], [ 0.1806364, 51.8795498 ] ] } },
{ "type": "Feature", "properties": { "id": 59794, "nach": 0.60530697282602952 }, "geometry": { "type": "LineString", "coordinates": [ [ 0.1817097, 51.879482400000015 ], [ 0.1818384, 51.8795511 ], [ 0.1818552, 51.8795543 ] ] } },
{ "type": "Feature", "properties": { "id": 59795, "nach": 0.44364087173963396 }, "geometry": { "type": "LineString", "coordinates": [ [ 0.1817097, 51.879482400000015 ], [ 0.1816847, 51.8795011 ], [ 0.1815719, 51.8795854 ] ] } },
{ "type": "Feature", "properties": { "id": 14847, "nach": 0.55013911284353645 }, "geometry": { "type": "LineString", "coordinates": [ [ 0.1801635, 51.8798558 ], [ 0.1803321, 51.8797594 ] ] } },
{ "type": "Feature", "properties": { "id": 14755, "nach": 0.55300053495321522 }, "geometry": { "type": "LineString", "coordinates": [ [ 0.1808376, 51.8800654 ], [ 0.180667, 51.8799557 ], [ 0.1805444, 51.879892300000016 ], [ 0.1804082, 51.879807 ], [ 0.1803321, 51.8797594 ] ] } },
{ "type": "Feature", "properties": { "id": 68627, "nach": 0.60996664265691403 }, "geometry": { "type": "LineString", "coordinates": [ [ 0.1801524, 51.8792839 ], [ 0.1801115, 51.8792634 ] ] } },
{ "type": "Feature", "properties": { "id": 68630, "nach": 0.44396001709025884 }, "geometry": { "type": "LineString", "coordinates": [ [ 0.1803864, 51.879144799999985 ], [ 0.1801524, 51.8792839 ] ] } },
{ "type": "Feature", "properties": { "id": 55261, "nach": 0.55436526344533699 }, "geometry": { "type": "LineString", "coordinates": [ [ 0.1794171, 51.8793777 ], [ 0.1801635, 51.8798558 ] ] } },
{ "type": "Feature", "properties": { "id": 68890, "nach": 0.44130618262490806 }, "geometry": { "type": "LineString", "coordinates": [ [ 0.1800151, 51.8800129 ], [ 0.1801117, 51.8799525 ], [ 0.180107, 51.879914400000011 ], [ 0.1801635, 51.8798558 ] ] } },
{ "type": "Feature", "properties": { "id": 71291, "nach": 0.54712654960221319 }, "geometry": { "type": "LineString", "coordinates": [ [ 0.1807624, 51.8801305 ], [ 0.1808376, 51.8800654 ] ] } },
{ "type": "Feature", "properties": { "id": 77166, "nach": 0.5133629552733755 }, "geometry": { "type": "LineString", "coordinates": [ [ 0.1810561, 51.8798611 ], [ 0.1811214, 51.8799097 ], [ 0.1808376, 51.8800654 ] ] } },
{ "type": "Feature", "properties": { "id": 71292, "nach": 0.44086734789251653 }, "geometry": { "type": "LineString", "coordinates": [ [ 0.1807624, 51.8801305 ], [ 0.1807248, 51.880163 ], [ 0.180584, 51.8802509 ], [ 0.1804952, 51.8802673 ] ] } },
{ "type": "Feature", "properties": { "id": 71296, "nach": 0.54478722861062456 }, "geometry": { "type": "LineString", "coordinates": [ [ 0.1809786, 51.880264400000016 ], [ 0.1807971, 51.880152 ], [ 0.1807624, 51.8801305 ] ] } },
{ "type": "Feature", "properties": { "id": 77164, "nach": 0.43670723664563277 }, "geometry": { "type": "LineString", "coordinates": [ [ 0.1810561, 51.8798611 ], [ 0.1809349, 51.8797711 ] ] } },
{ "type": "Feature", "properties": { "id": 77167, "nach": 0.43542368211143662 }, "geometry": { "type": "LineString", "coordinates": [ [ 0.1813061, 51.879728 ], [ 0.1810561, 51.8798611 ] ] } },
{ "type": "Feature", "properties": { "id": 43501, "nach": 0.44699730161541978 }, "geometry": { "type": "LineString", "coordinates": [ [ 0.1755145, 51.8804419 ], [ 0.1754621, 51.8804504 ] ] } },
{ "type": "Feature", "properties": { "id": 43453, "nach": 0.44574747786011348 }, "geometry": { "type": "LineString", "coordinates": [ [ 0.1755332, 51.880516 ], [ 0.1761867, 51.8804398 ] ] } },
{ "type": "Feature", "properties": { "id": 43504, "nach": 0.50857895232405681 }, "geometry": { "type": "LineString", "coordinates": [ [ 0.1755145, 51.8804419 ], [ 0.175515, 51.8804432 ], [ 0.1755332, 51.880516 ] ] } },
{ "type": "Feature", "properties": { "id": 77191, "nach": 0.55425741039346921 }, "geometry": { "type": "LineString", "coordinates": [ [ 0.1770648, 51.8806256 ], [ 0.1764203, 51.8807358 ] ] } },
{ "type": "Feature", "properties": { "id": 77190, "nach": 0.46294216219806539 }, "geometry": { "type": "LineString", "coordinates": [ [ 0.1770648, 51.8806256 ], [ 0.177028, 51.8805278 ] ] } },
{ "type": "Feature", "properties": { "id": 77192, "nach": 0.54250572349200077 }, "geometry": { "type": "LineString", "coordinates": [ [ 0.1770648, 51.8806256 ], [ 0.1771151, 51.8806179 ], [ 0.1777213, 51.880374499999988 ] ] } },
{ "type": "Feature", "properties": { "id": 68941, "nach": 0.45896916479785638 }, "geometry": { "type": "LineString", "coordinates": [ [ 0.1764163, 51.8808564 ], [ 0.176546, 51.8812336 ] ] } },
{ "type": "Feature", "properties": { "id": 68942, "nach": 0.54113690722253061 }, "geometry": { "type": "LineString", "coordinates": [ [ 0.1764163, 51.8808564 ], [ 0.1768173, 51.8807911 ] ] } },
{ "type": "Feature", "properties": { "id": 68944, "nach": 0.53174818215987241 }, "geometry": { "type": "LineString", "coordinates": [ [ 0.1760711, 51.880917599999989 ], [ 0.1764163, 51.8808564 ] ] } },
{ "type": "Feature", "properties": { "id": 14843, "nach": 0.44224617648141523 }, "geometry": { "type": "LineString", "coordinates": [ [ 0.1797579, 51.8794391 ], [ 0.1801115, 51.8792634 ] ] } },
{ "type": "Feature", "properties": { "id": 55257, "nach": 0.61567509922348718 }, "geometry": { "type": "LineString", "coordinates": [ [ 0.1799862, 51.8791297 ], [ 0.1800203, 51.8791754 ], [ 0.1800586, 51.879221900000012 ], [ 0.1801115, 51.8792634 ] ] } },
{ "type": "Feature", "properties": { "id": 55262, "nach": 0.58424972535239195 }, "geometry": { "type": "LineString", "coordinates": [ [ 0.1794171, 51.8793777 ], [ 0.1797959, 51.879159 ], [ 0.1799239, 51.8791193 ], [ 0.1799415, 51.8791422 ], [ 0.1799862, 51.8791297 ] ] } },
{ "type": "Feature", "properties": { "id": 68642, "nach": 0.62295550015224033 }, "geometry": { "type": "LineString", "coordinates": [ [ 0.1794043, 51.879318199999986 ], [ 0.1794171, 51.8793777 ] ] } },
{ "type": "Feature", "properties": { "id": 76276, "nach": 0.55030891516759783 }, "geometry": { "type": "LineString", "coordinates": [ [ 0.1784019, 51.8734637 ], [ 0.1784405, 51.8739904 ] ] } },
{ "type": "Feature", "properties": { "id": 72034, "nach": 0.51800714184501684 }, "geometry": { "type": "LineString", "coordinates": [ [ 0.1751774, 51.875856 ], [ 0.175083, 51.87587340000001 ], [ 0.1748845, 51.87586670000001 ] ] } },
{ "type": "Feature", "properties": { "id": 28964, "nach": 0.51675159512087587 }, "geometry": { "type": "LineString", "coordinates": [ [ 0.1890594, 51.8822488 ], [ 0.188694799999988, 51.882329 ] ] } },
{ "type": "Feature", "properties": { "id": 62565, "nach": 0.41020955057375291 }, "geometry": { "type": "LineString", "coordinates": [ [ 0.1887391, 51.8824543 ], [ 0.188694799999988, 51.882329 ] ] } },
{ "type": "Feature", "properties": { "id": 16335, "nach": 0.48955880626688525 }, "geometry": { "type": "LineString", "coordinates": [ [ 0.1855942, 51.8825009 ], [ 0.1859201, 51.8825175 ], [ 0.1876382, 51.8824899 ], [ 0.1878792, 51.8824681 ], [ 0.1881971, 51.882412 ], [ 0.188694799999988, 51.882329 ] ] } },
{ "type": "Feature", "properties": { "id": 59283, "nach": 0.54094970953301658 }, "geometry": { "type": "LineString", "coordinates": [ [ 0.1891433, 51.8822245 ], [ 0.1890594, 51.8822488 ] ] } },
{ "type": "Feature", "properties": { "id": 28014, "nach": 0.47154543404910171 }, "geometry": { "type": "LineString", "coordinates": [ [ 0.1850572, 51.8820062 ], [ 0.1852458, 51.8822624 ], [ 0.1853563, 51.8824064 ], [ 0.1855312, 51.88247590000001 ], [ 0.1855942, 51.8825009 ] ] } },
{ "type": "Feature", "properties": { "id": 16341, "nach": 0.52033735786807955 }, "geometry": { "type": "LineString", "coordinates": [ [ 0.1853513, 51.882562900000011 ], [ 0.1855068, 51.8825232 ], [ 0.1855942, 51.8825009 ] ] } },
{ "type": "Feature", "properties": { "id": 16603, "nach": 0.0 }, "geometry": { "type": "LineString", "coordinates": [ [ 0.186189, 51.8804537 ], [ 0.1865447, 51.8809566 ], [ 0.1865098, 51.881016 ], [ 0.1863491, 51.8811051 ], [ 0.1853711, 51.8816475 ], [ 0.1853022, 51.8817351 ], [ 0.1853158, 51.881841300000012 ], [ 0.1855321, 51.8819851 ], [ 0.1856787, 51.882190400000013 ], [ 0.1856922, 51.8823901 ], [ 0.1855942, 51.8825009 ] ] } },
{ "type": "Feature", "properties": { "id": 28015, "nach": 0.36344153678991636 }, "geometry": { "type": "LineString", "coordinates": [ [ 0.1850572, 51.8820062 ], [ 0.1850616, 51.881951599999987 ], [ 0.1850003, 51.8818304 ], [ 0.1851012, 51.8816845 ], [ 0.1851655, 51.8815978 ], [ 0.185344, 51.8814363 ], [ 0.1857246, 51.8812771 ], [ 0.1857575, 51.8811891 ], [ 0.1857983, 51.8810801 ], [ 0.186007, 51.8809285 ], [ 0.1860684, 51.8807921 ], [ 0.1861046, 51.88055 ], [ 0.186189, 51.8804537 ] ] } },
{ "type": "Feature", "properties": { "id": 29396, "nach": 0.44049225004949027 }, "geometry": { "type": "LineString", "coordinates": [ [ 0.18486, 51.8800558 ], [ 0.1848458, 51.880356 ], [ 0.1848034, 51.880689 ], [ 0.1846609, 51.8809695 ], [ 0.1846879, 51.8810956 ], [ 0.1846417, 51.8812597 ], [ 0.1844953, 51.8814023 ], [ 0.1844645, 51.8815379 ], [ 0.1844683, 51.8816354 ], [ 0.1844067, 51.8817709 ], [ 0.184511, 51.8818357 ], [ 0.1846739, 51.8818891 ], [ 0.1848461, 51.8819374 ], [ 0.1850572, 51.8820062 ] ] } },
{ "type": "Feature", "properties": { "id": 80654, "nach": 0.5349573750298906 }, "geometry": { "type": "LineString", "coordinates": [ [ 0.1833605, 51.883016199999986 ], [ 0.1836389, 51.8829537 ], [ 0.1853513, 51.882562900000011 ] ] } },
{ "type": "Feature", "properties": { "id": 29346, "nach": 0.51549401880873646 }, "geometry": { "type": "LineString", "coordinates": [ [ 0.186729, 51.8842926 ], [ 0.185479, 51.8833999 ], [ 0.1853513, 51.882562900000011 ] ] } },
{ "type": "Feature", "properties": { "id": 28032, "nach": 0.51517099832407409 }, "geometry": { "type": "LineString", "coordinates": [ [ 0.1888566, 51.880512 ], [ 0.1885962, 51.8804757 ], [ 0.1882705, 51.8804344 ], [ 0.1880366, 51.8804246 ], [ 0.1878036, 51.8804275 ], [ 0.1869703, 51.8804506 ], [ 0.1865949, 51.8804601 ], [ 0.1863654, 51.8804358 ], [ 0.1862672, 51.880444600000011 ], [ 0.186189, 51.8804537 ] ] } },
{ "type": "Feature", "properties": { "id": 29392, "nach": 0.0 }, "geometry": { "type": "LineString", "coordinates": [ [ 0.1859244, 51.8793858 ], [ 0.185882, 51.8794952 ], [ 0.1859398, 51.8796236 ], [ 0.1859167, 51.8797735 ], [ 0.1858474, 51.8798876 ], [ 0.1858859, 51.8800326 ], [ 0.1858474, 51.8801515 ], [ 0.1859206, 51.8803014 ], [ 0.186189, 51.8804537 ] ] } },
{ "type": "Feature", "properties": { "id": 71274, "nach": 0.4286149833152989 }, "geometry": { "type": "LineString", "coordinates": [ [ 0.1860538, 51.8793918 ], [ 0.1860544, 51.8798369 ], [ 0.1860855, 51.8801461 ], [ 0.186189, 51.8804537 ] ] } },
{ "type": "Feature", "properties": { "id": 29397, "nach": 0.50573625159857571 }, "geometry": { "type": "LineString", "coordinates": [ [ 0.18486, 51.8800558 ], [ 0.1850756, 51.880114699999986 ], [ 0.1855147, 51.8802694 ], [ 0.186046, 51.8804563 ], [ 0.186189, 51.8804537 ] ] } },
{ "type": "Feature", "properties": { "id": 80655, "nach": 0.37358476201470109 }, "geometry": { "type": "LineString", "coordinates": [ [ 0.1833605, 51.883016199999986 ], [ 0.18328, 51.8830872 ], [ 0.1832384, 51.883107099999989 ], [ 0.1832049, 51.8831146 ] ] } },
{ "type": "Feature", "properties": { "id": 29352, "nach": 0.32816973374722958 }, "geometry": { "type": "LineString", "coordinates": [ [ 0.1827191, 51.8864368 ], [ 0.1837674, 51.8858947 ], [ 0.1840298, 51.885820400000014 ], [ 0.1845384, 51.8855907 ], [ 0.1854045, 51.8851329 ], [ 0.1863308, 51.884590900000013 ], [ 0.1865096, 51.8844698 ], [ 0.1866031, 51.8843774 ], [ 0.186729, 51.8842926 ] ] } },
{ "type": "Feature", "properties": { "id": 29349, "nach": 0.5250635193436034 }, "geometry": { "type": "LineString", "coordinates": [ [ 0.1871482, 51.8845285 ], [ 0.1868411, 51.884382 ], [ 0.186729, 51.8842926 ] ] } },
{ "type": "Feature", "properties": { "id": 82067, "nach": 0.50997856862389279 }, "geometry": { "type": "LineString", "coordinates": [ [ 0.1663288, 51.8805142 ], [ 0.1671345, 51.881076 ] ] } },
{ "type": "Feature", "properties": { "id": 62822, "nach": 0.42422841458566712 }, "geometry": { "type": "LineString", "coordinates": [ [ 0.1672967, 51.8814255 ], [ 0.1672748, 51.8813783 ], [ 0.1671345, 51.881076 ] ] } },
{ "type": "Feature", "properties": { "id": 62821, "nach": 0.58254923071180609 }, "geometry": { "type": "LineString", "coordinates": [ [ 0.1672967, 51.8814255 ], [ 0.1672842, 51.8814313 ], [ 0.1672283, 51.881457 ] ] } },
{ "type": "Feature", "properties": { "id": 16684, "nach": 0.58830962199088743 }, "geometry": { "type": "LineString", "coordinates": [ [ 0.167949, 51.8815634 ], [ 0.1680115, 51.88164050000001 ] ] } },
{ "type": "Feature", "properties": { "id": 58096, "nach": 0.29705376151511492 }, "geometry": { "type": "LineString", "coordinates": [ [ 0.1673681, 51.8814603 ], [ 0.1674271, 51.8814504 ], [ 0.1675398, 51.8815509 ], [ 0.1676638, 51.8815607 ], [ 0.167949, 51.8815634 ] ] } },
{ "type": "Feature", "properties": { "id": 78650, "nach": 0.48694203607436365 }, "geometry": { "type": "LineString", "coordinates": [ [ 0.1685598, 51.8825979 ], [ 0.1684861, 51.8822035 ], [ 0.1684402, 51.8821752 ], [ 0.1682427, 51.8820218 ], [ 0.1681545, 51.8818504 ], [ 0.1680115, 51.88164050000001 ] ] } },
{ "type": "Feature", "properties": { "id": 16584, "nach": 0.57486510110398081 }, "geometry": { "type": "LineString", "coordinates": [ [ 0.1680655, 51.8822241 ], [ 0.1681187, 51.881905400000022 ], [ 0.1680115, 51.88164050000001 ] ] } },
{ "type": "Feature", "properties": { "id": 58095, "nach": 0.48791462432240335 }, "geometry": { "type": "LineString", "coordinates": [ [ 0.1673681, 51.8814603 ], [ 0.1673929, 51.88152190000001 ], [ 0.1674358, 51.881596900000012 ], [ 0.1674079, 51.8816625 ], [ 0.1674663, 51.8816749 ], [ 0.1677134, 51.8819526 ], [ 0.1680655, 51.8822241 ] ] } },
{ "type": "Feature", "properties": { "id": 58097, "nach": 0.49268664990530781 }, "geometry": { "type": "LineString", "coordinates": [ [ 0.1673681, 51.8814603 ], [ 0.1673373, 51.8814574 ], [ 0.1672283, 51.881457 ] ] } },
{ "type": "Feature", "properties": { "id": 28033, "nach": 0.49731831899996787 }, "geometry": { "type": "LineString", "coordinates": [ [ 0.1888566, 51.880512 ], [ 0.1890491, 51.880541800000017 ], [ 0.1892119, 51.8805637 ], [ 0.1893459, 51.880648200000017 ] ] } },
{ "type": "Feature", "properties": { "id": 59284, "nach": 0.46122890065801014 }, "geometry": { "type": "LineString", "coordinates": [ [ 0.1891433, 51.8822245 ], [ 0.1890018, 51.8818931 ], [ 0.1889511, 51.8817035 ], [ 0.1889283, 51.8812816 ], [ 0.1888557, 51.8806416 ], [ 0.1888566, 51.880512 ] ] } },
{ "type": "Feature", "properties": { "id": 71273, "nach": 0.44968962237865578 }, "geometry": { "type": "LineString", "coordinates": [ [ 0.1860538, 51.8793918 ], [ 0.1859244, 51.8793858 ] ] } },
{ "type": "Feature", "properties": { "id": 29395, "nach": 0.45491001529736558 }, "geometry": { "type": "LineString", "coordinates": [ [ 0.18486, 51.8800558 ], [ 0.1849498, 51.8798686 ], [ 0.1850923, 51.879730600000016 ], [ 0.185154, 51.8795547 ], [ 0.1852195, 51.8793906 ], [ 0.1853658, 51.8792907 ], [ 0.1856201, 51.8792241 ], [ 0.1858782, 51.8792669 ], [ 0.1859244, 51.8793858 ] ] } },
{ "type": "Feature", "properties": { "id": 71275, "nach": 0.43322524415711067 }, "geometry": { "type": "LineString", "coordinates": [ [ 0.1860538, 51.8793918 ], [ 0.1860536, 51.8792847 ], [ 0.1860678, 51.8787633 ], [ 0.1860851, 51.878431 ], [ 0.1861534, 51.878166499999985 ] ] } },
{ "type": "Feature", "properties": { "id": 48046, "nach": 0.55651455190255827 }, "geometry": { "type": "LineString", "coordinates": [ [ 0.1847642, 51.8800291 ], [ 0.18486, 51.8800558 ] ] } },
{ "type": "Feature", "properties": { "id": 29377, "nach": 0.42238530006743358 }, "geometry": { "type": "LineString", "coordinates": [ [ 0.1918995, 51.8808953 ], [ 0.1893459, 51.880648200000017 ] ] } },
{ "type": "Feature", "properties": { "id": 29364, "nach": 0.30818420483609493 }, "geometry": { "type": "LineString", "coordinates": [ [ 0.1915764, 51.877802 ], [ 0.1915627, 51.8778971 ], [ 0.1915088, 51.880259 ], [ 0.1914736, 51.8803124 ], [ 0.19138, 51.8803568 ], [ 0.1912984, 51.8803822 ], [ 0.1897127, 51.8805943 ], [ 0.1894606, 51.88064390000001 ], [ 0.1893459, 51.880648200000017 ] ] } },
{ "type": "Feature", "properties": { "id": 77157, "nach": 0.46081134281473585 }, "geometry": { "type": "LineString", "coordinates": [ [ 0.1904861, 51.8815968 ], [ 0.1903828, 51.8815309 ], [ 0.1900231, 51.8812344 ], [ 0.1899059, 51.8811129 ], [ 0.1895492, 51.880834 ], [ 0.1893459, 51.880648200000017 ] ] } },
{ "type": "Feature", "properties": { "id": 29378, "nach": 0.43628264506409459 }, "geometry": { "type": "LineString", "coordinates": [ [ 0.1918995, 51.8808953 ], [ 0.1921017, 51.880912 ] ] } },
{ "type": "Feature", "properties": { "id": 77154, "nach": 0.40946686397589699 }, "geometry": { "type": "LineString", "coordinates": [ [ 0.1907408, 51.8815557 ], [ 0.1908764, 51.8814884 ], [ 0.1917521, 51.88096620000001 ], [ 0.1918995, 51.8808953 ] ] } },
{ "type": "Feature", "properties": { "id": 68437, "nach": 0.2987686126365528 }, "geometry": { "type": "LineString", "coordinates": [ [ 0.1928608, 51.880802300000013 ], [ 0.1922834, 51.8808024 ], [ 0.1920501, 51.8808522 ], [ 0.191987, 51.8808751 ], [ 0.1918995, 51.8808953 ] ] } },
{ "type": "Feature", "properties": { "id": 77155, "nach": 0.46971490532117138 }, "geometry": { "type": "LineString", "coordinates": [ [ 0.1904861, 51.8815968 ], [ 0.1905614, 51.8816447 ] ] } },
{ "type": "Feature", "properties": { "id": 77156, "nach": 0.33551850481481965 }, "geometry": { "type": "LineString", "coordinates": [ [ 0.1904861, 51.8815968 ], [ 0.1907408, 51.8815557 ] ] } },
{ "type": "Feature", "properties": { "id": 16616, "nach": 0.50759059119599137 }, "geometry": { "type": "LineString", "coordinates": [ [ 0.1905614, 51.8816447 ], [ 0.1906098, 51.8817218 ] ] } },
{ "type": "Feature", "properties": { "id": 27119, "nach": 0.46638067769279573 }, "geometry": { "type": "LineString", "coordinates": [ [ 0.1921017, 51.880912 ], [ 0.1920171, 51.8809569 ], [ 0.1916908, 51.881116699999986 ], [ 0.1910792, 51.8814683 ], [ 0.1906098, 51.8817218 ] ] } },
{ "type": "Feature", "properties": { "id": 59285, "nach": 0.51431823748847272 }, "geometry": { "type": "LineString", "coordinates": [ [ 0.1891433, 51.8822245 ], [ 0.1895054, 51.8821138 ], [ 0.1899598, 51.8819751 ], [ 0.1904921, 51.8817949 ], [ 0.1906098, 51.8817218 ] ] } },
{ "type": "Feature", "properties": { "id": 77152, "nach": 0.43087475034079792 }, "geometry": { "type": "LineString", "coordinates": [ [ 0.1907408, 51.8815557 ], [ 0.1905614, 51.8816447 ] ] } },
{ "type": "Feature", "properties": { "id": 19369, "nach": 0.52276158348695179 }, "geometry": { "type": "LineString", "coordinates": [ [ 0.182094799999989, 51.879501 ], [ 0.1818552, 51.8795543 ] ] } },
{ "type": "Feature", "properties": { "id": 19386, "nach": 0.58005012138667256 }, "geometry": { "type": "LineString", "coordinates": [ [ 0.1820968, 51.87957 ], [ 0.1818552, 51.8795543 ] ] } },
{ "type": "Feature", "properties": { "id": 19371, "nach": 0.53548597613158977 }, "geometry": { "type": "LineString", "coordinates": [ [ 0.182094799999989, 51.879501 ], [ 0.1823044, 51.879274500000015 ], [ 0.1824383, 51.879084 ], [ 0.1827353, 51.8788396 ], [ 0.1831021, 51.8786527 ], [ 0.1833815, 51.878455 ], [ 0.1834486, 51.8784065 ], [ 0.1834805, 51.8783184 ] ] } },
{ "type": "Feature", "properties": { "id": 19385, "nach": 0.472438005221544 }, "geometry": { "type": "LineString", "coordinates": [ [ 0.1820968, 51.87957 ], [ 0.182094799999989, 51.879501 ] ] } },
{ "type": "Feature", "properties": { "id": 19387, "nach": 0.56096476228333447 }, "geometry": { "type": "LineString", "coordinates": [ [ 0.1820968, 51.87957 ], [ 0.1821635, 51.8796341 ], [ 0.1822023, 51.8797206 ], [ 0.1821307, 51.879809 ] ] } },
{ "type": "Feature", "properties": { "id": 28030, "nach": 0.57411766205974502 }, "geometry": { "type": "LineString", "coordinates": [ [ 0.1838904, 51.8797658 ], [ 0.1837642, 51.879747 ], [ 0.1834124, 51.8797171 ], [ 0.1829683, 51.8796818 ], [ 0.182412, 51.8796221 ], [ 0.1820968, 51.87957 ] ] } },
{ "type": "Feature", "properties": { "id": 48048, "nach": 0.5632660217680272 }, "geometry": { "type": "LineString", "coordinates": [ [ 0.1847642, 51.8800291 ], [ 0.1847153, 51.87993070000001 ], [ 0.1846812, 51.8800059 ] ] } },
{ "type": "Feature", "properties": { "id": 19364, "nach": 0.44517508192354638 }, "geometry": { "type": "LineString", "coordinates": [ [ 0.1835296, 51.8761547 ], [ 0.1837323, 51.8761307 ], [ 0.1839261, 51.876077400000014 ], [ 0.1840364, 51.8760369 ] ] } },
{ "type": "Feature", "properties": { "id": 19349, "nach": 0.43727594406153625 }, "geometry": { "type": "LineString", "coordinates": [ [ 0.1859562, 51.8750706 ], [ 0.1857684, 51.87515530000001 ], [ 0.1854852, 51.8752657 ], [ 0.1852914, 51.8753725 ], [ 0.1851394, 51.8754498 ], [ 0.1849695, 51.875481099999988 ], [ 0.1848026, 51.8755123 ], [ 0.1846863, 51.8755694 ], [ 0.1846028, 51.8756706 ], [ 0.184567, 51.8758013 ], [ 0.1845253, 51.8759228 ], [ 0.1843643, 51.8760037 ], [ 0.1841557, 51.87604420000001 ], [ 0.1840364, 51.8760369 ] ] } },
{ "type": "Feature", "properties": { "id": 29528, "nach": 0.503647788969804 }, "geometry": { "type": "LineString", "coordinates": [ [ 0.186086, 51.8749053 ], [ 0.1861129, 51.8749509 ], [ 0.1860725, 51.8750044 ], [ 0.1859562, 51.8750706 ] ] } },
{ "type": "Feature", "properties": { "id": 28019, "nach": 0.43032369404586684 }, "geometry": { "type": "LineString", "coordinates": [ [ 0.1846355, 51.8777302 ], [ 0.1848004, 51.8776502 ], [ 0.1849535, 51.8775702 ], [ 0.1851537, 51.8774975 ], [ 0.1853186, 51.877395800000016 ], [ 0.1853774, 51.877294 ], [ 0.185401, 51.8771486 ], [ 0.1854481, 51.8770395 ], [ 0.1855305, 51.8769159 ], [ 0.185613, 51.876799599999984 ], [ 0.1858132, 51.876676 ], [ 0.1859309, 51.8765306 ], [ 0.1860369, 51.876341600000018 ], [ 0.1860016, 51.8762398 ], [ 0.1860369, 51.8761162 ], [ 0.1861311, 51.8759854 ], [ 0.186084, 51.875869 ], [ 0.1860369, 51.8757091 ], [ 0.185978, 51.8755346 ], [ 0.1859427, 51.875331 ], [ 0.1859562, 51.8750706 ] ] } },
{ "type": "Feature", "properties": { "id": 71282, "nach": 0.61901860178162893 }, "geometry": { "type": "LineString", "coordinates": [ [ 0.1772909, 51.8812295 ], [ 0.1773691, 51.8811544 ] ] } },
{ "type": "Feature", "properties": { "id": 71279, "nach": 0.48302267672068122 }, "geometry": { "type": "LineString", "coordinates": [ [ 0.1772718, 51.8811372 ], [ 0.1773691, 51.8811544 ] ] } },
{ "type": "Feature", "properties": { "id": 71285, "nach": 0.62611035735629517 }, "geometry": { "type": "LineString", "coordinates": [ [ 0.1781384, 51.8808225 ], [ 0.177996, 51.8808413 ], [ 0.1778708, 51.8809039 ], [ 0.1776919, 51.8810033 ], [ 0.1773691, 51.8811544 ] ] } },
{ "type": "Feature", "properties": { "id": 71284, "nach": 0.65695322844936577 }, "geometry": { "type": "LineString", "coordinates": [ [ 0.1772909, 51.8812295 ], [ 0.1772209, 51.8813216 ], [ 0.1770897, 51.8815075 ], [ 0.1769407, 51.8816105 ] ] } },
{ "type": "Feature", "properties": { "id": 71283, "nach": 0.60020773230742375 }, "geometry": { "type": "LineString", "coordinates": [ [ 0.1772909, 51.8812295 ], [ 0.1772718, 51.8811372 ] ] } },
{ "type": "Feature", "properties": { "id": 71286, "nach": 0.59551669388133421 }, "geometry": { "type": "LineString", "coordinates": [ [ 0.1781384, 51.8808225 ], [ 0.1782881, 51.8808027 ], [ 0.178458, 51.8808211 ], [ 0.1785683, 51.8808376 ], [ 0.1787353, 51.8807861 ], [ 0.1788515, 51.8807659 ], [ 0.1790036, 51.8807806 ], [ 0.1791318, 51.8807548 ], [ 0.1793464, 51.8807659 ], [ 0.1795044, 51.8807861 ] ] } },
{ "type": "Feature", "properties": { "id": 19379, "nach": 0.59532684871596975 }, "geometry": { "type": "LineString", "coordinates": [ [ 0.1795044, 51.8807861 ], [ 0.1796535, 51.8807567 ] ] } },
{ "type": "Feature", "properties": { "id": 19360, "nach": 0.54999357908893387 }, "geometry": { "type": "LineString", "coordinates": [ [ 0.1805687, 51.8805303 ], [ 0.1804673, 51.8806131 ], [ 0.1804226, 51.8806297 ], [ 0.1803957, 51.8806647 ], [ 0.1803182, 51.8806628 ], [ 0.1802586, 51.880675700000012 ], [ 0.1801275, 51.8807272 ], [ 0.1800321, 51.8807548 ], [ 0.1799337, 51.8807548 ], [ 0.1797697, 51.8807493 ], [ 0.1796535, 51.8807567 ] ] } },
{ "type": "Feature", "properties": { "id": 27985, "nach": 0.53640464341831395 }, "geometry": { "type": "LineString", "coordinates": [ [ 0.1822221, 51.8810296 ], [ 0.181851, 51.881008 ], [ 0.1816341, 51.8809996 ], [ 0.1813223, 51.881008 ], [ 0.1811054, 51.8810666 ], [ 0.180902, 51.8811335 ], [ 0.1806987, 51.881175399999989 ], [ 0.1804411, 51.8812172 ], [ 0.1802784, 51.8812172 ], [ 0.1801022, 51.8811419 ], [ 0.1798853, 51.8810248 ], [ 0.1796955, 51.8809327 ], [ 0.1796277, 51.880849 ], [ 0.1796535, 51.8807567 ] ] } },
{ "type": "Feature", "properties": { "id": 71288, "nach": 0.45497839389792072 }, "geometry": { "type": "LineString", "coordinates": [ [ 0.1798355, 51.8801449 ], [ 0.1795044, 51.8807861 ] ] } },
{ "type": "Feature", "properties": { "id": 71294, "nach": 0.55084128457130488 }, "geometry": { "type": "LineString", "coordinates": [ [ 0.1809786, 51.880264400000016 ], [ 0.1808548, 51.8803408 ], [ 0.1807773, 51.8804126 ], [ 0.1806491, 51.8805046 ], [ 0.1805687, 51.8805303 ] ] } },
{ "type": "Feature", "properties": { "id": 71289, "nach": 0.39135525053619252 }, "geometry": { "type": "LineString", "coordinates": [ [ 0.1798355, 51.8801449 ], [ 0.1802737, 51.8803968 ], [ 0.1803926, 51.880421800000015 ], [ 0.1804829, 51.8804598 ], [ 0.1805687, 51.8805303 ] ] } },
{ "type": "Feature", "properties": { "id": 27986, "nach": 0.49103339171423643 }, "geometry": { "type": "LineString", "coordinates": [ [ 0.1823536, 51.8811062 ], [ 0.1822221, 51.8810296 ] ] } },
{ "type": "Feature", "properties": { "id": 71276, "nach": 0.48298736303696982 }, "geometry": { "type": "LineString", "coordinates": [ [ 0.1824794, 51.8810052 ], [ 0.1822221, 51.8810296 ] ] } },
{ "type": "Feature", "properties": { "id": 29526, "nach": 0.49544629711446841 }, "geometry": { "type": "LineString", "coordinates": [ [ 0.186086, 51.8749053 ], [ 0.1861908, 51.8748888 ] ] } },
{ "type": "Feature", "properties": { "id": 57574, "nach": 0.54686604753634949 }, "geometry": { "type": "LineString", "coordinates": [ [ 0.1855928, 51.8741307 ], [ 0.1856173, 51.8741663 ], [ 0.1858913, 51.8745752 ], [ 0.186086, 51.8749053 ] ] } },
{ "type": "Feature", "properties": { "id": 28021, "nach": 0.4367806005447773 }, "geometry": { "type": "LineString", "coordinates": [ [ 0.1846355, 51.8777302 ], [ 0.1844118, 51.8777229 ], [ 0.1841998, 51.8776648 ], [ 0.1840821, 51.8775921 ], [ 0.1838402, 51.877526 ] ] } },
{ "type": "Feature", "properties": { "id": 28025, "nach": 0.37760031228386554 }, "geometry": { "type": "LineString", "coordinates": [ [ 0.1843437, 51.878335 ], [ 0.1846582, 51.8783317 ], [ 0.1846709, 51.8781809 ], [ 0.1846827, 51.8780573 ], [ 0.1846827, 51.8779265 ], [ 0.184612, 51.877832 ], [ 0.1846355, 51.8777302 ] ] } },
{ "type": "Feature", "properties": { "id": 19393, "nach": 0.46310695973596833 }, "geometry": { "type": "LineString", "coordinates": [ [ 0.1829871, 51.8764712 ], [ 0.1829006, 51.8765062 ], [ 0.1828142, 51.8765246 ], [ 0.1827575, 51.8765687 ], [ 0.1826949, 51.87665160000001 ], [ 0.1826681, 51.8767178 ], [ 0.1826144, 51.876773 ], [ 0.1825906, 51.8768485 ], [ 0.1826591, 51.8769755 ], [ 0.1826919, 51.8770841 ], [ 0.1827068, 51.877235 ], [ 0.1827694, 51.8773325 ], [ 0.1828983, 51.8775133 ], [ 0.183038, 51.8776786 ], [ 0.1831137, 51.8778368 ], [ 0.183335, 51.87808840000001 ], [ 0.1834689, 51.8782286 ], [ 0.1834805, 51.8783184 ] ] } },
{ "type": "Feature", "properties": { "id": 28016, "nach": 0.47250487437978139 }, "geometry": { "type": "LineString", "coordinates": [ [ 0.1838402, 51.877526 ], [ 0.1838236, 51.8773307 ], [ 0.1837653, 51.8771096 ], [ 0.1835488, 51.8768886 ], [ 0.183299, 51.8767189 ], [ 0.1830908, 51.8765185 ], [ 0.1829871, 51.8764712 ] ] } },
{ "type": "Feature", "properties": { "id": 71299, "nach": 0.6706137014840492 }, "geometry": { "type": "LineString", "coordinates": [ [ 0.1738449, 51.8830193 ], [ 0.1738931, 51.8830029 ], [ 0.1744245, 51.882873799999984 ], [ 0.174856, 51.882831 ], [ 0.1749946, 51.8828307 ], [ 0.1751103, 51.8827864 ], [ 0.1752713, 51.8827533 ], [ 0.175474, 51.8827091 ], [ 0.1758079, 51.8826981 ], [ 0.1759688, 51.8826318 ], [ 0.1761566, 51.882514099999987 ], [ 0.1763832, 51.8823981 ], [ 0.1765263, 51.882366899999987 ], [ 0.1766426, 51.8822914 ], [ 0.1767886, 51.8821828 ], [ 0.1768632, 51.88217 ], [ 0.1769347, 51.8821571 ], [ 0.1770241, 51.8821019 ], [ 0.1771483, 51.8820597 ] ] } },
{ "type": "Feature", "properties": { "id": 19389, "nach": 0.68716176577068855 }, "geometry": { "type": "LineString", "coordinates": [ [ 0.1769407, 51.8816105 ], [ 0.1769198, 51.881686 ], [ 0.1769377, 51.8817136 ], [ 0.1770122, 51.8817596 ], [ 0.1770301, 51.8818074 ], [ 0.1770867, 51.8818939 ], [ 0.1771136, 51.8819786 ], [ 0.1771483, 51.8820597 ] ] } },
{ "type": "Feature", "properties": { "id": 27997, "nach": 0.60806540459378089 }, "geometry": { "type": "LineString", "coordinates": [ [ 0.1772824, 51.8826901 ], [ 0.1772824, 51.8824725 ], [ 0.177272, 51.8824406 ], [ 0.1772451, 51.8823578 ], [ 0.1771483, 51.8820597 ] ] } },
{ "type": "Feature", "properties": { "id": 71298, "nach": 0.63576259712098626 }, "geometry": { "type": "LineString", "coordinates": [ [ 0.1738449, 51.8830193 ], [ 0.1739382, 51.8830942 ] ] } },
{ "type": "Feature", "properties": { "id": 71300, "nach": 0.62659587315313925 }, "geometry": { "type": "LineString", "coordinates": [ [ 0.1734896, 51.8831402 ], [ 0.1738449, 51.8830193 ] ] } },
{ "type": "Feature", "properties": { "id": 62222, "nach": 0.51845894997218667 }, "geometry": { "type": "LineString", "coordinates": [ [ 0.1770769, 51.882821399999983 ], [ 0.1772824, 51.8826901 ] ] } },
{ "type": "Feature", "properties": { "id": 28000, "nach": 0.58630680370388455 }, "geometry": { "type": "LineString", "coordinates": [ [ 0.1777704, 51.8829662 ], [ 0.1774315, 51.8828156 ], [ 0.1772824, 51.8826901 ] ] } },
{ "type": "Feature", "properties": { "id": 71295, "nach": 0.55346353041444774 }, "geometry": { "type": "LineString", "coordinates": [ [ 0.1809786, 51.880264400000016 ], [ 0.1810725, 51.8802064 ], [ 0.1811828, 51.880189900000019 ], [ 0.1812603, 51.8801568 ], [ 0.1813437, 51.880086800000022 ], [ 0.1814332, 51.8800592 ], [ 0.1815017, 51.8800371 ], [ 0.1815614, 51.880004 ], [ 0.1816448, 51.8800151 ], [ 0.1817283, 51.8800261 ], [ 0.1818446, 51.8800077 ], [ 0.181931, 51.879993 ], [ 0.1819996, 51.8799415 ], [ 0.1821307, 51.879809 ] ] } },
{ "type": "Feature", "properties": { "id": 71290, "nach": 0.4789474897355 }, "geometry": { "type": "LineString", "coordinates": [ [ 0.1798355, 51.8801449 ], [ 0.1797489, 51.8800951 ], [ 0.1792701, 51.8793922 ], [ 0.17922, 51.8793443 ] ] } },
{ "type": "Feature", "properties": { "id": 28023, "nach": 0.49633450825359227 }, "geometry": { "type": "LineString", "coordinates": [ [ 0.1838569, 51.8779219 ], [ 0.183732, 51.8781121 ], [ 0.1834805, 51.8783184 ] ] } },
{ "type": "Feature", "properties": { "id": 28022, "nach": 0.49896845374564003 }, "geometry": { "type": "LineString", "coordinates": [ [ 0.1838569, 51.8779219 ], [ 0.1838902, 51.8777522 ], [ 0.1838402, 51.877526 ] ] } },
{ "type": "Feature", "properties": { "id": 28027, "nach": 0.47370945947683285 }, "geometry": { "type": "LineString", "coordinates": [ [ 0.1843437, 51.878335 ], [ 0.1842234, 51.878231800000016 ], [ 0.1840467, 51.8781155 ], [ 0.1838569, 51.8779219 ] ] } },
{ "type": "Feature", "properties": { "id": 28009, "nach": 0.52199754942098353 }, "geometry": { "type": "LineString", "coordinates": [ [ 0.1830247, 51.8805178 ], [ 0.1829483, 51.8804996 ], [ 0.1828669, 51.8803992 ], [ 0.182772, 51.8802904 ], [ 0.18265, 51.880123 ], [ 0.182528, 51.8800226 ], [ 0.1823789, 51.8799306 ], [ 0.1822975, 51.8798469 ], [ 0.1821307, 51.879809 ] ] } },
{ "type": "Feature", "properties": { "id": 28007, "nach": 0.40920989291361071 }, "geometry": { "type": "LineString", "coordinates": [ [ 0.1830247, 51.8805178 ], [ 0.1831245, 51.8805415 ] ] } },
{ "type": "Feature", "properties": { "id": 28010, "nach": 0.5088604660779884 }, "geometry": { "type": "LineString", "coordinates": [ [ 0.1829433, 51.8805748 ], [ 0.1830247, 51.8805178 ] ] } },
{ "type": "Feature", "properties": { "id": 28029, "nach": 0.49356383204789883 }, "geometry": { "type": "LineString", "coordinates": [ [ 0.1838904, 51.8797658 ], [ 0.1838566, 51.8799138 ], [ 0.1839108, 51.8800477 ], [ 0.183843, 51.8801984 ] ] } },
{ "type": "Feature", "properties": { "id": 28028, "nach": 0.46163669020681791 }, "geometry": { "type": "LineString", "coordinates": [ [ 0.1838904, 51.8797658 ], [ 0.1839761, 51.8795113 ], [ 0.1840467, 51.8793659 ], [ 0.1841056, 51.8792132 ], [ 0.1841286, 51.879031500000018 ], [ 0.1841596, 51.8788996 ], [ 0.1841842, 51.8787821 ], [ 0.1843058, 51.87854440000001 ], [ 0.1843437, 51.878335 ] ] } },
{ "type": "Feature", "properties": { "id": 43532, "nach": 0.59350449819060191 }, "geometry": { "type": "LineString", "coordinates": [ [ 0.179146, 51.8788769 ], [ 0.1788682, 51.8789413 ], [ 0.1782511, 51.8790586 ], [ 0.1782073, 51.8791057 ] ] } },
{ "type": "Feature", "properties": { "id": 77161, "nach": 0.5097562207241394 }, "geometry": { "type": "LineString", "coordinates": [ [ 0.1792991, 51.8791246 ], [ 0.179146, 51.8788769 ] ] } },
{ "type": "Feature", "properties": { "id": 20014, "nach": 0.42694814886724342 }, "geometry": { "type": "LineString", "coordinates": [ [ 0.1717769, 51.8774346 ], [ 0.1717472, 51.8773124 ] ] } },
{ "type": "Feature", "properties": { "id": 20020, "nach": 0.42588250385316379 }, "geometry": { "type": "LineString", "coordinates": [ [ 0.1718115, 51.8775773 ], [ 0.1717769, 51.8774346 ] ] } },
{ "type": "Feature", "properties": { "id": 20019, "nach": 0.50246505379987672 }, "geometry": { "type": "LineString", "coordinates": [ [ 0.1707935, 51.8775158 ], [ 0.1710365, 51.877495 ], [ 0.1717769, 51.8774346 ] ] } },
{ "type": "Feature", "properties": { "id": 70063, "nach": 0.61932044879282555 }, "geometry": { "type": "LineString", "coordinates": [ [ 0.1708862, 51.8781369 ], [ 0.1708615, 51.877920099999983 ], [ 0.1707935, 51.8775158 ] ] } },
{ "type": "Feature", "properties": { "id": 82854, "nach": 0.62194917836457453 }, "geometry": { "type": "LineString", "coordinates": [ [ 0.1708918, 51.8781727 ], [ 0.1708862, 51.8781369 ] ] } },
{ "type": "Feature", "properties": { "id": 29533, "nach": 0.44828299125876198 }, "geometry": { "type": "LineString", "coordinates": [ [ 0.1860993, 51.8768427 ], [ 0.1863283, 51.8765698 ] ] } },
{ "type": "Feature", "properties": { "id": 57570, "nach": 0.34983007110870834 }, "geometry": { "type": "LineString", "coordinates": [ [ 0.1862838, 51.8770001 ], [ 0.1862269, 51.8769325 ], [ 0.1861405, 51.8768877 ], [ 0.1860993, 51.8768427 ] ] } },
{ "type": "Feature", "properties": { "id": 70757, "nach": 0.45898922281759097 }, "geometry": { "type": "LineString", "coordinates": [ [ 0.1748453, 51.8846283 ], [ 0.1749219, 51.8846074 ] ] } },
{ "type": "Feature", "properties": { "id": 70758, "nach": 0.66445232629383355 }, "geometry": { "type": "LineString", "coordinates": [ [ 0.1748453, 51.8846283 ], [ 0.1747137, 51.8846737 ], [ 0.174695, 51.88475480000001 ], [ 0.1746842, 51.884812699999983 ], [ 0.1746359, 51.8848409 ], [ 0.1745769, 51.8848558 ], [ 0.1744106, 51.88488060000001 ], [ 0.1741826, 51.8848969 ] ] } },
{ "type": "Feature", "properties": { "id": 70760, "nach": 0.51275360424525018 }, "geometry": { "type": "LineString", "coordinates": [ [ 0.1748453, 51.8846283 ], [ 0.1748755, 51.8846686 ], [ 0.1749064, 51.8847075 ], [ 0.1749211, 51.8847489 ] ] } },
{ "type": "Feature", "properties": { "id": 70759, "nach": 0.66809636340947665 }, "geometry": { "type": "LineString", "coordinates": [ [ 0.1748453, 51.8846283 ], [ 0.1748004, 51.8845684 ], [ 0.1747581, 51.8845381 ] ] } },
{ "type": "Feature", "properties": { "id": 82324, "nach": 0.64591057324839984 }, "geometry": { "type": "LineString", "coordinates": [ [ 0.1754739, 51.8850475 ], [ 0.1755709, 51.8851157 ] ] } },
{ "type": "Feature", "properties": { "id": 69417, "nach": 0.47751280084801473 }, "geometry": { "type": "LineString", "coordinates": [ [ 0.1754381, 51.8851455 ], [ 0.1755709, 51.8851157 ] ] } },
{ "type": "Feature", "properties": { "id": 71302, "nach": 0.63621054316684689 }, "geometry": { "type": "LineString", "coordinates": [ [ 0.1734896, 51.8831402 ], [ 0.1733298, 51.88319460000001 ], [ 0.1732833, 51.883211 ], [ 0.1732504, 51.8832223 ] ] } },
{ "type": "Feature", "properties": { "id": 73749, "nach": 0.63326557557416607 }, "geometry": { "type": "LineString", "coordinates": [ [ 0.1727164, 51.8827475 ], [ 0.172781, 51.8828556 ], [ 0.1728694, 51.882964 ], [ 0.1730327, 51.883018 ], [ 0.1732504, 51.8832223 ] ] } },
{ "type": "Feature", "properties": { "id": 24488, "nach": 0.5309663412191663 }, "geometry": { "type": "LineString", "coordinates": [ [ 0.1890279, 51.8831629 ], [ 0.1891359, 51.883321 ], [ 0.1892914, 51.8835363 ], [ 0.189361, 51.8836606 ], [ 0.1894282, 51.8838508 ], [ 0.1894222, 51.8839732 ] ] } },
{ "type": "Feature", "properties": { "id": 24490, "nach": 0.40358656567614049 }, "geometry": { "type": "LineString", "coordinates": [ [ 0.1890279, 51.8831629 ], [ 0.1889922, 51.8831763 ], [ 0.1889319, 51.8832111 ], [ 0.1888809, 51.8832409 ], [ 0.1888326, 51.8832533 ], [ 0.188783, 51.8832699 ], [ 0.1887253, 51.8832856 ], [ 0.1886382, 51.8832922 ], [ 0.1884987, 51.8832972 ] ] } },
{ "type": "Feature", "properties": { "id": 24489, "nach": 0.52420401392224558 }, "geometry": { "type": "LineString", "coordinates": [ [ 0.1890279, 51.8831629 ], [ 0.1889561, 51.8830578 ], [ 0.1889399, 51.8829967 ], [ 0.1889481, 51.8829584 ], [ 0.1890043, 51.8829139 ] ] } },
{ "type": "Feature", "properties": { "id": 24493, "nach": 0.5269859996964088 }, "geometry": { "type": "LineString", "coordinates": [ [ 0.1891438, 51.882846 ], [ 0.1890821, 51.88286750000001 ], [ 0.1890043, 51.8829139 ] ] } },
{ "type": "Feature", "properties": { "id": 52759, "nach": 0.40232924325747504 }, "geometry": { "type": "LineString", "coordinates": [ [ 0.1884305, 51.8825088 ], [ 0.1885028, 51.8825285 ], [ 0.1886036, 51.882599 ], [ 0.1886893, 51.882701700000013 ], [ 0.1888102, 51.8828562 ], [ 0.1888959, 51.8828883 ], [ 0.1890043, 51.8829139 ] ] } },
{ "type": "Feature", "properties": { "id": 62566, "nach": 0.41022073437529999 }, "geometry": { "type": "LineString", "coordinates": [ [ 0.1889959, 51.882716 ], [ 0.1891438, 51.882846 ] ] } },
{ "type": "Feature", "properties": { "id": 27378, "nach": 0.49967856649671449 }, "geometry": { "type": "LineString", "coordinates": [ [ 0.1730584, 51.8748997 ], [ 0.1729922, 51.8746814 ] ] } },
{ "type": "Feature", "properties": { "id": 29756, "nach": 0.40977207314939157 }, "geometry": { "type": "LineString", "coordinates": [ [ 0.1725821, 51.8746845 ], [ 0.1726842, 51.8746982 ], [ 0.1728372, 51.8747019 ], [ 0.1729922, 51.8746814 ] ] } },
{ "type": "Feature", "properties": { "id": 27377, "nach": 0.52986568329586048 }, "geometry": { "type": "LineString", "coordinates": [ [ 0.1730584, 51.8748997 ], [ 0.1731346, 51.875265400000025 ] ] } },
{ "type": "Feature", "properties": { "id": 27387, "nach": 0.4227838149640728 }, "geometry": { "type": "LineString", "coordinates": [ [ 0.1726673, 51.874952600000015 ], [ 0.1729725, 51.8749162 ], [ 0.1730584, 51.8748997 ] ] } },
{ "type": "Feature", "properties": { "id": 29755, "nach": 0.15033688836117393 }, "geometry": { "type": "LineString", "coordinates": [ [ 0.1725821, 51.8746845 ], [ 0.1726673, 51.874952600000015 ] ] } },
{ "type": "Feature", "properties": { "id": 27373, "nach": 0.431820118729142 }, "geometry": { "type": "LineString", "coordinates": [ [ 0.1731346, 51.875265400000025 ], [ 0.1730975, 51.8752673 ] ] } },
{ "type": "Feature", "properties": { "id": 27376, "nach": 0.55521998525746596 }, "geometry": { "type": "LineString", "coordinates": [ [ 0.1732086, 51.8757028 ], [ 0.1731346, 51.875265400000025 ] ] } },
{ "type": "Feature", "properties": { "id": 27380, "nach": 0.22612180815096905 }, "geometry": { "type": "LineString", "coordinates": [ [ 0.1730825, 51.8757657 ], [ 0.1732086, 51.8757028 ] ] } },
{ "type": "Feature", "properties": { "id": 27389, "nach": 0.56718180692580999 }, "geometry": { "type": "LineString", "coordinates": [ [ 0.1732228, 51.875780500000019 ], [ 0.1732086, 51.8757028 ] ] } },
{ "type": "Feature", "properties": { "id": 27390, "nach": 0.50590062161156302 }, "geometry": { "type": "LineString", "coordinates": [ [ 0.1732228, 51.875780500000019 ], [ 0.1730825, 51.8757657 ] ] } },
{ "type": "Feature", "properties": { "id": 68634, "nach": 0.59866279902830599 }, "geometry": { "type": "LineString", "coordinates": [ [ 0.1733596, 51.8759021 ], [ 0.1733061, 51.8758553 ], [ 0.1732228, 51.875780500000019 ] ] } },
{ "type": "Feature", "properties": { "id": 29494, "nach": 0.65345286418895532 }, "geometry": { "type": "LineString", "coordinates": [ [ 0.1842717, 51.873146 ], [ 0.1843182, 51.8731185 ], [ 0.1843463, 51.873103 ], [ 0.1844179, 51.8730634 ] ] } },
{ "type": "Feature", "properties": { "id": 65526, "nach": 0.60849314020796441 }, "geometry": { "type": "LineString", "coordinates": [ [ 0.1844368, 51.8730916 ], [ 0.1843736, 51.873128400000013 ], [ 0.1843401, 51.8731989 ] ] } },
{ "type": "Feature", "properties": { "id": 56622, "nach": 0.65052958018519036 }, "geometry": { "type": "LineString", "coordinates": [ [ 0.1840355, 51.8732764 ], [ 0.1842717, 51.873146 ] ] } },
{ "type": "Feature", "properties": { "id": 29513, "nach": 0.11195480467228956 }, "geometry": { "type": "LineString", "coordinates": [ [ 0.1843401, 51.8731989 ], [ 0.1842717, 51.873146 ] ] } },
{ "type": "Feature", "properties": { "id": 71278, "nach": 0.51072742810335237 }, "geometry": { "type": "LineString", "coordinates": [ [ 0.1824794, 51.8810052 ], [ 0.1824621, 51.8810225 ], [ 0.1823536, 51.8811062 ] ] } },
{ "type": "Feature", "properties": { "id": 27989, "nach": 0.54032388713739321 }, "geometry": { "type": "LineString", "coordinates": [ [ 0.1815256, 51.882121 ], [ 0.1816205, 51.8820206 ], [ 0.1817377, 51.8818912 ], [ 0.1817841, 51.8818257 ], [ 0.1818239, 51.8817695 ], [ 0.1819324, 51.8816273 ], [ 0.1820408, 51.8815101 ], [ 0.1821086, 51.8814013 ], [ 0.1823536, 51.8811062 ] ] } },
{ "type": "Feature", "properties": { "id": 71277, "nach": 0.5412563120711934 }, "geometry": { "type": "LineString", "coordinates": [ [ 0.1824794, 51.8810052 ], [ 0.1825502, 51.880934600000018 ], [ 0.1826112, 51.880851 ], [ 0.182679, 51.8807673 ], [ 0.1827603, 51.8806878 ], [ 0.1828688, 51.8806208 ], [ 0.1829433, 51.8805748 ] ] } },
{ "type": "Feature", "properties": { "id": 67678, "nach": 0.50512696766076814 }, "geometry": { "type": "LineString", "coordinates": [ [ 0.1812351, 51.8822362 ], [ 0.181363, 51.882188 ], [ 0.1815256, 51.882121 ] ] } },
{ "type": "Feature", "properties": { "id": 67675, "nach": 0.47803372134089278 }, "geometry": { "type": "LineString", "coordinates": [ [ 0.1817774, 51.8823017 ], [ 0.1816969, 51.8822223 ], [ 0.1815256, 51.882121 ] ] } },
{ "type": "Feature", "properties": { "id": 67679, "nach": 0.51839215291812868 }, "geometry": { "type": "LineString", "coordinates": [ [ 0.1812351, 51.8822362 ], [ 0.1811189, 51.88228 ], [ 0.1809291, 51.8822633 ], [ 0.1807529, 51.8823386 ], [ 0.1806851, 51.882439 ], [ 0.1806173, 51.8825645 ], [ 0.1805277, 51.8826683 ] ] } },
{ "type": "Feature", "properties": { "id": 67677, "nach": 0.39818008311623759 }, "geometry": { "type": "LineString", "coordinates": [ [ 0.1812351, 51.8822362 ], [ 0.1817774, 51.8823017 ] ] } },
{ "type": "Feature", "properties": { "id": 67676, "nach": 0.0 }, "geometry": { "type": "LineString", "coordinates": [ [ 0.1817774, 51.8823017 ], [ 0.1819222, 51.8822189 ], [ 0.1821904, 51.882152700000013 ], [ 0.182405, 51.8820832 ], [ 0.1827162, 51.8820103 ], [ 0.1829039, 51.882036799999987 ], [ 0.1830327, 51.8820136 ], [ 0.1831668, 51.8819805 ], [ 0.183322, 51.8818155 ], [ 0.1833985, 51.8817341 ], [ 0.183553, 51.8815699 ], [ 0.1835906, 51.8813514 ], [ 0.1837461, 51.8811891 ], [ 0.1838051, 51.88105 ], [ 0.1839285, 51.88089440000001 ], [ 0.1840519, 51.8807354 ], [ 0.1841324, 51.8805831 ], [ 0.1841431, 51.880480499999983 ], [ 0.1840197, 51.8803844 ], [ 0.1838963, 51.8802751 ], [ 0.183843, 51.8801984 ] ] } },
{ "type": "Feature", "properties": { "id": 67673, "nach": 0.46313105394982557 }, "geometry": { "type": "LineString", "coordinates": [ [ 0.1817774, 51.8823017 ], [ 0.182125199999989, 51.8825247 ] ] } },
{ "type": "Feature", "properties": { "id": 62234, "nach": 0.55081167782523199 }, "geometry": { "type": "LineString", "coordinates": [ [ 0.1805837, 51.8827891 ], [ 0.1805277, 51.8826683 ] ] } },
{ "type": "Feature", "properties": { "id": 62232, "nach": 0.54649961696438509 }, "geometry": { "type": "LineString", "coordinates": [ [ 0.1791261, 51.8827905 ], [ 0.1794108, 51.8827486 ], [ 0.1797633, 51.8827319 ], [ 0.1799937, 51.8827235 ], [ 0.180292, 51.8826733 ], [ 0.1805277, 51.8826683 ] ] } },
{ "type": "Feature", "properties": { "id": 62237, "nach": 0.36937032545017462 }, "geometry": { "type": "LineString", "coordinates": [ [ 0.1805837, 51.8827891 ], [ 0.1799907, 51.8828665 ], [ 0.1792135, 51.8829653 ] ] } },
{ "type": "Feature", "properties": { "id": 85650, "nach": 0.5439766122377595 }, "geometry": { "type": "LineString", "coordinates": [ [ 0.1809479, 51.883574 ], [ 0.1805837, 51.8827891 ] ] } },
{ "type": "Feature", "properties": { "id": 67672, "nach": 0.39047373457339474 }, "geometry": { "type": "LineString", "coordinates": [ [ 0.182125199999989, 51.8825247 ], [ 0.1812326, 51.8826562 ], [ 0.1805837, 51.8827891 ] ] } },
{ "type": "Feature", "properties": { "id": 62233, "nach": 0.56846244349397601 }, "geometry": { "type": "LineString", "coordinates": [ [ 0.1791261, 51.8827905 ], [ 0.1787601, 51.8828574 ], [ 0.1784754, 51.8829411 ], [ 0.1780958, 51.882983 ], [ 0.1777704, 51.8829662 ] ] } },
{ "type": "Feature", "properties": { "id": 62231, "nach": 0.47075155958630577 }, "geometry": { "type": "LineString", "coordinates": [ [ 0.1791261, 51.8827905 ], [ 0.1792135, 51.8829653 ] ] } },
{ "type": "Feature", "properties": { "id": 62223, "nach": 0.50653782977649731 }, "geometry": { "type": "LineString", "coordinates": [ [ 0.1770769, 51.882821399999983 ], [ 0.1770228, 51.882790300000011 ], [ 0.1769169, 51.882763 ], [ 0.1768002, 51.8827704 ], [ 0.1754631, 51.8830673 ], [ 0.1754417, 51.8831033 ], [ 0.175447, 51.8831272 ], [ 0.1754336, 51.8831554 ], [ 0.1754564, 51.8832166 ], [ 0.1771373, 51.884440899999987 ] ] } },
{ "type": "Feature", "properties": { "id": 62224, "nach": 0.36492449353937079 }, "geometry": { "type": "LineString", "coordinates": [ [ 0.1775772, 51.8831085 ], [ 0.1770769, 51.882821399999983 ] ] } },
{ "type": "Feature", "properties": { "id": 62225, "nach": 0.44204306087785045 }, "geometry": { "type": "LineString", "coordinates": [ [ 0.1775772, 51.8831085 ], [ 0.1777704, 51.8829662 ] ] } },
{ "type": "Feature", "properties": { "id": 62230, "nach": 0.29395942893885368 }, "geometry": { "type": "LineString", "coordinates": [ [ 0.1792135, 51.8829653 ], [ 0.1786898, 51.883032 ], [ 0.1778382, 51.8831943 ], [ 0.1777859, 51.8831877 ], [ 0.177692, 51.8831744 ], [ 0.1775772, 51.8831085 ] ] } },
{ "type": "Feature", "properties": { "id": 28006, "nach": 0.48255248354125663 }, "geometry": { "type": "LineString", "coordinates": [ [ 0.1831245, 51.8805415 ], [ 0.1832601, 51.8805331 ], [ 0.1834228, 51.8804411 ], [ 0.1835719, 51.8803741 ], [ 0.1837481, 51.8802904 ], [ 0.183843, 51.8801984 ] ] } },
{ "type": "Feature", "properties": { "id": 28011, "nach": 0.48046597286086351 }, "geometry": { "type": "LineString", "coordinates": [ [ 0.1829433, 51.8805748 ], [ 0.1831245, 51.8805415 ] ] } },
{ "type": "Feature", "properties": { "id": 29348, "nach": 0.59477971378271277 }, "geometry": { "type": "LineString", "coordinates": [ [ 0.1871482, 51.8845285 ], [ 0.1872099, 51.8844547 ], [ 0.1873132, 51.8843756 ], [ 0.1874589, 51.884264 ], [ 0.187563, 51.8842078 ] ] } },
{ "type": "Feature", "properties": { "id": 29003, "nach": 0.5946539504980296 }, "geometry": { "type": "LineString", "coordinates": [ [ 0.1885122, 51.8838015 ], [ 0.1884425, 51.8838049 ], [ 0.188313, 51.883831200000017 ], [ 0.1881695, 51.8838845 ], [ 0.1880454, 51.8839593 ], [ 0.187922, 51.8840139 ], [ 0.187563, 51.8842078 ] ] } },
{ "type": "Feature", "properties": { "id": 28979, "nach": 0.40802563956376031 }, "geometry": { "type": "LineString", "coordinates": [ [ 0.1876546, 51.8842627 ], [ 0.18762, 51.8842417 ], [ 0.187563, 51.8842078 ] ] } },
{ "type": "Feature", "properties": { "id": 49953, "nach": 0.60127928807738584 }, "geometry": { "type": "LineString", "coordinates": [ [ 0.1867748, 51.8851019 ], [ 0.1868009, 51.8850319 ], [ 0.1868959, 51.8848606 ], [ 0.1870617, 51.8846424 ], [ 0.1871482, 51.8845285 ] ] } },
{ "type": "Feature", "properties": { "id": 46656, "nach": 0.34090442839303786 }, "geometry": { "type": "LineString", "coordinates": [ [ 0.1861534, 51.878166499999985 ], [ 0.1913782, 51.8778052 ] ] } },
{ "type": "Feature", "properties": { "id": 57569, "nach": 0.43109222730779723 }, "geometry": { "type": "LineString", "coordinates": [ [ 0.1862838, 51.8770001 ], [ 0.186306, 51.877042 ], [ 0.1863849, 51.8773257 ], [ 0.1863883, 51.877561699999987 ], [ 0.1863389, 51.877689 ], [ 0.1861534, 51.878166499999985 ] ] } },
{ "type": "Feature", "properties": { "id": 57568, "nach": 0.39258046785732353 }, "geometry": { "type": "LineString", "coordinates": [ [ 0.1864643, 51.8766562 ], [ 0.186754, 51.8763764 ], [ 0.1876391, 51.8756544 ], [ 0.187851, 51.8755186 ], [ 0.1882775, 51.8752669 ], [ 0.1887603, 51.8750335 ], [ 0.1894308, 51.8747006 ], [ 0.1898334, 51.8745718 ] ] } },
{ "type": "Feature", "properties": { "id": 68438, "nach": 0.38547923926886368 }, "geometry": { "type": "LineString", "coordinates": [ [ 0.1928608, 51.880802300000013 ], [ 0.1928908, 51.8808023 ], [ 0.1930383, 51.8807675 ], [ 0.1931456, 51.8807211 ], [ 0.1931966, 51.880676399999984 ], [ 0.1932878, 51.880544 ], [ 0.1933548, 51.880214500000015 ], [ 0.1934085, 51.8801251 ], [ 0.1935748, 51.8799926 ], [ 0.1936284, 51.8799065 ], [ 0.1936123, 51.8797923 ], [ 0.1935748, 51.8796399 ], [ 0.1934943, 51.8794744 ], [ 0.1933736, 51.879297200000011 ], [ 0.1933307, 51.87912330000001 ], [ 0.1932878, 51.8789942 ], [ 0.1932878, 51.8788352 ], [ 0.1932502, 51.8785885 ], [ 0.1932153, 51.8785173 ], [ 0.1931376, 51.8784229 ], [ 0.1929793, 51.8783236 ], [ 0.1927874, 51.8781446 ] ] } },
{ "type": "Feature", "properties": { "id": 29687, "nach": 0.62134283448401784 }, "geometry": { "type": "LineString", "coordinates": [ [ 0.1742122, 51.8833675 ], [ 0.1742501, 51.8834053 ], [ 0.1743362, 51.8834913 ] ] } },
{ "type": "Feature", "properties": { "id": 29692, "nach": 0.45257945363615804 }, "geometry": { "type": "LineString", "coordinates": [ [ 0.1738979, 51.8834994 ], [ 0.1740284, 51.8836205 ], [ 0.1743362, 51.8834913 ] ] } },
{ "type": "Feature", "properties": { "id": 56623, "nach": 0.64561699755829005 }, "geometry": { "type": "LineString", "coordinates": [ [ 0.1840355, 51.8732764 ], [ 0.1835278, 51.8735179 ] ] } },
{ "type": "Feature", "properties": { "id": 64842, "nach": 0.50727449047488582 }, "geometry": { "type": "LineString", "coordinates": [ [ 0.1840917, 51.8733196 ], [ 0.1840355, 51.8732764 ] ] } },
{ "type": "Feature", "properties": { "id": 72106, "nach": 0.5886547407420144 }, "geometry": { "type": "LineString", "coordinates": [ [ 0.1839898, 51.873241299999982 ], [ 0.1840355, 51.8732764 ] ] } },
{ "type": "Feature", "properties": { "id": 29495, "nach": 0.46936876375450892 }, "geometry": { "type": "LineString", "coordinates": [ [ 0.1835278, 51.8735179 ], [ 0.1835956, 51.8735721 ] ] } },
{ "type": "Feature", "properties": { "id": 29516, "nach": 0.53873373672108282 }, "geometry": { "type": "LineString", "coordinates": [ [ 0.1835956, 51.8735721 ], [ 0.1836275, 51.8735996 ], [ 0.1836641, 51.8736254 ], [ 0.1836884, 51.8736433 ], [ 0.1837683, 51.8736949 ] ] } },
{ "type": "Feature", "properties": { "id": 64843, "nach": 0.60233499317391725 }, "geometry": { "type": "LineString", "coordinates": [ [ 0.1840917, 51.8733196 ], [ 0.1839472, 51.8733917 ], [ 0.1835956, 51.8735721 ] ] } },
{ "type": "Feature", "properties": { "id": 42849, "nach": 0.57882599038309102 }, "geometry": { "type": "LineString", "coordinates": [ [ 0.1822112, 51.8741332 ], [ 0.1828488, 51.8738899 ], [ 0.1833327, 51.8736904 ], [ 0.1835956, 51.8735721 ] ] } },
{ "type": "Feature", "properties": { "id": 57577, "nach": 0.52841858295102784 }, "geometry": { "type": "LineString", "coordinates": [ [ 0.1856941, 51.8740988 ], [ 0.18561, 51.8739945 ], [ 0.1858924, 51.8736943 ], [ 0.1859218, 51.8736505 ], [ 0.1859218, 51.8736049 ], [ 0.1858825, 51.873552700000012 ], [ 0.1855046, 51.873116200000013 ], [ 0.1851303, 51.8727218 ] ] } },
{ "type": "Feature", "properties": { "id": 57576, "nach": 0.47535725763505982 }, "geometry": { "type": "LineString", "coordinates": [ [ 0.1856941, 51.8740988 ], [ 0.1860006, 51.874479 ], [ 0.1861735, 51.8748162 ], [ 0.1861908, 51.8748888 ] ] } },
{ "type": "Feature", "properties": { "id": 57575, "nach": 0.48423912623657572 }, "geometry": { "type": "LineString", "coordinates": [ [ 0.1856941, 51.8740988 ], [ 0.1855928, 51.8741307 ] ] } },
{ "type": "Feature", "properties": { "id": 64841, "nach": 0.59704032851448385 }, "geometry": { "type": "LineString", "coordinates": [ [ 0.1840917, 51.8733196 ], [ 0.1843401, 51.8731989 ] ] } },
{ "type": "Feature", "properties": { "id": 30370, "nach": 0.43954675955688893 }, "geometry": { "type": "LineString", "coordinates": [ [ 0.1845063, 51.8733703 ], [ 0.1844693, 51.873336 ], [ 0.1844477, 51.8732859 ], [ 0.1843982, 51.873246 ], [ 0.1843721, 51.8732248 ], [ 0.1843401, 51.8731989 ] ] } },
{ "type": "Feature", "properties": { "id": 30368, "nach": 0.50442052275028504 }, "geometry": { "type": "LineString", "coordinates": [ [ 0.1837683, 51.8736949 ], [ 0.1838022, 51.8737243 ] ] } },
{ "type": "Feature", "properties": { "id": 30369, "nach": 0.36771085702348394 }, "geometry": { "type": "LineString", "coordinates": [ [ 0.1845063, 51.8733703 ], [ 0.1837683, 51.8736949 ] ] } },
{ "type": "Feature", "properties": { "id": 42851, "nach": 0.51241613577551004 }, "geometry": { "type": "LineString", "coordinates": [ [ 0.1822112, 51.8741332 ], [ 0.1824546, 51.8743565 ], [ 0.1826795, 51.8745574 ], [ 0.1827468, 51.874611 ] ] } },
{ "type": "Feature", "properties": { "id": 29532, "nach": 0.51766335978587319 }, "geometry": { "type": "LineString", "coordinates": [ [ 0.1863283, 51.8765698 ], [ 0.1862547, 51.8765406 ], [ 0.1862201, 51.8764798 ], [ 0.1862582, 51.8762323 ], [ 0.186329, 51.8760402 ], [ 0.1863688, 51.8758961 ], [ 0.1863624, 51.875853 ], [ 0.1863118, 51.8755098 ], [ 0.1861908, 51.8748888 ] ] } },
{ "type": "Feature", "properties": { "id": 57566, "nach": 0.48337164267209309 }, "geometry": { "type": "LineString", "coordinates": [ [ 0.1864643, 51.8766562 ], [ 0.1863283, 51.8765698 ] ] } },
{ "type": "Feature", "properties": { "id": 57579, "nach": 0.54730704742722147 }, "geometry": { "type": "LineString", "coordinates": [ [ 0.1851504, 51.8736437 ], [ 0.185232, 51.873702 ], [ 0.1854685, 51.8739498 ], [ 0.1855928, 51.8741307 ] ] } },
{ "type": "Feature", "properties": { "id": 57571, "nach": 0.46013012442384676 }, "geometry": { "type": "LineString", "coordinates": [ [ 0.1862838, 51.8770001 ], [ 0.1863302, 51.8768053 ], [ 0.1864643, 51.8766562 ] ] } },
{ "type": "Feature", "properties": { "id": 29694, "nach": 0.62335383558645785 }, "geometry": { "type": "LineString", "coordinates": [ [ 0.1740896, 51.8832453 ], [ 0.1742122, 51.8833675 ] ] } },
{ "type": "Feature", "properties": { "id": 29691, "nach": 0.13400108111049494 }, "geometry": { "type": "LineString", "coordinates": [ [ 0.1738979, 51.8834994 ], [ 0.1742122, 51.8833675 ] ] } },
{ "type": "Feature", "properties": { "id": 29690, "nach": 0.47190736192296551 }, "geometry": { "type": "LineString", "coordinates": [ [ 0.1738979, 51.8834994 ], [ 0.173773, 51.8833886 ] ] } },
{ "type": "Feature", "properties": { "id": 29673, "nach": 0.55644775697189852 }, "geometry": { "type": "LineString", "coordinates": [ [ 0.1753155, 51.8842192 ], [ 0.1751292, 51.8843146 ] ] } },
{ "type": "Feature", "properties": { "id": 29683, "nach": 0.0 }, "geometry": { "type": "LineString", "coordinates": [ [ 0.1753461, 51.8846929 ], [ 0.1755603, 51.8846461 ], [ 0.1753155, 51.8842192 ] ] } },
{ "type": "Feature", "properties": { "id": 29688, "nach": 0.48510961148041204 }, "geometry": { "type": "LineString", "coordinates": [ [ 0.1751292, 51.8843146 ], [ 0.1753461, 51.8846929 ] ] } },
{ "type": "Feature", "properties": { "id": 57332, "nach": 0.54643835776146321 }, "geometry": { "type": "LineString", "coordinates": [ [ 0.1747644, 51.8844164 ], [ 0.1748373, 51.8843898 ], [ 0.1751292, 51.8843146 ] ] } },
{ "type": "Feature", "properties": { "id": 29696, "nach": 0.4372905012656057 }, "geometry": { "type": "LineString", "coordinates": [ [ 0.1736035, 51.8832346 ], [ 0.173773, 51.8833886 ] ] } },
{ "type": "Feature", "properties": { "id": 29695, "nach": 0.44547020271364624 }, "geometry": { "type": "LineString", "coordinates": [ [ 0.1740896, 51.8832453 ], [ 0.1739569, 51.8833061 ], [ 0.173773, 51.8833886 ] ] } },
{ "type": "Feature", "properties": { "id": 29697, "nach": 0.40121768663712071 }, "geometry": { "type": "LineString", "coordinates": [ [ 0.1736035, 51.8832346 ], [ 0.1739382, 51.8830942 ] ] } },
{ "type": "Feature", "properties": { "id": 71301, "nach": 0.48596337982867599 }, "geometry": { "type": "LineString", "coordinates": [ [ 0.1734896, 51.8831402 ], [ 0.1736035, 51.8832346 ] ] } },
{ "type": "Feature", "properties": { "id": 29693, "nach": 0.63066596713031353 }, "geometry": { "type": "LineString", "coordinates": [ [ 0.1740896, 51.8832453 ], [ 0.1739382, 51.8830942 ] ] } },
{ "type": "Feature", "properties": { "id": 72929, "nach": 0.47706680885631825 }, "geometry": { "type": "LineString", "coordinates": [ [ 0.1751695, 51.8847348 ], [ 0.1753461, 51.8846929 ] ] } },
{ "type": "Feature", "properties": { "id": 59286, "nach": 0.42823950930431198 }, "geometry": { "type": "LineString", "coordinates": [ [ 0.1753899, 51.884845 ], [ 0.1753461, 51.8846929 ] ] } },
{ "type": "Feature", "properties": { "id": 57325, "nach": 0.4560003452651466 }, "geometry": { "type": "LineString", "coordinates": [ [ 0.1752975, 51.884835500000015 ], [ 0.1753122, 51.884792200000014 ], [ 0.1753461, 51.8846929 ] ] } },
{ "type": "Feature", "properties": { "id": 72927, "nach": 0.59765966298385975 }, "geometry": { "type": "LineString", "coordinates": [ [ 0.1751695, 51.8847348 ], [ 0.1752975, 51.884835500000015 ] ] } },
{ "type": "Feature", "properties": { "id": 72928, "nach": 0.5358507003617512 }, "geometry": { "type": "LineString", "coordinates": [ [ 0.1751695, 51.8847348 ], [ 0.1748685, 51.8844982 ] ] } },
{ "type": "Feature", "properties": { "id": 68141, "nach": 0.62717596987169921 }, "geometry": { "type": "LineString", "coordinates": [ [ 0.175326, 51.8848596 ], [ 0.1753899, 51.884845 ] ] } },
{ "type": "Feature", "properties": { "id": 83633, "nach": 0.62225968798909814 }, "geometry": { "type": "LineString", "coordinates": [ [ 0.1754545, 51.8848302 ], [ 0.1753899, 51.884845 ] ] } },
{ "type": "Feature", "properties": { "id": 68139, "nach": 0.61088446791494977 }, "geometry": { "type": "LineString", "coordinates": [ [ 0.175326, 51.8848596 ], [ 0.1752975, 51.884835500000015 ] ] } },
{ "type": "Feature", "properties": { "id": 70751, "nach": 0.64286830205419787 }, "geometry": { "type": "LineString", "coordinates": [ [ 0.1748685, 51.8844982 ], [ 0.1747644, 51.8844164 ] ] } },
{ "type": "Feature", "properties": { "id": 30366, "nach": 0.46340636776027522 }, "geometry": { "type": "LineString", "coordinates": [ [ 0.172997, 51.8841041 ], [ 0.1735739, 51.883831200000017 ] ] } },
{ "type": "Feature", "properties": { "id": 30367, "nach": 0.46453323413806108 }, "geometry": { "type": "LineString", "coordinates": [ [ 0.1730131, 51.8839013 ], [ 0.1733257, 51.883749899999984 ], [ 0.1733593, 51.8837503 ], [ 0.173469, 51.8837699 ], [ 0.1735739, 51.883831200000017 ] ] } },
{ "type": "Feature", "properties": { "id": 67539, "nach": 0.45476333777407357 }, "geometry": { "type": "LineString", "coordinates": [ [ 0.1838022, 51.8737243 ], [ 0.1835966, 51.8738086 ] ] } },
{ "type": "Feature", "properties": { "id": 67540, "nach": 0.0 }, "geometry": { "type": "LineString", "coordinates": [ [ 0.1838022, 51.8737243 ], [ 0.1839108, 51.8738185 ], [ 0.184649, 51.873494 ], [ 0.1845063, 51.8733703 ] ] } },
{ "type": "Feature", "properties": { "id": 58100, "nach": 0.57092201230048278 }, "geometry": { "type": "LineString", "coordinates": [ [ 0.1669279, 51.8815908 ], [ 0.1670988, 51.8815146 ], [ 0.1671646, 51.8814854 ], [ 0.1672283, 51.881457 ] ] } },
{ "type": "Feature", "properties": { "id": 58102, "nach": 0.49532736215309309 }, "geometry": { "type": "LineString", "coordinates": [ [ 0.1672018, 51.8820236 ], [ 0.1671106, 51.881733100000012 ], [ 0.1670398, 51.881678 ], [ 0.1669279, 51.8815908 ] ] } },
{ "type": "Feature", "properties": { "id": 36648, "nach": 0.49407647203899996 }, "geometry": { "type": "LineString", "coordinates": [ [ 0.172255, 51.880107800000012 ], [ 0.1723523, 51.8804707 ] ] } },
{ "type": "Feature", "properties": { "id": 62780, "nach": 0.66167060082832407 }, "geometry": { "type": "LineString", "coordinates": [ [ 0.1720624, 51.8804941 ], [ 0.1721588, 51.8804902 ], [ 0.1722315, 51.8804861 ], [ 0.1723523, 51.8804707 ] ] } },
{ "type": "Feature", "properties": { "id": 36652, "nach": 0.46914032076993201 }, "geometry": { "type": "LineString", "coordinates": [ [ 0.1723703, 51.8800994 ], [ 0.172255, 51.880107800000012 ] ] } },
{ "type": "Feature", "properties": { "id": 36653, "nach": 0.52594464952887043 }, "geometry": { "type": "LineString", "coordinates": [ [ 0.1722258, 51.880111699999986 ], [ 0.172255, 51.880107800000012 ] ] } },
{ "type": "Feature", "properties": { "id": 62781, "nach": 0.46410626079938183 }, "geometry": { "type": "LineString", "coordinates": [ [ 0.1720624, 51.8804941 ], [ 0.1720418, 51.8805791 ], [ 0.171905, 51.880715700000017 ], [ 0.1718634, 51.8807869 ], [ 0.1718218, 51.88086220000001 ] ] } },
{ "type": "Feature", "properties": { "id": 36654, "nach": 0.46819508122659126 }, "geometry": { "type": "LineString", "coordinates": [ [ 0.1722258, 51.880111699999986 ], [ 0.1719473, 51.8801359 ] ] } },
{ "type": "Feature", "properties": { "id": 36666, "nach": 0.4647284461911288 }, "geometry": { "type": "LineString", "coordinates": [ [ 0.1725886, 51.8807739 ], [ 0.1725713, 51.880732 ] ] } },
{ "type": "Feature", "properties": { "id": 36665, "nach": 0.46302231338511646 }, "geometry": { "type": "LineString", "coordinates": [ [ 0.1723714, 51.8808151 ], [ 0.1723591, 51.8807724 ], [ 0.1723726, 51.8807587 ], [ 0.1724578, 51.8807488 ], [ 0.1725713, 51.880732 ] ] } },
{ "type": "Feature", "properties": { "id": 42732, "nach": 0.65276983895816643 }, "geometry": { "type": "LineString", "coordinates": [ [ 0.1731292, 51.88499740000001 ], [ 0.1737659, 51.8849423 ], [ 0.1741826, 51.8848969 ] ] } },
{ "type": "Feature", "properties": { "id": 54829, "nach": 0.40656312793944255 }, "geometry": { "type": "LineString", "coordinates": [ [ 0.169748, 51.8762706 ], [ 0.1697156, 51.8761966 ], [ 0.1696468, 51.8760395 ], [ 0.1696007, 51.8759341 ] ] } },
{ "type": "Feature", "properties": { "id": 70665, "nach": 0.39835729570701855 }, "geometry": { "type": "LineString", "coordinates": [ [ 0.1698625, 51.8767866 ], [ 0.1698863, 51.876877 ] ] } },
{ "type": "Feature", "properties": { "id": 70668, "nach": 0.3979498820311862 }, "geometry": { "type": "LineString", "coordinates": [ [ 0.170028, 51.876769600000017 ], [ 0.1698625, 51.8767866 ] ] } },
{ "type": "Feature", "properties": { "id": 82853, "nach": 0.62986777310237574 }, "geometry": { "type": "LineString", "coordinates": [ [ 0.1708918, 51.8781727 ], [ 0.1709077, 51.8783195 ] ] } },
{ "type": "Feature", "properties": { "id": 85697, "nach": 0.57664052961066337 }, "geometry": { "type": "LineString", "coordinates": [ [ 0.1712666, 51.8783151 ], [ 0.1711867, 51.87831640000001 ], [ 0.1709077, 51.8783195 ] ] } },
{ "type": "Feature", "properties": { "id": 82857, "nach": 0.51839244391039807 }, "geometry": { "type": "LineString", "coordinates": [ [ 0.1713394, 51.8781327 ], [ 0.1708918, 51.8781727 ] ] } },
{ "type": "Feature", "properties": { "id": 85695, "nach": 0.55164259093511703 }, "geometry": { "type": "LineString", "coordinates": [ [ 0.1712666, 51.8783151 ], [ 0.1713613, 51.8783135 ] ] } },
{ "type": "Feature", "properties": { "id": 85698, "nach": 0.44808781592528357 }, "geometry": { "type": "LineString", "coordinates": [ [ 0.1712653, 51.8782308 ], [ 0.1712666, 51.8783151 ] ] } },
{ "type": "Feature", "properties": { "id": 44312, "nach": 0.43774370539378848 }, "geometry": { "type": "LineString", "coordinates": [ [ 0.1719027, 51.8783045 ], [ 0.1719626, 51.8783035 ], [ 0.1719686, 51.878439899999982 ] ] } },
{ "type": "Feature", "properties": { "id": 44311, "nach": 0.43774370539378848 }, "geometry": { "type": "LineString", "coordinates": [ [ 0.1719027, 51.8783045 ], [ 0.1718906, 51.87812490000001 ] ] } },
{ "type": "Feature", "properties": { "id": 54816, "nach": 0.51343952814082106 }, "geometry": { "type": "LineString", "coordinates": [ [ 0.1713613, 51.8783135 ], [ 0.1719027, 51.8783045 ] ] } },
{ "type": "Feature", "properties": { "id": 42323, "nach": 0.44701370284708469 }, "geometry": { "type": "LineString", "coordinates": [ [ 0.1829294, 51.8733827 ], [ 0.1827081, 51.8734896 ], [ 0.18259, 51.8735492 ] ] } },
{ "type": "Feature", "properties": { "id": 42325, "nach": 0.44615747789259497 }, "geometry": { "type": "LineString", "coordinates": [ [ 0.1829294, 51.8733827 ], [ 0.1828301, 51.8732669 ], [ 0.1825753, 51.8732072 ] ] } },
{ "type": "Feature", "properties": { "id": 42331, "nach": 0.52421179988722666 }, "geometry": { "type": "LineString", "coordinates": [ [ 0.1832539, 51.8734126 ], [ 0.1831533, 51.8734142 ], [ 0.1830313, 51.8734026 ], [ 0.1829294, 51.8733827 ] ] } },
{ "type": "Feature", "properties": { "id": 42329, "nach": 0.45250291211667165 }, "geometry": { "type": "LineString", "coordinates": [ [ 0.1832539, 51.8734126 ], [ 0.1833129, 51.8732286 ] ] } },
{ "type": "Feature", "properties": { "id": 72109, "nach": 0.5622417713933251 }, "geometry": { "type": "LineString", "coordinates": [ [ 0.1833305, 51.8734733 ], [ 0.1832539, 51.8734126 ] ] } },
{ "type": "Feature", "properties": { "id": 42328, "nach": 0.0 }, "geometry": { "type": "LineString", "coordinates": [ [ 0.1833129, 51.8732286 ], [ 0.1832864, 51.8732237 ], [ 0.1832641, 51.8732136 ], [ 0.1832488, 51.8731993 ], [ 0.1832423, 51.8731827 ], [ 0.1832454, 51.8731657 ], [ 0.1832577, 51.8731504 ], [ 0.1832778, 51.8731387 ], [ 0.1833031, 51.87313180000001 ], [ 0.1833307, 51.8731307 ], [ 0.1833548, 51.8731348 ], [ 0.1833756, 51.8731433 ], [ 0.1833912, 51.8731553 ], [ 0.1833999, 51.8731698 ], [ 0.1834011, 51.8731851 ], [ 0.1833944, 51.8732 ], [ 0.1833807, 51.8732128 ], [ 0.1833612, 51.873222399999989 ], [ 0.1833379, 51.8732279 ], [ 0.1833129, 51.8732286 ] ] } },
{ "type": "Feature", "properties": { "id": 72112, "nach": 0.44728178664872653 }, "geometry": { "type": "LineString", "coordinates": [ [ 0.1833305, 51.8734733 ], [ 0.1832817, 51.8735005 ], [ 0.1832991, 51.8735203 ], [ 0.1833004, 51.8735319 ], [ 0.1833004, 51.8735543 ], [ 0.1832736, 51.8735849 ], [ 0.183118, 51.873654499999986 ], [ 0.182658, 51.87381760000001 ] ] } },
{ "type": "Feature", "properties": { "id": 72111, "nach": 0.55877615617601084 }, "geometry": { "type": "LineString", "coordinates": [ [ 0.1833305, 51.8734733 ], [ 0.1833621, 51.8734557 ], [ 0.1833943, 51.8734698 ], [ 0.1834278, 51.8734789 ], [ 0.1834587, 51.8734855 ], [ 0.1834936, 51.8734831 ], [ 0.18357, 51.8734566 ], [ 0.1839898, 51.873241299999982 ] ] } },
{ "type": "Feature", "properties": { "id": 69419, "nach": 0.0 }, "geometry": { "type": "LineString", "coordinates": [ [ 0.1754381, 51.8851455 ], [ 0.1750693, 51.8852253 ], [ 0.1752406, 51.8850398 ] ] } },
{ "type": "Feature", "properties": { "id": 42847, "nach": 0.44336024455369316 }, "geometry": { "type": "LineString", "coordinates": [ [ 0.1831574, 51.874439 ], [ 0.1827468, 51.874611 ] ] } },
{ "type": "Feature", "properties": { "id": 43199, "nach": 0.40800166601724397 }, "geometry": { "type": "LineString", "coordinates": [ [ 0.1844128, 51.8747882 ], [ 0.184194, 51.8748928 ], [ 0.184194, 51.8749403 ], [ 0.1841386, 51.8749784 ], [ 0.1840584, 51.8750086 ], [ 0.1839753, 51.8750053 ], [ 0.1839243, 51.8750003 ], [ 0.1837822, 51.8750682 ], [ 0.1833074, 51.8752785 ], [ 0.1832618, 51.8752801 ], [ 0.1832108, 51.8752619 ], [ 0.1829802, 51.875038399999987 ], [ 0.1829963, 51.8749556 ], [ 0.1829882, 51.8748777 ], [ 0.1829534, 51.8748397 ], [ 0.1828648, 51.8747751 ], [ 0.182838, 51.8747353 ], [ 0.182779, 51.87464090000001 ], [ 0.1827468, 51.874611 ] ] } },
{ "type": "Feature", "properties": { "id": 43486, "nach": 0.58264341052077617 }, "geometry": { "type": "LineString", "coordinates": [ [ 0.1761559, 51.8803283 ], [ 0.1761867, 51.8804398 ] ] } },
{ "type": "Feature", "properties": { "id": 68624, "nach": 0.57008458778311089 }, "geometry": { "type": "LineString", "coordinates": [ [ 0.1762313, 51.8805851 ], [ 0.1761867, 51.8804398 ] ] } },
{ "type": "Feature", "properties": { "id": 43487, "nach": 0.61123686943847411 }, "geometry": { "type": "LineString", "coordinates": [ [ 0.1761559, 51.8803283 ], [ 0.1762063, 51.8803266 ] ] } },
{ "type": "Feature", "properties": { "id": 68625, "nach": 0.38417220330882063 }, "geometry": { "type": "LineString", "coordinates": [ [ 0.1762313, 51.8805851 ], [ 0.1766313, 51.8805411 ], [ 0.1766206, 51.8805013 ], [ 0.1770419, 51.8804554 ], [ 0.1769826, 51.8802455 ] ] } },
{ "type": "Feature", "properties": { "id": 68623, "nach": 0.57287659104157318 }, "geometry": { "type": "LineString", "coordinates": [ [ 0.1762313, 51.8805851 ], [ 0.176273, 51.880758100000016 ] ] } },
{ "type": "Feature", "properties": { "id": 43502, "nach": 0.44379041057070812 }, "geometry": { "type": "LineString", "coordinates": [ [ 0.1755145, 51.8804419 ], [ 0.1758886, 51.880399900000015 ], [ 0.1758718, 51.8803468 ] ] } },
{ "type": "Feature", "properties": { "id": 68612, "nach": 0.48171971333382463 }, "geometry": { "type": "LineString", "coordinates": [ [ 0.175273, 51.879736200000011 ], [ 0.1752756, 51.8797424 ], [ 0.1754081, 51.8800733 ], [ 0.1754758, 51.8802819 ], [ 0.1755145, 51.8804419 ] ] } },
{ "type": "Feature", "properties": { "id": 68947, "nach": 0.46124064940162135 }, "geometry": { "type": "LineString", "coordinates": [ [ 0.1762077, 51.8813209 ], [ 0.1760711, 51.880917599999989 ] ] } },
{ "type": "Feature", "properties": { "id": 68805, "nach": 0.45773701236843606 }, "geometry": { "type": "LineString", "coordinates": [ [ 0.1755761, 51.8808279 ], [ 0.175515, 51.8809124 ], [ 0.1755271, 51.8809592 ], [ 0.1757973, 51.8811785 ], [ 0.1758309, 51.881265 ] ] } },
{ "type": "Feature", "properties": { "id": 68807, "nach": 0.4588067956455128 }, "geometry": { "type": "LineString", "coordinates": [ [ 0.1750443, 51.8807356 ], [ 0.1754902, 51.8806777 ], [ 0.1755319, 51.880761300000017 ], [ 0.1755761, 51.8808279 ] ] } },
{ "type": "Feature", "properties": { "id": 68905, "nach": 0.39562329849037675 }, "geometry": { "type": "LineString", "coordinates": [ [ 0.1752406, 51.879555 ], [ 0.175961, 51.8794822 ], [ 0.1759944, 51.879600299999986 ] ] } },
{ "type": "Feature", "properties": { "id": 77188, "nach": 0.60790750076737465 }, "geometry": { "type": "LineString", "coordinates": [ [ 0.1776458, 51.880129599999989 ], [ 0.177412, 51.8801552 ], [ 0.17733, 51.8801818 ] ] } },
{ "type": "Feature", "properties": { "id": 77178, "nach": 0.5926733438127596 }, "geometry": { "type": "LineString", "coordinates": [ [ 0.177012, 51.88024260000001 ], [ 0.1773297, 51.8802115 ], [ 0.17733, 51.8801818 ] ] } },
{ "type": "Feature", "properties": { "id": 55580, "nach": 0.59731379686761099 }, "geometry": { "type": "LineString", "coordinates": [ [ 0.1767827, 51.8795292 ], [ 0.1768013, 51.8796027 ] ] } },
{ "type": "Feature", "properties": { "id": 43563, "nach": 0.45989985260003541 }, "geometry": { "type": "LineString", "coordinates": [ [ 0.176813, 51.8796534 ], [ 0.1768013, 51.8796027 ] ] } },
{ "type": "Feature", "properties": { "id": 55582, "nach": 0.59701914244719212 }, "geometry": { "type": "LineString", "coordinates": [ [ 0.1766124, 51.8795446 ], [ 0.1767827, 51.8795292 ] ] } },
{ "type": "Feature", "properties": { "id": 68906, "nach": 0.44686565033934567 }, "geometry": { "type": "LineString", "coordinates": [ [ 0.1779699, 51.8794624 ], [ 0.1770325, 51.8795137 ], [ 0.1770271, 51.8795029 ], [ 0.1767827, 51.8795292 ] ] } },
{ "type": "Feature", "properties": { "id": 43573, "nach": 0.50377469520013862 }, "geometry": { "type": "LineString", "coordinates": [ [ 0.1766472, 51.8796699 ], [ 0.176813, 51.8796534 ] ] } },
{ "type": "Feature", "properties": { "id": 77179, "nach": 0.43036605418809193 }, "geometry": { "type": "LineString", "coordinates": [ [ 0.177012, 51.88024260000001 ], [ 0.1768956, 51.8796445 ], [ 0.176813, 51.8796534 ] ] } },
{ "type": "Feature", "properties": { "id": 43566, "nach": 0.50332962929285185 }, "geometry": { "type": "LineString", "coordinates": [ [ 0.1764247, 51.8796921 ], [ 0.1764021, 51.879609 ] ] } },
{ "type": "Feature", "properties": { "id": 43569, "nach": 0.59038782264353939 }, "geometry": { "type": "LineString", "coordinates": [ [ 0.1766235, 51.8795849 ], [ 0.1764021, 51.879609 ] ] } },
{ "type": "Feature", "properties": { "id": 43554, "nach": 0.59896033831533857 }, "geometry": { "type": "LineString", "coordinates": [ [ 0.1765101, 51.880293099999989 ], [ 0.1762063, 51.8803266 ] ] } },
{ "type": "Feature", "properties": { "id": 43553, "nach": 0.58044696793280282 }, "geometry": { "type": "LineString", "coordinates": [ [ 0.1765101, 51.880293099999989 ], [ 0.1769826, 51.8802455 ] ] } },
{ "type": "Feature", "properties": { "id": 43568, "nach": 0.48965674291388772 }, "geometry": { "type": "LineString", "coordinates": [ [ 0.1764247, 51.8796921 ], [ 0.1765517, 51.8801778 ], [ 0.1764832, 51.88018670000001 ], [ 0.1765101, 51.880293099999989 ] ] } },
{ "type": "Feature", "properties": { "id": 77177, "nach": 0.58815642749810826 }, "geometry": { "type": "LineString", "coordinates": [ [ 0.177012, 51.88024260000001 ], [ 0.1769826, 51.8802455 ] ] } },
{ "type": "Feature", "properties": { "id": 77185, "nach": 0.49412211144909501 }, "geometry": { "type": "LineString", "coordinates": [ [ 0.1780576, 51.880084400000015 ], [ 0.1779641, 51.880209 ], [ 0.177889, 51.8802661 ], [ 0.1777213, 51.880374499999988 ] ] } },
{ "type": "Feature", "properties": { "id": 77186, "nach": 0.59347139537727445 }, "geometry": { "type": "LineString", "coordinates": [ [ 0.1776458, 51.880129599999989 ], [ 0.1780576, 51.880084400000015 ] ] } },
{ "type": "Feature", "properties": { "id": 68903, "nach": 0.55353860048867298 }, "geometry": { "type": "LineString", "coordinates": [ [ 0.1752406, 51.879555 ], [ 0.1752126, 51.8791876 ] ] } },
{ "type": "Feature", "properties": { "id": 43545, "nach": 0.5705493826888558 }, "geometry": { "type": "LineString", "coordinates": [ [ 0.1762747, 51.8791796 ], [ 0.1757019, 51.879183500000011 ], [ 0.1752126, 51.8791876 ] ] } },
{ "type": "Feature", "properties": { "id": 43544, "nach": 0.62848467306388167 }, "geometry": { "type": "LineString", "coordinates": [ [ 0.1762747, 51.8791796 ], [ 0.1763591, 51.879179 ], [ 0.1765028, 51.8791792 ], [ 0.1765061, 51.8791796 ] ] } },
{ "type": "Feature", "properties": { "id": 55583, "nach": 0.54305625913473998 }, "geometry": { "type": "LineString", "coordinates": [ [ 0.1766124, 51.8795446 ], [ 0.1765061, 51.8791796 ] ] } },
{ "type": "Feature", "properties": { "id": 55584, "nach": 0.59842159710705556 }, "geometry": { "type": "LineString", "coordinates": [ [ 0.1766124, 51.8795446 ], [ 0.1766235, 51.8795849 ] ] } },
{ "type": "Feature", "properties": { "id": 77159, "nach": 0.54217112867842099 }, "geometry": { "type": "LineString", "coordinates": [ [ 0.1782837, 51.879289 ], [ 0.1782073, 51.8791057 ] ] } },
{ "type": "Feature", "properties": { "id": 77160, "nach": 0.55423567924155515 }, "geometry": { "type": "LineString", "coordinates": [ [ 0.1782837, 51.879289 ], [ 0.1791615, 51.879146799999987 ] ] } },
{ "type": "Feature", "properties": { "id": 77162, "nach": 0.45924092457167004 }, "geometry": { "type": "LineString", "coordinates": [ [ 0.1792991, 51.8791246 ], [ 0.1791615, 51.879146799999987 ] ] } },
{ "type": "Feature", "properties": { "id": 87282, "nach": 0.48863814812411938 }, "geometry": { "type": "LineString", "coordinates": [ [ 0.1793983, 51.8792889 ], [ 0.1793935, 51.879265500000017 ], [ 0.1793723, 51.8792349 ], [ 0.1792991, 51.8791246 ] ] } },
{ "type": "Feature", "properties": { "id": 43572, "nach": 0.48955723393953704 }, "geometry": { "type": "LineString", "coordinates": [ [ 0.1766472, 51.8796699 ], [ 0.1764247, 51.8796921 ] ] } },
{ "type": "Feature", "properties": { "id": 43574, "nach": 0.44727828078979248 }, "geometry": { "type": "LineString", "coordinates": [ [ 0.1766472, 51.8796699 ], [ 0.1766235, 51.8795849 ] ] } },
{ "type": "Feature", "properties": { "id": 56127, "nach": 0.57132074865216931 }, "geometry": { "type": "LineString", "coordinates": [ [ 0.176273, 51.880758100000016 ], [ 0.1764203, 51.8807358 ] ] } },
{ "type": "Feature", "properties": { "id": 53467, "nach": 0.46161727543316727 }, "geometry": { "type": "LineString", "coordinates": [ [ 0.1765784, 51.8806113 ], [ 0.1764228, 51.8806352 ], [ 0.176404, 51.8806856 ], [ 0.1764203, 51.8807358 ] ] } },
{ "type": "Feature", "properties": { "id": 56100, "nach": 0.57148485296359541 }, "geometry": { "type": "LineString", "coordinates": [ [ 0.1785813, 51.879346500000011 ], [ 0.1783361, 51.8793832 ] ] } },
{ "type": "Feature", "properties": { "id": 56115, "nach": 0.57560874096232684 }, "geometry": { "type": "LineString", "coordinates": [ [ 0.178418, 51.8796596 ], [ 0.1783361, 51.8793832 ] ] } },
{ "type": "Feature", "properties": { "id": 56099, "nach": 0.4345889195159886 }, "geometry": { "type": "LineString", "coordinates": [ [ 0.1785813, 51.879346500000011 ], [ 0.1792064, 51.87925280000001 ] ] } },
{ "type": "Feature", "properties": { "id": 56104, "nach": 0.55968651604482955 }, "geometry": { "type": "LineString", "coordinates": [ [ 0.1786883, 51.8793714 ], [ 0.1786542, 51.8793622 ], [ 0.1785813, 51.879346500000011 ] ] } },
{ "type": "Feature", "properties": { "id": 56116, "nach": 0.46907688123632768 }, "geometry": { "type": "LineString", "coordinates": [ [ 0.178418, 51.8796596 ], [ 0.1785261, 51.879649099999988 ], [ 0.1785389, 51.8796928 ], [ 0.1785781, 51.879815100000016 ] ] } },
{ "type": "Feature", "properties": { "id": 77187, "nach": 0.50622153729995267 }, "geometry": { "type": "LineString", "coordinates": [ [ 0.1776458, 51.880129599999989 ], [ 0.1777213, 51.880374499999988 ] ] } },
{ "type": "Feature", "properties": { "id": 87283, "nach": 0.53883992383561752 }, "geometry": { "type": "LineString", "coordinates": [ [ 0.1793983, 51.8792889 ], [ 0.1793607, 51.8792782 ], [ 0.1792503, 51.8792462 ], [ 0.1792064, 51.87925280000001 ] ] } },
{ "type": "Feature", "properties": { "id": 68647, "nach": 0.54808511764746981 }, "geometry": { "type": "LineString", "coordinates": [ [ 0.1791615, 51.879146799999987 ], [ 0.1791742, 51.8791774 ], [ 0.1792064, 51.87925280000001 ] ] } },
{ "type": "Feature", "properties": { "id": 87281, "nach": 0.56510069930773155 }, "geometry": { "type": "LineString", "coordinates": [ [ 0.1793983, 51.8792889 ], [ 0.1794043, 51.879318199999986 ] ] } },
{ "type": "Feature", "properties": { "id": 54818, "nach": 0.4460785311080061 }, "geometry": { "type": "LineString", "coordinates": [ [ 0.1713613, 51.8783135 ], [ 0.1713716, 51.8784205 ] ] } },
{ "type": "Feature", "properties": { "id": 45154, "nach": 0.43843060764695607 }, "geometry": { "type": "LineString", "coordinates": [ [ 0.179611, 51.8734472 ], [ 0.1795147, 51.8736533 ] ] } },
{ "type": "Feature", "properties": { "id": 45153, "nach": 0.41975052898087456 }, "geometry": { "type": "LineString", "coordinates": [ [ 0.180766, 51.8728987 ], [ 0.1809018, 51.8730742 ], [ 0.1808934, 51.8730948 ], [ 0.1808705, 51.873109 ], [ 0.180812, 51.8731438 ], [ 0.1804903, 51.8733037 ], [ 0.1802897, 51.8734108 ], [ 0.1801602, 51.8734611 ], [ 0.1799408, 51.8735282 ], [ 0.1796275, 51.873603 ], [ 0.1795648, 51.8736223 ], [ 0.1795147, 51.8736533 ] ] } },
{ "type": "Feature", "properties": { "id": 72923, "nach": 0.54446812927502886 }, "geometry": { "type": "LineString", "coordinates": [ [ 0.1769468, 51.885780200000013 ], [ 0.1770919, 51.885832100000016 ], [ 0.1773105, 51.8858876 ], [ 0.1774456, 51.88591310000001 ] ] } },
{ "type": "Feature", "properties": { "id": 72921, "nach": 0.53347481472548941 }, "geometry": { "type": "LineString", "coordinates": [ [ 0.1769468, 51.885780200000013 ], [ 0.1767983, 51.8857271 ] ] } },
{ "type": "Feature", "properties": { "id": 72924, "nach": 0.4631400692326933 }, "geometry": { "type": "LineString", "coordinates": [ [ 0.1770302, 51.8856981 ], [ 0.1769468, 51.885780200000013 ] ] } },
{ "type": "Feature", "properties": { "id": 53536, "nach": 0.61104575567563923 }, "geometry": { "type": "LineString", "coordinates": [ [ 0.1752799, 51.8849972 ], [ 0.1754739, 51.8850475 ] ] } },
{ "type": "Feature", "properties": { "id": 65362, "nach": 0.47811753436526327 }, "geometry": { "type": "LineString", "coordinates": [ [ 0.1752406, 51.8850398 ], [ 0.1752799, 51.8849972 ] ] } },
{ "type": "Feature", "properties": { "id": 70696, "nach": 0.51558333612750595 }, "geometry": { "type": "LineString", "coordinates": [ [ 0.1748033, 51.8849577 ], [ 0.1749116, 51.8849612 ], [ 0.1750296, 51.884981 ], [ 0.1752406, 51.8850398 ] ] } },
{ "type": "Feature", "properties": { "id": 53544, "nach": 0.42913030778183969 }, "geometry": { "type": "LineString", "coordinates": [ [ 0.1712064, 51.8833869 ], [ 0.1708743, 51.8834786 ], [ 0.1712793, 51.8838098 ] ] } },
{ "type": "Feature", "properties": { "id": 53543, "nach": 0.43734705525965811 }, "geometry": { "type": "LineString", "coordinates": [ [ 0.1712064, 51.8833869 ], [ 0.1714483, 51.883732 ] ] } },
{ "type": "Feature", "properties": { "id": 54046, "nach": 0.47269945445800715 }, "geometry": { "type": "LineString", "coordinates": [ [ 0.1713767, 51.8760323 ], [ 0.1713816, 51.8760573 ], [ 0.1713849, 51.8760841 ], [ 0.1721753, 51.8760462 ], [ 0.1721719, 51.87601870000001 ], [ 0.1721687, 51.8760021 ] ] } },
{ "type": "Feature", "properties": { "id": 72113, "nach": 0.57818040165234397 }, "geometry": { "type": "LineString", "coordinates": [ [ 0.1842986, 51.8730719 ], [ 0.1839898, 51.873241299999982 ] ] } },
{ "type": "Feature", "properties": { "id": 54821, "nach": 0.0 }, "geometry": { "type": "LineString", "coordinates": [ [ 0.1762887, 51.87552250000001 ], [ 0.1763284, 51.875507 ], [ 0.1763594, 51.8754852 ], [ 0.1763793, 51.8754588 ], [ 0.1763863, 51.8754302 ], [ 0.1763799, 51.875401400000015 ], [ 0.1763607, 51.875374900000011 ], [ 0.1763301, 51.8753529 ], [ 0.1762908, 51.875337 ], [ 0.1762458, 51.8753287 ], [ 0.1761988, 51.8753285 ], [ 0.1761536, 51.8753364 ], [ 0.1761139, 51.875352 ], [ 0.1760828, 51.8753738 ], [ 0.176063, 51.8754001 ], [ 0.176056, 51.875428800000016 ], [ 0.1760624, 51.87545750000001 ], [ 0.1760816, 51.875484 ], [ 0.1761122, 51.875506 ], [ 0.1761515, 51.87552190000001 ], [ 0.1761965, 51.8755303 ], [ 0.1762435, 51.8755305 ], [ 0.1762887, 51.87552250000001 ] ] } },
{ "type": "Feature", "properties": { "id": 72054, "nach": 0.44033475280754897 }, "geometry": { "type": "LineString", "coordinates": [ [ 0.1765874, 51.8755528 ], [ 0.1765693, 51.8755224 ], [ 0.1763559, 51.8752357 ] ] } },
{ "type": "Feature", "properties": { "id": 87285, "nach": 0.45981841378910565 }, "geometry": { "type": "LineString", "coordinates": [ [ 0.1727865, 51.8788195 ], [ 0.1726254, 51.878531 ] ] } },
{ "type": "Feature", "properties": { "id": 87286, "nach": 0.46402651697630459 }, "geometry": { "type": "LineString", "coordinates": [ [ 0.1727865, 51.8788195 ], [ 0.1727276, 51.8788365 ] ] } },
{ "type": "Feature", "properties": { "id": 68644, "nach": 0.62187268880327717 }, "geometry": { "type": "LineString", "coordinates": [ [ 0.1794043, 51.879318199999986 ], [ 0.1793435, 51.8793093 ], [ 0.1793113, 51.8793238 ], [ 0.17922, 51.8793443 ] ] } },
{ "type": "Feature", "properties": { "id": 68894, "nach": 0.55200760746550881 }, "geometry": { "type": "LineString", "coordinates": [ [ 0.1788306, 51.8793865 ], [ 0.1786883, 51.8793714 ] ] } },
{ "type": "Feature", "properties": { "id": 68899, "nach": 0.0 }, "geometry": { "type": "LineString", "coordinates": [ [ 0.1788805, 51.8795799 ], [ 0.1787531, 51.8795915 ], [ 0.1786883, 51.8793714 ] ] } },
{ "type": "Feature", "properties": { "id": 68896, "nach": 0.61871483002576522 }, "geometry": { "type": "LineString", "coordinates": [ [ 0.1788306, 51.8793865 ], [ 0.1789203, 51.8793954 ], [ 0.17922, 51.8793443 ] ] } },
{ "type": "Feature", "properties": { "id": 68898, "nach": 0.5888299425173219 }, "geometry": { "type": "LineString", "coordinates": [ [ 0.1788805, 51.8795799 ], [ 0.1788306, 51.8793865 ] ] } },
{ "type": "Feature", "properties": { "id": 68897, "nach": 0.59154770167132853 }, "geometry": { "type": "LineString", "coordinates": [ [ 0.1788805, 51.8795799 ], [ 0.1789221, 51.8797745 ] ] } },
{ "type": "Feature", "properties": { "id": 68657, "nach": 0.57696903593467164 }, "geometry": { "type": "LineString", "coordinates": [ [ 0.1782976, 51.8798458 ], [ 0.1785781, 51.879815100000016 ] ] } },
{ "type": "Feature", "properties": { "id": 68892, "nach": 0.58563717368661483 }, "geometry": { "type": "LineString", "coordinates": [ [ 0.1789221, 51.8797745 ], [ 0.1786378, 51.8798001 ], [ 0.1785781, 51.879815100000016 ] ] } },
{ "type": "Feature", "properties": { "id": 68659, "nach": 0.60910141938044793 }, "geometry": { "type": "LineString", "coordinates": [ [ 0.1782976, 51.8798458 ], [ 0.1782964, 51.87988570000001 ] ] } },
{ "type": "Feature", "properties": { "id": 56122, "nach": 0.44477365897075655 }, "geometry": { "type": "LineString", "coordinates": [ [ 0.1785169, 51.880465800000017 ], [ 0.1785837, 51.8806534 ] ] } },
{ "type": "Feature", "properties": { "id": 77171, "nach": 0.46564956019086462 }, "geometry": { "type": "LineString", "coordinates": [ [ 0.178482, 51.8803608 ], [ 0.1785169, 51.880465800000017 ] ] } },
{ "type": "Feature", "properties": { "id": 68918, "nach": 0.43064715682741866 }, "geometry": { "type": "LineString", "coordinates": [ [ 0.1781582, 51.8805144 ], [ 0.1785169, 51.880465800000017 ] ] } },
{ "type": "Feature", "properties": { "id": 68917, "nach": 0.53248299509665364 }, "geometry": { "type": "LineString", "coordinates": [ [ 0.1784051, 51.8801638 ], [ 0.1783779, 51.8801067 ] ] } },
{ "type": "Feature", "properties": { "id": 68912, "nach": 0.52413365430143333 }, "geometry": { "type": "LineString", "coordinates": [ [ 0.1780725, 51.88027 ], [ 0.1784382, 51.8802233 ] ] } },
{ "type": "Feature", "properties": { "id": 77173, "nach": 0.51074187065808763 }, "geometry": { "type": "LineString", "coordinates": [ [ 0.178482, 51.8803608 ], [ 0.1784762, 51.8803434 ], [ 0.1784382, 51.8802233 ] ] } },
{ "type": "Feature", "properties": { "id": 68920, "nach": 0.44723156915720091 }, "geometry": { "type": "LineString", "coordinates": [ [ 0.1781582, 51.8805144 ], [ 0.1782254, 51.880706199999985 ] ] } },
{ "type": "Feature", "properties": { "id": 68919, "nach": 0.51623104472863346 }, "geometry": { "type": "LineString", "coordinates": [ [ 0.1781582, 51.8805144 ], [ 0.1780725, 51.88027 ] ] } },
{ "type": "Feature", "properties": { "id": 56587, "nach": 0.44627356830431925 }, "geometry": { "type": "LineString", "coordinates": [ [ 0.1754399, 51.8833561 ], [ 0.175907, 51.883737600000011 ], [ 0.1756309, 51.8838664 ], [ 0.1755442, 51.8837956 ] ] } },
{ "type": "Feature", "properties": { "id": 56594, "nach": 0.46353190792029458 }, "geometry": { "type": "LineString", "coordinates": [ [ 0.1715693, 51.881124 ], [ 0.1712617, 51.8809665 ], [ 0.1711015, 51.8810038 ] ] } },
{ "type": "Feature", "properties": { "id": 85497, "nach": 0.4676295787945125 }, "geometry": { "type": "LineString", "coordinates": [ [ 0.171544, 51.8812569 ], [ 0.1715916, 51.8812217 ], [ 0.1716017, 51.8811967 ], [ 0.1715693, 51.881124 ] ] } },
{ "type": "Feature", "properties": { "id": 72920, "nach": 0.56590605823147611 }, "geometry": { "type": "LineString", "coordinates": [ [ 0.1767983, 51.8857271 ], [ 0.176703, 51.885693 ], [ 0.1764039, 51.885576299999983 ], [ 0.1761411, 51.8854323 ], [ 0.1758929, 51.8852634 ], [ 0.175669, 51.8851028 ], [ 0.1754155, 51.8849166 ], [ 0.1753515, 51.8848726 ], [ 0.175326, 51.8848596 ] ] } },
{ "type": "Feature", "properties": { "id": 83637, "nach": 0.6145833126639817 }, "geometry": { "type": "LineString", "coordinates": [ [ 0.1755143, 51.884816600000015 ], [ 0.1754888, 51.8848395 ], [ 0.1754545, 51.8848302 ] ] } },
{ "type": "Feature", "properties": { "id": 77029, "nach": 0.59039761703314153 }, "geometry": { "type": "LineString", "coordinates": [ [ 0.1757954, 51.8847522 ], [ 0.1771373, 51.884440899999987 ] ] } },
{ "type": "Feature", "properties": { "id": 62273, "nach": 0.56086555077227696 }, "geometry": { "type": "LineString", "coordinates": [ [ 0.1796632, 51.8838643 ], [ 0.1771373, 51.884440899999987 ] ] } },
{ "type": "Feature", "properties": { "id": 77028, "nach": 0.58971227966566198 }, "geometry": { "type": "LineString", "coordinates": [ [ 0.1757954, 51.8847522 ], [ 0.175625, 51.88479130000001 ] ] } },
{ "type": "Feature", "properties": { "id": 77030, "nach": 0.45301006301196889 }, "geometry": { "type": "LineString", "coordinates": [ [ 0.1757954, 51.8847522 ], [ 0.1756889, 51.8848681 ] ] } },
{ "type": "Feature", "properties": { "id": 62275, "nach": 0.45173894530525771 }, "geometry": { "type": "LineString", "coordinates": [ [ 0.1796632, 51.8838643 ], [ 0.1792135, 51.8829653 ] ] } },
{ "type": "Feature", "properties": { "id": 85648, "nach": 0.5488283277963909 }, "geometry": { "type": "LineString", "coordinates": [ [ 0.1809479, 51.883574 ], [ 0.1796632, 51.8838643 ] ] } },
{ "type": "Feature", "properties": { "id": 85649, "nach": 0.55078808991209094 }, "geometry": { "type": "LineString", "coordinates": [ [ 0.1809479, 51.883574 ], [ 0.1820351, 51.883328400000011 ] ] } },
{ "type": "Feature", "properties": { "id": 77021, "nach": 0.54229143134923896 }, "geometry": { "type": "LineString", "coordinates": [ [ 0.1822357, 51.8832834 ], [ 0.1821899, 51.8832945 ], [ 0.1820351, 51.883328400000011 ] ] } },
{ "type": "Feature", "properties": { "id": 72926, "nach": 0.33800248422344409 }, "geometry": { "type": "LineString", "coordinates": [ [ 0.1770302, 51.8856981 ], [ 0.1772699, 51.8857731 ], [ 0.1782717, 51.8859652 ], [ 0.1784889, 51.8859924 ], [ 0.178666, 51.8859867 ], [ 0.1788108, 51.8859478 ], [ 0.1788738, 51.88590880000001 ], [ 0.1808788, 51.8844859 ], [ 0.181493, 51.8840504 ], [ 0.1817911, 51.8838407 ], [ 0.1821327, 51.883553 ], [ 0.1822252, 51.883457 ], [ 0.1822172, 51.8834181 ], [ 0.1822078, 51.883404 ], [ 0.1821783, 51.88337580000001 ], [ 0.1820351, 51.883328400000011 ] ] } },
{ "type": "Feature", "properties": { "id": 77023, "nach": 0.41844844366269079 }, "geometry": { "type": "LineString", "coordinates": [ [ 0.1822356, 51.883237300000012 ], [ 0.1821981, 51.8832456 ], [ 0.1820627, 51.8832746 ], [ 0.1820351, 51.883328400000011 ] ] } },
{ "type": "Feature", "properties": { "id": 83613, "nach": 0.55540068463038073 }, "geometry": { "type": "LineString", "coordinates": [ [ 0.1825246, 51.8832138 ], [ 0.1822357, 51.8832834 ] ] } },
{ "type": "Feature", "properties": { "id": 77022, "nach": 0.45189138285040253 }, "geometry": { "type": "LineString", "coordinates": [ [ 0.1822356, 51.883237300000012 ], [ 0.1822357, 51.8832834 ] ] } },
{ "type": "Feature", "properties": { "id": 72925, "nach": 0.48988029789594806 }, "geometry": { "type": "LineString", "coordinates": [ [ 0.1770302, 51.8856981 ], [ 0.1769762, 51.8856812 ], [ 0.1768869, 51.885649400000013 ] ] } },
{ "type": "Feature", "properties": { "id": 77024, "nach": 0.44450643822687491 }, "geometry": { "type": "LineString", "coordinates": [ [ 0.1822356, 51.883237300000012 ], [ 0.1823711, 51.8832075 ], [ 0.1824328, 51.883184300000011 ], [ 0.1825366, 51.8831446 ], [ 0.1826152, 51.883102400000013 ], [ 0.1827381, 51.88298910000001 ], [ 0.1830549, 51.8826007 ], [ 0.1831155, 51.8824865 ], [ 0.1831262, 51.8824691 ], [ 0.1831195, 51.8824377 ], [ 0.1830994, 51.882393800000017 ], [ 0.1830699, 51.8823665 ], [ 0.1830377, 51.8823607 ], [ 0.1829559, 51.8823623 ], [ 0.1828593, 51.882373899999976 ], [ 0.1827037, 51.8824045 ], [ 0.1822612, 51.8825047 ], [ 0.182125199999989, 51.8825247 ] ] } },
{ "type": "Feature", "properties": { "id": 73747, "nach": 0.46886359518918996 }, "geometry": { "type": "LineString", "coordinates": [ [ 0.1727164, 51.8827475 ], [ 0.1728762, 51.8827148 ] ] } },
{ "type": "Feature", "properties": { "id": 85529, "nach": 0.48306672245491489 }, "geometry": { "type": "LineString", "coordinates": [ [ 0.1750298, 51.8756982 ], [ 0.1748845, 51.87586670000001 ] ] } },
{ "type": "Feature", "properties": { "id": 72919, "nach": 0.47754494167829176 }, "geometry": { "type": "LineString", "coordinates": [ [ 0.1767983, 51.8857271 ], [ 0.1768869, 51.885649400000013 ] ] } },
{ "type": "Feature", "properties": { "id": 68654, "nach": 0.5275013639187478 }, "geometry": { "type": "LineString", "coordinates": [ [ 0.1782964, 51.87988570000001 ], [ 0.1783779, 51.8801067 ] ] } },
{ "type": "Feature", "properties": { "id": 68927, "nach": 0.45344401773254811 }, "geometry": { "type": "LineString", "coordinates": [ [ 0.1778197, 51.88048770000001 ], [ 0.1779056, 51.8807365 ] ] } },
{ "type": "Feature", "properties": { "id": 80645, "nach": 0.54728060170833859 }, "geometry": { "type": "LineString", "coordinates": [ [ 0.1774872, 51.8806082 ], [ 0.1776709, 51.8805361 ], [ 0.1778197, 51.88048770000001 ] ] } },
{ "type": "Feature", "properties": { "id": 68931, "nach": 0.46027489408264288 }, "geometry": { "type": "LineString", "coordinates": [ [ 0.1771224, 51.880727400000012 ], [ 0.1771975, 51.8809434 ] ] } },
{ "type": "Feature", "properties": { "id": 80646, "nach": 0.55622333094314724 }, "geometry": { "type": "LineString", "coordinates": [ [ 0.1774872, 51.8806082 ], [ 0.1774777, 51.8806119 ], [ 0.1771224, 51.880727400000012 ] ] } },
{ "type": "Feature", "properties": { "id": 80644, "nach": 0.45611730526259092 }, "geometry": { "type": "LineString", "coordinates": [ [ 0.1774872, 51.8806082 ], [ 0.1775709, 51.8808363 ] ] } },
{ "type": "Feature", "properties": { "id": 68940, "nach": 0.46113509265405001 }, "geometry": { "type": "LineString", "coordinates": [ [ 0.1768173, 51.8807911 ], [ 0.1769172, 51.8810813 ] ] } },
{ "type": "Feature", "properties": { "id": 86493, "nach": 0.66658359324711802 }, "geometry": { "type": "LineString", "coordinates": [ [ 0.172565, 51.8826023 ], [ 0.1725778, 51.8826265 ], [ 0.1725902, 51.8826483 ] ] } },
{ "type": "Feature", "properties": { "id": 86492, "nach": 0.49299970189998138 }, "geometry": { "type": "LineString", "coordinates": [ [ 0.172565, 51.8826023 ], [ 0.1723241, 51.8826568 ] ] } },
{ "type": "Feature", "properties": { "id": 85532, "nach": 0.5590565838829118 }, "geometry": { "type": "LineString", "coordinates": [ [ 0.1749815, 51.8756189 ], [ 0.1750298, 51.8756982 ] ] } },
{ "type": "Feature", "properties": { "id": 83638, "nach": 0.60785942174308738 }, "geometry": { "type": "LineString", "coordinates": [ [ 0.1755143, 51.884816600000015 ], [ 0.1756048, 51.8847959 ], [ 0.175625, 51.88479130000001 ] ] } },
{ "type": "Feature", "properties": { "id": 77026, "nach": 0.47454874206224296 }, "geometry": { "type": "LineString", "coordinates": [ [ 0.1756889, 51.8848681 ], [ 0.175686, 51.8848262 ], [ 0.175625, 51.88479130000001 ] ] } },
{ "type": "Feature", "properties": { "id": 77027, "nach": 0.45479141852723021 }, "geometry": { "type": "LineString", "coordinates": [ [ 0.1756889, 51.8848681 ], [ 0.1756901, 51.8848858 ], [ 0.1757048, 51.8849643 ], [ 0.1757504, 51.8850472 ], [ 0.1759703, 51.8852044 ], [ 0.1762238, 51.8853609 ], [ 0.1765886, 51.885543 ], [ 0.1768869, 51.885649400000013 ] ] } },
{ "type": "Feature", "properties": { "id": 85688, "nach": 0.60515175346945649 }, "geometry": { "type": "LineString", "coordinates": [ [ 0.1723505, 51.8827013 ], [ 0.1725902, 51.8826483 ] ] } },
{ "type": "Feature", "properties": { "id": 83178, "nach": 0.24390539102677994 }, "geometry": { "type": "LineString", "coordinates": [ [ 0.1789846, 51.886985 ], [ 0.1794539, 51.8862056 ], [ 0.1806636, 51.885545 ], [ 0.1818598, 51.8846874 ], [ 0.1832049, 51.8831146 ] ] } },
{ "type": "Feature", "properties": { "id": 82859, "nach": 0.43762804940621475 }, "geometry": { "type": "LineString", "coordinates": [ [ 0.1713394, 51.8781327 ], [ 0.1718603, 51.878086200000013 ], [ 0.1718492, 51.878039 ], [ 0.1720103, 51.8780246 ] ] } },
{ "type": "Feature", "properties": { "id": 82860, "nach": 0.44467653961671866 }, "geometry": { "type": "LineString", "coordinates": [ [ 0.1713156, 51.8780328 ], [ 0.1713394, 51.8781327 ] ] } },
{ "type": "Feature", "properties": { "id": 85538, "nach": 0.42684151873223597 }, "geometry": { "type": "LineString", "coordinates": [ [ 0.1747184, 51.8755107 ], [ 0.174692, 51.8754695 ], [ 0.1746578, 51.875445 ], [ 0.1746202, 51.8754283 ], [ 0.1745734, 51.8754104 ] ] } },
{ "type": "Feature", "properties": { "id": 85540, "nach": 0.1505775154983536 }, "geometry": { "type": "LineString", "coordinates": [ [ 0.1747184, 51.8755107 ], [ 0.1747886, 51.8755101 ], [ 0.1748497, 51.87550130000001 ], [ 0.1748997, 51.8754891 ] ] } },
{ "type": "Feature", "properties": { "id": 85537, "nach": 0.51777503503219369 }, "geometry": { "type": "LineString", "coordinates": [ [ 0.1747184, 51.8755107 ], [ 0.1747377, 51.8755327 ], [ 0.1747651, 51.875552 ], [ 0.1748036, 51.8755682 ], [ 0.1748294, 51.8755788 ], [ 0.1748686, 51.8755943 ], [ 0.174908, 51.8756066 ], [ 0.1749497, 51.8756148 ], [ 0.1749815, 51.8756189 ] ] } },
{ "type": "Feature", "properties": { "id": 85531, "nach": 0.47372436489205455 }, "geometry": { "type": "LineString", "coordinates": [ [ 0.1749815, 51.8756189 ], [ 0.1748997, 51.8754891 ] ] } },
{ "type": "Feature", "properties": { "id": 85687, "nach": 0.56932268182080059 }, "geometry": { "type": "LineString", "coordinates": [ [ 0.1723505, 51.8827013 ], [ 0.1722782, 51.882718 ] ] } },
{ "type": "Feature", "properties": { "id": 86297, "nach": 0.51628168365852067 }, "geometry": { "type": "LineString", "coordinates": [ [ 0.1723241, 51.8826568 ], [ 0.1723505, 51.8827013 ] ] } },
{ "type": "Feature", "properties": { "id": 86295, "nach": 0.0 }, "geometry": { "type": "LineString", "coordinates": [ [ 0.1723003, 51.88275740000001 ], [ 0.1723738, 51.882740699999985 ], [ 0.1723505, 51.8827013 ] ] } },
{ "type": "Feature", "properties": { "id": 86290, "nach": 0.25444784873526943 }, "geometry": { "type": "LineString", "coordinates": [ [ 0.1715052, 51.8827616 ], [ 0.1715764, 51.8828796 ] ] } },
{ "type": "Feature", "properties": { "id": 85684, "nach": 0.45466068272313209 }, "geometry": { "type": "LineString", "coordinates": [ [ 0.1722782, 51.882718 ], [ 0.1715764, 51.8828796 ] ] } },
{ "type": "Feature", "properties": { "id": 85683, "nach": 0.20860386224842711 }, "geometry": { "type": "LineString", "coordinates": [ [ 0.1724042, 51.882943 ], [ 0.1717008, 51.8830966 ], [ 0.1715764, 51.8828796 ] ] } },
{ "type": "Feature", "properties": { "id": 86291, "nach": 0.50604614507001489 }, "geometry": { "type": "LineString", "coordinates": [ [ 0.1715052, 51.8827616 ], [ 0.1714425, 51.8826579 ], [ 0.1707091, 51.8828266 ] ] } },
{ "type": "Feature", "properties": { "id": 86299, "nach": 0.53082165066051878 }, "geometry": { "type": "LineString", "coordinates": [ [ 0.1723241, 51.8826568 ], [ 0.1716058, 51.882819 ], [ 0.1715639, 51.8827484 ], [ 0.1715052, 51.8827616 ] ] } },
{ "type": "Feature", "properties": { "id": 86293, "nach": 0.53464556207892178 }, "geometry": { "type": "LineString", "coordinates": [ [ 0.1723003, 51.88275740000001 ], [ 0.1722782, 51.882718 ] ] } },
{ "type": "Feature", "properties": { "id": 86296, "nach": 0.45716044964333896 }, "geometry": { "type": "LineString", "coordinates": [ [ 0.1725361, 51.8829142 ], [ 0.1724042, 51.882943 ] ] } },
{ "type": "Feature", "properties": { "id": 86294, "nach": 0.50487867645365836 }, "geometry": { "type": "LineString", "coordinates": [ [ 0.1723003, 51.88275740000001 ], [ 0.1724042, 51.882943 ] ] } },
{ "type": "Feature", "properties": { "id": 85678, "nach": 0.42388157995242415 }, "geometry": { "type": "LineString", "coordinates": [ [ 0.1707091, 51.8828266 ], [ 0.1702916, 51.8829227 ], [ 0.1704463, 51.8831734 ] ] } },
{ "type": "Feature", "properties": { "id": 85680, "nach": 0.42975246761478753 }, "geometry": { "type": "LineString", "coordinates": [ [ 0.1705483, 51.882531 ], [ 0.1707091, 51.8828266 ] ] } }
]
}
