{
"type": "FeatureCollection",
"name": "STALB_31_NACH",
"crs": { "type": "name", "properties": { "name": "urn:ogc:def:crs:OGC:1.3:CRS84" } },
"features": [
{ "type": "Feature", "properties": { "id": 49493, "nach": 0.55540460166321037 }, "geometry": { "type": "LineString", "coordinates": [ [ -0.3075879, 51.7598343 ], [ -0.3073976, 51.7598484 ] ] } },
{ "type": "Feature", "properties": { "id": 49485, "nach": 0.5550396865930477 }, "geometry": { "type": "LineString", "coordinates": [ [ -0.3071984, 51.7598589 ], [ -0.3073976, 51.7598484 ] ] } },
{ "type": "Feature", "properties": { "id": 49489, "nach": 0.50985158472951764 }, "geometry": { "type": "LineString", "coordinates": [ [ -0.3074227, 51.759965799999989 ], [ -0.3073976, 51.7598484 ] ] } },
{ "type": "Feature", "properties": { "id": 44973, "nach": 0.50179908285387498 }, "geometry": { "type": "LineString", "coordinates": [ [ -0.3073652, 51.7597237 ], [ -0.307392, 51.7598281 ], [ -0.3073976, 51.7598484 ] ] } },
{ "type": "Feature", "properties": { "id": 49494, "nach": 0.62585746975272527 }, "geometry": { "type": "LineString", "coordinates": [ [ -0.3075879, 51.7598343 ], [ -0.3076227, 51.7598312 ], [ -0.3079927, 51.7597982 ] ] } },
{ "type": "Feature", "properties": { "id": 49495, "nach": 0.52743891245042829 }, "geometry": { "type": "LineString", "coordinates": [ [ -0.3075879, 51.7598343 ], [ -0.3075772, 51.7597679 ], [ -0.307477, 51.759748 ], [ -0.3074337, 51.7597165 ], [ -0.3073652, 51.7597237 ] ] } },
{ "type": "Feature", "properties": { "id": 49496, "nach": 0.56547412280758591 }, "geometry": { "type": "LineString", "coordinates": [ [ -0.3075879, 51.7598343 ], [ -0.3075962, 51.759877 ], [ -0.3075454, 51.759902400000023 ], [ -0.3075267, 51.7599198 ], [ -0.3074931, 51.7599605 ], [ -0.3074227, 51.759965799999989 ] ] } },
{ "type": "Feature", "properties": { "id": 49487, "nach": 0.57786153823662367 }, "geometry": { "type": "LineString", "coordinates": [ [ -0.3071984, 51.7598589 ], [ -0.307149, 51.7598608 ], [ -0.3057245, 51.7599154 ] ] } },
{ "type": "Feature", "properties": { "id": 57879, "nach": 0.49278021123130084 }, "geometry": { "type": "LineString", "coordinates": [ [ -0.3071882, 51.759797 ], [ -0.3071984, 51.7598589 ] ] } },
{ "type": "Feature", "properties": { "id": 49492, "nach": 0.48625913006878807 }, "geometry": { "type": "LineString", "coordinates": [ [ -0.3074227, 51.759965799999989 ], [ -0.3072799, 51.7599713 ], [ -0.3072571, 51.7599273 ], [ -0.307193, 51.759906 ], [ -0.3071984, 51.7598589 ] ] } },
{ "type": "Feature", "properties": { "id": 49490, "nach": 0.60440949250885911 }, "geometry": { "type": "LineString", "coordinates": [ [ -0.3074227, 51.759965799999989 ], [ -0.3074287, 51.7599934 ], [ -0.3075097, 51.7603632 ], [ -0.3076138, 51.7608025 ], [ -0.3077013, 51.7612563 ], [ -0.3077409, 51.761596 ], [ -0.3077946, 51.761878200000012 ], [ -0.3078761, 51.762244699999982 ], [ -0.3078908, 51.7623621 ] ] } },
{ "type": "Feature", "properties": { "id": 44974, "nach": 0.54641579756093084 }, "geometry": { "type": "LineString", "coordinates": [ [ -0.3073652, 51.7597237 ], [ -0.3073544, 51.7596942 ], [ -0.3073218, 51.7596057 ], [ -0.3072886, 51.7593962 ], [ -0.3071604, 51.7588158 ] ] } },
{ "type": "Feature", "properties": { "id": 57882, "nach": 0.4454824337623885 }, "geometry": { "type": "LineString", "coordinates": [ [ -0.307262, 51.7597372 ], [ -0.3073652, 51.7597237 ] ] } },
{ "type": "Feature", "properties": { "id": 4925, "nach": 0.53938655059444207 }, "geometry": { "type": "LineString", "coordinates": [ [ -0.3059665, 51.762403800000016 ], [ -0.3064275, 51.7623344 ], [ -0.3067031, 51.7623206 ], [ -0.3069464, 51.7623217 ], [ -0.307732, 51.7623576 ], [ -0.3078908, 51.7623621 ] ] } },
{ "type": "Feature", "properties": { "id": 4923, "nach": 0.43959079646649007 }, "geometry": { "type": "LineString", "coordinates": [ [ -0.3059665, 51.762403800000016 ], [ -0.3057245, 51.7599154 ] ] } },
{ "type": "Feature", "properties": { "id": 4927, "nach": 0.5492398682736922 }, "geometry": { "type": "LineString", "coordinates": [ [ -0.3055015, 51.7624961 ], [ -0.3059665, 51.762403800000016 ] ] } },
{ "type": "Feature", "properties": { "id": 531, "nach": 0.56460438205212493 }, "geometry": { "type": "LineString", "coordinates": [ [ -0.3031131, 51.7601804 ], [ -0.3045337, 51.7599945 ], [ -0.3052023, 51.75993840000001 ], [ -0.3057245, 51.7599154 ] ] } },
{ "type": "Feature", "properties": { "id": 4937, "nach": 0.56202799224301181 }, "geometry": { "type": "LineString", "coordinates": [ [ -0.3027943, 51.7602386 ], [ -0.3031131, 51.7601804 ] ] } },
{ "type": "Feature", "properties": { "id": 53598, "nach": 0.43661234353124695 }, "geometry": { "type": "LineString", "coordinates": [ [ -0.3030741, 51.7601157 ], [ -0.3031131, 51.7601804 ] ] } },
{ "type": "Feature", "properties": { "id": 42470, "nach": 0.58146820147356082 }, "geometry": { "type": "LineString", "coordinates": [ [ -0.3021332, 51.760478 ], [ -0.3025131, 51.76032940000001 ], [ -0.3027943, 51.7602386 ] ] } },
{ "type": "Feature", "properties": { "id": 4941, "nach": 0.51516575004986809 }, "geometry": { "type": "LineString", "coordinates": [ [ -0.3028536, 51.7613079 ], [ -0.3028161, 51.7612159 ], [ -0.3028073, 51.7611459 ], [ -0.3028348, 51.7610886 ], [ -0.3028925, 51.7610401 ], [ -0.3029468, 51.7610148 ], [ -0.3030755, 51.7609849 ], [ -0.3031426, 51.7609571 ], [ -0.3032009, 51.7609106 ], [ -0.3032324, 51.76086 ], [ -0.3032445, 51.7608005 ], [ -0.3032217, 51.76075 ], [ -0.3031694, 51.76070390000001 ], [ -0.3030561, 51.76065040000001 ], [ -0.3029884, 51.760602200000015 ], [ -0.3029589, 51.7605508 ], [ -0.3029481, 51.760491 ], [ -0.3029153, 51.760423699999983 ], [ -0.3027943, 51.7602386 ] ] } },
{ "type": "Feature", "properties": { "id": 53599, "nach": 0.48855461999475369 }, "geometry": { "type": "LineString", "coordinates": [ [ -0.3030741, 51.7601157 ], [ -0.3030092, 51.7600079 ], [ -0.3021955, 51.7588864 ] ] } },
{ "type": "Feature", "properties": { "id": 53600, "nach": 0.50775597926954541 }, "geometry": { "type": "LineString", "coordinates": [ [ -0.3030741, 51.7601157 ], [ -0.3027235, 51.7601747 ], [ -0.3022662, 51.7602926 ], [ -0.301888, 51.760447 ], [ -0.3014468, 51.7605591 ], [ -0.3012791, 51.760623 ], [ -0.3011732, 51.7606985 ], [ -0.3008552, 51.7607673 ] ] } },
{ "type": "Feature", "properties": { "id": 57880, "nach": 0.42787156420351991 }, "geometry": { "type": "LineString", "coordinates": [ [ -0.3071882, 51.759797 ], [ -0.3069884, 51.7598036 ], [ -0.3064413, 51.7598368 ], [ -0.3059222, 51.7598526 ], [ -0.3055306, 51.759875 ], [ -0.3050599, 51.7598991 ], [ -0.3039025, 51.760025300000017 ], [ -0.3033004, 51.7600933 ], [ -0.3030741, 51.7601157 ] ] } },
{ "type": "Feature", "properties": { "id": 41428, "nach": 0.58599562210332068 }, "geometry": { "type": "LineString", "coordinates": [ [ -0.2999016, 51.7610305 ], [ -0.3006706, 51.7608538 ] ] } },
{ "type": "Feature", "properties": { "id": 31528, "nach": 0.49424521892647671 }, "geometry": { "type": "LineString", "coordinates": [ [ -0.3008781, 51.7608099 ], [ -0.3006706, 51.7608538 ] ] } },
{ "type": "Feature", "properties": { "id": 4956, "nach": 0.56500065181146941 }, "geometry": { "type": "LineString", "coordinates": [ [ -0.3007294, 51.7609466 ], [ -0.300695, 51.760892299999988 ], [ -0.3006706, 51.7608538 ] ] } },
{ "type": "Feature", "properties": { "id": 53581, "nach": 0.51861878889983115 }, "geometry": { "type": "LineString", "coordinates": [ [ -0.2997041, 51.7610906 ], [ -0.2999016, 51.7610305 ] ] } },
{ "type": "Feature", "properties": { "id": 53588, "nach": 0.55992442203093151 }, "geometry": { "type": "LineString", "coordinates": [ [ -0.2998631, 51.7609739 ], [ -0.2998789, 51.7609971 ], [ -0.2999016, 51.7610305 ] ] } },
{ "type": "Feature", "properties": { "id": 53575, "nach": 0.58249956177057871 }, "geometry": { "type": "LineString", "coordinates": [ [ -0.3008552, 51.7607673 ], [ -0.3008781, 51.7608099 ] ] } },
{ "type": "Feature", "properties": { "id": 42469, "nach": 0.58768987594090916 }, "geometry": { "type": "LineString", "coordinates": [ [ -0.3021332, 51.760478 ], [ -0.3018462, 51.76057740000001 ], [ -0.3016171, 51.7606443 ], [ -0.3008781, 51.7608099 ] ] } },
{ "type": "Feature", "properties": { "id": 31789, "nach": 0.53536665928877536 }, "geometry": { "type": "LineString", "coordinates": [ [ -0.3008928, 51.7609128 ], [ -0.3008822, 51.7608882 ], [ -0.3008996, 51.76085 ], [ -0.3008781, 51.7608099 ] ] } },
{ "type": "Feature", "properties": { "id": 26934, "nach": 0.4997265031662938 }, "geometry": { "type": "LineString", "coordinates": [ [ -0.2994974, 51.7612818 ], [ -0.3007294, 51.7609466 ] ] } },
{ "type": "Feature", "properties": { "id": 31786, "nach": 0.58211487355887048 }, "geometry": { "type": "LineString", "coordinates": [ [ -0.3008928, 51.7609128 ], [ -0.3007294, 51.7609466 ] ] } },
{ "type": "Feature", "properties": { "id": 57885, "nach": 0.54127857809499791 }, "geometry": { "type": "LineString", "coordinates": [ [ -0.3070736, 51.7588266 ], [ -0.3071604, 51.7588158 ] ] } },
{ "type": "Feature", "properties": { "id": 540, "nach": 0.42918390612192259 }, "geometry": { "type": "LineString", "coordinates": [ [ -0.3058648, 51.7559354 ], [ -0.3060337, 51.7562192 ], [ -0.3060572, 51.7562586 ], [ -0.3060778, 51.7562916 ], [ -0.3062491, 51.7565667 ], [ -0.306465, 51.7569564 ], [ -0.306729, 51.7575285 ], [ -0.3069675, 51.7581203 ], [ -0.3070779, 51.7584596 ], [ -0.3071604, 51.7588158 ] ] } },
{ "type": "Feature", "properties": { "id": 57884, "nach": 0.53911878237721012 }, "geometry": { "type": "LineString", "coordinates": [ [ -0.3070736, 51.7588266 ], [ -0.3057958, 51.7589854 ] ] } },
{ "type": "Feature", "properties": { "id": 57886, "nach": 0.46869448586352941 }, "geometry": { "type": "LineString", "coordinates": [ [ -0.3070736, 51.7588266 ], [ -0.307262, 51.7597372 ] ] } },
{ "type": "Feature", "properties": { "id": 42587, "nach": 0.45097969539631766 }, "geometry": { "type": "LineString", "coordinates": [ [ -0.3044949, 51.7564172 ], [ -0.3057958, 51.7589854 ] ] } },
{ "type": "Feature", "properties": { "id": 3107, "nach": 0.41499237570754383 }, "geometry": { "type": "LineString", "coordinates": [ [ -0.3032091, 51.7582871 ], [ -0.3037977, 51.7581728 ], [ -0.3038474, 51.7581427 ], [ -0.3038746, 51.758107699999989 ], [ -0.3038826, 51.758066500000012 ], [ -0.3034583, 51.7573374 ] ] } },
{ "type": "Feature", "properties": { "id": 45353, "nach": 0.55042316859732843 }, "geometry": { "type": "LineString", "coordinates": [ [ -0.2862471, 51.7627769 ], [ -0.2863247, 51.7627806 ], [ -0.2863918, 51.7627723 ], [ -0.2864857, 51.7627357 ], [ -0.2866949, 51.762732400000012 ], [ -0.2868853, 51.7626859 ], [ -0.2871669, 51.7626793 ], [ -0.2876229, 51.7626643 ], [ -0.2879019, 51.7626677 ], [ -0.2881075, 51.76265140000001 ], [ -0.2881903, 51.7626554 ], [ -0.2882618, 51.7626667 ], [ -0.288351, 51.7626957 ], [ -0.2887064, 51.762786700000014 ], [ -0.2890684, 51.7628876 ], [ -0.289236, 51.7629431 ], [ -0.2894809, 51.7630417 ], [ -0.289744, 51.76316640000001 ], [ -0.2897957, 51.7631752 ], [ -0.2898777, 51.763154 ] ] } },
{ "type": "Feature", "properties": { "id": 2190, "nach": 0.48943850757209484 }, "geometry": { "type": "LineString", "coordinates": [ [ -0.2896907, 51.7625803 ], [ -0.28972, 51.762572 ], [ -0.289755, 51.762570599999989 ], [ -0.2897857, 51.7625765 ], [ -0.2898155, 51.7625915 ] ] } },
{ "type": "Feature", "properties": { "id": 26931, "nach": 0.45598770077508877 }, "geometry": { "type": "LineString", "coordinates": [ [ -0.289303, 51.7626076 ], [ -0.2894875, 51.7625904 ], [ -0.2896907, 51.7625803 ] ] } },
{ "type": "Feature", "properties": { "id": 26939, "nach": 0.35534009321771309 }, "geometry": { "type": "LineString", "coordinates": [ [ -0.2896604, 51.7626532 ], [ -0.2896512, 51.762634100000014 ], [ -0.289654, 51.762612 ], [ -0.289668, 51.762594 ], [ -0.2896907, 51.7625803 ] ] } },
{ "type": "Feature", "properties": { "id": 2191, "nach": 0.51715125710059007 }, "geometry": { "type": "LineString", "coordinates": [ [ -0.2898155, 51.7625915 ], [ -0.2899701, 51.7626168 ] ] } },
{ "type": "Feature", "properties": { "id": 2192, "nach": 0.27976576829361843 }, "geometry": { "type": "LineString", "coordinates": [ [ -0.2898155, 51.7625915 ], [ -0.289831, 51.7626089 ], [ -0.289836, 51.76262790000002 ], [ -0.2898302, 51.7626476 ], [ -0.2898131, 51.7626653 ] ] } },
{ "type": "Feature", "properties": { "id": 30271, "nach": 0.40334828234331255 }, "geometry": { "type": "LineString", "coordinates": [ [ -0.2899701, 51.7626168 ], [ -0.2899804, 51.7625818 ], [ -0.2900889, 51.762604 ], [ -0.2901692, 51.7626103 ] ] } },
{ "type": "Feature", "properties": { "id": 30273, "nach": 0.49490014325246262 }, "geometry": { "type": "LineString", "coordinates": [ [ -0.2899621, 51.7626634 ], [ -0.2899701, 51.7626168 ] ] } },
{ "type": "Feature", "properties": { "id": 30272, "nach": 0.46001240848258229 }, "geometry": { "type": "LineString", "coordinates": [ [ -0.2899701, 51.7626168 ], [ -0.2900354, 51.7626294 ], [ -0.2901824, 51.762655900000013 ] ] } },
{ "type": "Feature", "properties": { "id": 2193, "nach": 0.50647989190501652 }, "geometry": { "type": "LineString", "coordinates": [ [ -0.2898131, 51.7626653 ], [ -0.289786, 51.7626808 ] ] } },
{ "type": "Feature", "properties": { "id": 30274, "nach": 0.52555637610276351 }, "geometry": { "type": "LineString", "coordinates": [ [ -0.2899621, 51.7626634 ], [ -0.2898131, 51.7626653 ] ] } },
{ "type": "Feature", "properties": { "id": 26940, "nach": 0.44433654102076092 }, "geometry": { "type": "LineString", "coordinates": [ [ -0.289786, 51.7626808 ], [ -0.2897568, 51.7627369 ], [ -0.289733, 51.7628583 ] ] } },
{ "type": "Feature", "properties": { "id": 26941, "nach": 0.44252567295549383 }, "geometry": { "type": "LineString", "coordinates": [ [ -0.289786, 51.7626808 ], [ -0.2897625, 51.762684 ], [ -0.2897397, 51.762684900000011 ], [ -0.2897083, 51.7626807 ], [ -0.289681, 51.76267 ] ] } },
{ "type": "Feature", "properties": { "id": 26625, "nach": 0.60653356751192156 }, "geometry": { "type": "LineString", "coordinates": [ [ -0.292063, 51.765107 ], [ -0.2919262, 51.765135800000024 ] ] } },
{ "type": "Feature", "properties": { "id": 38442, "nach": 0.58082692616289044 }, "geometry": { "type": "LineString", "coordinates": [ [ -0.291426, 51.7645517 ], [ -0.2915251, 51.764640300000011 ], [ -0.2917115, 51.7648492 ], [ -0.2918362, 51.765003 ], [ -0.2919262, 51.765135800000024 ] ] } },
{ "type": "Feature", "properties": { "id": 26624, "nach": 0.59771242411823744 }, "geometry": { "type": "LineString", "coordinates": [ [ -0.292063, 51.765107 ], [ -0.2924732, 51.764977799999983 ] ] } },
{ "type": "Feature", "properties": { "id": 29535, "nach": 0.63195035173894309 }, "geometry": { "type": "LineString", "coordinates": [ [ -0.291849, 51.764843499999984 ], [ -0.292063, 51.765107 ] ] } },
{ "type": "Feature", "properties": { "id": 33671, "nach": 0.64957916892518408 }, "geometry": { "type": "LineString", "coordinates": [ [ -0.2923416, 51.7659895 ], [ -0.2923414, 51.7658836 ], [ -0.2923253, 51.765716 ], [ -0.2922327, 51.765472 ], [ -0.292063, 51.765107 ] ] } },
{ "type": "Feature", "properties": { "id": 38443, "nach": 0.4536336571899674 }, "geometry": { "type": "LineString", "coordinates": [ [ -0.291426, 51.7645517 ], [ -0.2913068, 51.7647466 ], [ -0.2912531, 51.7651184 ], [ -0.2915053, 51.7655965 ], [ -0.2917011, 51.7659932 ], [ -0.2918379, 51.7663767 ], [ -0.291854, 51.7667767 ], [ -0.2918776, 51.766877300000012 ], [ -0.2920086, 51.76694280000001 ] ] } },
{ "type": "Feature", "properties": { "id": 39007, "nach": 0.58693751162981267 }, "geometry": { "type": "LineString", "coordinates": [ [ -0.2912678, 51.7644131 ], [ -0.291426, 51.7645517 ] ] } },
{ "type": "Feature", "properties": { "id": 38193, "nach": 0.61719421551632758 }, "geometry": { "type": "LineString", "coordinates": [ [ -0.3093205, 51.759640900000022 ], [ -0.3088898, 51.7597131 ] ] } },
{ "type": "Feature", "properties": { "id": 42431, "nach": 0.62006061776120891 }, "geometry": { "type": "LineString", "coordinates": [ [ -0.3082465, 51.7597755 ], [ -0.3083568, 51.7597657 ], [ -0.3088898, 51.7597131 ] ] } },
{ "type": "Feature", "properties": { "id": 42835, "nach": 0.4334649896940026 }, "geometry": { "type": "LineString", "coordinates": [ [ -0.3091806, 51.7600685 ], [ -0.308983, 51.7600309 ], [ -0.3089195, 51.759856 ], [ -0.3088898, 51.7597131 ] ] } },
{ "type": "Feature", "properties": { "id": 38200, "nach": 0.6140122905979668 }, "geometry": { "type": "LineString", "coordinates": [ [ -0.309617, 51.759576 ], [ -0.3093205, 51.759640900000022 ] ] } },
{ "type": "Feature", "properties": { "id": 38197, "nach": 0.48338009534429927 }, "geometry": { "type": "LineString", "coordinates": [ [ -0.3093225, 51.7597661 ], [ -0.3093205, 51.759640900000022 ] ] } },
{ "type": "Feature", "properties": { "id": 42430, "nach": 0.62282401093862039 }, "geometry": { "type": "LineString", "coordinates": [ [ -0.3082465, 51.7597755 ], [ -0.3079927, 51.7597982 ] ] } },
{ "type": "Feature", "properties": { "id": 26928, "nach": 0.52762304650796776 }, "geometry": { "type": "LineString", "coordinates": [ [ -0.3097442, 51.7595523 ], [ -0.3094461, 51.758801900000016 ] ] } },
{ "type": "Feature", "properties": { "id": 26930, "nach": 0.6029138844357107 }, "geometry": { "type": "LineString", "coordinates": [ [ -0.3097442, 51.7595523 ], [ -0.3098221, 51.7595399 ] ] } },
{ "type": "Feature", "properties": { "id": 38201, "nach": 0.61413466323590338 }, "geometry": { "type": "LineString", "coordinates": [ [ -0.309617, 51.759576 ], [ -0.3097442, 51.7595523 ] ] } },
{ "type": "Feature", "properties": { "id": 18533, "nach": 0.59893010744804831 }, "geometry": { "type": "LineString", "coordinates": [ [ -0.3103971, 51.7594647 ], [ -0.309955, 51.7595246 ], [ -0.3098221, 51.7595399 ] ] } },
{ "type": "Feature", "properties": { "id": 3112, "nach": 0.43674566921769509 }, "geometry": { "type": "LineString", "coordinates": [ [ -0.3034928, 51.7588117 ], [ -0.3032091, 51.7582871 ] ] } },
{ "type": "Feature", "properties": { "id": 3108, "nach": 0.33713481226415221 }, "geometry": { "type": "LineString", "coordinates": [ [ -0.3027951, 51.7575877 ], [ -0.3032091, 51.7582871 ] ] } },
{ "type": "Feature", "properties": { "id": 3114, "nach": 0.42799657021690407 }, "geometry": { "type": "LineString", "coordinates": [ [ -0.3037743, 51.7592385 ], [ -0.3034928, 51.7588117 ] ] } },
{ "type": "Feature", "properties": { "id": 3119, "nach": 0.33827712590750347 }, "geometry": { "type": "LineString", "coordinates": [ [ -0.3033486, 51.7592972 ], [ -0.3033237, 51.7592345 ], [ -0.3034928, 51.7588117 ] ] } },
{ "type": "Feature", "properties": { "id": 3118, "nach": 0.39915347830074804 }, "geometry": { "type": "LineString", "coordinates": [ [ -0.3033486, 51.7592972 ], [ -0.3037743, 51.7592385 ] ] } },
{ "type": "Feature", "properties": { "id": 3121, "nach": 0.47500651017610712 }, "geometry": { "type": "LineString", "coordinates": [ [ -0.3050148, 51.7590819 ], [ -0.3037743, 51.7592385 ] ] } },
{ "type": "Feature", "properties": { "id": 3120, "nach": 0.37507966688258687 }, "geometry": { "type": "LineString", "coordinates": [ [ -0.3032522, 51.7592985 ], [ -0.3033486, 51.7592972 ] ] } },
{ "type": "Feature", "properties": { "id": 3124, "nach": 0.50759142087235642 }, "geometry": { "type": "LineString", "coordinates": [ [ -0.3057958, 51.7589854 ], [ -0.3050148, 51.7590819 ] ] } },
{ "type": "Feature", "properties": { "id": 3127, "nach": 0.38880288223779164 }, "geometry": { "type": "LineString", "coordinates": [ [ -0.304522, 51.7586201 ], [ -0.3045981, 51.758687700000017 ], [ -0.3048975, 51.7586848 ], [ -0.3050148, 51.7590819 ] ] } },
{ "type": "Feature", "properties": { "id": 3166, "nach": 0.51860395540311166 }, "geometry": { "type": "LineString", "coordinates": [ [ -0.3098221, 51.7595399 ], [ -0.3098551, 51.759603499999983 ], [ -0.3098638, 51.759669 ], [ -0.3098142, 51.759838 ], [ -0.309936, 51.760230099999987 ] ] } },
{ "type": "Feature", "properties": { "id": 28790, "nach": 0.55268097749238843 }, "geometry": { "type": "LineString", "coordinates": [ [ -0.2898777, 51.763154 ], [ -0.2898427, 51.7631015 ], [ -0.2897749, 51.7629927 ], [ -0.289733, 51.7628583 ] ] } },
{ "type": "Feature", "properties": { "id": 3241, "nach": 0.5250867025095638 }, "geometry": { "type": "LineString", "coordinates": [ [ -0.289733, 51.7628583 ], [ -0.289685, 51.7628012 ], [ -0.2896732, 51.7627512 ], [ -0.289681, 51.76267 ] ] } },
{ "type": "Feature", "properties": { "id": 33835, "nach": 0.60505245440180844 }, "geometry": { "type": "LineString", "coordinates": [ [ -0.2902769, 51.763513500000016 ], [ -0.2901171, 51.763377800000015 ], [ -0.2899489, 51.7632334 ], [ -0.2898777, 51.763154 ] ] } },
{ "type": "Feature", "properties": { "id": 26937, "nach": 0.52405568152056392 }, "geometry": { "type": "LineString", "coordinates": [ [ -0.289681, 51.76267 ], [ -0.2896604, 51.7626532 ] ] } },
{ "type": "Feature", "properties": { "id": 4950, "nach": 0.64824194098449539 }, "geometry": { "type": "LineString", "coordinates": [ [ -0.2968977, 51.762052 ], [ -0.296841, 51.7619769 ] ] } },
{ "type": "Feature", "properties": { "id": 3446, "nach": 0.58714810863488365 }, "geometry": { "type": "LineString", "coordinates": [ [ -0.296841, 51.7619769 ], [ -0.296797, 51.7619836 ], [ -0.2967518, 51.7619806 ] ] } },
{ "type": "Feature", "properties": { "id": 53612, "nach": 0.65853745122764051 }, "geometry": { "type": "LineString", "coordinates": [ [ -0.2969181, 51.761911499999989 ], [ -0.2969055, 51.7619385 ], [ -0.2968787, 51.7619612 ], [ -0.296841, 51.7619769 ] ] } },
{ "type": "Feature", "properties": { "id": 4951, "nach": 0.66450664685261529 }, "geometry": { "type": "LineString", "coordinates": [ [ -0.2968977, 51.762052 ], [ -0.2970121, 51.7622057 ], [ -0.2971679, 51.76241370000001 ], [ -0.2972106, 51.7624707 ], [ -0.2973653, 51.7625751 ] ] } },
{ "type": "Feature", "properties": { "id": 21327, "nach": 0.54257574610735904 }, "geometry": { "type": "LineString", "coordinates": [ [ -0.2958186, 51.7622571 ], [ -0.2958684, 51.762291 ], [ -0.2959865, 51.7622901 ], [ -0.2960202, 51.7623111 ], [ -0.2961796, 51.7622641 ], [ -0.2968415, 51.7620686 ], [ -0.2968977, 51.762052 ] ] } },
{ "type": "Feature", "properties": { "id": 53603, "nach": 0.55577684429644736 }, "geometry": { "type": "LineString", "coordinates": [ [ -0.2970455, 51.7620091 ], [ -0.2969651, 51.7620324 ], [ -0.2968977, 51.762052 ] ] } },
{ "type": "Feature", "properties": { "id": 53616, "nach": 0.57412497226139725 }, "geometry": { "type": "LineString", "coordinates": [ [ -0.2967518, 51.7619806 ], [ -0.2966812, 51.7620005 ], [ -0.2966181, 51.7620204 ], [ -0.2965571, 51.7620249 ] ] } },
{ "type": "Feature", "properties": { "id": 53617, "nach": 0.41529906616936374 }, "geometry": { "type": "LineString", "coordinates": [ [ -0.2967518, 51.7619806 ], [ -0.2967111, 51.7619682 ], [ -0.2966797, 51.76194790000001 ], [ -0.2966613, 51.7619222 ] ] } },
{ "type": "Feature", "properties": { "id": 16907, "nach": 0.6291599315403712 }, "geometry": { "type": "LineString", "coordinates": [ [ -0.3001699, 51.7624443 ], [ -0.3004905, 51.76255410000001 ], [ -0.3007461, 51.7626949 ], [ -0.3009385, 51.762857 ], [ -0.3010516, 51.7629838 ] ] } },
{ "type": "Feature", "properties": { "id": 16292, "nach": 0.54995839589924755 }, "geometry": { "type": "LineString", "coordinates": [ [ -0.3034841, 51.7625695 ], [ -0.3020366, 51.7627837 ], [ -0.3014536, 51.762885 ], [ -0.3010516, 51.7629838 ] ] } },
{ "type": "Feature", "properties": { "id": 3453, "nach": 0.65519163449859896 }, "geometry": { "type": "LineString", "coordinates": [ [ -0.3017075, 51.763778 ], [ -0.3016721, 51.7637089 ], [ -0.3015308, 51.763552 ], [ -0.3010516, 51.7629838 ] ] } },
{ "type": "Feature", "properties": { "id": 18549, "nach": 0.57428976029668144 }, "geometry": { "type": "LineString", "coordinates": [ [ -0.2996313, 51.7633376 ], [ -0.3002819, 51.7631941 ], [ -0.3010516, 51.7629838 ] ] } },
{ "type": "Feature", "properties": { "id": 16914, "nach": 0.58382743438271323 }, "geometry": { "type": "LineString", "coordinates": [ [ -0.2991802, 51.762445 ], [ -0.2995085, 51.7623914 ], [ -0.2997284, 51.7623889 ], [ -0.2999574, 51.7624085 ], [ -0.3001699, 51.7624443 ] ] } },
{ "type": "Feature", "properties": { "id": 53578, "nach": 0.59349223291595299 }, "geometry": { "type": "LineString", "coordinates": [ [ -0.300862, 51.7609608 ], [ -0.3011182, 51.7615655 ], [ -0.3011075, 51.7616003 ], [ -0.3007818, 51.7617787 ], [ -0.3006901, 51.76180810000001 ], [ -0.3001699, 51.7624443 ] ] } },
{ "type": "Feature", "properties": { "id": 16293, "nach": 0.53867044152877508 }, "geometry": { "type": "LineString", "coordinates": [ [ -0.3034841, 51.7625695 ], [ -0.3038087, 51.7625321 ], [ -0.3046562, 51.7625466 ], [ -0.3048034, 51.762539700000012 ], [ -0.304849, 51.7625376 ] ] } },
{ "type": "Feature", "properties": { "id": 16291, "nach": 0.52819103721804972 }, "geometry": { "type": "LineString", "coordinates": [ [ -0.3034841, 51.7625695 ], [ -0.303322, 51.7623558 ], [ -0.3033149, 51.7622093 ] ] } },
{ "type": "Feature", "properties": { "id": 7766, "nach": 0.63492058828254383 }, "geometry": { "type": "LineString", "coordinates": [ [ -0.3014147, 51.7638368 ], [ -0.3017075, 51.763778 ] ] } },
{ "type": "Feature", "properties": { "id": 45166, "nach": 0.67215524340697241 }, "geometry": { "type": "LineString", "coordinates": [ [ -0.3019207, 51.7637484 ], [ -0.3017075, 51.763778 ] ] } },
{ "type": "Feature", "properties": { "id": 18548, "nach": 0.39341762116895618 }, "geometry": { "type": "LineString", "coordinates": [ [ -0.2996313, 51.7633376 ], [ -0.2996052, 51.7632653 ], [ -0.2991802, 51.762445 ] ] } },
{ "type": "Feature", "properties": { "id": 18547, "nach": 0.5762775693662765 }, "geometry": { "type": "LineString", "coordinates": [ [ -0.2996313, 51.7633376 ], [ -0.298502, 51.7635501 ] ] } },
{ "type": "Feature", "properties": { "id": 7765, "nach": 0.61796387507824191 }, "geometry": { "type": "LineString", "coordinates": [ [ -0.3014147, 51.7638368 ], [ -0.3011653, 51.7638914 ] ] } },
{ "type": "Feature", "properties": { "id": 7804, "nach": 0.52834056937739748 }, "geometry": { "type": "LineString", "coordinates": [ [ -0.3024289, 51.7653597 ], [ -0.3014147, 51.7638368 ] ] } },
{ "type": "Feature", "properties": { "id": 45169, "nach": 0.66607761774846741 }, "geometry": { "type": "LineString", "coordinates": [ [ -0.3019207, 51.7637484 ], [ -0.3020419, 51.7637315 ], [ -0.3025271, 51.7636758 ] ] } },
{ "type": "Feature", "properties": { "id": 45168, "nach": 0.46897588266161605 }, "geometry": { "type": "LineString", "coordinates": [ [ -0.3019207, 51.7637484 ], [ -0.3018993, 51.7636956 ] ] } },
{ "type": "Feature", "properties": { "id": 45167, "nach": 0.46879848384172618 }, "geometry": { "type": "LineString", "coordinates": [ [ -0.3019207, 51.7637484 ], [ -0.3019464, 51.7638117 ] ] } },
{ "type": "Feature", "properties": { "id": 18745, "nach": 0.54413078798693471 }, "geometry": { "type": "LineString", "coordinates": [ [ -0.2901824, 51.762655900000013 ], [ -0.2901692, 51.7626103 ] ] } },
{ "type": "Feature", "properties": { "id": 30652, "nach": 0.53578939034195894 }, "geometry": { "type": "LineString", "coordinates": [ [ -0.2898259, 51.7603787 ], [ -0.2901609, 51.7625564 ], [ -0.2901619, 51.7625629 ], [ -0.2901692, 51.7626103 ] ] } },
{ "type": "Feature", "properties": { "id": 18746, "nach": 0.5668345743566251 }, "geometry": { "type": "LineString", "coordinates": [ [ -0.2901824, 51.762655900000013 ], [ -0.2900796, 51.7626613 ], [ -0.2899621, 51.7626634 ] ] } },
{ "type": "Feature", "properties": { "id": 21346, "nach": 0.5220337409003819 }, "geometry": { "type": "LineString", "coordinates": [ [ -0.2948914, 51.7625134 ], [ -0.2942612, 51.7626504 ], [ -0.293851, 51.762727399999989 ], [ -0.2936345, 51.7627556 ], [ -0.2934187, 51.7627775 ], [ -0.2930529, 51.7627869 ], [ -0.292241, 51.7627655 ], [ -0.2914481, 51.7627356 ], [ -0.2906994, 51.7626955 ], [ -0.2902354, 51.7626607 ], [ -0.2901824, 51.762655900000013 ] ] } },
{ "type": "Feature", "properties": { "id": 4676, "nach": 0.60525071836312438 }, "geometry": { "type": "LineString", "coordinates": [ [ -0.2928869, 51.7646913 ], [ -0.2926317, 51.7648827 ], [ -0.2924732, 51.764977799999983 ] ] } },
{ "type": "Feature", "properties": { "id": 43125, "nach": 0.59649395340293598 }, "geometry": { "type": "LineString", "coordinates": [ [ -0.2927997, 51.7652878 ], [ -0.2927089, 51.7651752 ], [ -0.2924732, 51.764977799999983 ] ] } },
{ "type": "Feature", "properties": { "id": 45199, "nach": 0.60686882460707292 }, "geometry": { "type": "LineString", "coordinates": [ [ -0.2926273, 51.7645456 ], [ -0.2928869, 51.7646913 ] ] } },
{ "type": "Feature", "properties": { "id": 4678, "nach": 0.62558710778100646 }, "geometry": { "type": "LineString", "coordinates": [ [ -0.2936817, 51.7644382 ], [ -0.2933986, 51.7644788 ], [ -0.293111, 51.7645623 ], [ -0.2928869, 51.7646913 ] ] } },
{ "type": "Feature", "properties": { "id": 43124, "nach": 0.5979714476791943 }, "geometry": { "type": "LineString", "coordinates": [ [ -0.2927997, 51.7652878 ], [ -0.2928694, 51.7654213 ], [ -0.2928824, 51.7655356 ] ] } },
{ "type": "Feature", "properties": { "id": 43123, "nach": 0.46621434840539894 }, "geometry": { "type": "LineString", "coordinates": [ [ -0.2927997, 51.7652878 ], [ -0.2923529, 51.7654212 ] ] } },
{ "type": "Feature", "properties": { "id": 45198, "nach": 0.62365113446748299 }, "geometry": { "type": "LineString", "coordinates": [ [ -0.2926273, 51.7645456 ], [ -0.2925258, 51.764404 ] ] } },
{ "type": "Feature", "properties": { "id": 57238, "nach": 0.56278978328226981 }, "geometry": { "type": "LineString", "coordinates": [ [ -0.2923491, 51.7646479 ], [ -0.2925684, 51.7645811 ], [ -0.2926273, 51.7645456 ] ] } },
{ "type": "Feature", "properties": { "id": 4681, "nach": 0.64985003507748129 }, "geometry": { "type": "LineString", "coordinates": [ [ -0.294051, 51.7644749 ], [ -0.2936817, 51.7644382 ] ] } },
{ "type": "Feature", "properties": { "id": 33515, "nach": 0.64504581914696268 }, "geometry": { "type": "LineString", "coordinates": [ [ -0.293625, 51.7642436 ], [ -0.2936753, 51.7643566 ], [ -0.2936817, 51.7644382 ] ] } },
{ "type": "Feature", "properties": { "id": 4683, "nach": 0.65331371698175444 }, "geometry": { "type": "LineString", "coordinates": [ [ -0.2943077, 51.7645383 ], [ -0.294051, 51.7644749 ] ] } },
{ "type": "Feature", "properties": { "id": 63915, "nach": 0.47398393130250926 }, "geometry": { "type": "LineString", "coordinates": [ [ -0.2940073, 51.7645797 ], [ -0.294051, 51.7644749 ] ] } },
{ "type": "Feature", "properties": { "id": 57161, "nach": 0.65208343668012281 }, "geometry": { "type": "LineString", "coordinates": [ [ -0.2935696, 51.764147700000024 ], [ -0.293625, 51.7642436 ] ] } },
{ "type": "Feature", "properties": { "id": 57218, "nach": 0.58655695464964031 }, "geometry": { "type": "LineString", "coordinates": [ [ -0.293896, 51.764187 ], [ -0.293625, 51.7642436 ] ] } },
{ "type": "Feature", "properties": { "id": 57207, "nach": 0.62346382223864305 }, "geometry": { "type": "LineString", "coordinates": [ [ -0.2945734, 51.7642777 ], [ -0.2943077, 51.7645383 ] ] } },
{ "type": "Feature", "properties": { "id": 63892, "nach": 0.6840014328648869 }, "geometry": { "type": "LineString", "coordinates": [ [ -0.2944939, 51.7646447 ], [ -0.2944168, 51.764593 ], [ -0.2943077, 51.7645383 ] ] } },
{ "type": "Feature", "properties": { "id": 57206, "nach": 0.60985206256641211 }, "geometry": { "type": "LineString", "coordinates": [ [ -0.2945734, 51.7642777 ], [ -0.2946175, 51.7642201 ] ] } },
{ "type": "Feature", "properties": { "id": 57211, "nach": 0.61885673361354343 }, "geometry": { "type": "LineString", "coordinates": [ [ -0.2944003, 51.7641254 ], [ -0.2944104, 51.7641489 ], [ -0.2944678, 51.7642451 ], [ -0.2945734, 51.7642777 ] ] } },
{ "type": "Feature", "properties": { "id": 63893, "nach": 0.52193363758277644 }, "geometry": { "type": "LineString", "coordinates": [ [ -0.2944939, 51.7646447 ], [ -0.2945873, 51.764586 ], [ -0.2948273, 51.7645462 ], [ -0.294891, 51.7645225 ], [ -0.2949489, 51.764459 ], [ -0.2949891, 51.7643992 ] ] } },
{ "type": "Feature", "properties": { "id": 63891, "nach": 0.68911234772866015 }, "geometry": { "type": "LineString", "coordinates": [ [ -0.2944939, 51.7646447 ], [ -0.2945756, 51.7646995 ], [ -0.2946717, 51.764780600000016 ], [ -0.29477, 51.7649028 ], [ -0.29482, 51.765064 ] ] } },
{ "type": "Feature", "properties": { "id": 4690, "nach": 0.66756560698151091 }, "geometry": { "type": "LineString", "coordinates": [ [ -0.2953525, 51.7662971 ], [ -0.2951142, 51.7659144 ] ] } },
{ "type": "Feature", "properties": { "id": 18564, "nach": 0.65167125364078515 }, "geometry": { "type": "LineString", "coordinates": [ [ -0.2949162, 51.76547320000001 ], [ -0.2950127, 51.7657181 ], [ -0.2950244, 51.7657481 ], [ -0.2951142, 51.7659144 ] ] } },
{ "type": "Feature", "properties": { "id": 45216, "nach": 0.56098227888849728 }, "geometry": { "type": "LineString", "coordinates": [ [ -0.2945725, 51.7658802 ], [ -0.2946628, 51.7659478 ], [ -0.2947365, 51.7659708 ], [ -0.2948231, 51.7659756 ], [ -0.2951142, 51.7659144 ] ] } },
{ "type": "Feature", "properties": { "id": 4692, "nach": 0.6847227430797973 }, "geometry": { "type": "LineString", "coordinates": [ [ -0.2954679, 51.7666661 ], [ -0.2953525, 51.7662971 ] ] } },
{ "type": "Feature", "properties": { "id": 4754, "nach": 0.58510174372395807 }, "geometry": { "type": "LineString", "coordinates": [ [ -0.2959307, 51.766157800000016 ], [ -0.2953525, 51.7662971 ] ] } },
{ "type": "Feature", "properties": { "id": 63909, "nach": 0.68712415730372722 }, "geometry": { "type": "LineString", "coordinates": [ [ -0.2948335, 51.765121300000011 ], [ -0.2949162, 51.76547320000001 ] ] } },
{ "type": "Feature", "properties": { "id": 49855, "nach": 0.6228463227826081 }, "geometry": { "type": "LineString", "coordinates": [ [ -0.2944651, 51.7655582 ], [ -0.2949162, 51.76547320000001 ] ] } },
{ "type": "Feature", "properties": { "id": 18728, "nach": 0.65823920424036042 }, "geometry": { "type": "LineString", "coordinates": [ [ -0.2953565, 51.7654262 ], [ -0.2949162, 51.76547320000001 ] ] } },
{ "type": "Feature", "properties": { "id": 49858, "nach": 0.57036592156123567 }, "geometry": { "type": "LineString", "coordinates": [ [ -0.2944651, 51.7655582 ], [ -0.2945333, 51.7657982 ], [ -0.2945725, 51.7658802 ] ] } },
{ "type": "Feature", "properties": { "id": 45218, "nach": 0.47364465936881184 }, "geometry": { "type": "LineString", "coordinates": [ [ -0.294229, 51.766202 ], [ -0.2942349, 51.7660124 ], [ -0.2945725, 51.7658802 ] ] } },
{ "type": "Feature", "properties": { "id": 4737, "nach": 0.54841185011243498 }, "geometry": { "type": "LineString", "coordinates": [ [ -0.2950621, 51.766700899999989 ], [ -0.2954679, 51.7666661 ] ] } },
{ "type": "Feature", "properties": { "id": 18609, "nach": 0.68796603623514918 }, "geometry": { "type": "LineString", "coordinates": [ [ -0.2954308, 51.7671096 ], [ -0.2954899, 51.7669239 ], [ -0.2954679, 51.7666661 ] ] } },
{ "type": "Feature", "properties": { "id": 4761, "nach": 0.61728898972143564 }, "geometry": { "type": "LineString", "coordinates": [ [ -0.2961573, 51.7664415 ], [ -0.2961174, 51.766316300000014 ], [ -0.2960286, 51.7662274 ], [ -0.2959307, 51.766157800000016 ] ] } },
{ "type": "Feature", "properties": { "id": 4757, "nach": 0.64765473087945413 }, "geometry": { "type": "LineString", "coordinates": [ [ -0.2958086, 51.7658269 ], [ -0.2957929, 51.7658726 ], [ -0.295806, 51.7659136 ], [ -0.2959307, 51.766157800000016 ] ] } },
{ "type": "Feature", "properties": { "id": 4749, "nach": 0.49737146072332727 }, "geometry": { "type": "LineString", "coordinates": [ [ -0.2936425, 51.7662489 ], [ -0.2938788, 51.7663483 ], [ -0.2944801, 51.7663658 ], [ -0.2944895, 51.7664204 ], [ -0.2946628, 51.7664426 ], [ -0.2947764, 51.766487900000016 ], [ -0.294926, 51.7665605 ], [ -0.2950115, 51.7666332 ], [ -0.2950621, 51.766700899999989 ] ] } },
{ "type": "Feature", "properties": { "id": 57236, "nach": 0.59208060015602371 }, "geometry": { "type": "LineString", "coordinates": [ [ -0.2926413, 51.7643799 ], [ -0.2925258, 51.764404 ] ] } },
{ "type": "Feature", "properties": { "id": 45201, "nach": 0.56472630314422101 }, "geometry": { "type": "LineString", "coordinates": [ [ -0.2922634, 51.7644685 ], [ -0.2925258, 51.764404 ] ] } },
{ "type": "Feature", "properties": { "id": 57235, "nach": 0.44681926688380019 }, "geometry": { "type": "LineString", "coordinates": [ [ -0.2926413, 51.7643799 ], [ -0.2928123, 51.7643442 ] ] } },
{ "type": "Feature", "properties": { "id": 57237, "nach": 0.57942724621275021 }, "geometry": { "type": "LineString", "coordinates": [ [ -0.2926413, 51.7643799 ], [ -0.2925906, 51.764302 ] ] } },
{ "type": "Feature", "properties": { "id": 57159, "nach": 0.57280523665391814 }, "geometry": { "type": "LineString", "coordinates": [ [ -0.292214, 51.7643953 ], [ -0.2922313, 51.7644229 ], [ -0.2922634, 51.7644685 ] ] } },
{ "type": "Feature", "properties": { "id": 57240, "nach": 0.42123104000553385 }, "geometry": { "type": "LineString", "coordinates": [ [ -0.2923491, 51.7646479 ], [ -0.2923209, 51.7646208 ], [ -0.292346, 51.7646 ], [ -0.2922634, 51.7644685 ] ] } },
{ "type": "Feature", "properties": { "id": 43110, "nach": 0.56368700098064128 }, "geometry": { "type": "LineString", "coordinates": [ [ -0.2946175, 51.7642201 ], [ -0.2947214, 51.7640751 ] ] } },
{ "type": "Feature", "properties": { "id": 57210, "nach": 0.60052177970028731 }, "geometry": { "type": "LineString", "coordinates": [ [ -0.2944003, 51.7641254 ], [ -0.2947214, 51.7640751 ] ] } },
{ "type": "Feature", "properties": { "id": 4722, "nach": 0.55602229946565251 }, "geometry": { "type": "LineString", "coordinates": [ [ -0.2946139, 51.763665 ], [ -0.2947067, 51.7638755 ], [ -0.2947214, 51.7640751 ] ] } },
{ "type": "Feature", "properties": { "id": 45190, "nach": 0.62696549824691572 }, "geometry": { "type": "LineString", "coordinates": [ [ -0.29502, 51.7640884 ], [ -0.2949189, 51.7640947 ], [ -0.2947214, 51.7640751 ] ] } },
{ "type": "Feature", "properties": { "id": 43112, "nach": 0.55367032411114625 }, "geometry": { "type": "LineString", "coordinates": [ [ -0.2946175, 51.7642201 ], [ -0.2946715, 51.7642467 ], [ -0.2947246, 51.7643352 ], [ -0.2947973, 51.7643616 ], [ -0.2949073, 51.76437150000001 ], [ -0.2949891, 51.7643992 ] ] } },
{ "type": "Feature", "properties": { "id": 57209, "nach": 0.65709637496488549 }, "geometry": { "type": "LineString", "coordinates": [ [ -0.2944003, 51.7641254 ], [ -0.2943358, 51.7641355 ] ] } },
{ "type": "Feature", "properties": { "id": 57228, "nach": 0.59330229590711836 }, "geometry": { "type": "LineString", "coordinates": [ [ -0.2946264, 51.763541 ], [ -0.2946139, 51.763665 ] ] } },
{ "type": "Feature", "properties": { "id": 33500, "nach": 0.55524155098217098 }, "geometry": { "type": "LineString", "coordinates": [ [ -0.2942034, 51.7637839 ], [ -0.2946139, 51.763665 ] ] } },
{ "type": "Feature", "properties": { "id": 45188, "nach": 0.62594780471876588 }, "geometry": { "type": "LineString", "coordinates": [ [ -0.29502, 51.7640884 ], [ -0.2952337, 51.764062 ] ] } },
{ "type": "Feature", "properties": { "id": 45191, "nach": 0.47126546502393163 }, "geometry": { "type": "LineString", "coordinates": [ [ -0.2951178, 51.7643195 ], [ -0.29502, 51.7640884 ] ] } },
{ "type": "Feature", "properties": { "id": 63881, "nach": 0.64150535468194425 }, "geometry": { "type": "LineString", "coordinates": [ [ -0.2952239, 51.7640301 ], [ -0.2952337, 51.764062 ] ] } },
{ "type": "Feature", "properties": { "id": 63886, "nach": 0.59564351732817178 }, "geometry": { "type": "LineString", "coordinates": [ [ -0.2952976, 51.7642271 ], [ -0.2952337, 51.764062 ] ] } },
{ "type": "Feature", "properties": { "id": 63882, "nach": 0.63652747990435665 }, "geometry": { "type": "LineString", "coordinates": [ [ -0.2952239, 51.7640301 ], [ -0.2952086, 51.763980300000014 ], [ -0.2953224, 51.7639136 ], [ -0.2955543, 51.7638818 ], [ -0.2957037, 51.7638647 ] ] } },
{ "type": "Feature", "properties": { "id": 63884, "nach": 0.47225314704363891 }, "geometry": { "type": "LineString", "coordinates": [ [ -0.2955, 51.7641465 ], [ -0.2954526, 51.7640164 ], [ -0.2954183, 51.764002 ], [ -0.2952239, 51.7640301 ] ] } },
{ "type": "Feature", "properties": { "id": 63885, "nach": 0.58160802173072701 }, "geometry": { "type": "LineString", "coordinates": [ [ -0.2952976, 51.7642271 ], [ -0.295342, 51.7643415 ] ] } },
{ "type": "Feature", "properties": { "id": 63889, "nach": 0.49455122222122377 }, "geometry": { "type": "LineString", "coordinates": [ [ -0.2958136, 51.7641523 ], [ -0.2952976, 51.7642271 ] ] } },
{ "type": "Feature", "properties": { "id": 63904, "nach": 0.59284401642053619 }, "geometry": { "type": "LineString", "coordinates": [ [ -0.2956911, 51.7650025 ], [ -0.2955796, 51.7650117 ], [ -0.2955224, 51.764933400000011 ] ] } },
{ "type": "Feature", "properties": { "id": 21519, "nach": 0.5977817227353347 }, "geometry": { "type": "LineString", "coordinates": [ [ -0.295342, 51.7643415 ], [ -0.2954297, 51.7645396 ], [ -0.2955224, 51.764933400000011 ] ] } },
{ "type": "Feature", "properties": { "id": 63907, "nach": 0.55479300210308125 }, "geometry": { "type": "LineString", "coordinates": [ [ -0.2952057, 51.76499170000001 ], [ -0.2952821, 51.7649633 ], [ -0.2955224, 51.764933400000011 ] ] } },
{ "type": "Feature", "properties": { "id": 63903, "nach": 0.59662323182900412 }, "geometry": { "type": "LineString", "coordinates": [ [ -0.2956911, 51.7650025 ], [ -0.2956963, 51.7650247 ], [ -0.2957143, 51.7650852 ] ] } },
{ "type": "Feature", "properties": { "id": 63905, "nach": 0.48163932368656437 }, "geometry": { "type": "LineString", "coordinates": [ [ -0.2960041, 51.7649697 ], [ -0.2956911, 51.7650025 ] ] } },
{ "type": "Feature", "properties": { "id": 21520, "nach": 0.58402384888702252 }, "geometry": { "type": "LineString", "coordinates": [ [ -0.2949891, 51.7643992 ], [ -0.295342, 51.7643415 ] ] } },
{ "type": "Feature", "properties": { "id": 63906, "nach": 0.47975839061087311 }, "geometry": { "type": "LineString", "coordinates": [ [ -0.2952057, 51.76499170000001 ], [ -0.2951848, 51.7649995 ], [ -0.295031, 51.765015 ] ] } },
{ "type": "Feature", "properties": { "id": 63911, "nach": 0.56640098228270253 }, "geometry": { "type": "LineString", "coordinates": [ [ -0.2948335, 51.765121300000011 ], [ -0.2952376, 51.7650803 ], [ -0.2952057, 51.76499170000001 ] ] } },
{ "type": "Feature", "properties": { "id": 57230, "nach": 0.56678964415421651 }, "geometry": { "type": "LineString", "coordinates": [ [ -0.2946264, 51.763541 ], [ -0.2946324, 51.7634819 ], [ -0.2946275, 51.7634126 ], [ -0.2945983, 51.7633358 ], [ -0.29446870000001, 51.7631716 ], [ -0.2943529, 51.7630519 ] ] } },
{ "type": "Feature", "properties": { "id": 57231, "nach": 0.4633211205530739 }, "geometry": { "type": "LineString", "coordinates": [ [ -0.2948533, 51.7635602 ], [ -0.2946264, 51.763541 ] ] } },
{ "type": "Feature", "properties": { "id": 33501, "nach": 0.64279294866024972 }, "geometry": { "type": "LineString", "coordinates": [ [ -0.2942034, 51.7637839 ], [ -0.2940135, 51.7638402 ] ] } },
{ "type": "Feature", "properties": { "id": 33502, "nach": 0.61873335553769448 }, "geometry": { "type": "LineString", "coordinates": [ [ -0.2942034, 51.7637839 ], [ -0.2943358, 51.7641355 ] ] } },
{ "type": "Feature", "properties": { "id": 57225, "nach": 0.52995909062625746 }, "geometry": { "type": "LineString", "coordinates": [ [ -0.2942227, 51.7630787 ], [ -0.2942727, 51.7630666 ], [ -0.2943529, 51.7630519 ] ] } },
{ "type": "Feature", "properties": { "id": 4726, "nach": 0.45312289120048155 }, "geometry": { "type": "LineString", "coordinates": [ [ -0.2947876, 51.7629323 ], [ -0.294477, 51.7629952 ], [ -0.2943529, 51.7630519 ] ] } },
{ "type": "Feature", "properties": { "id": 57224, "nach": 0.4502554349985336 }, "geometry": { "type": "LineString", "coordinates": [ [ -0.2942227, 51.7630787 ], [ -0.2941902, 51.763097199999983 ], [ -0.294153, 51.7631545 ], [ -0.2941532, 51.7632168 ], [ -0.2942271, 51.763382300000018 ] ] } },
{ "type": "Feature", "properties": { "id": 57227, "nach": 0.45198535575763804 }, "geometry": { "type": "LineString", "coordinates": [ [ -0.294034, 51.7628442 ], [ -0.294094, 51.762952900000016 ], [ -0.2941375, 51.7630175 ], [ -0.2942227, 51.7630787 ] ] } },
{ "type": "Feature", "properties": { "id": 4731, "nach": 0.57005176514370393 }, "geometry": { "type": "LineString", "coordinates": [ [ -0.2928161, 51.7659592 ], [ -0.292813, 51.7657361 ], [ -0.2928824, 51.7655356 ] ] } },
{ "type": "Feature", "properties": { "id": 4734, "nach": 0.56399050915080373 }, "geometry": { "type": "LineString", "coordinates": [ [ -0.293801, 51.7652909 ], [ -0.2935982, 51.7654004 ], [ -0.2932786, 51.7655375 ], [ -0.2928824, 51.7655356 ] ] } },
{ "type": "Feature", "properties": { "id": 36171, "nach": 0.46675709933676557 }, "geometry": { "type": "LineString", "coordinates": [ [ -0.2937969, 51.7648952 ], [ -0.2937846, 51.7649491 ], [ -0.2937588, 51.7649794 ], [ -0.2937043, 51.765019 ], [ -0.2936825, 51.7650485 ], [ -0.2937057, 51.7651092 ], [ -0.2937329, 51.7652061 ], [ -0.293801, 51.7652909 ] ] } },
{ "type": "Feature", "properties": { "id": 36174, "nach": 0.57339255113868504 }, "geometry": { "type": "LineString", "coordinates": [ [ -0.2940415, 51.765251199999987 ], [ -0.29385, 51.765276 ], [ -0.293801, 51.7652909 ] ] } },
{ "type": "Feature", "properties": { "id": 18552, "nach": 0.53422976853339355 }, "geometry": { "type": "LineString", "coordinates": [ [ -0.2932038, 51.76622480000001 ], [ -0.2932783, 51.766201 ], [ -0.2933981, 51.7661309 ], [ -0.2937942, 51.7658337 ] ] } },
{ "type": "Feature", "properties": { "id": 63875, "nach": 0.56413858546073681 }, "geometry": { "type": "LineString", "coordinates": [ [ -0.2940669, 51.7652798 ], [ -0.2940415, 51.765251199999987 ] ] } },
{ "type": "Feature", "properties": { "id": 45210, "nach": 0.53070510412022109 }, "geometry": { "type": "LineString", "coordinates": [ [ -0.2942458, 51.7651607 ], [ -0.2940833, 51.7652022 ], [ -0.2940526, 51.7652262 ], [ -0.2940415, 51.765251199999987 ] ] } },
{ "type": "Feature", "properties": { "id": 18538, "nach": 0.58560295041400945 }, "geometry": { "type": "LineString", "coordinates": [ [ -0.2935469, 51.7663399 ], [ -0.2936425, 51.7662489 ] ] } },
{ "type": "Feature", "properties": { "id": 18546, "nach": 0.56857249297449419 }, "geometry": { "type": "LineString", "coordinates": [ [ -0.2937942, 51.7658337 ], [ -0.2937172, 51.7660683 ], [ -0.2935888, 51.766208100000014 ], [ -0.2936425, 51.7662489 ] ] } },
{ "type": "Feature", "properties": { "id": 49857, "nach": 0.60048889579819065 }, "geometry": { "type": "LineString", "coordinates": [ [ -0.2944651, 51.7655582 ], [ -0.2941939, 51.7656082 ], [ -0.2940158, 51.765687 ], [ -0.2939337, 51.7657354 ], [ -0.2937942, 51.7658337 ] ] } },
{ "type": "Feature", "properties": { "id": 45220, "nach": 0.61505821051906551 }, "geometry": { "type": "LineString", "coordinates": [ [ -0.296197, 51.766611 ], [ -0.2961573, 51.7664415 ] ] } },
{ "type": "Feature", "properties": { "id": 18604, "nach": 0.43424860180652131 }, "geometry": { "type": "LineString", "coordinates": [ [ -0.2970943, 51.7663208 ], [ -0.2970019, 51.766341 ], [ -0.2967393, 51.7663982 ], [ -0.2966344, 51.7664131 ], [ -0.2965437, 51.7663833 ], [ -0.2961573, 51.7664415 ] ] } },
{ "type": "Feature", "properties": { "id": 18726, "nach": 0.63049329718242841 }, "geometry": { "type": "LineString", "coordinates": [ [ -0.2961399, 51.7657393 ], [ -0.2958972, 51.7657679 ], [ -0.2958468, 51.7657928 ], [ -0.2958086, 51.7658269 ] ] } },
{ "type": "Feature", "properties": { "id": 63914, "nach": 0.58355376281801297 }, "geometry": { "type": "LineString", "coordinates": [ [ -0.2957115, 51.7657553 ], [ -0.2957315, 51.765776 ], [ -0.2958086, 51.7658269 ] ] } },
{ "type": "Feature", "properties": { "id": 18725, "nach": 0.46641561695020245 }, "geometry": { "type": "LineString", "coordinates": [ [ -0.2961399, 51.7657393 ], [ -0.2963604, 51.7657337 ], [ -0.2963985, 51.76569880000001 ], [ -0.2965783, 51.7656747 ] ] } },
{ "type": "Feature", "properties": { "id": 63894, "nach": 0.62618009824303456 }, "geometry": { "type": "LineString", "coordinates": [ [ -0.2960625, 51.7654535 ], [ -0.2961399, 51.7657393 ] ] } },
{ "type": "Feature", "properties": { "id": 63913, "nach": 0.57263019903275558 }, "geometry": { "type": "LineString", "coordinates": [ [ -0.2957115, 51.7657553 ], [ -0.2956205, 51.7657662 ], [ -0.2954667, 51.765541400000011 ], [ -0.295432, 51.7654831 ], [ -0.2953565, 51.7654262 ] ] } },
{ "type": "Feature", "properties": { "id": 63912, "nach": 0.48486625615549389 }, "geometry": { "type": "LineString", "coordinates": [ [ -0.2957115, 51.7657553 ], [ -0.2956088, 51.7656486 ] ] } },
{ "type": "Feature", "properties": { "id": 45222, "nach": 0.611892449214683 }, "geometry": { "type": "LineString", "coordinates": [ [ -0.296197, 51.766611 ], [ -0.2962294, 51.7666947 ], [ -0.2963057, 51.76679630000001 ], [ -0.2963902, 51.7668488 ] ] } },
{ "type": "Feature", "properties": { "id": 45223, "nach": 0.48156352472044284 }, "geometry": { "type": "LineString", "coordinates": [ [ -0.2959591, 51.7666263 ], [ -0.296197, 51.766611 ] ] } },
{ "type": "Feature", "properties": { "id": 18603, "nach": 0.56759724315451132 }, "geometry": { "type": "LineString", "coordinates": [ [ -0.2970943, 51.7663208 ], [ -0.2968971, 51.7660629 ], [ -0.2965783, 51.7656747 ] ] } },
{ "type": "Feature", "properties": { "id": 18664, "nach": 0.57492757656719184 }, "geometry": { "type": "LineString", "coordinates": [ [ -0.297769, 51.7671381 ], [ -0.297596, 51.7669153 ], [ -0.2974123, 51.7667915 ], [ -0.2970943, 51.7663208 ] ] } },
{ "type": "Feature", "properties": { "id": 4768, "nach": 0.61525696267359931 }, "geometry": { "type": "LineString", "coordinates": [ [ -0.2962555, 51.7672721 ], [ -0.2964243, 51.76708450000001 ], [ -0.2964431, 51.7670209 ], [ -0.296436, 51.7669558 ], [ -0.2963902, 51.7668488 ] ] } },
{ "type": "Feature", "properties": { "id": 45226, "nach": 0.55610735999359751 }, "geometry": { "type": "LineString", "coordinates": [ [ -0.2967901, 51.7668014 ], [ -0.2966427, 51.7667936 ], [ -0.2963902, 51.7668488 ] ] } },
{ "type": "Feature", "properties": { "id": 45227, "nach": 0.47884311087426401 }, "geometry": { "type": "LineString", "coordinates": [ [ -0.2968129, 51.7667174 ], [ -0.2967901, 51.7668014 ] ] } },
{ "type": "Feature", "properties": { "id": 33834, "nach": 0.61567367351915092 }, "geometry": { "type": "LineString", "coordinates": [ [ -0.2902769, 51.763513500000016 ], [ -0.2903652, 51.7635862 ] ] } },
{ "type": "Feature", "properties": { "id": 30560, "nach": 0.53926567294421257 }, "geometry": { "type": "LineString", "coordinates": [ [ -0.2906235, 51.7638342 ], [ -0.2903652, 51.7635862 ] ] } },
{ "type": "Feature", "properties": { "id": 26603, "nach": 0.59503189713928517 }, "geometry": { "type": "LineString", "coordinates": [ [ -0.2904853, 51.7635388 ], [ -0.2903652, 51.7635862 ] ] } },
{ "type": "Feature", "properties": { "id": 33836, "nach": 0.4489646391280912 }, "geometry": { "type": "LineString", "coordinates": [ [ -0.2902769, 51.763513500000016 ], [ -0.2867987, 51.7658563 ], [ -0.2853747, 51.7661417 ], [ -0.2851882, 51.7662124 ], [ -0.2851179, 51.7662529 ], [ -0.2848044, 51.7664336 ], [ -0.2847576, 51.7664586 ], [ -0.2845178, 51.76656950000001 ] ] } },
{ "type": "Feature", "properties": { "id": 30564, "nach": 0.52545330450468708 }, "geometry": { "type": "LineString", "coordinates": [ [ -0.2907359, 51.763761 ], [ -0.2906235, 51.7638342 ] ] } },
{ "type": "Feature", "properties": { "id": 39011, "nach": 0.57658520658248047 }, "geometry": { "type": "LineString", "coordinates": [ [ -0.2909961, 51.7641698 ], [ -0.2906968, 51.7639 ], [ -0.2906235, 51.7638342 ] ] } },
{ "type": "Feature", "properties": { "id": 26606, "nach": 0.59431980547820951 }, "geometry": { "type": "LineString", "coordinates": [ [ -0.2904853, 51.7635388 ], [ -0.290447, 51.7635108 ], [ -0.2902577, 51.7633603 ], [ -0.2902148, 51.7633111 ] ] } },
{ "type": "Feature", "properties": { "id": 30563, "nach": 0.64158713765102504 }, "geometry": { "type": "LineString", "coordinates": [ [ -0.2907359, 51.763761 ], [ -0.2904853, 51.7635388 ] ] } },
{ "type": "Feature", "properties": { "id": 29533, "nach": 0.61964825803444978 }, "geometry": { "type": "LineString", "coordinates": [ [ -0.29071820000001, 51.7634756 ], [ -0.2905966, 51.7634988 ], [ -0.2904853, 51.7635388 ] ] } },
{ "type": "Feature", "properties": { "id": 18707, "nach": 0.60974164777969009 }, "geometry": { "type": "LineString", "coordinates": [ [ -0.2921546, 51.7633397 ], [ -0.2920834, 51.7633394 ] ] } },
{ "type": "Feature", "properties": { "id": 57130, "nach": 0.50931901104833188 }, "geometry": { "type": "LineString", "coordinates": [ [ -0.292087, 51.7635935 ], [ -0.2920834, 51.7633394 ] ] } },
{ "type": "Feature", "properties": { "id": 57135, "nach": 0.60759804546763607 }, "geometry": { "type": "LineString", "coordinates": [ [ -0.2915127, 51.7634696 ], [ -0.2916623, 51.76346490000001 ], [ -0.2918046, 51.7634222 ], [ -0.2919884, 51.763356 ], [ -0.2920834, 51.7633394 ] ] } },
{ "type": "Feature", "properties": { "id": 57190, "nach": 0.61167266557193956 }, "geometry": { "type": "LineString", "coordinates": [ [ -0.2922795, 51.7633382 ], [ -0.2921546, 51.7633397 ] ] } },
{ "type": "Feature", "properties": { "id": 57171, "nach": 0.49866227389380058 }, "geometry": { "type": "LineString", "coordinates": [ [ -0.2921479, 51.76307280000001 ], [ -0.2921546, 51.7633397 ] ] } },
{ "type": "Feature", "properties": { "id": 57136, "nach": 0.51531836709232137 }, "geometry": { "type": "LineString", "coordinates": [ [ -0.2920889, 51.7637293 ], [ -0.292087, 51.7635935 ] ] } },
{ "type": "Feature", "properties": { "id": 57193, "nach": 0.52123801306539363 }, "geometry": { "type": "LineString", "coordinates": [ [ -0.2922743, 51.7635946 ], [ -0.292087, 51.7635935 ] ] } },
{ "type": "Feature", "properties": { "id": 57133, "nach": 0.60912215202612818 }, "geometry": { "type": "LineString", "coordinates": [ [ -0.2915127, 51.7634696 ], [ -0.2914644, 51.7634691 ] ] } },
{ "type": "Feature", "properties": { "id": 57134, "nach": 0.4525574137636455 }, "geometry": { "type": "LineString", "coordinates": [ [ -0.2915127, 51.7634696 ], [ -0.2915075, 51.7636064 ] ] } },
{ "type": "Feature", "properties": { "id": 57247, "nach": 0.48379790721138988 }, "geometry": { "type": "LineString", "coordinates": [ [ -0.2932287, 51.7632076 ], [ -0.2930373, 51.7632071 ] ] } },
{ "type": "Feature", "properties": { "id": 18751, "nach": 0.37465081503844944 }, "geometry": { "type": "LineString", "coordinates": [ [ -0.2930353, 51.7634668 ], [ -0.2930373, 51.7632071 ] ] } },
{ "type": "Feature", "properties": { "id": 20140, "nach": 0.58392019477474366 }, "geometry": { "type": "LineString", "coordinates": [ [ -0.2930405, 51.7628697 ], [ -0.2930373, 51.7632071 ] ] } },
{ "type": "Feature", "properties": { "id": 45182, "nach": 0.5922543391070163 }, "geometry": { "type": "LineString", "coordinates": [ [ -0.2928255, 51.7632313 ], [ -0.2929123, 51.763215 ], [ -0.2930373, 51.7632071 ] ] } },
{ "type": "Feature", "properties": { "id": 57249, "nach": 0.50664995180407812 }, "geometry": { "type": "LineString", "coordinates": [ [ -0.2932287, 51.7632076 ], [ -0.2933626, 51.763208 ], [ -0.2935772, 51.7631631 ] ] } },
{ "type": "Feature", "properties": { "id": 57250, "nach": 0.46397052269835676 }, "geometry": { "type": "LineString", "coordinates": [ [ -0.2932307, 51.7630994 ], [ -0.2932287, 51.7632076 ] ] } },
{ "type": "Feature", "properties": { "id": 57163, "nach": 0.59112437204636692 }, "geometry": { "type": "LineString", "coordinates": [ [ -0.293389, 51.7634703 ], [ -0.2930353, 51.7634668 ] ] } },
{ "type": "Feature", "properties": { "id": 45186, "nach": 0.59014496607820655 }, "geometry": { "type": "LineString", "coordinates": [ [ -0.2928513, 51.7634654 ], [ -0.2930353, 51.7634668 ] ] } },
{ "type": "Feature", "properties": { "id": 20138, "nach": 0.62048748318350999 }, "geometry": { "type": "LineString", "coordinates": [ [ -0.2930405, 51.7628697 ], [ -0.2934209, 51.762871100000012 ] ] } },
{ "type": "Feature", "properties": { "id": 20139, "nach": 0.55287453251219854 }, "geometry": { "type": "LineString", "coordinates": [ [ -0.2930405, 51.7628697 ], [ -0.2925096, 51.7628624 ] ] } },
{ "type": "Feature", "properties": { "id": 45183, "nach": 0.61968891004206095 }, "geometry": { "type": "LineString", "coordinates": [ [ -0.2928255, 51.7632313 ], [ -0.292592, 51.7633106 ], [ -0.292494, 51.7633356 ] ] } },
{ "type": "Feature", "properties": { "id": 45187, "nach": 0.59614335425423848 }, "geometry": { "type": "LineString", "coordinates": [ [ -0.2928513, 51.7634654 ], [ -0.2928492, 51.7632711 ], [ -0.2928255, 51.7632313 ] ] } },
{ "type": "Feature", "properties": { "id": 4845, "nach": 0.54575703176605639 }, "geometry": { "type": "LineString", "coordinates": [ [ -0.2995198, 51.7663356 ], [ -0.3001501, 51.7670936 ] ] } },
{ "type": "Feature", "properties": { "id": 4847, "nach": 0.44134126531824824 }, "geometry": { "type": "LineString", "coordinates": [ [ -0.2981642, 51.7668121 ], [ -0.2995198, 51.7663356 ] ] } },
{ "type": "Feature", "properties": { "id": 4850, "nach": 0.56591218032181456 }, "geometry": { "type": "LineString", "coordinates": [ [ -0.2992597, 51.7659644 ], [ -0.299356, 51.7661313 ], [ -0.2995198, 51.7663356 ] ] } },
{ "type": "Feature", "properties": { "id": 16633, "nach": 0.52209948314761223 }, "geometry": { "type": "LineString", "coordinates": [ [ -0.3005199, 51.7657555 ], [ -0.2998543, 51.7658543 ], [ -0.2992597, 51.7659644 ] ] } },
{ "type": "Feature", "properties": { "id": 4853, "nach": 0.59553688603528154 }, "geometry": { "type": "LineString", "coordinates": [ [ -0.2991877, 51.765291 ], [ -0.2991524, 51.7654241 ], [ -0.2991748, 51.765708 ], [ -0.2992597, 51.7659644 ] ] } },
{ "type": "Feature", "properties": { "id": 16634, "nach": 0.51022290061381059 }, "geometry": { "type": "LineString", "coordinates": [ [ -0.3005199, 51.7657555 ], [ -0.3015963, 51.765598100000012 ], [ -0.3020139, 51.765504700000015 ], [ -0.3024289, 51.7653597 ] ] } },
{ "type": "Feature", "properties": { "id": 16636, "nach": 0.44251353668824767 }, "geometry": { "type": "LineString", "coordinates": [ [ -0.3007785, 51.765056800000011 ], [ -0.300715, 51.7651323 ], [ -0.3005986, 51.765270600000015 ], [ -0.3004819, 51.7655593 ], [ -0.3005199, 51.7657555 ] ] } },
{ "type": "Feature", "properties": { "id": 42336, "nach": 0.6374307595062092 }, "geometry": { "type": "LineString", "coordinates": [ [ -0.2980817, 51.7652396 ], [ -0.2990096, 51.7652783 ], [ -0.2991877, 51.765291 ] ] } },
{ "type": "Feature", "properties": { "id": 4966, "nach": 0.60673383386852031 }, "geometry": { "type": "LineString", "coordinates": [ [ -0.2997496, 51.7645332 ], [ -0.2995333, 51.7647441 ], [ -0.2993184, 51.7650274 ], [ -0.2991877, 51.765291 ] ] } },
{ "type": "Feature", "properties": { "id": 42335, "nach": 0.64351295353423521 }, "geometry": { "type": "LineString", "coordinates": [ [ -0.2980817, 51.7652396 ], [ -0.2975894, 51.7652274 ] ] } },
{ "type": "Feature", "properties": { "id": 42338, "nach": 0.47161708955713472 }, "geometry": { "type": "LineString", "coordinates": [ [ -0.2985027, 51.7648374 ], [ -0.2981997, 51.7648124 ], [ -0.2981092, 51.7648573 ], [ -0.2980817, 51.7652396 ] ] } },
{ "type": "Feature", "properties": { "id": 4965, "nach": 0.60604726978296897 }, "geometry": { "type": "LineString", "coordinates": [ [ -0.2997496, 51.7645332 ], [ -0.3000801, 51.7643126 ], [ -0.3003992, 51.7641496 ] ] } },
{ "type": "Feature", "properties": { "id": 4858, "nach": 0.4669308442473224 }, "geometry": { "type": "LineString", "coordinates": [ [ -0.2976948, 51.7661224 ], [ -0.2975571, 51.7658966 ], [ -0.2975894, 51.7652274 ] ] } },
{ "type": "Feature", "properties": { "id": 7808, "nach": 0.65113372846393835 }, "geometry": { "type": "LineString", "coordinates": [ [ -0.2969811, 51.7652274 ], [ -0.2972507, 51.7652294 ], [ -0.2975894, 51.7652274 ] ] } },
{ "type": "Feature", "properties": { "id": 30452, "nach": 0.67305407911973458 }, "geometry": { "type": "LineString", "coordinates": [ [ -0.2963501, 51.7653136 ], [ -0.2964701, 51.7652967 ], [ -0.2965102, 51.76525680000001 ], [ -0.2969811, 51.7652274 ] ] } },
{ "type": "Feature", "properties": { "id": 17020, "nach": 0.60396824132731775 }, "geometry": { "type": "LineString", "coordinates": [ [ -0.2966726, 51.7642557 ], [ -0.2967104, 51.7644279 ], [ -0.2969811, 51.7652274 ] ] } },
{ "type": "Feature", "properties": { "id": 16294, "nach": 0.65248905636472365 }, "geometry": { "type": "LineString", "coordinates": [ [ -0.2967603, 51.763607 ], [ -0.2967803, 51.7635213 ] ] } },
{ "type": "Feature", "properties": { "id": 4862, "nach": 0.47326973487997387 }, "geometry": { "type": "LineString", "coordinates": [ [ -0.2956716, 51.763368800000016 ], [ -0.2960133, 51.763317 ], [ -0.2967803, 51.7635213 ] ] } },
{ "type": "Feature", "properties": { "id": 4865, "nach": 0.64661190795564705 }, "geometry": { "type": "LineString", "coordinates": [ [ -0.2973653, 51.7625751 ], [ -0.2971687, 51.7627442 ], [ -0.2970224, 51.7629417 ], [ -0.2969108, 51.7632126 ], [ -0.2967803, 51.7635213 ] ] } },
{ "type": "Feature", "properties": { "id": 17019, "nach": 0.6095482541001358 }, "geometry": { "type": "LineString", "coordinates": [ [ -0.2966726, 51.7642557 ], [ -0.296654, 51.763947900000012 ], [ -0.2967603, 51.763607 ] ] } },
{ "type": "Feature", "properties": { "id": 43105, "nach": 0.64114361698010469 }, "geometry": { "type": "LineString", "coordinates": [ [ -0.2957037, 51.7638647 ], [ -0.2956496, 51.7637293 ], [ -0.2967603, 51.763607 ] ] } },
{ "type": "Feature", "properties": { "id": 18537, "nach": 0.5789277610440573 }, "geometry": { "type": "LineString", "coordinates": [ [ -0.298502, 51.7635501 ], [ -0.2978902, 51.763617600000011 ], [ -0.297268, 51.7636373 ], [ -0.2967603, 51.763607 ] ] } },
{ "type": "Feature", "properties": { "id": 16911, "nach": 0.59474795344094589 }, "geometry": { "type": "LineString", "coordinates": [ [ -0.2980417, 51.7626249 ], [ -0.2978736, 51.7626452 ], [ -0.2977212, 51.762655 ], [ -0.2975508, 51.7626326 ], [ -0.2973653, 51.7625751 ] ] } },
{ "type": "Feature", "properties": { "id": 16913, "nach": 0.5844321582326315 }, "geometry": { "type": "LineString", "coordinates": [ [ -0.2991802, 51.762445 ], [ -0.2980417, 51.7626249 ] ] } },
{ "type": "Feature", "properties": { "id": 18536, "nach": 0.38367788524354413 }, "geometry": { "type": "LineString", "coordinates": [ [ -0.298502, 51.7635501 ], [ -0.2984515, 51.7634347 ], [ -0.2984186, 51.7633697 ], [ -0.2980417, 51.7626249 ] ] } },
{ "type": "Feature", "properties": { "id": 4929, "nach": 0.43908106372054267 }, "geometry": { "type": "LineString", "coordinates": [ [ -0.3055118, 51.762903 ], [ -0.3055015, 51.7624961 ] ] } },
{ "type": "Feature", "properties": { "id": 4931, "nach": 0.54308226848389862 }, "geometry": { "type": "LineString", "coordinates": [ [ -0.304849, 51.7625376 ], [ -0.3052268, 51.7625195 ], [ -0.3055015, 51.7624961 ] ] } },
{ "type": "Feature", "properties": { "id": 4934, "nach": 0.47760598735111665 }, "geometry": { "type": "LineString", "coordinates": [ [ -0.3047661, 51.7621844 ], [ -0.3047572, 51.7623488 ], [ -0.3047565, 51.7623957 ], [ -0.3047664, 51.7624389 ], [ -0.3047962, 51.7624936 ], [ -0.304849, 51.7625376 ] ] } },
{ "type": "Feature", "properties": { "id": 4936, "nach": 0.44143976079399944 }, "geometry": { "type": "LineString", "coordinates": [ [ -0.3047803, 51.7621226 ], [ -0.3047661, 51.7621844 ] ] } },
{ "type": "Feature", "properties": { "id": 4948, "nach": 0.36855581841450386 }, "geometry": { "type": "LineString", "coordinates": [ [ -0.3033149, 51.7622093 ], [ -0.3037734, 51.7621948 ], [ -0.3047661, 51.7621844 ] ] } },
{ "type": "Feature", "properties": { "id": 4947, "nach": 0.52452164466785534 }, "geometry": { "type": "LineString", "coordinates": [ [ -0.3033149, 51.7622093 ], [ -0.3031484, 51.762069 ], [ -0.303064, 51.7619702 ] ] } },
{ "type": "Feature", "properties": { "id": 42468, "nach": 0.46745097773583938 }, "geometry": { "type": "LineString", "coordinates": [ [ -0.3021332, 51.760478 ], [ -0.3022008, 51.7605588 ] ] } },
{ "type": "Feature", "properties": { "id": 4944, "nach": 0.51100321198918597 }, "geometry": { "type": "LineString", "coordinates": [ [ -0.303064, 51.7619702 ], [ -0.3030711, 51.76189810000001 ], [ -0.3032242, 51.76171260000001 ], [ -0.3032422, 51.7616255 ], [ -0.3031946, 51.7615385 ], [ -0.3030964, 51.7614587 ], [ -0.3028536, 51.7613079 ] ] } },
{ "type": "Feature", "properties": { "id": 4949, "nach": 0.38807653963657346 }, "geometry": { "type": "LineString", "coordinates": [ [ -0.3020119, 51.7625387 ], [ -0.3019733, 51.762421500000016 ], [ -0.3018554, 51.7622576 ], [ -0.3019013, 51.7620348 ], [ -0.3018908, 51.7619865 ], [ -0.3017298, 51.761801500000011 ], [ -0.3017392, 51.7616882 ], [ -0.3018519, 51.7615793 ], [ -0.3020019, 51.7615389 ], [ -0.302367, 51.7615214 ], [ -0.3028536, 51.7613079 ] ] } },
{ "type": "Feature", "properties": { "id": 29541, "nach": 0.43830318889862402 }, "geometry": { "type": "LineString", "coordinates": [ [ -0.3026958, 51.7623677 ], [ -0.302722, 51.762280700000012 ], [ -0.3027149, 51.7620752 ], [ -0.3028633, 51.7619965 ], [ -0.303064, 51.7619702 ] ] } },
{ "type": "Feature", "properties": { "id": 21347, "nach": 0.66922293367306296 }, "geometry": { "type": "LineString", "coordinates": [ [ -0.2948914, 51.7625134 ], [ -0.2951476, 51.7624491 ], [ -0.2958186, 51.7622571 ] ] } },
{ "type": "Feature", "properties": { "id": 53618, "nach": 0.65645250770519914 }, "geometry": { "type": "LineString", "coordinates": [ [ -0.2965571, 51.7620249 ], [ -0.2964763, 51.7620548 ], [ -0.2958186, 51.7622571 ] ] } },
{ "type": "Feature", "properties": { "id": 53602, "nach": 0.51518986786191867 }, "geometry": { "type": "LineString", "coordinates": [ [ -0.2970455, 51.7620091 ], [ -0.2994974, 51.7612818 ] ] } },
{ "type": "Feature", "properties": { "id": 53605, "nach": 0.45271294086019254 }, "geometry": { "type": "LineString", "coordinates": [ [ -0.2970455, 51.7620091 ], [ -0.2970707, 51.762043199999987 ], [ -0.2979366, 51.7617808 ], [ -0.2989425, 51.761483600000012 ], [ -0.2995243, 51.7613202 ] ] } },
{ "type": "Feature", "properties": { "id": 53608, "nach": 0.37988477879563082 }, "geometry": { "type": "LineString", "coordinates": [ [ -0.2970068, 51.7618648 ], [ -0.2970325, 51.7618838 ], [ -0.2969836, 51.7619253 ], [ -0.2970455, 51.7620091 ] ] } },
{ "type": "Feature", "properties": { "id": 53589, "nach": 0.40903446915978547 }, "geometry": { "type": "LineString", "coordinates": [ [ -0.2995243, 51.7613202 ], [ -0.2994974, 51.7612818 ] ] } },
{ "type": "Feature", "properties": { "id": 53583, "nach": 0.42368209034705973 }, "geometry": { "type": "LineString", "coordinates": [ [ -0.2997041, 51.7610906 ], [ -0.2997402, 51.7611347 ], [ -0.2994515, 51.7612161 ], [ -0.2994974, 51.7612818 ] ] } },
{ "type": "Feature", "properties": { "id": 42467, "nach": 0.4255051310657087 }, "geometry": { "type": "LineString", "coordinates": [ [ -0.3022008, 51.7605588 ], [ -0.3021448, 51.7605794 ], [ -0.3019343, 51.7606566 ], [ -0.301711, 51.7607242 ], [ -0.3014457, 51.7607924 ], [ -0.3008928, 51.7609128 ] ] } },
{ "type": "Feature", "properties": { "id": 53579, "nach": 0.59273963650033923 }, "geometry": { "type": "LineString", "coordinates": [ [ -0.300862, 51.7609608 ], [ -0.3009143, 51.76095 ], [ -0.3008928, 51.7609128 ] ] } },
{ "type": "Feature", "properties": { "id": 45163, "nach": 0.46898100545874238 }, "geometry": { "type": "LineString", "coordinates": [ [ -0.3012063, 51.7639479 ], [ -0.3011653, 51.7638914 ] ] } },
{ "type": "Feature", "properties": { "id": 45162, "nach": 0.46915643412910962 }, "geometry": { "type": "LineString", "coordinates": [ [ -0.3011257, 51.7638369 ], [ -0.3011653, 51.7638914 ] ] } },
{ "type": "Feature", "properties": { "id": 4963, "nach": 0.60715261084459193 }, "geometry": { "type": "LineString", "coordinates": [ [ -0.3003992, 51.7641496 ], [ -0.3007716, 51.764005 ], [ -0.3011653, 51.7638914 ] ] } },
{ "type": "Feature", "properties": { "id": 42516, "nach": 0.59965120616647427 }, "geometry": { "type": "LineString", "coordinates": [ [ -0.303299, 51.7640654 ], [ -0.3031844, 51.7636119 ] ] } },
{ "type": "Feature", "properties": { "id": 42419, "nach": 0.65253786459145502 }, "geometry": { "type": "LineString", "coordinates": [ [ -0.3031576, 51.763614500000017 ], [ -0.3031844, 51.7636119 ] ] } },
{ "type": "Feature", "properties": { "id": 42519, "nach": 0.60472129678818076 }, "geometry": { "type": "LineString", "coordinates": [ [ -0.3038647, 51.7635673 ], [ -0.3031844, 51.7636119 ] ] } },
{ "type": "Feature", "properties": { "id": 42518, "nach": 0.59222023064717577 }, "geometry": { "type": "LineString", "coordinates": [ [ -0.303299, 51.7640654 ], [ -0.3035312, 51.7640419 ], [ -0.3036923, 51.764021 ] ] } },
{ "type": "Feature", "properties": { "id": 42549, "nach": 0.55069434586645205 }, "geometry": { "type": "LineString", "coordinates": [ [ -0.3033524, 51.7642769 ], [ -0.303299, 51.7640654 ] ] } },
{ "type": "Feature", "properties": { "id": 42418, "nach": 0.66001036193150242 }, "geometry": { "type": "LineString", "coordinates": [ [ -0.3031576, 51.763614500000017 ], [ -0.3025271, 51.7636758 ] ] } },
{ "type": "Feature", "properties": { "id": 42420, "nach": 0.53906229144150741 }, "geometry": { "type": "LineString", "coordinates": [ [ -0.3031576, 51.763614500000017 ], [ -0.3031127, 51.7633053 ] ] } },
{ "type": "Feature", "properties": { "id": 42520, "nach": 0.6208343774354157 }, "geometry": { "type": "LineString", "coordinates": [ [ -0.3038647, 51.7635673 ], [ -0.3039541, 51.7635614 ] ] } },
{ "type": "Feature", "properties": { "id": 42521, "nach": 0.54135618093399418 }, "geometry": { "type": "LineString", "coordinates": [ [ -0.3038647, 51.7635673 ], [ -0.3038887, 51.76372640000001 ], [ -0.303902, 51.7638047 ] ] } },
{ "type": "Feature", "properties": { "id": 42474, "nach": 0.54608410725931245 }, "geometry": { "type": "LineString", "coordinates": [ [ -0.302844, 51.7658688 ], [ -0.3026638, 51.7656941 ], [ -0.3024289, 51.7653597 ] ] } },
{ "type": "Feature", "properties": { "id": 30451, "nach": 0.56891269522058063 }, "geometry": { "type": "LineString", "coordinates": [ [ -0.2963501, 51.7653136 ], [ -0.2964519, 51.7655198 ], [ -0.2965783, 51.7656747 ] ] } },
{ "type": "Feature", "properties": { "id": 30450, "nach": 0.66423938903175539 }, "geometry": { "type": "LineString", "coordinates": [ [ -0.2963501, 51.7653136 ], [ -0.2960351, 51.7653523 ] ] } },
{ "type": "Feature", "properties": { "id": 43097, "nach": 0.58798108449922382 }, "geometry": { "type": "LineString", "coordinates": [ [ -0.2961798, 51.7650394 ], [ -0.2963501, 51.7653136 ] ] } },
{ "type": "Feature", "properties": { "id": 17021, "nach": 0.46780798817699154 }, "geometry": { "type": "LineString", "coordinates": [ [ -0.2978884, 51.7641977 ], [ -0.2966726, 51.7642557 ] ] } },
{ "type": "Feature", "properties": { "id": 29565, "nach": 0.59742732642900753 }, "geometry": { "type": "LineString", "coordinates": [ [ -0.3055224, 51.7634878 ], [ -0.3053518, 51.7634937 ] ] } },
{ "type": "Feature", "properties": { "id": 29569, "nach": 0.4297829723338395 }, "geometry": { "type": "LineString", "coordinates": [ [ -0.3055117, 51.763022 ], [ -0.3055021, 51.7631461 ], [ -0.3055224, 51.7634878 ] ] } },
{ "type": "Feature", "properties": { "id": 18543, "nach": 0.5518835854584182 }, "geometry": { "type": "LineString", "coordinates": [ [ -0.3059898, 51.7635649 ], [ -0.3053998, 51.7635765 ], [ -0.3053518, 51.7634937 ] ] } },
{ "type": "Feature", "properties": { "id": 63888, "nach": 0.46746006844026061 }, "geometry": { "type": "LineString", "coordinates": [ [ -0.2958136, 51.7641523 ], [ -0.2957037, 51.7638647 ] ] } },
{ "type": "Feature", "properties": { "id": 53591, "nach": 0.44792503231290215 }, "geometry": { "type": "LineString", "coordinates": [ [ -0.2995243, 51.7613202 ], [ -0.3001119, 51.7611499 ], [ -0.3004874, 51.761047 ], [ -0.300862, 51.7609608 ] ] } },
{ "type": "Feature", "properties": { "id": 42478, "nach": 0.61641144717503571 }, "geometry": { "type": "LineString", "coordinates": [ [ -0.3048581, 51.763508799999983 ], [ -0.3051535, 51.7634987 ], [ -0.3053518, 51.7634937 ] ] } },
{ "type": "Feature", "properties": { "id": 21348, "nach": 0.49753009607694543 }, "geometry": { "type": "LineString", "coordinates": [ [ -0.305287, 51.763048900000015 ], [ -0.3053004, 51.763223 ], [ -0.3053219, 51.7633878 ], [ -0.3053518, 51.7634937 ] ] } },
{ "type": "Feature", "properties": { "id": 42523, "nach": 0.6142478913558983 }, "geometry": { "type": "LineString", "coordinates": [ [ -0.3045337, 51.7635233 ], [ -0.3048581, 51.763508799999983 ] ] } },
{ "type": "Feature", "properties": { "id": 42526, "nach": 0.37999664238679787 }, "geometry": { "type": "LineString", "coordinates": [ [ -0.3045962, 51.7637671 ], [ -0.3048831, 51.7637533 ], [ -0.3048807, 51.7637413 ], [ -0.3048729, 51.7636615 ], [ -0.3048714, 51.7636456 ], [ -0.3048686, 51.7636164 ], [ -0.3048581, 51.763508799999983 ] ] } },
{ "type": "Feature", "properties": { "id": 42397, "nach": 0.43304910979822581 }, "geometry": { "type": "LineString", "coordinates": [ [ -0.3046454, 51.7626439 ], [ -0.3049196, 51.7626385 ], [ -0.3051476, 51.7626701 ], [ -0.3052652, 51.762762 ], [ -0.3052897, 51.7629009 ], [ -0.305287, 51.763048900000015 ] ] } },
{ "type": "Feature", "properties": { "id": 42402, "nach": 0.44836568165415536 }, "geometry": { "type": "LineString", "coordinates": [ [ -0.3047064, 51.7631497 ], [ -0.3049916, 51.7630787 ], [ -0.305287, 51.763048900000015 ] ] } },
{ "type": "Feature", "properties": { "id": 63878, "nach": 0.58753627096621064 }, "geometry": { "type": "LineString", "coordinates": [ [ -0.2944267, 51.7654383 ], [ -0.2944651, 51.7655582 ] ] } },
{ "type": "Feature", "properties": { "id": 63899, "nach": 0.54777427722555605 }, "geometry": { "type": "LineString", "coordinates": [ [ -0.2957143, 51.7650852 ], [ -0.2958004, 51.765375 ] ] } },
{ "type": "Feature", "properties": { "id": 18714, "nach": 0.62174537337178271 }, "geometry": { "type": "LineString", "coordinates": [ [ -0.2960351, 51.7653523 ], [ -0.2958004, 51.765375 ] ] } },
{ "type": "Feature", "properties": { "id": 18727, "nach": 0.6336682983073515 }, "geometry": { "type": "LineString", "coordinates": [ [ -0.2953565, 51.7654262 ], [ -0.2958004, 51.765375 ] ] } },
{ "type": "Feature", "properties": { "id": 63897, "nach": 0.53343678958568475 }, "geometry": { "type": "LineString", "coordinates": [ [ -0.2960625, 51.7654535 ], [ -0.2959509, 51.7654637 ], [ -0.2958064, 51.7653926 ], [ -0.2958004, 51.765375 ] ] } },
{ "type": "Feature", "properties": { "id": 63900, "nach": 0.56437513292601316 }, "geometry": { "type": "LineString", "coordinates": [ [ -0.2957143, 51.7650852 ], [ -0.2961798, 51.7650394 ] ] } },
{ "type": "Feature", "properties": { "id": 63895, "nach": 0.61182370796015006 }, "geometry": { "type": "LineString", "coordinates": [ [ -0.2960625, 51.7654535 ], [ -0.2960351, 51.7653523 ] ] } },
{ "type": "Feature", "properties": { "id": 63898, "nach": 0.48736699530188882 }, "geometry": { "type": "LineString", "coordinates": [ [ -0.2963101, 51.765428299999989 ], [ -0.2960625, 51.7654535 ] ] } },
{ "type": "Feature", "properties": { "id": 63910, "nach": 0.68366206038797472 }, "geometry": { "type": "LineString", "coordinates": [ [ -0.2948335, 51.765121300000011 ], [ -0.29482, 51.765064 ] ] } },
{ "type": "Feature", "properties": { "id": 57189, "nach": 0.61685588903470334 }, "geometry": { "type": "LineString", "coordinates": [ [ -0.2922795, 51.7633382 ], [ -0.292494, 51.7633356 ] ] } },
{ "type": "Feature", "properties": { "id": 57195, "nach": 0.51406288262525557 }, "geometry": { "type": "LineString", "coordinates": [ [ -0.2922743, 51.7635946 ], [ -0.2922795, 51.7633382 ] ] } },
{ "type": "Feature", "properties": { "id": 57251, "nach": 0.45779608978925557 }, "geometry": { "type": "LineString", "coordinates": [ [ -0.2923822, 51.7632383 ], [ -0.2923042, 51.7632392 ], [ -0.2922777, 51.76326 ], [ -0.2922795, 51.7633382 ] ] } },
{ "type": "Feature", "properties": { "id": 57170, "nach": 0.49762812656983862 }, "geometry": { "type": "LineString", "coordinates": [ [ -0.2921479, 51.76307280000001 ], [ -0.2921445, 51.7628583 ] ] } },
{ "type": "Feature", "properties": { "id": 57172, "nach": 0.48291203670722632 }, "geometry": { "type": "LineString", "coordinates": [ [ -0.2921479, 51.76307280000001 ], [ -0.2916021, 51.7630749 ] ] } },
{ "type": "Feature", "properties": { "id": 18749, "nach": 0.65333064044796507 }, "geometry": { "type": "LineString", "coordinates": [ [ -0.2938412, 51.76360540000001 ], [ -0.2940135, 51.7638402 ] ] } },
{ "type": "Feature", "properties": { "id": 57212, "nach": 0.57237549171333801 }, "geometry": { "type": "LineString", "coordinates": [ [ -0.2939185, 51.763877 ], [ -0.2940135, 51.7638402 ] ] } },
{ "type": "Feature", "properties": { "id": 18750, "nach": 0.66408563438669665 }, "geometry": { "type": "LineString", "coordinates": [ [ -0.2938412, 51.76360540000001 ], [ -0.2937338, 51.7634732 ] ] } },
{ "type": "Feature", "properties": { "id": 57139, "nach": 0.55147390005793961 }, "geometry": { "type": "LineString", "coordinates": [ [ -0.2929777, 51.7638813 ], [ -0.2938412, 51.76360540000001 ] ] } },
{ "type": "Feature", "properties": { "id": 57221, "nach": 0.56819159136908781 }, "geometry": { "type": "LineString", "coordinates": [ [ -0.2937698, 51.763918500000017 ], [ -0.2939185, 51.763877 ] ] } },
{ "type": "Feature", "properties": { "id": 57216, "nach": 0.45648814842545543 }, "geometry": { "type": "LineString", "coordinates": [ [ -0.2940749, 51.7641638 ], [ -0.2939185, 51.763877 ] ] } },
{ "type": "Feature", "properties": { "id": 30553, "nach": 0.63019338812314951 }, "geometry": { "type": "LineString", "coordinates": [ [ -0.2916337, 51.7645627 ], [ -0.29162, 51.7645388 ], [ -0.2916054, 51.7644694 ], [ -0.2915378, 51.7643676 ], [ -0.2914632, 51.7642993 ], [ -0.2913729, 51.7642513 ] ] } },
{ "type": "Feature", "properties": { "id": 30565, "nach": 0.63925182924348034 }, "geometry": { "type": "LineString", "coordinates": [ [ -0.2907359, 51.763761 ], [ -0.2909633, 51.7639871 ], [ -0.29106, 51.7640824 ], [ -0.2911601, 51.764161 ], [ -0.291268, 51.764217 ], [ -0.2913729, 51.7642513 ] ] } },
{ "type": "Feature", "properties": { "id": 29518, "nach": 0.58573555272435984 }, "geometry": { "type": "LineString", "coordinates": [ [ -0.2921647, 51.7641418 ], [ -0.2919566, 51.7641995 ], [ -0.2917194, 51.7642575 ], [ -0.2916217, 51.764263600000014 ], [ -0.2915331, 51.7642631 ], [ -0.2913729, 51.7642513 ] ] } },
{ "type": "Feature", "properties": { "id": 30552, "nach": 0.59953623951411994 }, "geometry": { "type": "LineString", "coordinates": [ [ -0.2916337, 51.7645627 ], [ -0.2917363, 51.7647148 ], [ -0.291849, 51.764843499999984 ] ] } },
{ "type": "Feature", "properties": { "id": 57243, "nach": 0.567466088059011 }, "geometry": { "type": "LineString", "coordinates": [ [ -0.2920503, 51.7644472 ], [ -0.2919977, 51.764479800000011 ], [ -0.2916337, 51.7645627 ] ] } },
{ "type": "Feature", "properties": { "id": 30566, "nach": 0.53069945682794017 }, "geometry": { "type": "LineString", "coordinates": [ [ -0.2907359, 51.763761 ], [ -0.2908115, 51.7637309 ], [ -0.2912094, 51.7637319 ] ] } },
{ "type": "Feature", "properties": { "id": 57149, "nach": 0.60118799198712702 }, "geometry": { "type": "LineString", "coordinates": [ [ -0.2926318, 51.7639931 ], [ -0.2921647, 51.7641418 ] ] } },
{ "type": "Feature", "properties": { "id": 57138, "nach": 0.56882678718480306 }, "geometry": { "type": "LineString", "coordinates": [ [ -0.2920889, 51.7637293 ], [ -0.2920949, 51.764130100000017 ], [ -0.2921519, 51.7641293 ], [ -0.2921647, 51.7641418 ] ] } },
{ "type": "Feature", "properties": { "id": 57164, "nach": 0.59751804068124059 }, "geometry": { "type": "LineString", "coordinates": [ [ -0.293389, 51.7634703 ], [ -0.2937338, 51.7634732 ] ] } },
{ "type": "Feature", "properties": { "id": 18733, "nach": 0.63403439154685837 }, "geometry": { "type": "LineString", "coordinates": [ [ -0.2935772, 51.7631631 ], [ -0.2937338, 51.7634732 ] ] } },
{ "type": "Feature", "properties": { "id": 57166, "nach": 0.46455080745034016 }, "geometry": { "type": "LineString", "coordinates": [ [ -0.2933857, 51.763613 ], [ -0.293389, 51.7634703 ] ] } },
{ "type": "Feature", "properties": { "id": 18734, "nach": 0.62831379572755131 }, "geometry": { "type": "LineString", "coordinates": [ [ -0.2935772, 51.7631631 ], [ -0.2934209, 51.762871100000012 ] ] } },
{ "type": "Feature", "properties": { "id": 18743, "nach": 0.54205019857845105 }, "geometry": { "type": "LineString", "coordinates": [ [ -0.2925096, 51.7628624 ], [ -0.2921445, 51.7628583 ] ] } },
{ "type": "Feature", "properties": { "id": 21330, "nach": 0.50187087386768336 }, "geometry": { "type": "LineString", "coordinates": [ [ -0.2916108, 51.7628494 ], [ -0.2921445, 51.7628583 ] ] } },
{ "type": "Feature", "properties": { "id": 18744, "nach": 0.37699585242453737 }, "geometry": { "type": "LineString", "coordinates": [ [ -0.2925096, 51.7628624 ], [ -0.292494, 51.7633356 ] ] } },
{ "type": "Feature", "properties": { "id": 21339, "nach": 0.31052490359321344 }, "geometry": { "type": "LineString", "coordinates": [ [ -0.2916021, 51.7630749 ], [ -0.2916108, 51.7628494 ] ] } },
{ "type": "Feature", "properties": { "id": 57180, "nach": 0.46917685955031918 }, "geometry": { "type": "LineString", "coordinates": [ [ -0.290765, 51.7628334 ], [ -0.2913297, 51.7628431 ], [ -0.2916108, 51.7628494 ] ] } },
{ "type": "Feature", "properties": { "id": 21345, "nach": 0.660389524524014 }, "geometry": { "type": "LineString", "coordinates": [ [ -0.2948914, 51.7625134 ], [ -0.2948668, 51.7625715 ], [ -0.2943702, 51.7626998 ], [ -0.293814, 51.762809099999984 ], [ -0.2934209, 51.762871100000012 ] ] } },
{ "type": "Feature", "properties": { "id": 30275, "nach": 0.59203152684203508 }, "geometry": { "type": "LineString", "coordinates": [ [ -0.2899621, 51.7626634 ], [ -0.2899578, 51.762705 ], [ -0.2899742, 51.76273960000001 ], [ -0.2899185, 51.7628822 ], [ -0.2899701, 51.7630489 ], [ -0.2900848, 51.7631925 ], [ -0.2901927, 51.7632943 ], [ -0.2902148, 51.7633111 ] ] } },
{ "type": "Feature", "properties": { "id": 57181, "nach": 0.41866384132787099 }, "geometry": { "type": "LineString", "coordinates": [ [ -0.290765, 51.7628334 ], [ -0.2906908, 51.7628321 ], [ -0.2906138, 51.7628312 ], [ -0.290494, 51.7628297 ], [ -0.290357, 51.7628723 ], [ -0.290272, 51.76292320000001 ], [ -0.2902285, 51.7630006 ], [ -0.2902276, 51.7632923 ], [ -0.2902148, 51.7633111 ] ] } },
{ "type": "Feature", "properties": { "id": 57179, "nach": 0.41335717447714926 }, "geometry": { "type": "LineString", "coordinates": [ [ -0.290765, 51.7628334 ], [ -0.2907597, 51.7632136 ] ] } },
{ "type": "Feature", "properties": { "id": 57151, "nach": 0.6147389310906719 }, "geometry": { "type": "LineString", "coordinates": [ [ -0.2928117, 51.7639498 ], [ -0.2929777, 51.7638813 ] ] } },
{ "type": "Feature", "properties": { "id": 57144, "nach": 0.57435169173607203 }, "geometry": { "type": "LineString", "coordinates": [ [ -0.2928507, 51.7635981 ], [ -0.2928495, 51.7638514 ], [ -0.2929777, 51.7638813 ] ] } },
{ "type": "Feature", "properties": { "id": 57142, "nach": 0.54520307554341663 }, "geometry": { "type": "LineString", "coordinates": [ [ -0.2928507, 51.7635981 ], [ -0.2928513, 51.7634654 ] ] } },
{ "type": "Feature", "properties": { "id": 29623, "nach": 0.4952130240314202 }, "geometry": { "type": "LineString", "coordinates": [ [ -0.2866876, 51.7626502 ], [ -0.2878913, 51.7626139 ], [ -0.289303, 51.7626076 ] ] } },
{ "type": "Feature", "properties": { "id": 53619, "nach": 0.63218462326929126 }, "geometry": { "type": "LineString", "coordinates": [ [ -0.2965571, 51.7620249 ], [ -0.2965739, 51.7619872 ], [ -0.2966208, 51.7619378 ], [ -0.2966613, 51.7619222 ] ] } },
{ "type": "Feature", "properties": { "id": 57169, "nach": 0.4684173516137588 }, "geometry": { "type": "LineString", "coordinates": [ [ -0.2914715, 51.7632766 ], [ -0.2915068, 51.7632424 ], [ -0.2915101, 51.7630766 ], [ -0.2916021, 51.7630749 ] ] } },
{ "type": "Feature", "properties": { "id": 57167, "nach": 0.46702793887978222 }, "geometry": { "type": "LineString", "coordinates": [ [ -0.2914715, 51.7632766 ], [ -0.2914644, 51.7634691 ] ] } },
{ "type": "Feature", "properties": { "id": 57186, "nach": 0.42067477830592176 }, "geometry": { "type": "LineString", "coordinates": [ [ -0.2912032, 51.7632771 ], [ -0.2914715, 51.7632766 ] ] } },
{ "type": "Feature", "properties": { "id": 42413, "nach": 0.46075323678844871 }, "geometry": { "type": "LineString", "coordinates": [ [ -0.3023841, 51.7632607 ], [ -0.3023984, 51.7633175 ], [ -0.3025271, 51.7636758 ] ] } },
{ "type": "Feature", "properties": { "id": 42414, "nach": 0.37964940262402647 }, "geometry": { "type": "LineString", "coordinates": [ [ -0.3023841, 51.7632607 ], [ -0.3027734, 51.7632364 ], [ -0.3031127, 51.7633053 ] ] } },
{ "type": "Feature", "properties": { "id": 42416, "nach": 0.3995805902452107 }, "geometry": { "type": "LineString", "coordinates": [ [ -0.3029722, 51.7627446 ], [ -0.3026103, 51.76279790000001 ], [ -0.3023817, 51.7628601 ], [ -0.3023259, 51.7630298 ], [ -0.3023841, 51.7632607 ] ] } },
{ "type": "Feature", "properties": { "id": 42422, "nach": 0.43907310493099555 }, "geometry": { "type": "LineString", "coordinates": [ [ -0.3038158, 51.7627349 ], [ -0.3038807, 51.76272920000001 ], [ -0.3041767, 51.7627033 ], [ -0.3042947, 51.7626883 ], [ -0.3045763, 51.7626452 ], [ -0.3046454, 51.7626439 ] ] } },
{ "type": "Feature", "properties": { "id": 42401, "nach": 0.11275428243290825 }, "geometry": { "type": "LineString", "coordinates": [ [ -0.3047064, 51.7631497 ], [ -0.3046417, 51.7628832 ], [ -0.3046321, 51.7628438 ], [ -0.3046416, 51.7627014 ], [ -0.3046454, 51.7626439 ] ] } },
{ "type": "Feature", "properties": { "id": 42400, "nach": 0.42944368670450739 }, "geometry": { "type": "LineString", "coordinates": [ [ -0.3047064, 51.7631497 ], [ -0.304777, 51.7634406 ] ] } },
{ "type": "Feature", "properties": { "id": 42406, "nach": 0.45866104817502118 }, "geometry": { "type": "LineString", "coordinates": [ [ -0.3038691, 51.7630878 ], [ -0.3043559, 51.7630612 ], [ -0.3047064, 51.7631497 ] ] } },
{ "type": "Feature", "properties": { "id": 30567, "nach": 0.60850101222250574 }, "geometry": { "type": "LineString", "coordinates": [ [ -0.2912281, 51.7634676 ], [ -0.2914644, 51.7634691 ] ] } },
{ "type": "Feature", "properties": { "id": 30569, "nach": 0.48578878864401398 }, "geometry": { "type": "LineString", "coordinates": [ [ -0.2912281, 51.7634676 ], [ -0.2912295, 51.7635743 ], [ -0.2912689, 51.7636025 ], [ -0.2915075, 51.7636064 ] ] } },
{ "type": "Feature", "properties": { "id": 57173, "nach": 0.61879107936645661 }, "geometry": { "type": "LineString", "coordinates": [ [ -0.2912048, 51.7634679 ], [ -0.2912281, 51.7634676 ] ] } },
{ "type": "Feature", "properties": { "id": 57174, "nach": 0.60813132862226438 }, "geometry": { "type": "LineString", "coordinates": [ [ -0.2912048, 51.7634679 ], [ -0.2908453, 51.7634723 ], [ -0.29071820000001, 51.7634756 ] ] } },
{ "type": "Feature", "properties": { "id": 57178, "nach": 0.48592496229383197 }, "geometry": { "type": "LineString", "coordinates": [ [ -0.2907597, 51.7632136 ], [ -0.2907208, 51.7632864 ], [ -0.29071820000001, 51.7634756 ] ] } },
{ "type": "Feature", "properties": { "id": 57244, "nach": 0.56896931624382352 }, "geometry": { "type": "LineString", "coordinates": [ [ -0.292235, 51.7647369 ], [ -0.291849, 51.764843499999984 ] ] } },
{ "type": "Feature", "properties": { "id": 38202, "nach": 0.0 }, "geometry": { "type": "LineString", "coordinates": [ [ -0.309617, 51.759576 ], [ -0.3096481, 51.7596932 ], [ -0.3096079, 51.7597314 ], [ -0.3093225, 51.7597661 ] ] } },
{ "type": "Feature", "properties": { "id": 26938, "nach": 0.48653893412389693 }, "geometry": { "type": "LineString", "coordinates": [ [ -0.2896604, 51.7626532 ], [ -0.2894858, 51.7626407 ], [ -0.289303, 51.7626076 ] ] } },
{ "type": "Feature", "properties": { "id": 53582, "nach": 0.55729506864545975 }, "geometry": { "type": "LineString", "coordinates": [ [ -0.2997041, 51.7610906 ], [ -0.2993932, 51.7611853 ], [ -0.2978675, 51.7616539 ], [ -0.2974302, 51.7617635 ], [ -0.2972677, 51.76178980000001 ] ] } },
{ "type": "Feature", "properties": { "id": 53594, "nach": 0.51888546629739152 }, "geometry": { "type": "LineString", "coordinates": [ [ -0.2997617, 51.7609998 ], [ -0.2997221, 51.7610264 ], [ -0.2996651, 51.761043 ], [ -0.2997041, 51.7610906 ] ] } },
{ "type": "Feature", "properties": { "id": 57150, "nach": 0.58920512268001446 }, "geometry": { "type": "LineString", "coordinates": [ [ -0.2926318, 51.7639931 ], [ -0.2927747, 51.764212699999987 ] ] } },
{ "type": "Feature", "properties": { "id": 57152, "nach": 0.63281807604831541 }, "geometry": { "type": "LineString", "coordinates": [ [ -0.2928117, 51.7639498 ], [ -0.2926318, 51.7639931 ] ] } },
{ "type": "Feature", "properties": { "id": 57137, "nach": 0.52476974683453947 }, "geometry": { "type": "LineString", "coordinates": [ [ -0.2920889, 51.7637293 ], [ -0.2915076, 51.7637285 ], [ -0.2915075, 51.7636064 ] ] } },
{ "type": "Feature", "properties": { "id": 57188, "nach": 0.50402709859826467 }, "geometry": { "type": "LineString", "coordinates": [ [ -0.2912032, 51.7632771 ], [ -0.2912025, 51.7632969 ], [ -0.2912048, 51.7634679 ] ] } },
{ "type": "Feature", "properties": { "id": 57183, "nach": 0.46831200103564835 }, "geometry": { "type": "LineString", "coordinates": [ [ -0.2911011, 51.7632084 ], [ -0.2907597, 51.7632136 ] ] } },
{ "type": "Feature", "properties": { "id": 57246, "nach": 0.56232830888774921 }, "geometry": { "type": "LineString", "coordinates": [ [ -0.292235, 51.7647369 ], [ -0.2922993, 51.7647105 ], [ -0.2923491, 51.7646479 ] ] } },
{ "type": "Feature", "properties": { "id": 57245, "nach": 0.38537896760786078 }, "geometry": { "type": "LineString", "coordinates": [ [ -0.292235, 51.7647369 ], [ -0.2920503, 51.7644472 ] ] } },
{ "type": "Feature", "properties": { "id": 63890, "nach": 0.51546327730753139 }, "geometry": { "type": "LineString", "coordinates": [ [ -0.2958136, 51.7641523 ], [ -0.2960721, 51.7648286 ], [ -0.2961798, 51.7650394 ] ] } },
{ "type": "Feature", "properties": { "id": 57242, "nach": 0.57318928014518378 }, "geometry": { "type": "LineString", "coordinates": [ [ -0.2920503, 51.7644472 ], [ -0.2920698, 51.7644351 ], [ -0.292214, 51.7643953 ] ] } },
{ "type": "Feature", "properties": { "id": 30557, "nach": 0.44995046339184674 }, "geometry": { "type": "LineString", "coordinates": [ [ -0.2912094, 51.7637319 ], [ -0.2912209, 51.7639697 ] ] } },
{ "type": "Feature", "properties": { "id": 30559, "nach": 0.45448151177081042 }, "geometry": { "type": "LineString", "coordinates": [ [ -0.2912253, 51.7636696 ], [ -0.2912094, 51.7637319 ] ] } },
{ "type": "Feature", "properties": { "id": 39010, "nach": 0.57940238569214986 }, "geometry": { "type": "LineString", "coordinates": [ [ -0.2909961, 51.7641698 ], [ -0.2912678, 51.7644131 ] ] } },
{ "type": "Feature", "properties": { "id": 39013, "nach": 0.45018589282987054 }, "geometry": { "type": "LineString", "coordinates": [ [ -0.2900971, 51.76476430000001 ], [ -0.2905188, 51.7644798 ], [ -0.2908637, 51.7642461 ], [ -0.2909961, 51.7641698 ] ] } },
{ "type": "Feature", "properties": { "id": 53597, "nach": 0.58699693453028612 }, "geometry": { "type": "LineString", "coordinates": [ [ -0.2999615, 51.7609488 ], [ -0.3000037, 51.7609517 ], [ -0.3008552, 51.7607673 ] ] } },
{ "type": "Feature", "properties": { "id": 31730, "nach": 0.40788188951925314 }, "geometry": { "type": "LineString", "coordinates": [ [ -0.3026417, 51.7587644 ], [ -0.3021955, 51.7588864 ] ] } },
{ "type": "Feature", "properties": { "id": 42781, "nach": 0.41001905702086788 }, "geometry": { "type": "LineString", "coordinates": [ [ -0.3019761, 51.7586446 ], [ -0.3020963, 51.7587859 ], [ -0.3021955, 51.7588864 ] ] } },
{ "type": "Feature", "properties": { "id": 53574, "nach": 0.44543785546183734 }, "geometry": { "type": "LineString", "coordinates": [ [ -0.3025029, 51.7604441 ], [ -0.3022008, 51.7605588 ] ] } },
{ "type": "Feature", "properties": { "id": 57215, "nach": 0.59313868197977626 }, "geometry": { "type": "LineString", "coordinates": [ [ -0.2940749, 51.7641638 ], [ -0.2943358, 51.7641355 ] ] } },
{ "type": "Feature", "properties": { "id": 57219, "nach": 0.583778530767046 }, "geometry": { "type": "LineString", "coordinates": [ [ -0.293896, 51.764187 ], [ -0.293935, 51.7641789 ], [ -0.2940749, 51.7641638 ] ] } },
{ "type": "Feature", "properties": { "id": 57160, "nach": 0.65081339642516667 }, "geometry": { "type": "LineString", "coordinates": [ [ -0.2935696, 51.764147700000024 ], [ -0.293533, 51.7640842 ] ] } },
{ "type": "Feature", "properties": { "id": 57202, "nach": 0.0 }, "geometry": { "type": "LineString", "coordinates": [ [ -0.2929757, 51.764197100000011 ], [ -0.2930346, 51.7642896 ], [ -0.2935696, 51.764147700000024 ] ] } },
{ "type": "Feature", "properties": { "id": 57220, "nach": 0.40448893616050036 }, "geometry": { "type": "LineString", "coordinates": [ [ -0.293896, 51.764187 ], [ -0.2938854, 51.764163 ], [ -0.2939145, 51.7641514 ], [ -0.2938302, 51.7640142 ] ] } },
{ "type": "Feature", "properties": { "id": 63876, "nach": 0.4724359877387781 }, "geometry": { "type": "LineString", "coordinates": [ [ -0.2940669, 51.7652798 ], [ -0.2941049, 51.7652915 ], [ -0.2942631, 51.7652822 ], [ -0.2942951, 51.7653433 ] ] } },
{ "type": "Feature", "properties": { "id": 63880, "nach": 0.56164890632910069 }, "geometry": { "type": "LineString", "coordinates": [ [ -0.2944267, 51.7654383 ], [ -0.2942547, 51.7654628 ], [ -0.2941554, 51.7654346 ], [ -0.2940678, 51.7653793 ], [ -0.294041, 51.765316800000015 ], [ -0.2940669, 51.7652798 ] ] } },
{ "type": "Feature", "properties": { "id": 45211, "nach": 0.4727900707459598 }, "geometry": { "type": "LineString", "coordinates": [ [ -0.2941755, 51.7649689 ], [ -0.2942458, 51.7651607 ] ] } },
{ "type": "Feature", "properties": { "id": 63872, "nach": 0.56135008775177953 }, "geometry": { "type": "LineString", "coordinates": [ [ -0.2943727, 51.7651383 ], [ -0.2942458, 51.7651607 ] ] } },
{ "type": "Feature", "properties": { "id": 38198, "nach": 0.43229178702231835 }, "geometry": { "type": "LineString", "coordinates": [ [ -0.3093225, 51.7597661 ], [ -0.3093209, 51.7598177 ], [ -0.3093772, 51.7600701 ] ] } },
{ "type": "Feature", "properties": { "id": 39009, "nach": 0.44688835972349261 }, "geometry": { "type": "LineString", "coordinates": [ [ -0.2901815, 51.7652403 ], [ -0.2903852, 51.7651219 ], [ -0.290483, 51.765057 ], [ -0.290675, 51.764962 ], [ -0.2907768, 51.7649148 ], [ -0.2909494, 51.764848900000011 ], [ -0.2910845, 51.7647721 ], [ -0.2910723, 51.764561800000017 ], [ -0.2911275, 51.7644747 ], [ -0.2912678, 51.7644131 ] ] } },
{ "type": "Feature", "properties": { "id": 42510, "nach": 0.4311904831253256 }, "geometry": { "type": "LineString", "coordinates": [ [ -0.3039718, 51.7644549 ], [ -0.3039474, 51.7644545 ] ] } },
{ "type": "Feature", "properties": { "id": 38692, "nach": 0.0 }, "geometry": { "type": "LineString", "coordinates": [ [ -0.3033841, 51.7643349 ], [ -0.3032333, 51.764564699999987 ], [ -0.3031525, 51.7646684 ], [ -0.3030761, 51.7647948 ], [ -0.3030996, 51.7648685 ], [ -0.3031686, 51.764923899999978 ], [ -0.3033241, 51.764973 ], [ -0.3034905, 51.7649849 ], [ -0.3036302, 51.7649729 ], [ -0.3037301, 51.764918499999986 ], [ -0.3038122, 51.7648178 ], [ -0.3038518, 51.7647131 ], [ -0.3039474, 51.7644545 ] ] } },
{ "type": "Feature", "properties": { "id": 42511, "nach": 0.56434007489961979 }, "geometry": { "type": "LineString", "coordinates": [ [ -0.3039718, 51.7644549 ], [ -0.3042966, 51.76445970000001 ] ] } },
{ "type": "Feature", "properties": { "id": 42515, "nach": 0.57282138845255071 }, "geometry": { "type": "LineString", "coordinates": [ [ -0.3039695, 51.7642697 ], [ -0.3039789, 51.7643677 ], [ -0.3039718, 51.7644549 ] ] } },
{ "type": "Feature", "properties": { "id": 42551, "nach": 0.44101623366764892 }, "geometry": { "type": "LineString", "coordinates": [ [ -0.3033524, 51.7642769 ], [ -0.303361, 51.764311 ], [ -0.3033841, 51.7643349 ] ] } },
{ "type": "Feature", "properties": { "id": 42554, "nach": 0.51304090922734547 }, "geometry": { "type": "LineString", "coordinates": [ [ -0.3032423, 51.7642686 ], [ -0.3033524, 51.7642769 ] ] } },
{ "type": "Feature", "properties": { "id": 41452, "nach": 0.64938007296798339 }, "geometry": { "type": "LineString", "coordinates": [ [ -0.2972677, 51.76178980000001 ], [ -0.2971198, 51.7618088 ] ] } },
{ "type": "Feature", "properties": { "id": 41426, "nach": 0.65079417887563751 }, "geometry": { "type": "LineString", "coordinates": [ [ -0.2971198, 51.7618088 ], [ -0.2970386, 51.7618481 ], [ -0.2970068, 51.7618648 ] ] } },
{ "type": "Feature", "properties": { "id": 53609, "nach": 0.36451338940956562 }, "geometry": { "type": "LineString", "coordinates": [ [ -0.2969602, 51.7618027 ], [ -0.2970131, 51.7617954 ], [ -0.2971198, 51.7618088 ] ] } },
{ "type": "Feature", "properties": { "id": 53631, "nach": 0.62545547613951868 }, "geometry": { "type": "LineString", "coordinates": [ [ -0.2972319, 51.7617031 ], [ -0.2972677, 51.76178980000001 ] ] } },
{ "type": "Feature", "properties": { "id": 53606, "nach": 0.65421013234410741 }, "geometry": { "type": "LineString", "coordinates": [ [ -0.2970068, 51.7618648 ], [ -0.2969181, 51.761911499999989 ] ] } },
{ "type": "Feature", "properties": { "id": 53611, "nach": 0.41240799309410947 }, "geometry": { "type": "LineString", "coordinates": [ [ -0.2969602, 51.7618027 ], [ -0.2969676, 51.761828800000018 ], [ -0.2969702, 51.7618378 ], [ -0.2969931, 51.7618547 ], [ -0.2970068, 51.7618648 ] ] } },
{ "type": "Feature", "properties": { "id": 53629, "nach": 0.56292640702721009 }, "geometry": { "type": "LineString", "coordinates": [ [ -0.2997958, 51.7608752 ], [ -0.2998631, 51.7609739 ] ] } },
{ "type": "Feature", "properties": { "id": 53592, "nach": 0.47969855870738148 }, "geometry": { "type": "LineString", "coordinates": [ [ -0.2997617, 51.7609998 ], [ -0.2998631, 51.7609739 ] ] } },
{ "type": "Feature", "properties": { "id": 53595, "nach": 0.46618525604298144 }, "geometry": { "type": "LineString", "coordinates": [ [ -0.2999615, 51.7609488 ], [ -0.2998631, 51.7609739 ] ] } },
{ "type": "Feature", "properties": { "id": 53623, "nach": 0.61968629471624459 }, "geometry": { "type": "LineString", "coordinates": [ [ -0.2994119, 51.7602538 ], [ -0.2994673, 51.7602918 ], [ -0.2995169, 51.760342 ], [ -0.2995578, 51.7604047 ], [ -0.2996021, 51.7605694 ], [ -0.2996606, 51.7606867 ] ] } },
{ "type": "Feature", "properties": { "id": 53645, "nach": 0.62346398223407307 }, "geometry": { "type": "LineString", "coordinates": [ [ -0.2997467, 51.7608029 ], [ -0.2997115, 51.7607509 ], [ -0.2996606, 51.7606867 ] ] } },
{ "type": "Feature", "properties": { "id": 53642, "nach": 0.3210469874827363 }, "geometry": { "type": "LineString", "coordinates": [ [ -0.2973549, 51.7612311 ], [ -0.2975924, 51.76117330000001 ], [ -0.2977514, 51.761153 ], [ -0.2979559, 51.76112770000001 ], [ -0.2981416, 51.7610944 ], [ -0.2982623, 51.761060399999984 ], [ -0.2983823, 51.7610135 ], [ -0.2985077, 51.7609749 ], [ -0.2986358, 51.7609434 ], [ -0.2988765, 51.7609073 ], [ -0.2989744, 51.7608869 ], [ -0.2991045, 51.7608508 ], [ -0.2993318, 51.760767 ], [ -0.2995283, 51.7607143 ], [ -0.2996606, 51.7606867 ] ] } },
{ "type": "Feature", "properties": { "id": 53622, "nach": 0.6136652944273151 }, "geometry": { "type": "LineString", "coordinates": [ [ -0.2994119, 51.7602538 ], [ -0.299358, 51.7602229 ], [ -0.2990783, 51.7601273 ] ] } },
{ "type": "Feature", "properties": { "id": 53624, "nach": 0.43945163728224801 }, "geometry": { "type": "LineString", "coordinates": [ [ -0.2996718, 51.7600589 ], [ -0.2994119, 51.7602538 ] ] } },
{ "type": "Feature", "properties": { "id": 53644, "nach": 0.63347501270939865 }, "geometry": { "type": "LineString", "coordinates": [ [ -0.2997467, 51.7608029 ], [ -0.2997838, 51.7608576 ] ] } },
{ "type": "Feature", "properties": { "id": 53646, "nach": 0.48143586155569124 }, "geometry": { "type": "LineString", "coordinates": [ [ -0.2997467, 51.7608029 ], [ -0.2993855, 51.7608795 ], [ -0.2992628, 51.7609201 ], [ -0.2991233, 51.760955 ], [ -0.2990375, 51.76096660000001 ], [ -0.2988075, 51.7609666 ], [ -0.2987337, 51.7609782 ], [ -0.2984434, 51.761057099999988 ], [ -0.2981798, 51.7611534 ], [ -0.2980122, 51.761223100000016 ], [ -0.2979902, 51.7612268 ] ] } },
{ "type": "Feature", "properties": { "id": 53641, "nach": 0.54134686248540964 }, "geometry": { "type": "LineString", "coordinates": [ [ -0.2973549, 51.7612311 ], [ -0.2972323, 51.761250400000016 ] ] } },
{ "type": "Feature", "properties": { "id": 53643, "nach": 0.52131262715134008 }, "geometry": { "type": "LineString", "coordinates": [ [ -0.2973549, 51.7612311 ], [ -0.2973779, 51.7612563 ], [ -0.2974509, 51.7613003 ], [ -0.2974972, 51.7612995 ], [ -0.2975287, 51.7612837 ], [ -0.2975757, 51.7612364 ], [ -0.2976186, 51.7612219 ], [ -0.2976809, 51.7612119 ], [ -0.2977353, 51.7612131 ], [ -0.2978385, 51.7612327 ], [ -0.2978722, 51.7612344 ] ] } },
{ "type": "Feature", "properties": { "id": 41710, "nach": 0.63129477510402143 }, "geometry": { "type": "LineString", "coordinates": [ [ -0.2988072, 51.7600044 ], [ -0.2988844, 51.76005 ], [ -0.2990783, 51.7601273 ] ] } },
{ "type": "Feature", "properties": { "id": 41437, "nach": 0.58132908106739778 }, "geometry": { "type": "LineString", "coordinates": [ [ -0.2984487, 51.7604208 ], [ -0.2986318, 51.760388100000014 ], [ -0.2988296, 51.7603291 ], [ -0.2989248, 51.7602806 ], [ -0.2989845, 51.7602279 ], [ -0.2990783, 51.7601273 ] ] } },
{ "type": "Feature", "properties": { "id": 50516, "nach": 0.61931840635060753 }, "geometry": { "type": "LineString", "coordinates": [ [ -0.2984697, 51.7596002 ], [ -0.2985372, 51.759754300000012 ], [ -0.2986197, 51.7598569 ], [ -0.2987106, 51.7599455 ], [ -0.2988072, 51.7600044 ] ] } },
{ "type": "Feature", "properties": { "id": 53557, "nach": 0.56581563644317867 }, "geometry": { "type": "LineString", "coordinates": [ [ -0.2994979, 51.7597063 ], [ -0.299358, 51.7597572 ], [ -0.2988973, 51.7599452 ], [ -0.2988072, 51.7600044 ] ] } },
{ "type": "Feature", "properties": { "id": 41440, "nach": 0.58243978785600781 }, "geometry": { "type": "LineString", "coordinates": [ [ -0.2982049, 51.7604323 ], [ -0.2983307, 51.7604341 ], [ -0.2984487, 51.7604208 ] ] } },
{ "type": "Feature", "properties": { "id": 53532, "nach": 0.43974646232998021 }, "geometry": { "type": "LineString", "coordinates": [ [ -0.2982831, 51.7601527 ], [ -0.2983838, 51.7603157 ], [ -0.298413, 51.760363 ], [ -0.2984487, 51.7604208 ] ] } },
{ "type": "Feature", "properties": { "id": 41442, "nach": 0.58651444477526671 }, "geometry": { "type": "LineString", "coordinates": [ [ -0.2979272, 51.7603985 ], [ -0.2982049, 51.7604323 ] ] } },
{ "type": "Feature", "properties": { "id": 53551, "nach": 0.44387111121893691 }, "geometry": { "type": "LineString", "coordinates": [ [ -0.2982254, 51.7606707 ], [ -0.2982148, 51.7605469 ], [ -0.2982099, 51.7604906 ], [ -0.2982049, 51.7604323 ] ] } },
{ "type": "Feature", "properties": { "id": 41446, "nach": 0.59116576219242412 }, "geometry": { "type": "LineString", "coordinates": [ [ -0.2974663, 51.7605539 ], [ -0.2975931, 51.760447 ], [ -0.2976816, 51.7604138 ], [ -0.2977856, 51.7603947 ], [ -0.2978513, 51.7603905 ], [ -0.2979272, 51.7603985 ] ] } },
{ "type": "Feature", "properties": { "id": 53620, "nach": 0.44139625458899262 }, "geometry": { "type": "LineString", "coordinates": [ [ -0.2978405, 51.7607989 ], [ -0.2978164, 51.7607599 ], [ -0.2979272, 51.7603985 ] ] } },
{ "type": "Feature", "properties": { "id": 53547, "nach": 0.59986365711615353 }, "geometry": { "type": "LineString", "coordinates": [ [ -0.2970087, 51.7607798 ], [ -0.297111, 51.7607512 ], [ -0.2972712, 51.760691400000013 ], [ -0.2973792, 51.76063 ], [ -0.2974663, 51.7605539 ] ] } },
{ "type": "Feature", "properties": { "id": 53550, "nach": 0.44938934092744209 }, "geometry": { "type": "LineString", "coordinates": [ [ -0.2971378, 51.7603723 ], [ -0.2972988, 51.760461100000015 ], [ -0.2973623, 51.7604963 ], [ -0.2974663, 51.7605539 ] ] } },
{ "type": "Feature", "properties": { "id": 53546, "nach": 0.61260710007813179 }, "geometry": { "type": "LineString", "coordinates": [ [ -0.2970087, 51.7607798 ], [ -0.2969192, 51.7608048 ], [ -0.2968246, 51.7608345 ] ] } },
{ "type": "Feature", "properties": { "id": 53549, "nach": 0.45403558420958307 }, "geometry": { "type": "LineString", "coordinates": [ [ -0.2968568, 51.7605669 ], [ -0.2969956, 51.7606416 ], [ -0.2970087, 51.7607798 ] ] } },
{ "type": "Feature", "properties": { "id": 42358, "nach": 0.6554713625505465 }, "geometry": { "type": "LineString", "coordinates": [ [ -0.2972236, 51.7614302 ], [ -0.2972491, 51.7613377 ], [ -0.2972323, 51.761250400000016 ] ] } },
{ "type": "Feature", "properties": { "id": 49894, "nach": 0.64564417039129651 }, "geometry": { "type": "LineString", "coordinates": [ [ -0.2968246, 51.7608345 ], [ -0.2968843, 51.7609243 ], [ -0.2969943, 51.7610002 ], [ -0.2970862, 51.7610787 ], [ -0.2971888, 51.761184100000015 ], [ -0.2972323, 51.761250400000016 ] ] } },
{ "type": "Feature", "properties": { "id": 53632, "nach": 0.65982799052032348 }, "geometry": { "type": "LineString", "coordinates": [ [ -0.2972319, 51.7617031 ], [ -0.2972069, 51.7616199 ], [ -0.2971995, 51.7615215 ], [ -0.2972236, 51.7614302 ] ] } },
{ "type": "Feature", "properties": { "id": 42360, "nach": 0.46152760926557024 }, "geometry": { "type": "LineString", "coordinates": [ [ -0.296484, 51.7615609 ], [ -0.2965643, 51.7614908 ], [ -0.2970949, 51.7613901 ], [ -0.2972236, 51.7614302 ] ] } },
{ "type": "Feature", "properties": { "id": 53543, "nach": 0.58470552286302124 }, "geometry": { "type": "LineString", "coordinates": [ [ -0.2967637, 51.760238 ], [ -0.2967301, 51.7606213 ], [ -0.2967471, 51.7607239 ], [ -0.2968246, 51.7608345 ] ] } },
{ "type": "Feature", "properties": { "id": 53634, "nach": 0.55652010196469437 }, "geometry": { "type": "LineString", "coordinates": [ [ -0.2972319, 51.7617031 ], [ -0.2993627, 51.7610612 ], [ -0.2995317, 51.7609998 ], [ -0.2997429, 51.7609002 ] ] } },
{ "type": "Feature", "properties": { "id": 53633, "nach": 0.63006993200944594 }, "geometry": { "type": "LineString", "coordinates": [ [ -0.2972319, 51.7617031 ], [ -0.2971291, 51.7617257 ], [ -0.2970935, 51.7617523 ], [ -0.2969507, 51.761769699999988 ], [ -0.2969602, 51.7618027 ] ] } },
{ "type": "Feature", "properties": { "id": 59395, "nach": 0.59772855487825372 }, "geometry": { "type": "LineString", "coordinates": [ [ -0.2982886, 51.759015 ], [ -0.29833, 51.7591919 ], [ -0.2983864, 51.7593874 ], [ -0.2984697, 51.7596002 ] ] } },
{ "type": "Feature", "properties": { "id": 50526, "nach": 0.57574049162605889 }, "geometry": { "type": "LineString", "coordinates": [ [ -0.297856, 51.7598345 ], [ -0.2979446, 51.7597916 ], [ -0.2980132, 51.7597401 ], [ -0.2981583, 51.75967 ], [ -0.2983034, 51.759635 ], [ -0.2984697, 51.7596002 ] ] } },
{ "type": "Feature", "properties": { "id": 53556, "nach": 0.54874014423688477 }, "geometry": { "type": "LineString", "coordinates": [ [ -0.2994979, 51.7597063 ], [ -0.2997047, 51.7596312 ], [ -0.2998066, 51.7596099 ] ] } },
{ "type": "Feature", "properties": { "id": 53559, "nach": 0.41202893388622019 }, "geometry": { "type": "LineString", "coordinates": [ [ -0.2993164, 51.7595011 ], [ -0.2993976, 51.759593 ], [ -0.2994412, 51.7596422 ], [ -0.2994979, 51.7597063 ] ] } },
{ "type": "Feature", "properties": { "id": 41717, "nach": 0.52785611183874315 }, "geometry": { "type": "LineString", "coordinates": [ [ -0.3000976, 51.759813 ], [ -0.3000291, 51.7596678 ], [ -0.2999508, 51.7596265 ], [ -0.299873, 51.7596082 ], [ -0.2998066, 51.7596099 ] ] } },
{ "type": "Feature", "properties": { "id": 53625, "nach": 0.40804427839430268 }, "geometry": { "type": "LineString", "coordinates": [ [ -0.2997208, 51.7594148 ], [ -0.2997959, 51.7595621 ], [ -0.2998066, 51.7596099 ] ] } },
{ "type": "Feature", "properties": { "id": 59391, "nach": 0.40085744249280214 }, "geometry": { "type": "LineString", "coordinates": [ [ -0.3004161, 51.7597244 ], [ -0.3000976, 51.759813 ] ] } },
{ "type": "Feature", "properties": { "id": 53553, "nach": 0.50138347471211187 }, "geometry": { "type": "LineString", "coordinates": [ [ -0.3004941, 51.7603317 ], [ -0.3004751, 51.760303 ], [ -0.3003558, 51.7601598 ], [ -0.3002492, 51.7599971 ], [ -0.3000976, 51.759813 ] ] } },
{ "type": "Feature", "properties": { "id": 53552, "nach": 0.46539233898297228 }, "geometry": { "type": "LineString", "coordinates": [ [ -0.3004941, 51.7603317 ], [ -0.3005444, 51.760408 ], [ -0.3006025, 51.7605715 ], [ -0.3006552, 51.7606719 ] ] } },
{ "type": "Feature", "properties": { "id": 53555, "nach": 0.3914790439549109 }, "geometry": { "type": "LineString", "coordinates": [ [ -0.3000386, 51.7604192 ], [ -0.300275, 51.760373800000011 ], [ -0.3003616, 51.7603571 ], [ -0.3004941, 51.7603317 ] ] } },
{ "type": "Feature", "properties": { "id": 53626, "nach": 0.38850924700031686 }, "geometry": { "type": "LineString", "coordinates": [ [ -0.3010806, 51.760601399999985 ], [ -0.3010069, 51.7605923 ], [ -0.3009385, 51.7606014 ], [ -0.3008728, 51.7606213 ], [ -0.3006552, 51.7606719 ] ] } },
{ "type": "Feature", "properties": { "id": 53627, "nach": 0.38954324351288988 }, "geometry": { "type": "LineString", "coordinates": [ [ -0.3003894, 51.7607253 ], [ -0.3005047, 51.7607036 ], [ -0.3005922, 51.760687 ], [ -0.3006552, 51.7606719 ] ] } },
{ "type": "Feature", "properties": { "id": 53491, "nach": 0.45853382449015739 }, "geometry": { "type": "LineString", "coordinates": [ [ -0.2998394, 51.7608461 ], [ -0.2999999, 51.7608128 ], [ -0.3000969, 51.7607782 ], [ -0.3001828, 51.76075620000001 ], [ -0.3002853, 51.76074490000002 ] ] } },
{ "type": "Feature", "properties": { "id": 53489, "nach": 0.58871872663220304 }, "geometry": { "type": "LineString", "coordinates": [ [ -0.2998394, 51.7608461 ], [ -0.2997838, 51.7608576 ] ] } },
{ "type": "Feature", "properties": { "id": 53596, "nach": 0.57846365777938225 }, "geometry": { "type": "LineString", "coordinates": [ [ -0.2999615, 51.7609488 ], [ -0.2999199, 51.7609351 ], [ -0.2998924, 51.7609164 ], [ -0.2998394, 51.7608461 ] ] } },
{ "type": "Feature", "properties": { "id": 53628, "nach": 0.60745696102629809 }, "geometry": { "type": "LineString", "coordinates": [ [ -0.2997958, 51.7608752 ], [ -0.2997838, 51.7608576 ] ] } },
{ "type": "Feature", "properties": { "id": 53630, "nach": 0.5740768309597819 }, "geometry": { "type": "LineString", "coordinates": [ [ -0.2997958, 51.7608752 ], [ -0.2997429, 51.7609002 ] ] } },
{ "type": "Feature", "properties": { "id": 42421, "nach": 0.44469608766161511 }, "geometry": { "type": "LineString", "coordinates": [ [ -0.3038158, 51.7627349 ], [ -0.3038691, 51.7630878 ] ] } },
{ "type": "Feature", "properties": { "id": 42423, "nach": 0.34471594895473717 }, "geometry": { "type": "LineString", "coordinates": [ [ -0.3038158, 51.7627349 ], [ -0.3035142, 51.7627614 ], [ -0.3030635, 51.7627312 ], [ -0.3029722, 51.7627446 ] ] } },
{ "type": "Feature", "properties": { "id": 42410, "nach": 0.50188464698406976 }, "geometry": { "type": "LineString", "coordinates": [ [ -0.3031127, 51.7633053 ], [ -0.3034037, 51.7631152 ], [ -0.3038691, 51.7630878 ] ] } },
{ "type": "Feature", "properties": { "id": 42426, "nach": 0.43283941852281627 }, "geometry": { "type": "LineString", "coordinates": [ [ -0.3039541, 51.7635614 ], [ -0.303933, 51.7634392 ], [ -0.3038883, 51.7631932 ], [ -0.3038691, 51.7630878 ] ] } },
{ "type": "Feature", "properties": { "id": 42417, "nach": 0.32054719392567482 }, "geometry": { "type": "LineString", "coordinates": [ [ -0.3029722, 51.7627446 ], [ -0.3030522, 51.7629381 ], [ -0.3031127, 51.7633053 ] ] } },
{ "type": "Feature", "properties": { "id": 42522, "nach": 0.61773267150279876 }, "geometry": { "type": "LineString", "coordinates": [ [ -0.3045337, 51.7635233 ], [ -0.3039541, 51.7635614 ] ] } },
{ "type": "Feature", "properties": { "id": 42527, "nach": 0.38688540739180938 }, "geometry": { "type": "LineString", "coordinates": [ [ -0.3045962, 51.7637671 ], [ -0.3045771, 51.7637292 ], [ -0.3045337, 51.7635233 ] ] } },
{ "type": "Feature", "properties": { "id": 42525, "nach": 0.29440490155468169 }, "geometry": { "type": "LineString", "coordinates": [ [ -0.3045962, 51.7637671 ], [ -0.3045877, 51.7637675 ], [ -0.3046027, 51.763848 ], [ -0.3042223, 51.7638737 ], [ -0.3042019, 51.7637938 ], [ -0.303902, 51.7638047 ] ] } },
{ "type": "Feature", "properties": { "id": 42484, "nach": 0.53123826004894514 }, "geometry": { "type": "LineString", "coordinates": [ [ -0.3036923, 51.764021 ], [ -0.3036277, 51.763813 ], [ -0.303902, 51.7638047 ] ] } },
{ "type": "Feature", "properties": { "id": 42514, "nach": 0.59646351374756901 }, "geometry": { "type": "LineString", "coordinates": [ [ -0.3039695, 51.7642697 ], [ -0.3039604, 51.7642702 ], [ -0.303733, 51.764274 ], [ -0.3036923, 51.764021 ] ] } },
{ "type": "Feature", "properties": { "id": 42513, "nach": 0.49567565357309262 }, "geometry": { "type": "LineString", "coordinates": [ [ -0.3039695, 51.7642697 ], [ -0.30427, 51.7642527 ] ] } },
{ "type": "Feature", "properties": { "id": 42490, "nach": 0.47283895291668249 }, "geometry": { "type": "LineString", "coordinates": [ [ -0.3046912, 51.7642461 ], [ -0.3046877, 51.7641651 ], [ -0.3045647, 51.7641629 ], [ -0.3043656, 51.7641711 ], [ -0.3042647, 51.7641777 ], [ -0.30427, 51.7642527 ] ] } },
{ "type": "Feature", "properties": { "id": 42509, "nach": 0.34040242639092444 }, "geometry": { "type": "LineString", "coordinates": [ [ -0.3042966, 51.76445970000001 ], [ -0.3042904, 51.76430520000001 ], [ -0.3042718, 51.7642806 ], [ -0.30427, 51.7642527 ] ] } },
{ "type": "Feature", "properties": { "id": 42553, "nach": 0.4357933031922791 }, "geometry": { "type": "LineString", "coordinates": [ [ -0.3032423, 51.7642686 ], [ -0.3030137, 51.7642512 ] ] } },
{ "type": "Feature", "properties": { "id": 42556, "nach": 0.43302889964547375 }, "geometry": { "type": "LineString", "coordinates": [ [ -0.3028701, 51.76444630000001 ], [ -0.3032423, 51.7642686 ] ] } },
{ "type": "Feature", "properties": { "id": 45192, "nach": 0.64877567176979722 }, "geometry": { "type": "LineString", "coordinates": [ [ -0.293533, 51.7640842 ], [ -0.2935174, 51.76406080000001 ] ] } },
{ "type": "Feature", "properties": { "id": 57222, "nach": 0.56033913474104002 }, "geometry": { "type": "LineString", "coordinates": [ [ -0.2937698, 51.763918500000017 ], [ -0.2934798, 51.763999500000011 ], [ -0.2935174, 51.76406080000001 ] ] } },
{ "type": "Feature", "properties": { "id": 57201, "nach": 0.63389400437048082 }, "geometry": { "type": "LineString", "coordinates": [ [ -0.2929757, 51.764197100000011 ], [ -0.2931004, 51.7641666 ], [ -0.2935174, 51.76406080000001 ] ] } },
{ "type": "Feature", "properties": { "id": 45195, "nach": 0.42619144352874849 }, "geometry": { "type": "LineString", "coordinates": [ [ -0.2938302, 51.7640142 ], [ -0.293533, 51.7640842 ] ] } },
{ "type": "Feature", "properties": { "id": 57223, "nach": 0.41850337757218431 }, "geometry": { "type": "LineString", "coordinates": [ [ -0.2937698, 51.763918500000017 ], [ -0.2937833, 51.7639402 ], [ -0.2938302, 51.7640142 ] ] } },
{ "type": "Feature", "properties": { "id": 57203, "nach": 0.63529634286726422 }, "geometry": { "type": "LineString", "coordinates": [ [ -0.2929573, 51.7641694 ], [ -0.2929757, 51.764197100000011 ] ] } },
{ "type": "Feature", "properties": { "id": 57881, "nach": 0.48957418493229443 }, "geometry": { "type": "LineString", "coordinates": [ [ -0.307262, 51.7597372 ], [ -0.3071882, 51.759797 ] ] } },
{ "type": "Feature", "properties": { "id": 57197, "nach": 0.55394956723710331 }, "geometry": { "type": "LineString", "coordinates": [ [ -0.2924525, 51.76359570000001 ], [ -0.2928507, 51.7635981 ] ] } },
{ "type": "Feature", "properties": { "id": 57157, "nach": 0.48818469180788016 }, "geometry": { "type": "LineString", "coordinates": [ [ -0.292214, 51.7643953 ], [ -0.2925906, 51.764302 ] ] } },
{ "type": "Feature", "properties": { "id": 45207, "nach": 0.46404046547642475 }, "geometry": { "type": "LineString", "coordinates": [ [ -0.2928596, 51.7644162 ], [ -0.2928123, 51.7643442 ] ] } },
{ "type": "Feature", "properties": { "id": 57233, "nach": 0.47928772134083553 }, "geometry": { "type": "LineString", "coordinates": [ [ -0.292738, 51.7642317 ], [ -0.29275, 51.7642494 ], [ -0.2928123, 51.7643442 ] ] } },
{ "type": "Feature", "properties": { "id": 57232, "nach": 0.61497614980534721 }, "geometry": { "type": "LineString", "coordinates": [ [ -0.292738, 51.7642317 ], [ -0.2927801, 51.7642205 ], [ -0.2927747, 51.764212699999987 ] ] } },
{ "type": "Feature", "properties": { "id": 57234, "nach": 0.59850818571180942 }, "geometry": { "type": "LineString", "coordinates": [ [ -0.292738, 51.7642317 ], [ -0.2925718, 51.7642744 ], [ -0.2925906, 51.764302 ] ] } },
{ "type": "Feature", "properties": { "id": 63873, "nach": 0.56280750294855353 }, "geometry": { "type": "LineString", "coordinates": [ [ -0.2943727, 51.7651383 ], [ -0.2947507, 51.7650717 ], [ -0.29482, 51.765064 ] ] } },
{ "type": "Feature", "properties": { "id": 63879, "nach": 0.49523153766992195 }, "geometry": { "type": "LineString", "coordinates": [ [ -0.2944267, 51.7654383 ], [ -0.294398, 51.765352099999987 ], [ -0.2944275, 51.7653115 ], [ -0.2943727, 51.7651383 ] ] } },
{ "type": "Feature", "properties": { "id": 49891, "nach": 0.31469242326340113 }, "geometry": { "type": "LineString", "coordinates": [ [ -0.2965171, 51.7587841 ], [ -0.2967308, 51.7587179 ], [ -0.2977493, 51.7585382 ], [ -0.2978358, 51.7585282 ], [ -0.2979358, 51.758530300000018 ], [ -0.2980243, 51.7585461 ] ] } },
{ "type": "Feature", "properties": { "id": 53528, "nach": 0.51692602174072411 }, "geometry": { "type": "LineString", "coordinates": [ [ -0.2981473, 51.7586229 ], [ -0.2981289, 51.758605 ], [ -0.2980243, 51.7585461 ] ] } },
{ "type": "Feature", "properties": { "id": 50513, "nach": 0.51259496469457555 }, "geometry": { "type": "LineString", "coordinates": [ [ -0.2983481, 51.758021899999989 ], [ -0.2983461, 51.7581115 ], [ -0.2983126, 51.7581962 ], [ -0.2982207, 51.758330699999988 ], [ -0.2980645, 51.7584776 ], [ -0.2980243, 51.7585461 ] ] } },
{ "type": "Feature", "properties": { "id": 53521, "nach": 0.43674462163292832 }, "geometry": { "type": "LineString", "coordinates": [ [ -0.2976105, 51.7588204 ], [ -0.2977232, 51.758770600000013 ], [ -0.2978191, 51.7587187 ], [ -0.2980243, 51.7585461 ] ] } },
{ "type": "Feature", "properties": { "id": 53565, "nach": 0.56162047224346046 }, "geometry": { "type": "LineString", "coordinates": [ [ -0.296416, 51.758728 ], [ -0.2965171, 51.7587841 ] ] } },
{ "type": "Feature", "properties": { "id": 50532, "nach": 0.51896435831357257 }, "geometry": { "type": "LineString", "coordinates": [ [ -0.2966295, 51.7592732 ], [ -0.296545, 51.7590516 ], [ -0.2965115, 51.7589404 ], [ -0.2965171, 51.7587841 ] ] } },
{ "type": "Feature", "properties": { "id": 53507, "nach": 0.5178432269942248 }, "geometry": { "type": "LineString", "coordinates": [ [ -0.2970674, 51.7589109 ], [ -0.2968729, 51.7588914 ], [ -0.296763, 51.7588657 ], [ -0.2966731, 51.7588387 ], [ -0.2965171, 51.7587841 ] ] } },
{ "type": "Feature", "properties": { "id": 53529, "nach": 0.52017146823476301 }, "geometry": { "type": "LineString", "coordinates": [ [ -0.2981473, 51.7586229 ], [ -0.2981845, 51.758659 ], [ -0.2982134, 51.7587162 ], [ -0.2982729, 51.7589482 ] ] } },
{ "type": "Feature", "properties": { "id": 53531, "nach": 0.39520932307294027 }, "geometry": { "type": "LineString", "coordinates": [ [ -0.298617, 51.75861170000001 ], [ -0.2983441, 51.7585967 ], [ -0.2981473, 51.7586229 ] ] } },
{ "type": "Feature", "properties": { "id": 50512, "nach": 0.46056133593266901 }, "geometry": { "type": "LineString", "coordinates": [ [ -0.2983481, 51.758021899999989 ], [ -0.2983522, 51.7579637 ], [ -0.2983602, 51.7577728 ], [ -0.2983488, 51.7577218 ], [ -0.2983059, 51.7576757 ], [ -0.2982181, 51.7576288 ] ] } },
{ "type": "Feature", "properties": { "id": 53534, "nach": 0.45098570410570193 }, "geometry": { "type": "LineString", "coordinates": [ [ -0.2976094, 51.758024100000014 ], [ -0.297683, 51.7580077 ], [ -0.2978171, 51.7579986 ], [ -0.2979653, 51.7580032 ], [ -0.2981523, 51.7580152 ], [ -0.2983481, 51.758021899999989 ] ] } },
{ "type": "Feature", "properties": { "id": 53520, "nach": 0.56263549629925591 }, "geometry": { "type": "LineString", "coordinates": [ [ -0.2976105, 51.7588204 ], [ -0.2975395, 51.7588449 ], [ -0.2974535, 51.7588622 ] ] } },
{ "type": "Feature", "properties": { "id": 53524, "nach": 0.55054806044824112 }, "geometry": { "type": "LineString", "coordinates": [ [ -0.2981918, 51.75896 ], [ -0.2981208, 51.7589217 ], [ -0.297982, 51.7588765 ], [ -0.2978077, 51.7588399 ], [ -0.2976105, 51.7588204 ] ] } },
{ "type": "Feature", "properties": { "id": 53539, "nach": 0.39732786692530098 }, "geometry": { "type": "LineString", "coordinates": [ [ -0.2963102, 51.757667799999986 ], [ -0.2964713, 51.7576612 ], [ -0.2966778, 51.7576379 ], [ -0.2968951, 51.7576408 ], [ -0.2970285, 51.7576325 ], [ -0.2971358, 51.7576118 ], [ -0.2972444, 51.7575827 ], [ -0.2973262, 51.757571499999983 ], [ -0.2976756, 51.7575699 ], [ -0.2978539, 51.7575873 ], [ -0.2980504, 51.757596 ], [ -0.2981369, 51.7576093 ], [ -0.2982181, 51.7576288 ] ] } },
{ "type": "Feature", "properties": { "id": 53527, "nach": 0.38695160201549123 }, "geometry": { "type": "LineString", "coordinates": [ [ -0.2984957, 51.757491 ], [ -0.2983119, 51.7574972 ], [ -0.2982181, 51.7576288 ] ] } },
{ "type": "Feature", "properties": { "id": 53538, "nach": 0.39431179370768343 }, "geometry": { "type": "LineString", "coordinates": [ [ -0.2963102, 51.757667799999986 ], [ -0.2962708, 51.7576695 ], [ -0.2961541, 51.7576591 ], [ -0.2960545, 51.7576291 ] ] } },
{ "type": "Feature", "properties": { "id": 53541, "nach": 0.38493415317315305 }, "geometry": { "type": "LineString", "coordinates": [ [ -0.2965128, 51.7579359 ], [ -0.2963345, 51.7579218 ], [ -0.296305, 51.7578762 ], [ -0.2963197, 51.7577346 ], [ -0.2963102, 51.757667799999986 ] ] } },
{ "type": "Feature", "properties": { "id": 49887, "nach": 0.49332566137498318 }, "geometry": { "type": "LineString", "coordinates": [ [ -0.2959275, 51.7580746 ], [ -0.2959207, 51.7579833 ], [ -0.2958973, 51.7579015 ], [ -0.2959033, 51.7578214 ], [ -0.2959456, 51.7577512 ], [ -0.2960052, 51.7576819 ], [ -0.2960545, 51.7576291 ] ] } },
{ "type": "Feature", "properties": { "id": 50505, "nach": 0.45884863267579884 }, "geometry": { "type": "LineString", "coordinates": [ [ -0.295332, 51.7573897 ], [ -0.2954165, 51.7574258 ], [ -0.2956096, 51.7574914 ], [ -0.29572550000001, 51.7575144 ], [ -0.295873, 51.7575477 ], [ -0.2959696, 51.7575892 ], [ -0.2960545, 51.7576291 ] ] } },
{ "type": "Feature", "properties": { "id": 53573, "nach": 0.46172952789056382 }, "geometry": { "type": "LineString", "coordinates": [ [ -0.2951764, 51.7582157 ], [ -0.2953769, 51.7581949 ], [ -0.2954721, 51.7581829 ], [ -0.2955754, 51.7581559 ], [ -0.2957337, 51.7581078 ], [ -0.2958773, 51.7580832 ], [ -0.2959275, 51.7580746 ] ] } },
{ "type": "Feature", "properties": { "id": 50508, "nach": 0.53300870595412886 }, "geometry": { "type": "LineString", "coordinates": [ [ -0.296042, 51.7582843 ], [ -0.296015, 51.758244900000015 ], [ -0.2959275, 51.7580746 ] ] } },
{ "type": "Feature", "properties": { "id": 59389, "nach": 0.38399342180972273 }, "geometry": { "type": "LineString", "coordinates": [ [ -0.295395, 51.7573046 ], [ -0.295332, 51.7573897 ] ] } },
{ "type": "Feature", "properties": { "id": 59390, "nach": 0.38176364935620832 }, "geometry": { "type": "LineString", "coordinates": [ [ -0.294817, 51.757445700000012 ], [ -0.2948539, 51.7573445 ], [ -0.2948787, 51.757327 ], [ -0.2949377, 51.7573142 ], [ -0.2950323, 51.7573308 ], [ -0.2951275, 51.7573486 ], [ -0.295332, 51.7573897 ] ] } },
{ "type": "Feature", "properties": { "id": 53571, "nach": 0.3854755012151142 }, "geometry": { "type": "LineString", "coordinates": [ [ -0.2951764, 51.7582157 ], [ -0.2952348, 51.7584124 ], [ -0.2952871, 51.7585469 ], [ -0.2953099, 51.7586723 ] ] } },
{ "type": "Feature", "properties": { "id": 53572, "nach": 0.38493279056838126 }, "geometry": { "type": "LineString", "coordinates": [ [ -0.2951764, 51.7582157 ], [ -0.2951074, 51.7579625 ], [ -0.2951007, 51.7578538 ], [ -0.2951905, 51.7577334 ] ] } },
{ "type": "Feature", "properties": { "id": 50510, "nach": 0.42130053982833104 }, "geometry": { "type": "LineString", "coordinates": [ [ -0.2970124, 51.75802920000001 ], [ -0.2968922, 51.75808390000001 ], [ -0.2967876, 51.7581437 ], [ -0.2966374, 51.7581869 ], [ -0.296488, 51.7582107 ], [ -0.2962822, 51.7582302 ], [ -0.296189, 51.7582464 ], [ -0.296042, 51.7582843 ] ] } },
{ "type": "Feature", "properties": { "id": 53567, "nach": 0.54788792645315865 }, "geometry": { "type": "LineString", "coordinates": [ [ -0.296416, 51.758728 ], [ -0.2963497, 51.7586912 ], [ -0.2962167, 51.7585397 ], [ -0.296042, 51.7582843 ] ] } },
{ "type": "Feature", "properties": { "id": 53568, "nach": 0.39630866101932016 }, "geometry": { "type": "LineString", "coordinates": [ [ -0.2955124, 51.7589205 ], [ -0.2956975, 51.7588964 ], [ -0.296018, 51.758874 ], [ -0.2961494, 51.7588482 ], [ -0.2962607, 51.7588134 ], [ -0.296416, 51.758728 ] ] } },
{ "type": "Feature", "properties": { "id": 53544, "nach": 0.57209782466121795 }, "geometry": { "type": "LineString", "coordinates": [ [ -0.2967637, 51.760238 ], [ -0.2968045, 51.759773 ], [ -0.2966953, 51.7593823 ], [ -0.2966295, 51.7592732 ] ] } },
{ "type": "Feature", "properties": { "id": 53506, "nach": 0.52353066145576255 }, "geometry": { "type": "LineString", "coordinates": [ [ -0.2970674, 51.7589109 ], [ -0.2969071, 51.7589931 ], [ -0.2968246, 51.7590495 ], [ -0.2967428, 51.7591259 ], [ -0.296706, 51.7591691 ], [ -0.2966295, 51.7592732 ] ] } },
{ "type": "Feature", "properties": { "id": 53564, "nach": 0.41318952843958828 }, "geometry": { "type": "LineString", "coordinates": [ [ -0.2957954, 51.7593513 ], [ -0.2961078, 51.7593563 ], [ -0.2963358, 51.759334700000011 ], [ -0.2966295, 51.7592732 ] ] } },
{ "type": "Feature", "properties": { "id": 53509, "nach": 0.56775074752217913 }, "geometry": { "type": "LineString", "coordinates": [ [ -0.2973012, 51.758882700000015 ], [ -0.297168, 51.7589063 ], [ -0.2970674, 51.7589109 ] ] } },
{ "type": "Feature", "properties": { "id": 53545, "nach": 0.42699663937740001 }, "geometry": { "type": "LineString", "coordinates": [ [ -0.2967637, 51.760238 ], [ -0.2965772, 51.760227 ], [ -0.2960099, 51.7602627 ], [ -0.2958986, 51.7597215 ] ] } },
{ "type": "Feature", "properties": { "id": 53535, "nach": 0.43444176933824674 }, "geometry": { "type": "LineString", "coordinates": [ [ -0.2976094, 51.758024100000014 ], [ -0.2975468, 51.758038 ], [ -0.2974556, 51.7580339 ], [ -0.2973187, 51.7579992 ], [ -0.2971988, 51.7579849 ], [ -0.2971176, 51.7579943 ], [ -0.2970124, 51.75802920000001 ] ] } },
{ "type": "Feature", "properties": { "id": 53533, "nach": 0.3885314585582163 }, "geometry": { "type": "LineString", "coordinates": [ [ -0.2972518, 51.758287100000018 ], [ -0.2970922, 51.7582414 ], [ -0.2970466, 51.7581792 ], [ -0.2970721, 51.7581227 ], [ -0.297064, 51.7580895 ], [ -0.2970124, 51.75802920000001 ] ] } },
{ "type": "Feature", "properties": { "id": 53537, "nach": 0.38800918957285663 }, "geometry": { "type": "LineString", "coordinates": [ [ -0.2976246, 51.75779940000001 ], [ -0.2976018, 51.7579571 ], [ -0.2976094, 51.758024100000014 ] ] } },
{ "type": "Feature", "properties": { "id": 59393, "nach": 0.58989424611775232 }, "geometry": { "type": "LineString", "coordinates": [ [ -0.2982886, 51.759015 ], [ -0.2982729, 51.7589482 ] ] } },
{ "type": "Feature", "properties": { "id": 59394, "nach": 0.40173885806894655 }, "geometry": { "type": "LineString", "coordinates": [ [ -0.2982886, 51.759015 ], [ -0.2980216, 51.7590475 ] ] } },
{ "type": "Feature", "properties": { "id": 59397, "nach": 0.40129733994829608 }, "geometry": { "type": "LineString", "coordinates": [ [ -0.2986271, 51.759003 ], [ -0.298491, 51.7589985 ], [ -0.2982886, 51.759015 ] ] } },
{ "type": "Feature", "properties": { "id": 50525, "nach": 0.51240893553317479 }, "geometry": { "type": "LineString", "coordinates": [ [ -0.297856, 51.7598345 ], [ -0.2977688, 51.7598684 ] ] } },
{ "type": "Feature", "properties": { "id": 50529, "nach": 0.53439863314258829 }, "geometry": { "type": "LineString", "coordinates": [ [ -0.2973544, 51.7591213 ], [ -0.2974369, 51.7592728 ], [ -0.2974804, 51.7593795 ], [ -0.297512, 51.7594833 ], [ -0.2975468, 51.7595534 ], [ -0.2975985, 51.7596111 ], [ -0.2976809, 51.7596713 ], [ -0.2977225, 51.759712 ], [ -0.297856, 51.7598345 ] ] } },
{ "type": "Feature", "properties": { "id": 50522, "nach": 0.47622408395076388 }, "geometry": { "type": "LineString", "coordinates": [ [ -0.297583, 51.759904500000012 ], [ -0.2976722, 51.7598913 ], [ -0.2977688, 51.7598684 ] ] } },
{ "type": "Feature", "properties": { "id": 53561, "nach": 0.40085891465886692 }, "geometry": { "type": "LineString", "coordinates": [ [ -0.29787, 51.760131100000017 ], [ -0.2978419, 51.7599564 ], [ -0.2977688, 51.7598684 ] ] } },
{ "type": "Feature", "properties": { "id": 50524, "nach": 0.39953936769613752 }, "geometry": { "type": "LineString", "coordinates": [ [ -0.2972706, 51.7599178 ], [ -0.297583, 51.759904500000012 ] ] } },
{ "type": "Feature", "properties": { "id": 53560, "nach": 0.39863827196760515 }, "geometry": { "type": "LineString", "coordinates": [ [ -0.2975965, 51.7601365 ], [ -0.2975897, 51.7600194 ], [ -0.2975863, 51.759962 ], [ -0.297583, 51.759904500000012 ] ] } },
{ "type": "Feature", "properties": { "id": 53499, "nach": 0.48665453297684585 }, "geometry": { "type": "LineString", "coordinates": [ [ -0.2972331, 51.759147200000015 ], [ -0.2973544, 51.7591213 ] ] } },
{ "type": "Feature", "properties": { "id": 53504, "nach": 0.46693000769027443 }, "geometry": { "type": "LineString", "coordinates": [ [ -0.2974822, 51.7590958 ], [ -0.2974731, 51.7590964 ], [ -0.2973544, 51.7591213 ] ] } },
{ "type": "Feature", "properties": { "id": 53498, "nach": 0.4380767754105232 }, "geometry": { "type": "LineString", "coordinates": [ [ -0.2972331, 51.759147200000015 ], [ -0.2972101, 51.7591037 ] ] } },
{ "type": "Feature", "properties": { "id": 53562, "nach": 0.39148053675004313 }, "geometry": { "type": "LineString", "coordinates": [ [ -0.2969594, 51.7592459 ], [ -0.2970017, 51.7592064 ], [ -0.2971867, 51.759157 ], [ -0.2972331, 51.759147200000015 ] ] } },
{ "type": "Feature", "properties": { "id": 53503, "nach": 0.39297224033858397 }, "geometry": { "type": "LineString", "coordinates": [ [ -0.2974822, 51.7590958 ], [ -0.2974619, 51.7590536 ] ] } },
{ "type": "Feature", "properties": { "id": 53563, "nach": 0.39148052103592496 }, "geometry": { "type": "LineString", "coordinates": [ [ -0.2978781, 51.759080700000013 ], [ -0.2978137, 51.759074 ], [ -0.2977245, 51.759079800000016 ], [ -0.2976246, 51.7590998 ], [ -0.2975442, 51.7590919 ], [ -0.2974822, 51.7590958 ] ] } },
{ "type": "Feature", "properties": { "id": 53523, "nach": 0.55686748101727268 }, "geometry": { "type": "LineString", "coordinates": [ [ -0.2981918, 51.75896 ], [ -0.2982729, 51.7589482 ] ] } },
{ "type": "Feature", "properties": { "id": 53525, "nach": 0.3503763000413187 }, "geometry": { "type": "LineString", "coordinates": [ [ -0.2981918, 51.75896 ], [ -0.2980987, 51.7589736 ], [ -0.2979646, 51.758984 ], [ -0.2978466, 51.7589844 ], [ -0.2977413, 51.7589981 ], [ -0.2974692, 51.759052200000013 ] ] } },
{ "type": "Feature", "properties": { "id": 53593, "nach": 0.46443349484983432 }, "geometry": { "type": "LineString", "coordinates": [ [ -0.2997617, 51.7609998 ], [ -0.2997751, 51.7609803 ], [ -0.2997731, 51.76095380000001 ], [ -0.2997429, 51.7609002 ] ] } },
{ "type": "Feature", "properties": { "id": 53526, "nach": 0.39106746635030665 }, "geometry": { "type": "LineString", "coordinates": [ [ -0.2968917, 51.759167 ], [ -0.2972101, 51.7591037 ] ] } },
{ "type": "Feature", "properties": { "id": 53502, "nach": 0.17844820155594382 }, "geometry": { "type": "LineString", "coordinates": [ [ -0.2974619, 51.7590536 ], [ -0.2972101, 51.7591037 ] ] } },
{ "type": "Feature", "properties": { "id": 53515, "nach": 0.55888652758365309 }, "geometry": { "type": "LineString", "coordinates": [ [ -0.2974535, 51.7588622 ], [ -0.2974386, 51.758845400000013 ], [ -0.2974146, 51.7588335 ], [ -0.2973849, 51.7588282 ], [ -0.2973543, 51.7588303 ], [ -0.2973272, 51.7588395 ], [ -0.297308, 51.7588544 ], [ -0.2972994, 51.7588728 ], [ -0.2973012, 51.758882700000015 ] ] } },
{ "type": "Feature", "properties": { "id": 53518, "nach": 0.40999157775844475 }, "geometry": { "type": "LineString", "coordinates": [ [ -0.2974021, 51.7589236 ], [ -0.2973714, 51.7589257 ], [ -0.2973418, 51.7589204 ], [ -0.2973177, 51.758908500000011 ], [ -0.2973028, 51.7588918 ], [ -0.2973012, 51.758882700000015 ] ] } },
{ "type": "Feature", "properties": { "id": 53519, "nach": 0.36581902524651888 }, "geometry": { "type": "LineString", "coordinates": [ [ -0.2974021, 51.7589236 ], [ -0.2974291, 51.7589144 ], [ -0.2974484, 51.7588995 ], [ -0.2974569, 51.7588811 ], [ -0.2974535, 51.7588622 ] ] } },
{ "type": "Feature", "properties": { "id": 53517, "nach": 0.36647586948427663 }, "geometry": { "type": "LineString", "coordinates": [ [ -0.2974021, 51.7589236 ], [ -0.2974692, 51.759052200000013 ] ] } },
{ "type": "Feature", "properties": { "id": 53614, "nach": 0.41020578823837961 }, "geometry": { "type": "LineString", "coordinates": [ [ -0.2968245, 51.7618252 ], [ -0.2968653, 51.7618376 ], [ -0.2968967, 51.7618578 ], [ -0.2969151, 51.7618835 ], [ -0.2969181, 51.761911499999989 ] ] } },
{ "type": "Feature", "properties": { "id": 53613, "nach": 0.63170185570621662 }, "geometry": { "type": "LineString", "coordinates": [ [ -0.2968245, 51.7618252 ], [ -0.2969078, 51.76181 ], [ -0.2969602, 51.7618027 ] ] } },
{ "type": "Feature", "properties": { "id": 53615, "nach": 0.63170229203258221 }, "geometry": { "type": "LineString", "coordinates": [ [ -0.2966613, 51.7619222 ], [ -0.2966583, 51.7618942 ], [ -0.2966709, 51.7618672 ], [ -0.2966976, 51.7618445 ], [ -0.2967353, 51.7618289 ], [ -0.2967794, 51.761822199999983 ], [ -0.2968245, 51.7618252 ] ] } },
{ "type": "Feature", "properties": { "id": 53639, "nach": 0.50321815436359651 }, "geometry": { "type": "LineString", "coordinates": [ [ -0.2979902, 51.7612268 ], [ -0.2979284, 51.7612372 ], [ -0.2978722, 51.7612344 ] ] } },
{ "type": "Feature", "properties": { "id": 57196, "nach": 0.53767711859928968 }, "geometry": { "type": "LineString", "coordinates": [ [ -0.2924525, 51.76359570000001 ], [ -0.2922743, 51.7635946 ] ] } },
{ "type": "Feature", "properties": { "id": 57204, "nach": 0.61414127399727525 }, "geometry": { "type": "LineString", "coordinates": [ [ -0.2929573, 51.7641694 ], [ -0.2928117, 51.7639498 ] ] } },
{ "type": "Feature", "properties": { "id": 57199, "nach": 0.45666893698668004 }, "geometry": { "type": "LineString", "coordinates": [ [ -0.2924512, 51.7638617 ], [ -0.2924525, 51.76359570000001 ] ] } },
{ "type": "Feature", "properties": { "id": 57205, "nach": 0.54671963073638086 }, "geometry": { "type": "LineString", "coordinates": [ [ -0.2929573, 51.7641694 ], [ -0.2927747, 51.764212699999987 ] ] } },
{ "type": "Feature", "properties": { "id": 57187, "nach": 0.48873690122666585 }, "geometry": { "type": "LineString", "coordinates": [ [ -0.2912032, 51.7632771 ], [ -0.2911056, 51.7632773 ], [ -0.2911011, 51.7632084 ] ] } },
{ "type": "Feature", "properties": { "id": 57184, "nach": 0.45248436898069599 }, "geometry": { "type": "LineString", "coordinates": [ [ -0.2911011, 51.7632084 ], [ -0.2911041, 51.7630342 ] ] } }
]
}
