country,region_id,authority_id,auth_name_e,old_park_id,new_park_id,park_offical_id
England,E12000006,E06000034,Thurrock,THURR_1c31f79f3f40,8ef5d75e8cd5,
England,E12000006,E06000034,Thurrock,THURR_a353af49ffc3,cf2b165c56e8,
England,E12000006,E06000034,Thurrock,THURR_22d6fc48ac36,583054689c8c,
England,E12000006,E06000034,Thurrock,THURR_18050d866bb6;THURR_1df26c7c409c,26fa98d67253,
England,E12000006,E06000034,Thurrock,THURR_14efb00acfa5;THURR_6872dde4f5d9,507cadced306,
England,E12000006,E06000034,Thurrock,THURR_4e37e3e45d06,f8f9ab315a14,
England,E12000006,E06000034,Thurrock,THURR_c5d96960c30e,9d7f03ac55c8,
England,E12000006,E06000034,Thurrock,THURR_864486a18344;THURR_df8506ec4aaf,a8eb57d41454,
England,E12000006,E06000034,Thurrock,THURR_4f1c2f9916f3,a36b30fd7df0,
England,E12000006,E06000034,Thurrock,THURR_f39d70fd9241,5f60c5796e4a,
England,E12000006,E06000034,Thurrock,THURR_15e1a18aa320;THURR_bfe4de0ea571,fdecbec134d5,
England,E12000006,E06000034,Thurrock,THURR_a9617f5bad83;THURR_2c0851102d2b,15452044ecb7,
England,E12000006,E06000034,Thurrock,THURR_5662a5dfc8f3;THURR_cc7956e4fd59,7d11d4265ca4,
England,E12000006,E06000034,Thurrock,THURR_a9a4381eecf9,ff1209358a4f,
England,E12000006,E06000034,Thurrock,THURR_efe08c6436c9,230e05aff9d5,
England,E12000006,E06000034,Thurrock,THURR_fca9f031344c;THURR_68d6703acd1a,40af283a4309,
England,E12000006,E06000034,Thurrock,THURR_39233b6abf94;THURR_847ae07008a7,6a0d5d342df2,
England,E12000006,E06000034,Thurrock,THURR_99c620831f15,a3cd0c28d3d3,
England,E12000006,E06000034,Thurrock,THURR_098fc74c6dc9;THURR_3e3ff871939b,0cc87e98db4e,
England,E12000006,E06000034,Thurrock,THURR_0b1be0877cf4,71d9879b5322,
England,E12000006,E06000034,Thurrock,THURR_f5922343e433;THURR_b7972857169d,d9debe4abab1,
England,E12000006,E06000034,Thurrock,THURR_2f46d8ef152c,b77871fa9eee,
England,E12000006,E06000034,Thurrock,THURR_d2b9191fc796,2634c7b81b3c,
England,E12000006,E06000034,Thurrock,THURR_58eb044f2dbd,c45fffa7d38c,
England,E12000006,E06000034,Thurrock,THURR_6bb56abf4759,741ebc23cba0,
England,E12000006,E06000034,Thurrock,THURR_1d982f7ef52d,fca7696a98d1,
England,E12000006,E06000034,Thurrock,THURR_28002e009fe9;THURR_cdd6fadd208e,46e800693ee5,
England,E12000006,E06000034,Thurrock,THURR_ace142015571;THURR_04a12fc8e513,b0c04b5e0495,
England,E12000006,E06000034,Thurrock,THURR_35ec28cb19b1;THURR_1a49573b5d46,5f6d88757019,
England,E12000006,E06000034,Thurrock,THURR_02171eb0c89f,133b5be5f770,
England,E12000006,E06000034,Thurrock,THURR_a0ec133a9379,47f69e4a4430,
England,E12000006,E06000034,Thurrock,THURR_da5537ad8249,fc3b67fc227d,
England,E12000006,E06000034,Thurrock,THURR_74e32d2447bc,9aa44da7f203,
England,E12000006,E06000034,Thurrock,THURR_a4b4039c6125;THURR_285f7ec181b9,4308503406f0,
England,E12000006,E06000034,Thurrock,THURR_d6e96a46e2de;THURR_e5f61757e029;THURR_94b1c2bc1f30,c6d3ff8c21e8,
England,E12000006,E06000034,Thurrock,THURR_020f21142931,db73c6615ce2,
England,E12000006,E06000034,Thurrock,THURR_6901a8ba0301,e97f1663497e,
England,E12000006,E06000034,Thurrock,THURR_a1e2ee05b134,a6baaabc8d3c,
England,E12000006,E06000034,Thurrock,THURR_056e79a30c45;THURR_efd205d93ed8,569538c767d7,
England,E12000006,E06000034,Thurrock,THURR_9a08cde2f534;THURR_93b9b0c8a995,962f99113cba,
England,E12000006,E06000034,Thurrock,THURR_7425454c8b80;THURR_7d0f4ca86c43;THURR_634116e3d701,25eee4bb909f,
England,E12000006,E06000034,Thurrock,THURR_c0860ccd91b5,8aa0bdab15aa,
England,E12000006,E06000034,Thurrock,THURR_49a970a46cd3;THURR_7e9edd16e378;THURR_08a60b2e0eca,f076e877f87d,
England,E12000006,E06000034,Thurrock,THURR_c11ac1d37398;THURR_493a3ace7126,ba19a896d22e,
England,E12000006,E06000034,Thurrock,THURR_bf48e555aa28,916bc3156b16,
England,E12000006,E06000034,Thurrock,THURR_f8f9cb316ad0,acd998a17268,
England,E12000006,E06000034,Thurrock,THURR_3ba0a22b4e8b,27c8cd386909,
England,E12000006,E06000034,Thurrock,THURR_f59f9613cf5b,99e77ddedbf2,
England,E12000006,E06000034,Thurrock,THURR_f3ddf21c512a,43f1aacfe305,
England,E12000006,E06000034,Thurrock,THURR_ea71ac0f7567;THURR_cf960bf0f4dd;THURR_9930e3f83fd5,632bd4d11ef1,
England,E12000006,E06000034,Thurrock,THURR_82feaaad9381,2989b227144f,
England,E12000006,E06000034,Thurrock,THURR_d633d45560fe,abf4aaecb4cc,
England,E12000006,E06000034,Thurrock,THURR_2ba7912f0fa9,8e8799fbd52d,
England,E12000006,E06000034,Thurrock,THURR_414dad241982,9ac5b931cab3,
England,E12000006,E06000034,Thurrock,THURR_37110fda8226,d2310270cb49,
England,E12000006,E06000034,Thurrock,THURR_1e95f1e849f9,197840b3da1d,
England,E12000006,E06000034,Thurrock,THURR_1254b2c818dd,8f18be981ef4,
England,E12000006,E06000034,Thurrock,THURR_742766b88629,5046890a90db,
England,E12000006,E06000034,Thurrock,THURR_eea19d800875,5c0ed6403d51,
England,E12000006,E06000034,Thurrock,THURR_07b71a4934b2,685baff8dc8b,
England,E12000006,E06000034,Thurrock,THURR_edde239cf42b,64dc21bde2d1,
England,E12000006,E06000034,Thurrock,THURR_ec24f3b1f204,8386b26fad45,
England,E12000006,E06000034,Thurrock,THURR_5af8b799f6a6,0cf5dd6ad5b8,
England,E12000006,E06000034,Thurrock,THURR_a324032eba68,e0fea3301ef3,
England,E12000006,E06000034,Thurrock,THURR_3fe8abb78efb,31e4eca16801,
England,E12000006,E06000034,Thurrock,THURR_265d818b5b65,fdf7e17a3db1,
England,E12000006,E06000034,Thurrock,THURR_9856ede49cf6,206813b29446,
England,E12000006,E06000034,Thurrock,THURR_d1f7813ef975,eaf3ae733f1b,
England,E12000006,E06000034,Thurrock,THURR_c4fe620ead3d,cc1bb88792f3,
England,E12000006,E06000034,Thurrock,THURR_c160a091ed01,88972d5e1690,
England,E12000006,E06000034,Thurrock,THURR_8becea2a1596,7989b6040190,
England,E12000006,E06000034,Thurrock,THURR_de8b7ce8ecd5,ee827b6eafa2,
England,E12000006,E06000034,Thurrock,THURR_fca8eda78b96,8f4dd54bd0f7,
England,E12000006,E06000034,Thurrock,THURR_56ef1b453443,bc88f5b926c5,
England,E12000006,E06000034,Thurrock,THURR_706b0c3f6d12,7e5c4fed61a2,
England,E12000006,E06000034,Thurrock,THURR_6612074f4983,24c1d6ee7a4d,
England,E12000006,E06000034,Thurrock,THURR_7282c3c7e751,dc9f88d8d3f0,
England,E12000006,E06000034,Thurrock,THURR_5655e2c801f8,a6e5f0f68934,
England,E12000006,E06000034,Thurrock,THURR_4d45176d7775,06d5126ede78,
England,E12000006,E06000034,Thurrock,THURR_2983c7a16d93,33a63745f427,
England,E12000006,E06000034,Thurrock,THURR_d9e94b9aedb8,80914e7a689c,
England,E12000006,E06000034,Thurrock,THURR_1e96ff93b78d,76ebf5565219,
England,E12000006,E06000034,Thurrock,THURR_71e02264c325,667465553e57,
England,E12000006,E06000034,Thurrock,THURR_b729e8c35865,b1afea50e031,
England,E12000006,E06000034,Thurrock,THURR_f9a301892cc2,06a0d574c9d6,
England,E12000006,E06000034,Thurrock,THURR_802909f995d1,c897de25e06f,
England,E12000006,E06000034,Thurrock,THURR_9da9a4bc2088,17cc96126ed5,
England,E12000006,E06000034,Thurrock,THURR_77274707394f,fe6f594bc498,
England,E12000006,E06000034,Thurrock,THURR_332eb482ce87,e697941f310b,
England,E12000006,E06000034,Thurrock,THURR_b675b2d1d42a,f2d39fe34ee5,
England,E12000006,E06000034,Thurrock,THURR_85ff319c437b,50177df52063,
England,E12000006,E06000034,Thurrock,THURR_a26b61b04efa,c572c0ac8dac,
England,E12000006,E06000034,Thurrock,THURR_fcda5b7b64d7,0c568482e558,
England,E12000006,E06000034,Thurrock,THURR_02ac7fb17181,6ee66c1a8ffd,
England,E12000006,E06000034,Thurrock,THURR_996d72844674,68b1d3b588a1,
England,E12000006,E06000034,Thurrock,THURR_6450dfd89de6,dd2ee67133bf,
England,E12000006,E06000034,Thurrock,THURR_393dd66bc1d2,4efb2afc57de,
England,E12000006,E06000034,Thurrock,THURR_7d6cf32ce0f5,b52150887003,
England,E12000006,E06000034,Thurrock,THURR_7d0b3f7ebab8,20adf1b1dc7c,
England,E12000006,E06000034,Thurrock,THURR_dcbc14eed8d4,41699dce802c,
England,E12000006,E06000034,Thurrock,THURR_f96bbc4b2f92,86df7cdbe7a1,
England,E12000006,E06000034,Thurrock,THURR_f855b32e03d5,ed2453983620,
England,E12000006,E06000034,Thurrock,THURR_ef6c4eb6b84d,f951db488da3,
England,E12000006,E06000034,Thurrock,THURR_77947a00f413,c10e6fb4122e,
England,E12000006,E06000034,Thurrock,THURR_faf6812342bc,b2acc90baf68,
England,E12000006,E06000034,Thurrock,THURR_614f643353a0,38bc1493ac95,
England,E12000006,E06000034,Thurrock,THURR_62f63942921b,b671f57b3ee5,
England,E12000006,E06000034,Thurrock,THURR_518bbf53bc68,ed8f0b12deb1,
England,E12000006,E06000034,Thurrock,THURR_026b1c4f48e4,d4d7b20c7b11,
England,E12000006,E06000034,Thurrock,THURR_8383e7901cba,8f412533642b,
England,E12000006,E06000034,Thurrock,THURR_36f4bfc0733d,0f5b3037d22d,
England,E12000006,E06000034,Thurrock,THURR_07f3a33cf7ab,5d421ac5e82e,
England,E12000006,E06000034,Thurrock,THURR_3d65b926d508,1fc8ae0acee4,
England,E12000006,E06000034,Thurrock,THURR_ba04535aa813,25fb5de506c0,
England,E12000006,E06000034,Thurrock,THURR_360951b0f9ff,5f69ccadf988,
England,E12000006,E06000034,Thurrock,THURR_832f423a62e0,b150f9908986,
England,E12000006,E06000034,Thurrock,THURR_79e651bfd3e0,e8e2d0f64b7a,
England,E12000006,E06000034,Thurrock,THURR_73da632ae322,e49af09a12b8,
England,E12000006,E06000034,Thurrock,THURR_99a358254885,acbd2eb06a50,
England,E12000006,E06000034,Thurrock,THURR_9840b5917f70,a1e67a197e8b,
England,E12000006,E06000034,Thurrock,THURR_6c3a90357e54,cc5c725471d2,
England,E12000006,E06000034,Thurrock,THURR_57c221006882,714a683e679e,
England,E12000006,E06000034,Thurrock,THURR_7f4f98ce74ae,77b62f95e3a9,
England,E12000006,E06000034,Thurrock,THURR_155f45872fb5,183579542535,
England,E12000006,E06000034,Thurrock,THURR_f17792d9f199,80acd1674328,
England,E12000006,E06000034,Thurrock,THURR_dcd2f7ddbc7a,e7b961687edc,
England,E12000006,E06000034,Thurrock,THURR_58bab883bc23,a5ab59f1b60b,
England,E12000006,E06000034,Thurrock,THURR_219db2a915fd,f1afec5983bb,
England,E12000006,E06000034,Thurrock,THURR_73aea5fdf6de,fe60d918e8bd,
England,E12000006,E06000034,Thurrock,THURR_c4b88605bb28,344dd0ffb289,
England,E12000006,E06000034,Thurrock,THURR_2f82414d71e0,c5fd3a2ef0f5,
England,E12000006,E06000034,Thurrock,THURR_7bd2f3c6e9d0,3bba55198251,
England,E12000006,E06000034,Thurrock,THURR_66cd0eb2c106,1f0e9eb91013,
England,E12000006,E06000034,Thurrock,THURR_cde8bf5825be,421f433e9828,
England,E12000006,E06000034,Thurrock,THURR_169449f87ca0,a25de4b03f0e,
England,E12000006,E06000034,Thurrock,THURR_7ad8f239747d,5539621ee6ff,
England,E12000006,E06000034,Thurrock,THURR_0092209b35ca,86c96b185312,
England,E12000006,E06000034,Thurrock,THURR_bff708564e07,95e3c493828b,
England,E12000006,E06000034,Thurrock,THURR_2430b9ea75de,846bf8062d47,
England,E12000006,E06000034,Thurrock,THURR_df29eb00e19c,20bdaac56f91,
England,E12000006,E06000034,Thurrock,THURR_0f7622d1dcb5,07315ee087a2,
England,E12000006,E06000034,Thurrock,THURR_4a3d7f03e21b,eba362788c7d,
England,E12000006,E06000034,Thurrock,THURR_63067637ce59,2e72bd8be848,
England,E12000006,E06000034,Thurrock,THURR_b0d5b1167479,25f4a30e48bc,
England,E12000006,E06000034,Thurrock,THURR_e474386419f0,c85b42bc572e,
England,E12000006,E06000034,Thurrock,THURR_ff442a3c57ff,615f4a3674b6,
England,E12000006,E06000034,Thurrock,THURR_d6fd2a0e26cb,1de1ea340318,
England,E12000006,E06000034,Thurrock,THURR_64ed9e0e203e,8ef782b80090,
England,E12000006,E06000034,Thurrock,THURR_147d0b8bbfe6,26e0074dd4b5,
England,E12000006,E06000034,Thurrock,THURR_dfc703303936,18fa68612aad,
England,E12000006,E06000034,Thurrock,THURR_f7f6ec7a8d8e,a304606331cd,
England,E12000006,E06000034,Thurrock,THURR_1ba6db645f03,be419466002b,
England,E12000006,E06000034,Thurrock,THURR_b131e6285737,a66c16857ff0,
England,E12000006,E06000034,Thurrock,THURR_a501525c475a,1028357c807e,
England,E12000006,E06000034,Thurrock,THURR_1af4c9516eff,c50b6d7d4748,
England,E12000006,E06000034,Thurrock,THURR_5cbedb853726,5cf31fd9408a,
England,E12000006,E06000034,Thurrock,THURR_3bab3c934d46,9468f59c455f,
England,E12000006,E06000034,Thurrock,THURR_09db4aee293d,096a465b1250,
England,E12000006,E06000034,Thurrock,THURR_526a4f4e01b1,242118e81881,
England,E12000006,E06000034,Thurrock,THURR_9d58e41e24e2,645f0e1c72d5,
England,E12000006,E06000034,Thurrock,THURR_c5941aa18068,18c804fdf545,
England,E12000006,E06000034,Thurrock,THURR_245abc160e6e,268fd2ccbef8,
England,E12000006,E06000034,Thurrock,THURR_ed12e55417d3,5797a776ed3e,
England,E12000006,E06000034,Thurrock,THURR_f2e6d96f6288,4db58037c1e6,
England,E12000006,E06000034,Thurrock,THURR_60eda54ae011,b4f09591db75,
England,E12000006,E06000034,Thurrock,THURR_abcea726a2a4,f2dc08957c73,
England,E12000006,E06000034,Thurrock,THURR_f1cc05e1a609,bf0ab3a5b4c8,
England,E12000006,E06000034,Thurrock,THURR_7112042d414f,b572fd61e485,
England,E12000006,E06000034,Thurrock,THURR_2bd9c4a1ec0e,db3d1a79ffbf,
England,E12000006,E06000034,Thurrock,THURR_3aaecfcce3a3,dfc70c826d5f,
England,E12000006,E06000034,Thurrock,THURR_d3524c81fd6c,a0d8f0b852a7,
England,E12000006,E06000034,Thurrock,THURR_be3794163727,1f9c72b1773a,
England,E12000006,E06000034,Thurrock,THURR_f4c0a9b63073,3d0f856ca412,
England,E12000006,E06000034,Thurrock,THURR_6558b07e8876,d25b052c5e6e,
England,E12000006,E06000034,Thurrock,THURR_702fc951c36a,3badf6dae665,
England,E12000006,E06000034,Thurrock,THURR_79af28576d19,17e917721608,
England,E12000006,E06000034,Thurrock,THURR_2b4701583e2c,6460199c80bb,
England,E12000006,E06000034,Thurrock,THURR_1d0af6a547bf,a9a3e17170ae,
England,E12000006,E06000034,Thurrock,THURR_9b44bda6776a,d54dc965a71b,
England,E12000006,E06000034,Thurrock,THURR_029176b27bc3,31449d59d5a4,
England,E12000006,E06000034,Thurrock,THURR_170434f67db0,997aa96d20d2,
England,E12000006,E06000034,Thurrock,THURR_439eeb5f45ab,c67c3631813e,
England,E12000006,E06000034,Thurrock,THURR_c8671d556634,70d8c4994fcb,
England,E12000006,E06000034,Thurrock,THURR_af6ac7900c64,3fb7a5ba3024,
England,E12000006,E06000034,Thurrock,THURR_e866922c45a7,d27a7670ac0e,
England,E12000006,E06000034,Thurrock,THURR_b73ce2e6c41d,91d68336677a,
England,E12000006,E06000034,Thurrock,THURR_d3c58218d6ed,02f3e0a07e08,
England,E12000006,E06000034,Thurrock,THURR_e25a13f41c26,e7771fa1fbab,
England,E12000006,E06000034,Thurrock,THURR_4fe0865fe2a8,7eed9e75a76c,
England,E12000006,E06000034,Thurrock,THURR_057e3e0152f0,6d52bb263cf4,
England,E12000006,E06000034,Thurrock,THURR_d983961bf7dc,73a77dc4c6e3,
England,E12000006,E06000034,Thurrock,THURR_5e85aad36e62,abcca4748a43,
England,E12000006,E06000034,Thurrock,THURR_f6705be947b2,00975be4bb0b,
England,E12000006,E06000034,Thurrock,THURR_b2323c9c5393,073a926e3146,
England,E12000006,E06000034,Thurrock,THURR_45693627fbfc,104924ab675a,
England,E12000006,E06000034,Thurrock,THURR_e4b810b06ff5,e252aff56041,
England,E12000006,E06000034,Thurrock,THURR_3398ee7613a9,83da50ab9e37,
England,E12000006,E06000034,Thurrock,THURR_60d80006b7b2,c7b173f2d435,
England,E12000006,E06000034,Thurrock,THURR_b0175f1569af,598bb11c1a1e,
England,E12000006,E06000034,Thurrock,THURR_7f60bbe85d9b,3ca0671b8050,
England,E12000006,E06000034,Thurrock,THURR_f561f368d62f,3fba338e8367,
England,E12000006,E06000034,Thurrock,THURR_8cf7c9132a4c,135cd00639e1,
England,E12000006,E06000034,Thurrock,THURR_c40bd9f049a0,68ea7eb6c2c9,
England,E12000006,E06000034,Thurrock,THURR_5302d900881c,9fe60aa3f1c9,
England,E12000006,E06000034,Thurrock,THURR_2df7e608c45b,28d13911b814,
England,E12000006,E06000034,Thurrock,THURR_f3798edb0921,338f249723b9,
England,E12000006,E06000034,Thurrock,THURR_8af916836229,38e109a2cbf6,
England,E12000006,E06000034,Thurrock,THURR_b9896b742797,5b9209bc127f,
England,E12000006,E06000034,Thurrock,THURR_76f8dd417f19,7a4d62d242cf,
England,E12000006,E06000034,Thurrock,THURR_bade5b29a64d,ff2f92f3e005,
England,E12000006,E06000034,Thurrock,THURR_de2ecc53c10a,18ed4f56695e,
England,E12000006,E06000034,Thurrock,THURR_4391d108af0d,825eeacf886a,
England,E12000006,E06000034,Thurrock,THURR_063a8a4d3cf8,52385aa29a5f,
England,E12000006,E06000034,Thurrock,THURR_65105afbf37c,d41c815a6a91,
England,E12000006,E06000034,Thurrock,THURR_0d4b171f2232,8795a5dea203,
England,E12000006,E06000034,Thurrock,THURR_f08bfe07220b,19c33bd75c51,
England,E12000006,E06000034,Thurrock,THURR_c8d2524ca0d2,a0a71dbc34f6,
England,E12000006,E06000034,Thurrock,THURR_f351899cf813,b99632092ed3,
England,E12000006,E06000034,Thurrock,THURR_203b5160e232,fcfbbd8e4857,
England,E12000006,E06000034,Thurrock,THURR_287138deb0dc,f2cde3f02017,
England,E12000006,E06000034,Thurrock,THURR_517d9be362a3,82c5351cbff5,
England,E12000006,E06000034,Thurrock,THURR_b97b26d210b2,5745a244b471,
England,E12000006,E06000034,Thurrock,THURR_b8bd70c69184,e83ba97b023c,
England,E12000006,E06000034,Thurrock,THURR_e6b027a30dda,9866609265d5,
England,E12000006,E06000034,Thurrock,THURR_4c090eb81713,dcf250605308,
England,E12000006,E06000034,Thurrock,THURR_e25715b2d4ef,64695f61fe1b,
England,E12000006,E06000034,Thurrock,THURR_eec48395cd91,cc7005cfabd7,
England,E12000006,E06000034,Thurrock,THURR_70c51597f095,ffb3b0c88db6,
England,E12000006,E06000034,Thurrock,THURR_5cea773a0553,455fc08bfa85,
England,E12000006,E06000034,Thurrock,THURR_4ddffcdf566a,0cc737a8500f,
England,E12000006,E06000034,Thurrock,THURR_c965977712cd,2bd86048ede6,
England,E12000006,E06000034,Thurrock,THURR_aade131f51d5,1922519cb266,
England,E12000006,E06000034,Thurrock,THURR_6f89070a901d,b3aa3f11bc9e,
England,E12000006,E06000034,Thurrock,THURR_a74dc58cbd5b,c0a7a6dc1206,
England,E12000006,E06000034,Thurrock,THURR_a5fb60a75dc0,c017fe0c9b06,
England,E12000006,E06000034,Thurrock,THURR_3c7a1252d728,d99abf93e4be,
England,E12000006,E06000034,Thurrock,THURR_1ebe3597f235,50b7c9099e28,
England,E12000006,E06000034,Thurrock,THURR_c475bf81ffec,cf721994e7c9,
England,E12000006,E06000034,Thurrock,THURR_088efe1e4d5c,d589aac3870d,
England,E12000006,E06000034,Thurrock,THURR_e75d6bb0e797,22b788e8d196,
England,E12000006,E06000034,Thurrock,THURR_4c30e684c212,d80277103e1a,
England,E12000006,E06000034,Thurrock,THURR_b810f37e1123,f355e2e57db0,
England,E12000006,E06000034,Thurrock,THURR_3577ad3b5e2d,cbfeaffd3382,
England,E12000006,E06000034,Thurrock,THURR_99ef222bb3a5,d61766a1b79c,
England,E12000006,E06000034,Thurrock,THURR_db9f59cb9faa,b197677f0436,
England,E12000006,E06000034,Thurrock,THURR_d91751852e25,3c9c8e623f1e,
England,E12000006,E06000034,Thurrock,THURR_106d3e4fb48d,4be4c40773dc,
England,E12000006,E06000034,Thurrock,THURR_2043423ecf4c,55d54c7390b2,
England,E12000006,E06000034,Thurrock,THURR_422618504230,cddacc6d9795,
England,E12000006,E06000034,Thurrock,THURR_fd26df3a768f,10003021daab,
England,E12000006,E06000034,Thurrock,THURR_a74dcd6b7df9,5a0d5b1b0ef6,
England,E12000006,E06000034,Thurrock,THURR_6fc0d10a0f3f,ed2cbf4695e4,
England,E12000006,E06000034,Thurrock,THURR_ba9c6562b4e9,408358eb197c,
England,E12000006,E06000034,Thurrock,THURR_7fcf680d84e8,af41a23f3549,
England,E12000006,E06000034,Thurrock,THURR_42e9f8300601,7e1727efce8b,
England,E12000006,E06000034,Thurrock,THURR_83cb0fab8647,cb8d94c4b168,
England,E12000006,E06000034,Thurrock,THURR_d4f8de5e6b89,6913d7a1aeb4,
England,E12000006,E06000034,Thurrock,THURR_16f75037de5c,b4ce57195acf,
England,E12000006,E06000034,Thurrock,THURR_e36da75dfdb9,acf1dba1f1ad,
England,E12000006,E06000034,Thurrock,THURR_5957bdb04580,a314c1f96f54,
England,E12000006,E06000034,Thurrock,THURR_92a263484e29,f1c5c0b71cdc,
England,E12000006,E06000034,Thurrock,THURR_08db21e2e7a9,a3df750dc16c,
England,E12000006,E06000034,Thurrock,THURR_072f6f58e5ac,9dc50ba161c6,
England,E12000006,E06000034,Thurrock,THURR_aea272f8e938,00b430ac92c8,
England,E12000006,E06000034,Thurrock,THURR_8a66c4ea5e3a,7870e7024b56,
England,E12000006,E06000034,Thurrock,THURR_3a1b75e65be3,718dd0fcf715,
England,E12000006,E06000034,Thurrock,THURR_ffb1202ad161,ac4930c1cd74,
England,E12000006,E06000034,Thurrock,THURR_57fd8321d294,c80faaf35cee,
England,E12000006,E06000034,Thurrock,THURR_cf2f2294d0cd,d101ae4c07ec,
England,E12000006,E06000034,Thurrock,THURR_790dbfc5f0ca,3c7ec83b2006,
England,E12000006,E06000034,Thurrock,THURR_158aecb9176f,a7e19f28c89f,
England,E12000006,E06000034,Thurrock,THURR_969e1eff4f47,4bfa9aeb5808,
England,E12000006,E06000034,Thurrock,THURR_0f79496996c6,607850ce889d,
England,E12000006,E06000034,Thurrock,THURR_c86910ed87d4,fdc80b140ceb,
England,E12000006,E06000034,Thurrock,THURR_808bfb60142d,a1195b228f09,
England,E12000006,E06000034,Thurrock,THURR_819d93000f68,27347979f132,
England,E12000006,E06000034,Thurrock,THURR_59d637117883,d530d40e0086,
England,E12000006,E06000034,Thurrock,THURR_e832e986bc4d,a287638a0481,
England,E12000006,E06000034,Thurrock,THURR_56a81aa5134d,34bd33966724,
England,E12000006,E06000034,Thurrock,THURR_7588eb80715e,983fc1de8d48,
England,E12000006,E06000034,Thurrock,THURR_f725c630dbb1,33a62a04c37a,
England,E12000006,E06000034,Thurrock,THURR_142100bfc464,022a42f3f0e3,
England,E12000006,E06000034,Thurrock,THURR_dec5457d430f,e046681dde2b,
England,E12000006,E06000034,Thurrock,THURR_057295a3a953,b6a5205d6202,
England,E12000006,E06000034,Thurrock,THURR_7cfc353127a7,8a8a740124b1,
England,E12000006,E06000034,Thurrock,THURR_345d5bc21d51,bb6359318b07,
England,E12000006,E06000034,Thurrock,THURR_d380475e6697,ad482e77a35a,
England,E12000006,E06000034,Thurrock,THURR_88d209b77402,a81f54e112d0,
England,E12000006,E06000034,Thurrock,THURR_e7f01372ffb7,b983f3758fe1,
England,E12000006,E06000034,Thurrock,THURR_ce331abf9812,95ca8ef2bdea,
England,E12000006,E06000034,Thurrock,THURR_c2c2a645ec63,0fdd94aceb90,
England,E12000006,E06000034,Thurrock,THURR_744911beb47d,473c0406df8e,
England,E12000006,E06000034,Thurrock,THURR_8a40183bf8f8,e97d79466d1c,
England,E12000006,E06000034,Thurrock,THURR_83b5a08a7652,89b1001ed444,
England,E12000006,E06000034,Thurrock,THURR_dac96a5c86b4,9321c1323752,
England,E12000006,E06000034,Thurrock,THURR_ac3ef0992a3d,1624ccca031b,
England,E12000006,E06000034,Thurrock,THURR_d3b0d1d7afcf,ffce5b7a9f4f,
England,E12000006,E06000034,Thurrock,THURR_e913b48c6ed3,02d8cf0b9ab1,
England,E12000006,E06000034,Thurrock,THURR_f7a8060ce1dc,c916702dd7c9,
England,E12000006,E06000034,Thurrock,THURR_0fbef2a48435,13963731e571,
England,E12000006,E06000034,Thurrock,THURR_6257cc83a7c7,99348ec6a5a8,
England,E12000006,E06000034,Thurrock,THURR_158b15f596c9,24a686bc1d6c,
England,E12000006,E06000034,Thurrock,THURR_da492d9c3aee,516be5428a21,
England,E12000006,E06000034,Thurrock,THURR_19f5476c141a,1f60f6c104a4,
England,E12000006,E06000034,Thurrock,THURR_c158848c2980,98830f9e112d,
England,E12000006,E06000034,Thurrock,THURR_602c5895a0c5,dfdc4b705df8,
England,E12000006,E06000034,Thurrock,THURR_bcb9c01dbf5f,9ff7c709d398,
England,E12000006,E06000034,Thurrock,THURR_0f4403467466,1954c6ed4943,
England,E12000006,E06000034,Thurrock,THURR_db0e9c69da02,363c4796274b,
England,E12000006,E06000034,Thurrock,THURR_afccfad220eb,1821532ea65d,
England,E12000006,E06000034,Thurrock,THURR_8f333b7ceec3,6a99afc1bfe2,
England,E12000006,E06000034,Thurrock,THURR_a84eaad84299,174ac08718a6,
England,E12000006,E06000034,Thurrock,THURR_b9dbe2248400,c30a60bec215,
England,E12000006,E06000034,Thurrock,THURR_daee2911588f,8b3d30daa646,
England,E12000006,E06000034,Thurrock,THURR_f096f8de9e83,13784a799fd3,
England,E12000006,E06000034,Thurrock,THURR_dedcd3fbd897,12932abd0698,
England,E12000006,E06000034,Thurrock,THURR_43dac93fd503,dd67ad9b772b,
England,E12000006,E06000034,Thurrock,THURR_fc92f52f89d9,4e58655e4c80,
England,E12000006,E06000034,Thurrock,THURR_96b2f687db21,7b4b1e48a3fb,
England,E12000006,E06000034,Thurrock,THURR_4b7172bd10dc,7739c0b427fd,
England,E12000006,E06000034,Thurrock,THURR_2448a4bd2204,278ac87a15f5,
England,E12000006,E06000034,Thurrock,THURR_99c037ab8f7c,1ee885beea75,
England,E12000006,E06000034,Thurrock,THURR_375438e3b5e8,11f923188fbf,
England,E12000006,E06000034,Thurrock,THURR_bd0a6b928364,66c110f8e8a5,
England,E12000006,E06000034,Thurrock,THURR_080a9786f0c7,61fe5b981fa3,
England,E12000006,E06000034,Thurrock,THURR_04e8b2d424dd,e53deca24fc2,
England,E12000006,E06000034,Thurrock,THURR_d8a90f14c9ea,31c2ae32b9db,
England,E12000006,E06000034,Thurrock,THURR_c433ce1d69cd,0de82c2a18aa,
England,E12000006,E06000034,Thurrock,THURR_dd9a6d416c8a,47ef467850d2,
England,E12000006,E06000034,Thurrock,THURR_509125d89fb7,39896404d8db,
England,E12000006,E06000034,Thurrock,THURR_419e826622dc,7645b71f7007,
England,E12000006,E06000034,Thurrock,THURR_a757bdd20df6,e2fcc2b86faf,
England,E12000006,E06000034,Thurrock,THURR_b59c40a7319f,d127d237fd13,
England,E12000006,E06000034,Thurrock,THURR_90b9d4a2511d,01cd13cedb55,
England,E12000006,E06000034,Thurrock,THURR_494217fa1262,ebb2e7fe6b86,
England,E12000006,E06000034,Thurrock,THURR_b256a418d6ed,7152184de462,
England,E12000006,E06000034,Thurrock,THURR_8d06157dd4f0,098d072f3e82,
England,E12000006,E06000034,Thurrock,THURR_0bd00a537040,7339a9d77fed,
England,E12000006,E06000034,Thurrock,THURR_0072b15bfe85,1819ce692d4a,
England,E12000006,E06000034,Thurrock,THURR_a8adc8c946f8,4e9d906d9d8c,
England,E12000006,E06000034,Thurrock,THURR_4177552457bb,9552d77901ff,
England,E12000006,E06000034,Thurrock,THURR_cfe80fcf7316,7ccb2aceb619,
England,E12000006,E06000034,Thurrock,THURR_f79f18bdef28,8c35fca67bb6,
England,E12000006,E06000034,Thurrock,THURR_8b06a2dd7755,34013890c637,
England,E12000006,E06000034,Thurrock,THURR_fd1e01765608,2edf9789dc3e,
England,E12000006,E06000034,Thurrock,THURR_e69df8064c85,3f520f52b391,
England,E12000006,E06000034,Thurrock,THURR_6027f3b73c54,f429c54300d4,
England,E12000006,E06000034,Thurrock,THURR_d70fdc07587f,51a779fdb21b,
England,E12000006,E06000034,Thurrock,THURR_1e40bcb50e63,e8225b746dce,
England,E12000006,E06000034,Thurrock,THURR_6278ed831c83,9c38e6839eda,
England,E12000006,E06000034,Thurrock,THURR_0d05d3121dd3,888fd4ccbec7,
England,E12000006,E06000034,Thurrock,THURR_a78554cc41c8,bafd661ad48a,
England,E12000006,E06000034,Thurrock,THURR_809131482d8d,4e51b879cfc1,
England,E12000006,E06000034,Thurrock,THURR_7ddb8f40c09e,707c471a6d85,
England,E12000006,E06000034,Thurrock,THURR_b01cee4a36fa,592b4bc89b2a,
England,E12000006,E06000034,Thurrock,THURR_a16b360e1600,508adbf088b9,
England,E12000006,E06000034,Thurrock,THURR_703d317439ea,94eaf0041293,
England,E12000006,E06000034,Thurrock,THURR_3f9370736cd5,d028f1c63027,
England,E12000006,E06000034,Thurrock,THURR_519b978d1583,9482997fd418,
England,E12000006,E06000034,Thurrock,THURR_148b9dce860f,98f1ec0e9ca3,
England,E12000006,E06000034,Thurrock,THURR_85cb25b5ac67,02d857589ab0,
England,E12000006,E06000034,Thurrock,THURR_4944f5627baa,b9741d863a16,
England,E12000006,E06000034,Thurrock,THURR_376171a0c460,a01754ec2eeb,
England,E12000006,E06000034,Thurrock,THURR_ba985d41a5af,2fa58b470796,
England,E12000006,E06000034,Thurrock,THURR_add403d09126,1c006d30a78d,
England,E12000006,E06000034,Thurrock,THURR_82eef1487549,f6669131b573,
England,E12000006,E06000034,Thurrock,THURR_7ab8cc2387f9,6e5ad9dbadf2,
England,E12000006,E06000034,Thurrock,THURR_736d5256303b,7d4026ad848f,
England,E12000006,E06000034,Thurrock,THURR_0c6aa3e298f8,264c322b7444,
England,E12000006,E06000034,Thurrock,THURR_d98caae8fdaa,a2be19473e9d,
England,E12000006,E06000034,Thurrock,THURR_de5b441665a5,45250d9bf26b,
England,E12000006,E06000034,Thurrock,THURR_91298c948144,63e880518a43,
England,E12000006,E06000034,Thurrock,THURR_80dad4cd8455,81f05de9cf51,
England,E12000006,E06000034,Thurrock,THURR_f4f99cabf028,43d5ab79eca6,
England,E12000006,E06000034,Thurrock,THURR_e942aca8ad41,19c4e81804bc,
England,E12000006,E06000034,Thurrock,THURR_a36ab5fc71f4,b21954840429,
England,E12000006,E06000034,Thurrock,THURR_132692a721d8,12cc287f9cc4,
England,E12000006,E06000034,Thurrock,THURR_d827e7bbab37,982a033eefb2,
England,E12000006,E06000034,Thurrock,THURR_95376859f3fa,03f528aa8a82,
England,E12000006,E06000034,Thurrock,THURR_d92aa33ccbe6,96cf42383413,
England,E12000006,E06000034,Thurrock,THURR_a3699f649789,4d89784592bb,
England,E12000006,E06000034,Thurrock,THURR_965b066ba0ce,9f7489ab95d0,
England,E12000006,E06000034,Thurrock,THURR_258fef44d743,3fae2025e760,
England,E12000006,E06000034,Thurrock,THURR_83f99c241081,8388ad8dcb38,
England,E12000006,E06000034,Thurrock,THURR_a0d32cea321b,329880431959,
England,E12000006,E06000034,Thurrock,THURR_2708fbb17a97,f3ef68d5893b,
England,E12000006,E06000034,Thurrock,THURR_12a2ee1502e5,d4d6a441281f,
England,E12000006,E06000034,Thurrock,THURR_20b8765e2b58,48441b6fa8f5,
England,E12000006,E06000034,Thurrock,THURR_e0bc83495628,ae0ab707be61,
England,E12000006,E06000034,Thurrock,THURR_42a926acd2c2,929a11fb26a5,
England,E12000006,E06000034,Thurrock,THURR_12aeba5f6780,2d33fa289bc7,
England,E12000006,E06000034,Thurrock,THURR_57a1b923f699,9595dd2eac49,
England,E12000006,E06000034,Thurrock,THURR_e890c9075814,6bddd14f273e,
England,E12000006,E06000034,Thurrock,THURR_31cde30227ac,3576f4ed8e28,
England,E12000006,E06000034,Thurrock,THURR_2cb449878ed1,92c9df74f31a,
England,E12000006,E06000034,Thurrock,THURR_2216c2d7e209,bbf4f1d4e479,
England,E12000006,E06000034,Thurrock,THURR_a5f66084007d,52a9f31601f0,
England,E12000006,E06000034,Thurrock,THURR_fc3ec84c8d07,dd0cdd91ad2e,
England,E12000006,E06000034,Thurrock,THURR_4b6d3415cc96,0e6a0d355bab,
England,E12000006,E06000034,Thurrock,THURR_92f62bebb136,3cb86034328c,
England,E12000006,E06000034,Thurrock,THURR_edb5e80b4537,69b854e2ad7b,
England,E12000006,E06000034,Thurrock,THURR_e20d4dc0c36e,d5e4f8e91b4a,
England,E12000006,E06000034,Thurrock,THURR_dcf04b8a4b87,fa44753472a5,
England,E12000006,E06000034,Thurrock,THURR_739750eac6eb,69ef61c96ff2,
England,E12000006,E06000034,Thurrock,THURR_8b9a5f27dc8b,62f14f8d189b,
England,E12000006,E06000034,Thurrock,THURR_158cd1bcb9ea,cba8f138517e,
England,E12000006,E06000034,Thurrock,THURR_f07e118990ad,7801332246a5,
England,E12000006,E06000034,Thurrock,THURR_cc9a45b7699e,10658abcfcc1,
England,E12000006,E06000034,Thurrock,THURR_d52f4d5c63a9,daa79d720706,
England,E12000006,E06000034,Thurrock,THURR_88586e7d23bc,5ce98e2f7603,
England,E12000006,E06000034,Thurrock,THURR_e2d687ef5948,8ec5607cb1b3,
England,E12000006,E06000034,Thurrock,THURR_f25b36f0ddac,236282edd6b7,
England,E12000006,E06000034,Thurrock,THURR_637ff32f73db,af0491a535cf,
England,E12000006,E06000034,Thurrock,THURR_9363cb9f9cc1,a3034af9c77d,
England,E12000006,E06000034,Thurrock,THURR_e3de6dbe81c3,495291b76a0d,
England,E12000006,E06000034,Thurrock,THURR_0d7af8506227,d0f55e480dce,
England,E12000006,E06000034,Thurrock,THURR_4711aac6e921,903287135b15,
England,E12000006,E06000034,Thurrock,THURR_7b11acbcb565,e377d6f117c7,
England,E12000006,E06000034,Thurrock,THURR_b5f49c26d063,8e9daf56b7fb,
England,E12000006,E06000034,Thurrock,THURR_b4263c0ac250,79d5aff99c58,
England,E12000006,E06000034,Thurrock,THURR_1be55ae1461f,a504914f095a,
England,E12000006,E06000034,Thurrock,THURR_700ead231f38,2a0cfcdbbc2d,
England,E12000006,E06000034,Thurrock,THURR_eaa221ff5744,f901dd91c5aa,
England,E12000006,E06000034,Thurrock,THURR_ecb6e55afaf6,79bf578bf2fb,
England,E12000006,E06000034,Thurrock,THURR_1bf726c7c1f0,b65d3544e04e,
England,E12000006,E06000034,Thurrock,THURR_56fc07d94a66,35db1e2bcab7,
England,E12000006,E06000034,Thurrock,THURR_f61fcdead099,d94e976082f8,
England,E12000006,E06000034,Thurrock,THURR_489b2c874847,a0bce120fe7a,
England,E12000006,E06000034,Thurrock,THURR_f1b7599aa13a,2876635e789d,
England,E12000006,E06000034,Thurrock,THURR_949e8d5285a6,bca6f363fdbf,
England,E12000006,E06000034,Thurrock,THURR_0400b0f0aa5d,761d532c625f,
England,E12000006,E06000034,Thurrock,THURR_4b277c59f4ff,6d2eb4734ca5,
England,E12000006,E06000034,Thurrock,THURR_4238f8fe5ffb,6b7529fcca33,
England,E12000006,E06000034,Thurrock,THURR_0ea8a004cdfa,cff8482920bd,
England,E12000006,E06000034,Thurrock,THURR_6e47ee26638f,63b04d44e16d,
England,E12000006,E06000034,Thurrock,THURR_8f6cb680b88a,1271e4f5908a,
England,E12000006,E06000034,Thurrock,THURR_1a43171d2350,f8df64a2a0c1,
England,E12000006,E06000034,Thurrock,THURR_0ca0dea1a0dd,be941b7bfafb,
England,E12000006,E06000034,Thurrock,THURR_3c6b6d2a2fb8,7258e641d208,
England,E12000006,E06000034,Thurrock,THURR_7de50cc891ca,d5332007bb92,
England,E12000006,E06000034,Thurrock,THURR_057ea9ed567d,1908145251b3,
England,E12000006,E06000034,Thurrock,THURR_71306028b180,242d48fcab3f,
England,E12000006,E06000034,Thurrock,THURR_57bfe1b29f4d,e5743ecb0060,
England,E12000006,E06000034,Thurrock,THURR_9a5a7c7c8fea,0d3898269aa5,
England,E12000006,E06000034,Thurrock,THURR_fb3b87020ced,a62d847a61a9,
England,E12000006,E06000034,Thurrock,THURR_4617327a0dab,02cf224855ac,
England,E12000006,E06000034,Thurrock,THURR_72b2048bea8f,5ba366947a8a,
England,E12000006,E06000034,Thurrock,THURR_323688576066,7a99abcf3db2,
England,E12000006,E06000034,Thurrock,THURR_01770bd1dc8a,a8b8fdca7918,
England,E12000006,E06000034,Thurrock,THURR_53b5c7af6135,ddb906362e65,
England,E12000006,E06000034,Thurrock,THURR_3aae8b6b2310,3be88a4e7098,
England,E12000006,E06000034,Thurrock,THURR_5ed411898245,f81e156c6793,
England,E12000006,E06000034,Thurrock,THURR_81fac8cd5d6a,c3f1599af89a,
England,E12000006,E06000034,Thurrock,THURR_be2ef0efea58,cc884800b547,
England,E12000006,E06000034,Thurrock,THURR_203db0861321,f326b893e295,
England,E12000006,E06000034,Thurrock,THURR_68b80d3d6167,ecb114c8ca1a,
England,E12000006,E06000034,Thurrock,THURR_4b9596678f52,e4f8d0a51d35,
England,E12000006,E06000034,Thurrock,THURR_35afb575f2b1,5b071a2276b4,
England,E12000006,E06000034,Thurrock,THURR_5a019d19fc31,226b0b615125,
England,E12000006,E06000034,Thurrock,THURR_417f33417a5c,750f400cd2df,
England,E12000006,E06000034,Thurrock,THURR_837b4138fe63,60ebdfe90544,
England,E12000006,E06000034,Thurrock,THURR_f7cce0935707,ce3d2ebb8612,
England,E12000006,E06000034,Thurrock,THURR_f890604a8f50,44013e3727fb,
England,E12000006,E06000034,Thurrock,THURR_e1831b2b971f,0d46db2d4436,
England,E12000006,E06000034,Thurrock,THURR_c46fcbf74f72,876cabee88e9,
England,E12000006,E06000034,Thurrock,THURR_52d10b9eaa33,63dd892a537c,
England,E12000006,E06000034,Thurrock,THURR_f63bc6d5f2f4,ca1b390a1f06,
England,E12000006,E06000034,Thurrock,THURR_c6b30a7d1856,b0a1e3035166,
England,E12000006,E06000034,Thurrock,THURR_6c24276132c3,b9fa5d7b96f2,
England,E12000006,E06000034,Thurrock,THURR_310b7000f0c3,49630b94989b,
England,E12000006,E06000034,Thurrock,THURR_df1887d4bd58,d13c53c697f0,
England,E12000006,E06000034,Thurrock,THURR_d50a30f45d4a,9e65815a807d,
England,E12000006,E06000034,Thurrock,THURR_9e897524fa1e,a1656a24caa0,
England,E12000006,E06000034,Thurrock,THURR_7849ac5998b4,175e7d727a55,
England,E12000006,E06000034,Thurrock,THURR_229c0728ccfc,8db2073038f1,
England,E12000006,E06000034,Thurrock,THURR_d5ba34a6b09f,a1c36f50ffc4,
England,E12000006,E06000034,Thurrock,THURR_1a6a586586b7,76e1d4e0ecef,
England,E12000006,E06000034,Thurrock,THURR_0d4f19bf6052,ad36c73c1bf8,
England,E12000006,E06000034,Thurrock,THURR_6f660130aef4,a909290ead70,
England,E12000006,E06000034,Thurrock,THURR_2766a88d0f2b,7ec19abd3c11,
England,E12000006,E06000034,Thurrock,THURR_e9a563801e32,5ed2be1f61fa,
England,E12000006,E06000034,Thurrock,THURR_935bad66ce08,ce51923cddac,
England,E12000006,E06000034,Thurrock,THURR_a797b56631a5,04339763a653,
England,E12000006,E06000034,Thurrock,THURR_4c0a0293131e,46e507952a3c,
England,E12000006,E06000034,Thurrock,THURR_30ac1253af61,0721c08d44c7,
England,E12000006,E06000034,Thurrock,THURR_e91a4b3dc490,dbd7719890c3,
England,E12000006,E06000034,Thurrock,THURR_e29c9d3fadfd,ef81ad927c51,
England,E12000006,E06000034,Thurrock,THURR_88c653fe0983,708886a7770e,
England,E12000006,E06000034,Thurrock,THURR_5b8abac40ace,cee8a1efd608,
England,E12000006,E06000034,Thurrock,THURR_1daff58f892e,bbd4fb9a65f9,
England,E12000006,E06000034,Thurrock,THURR_ee4bfee10e84,568421c47c30,
England,E12000006,E06000034,Thurrock,THURR_b0d09f52fc20,7cd824c0f503,
England,E12000006,E06000034,Thurrock,THURR_8e51e6f0ce95,0cb764c3e9f1,
England,E12000006,E06000034,Thurrock,THURR_52d766fd4c73,09d8ecbd8eed,
England,E12000006,E06000034,Thurrock,THURR_f67abe7d2d53,17a83d9c6589,
England,E12000006,E06000034,Thurrock,THURR_50995b5c7951,2a12bfb5cdb7,
England,E12000006,E06000034,Thurrock,THURR_414581008025,6fe93202be1e,
England,E12000006,E06000034,Thurrock,THURR_b231ff31c30d,097a78d34fa7,
England,E12000006,E06000034,Thurrock,THURR_42b618789488,4f2b74646d97,
England,E12000006,E06000034,Thurrock,THURR_e92e2586ba35,fbe88c1249b1,
England,E12000006,E06000034,Thurrock,THURR_26bf5b415089,4e0ec7ec1c04,
England,E12000006,E06000034,Thurrock,THURR_0e65c0ffda88,26927b5fdc7e,
England,E12000006,E06000034,Thurrock,THURR_ed6f33df0b08,6c3f43f69dac,
England,E12000006,E06000034,Thurrock,THURR_94717403a169,256b775c5afe,
England,E12000006,E06000034,Thurrock,THURR_c89e111c7378,1ffeebca51c5,
England,E12000006,E06000034,Thurrock,THURR_22faea82b2d7,d4f8f06582d6,
England,E12000006,E06000034,Thurrock,THURR_92c0c40c459f,e51cc5e2174b,
England,E12000006,E06000034,Thurrock,THURR_126d8c9eb0c2,53aa617ffd9b,
England,E12000006,E06000034,Thurrock,THURR_45a7fbf4d25b,f326254ec6b5,
England,E12000006,E06000034,Thurrock,THURR_ac9ab70a1872,335f882c6981,
England,E12000006,E06000034,Thurrock,THURR_9e40d7ed9e0a,74558d4a9686,
England,E12000006,E06000034,Thurrock,THURR_4d34d0bf8dbb,8d36eaa062ea,
England,E12000006,E06000034,Thurrock,THURR_c35e5661e5a8,35f47c64e39f,
England,E12000006,E06000034,Thurrock,THURR_c391ebef820e,99d69fc06403,
England,E12000006,E06000034,Thurrock,THURR_491619206bf3,8f74839eebf0,
England,E12000006,E06000034,Thurrock,THURR_06aebc08e8df,42694ec40dc7,
England,E12000006,E06000034,Thurrock,THURR_4ffce9795777,b8924fec88ba,
England,E12000006,E06000034,Thurrock,THURR_6d3467b14dec,fd7490190b33,
England,E12000006,E06000034,Thurrock,THURR_b9b923803488,0b439b7b7ba4,
England,E12000006,E06000034,Thurrock,THURR_f50b50919fae,b9feb54467ff,
England,E12000006,E06000034,Thurrock,THURR_f0a57c7a1dd0,1a7182ef8225,
England,E12000006,E06000034,Thurrock,THURR_39fe8c6e686e,eb20f565fbc1,
England,E12000006,E06000034,Thurrock,THURR_d1dd4b128001,b4efc316e879,
England,E12000006,E06000034,Thurrock,THURR_ed7e98421676,75bb649e0299,
England,E12000006,E06000034,Thurrock,THURR_656aab2119c8,5de6f61eec58,
England,E12000006,E06000034,Thurrock,THURR_9f0dbdf1c9ed,86effe785b34,
England,E12000006,E06000034,Thurrock,THURR_ae6469f0fe61,c2311d5d95e2,
England,E12000006,E06000034,Thurrock,THURR_dde9d56558b3,c4f83a47cb1d,
England,E12000006,E06000034,Thurrock,THURR_441fe88b5fc6,db618fbe059b,
England,E12000006,E06000034,Thurrock,THURR_8473720f7c12,45fc3726e11c,
England,E12000006,E06000034,Thurrock,THURR_afc019935972,fe90b681aac5,
England,E12000006,E06000034,Thurrock,THURR_eccb6329ebca,13cbe40e66f8,
England,E12000006,E06000034,Thurrock,THURR_79d478cabcc0,fc90b41a15c3,
England,E12000006,E06000034,Thurrock,THURR_2209b41274fa,7cd5d525c7fc,
England,E12000006,E06000034,Thurrock,THURR_d1839e832689,cd1e8b994514,
England,E12000006,E06000034,Thurrock,THURR_4310f3c677f0,1790b4aeb3a5,
England,E12000006,E06000034,Thurrock,THURR_0aa51ee83751,d40815143691,
England,E12000006,E06000034,Thurrock,THURR_33dfe40edc54,c532de99e0bf,
England,E12000006,E06000034,Thurrock,THURR_e1893a384a6e,237ade63d9be,
England,E12000006,E06000034,Thurrock,THURR_356d2b5bec4e,e07f1fbc22cc,
England,E12000006,E06000034,Thurrock,THURR_d4a7fc34db2f,7f17e98b2ebf,
England,E12000006,E06000034,Thurrock,THURR_2013a36a3fba,e629aee19937,
England,E12000006,E06000034,Thurrock,THURR_4ec7e9dfda73,f49023900e33,
England,E12000006,E06000034,Thurrock,THURR_1e37cf0b3160,5d466b754134,
England,E12000006,E06000034,Thurrock,THURR_ffe2490b0d92,cd26869bfb92,
England,E12000006,E06000034,Thurrock,THURR_a0b19beed3cc,d0355bd2c6bb,
England,E12000006,E06000034,Thurrock,THURR_d0bfe539a150,705bee229789,
England,E12000006,E06000034,Thurrock,THURR_37881b90707f,5bf07e116230,
England,E12000006,E06000034,Thurrock,THURR_ff366ec35bc0,e4429634161b,
England,E12000006,E06000034,Thurrock,THURR_d4da92f8ed65,8a05c41dcb7d,
England,E12000006,E06000034,Thurrock,THURR_38eac9621c9d,419ad7b1b497,
England,E12000006,E06000034,Thurrock,THURR_b9aa42de0036,625df369d5b3,
England,E12000006,E06000034,Thurrock,THURR_11cd5c6062fd,33eeb16b86da,
England,E12000006,E06000034,Thurrock,THURR_1a0864cba1aa,b0fc60682672,
England,E12000006,E06000034,Thurrock,THURR_b38abb88b0e3,b079ce08b81a,
England,E12000006,E06000034,Thurrock,THURR_521ee9387536,c0102c9a4461,
England,E12000006,E06000034,Thurrock,THURR_ec4395db9843,e33304b2affd,
England,E12000006,E06000034,Thurrock,THURR_ee5b61c92926,60b71fe44b6d,
England,E12000006,E06000034,Thurrock,THURR_e2b2ec37783f,4f67f197a31b,
England,E12000006,E06000034,Thurrock,THURR_3abd1ce3ac1b,6696c61ffe50,
England,E12000006,E06000034,Thurrock,THURR_8a641f48c9f6,253a5cbc6e22,
England,E12000006,E06000034,Thurrock,THURR_f35a563fdc3e,2dc9f6aa0330,
England,E12000006,E06000034,Thurrock,THURR_7b9eb5492b99,92c8bc9085f0,
England,E12000006,E06000034,Thurrock,THURR_63a8e6abaada,7c9cb7ce0a2d,
England,E12000006,E06000034,Thurrock,THURR_6d7aeeb53b9a,68474f6569fe,
England,E12000006,E06000034,Thurrock,THURR_df19b5f311e5,64b759c42a88,
England,E12000006,E06000034,Thurrock,THURR_cbf4c88f5067,a565dbabdb6c,
England,E12000006,E06000034,Thurrock,THURR_f182c7c08160,46dbb0a42dd4,
England,E12000006,E06000034,Thurrock,THURR_30a80d97dd77,304223b8971a,
England,E12000006,E06000034,Thurrock,THURR_72476ea983b8,8bfa95be3af4,
England,E12000006,E06000034,Thurrock,THURR_782ac3e3bd1a,207978cf4c8b,
England,E12000006,E06000034,Thurrock,THURR_998640d973e6,0b359648192a,
England,E12000006,E06000034,Thurrock,THURR_8fa6e1bb0d59,60279bc5b8e7,
England,E12000006,E06000034,Thurrock,THURR_72b520ce6ede,e2b3b215dfd7,
England,E12000006,E06000034,Thurrock,THURR_158d15a2345a,4cc1b548d382,
England,E12000006,E06000034,Thurrock,THURR_51dd2bfc7809,cdc598c7d41c,
England,E12000006,E06000034,Thurrock,THURR_714d7835cbd0,bb7608e8443f,
England,E12000006,E06000034,Thurrock,THURR_c7e18af840ed,386843805c3b,
England,E12000006,E06000034,Thurrock,THURR_e0758daf02ab,232026e18c5b,
England,E12000006,E06000034,Thurrock,THURR_f247f9a69078,1ee1ca78cdb3,
England,E12000006,E06000034,Thurrock,THURR_c68ba9f86017,9c847c69c1b3,
England,E12000006,E06000034,Thurrock,THURR_cc357209f4ca,bbbcfa75d447,
England,E12000006,E06000034,Thurrock,THURR_7a275e28dbc3,bd6f866e9e7c,
England,E12000006,E06000034,Thurrock,THURR_4cda4b0d0922,bb73aabacb1b,
England,E12000006,E06000034,Thurrock,THURR_e35c575bb4c2,ac550cdd6957,
England,E12000006,E06000034,Thurrock,THURR_9fa9d2f30a82,38feb3cb8b7a,
England,E12000006,E06000034,Thurrock,THURR_7ade5bef4135,b5180b8be3d1,
England,E12000006,E06000034,Thurrock,THURR_0f260bf55d59,6332fee1872c,
England,E12000006,E06000034,Thurrock,THURR_0872c655f875,ab532e6ddcc2,
England,E12000006,E06000034,Thurrock,THURR_829f6cf27392,ae430ff1c769,
England,E12000006,E06000034,Thurrock,THURR_a309287245fa,18ade7a18c28,
England,E12000006,E06000034,Thurrock,THURR_fa37a2630ec6,9101786de0e1,
England,E12000006,E06000034,Thurrock,THURR_f2e8e5d5d4be,475d0d911cf9,
England,E12000006,E06000034,Thurrock,THURR_5ee7acf856fc,576fc9e94a1e,
England,E12000006,E06000034,Thurrock,THURR_4b8ab581310f,d03ed1883256,
England,E12000006,E06000034,Thurrock,THURR_b05075816e55,c199dc6fb474,
England,E12000006,E06000034,Thurrock,THURR_bba61c861773,bb98c7ec4bf2,
England,E12000006,E06000034,Thurrock,THURR_1237cb415bde,b6b56ae13d22,
England,E12000006,E06000034,Thurrock,THURR_78cdc16b0fcc,e43e30e7f150,
England,E12000006,E06000034,Thurrock,THURR_a42a75d06b45,e8ce07850abd,
England,E12000006,E06000034,Thurrock,THURR_dd1d1372e214,a98071ca27ae,
England,E12000006,E06000034,Thurrock,THURR_16ccdec644f4,aac70fce29bd,
England,E12000006,E06000034,Thurrock,THURR_f8685dcc6b0b,f488c278301a,
England,E12000006,E06000034,Thurrock,THURR_edbe2b4647da,098a9ae95ce5,
England,E12000006,E06000034,Thurrock,THURR_3ef5b640ea12,a8c3cd81f4d4,
England,E12000006,E06000034,Thurrock,THURR_c4ad063ca4a1,17e817005681,
England,E12000006,E06000034,Thurrock,THURR_4cfbaeb1fd4a,12b8f2589dd0,
England,E12000006,E06000034,Thurrock,THURR_c75caf4f6216,b6014d366bb3,
England,E12000006,E06000034,Thurrock,THURR_f113b7802ae1,866150063ed9,
England,E12000006,E06000034,Thurrock,THURR_660aabc1b8ea,621d00f87a98,
England,E12000006,E06000034,Thurrock,THURR_6f3f44942a8d,9dead124a240,
England,E12000006,E06000034,Thurrock,THURR_d9fb8a2b9488,36a553b32e25,
England,E12000006,E06000034,Thurrock,THURR_9d6277869288,82c8562d8e47,
England,E12000006,E06000034,Thurrock,THURR_e3aaf41b1641,493c12543cc2,
England,E12000006,E06000034,Thurrock,THURR_33d0f436dd46,a55c0943a91c,
England,E12000006,E06000034,Thurrock,THURR_50007fcf63f0,566cd5f37c74,
England,E12000006,E06000034,Thurrock,THURR_e2b3ff9d123f,20cf14ed772c,
England,E12000006,E06000034,Thurrock,THURR_2b4aeb747782,939cf42742b8,
England,E12000006,E06000034,Thurrock,THURR_c38f90d680b6,72913b193600,
England,E12000006,E06000034,Thurrock,THURR_dc417bfde763,565b19bfbd0f,
England,E12000006,E06000034,Thurrock,THURR_d69532b6c42b,0d334e77eeb0,
England,E12000006,E06000034,Thurrock,THURR_73d464f3cfca,c48ea4f27e7e,
England,E12000006,E06000034,Thurrock,THURR_a0a960fe7cc0,0f4bd3bf47e6,
England,E12000006,E06000034,Thurrock,THURR_2f1d2516f0e2,448cd376550a,
England,E12000006,E06000034,Thurrock,THURR_ef053704f115,08513c251b19,
England,E12000006,E06000034,Thurrock,THURR_dc0487109fdb,652663409753,
England,E12000006,E06000034,Thurrock,THURR_9b7d49a79160,abc3d9c22b03,
England,E12000006,E06000034,Thurrock,THURR_b671cfbea31f,dfbbd94f7b84,
England,E12000006,E06000034,Thurrock,THURR_59e252f00d72,9e083252da1f,
England,E12000006,E06000034,Thurrock,THURR_4ca88b5d33c9,431da5441afe,
England,E12000006,E06000034,Thurrock,THURR_8528e7c6350e,960bb4eed70a,
England,E12000006,E06000034,Thurrock,THURR_c3bd756d7096,2bc34374c40d,
England,E12000006,E06000034,Thurrock,THURR_3e3fdadaf963,6eb652d50595,
England,E12000006,E06000034,Thurrock,THURR_8e5fdf0ee2b3,fe724f5875a2,
England,E12000006,E06000034,Thurrock,THURR_70f00a3c6c70,d57f7e37c873,
England,E12000006,E06000034,Thurrock,THURR_1b413e8051c8,8dbc2996bf43,
England,E12000006,E06000034,Thurrock,THURR_db4705b77fab,5e089d361764,
England,E12000006,E06000034,Thurrock,THURR_3ace4a378dcd,cfc011c5197b,
England,E12000006,E06000034,Thurrock,THURR_bba45cd2379f,ad7c3d6e755d,
England,E12000006,E06000034,Thurrock,THURR_825cddc16734,5371b96a53d0,
England,E12000006,E06000034,Thurrock,THURR_4b8b6607d817,49e9ce255871,
England,E12000006,E06000034,Thurrock,THURR_8e0bea1d31df,359be4691058,
England,E12000006,E06000034,Thurrock,THURR_712d8a02eac4,980534cd1794,
England,E12000006,E06000034,Thurrock,THURR_3cc943b9a557,23583cd7c48a,
England,E12000006,E06000034,Thurrock,THURR_b972c13fd8dc,7533bd131541,
England,E12000006,E06000034,Thurrock,THURR_ffcd81f7a92e,8ea94846e505,
England,E12000006,E06000034,Thurrock,THURR_042fbb878c64,81725542e177,
England,E12000006,E06000034,Thurrock,THURR_9ca77be25eb9,f033492faa23,
England,E12000006,E06000034,Thurrock,THURR_52c4dddca2ca,930008554188,
England,E12000006,E06000034,Thurrock,THURR_cd04602e7ff1,e74b98518997,
England,E12000006,E06000034,Thurrock,THURR_8cdcd8482ce0,93ce5786640d,
England,E12000006,E06000034,Thurrock,THURR_52602ff5db44,967f0d1c3432,
England,E12000006,E06000034,Thurrock,THURR_ba8b3771b559,b5f28afb63ba,
England,E12000006,E06000034,Thurrock,THURR_3bb42d2093a6,c0a3c681696e,
England,E12000006,E06000034,Thurrock,THURR_0777bcf3c34b,b5af7dd878da,
England,E12000006,E06000034,Thurrock,THURR_26ac2986cdb3,be75ea724333,
England,E12000006,E06000034,Thurrock,THURR_5f92f8bb3d6b,7208a66ebe11,
England,E12000006,E06000034,Thurrock,THURR_fc509dd1ee7c,745d0ee4f3b2,
England,E12000006,E06000034,Thurrock,THURR_381359e38ae8,4e5155de7da1,
England,E12000006,E06000034,Thurrock,THURR_162daa9f978d,023cdb068f76,
England,E12000006,E06000034,Thurrock,THURR_f80e54b3031d,0e755f261990,
England,E12000006,E06000034,Thurrock,THURR_846c3f009ed4,033e3c43ba91,
England,E12000006,E06000034,Thurrock,THURR_35af59bcb89a,c11937d367c5,
England,E12000006,E06000034,Thurrock,THURR_d93b8b0556af,5e5bb56913c4,
England,E12000006,E06000034,Thurrock,THURR_3f49e7bfe5c5,9db88bfe0b3f,
England,E12000006,E06000034,Thurrock,THURR_143f773331df,9190fe4e2f3d,
England,E12000006,E06000034,Thurrock,THURR_39b9edb0fcc1,deee7c7f0280,
England,E12000006,E06000034,Thurrock,THURR_cde94d9436ac,446af1d193c9,
England,E12000006,E06000034,Thurrock,THURR_0b29d0c5cf12,95561af76931,
England,E12000006,E06000034,Thurrock,THURR_fdb173c24b30,3ea922ba26fd,
England,E12000006,E06000034,Thurrock,THURR_c7287e5147a4,1b4e7d4fbe99,
England,E12000006,E06000034,Thurrock,THURR_a451d73efbc9,865c74e972f4,
England,E12000006,E06000034,Thurrock,THURR_8189fab6a86e,38793be095a6,
England,E12000006,E06000034,Thurrock,THURR_3dde47e5417e,8ab7ad7080e7,
England,E12000006,E06000034,Thurrock,THURR_36a801ba0765,8864a16b1bb8,
England,E12000006,E06000034,Thurrock,THURR_d1fbfdea648b,092e6f0e1e16,
England,E12000006,E06000034,Thurrock,THURR_d4886096eda1,80ac2d728368,
England,E12000006,E06000034,Thurrock,THURR_417faf7907d3,b8a4ef9ed98f,
England,E12000006,E06000034,Thurrock,THURR_ae09452e2007,c2c7be82da9d,
England,E12000006,E06000034,Thurrock,THURR_206bba4d697f,bd2524ed34dd,
England,E12000006,E06000034,Thurrock,THURR_4e55ecbf74a5,67980a6ffcc6,
England,E12000006,E06000034,Thurrock,THURR_d91e397c27cc,5ccbff9aceba,
England,E12000006,E06000034,Thurrock,THURR_f330149ce39b,f1ad0929142a,
England,E12000006,E06000034,Thurrock,THURR_e297b8a28ea9,f98ef117e83d,
England,E12000006,E06000034,Thurrock,THURR_648de7bd5ebb,fef4b9c821e8,
England,E12000006,E06000034,Thurrock,THURR_5df0a426590a,4e14fad46083,
England,E12000006,E06000034,Thurrock,THURR_cd8376cb9e81,de028045e5b2,
England,E12000006,E06000034,Thurrock,THURR_80d2ef4e39fc,9ff258beb26a,
England,E12000006,E06000034,Thurrock,THURR_5485d5565db3,018ae757c4a4,
England,E12000006,E06000034,Thurrock,THURR_8ff6886e6fa8,f61f0b2bc943,
England,E12000006,E06000034,Thurrock,THURR_fa4e187e5868,3584c688afac,
England,E12000006,E06000034,Thurrock,THURR_dadb0760c374,1d0f4956b8e0,
England,E12000006,E06000034,Thurrock,THURR_005d9e7e8254,954e1e363a2a,
England,E12000006,E06000034,Thurrock,THURR_94f47074c456,ea0e2b90b5f0,
England,E12000006,E06000034,Thurrock,THURR_72e2ad5ff1db,2a17237140dd,
England,E12000006,E06000034,Thurrock,THURR_cba612d02c86,e0a467fa7a06,
England,E12000006,E06000034,Thurrock,THURR_f750f110ef18,e4bc1a3a3b52,
England,E12000006,E06000034,Thurrock,THURR_19655d947e46,c2896f918cc1,
England,E12000006,E06000034,Thurrock,THURR_aca6ed01a827,0861d6419a3c,
England,E12000006,E06000034,Thurrock,THURR_e39978d01f1f,b56ab210ac01,
England,E12000006,E06000034,Thurrock,THURR_e3815bbadb5a,e5dd4552accb,
England,E12000006,E06000034,Thurrock,THURR_10e361ad0caf,876c9796f60e,
England,E12000006,E06000034,Thurrock,THURR_0c85e7cacd8e,ae8c1c11d593,
England,E12000006,E06000034,Thurrock,THURR_11afb23ee383,d490db92c5ee,
England,E12000006,E06000034,Thurrock,THURR_d1aa4a9491d1,d839b2e06589,
England,E12000006,E06000034,Thurrock,THURR_ce2ce1bbe150,7a738ab6b4cd,
England,E12000006,E06000034,Thurrock,THURR_dd62a2d435e8,23f98e155e9e,
England,E12000006,E06000034,Thurrock,THURR_7181755e8392,06b779575bff,
England,E12000006,E06000034,Thurrock,THURR_19b09a06d211,f743fdb6deab,
England,E12000006,E06000034,Thurrock,THURR_f32b878bbc32,15f28cfeb5fc,
England,E12000006,E06000034,Thurrock,THURR_a53c21353c65,66eb3c49cbaa,
England,E12000006,E06000034,Thurrock,THURR_9ddd41579b3f,aa469253ea5d,
England,E12000006,E06000034,Thurrock,THURR_a408fb915710,f374a5068f31,
England,E12000006,E06000034,Thurrock,THURR_9c2c1b52b11c,01a1fe5d17cd,
England,E12000006,E06000034,Thurrock,THURR_076f4579818f,7b524843584f,
England,E12000006,E06000034,Thurrock,THURR_fb5f1f5b4f60,4796460e7626,
England,E12000006,E06000034,Thurrock,THURR_02421018abce,9868dd171841,
England,E12000006,E06000034,Thurrock,THURR_fc3c74c8458a,d1acc2b255f7,
England,E12000006,E06000034,Thurrock,THURR_ec17751c4233,b572e27c07a5,
England,E12000006,E06000034,Thurrock,THURR_9c8658f6f042,7793b338ba02,
England,E12000006,E06000034,Thurrock,THURR_bd182e77bb43,da6987f93c1e,
England,E12000006,E06000034,Thurrock,THURR_8dfdd71de4cf,19671755f91c,
England,E12000006,E06000034,Thurrock,THURR_b027fa78f684,c7ad03b793df,
England,E12000006,E06000034,Thurrock,THURR_a54d362be9dd,79213576643c,
England,E12000006,E06000034,Thurrock,THURR_821b42d9cf64,f982620342b3,
England,E12000006,E06000034,Thurrock,THURR_65bd8905b7b4,22f603db858e,
England,E12000006,E06000034,Thurrock,THURR_0bee60255051,369ef55059c2,
England,E12000006,E06000034,Thurrock,THURR_603f603e1df4,413611ca50e8,
England,E12000006,E06000034,Thurrock,THURR_f6d80d96b447,5211ffe2fe75,
England,E12000006,E06000034,Thurrock,THURR_7403ef551922,144df9307e87,
England,E12000006,E06000034,Thurrock,THURR_ace051dbdcd1,b8bbce788fdc,
England,E12000006,E06000034,Thurrock,THURR_ba132e6a78b7,8146616d2ccd,
England,E12000006,E06000034,Thurrock,THURR_4a4fc2e5ee27,cceb32dbaf51,
England,E12000006,E06000034,Thurrock,THURR_8960e15b2ae0,c2f6062cb4a7,
England,E12000006,E06000034,Thurrock,THURR_c9aa1c62e70c,3ea329984e31,
England,E12000006,E06000034,Thurrock,THURR_96c778e32b99,03568ed123ab,
England,E12000006,E06000034,Thurrock,THURR_27656f54c545,ee20e1f6ab35,
England,E12000006,E06000034,Thurrock,THURR_49b97f805772,abec51bfcd66,
England,E12000006,E06000034,Thurrock,THURR_bef03a2871c3,9cb3c12bc22b,
England,E12000006,E06000034,Thurrock,THURR_f672a3ad5e73,f1b9c02ac56f,
England,E12000006,E06000034,Thurrock,THURR_6382a06bff28,53569d07b95c,
England,E12000006,E06000034,Thurrock,THURR_8b811baf57b4,f5e9f4d02469,
England,E12000006,E06000034,Thurrock,THURR_79edb1a12648,e51ecddba888,
England,E12000006,E06000034,Thurrock,THURR_522288bcf7ee,1d86f99b160b,
England,E12000006,E06000034,Thurrock,THURR_bca31e5c734d,4111edc2510f,
England,E12000006,E06000034,Thurrock,THURR_94ed2e58da88,9e00fd800e8e,
England,E12000006,E06000034,Thurrock,THURR_e430de7a7ac9,88e8d98ee37f,
England,E12000006,E06000034,Thurrock,THURR_fc0325cd17da,749ce47c2aa5,
England,E12000006,E06000034,Thurrock,THURR_51ac3c430d1b,b13b77cb205a,
England,E12000006,E06000034,Thurrock,THURR_6438b7f827ca,008a64512fba,
England,E12000006,E06000034,Thurrock,THURR_1318d49cfea6,8f527062faee,
England,E12000006,E06000034,Thurrock,THURR_160ee76ca906,553b37082af8,
England,E12000006,E06000034,Thurrock,THURR_ab77cf721199,b6acacc5a6ac,
England,E12000006,E06000034,Thurrock,THURR_c9163597b0f0,1e0a909197e9,
England,E12000006,E06000034,Thurrock,THURR_3a0fb6f25894,b72b3644a77c,
England,E12000006,E06000034,Thurrock,THURR_f7320151a06d,52d751e9c8da,
England,E12000006,E06000034,Thurrock,THURR_2035d39bcd3c,bf8abb594648,
England,E12000006,E06000034,Thurrock,THURR_630bc0d0ed16,d0dc5accf038,
England,E12000006,E06000034,Thurrock,THURR_0b47e1b2c33c,18e10e57140f,
England,E12000006,E06000034,Thurrock,THURR_8766bad819cc,9540c46598b9,
England,E12000006,E06000034,Thurrock,THURR_adf910e672ae,632ddeb73c96,
England,E12000006,E06000034,Thurrock,THURR_ce3e0f1ed79d,01cca0505f54,
England,E12000006,E06000034,Thurrock,THURR_7912d8af0367,1bfc07cda24d,
England,E12000006,E06000034,Thurrock,THURR_58dcd3bf1a6d,fd46966dfe1d,
England,E12000006,E06000034,Thurrock,THURR_36137d5f0ec7,7886a92f6cb9,
England,E12000006,E06000034,Thurrock,THURR_e56930bd522d,f089996336b2,
England,E12000006,E06000034,Thurrock,THURR_f96f3cef64b6,858e93f25269,
England,E12000006,E06000034,Thurrock,THURR_0923e72dbc39,2223889a7adb,
England,E12000006,E06000034,Thurrock,THURR_9362de411573,8311b0a582a7,
England,E12000006,E06000034,Thurrock,THURR_97599ec2d09c,7a29791ff8ae,
England,E12000006,E06000034,Thurrock,THURR_91f349026e7d,7a73a3211106,
England,E12000006,E06000034,Thurrock,THURR_4e4aacb14ca6,06e3fd39fee1,
England,E12000006,E06000034,Thurrock,THURR_5c21c129fbe4,b9ffc1985336,
England,E12000006,E06000034,Thurrock,THURR_25374364b875,b67adfa3d8ad,
England,E12000006,E06000034,Thurrock,THURR_434b2c936774,c28e1179332e,
England,E12000006,E06000034,Thurrock,THURR_b4a543809970,4263547a5021,
England,E12000006,E06000034,Thurrock,THURR_df6db813f1bf,45daa6987934,
England,E12000006,E06000034,Thurrock,THURR_41cdb82aae02,927490b397f6,
England,E12000006,E06000034,Thurrock,THURR_ce152e72b962,79af618b90d8,
England,E12000006,E06000034,Thurrock,THURR_5ac05257ac37,96b2b46a11d8,
England,E12000006,E06000034,Thurrock,THURR_77f63ce1644e,0e1bec89aae2,
England,E12000006,E06000034,Thurrock,THURR_38f954f9db8a,556dcb1c2ac1,
England,E12000006,E06000034,Thurrock,THURR_d2b9242015c9,ed275d0587b7,
England,E12000006,E06000034,Thurrock,THURR_7f921ac5707a,4b13c5bd6df1,
England,E12000006,E06000034,Thurrock,THURR_8f774d47533c,720997bfa9aa,
England,E12000006,E06000034,Thurrock,THURR_759e2d73997b,e88f030330c1,
England,E12000006,E06000034,Thurrock,THURR_346ef0eb7cce,178781f25033,
England,E12000006,E06000034,Thurrock,THURR_e0451f0c7f4e,591e55ae186d,
England,E12000006,E06000034,Thurrock,THURR_61bdcf771caa,9bc06a294b35,
England,E12000006,E06000034,Thurrock,THURR_41296e4d8a4b,fc4b37dd71b7,
England,E12000006,E06000034,Thurrock,THURR_78f9e9e175f7,6ebf55831aa8,
England,E12000006,E06000034,Thurrock,THURR_6fcf6103f1ae,e7eff3cfbaab,
England,E12000006,E06000034,Thurrock,THURR_d1a93b5a8139,81f9d5ebb6de,
England,E12000006,E06000034,Thurrock,THURR_7cfe5a114ae9,ae5ad6cb2513,
England,E12000006,E06000034,Thurrock,THURR_6798ceadd0ab,ba39cc0cb84d,
England,E12000006,E06000034,Thurrock,THURR_01f8da10021a,a3d1ffa7ca9f,
England,E12000006,E06000034,Thurrock,THURR_679e94a13d48,b9d78cb53472,
England,E12000006,E06000034,Thurrock,THURR_4e6442d78a36,4bb9053ccd14,
England,E12000006,E06000034,Thurrock,THURR_a1522d16fa0c,ca2c80580825,
England,E12000006,E06000034,Thurrock,THURR_475c31057600,c0d9fae50411,
England,E12000006,E06000034,Thurrock,THURR_4712f227bb34,dfde48e78281,
England,E12000006,E06000034,Thurrock,THURR_c4cb1a06deb4,713603662710,
England,E12000006,E06000034,Thurrock,THURR_9c57d123901d,004aeffc732a,
England,E12000006,E06000034,Thurrock,THURR_6c3c44d67f02,00dad55d9297,
England,E12000006,E06000034,Thurrock,THURR_c97d970045c3,641b940e2d61,
England,E12000006,E06000034,Thurrock,THURR_7dd29eb9e769,d40cee7d9a7b,
England,E12000006,E06000034,Thurrock,THURR_c072c7b21a8f,dc5f20c9c358,
England,E12000006,E06000034,Thurrock,THURR_b5716f825767,dc1bc30174e7,
England,E12000006,E06000034,Thurrock,THURR_979e133282e5,53f355c9ef52,
England,E12000006,E06000034,Thurrock,THURR_3e0d0e63ad86,a3c2e789486f,
England,E12000006,E06000034,Thurrock,THURR_d01d84a958b2,01e05987e758,
England,E12000006,E06000034,Thurrock,THURR_ce3624401ee1,89922b7c24bb,
England,E12000006,E06000034,Thurrock,THURR_130549d4ad58,e3b4af8fc03f,
England,E12000006,E06000034,Thurrock,THURR_5644d9155bbd,553529cf3aa7,
England,E12000006,E06000034,Thurrock,THURR_79bcb2a5e6ac,4409534b0f8f,
England,E12000006,E06000034,Thurrock,THURR_8801a5f4ae80,06b8988d144a,
England,E12000006,E06000034,Thurrock,THURR_52389ea95cb5,27d2b7e46196,
England,E12000006,E06000034,Thurrock,THURR_22c0dcf1726f,b27494bd15e8,
England,E12000006,E06000034,Thurrock,THURR_17e4b5134719,b77a8ee3942d,
England,E12000006,E06000034,Thurrock,THURR_292dd1bc57de,cbc5e17d72ac,
England,E12000006,E06000034,Thurrock,THURR_30617910e417,fd48c4f228b1,
England,E12000006,E06000034,Thurrock,THURR_7d08a11071cc,b19d7c8872f7,
England,E12000006,E06000034,Thurrock,THURR_686d1de08fc6,d323f7583e6c,
England,E12000006,E06000034,Thurrock,THURR_3d31593e5b17,0cf9fa2fe207,
England,E12000006,E06000034,Thurrock,THURR_eb774d41d938,f00ba9e9255c,
England,E12000006,E06000034,Thurrock,THURR_2f5a823c2314,ff042b0ef607,
England,E12000006,E06000034,Thurrock,THURR_63360d1cf527,91244ffff352,
England,E12000006,E06000034,Thurrock,THURR_0579134e6244,794c7c8525eb,
England,E12000006,E06000034,Thurrock,THURR_237ace02a7b3,e8951c417ddd,
England,E12000006,E06000034,Thurrock,THURR_251fd277197e,abbf38e3f88a,
England,E12000006,E06000034,Thurrock,THURR_422496d1f5cc,e9b18e1d4059,
England,E12000006,E06000034,Thurrock,THURR_0ab1a3713720,f8e51495f9a7,
England,E12000006,E06000034,Thurrock,THURR_5e7f58311be8,e9f6c9e44c7c,
England,E12000006,E06000034,Thurrock,THURR_37a20d623d92,450209f9fe52,
England,E12000006,E06000034,Thurrock,THURR_0bcee9c59f12,d5ecda43ca41,
England,E12000006,E06000034,Thurrock,THURR_7e5629569d12,01fe53ec2f32,
England,E12000006,E06000034,Thurrock,THURR_e807f5f6daf7,869f3bee94a8,
England,E12000006,E06000034,Thurrock,THURR_3d779674579d,403cd5a1a05b,
England,E12000006,E06000034,Thurrock,THURR_a23c5655b69c,fee0f252c42d,
England,E12000006,E06000034,Thurrock,THURR_8637b401ecf8,cdafff16282c,
England,E12000006,E06000034,Thurrock,THURR_3600e02103e8,bd26f5a76c2f,
England,E12000006,E06000034,Thurrock,THURR_afa68e36607e,b5eea164434a,
England,E12000006,E06000034,Thurrock,THURR_023d5cd9809b,3c5101899e2a,
England,E12000006,E06000034,Thurrock,THURR_0a7fa0d11ee4,4ae0a3b25f41,
England,E12000006,E06000034,Thurrock,THURR_98197e6b0964,01a68053faee,
England,E12000006,E06000034,Thurrock,THURR_356972d771d2,1b932ec87f4a,
England,E12000006,E06000034,Thurrock,THURR_8e4d3efe173b,c4631b42d04e,
England,E12000006,E06000034,Thurrock,THURR_0a618a78fd09,a4c3c9a43da5,
England,E12000006,E06000034,Thurrock,THURR_048262a5c408,ad9121e8ccdd,
England,E12000006,E06000034,Thurrock,THURR_b01202487466,0a1607fb6349,
England,E12000006,E06000034,Thurrock,THURR_995a6e97ce2d,7220f4af7f1d,
England,E12000006,E06000034,Thurrock,THURR_decd5919898c,2f0a80944fd6,
England,E12000006,E06000034,Thurrock,THURR_5dfb21765adb,abf789d7dd49,
England,E12000006,E06000034,Thurrock,THURR_161b36dfdde6,190fb0cef6fe,
England,E12000006,E06000034,Thurrock,THURR_4b52b14f3652,0f32a7e8d727,
England,E12000006,E06000034,Thurrock,THURR_b0d9da56115e,8bdcb0174755,
England,E12000006,E06000034,Thurrock,THURR_49a598b0a1d6,52bedc5963aa,
England,E12000006,E06000034,Thurrock,THURR_6df95de4595e,760aed9a0dc5,
England,E12000006,E06000034,Thurrock,THURR_494eba4cc4d0,50c2ec0accbb,
England,E12000006,E06000034,Thurrock,THURR_a9cf248c5c1c,c8c2f337ed33,
England,E12000006,E06000034,Thurrock,THURR_fc972fc8dcd2,5c9dff72ee2f,
England,E12000006,E06000034,Thurrock,THURR_39da1513b164,42721f71177b,
England,E12000006,E06000034,Thurrock,THURR_61ba402410aa,249be673561e,
England,E12000006,E06000034,Thurrock,THURR_eb8712337eeb,2855d5af4162,
England,E12000006,E06000034,Thurrock,THURR_03fbe617a991,b1594ab6dd31,
England,E12000006,E06000034,Thurrock,THURR_c0b9917975a8,2697495f634c,
England,E12000006,E06000034,Thurrock,THURR_d7940eacae41,6049e0e7a841,
England,E12000006,E06000034,Thurrock,THURR_0883bfe8d317,59fb9df203bc,
England,E12000006,E06000034,Thurrock,THURR_76e5393e96f2,de2255f19224,
England,E12000006,E06000034,Thurrock,THURR_0307c536efdb,5f54d41f0c7e,
England,E12000006,E06000034,Thurrock,THURR_e419a88512be,4d54f547e545,
England,E12000006,E06000034,Thurrock,THURR_fd03e95a7bbc,e142041a8f86,
England,E12000006,E06000034,Thurrock,THURR_db1d9c0bd711,040da03536e5,
England,E12000006,E06000034,Thurrock,THURR_7d44c00e7b89,af2c37be29a2,
England,E12000006,E06000034,Thurrock,THURR_69b452175964,ca8725d35209,
England,E12000006,E06000034,Thurrock,THURR_16ac5b44bc5e,352be152612c,
England,E12000006,E06000034,Thurrock,THURR_9835fd97c796,5ec0aba4dd73,
England,E12000006,E06000034,Thurrock,THURR_d0131512bb02,eaa79e61074b,
England,E12000006,E06000034,Thurrock,THURR_b0db16bb8790,1dd7c9e5e56e,
England,E12000006,E06000034,Thurrock,THURR_b619832999cc,67828ac16057,
England,E12000006,E06000034,Thurrock,THURR_71693bb53268,462a97d81717,
England,E12000006,E06000034,Thurrock,THURR_348dd8a10bb5,5b9d6a8995f2,
England,E12000006,E06000034,Thurrock,THURR_a7aadd12adf0,0475ef87319c,
England,E12000006,E06000034,Thurrock,THURR_8d6b92ddd68d,c4bd7713f9d1,
England,E12000006,E06000034,Thurrock,THURR_a9141fd1377c,3d95436e6923,
England,E12000006,E06000034,Thurrock,THURR_bf9dd71d6e76,c6e2f12bb616,
England,E12000006,E06000034,Thurrock,THURR_acff03745b93,90337a7f0d42,
England,E12000006,E06000034,Thurrock,THURR_f9014660cb3f,7158678d4332,
England,E12000006,E06000034,Thurrock,THURR_e7ddbbe9b74a,28ad082b6ae5,
England,E12000006,E06000034,Thurrock,THURR_c37509dfe386,01fcfece95c4,
England,E12000006,E06000034,Thurrock,THURR_33d4cbf44b8c,16e2fd04b8eb,
England,E12000006,E06000034,Thurrock,THURR_619c9b73d5d5,911da2e0cc1c,
England,E12000006,E06000034,Thurrock,THURR_f712cf8f1407,4ad13f7ee0b7,
England,E12000006,E06000034,Thurrock,THURR_361313e909ef,7a3844493b72,
England,E12000006,E06000034,Thurrock,THURR_cd63e068628c,fe98be321c0e,
England,E12000006,E06000034,Thurrock,THURR_8a6805e0c06c,548246fa7b16,
England,E12000006,E06000034,Thurrock,THURR_edb10216084b,4eaf249e9b8c,
England,E12000006,E06000034,Thurrock,THURR_de13ea25d3e3,f0d4521f8f02,
England,E12000006,E06000034,Thurrock,THURR_6d322786d0eb,0750fbf6f134,
England,E12000006,E06000034,Thurrock,THURR_69ce0b11a524,d9a914e96e70,
England,E12000006,E06000034,Thurrock,THURR_5c1f75ef7ae3,778d8518e103,
England,E12000006,E06000034,Thurrock,THURR_ca1f4aa66d1b,7cfe877f8704,
England,E12000006,E06000034,Thurrock,THURR_a684662658b2,af475c5e2c2e,
England,E12000006,E06000034,Thurrock,THURR_2a5b8b037a24,119b1b98d11d,
England,E12000006,E06000034,Thurrock,THURR_634a2e66401a,e25ff2e66849,
England,E12000006,E06000034,Thurrock,THURR_2ceaf10c5776,894818fd759c,
England,E12000006,E06000034,Thurrock,THURR_0d2067cbd962,16c1f59160b7,
England,E12000006,E06000034,Thurrock,THURR_a9e98baec9e0,392003b41ed6,
England,E12000006,E06000034,Thurrock,THURR_8273802ebb3c,0daff379e088,
England,E12000006,E06000034,Thurrock,THURR_e73e81175dfd,73f39570a4a8,
England,E12000006,E06000034,Thurrock,THURR_0c2b2cdd27ee,44c6e9f07954,
England,E12000006,E06000034,Thurrock,THURR_105e72e45a7e,d90e5a02c676,
England,E12000006,E06000034,Thurrock,THURR_40e5f95267b4,bb7fb04927f3,
England,E12000006,E06000034,Thurrock,THURR_cadf8cc04582,614b1a37c743,
England,E12000006,E06000034,Thurrock,THURR_e80d26da8b0e,175be6a517f1,
England,E12000006,E06000034,Thurrock,THURR_79ee3676efa0,3775bc854509,
England,E12000006,E06000034,Thurrock,THURR_6182761a05e5,9efbf91dc958,
England,E12000006,E06000034,Thurrock,THURR_4a40c6704ecd,1014d14b9b5f,
England,E12000006,E06000034,Thurrock,THURR_73ababb7fcbd,1a8fb2e78aaa,
England,E12000006,E06000034,Thurrock,THURR_0cb579bccf61,07e778159c7a,
England,E12000006,E06000034,Thurrock,THURR_26532e627613,0d0e4e57ebd8,
England,E12000006,E06000034,Thurrock,THURR_50e46cb2b0df,0e6596f94b09,
England,E12000006,E06000034,Thurrock,THURR_734e247c0b63,7b9a6e4334ab,
England,E12000006,E06000034,Thurrock,THURR_d5c2147a9edc,2dd279938332,
England,E12000006,E06000034,Thurrock,THURR_81313d8de078,60d6b6f36232,
England,E12000006,E06000034,Thurrock,THURR_03e9c9787eb2,dc566bae47a8,
England,E12000006,E06000034,Thurrock,THURR_b248449089e5,1f68b8e0cda1,
England,E12000006,E06000034,Thurrock,THURR_6e536b3f387a,85b743469c7a,
England,E12000006,E06000034,Thurrock,THURR_b878ac030d03,98a0ef1d70bc,
England,E12000006,E06000034,Thurrock,THURR_a0134421953d,bfbec5fcdcce,
England,E12000006,E06000034,Thurrock,THURR_6b8bdb2cd6d0,22c29640d875,
England,E12000006,E06000034,Thurrock,THURR_55945d720428,9b415f312a09,
England,E12000006,E06000034,Thurrock,THURR_ff71c74ad99b,7474b950d0f0,
England,E12000006,E06000034,Thurrock,THURR_d26b2eeb6cf4,eb6a35aa0d6d,
England,E12000006,E06000034,Thurrock,THURR_93999d345a9c,ce9f07b30c50,
England,E12000006,E06000034,Thurrock,THURR_828bca43907b,15c198a9c2c4,
England,E12000006,E06000034,Thurrock,THURR_c5c965287ff2,f5d4ae9c006b,
England,E12000006,E06000034,Thurrock,THURR_07a45ec6b1b2,b3ae37189f26,
England,E12000006,E06000034,Thurrock,THURR_7088f6c866ba,c54d484254c5,
England,E12000006,E06000034,Thurrock,THURR_2bff4807166e,554b0ed71ea4,
England,E12000006,E06000034,Thurrock,THURR_7c7cf8d629b5,ce68d99dadd6,
England,E12000006,E06000034,Thurrock,THURR_032e10a83a0d,6495e666102e,
England,E12000006,E06000034,Thurrock,THURR_1c47fb85bbeb,f194ddac479b,
England,E12000006,E06000034,Thurrock,THURR_cc1fb059af0e,c144000458fe,
England,E12000006,E06000034,Thurrock,THURR_ca2277f21807,8018f37bc8cd,
England,E12000006,E06000034,Thurrock,THURR_4fae0f51c123,30523ba70274,
England,E12000006,E06000034,Thurrock,THURR_79a7628a9679,c76deb8330d6,
England,E12000006,E06000034,Thurrock,THURR_28a14979bcb8,0d2d24cf7955,
England,E12000006,E06000034,Thurrock,THURR_d644c70cddf7,6879dfef11b3,
England,E12000006,E06000034,Thurrock,THURR_6f0a581cf749,5567e90f9413,
England,E12000006,E06000034,Thurrock,THURR_61ba8f6238d5,55913f6d8875,
England,E12000006,E06000034,Thurrock,THURR_3f4d424ae159,7c82deb005e8,
England,E12000006,E06000034,Thurrock,THURR_936c8831f07c,084a108c6ce6,
England,E12000006,E06000034,Thurrock,THURR_f1b20cf9e5ea,5b9cc4d82ef6,
England,E12000006,E06000034,Thurrock,THURR_e9475bbbab1a,9659b38b9200,
England,E12000006,E06000034,Thurrock,THURR_6150c569c547,b8252b84950b,
England,E12000006,E06000034,Thurrock,THURR_c27cf018cb52,80ce539aa8cd,
England,E12000006,E06000034,Thurrock,THURR_3c29e12fa9b4,a7cf7efa2063,
England,E12000006,E06000034,Thurrock,THURR_89808ad3622d,a0684ee3c9d8,
England,E12000006,E06000034,Thurrock,THURR_f4bc4f532070,7c73cb51467c,
England,E12000006,E06000034,Thurrock,THURR_e05561fe6def,c174acb0e266,
England,E12000006,E06000034,Thurrock,THURR_d3295b0c7258,64ea040cd3f7,
England,E12000006,E06000034,Thurrock,THURR_e51746a62867,52fee0ad0e35,
England,E12000006,E06000034,Thurrock,THURR_428b824668d8,aa50fbc91e8e,
England,E12000006,E06000034,Thurrock,THURR_dbe7148d3ce7,a1c49557289c,
England,E12000006,E06000034,Thurrock,THURR_4fc87e3ef74e,d7552a853bb6,
England,E12000006,E06000034,Thurrock,THURR_25967acec359,1c70807c896c,
England,E12000006,E06000034,Thurrock,THURR_166005ecdd52,32fb34d40d7f,
England,E12000006,E06000034,Thurrock,THURR_fca3948345d5,e33d1ad5bada,
England,E12000006,E06000034,Thurrock,THURR_f841906154c5,3e6d3b613f01,
England,E12000006,E06000034,Thurrock,THURR_a89b295f01c2,9186b9482cf3,
England,E12000006,E06000034,Thurrock,THURR_bcb96e201faa,6225e4b77602,
England,E12000006,E06000034,Thurrock,THURR_7d895cefe0bd,5314008d9e43,
England,E12000006,E06000034,Thurrock,THURR_082358df5a55,0ebecc3b74c9,
England,E12000006,E06000034,Thurrock,THURR_b0eb0ac90ef6,d8e86a01f780,
England,E12000006,E06000034,Thurrock,THURR_e27282d5d1f1,ed3730288cae,
England,E12000006,E06000034,Thurrock,THURR_6aea226e7839,4ed75922d9eb,
England,E12000006,E06000034,Thurrock,THURR_31c98d5bcfe5,9eff1f916aa1,
England,E12000006,E06000034,Thurrock,THURR_72aa0aa633f7,7745884ccc92,
England,E12000006,E06000034,Thurrock,THURR_16c0dec91dcf,283ca717565c,
England,E12000006,E06000034,Thurrock,THURR_774a557929be,4e58316d3bf7,
England,E12000006,E06000034,Thurrock,THURR_f9dd5b0d9144,3f8b89f0eb35,
England,E12000006,E06000034,Thurrock,THURR_471b6e733942,da507c4ae05d,
England,E12000006,E06000034,Thurrock,THURR_45af859dc166,a6d55e8c7961,
England,E12000006,E06000034,Thurrock,THURR_cfcd82cc6e26,5a06a653dfd9,
England,E12000006,E06000034,Thurrock,THURR_690882bf24d0,e757e1236abd,
England,E12000006,E06000034,Thurrock,THURR_cdb71b1d4221,d4b7ade6e81c,
England,E12000006,E06000034,Thurrock,THURR_d29ad6675a1a,83ad72c54994,
England,E12000006,E06000034,Thurrock,THURR_d451ecc86584,7c57516af0b8,
England,E12000006,E06000034,Thurrock,THURR_7c117a299c76,3154f590504f,
England,E12000006,E06000034,Thurrock,THURR_8e87bde2fdc7,b81fab775fbb,
England,E12000006,E06000034,Thurrock,THURR_609d78a95502,1aa748aa0a0c,
England,E12000006,E06000034,Thurrock,THURR_cbce5749409f,5258226ebc33,
England,E12000006,E06000034,Thurrock,THURR_a86be35e1528,0dd7e71baf4c,
England,E12000006,E06000034,Thurrock,THURR_ae5625b5fdf7,0193eb7a3cd0,
England,E12000006,E06000034,Thurrock,THURR_2982e36775a1,48412ebbb1cc,
England,E12000006,E06000034,Thurrock,THURR_a27f70edf829,0cd9f961d017,
England,E12000006,E06000034,Thurrock,THURR_c43dc8fc74f3,6c6bd30cb2af,
England,E12000006,E06000034,Thurrock,THURR_d4a8a1427259,cab7a2af9d44,
England,E12000006,E06000034,Thurrock,THURR_d346064fc77e,38f1318d36d9,
England,E12000006,E06000034,Thurrock,THURR_4cbd912ac3cd,76cc0c76bdd0,
England,E12000006,E06000034,Thurrock,THURR_63efb7b4efde,69aef2d1b6f5,
England,E12000006,E06000034,Thurrock,THURR_e9bb174164b5,a75981d830b7,
England,E12000006,E06000034,Thurrock,THURR_19957c68e4b3,9a7208f5a6dc,
England,E12000006,E06000034,Thurrock,THURR_73a9a1334d6d,b4261f92b51d,
England,E12000006,E06000034,Thurrock,THURR_0993a657094f,fd5ec7216f4e,
England,E12000006,E06000034,Thurrock,THURR_4a6cf262eaf3,765d99460b5d,
England,E12000006,E06000034,Thurrock,THURR_2c890b786a0f,b3d129bbf53b,
England,E12000006,E06000034,Thurrock,THURR_4a6b73d8ab25,912d07385c16,
England,E12000006,E06000034,Thurrock,THURR_c577d9b83d44,26699b85b510,
England,E12000006,E06000034,Thurrock,THURR_579e7ebc595e,c59339e094d1,
England,E12000006,E06000034,Thurrock,THURR_db01776bf599,52b6294fa46b,
England,E12000006,E06000034,Thurrock,THURR_660bdf34be84,18e92a512951,
England,E12000006,E06000034,Thurrock,THURR_d30ce0706890,0e7333390096,
England,E12000006,E06000034,Thurrock,THURR_02c1facf6f8c,303f93bf2805,
England,E12000006,E06000034,Thurrock,THURR_25d3747e5c1c,130b71f1253d,
England,E12000006,E06000034,Thurrock,THURR_c7a2986a8de3,289d035f1932,
England,E12000006,E06000034,Thurrock,THURR_a6bd5026077a,1062cbf53506,
England,E12000006,E06000034,Thurrock,THURR_08e29650afe0,f7167714ad5c,
England,E12000006,E06000034,Thurrock,THURR_c8be02adb2f1,e75feaf253a3,
England,E12000006,E06000034,Thurrock,THURR_6d03c53b82da,7d7b4c92a91e,
England,E12000006,E06000034,Thurrock,THURR_fca97e34479b,ac78e9760108,
England,E12000006,E06000034,Thurrock,THURR_42e879409746,b3f373ec4e4c,
England,E12000006,E06000034,Thurrock,THURR_66a48eff371b,4d443c8c8aba,
England,E12000006,E06000034,Thurrock,THURR_298e53de2e57,f8258b3b681a,
England,E12000006,E06000034,Thurrock,THURR_97f0578c9176,603f791dd061,
England,E12000006,E06000034,Thurrock,THURR_074f39090ef7,a0596632817b,
England,E12000006,E06000034,Thurrock,THURR_eaa942c71439,61502543faf3,
England,E12000006,E06000034,Thurrock,THURR_359590a5f216,e6c9982a9428,
England,E12000006,E06000034,Thurrock,THURR_2d9b9f958b0c,bf0f55745f8f,
England,E12000006,E06000034,Thurrock,THURR_462bb7d2bb76,ce5bf0cbdd64,
England,E12000006,E06000034,Thurrock,THURR_5079657875fe,aa2b15842e0d,
England,E12000006,E06000034,Thurrock,THURR_1bcc0f053c35,1014c3d2c08f,
England,E12000006,E06000034,Thurrock,THURR_dc62e87071f3,e5a82a8a029c,
England,E12000006,E06000034,Thurrock,THURR_852c80023b46,20320f534976,
England,E12000006,E06000034,Thurrock,THURR_d4798d2202de,f42700c9059e,
England,E12000006,E06000034,Thurrock,THURR_e027bff06971,74ad6c145043,
England,E12000006,E06000034,Thurrock,THURR_75bbfee68aea,ef0c0166f6f4,
England,E12000006,E06000034,Thurrock,THURR_6a621d7a500c,9c4542f04791,
England,E12000006,E06000034,Thurrock,THURR_870719bfb07b,d59fc95fb705,
England,E12000006,E06000034,Thurrock,THURR_b1517d02bce9,633c80f2d2c2,
England,E12000006,E06000034,Thurrock,THURR_316a408a3a1e,7157482075ff,
England,E12000006,E06000034,Thurrock,THURR_4e61111928b3,5af097746983,
England,E12000006,E06000034,Thurrock,THURR_1d07857103a1,3f97e3933ba4,
England,E12000006,E06000034,Thurrock,THURR_89fd8c0e30eb,aad1e73be5f6,
England,E12000006,E06000034,Thurrock,THURR_d1537b7d4243,8d5ba6453e5a,
England,E12000006,E06000034,Thurrock,THURR_f4b5116fd841,35bcf0e30668,
England,E12000006,E06000034,Thurrock,THURR_61631a1aff12,09122d25647f,
England,E12000006,E06000034,Thurrock,THURR_03dcbcb46c3c,7371bb65a453,
England,E12000006,E06000034,Thurrock,THURR_bd68d9eb1619,274ccacf9ef9,
England,E12000006,E06000034,Thurrock,THURR_23f104efb1f1,3febbda840b3,
England,E12000006,E06000034,Thurrock,THURR_1fd00dbf7b83,d533aa41c72d,
England,E12000006,E06000034,Thurrock,THURR_76c56f83fdf6,d4f429314c96,
England,E12000006,E06000034,Thurrock,THURR_fce8b8ef399d,a0f9ec67c7fa,
England,E12000006,E06000034,Thurrock,THURR_faf2f0d894ee,20a1e5f3b375,
England,E12000006,E06000034,Thurrock,THURR_9967d0c549f7,daf2fd936f88,
England,E12000006,E06000034,Thurrock,THURR_02b22c5131bd,1e0c3220fb40,
England,E12000006,E06000034,Thurrock,THURR_f1b0b19fe3a4,2a1a32762550,
England,E12000006,E06000034,Thurrock,THURR_1729d9d94e79,b0775b9e0b61,
England,E12000006,E06000034,Thurrock,THURR_cfa7a350a3da,46cf5a466e3c,
England,E12000006,E06000034,Thurrock,THURR_2564c51922c4,93490325a665,
England,E12000006,E06000034,Thurrock,THURR_0a746ad778d9,b62518b3eb64,
England,E12000006,E06000034,Thurrock,THURR_b474d8543132,e18a000e966d,
England,E12000006,E06000034,Thurrock,THURR_6782d97c5554,8af01c81ee14,
England,E12000006,E06000034,Thurrock,THURR_b00621db7ae2,da3b0e68230b,
England,E12000006,E06000034,Thurrock,THURR_3c9dd2a5fd12,eb1a1cd6cde6,
England,E12000006,E06000034,Thurrock,THURR_4b2984bbf3f1,1b3c61df6d2c,
England,E12000006,E06000034,Thurrock,THURR_2538e8a047d6,6d9f5a70b381,
England,E12000006,E06000034,Thurrock,THURR_f5c7c7a93836,09a81e83cd7c,
England,E12000006,E06000034,Thurrock,THURR_9cc4166bb3e6,b5896010661d,
England,E12000006,E06000034,Thurrock,THURR_a845452ff8fd,14d0714db6f2,
England,E12000006,E06000034,Thurrock,THURR_5be402df5d76,c9dc2e4efcfc,
England,E12000006,E06000034,Thurrock,THURR_5a57a093f11a,dc9a1d4ab23d,
England,E12000006,E06000034,Thurrock,THURR_0ef651364727,1f7ddcb63dff,
England,E12000006,E06000034,Thurrock,THURR_523ea34be27d,769c21b97603,
England,E12000006,E06000034,Thurrock,THURR_a6fd4e5fc640,5201e06a4b85,
England,E12000006,E06000034,Thurrock,THURR_0ab2af255b81,c0aa5a69919d,
England,E12000006,E06000034,Thurrock,THURR_30ed1e844017,64c19935c14d,
England,E12000006,E06000034,Thurrock,THURR_2a8e81e7ce03,571c0ce0200c,
England,E12000006,E06000034,Thurrock,THURR_61a3c5bc7bfe,a396f1510226,
England,E12000006,E06000034,Thurrock,THURR_712aac81565a,2a690eb55b5d,
England,E12000006,E06000034,Thurrock,THURR_6971b081be1a,c53120865caf,
England,E12000006,E06000034,Thurrock,THURR_e2b75bba7e3e,b3e9572dc100,
England,E12000006,E06000034,Thurrock,THURR_b3627981c580,db1cb4ee195f,
England,E12000006,E06000034,Thurrock,THURR_e4eac0eff8ae,fceddb9e4b7c,
England,E12000006,E06000034,Thurrock,THURR_7b81c23189f8,f5ec228a32d6,
England,E12000006,E06000034,Thurrock,THURR_bff9b4cc49f7,f86bf966ebba,
England,E12000006,E06000034,Thurrock,THURR_8cecfe11d94d,8cb86003e64a,
England,E12000006,E06000034,Thurrock,THURR_7d8e9181b71a,590d67acd6f9,
England,E12000006,E06000034,Thurrock,THURR_011e7c8b2655,4d027ac71cd7,
England,E12000006,E06000034,Thurrock,THURR_ebf6bd22b01e,6dba1e8be6fc,
England,E12000006,E06000034,Thurrock,THURR_0bb3bc881214,917514e31eb8,
England,E12000006,E06000034,Thurrock,THURR_8933909af4a5,112bb6cc4dc6,
England,E12000006,E06000034,Thurrock,THURR_2c6e7e3ff39f,e3eb70e08c81,
England,E12000006,E06000034,Thurrock,THURR_d0907252b499,7d4fb4ce0b60,
England,E12000006,E06000034,Thurrock,THURR_7265745cdcb0,2535353904a6,
England,E12000006,E06000034,Thurrock,THURR_9257da9275d3,a37328ab4842,
England,E12000006,E06000034,Thurrock,THURR_7afbb26a0a16,04e41a2f3aef,
England,E12000006,E06000034,Thurrock,THURR_527e10319f22,f61240e4b025,
England,E12000006,E06000034,Thurrock,THURR_6de825664377,7511108aab13,
England,E12000006,E06000034,Thurrock,THURR_5de59fac2087,50b8cee99225,
England,E12000006,E06000034,Thurrock,THURR_5ccb840315da,a5039261f0af,
England,E12000006,E06000034,Thurrock,THURR_b9bba2909f4f,d1d6660be85e,
England,E12000006,E06000034,Thurrock,THURR_5fb5052fcfde,1dc6fb662e5c,
England,E12000006,E06000034,Thurrock,THURR_5b49583d6d89,1557ff26986e,
England,E12000006,E06000034,Thurrock,THURR_0f72cb0a46ff,51c11ed353fc,
England,E12000006,E06000034,Thurrock,THURR_940849df95fd,6199813c1128,
England,E12000006,E06000034,Thurrock,THURR_7f4087589003,f1c2b8c7b323,
England,E12000006,E06000034,Thurrock,THURR_e1c33ed9f74a,2b6af22871a1,
England,E12000006,E06000034,Thurrock,THURR_2bd96a61217e,1086a6aed7b1,
England,E12000006,E06000034,Thurrock,THURR_17cee5472630,16c41cbfb41c,
England,E12000006,E06000034,Thurrock,THURR_378c26a08eec,3ea368f195f1,
England,E12000006,E06000034,Thurrock,THURR_80f26f1fa748,918a67f38edb,
England,E12000006,E06000034,Thurrock,THURR_ab72e63d5735,42e66edb1f61,
England,E12000006,E06000034,Thurrock,THURR_d5b99b278a88,96fb13c66c4b,
England,E12000006,E06000034,Thurrock,THURR_66b3f9c74f1e,1b45d7b7cff7,
England,E12000006,E06000034,Thurrock,THURR_49d1683762aa,ba80192f4503,
England,E12000006,E06000034,Thurrock,THURR_0037b14d741e,3cd56f7a1569,
England,E12000006,E06000034,Thurrock,THURR_7298e6b633df,6520b02d428d,
England,E12000006,E06000034,Thurrock,THURR_83680caf6231,6d5c0f554200,
England,E12000006,E06000034,Thurrock,THURR_bd110e0d4c27,8c82175aa0ae,
England,E12000006,E06000034,Thurrock,THURR_5caaebfabf60,9abc94a5fee9,
England,E12000006,E06000034,Thurrock,THURR_c9922c26fec0,c74712eeac52,
England,E12000006,E06000034,Thurrock,THURR_3d2a4d14629b,42ab8a0c0bf3,
England,E12000006,E06000034,Thurrock,THURR_5c54ac8495c0,e75112d5f74f,
England,E12000006,E06000034,Thurrock,THURR_8a45dea6c26a,d08573532ba0,
England,E12000006,E06000034,Thurrock,THURR_630b41d6697e,8adb01d78c58,
England,E12000006,E06000034,Thurrock,THURR_53878e84a51b,71fa9fb64c43,
England,E12000006,E06000034,Thurrock,THURR_7fff52b17eb8,3165eda59f79,
England,E12000006,E06000034,Thurrock,THURR_19430d2cef58,c0b70c485b52,
England,E12000006,E06000034,Thurrock,THURR_d4d17e5dbe29,fa894f2fa286,
England,E12000006,E06000034,Thurrock,THURR_986e30ee29f7,450045e5ce2c,
England,E12000006,E06000034,Thurrock,THURR_9762cce8a81c,3fdadcdd2f24,
England,E12000006,E06000034,Thurrock,THURR_8d5ec4dc7caf,361baed5efc9,
England,E12000006,E06000034,Thurrock,THURR_686312731529,c903ffd372ee,
England,E12000006,E06000034,Thurrock,THURR_801a0179f9fd,bb44cccb7533,
England,E12000006,E06000034,Thurrock,THURR_91815fd0481d,1b43d4816e4e,
England,E12000006,E06000034,Thurrock,THURR_4e396b5237e0,397941d21fae,
England,E12000006,E06000034,Thurrock,THURR_847c6a8a421a,0714d3a03daf,
England,E12000006,E06000034,Thurrock,THURR_1a78331ef1be,6edb7eb3f3a3,
England,E12000006,E06000034,Thurrock,THURR_5b153e2b4dcb,c9eb1dfa523d,
England,E12000006,E06000034,Thurrock,THURR_8290f897a723,cd5c1c5520c9,
England,E12000006,E06000034,Thurrock,THURR_4d4b400238d5,0fe185c0e6f1,
England,E12000006,E06000034,Thurrock,THURR_4ad80c0baf74,63e7f483ba99,
England,E12000006,E06000034,Thurrock,THURR_e0662cb1d05d,d15be71d06e2,
England,E12000006,E06000034,Thurrock,THURR_4cfa8943e40f,2ca8f9530922,
England,E12000006,E06000034,Thurrock,THURR_feeea9d89a04,ff345d8b248b,
England,E12000006,E06000034,Thurrock,THURR_6f362ad14d01,03c7516ffe85,
England,E12000006,E06000034,Thurrock,THURR_ef97173eb1e2,5c8ab31af0e2,
England,E12000006,E06000034,Thurrock,THURR_8e9efbee6b38,0fc4d58d546d,
England,E12000006,E06000034,Thurrock,THURR_25685ff34ab2,eacd7063f2f7,
England,E12000006,E06000034,Thurrock,THURR_9f87817db993,2408c42cd7b1,
England,E12000006,E06000034,Thurrock,THURR_dd821be42f9e,a86db893a260,
England,E12000006,E06000034,Thurrock,THURR_08e7604fd6a9,fa437d289002,
England,E12000006,E06000034,Thurrock,THURR_c5f5121d1b85,86df55cb84d9,
England,E12000006,E06000034,Thurrock,THURR_f47183aaffbf,0ba7f0281ae9,
England,E12000006,E06000034,Thurrock,THURR_f6c910ac08ad,67d7e3e6f111,
England,E12000006,E06000034,Thurrock,THURR_dc968d09662c,68fda06be97a,
England,E12000006,E06000034,Thurrock,THURR_33159e6e8c49,1098181814de,
England,E12000006,E06000034,Thurrock,THURR_f23ddda11309,60cafe4b2d72,
England,E12000006,E06000034,Thurrock,THURR_ff570935afa8,2573ee42f1ed,
England,E12000006,E06000034,Thurrock,THURR_f2ce8d4ddc4b,28ffe7f1c30b,
England,E12000006,E06000034,Thurrock,THURR_ee87f2e0b92d,eec6e5e11f97,
England,E12000006,E06000034,Thurrock,THURR_811a489384bd,f53c92a76b46,
England,E12000006,E06000034,Thurrock,THURR_23cc6b060303,eb6afca3b62d,
England,E12000006,E06000034,Thurrock,THURR_4b350a9bf3d3,2410b2ce3921,
England,E12000006,E06000034,Thurrock,THURR_62050b6eea2a,3bbe29797565,
England,E12000006,E06000034,Thurrock,THURR_9372e7007fd4,73bb9e964355,
England,E12000006,E06000034,Thurrock,THURR_05ac6aac68e8,43916a28eb44,
England,E12000006,E06000034,Thurrock,THURR_bf026a5d3f63,45a16903c90e,
England,E12000006,E06000034,Thurrock,THURR_4e91998c8cd1,a52006b5b762,
England,E12000006,E06000034,Thurrock,THURR_902a16b86b39,c8784969a27c,
England,E12000006,E06000034,Thurrock,THURR_1e519a09e037,4a81263c230b,
England,E12000006,E06000034,Thurrock,THURR_0dc6e4d5092d,6962458a8630,
England,E12000006,E06000034,Thurrock,THURR_ecbdb8da4d44,778fdd432acd,
England,E12000006,E06000034,Thurrock,THURR_13081f190f3b,727c37f5674b,
England,E12000006,E06000034,Thurrock,THURR_8eea957e4bce,7df89c32d001,
England,E12000006,E06000034,Thurrock,THURR_0d3c2a18feff,65e91d6f92be,
England,E12000006,E06000034,Thurrock,THURR_5b6bf0de5e5b,de142a2d5589,
England,E12000006,E06000034,Thurrock,THURR_748643868186,5000e75158bf,
England,E12000006,E06000034,Thurrock,THURR_d0129616503b,b7affd65ce96,
England,E12000006,E06000034,Thurrock,THURR_6cc6f4c9a6b8,8b9f4fcca2fe,
England,E12000006,E06000034,Thurrock,THURR_c198816fb7b7,016086ff1bee,
England,E12000006,E06000034,Thurrock,THURR_5670bd744e76,db313e4f82c6,
England,E12000006,E06000034,Thurrock,THURR_7cf78d0a3d22,2d48ad1f1547,
England,E12000006,E06000034,Thurrock,THURR_3d5e5edcbe0e,bccb19f36110,
England,E12000006,E06000034,Thurrock,THURR_b9b17ed90900,9e0809cea703,
England,E12000006,E06000034,Thurrock,THURR_1e78d2e78a98,0fc66a86ade3,
England,E12000006,E06000034,Thurrock,THURR_e9bc43484529,efbf4936afa6,
England,E12000006,E06000034,Thurrock,THURR_ff796eb507c9,f4f3a380c439,
England,E12000006,E06000034,Thurrock,THURR_e6082083fee0,e6841c692578,
England,E12000006,E06000034,Thurrock,THURR_0a6f0a7eeba2,97330106be35,
England,E12000006,E06000034,Thurrock,THURR_23e5992eb883,ab0588884ccb,
England,E12000006,E06000034,Thurrock,THURR_c0edbb1ab4b5,90e9dafd61b3,
England,E12000006,E06000034,Thurrock,THURR_7a0933fe7ff9,b68139de9e65,
England,E12000006,E06000034,Thurrock,THURR_b083f6c571a2,01865d13f8de,
England,E12000006,E06000034,Thurrock,THURR_a4e78f13fdca,069af5370324,
England,E12000006,E06000034,Thurrock,THURR_f268225ae5e8,e0325c3651a1,
England,E12000006,E06000034,Thurrock,THURR_fdf409386ff9,86927d1a155b,
England,E12000006,E06000034,Thurrock,THURR_53336c8bee95,97a61a0f2a60,
England,E12000006,E06000034,Thurrock,THURR_abd388c08b9b,6a463d190808,
England,E12000006,E06000034,Thurrock,THURR_5bb0e7beec90,2b462916f326,
England,E12000006,E06000034,Thurrock,THURR_2bc7bba97278,5588885bf776,
England,E12000006,E06000034,Thurrock,THURR_76d4fb4025b4,259c521a3c49,
England,E12000006,E06000034,Thurrock,THURR_ed800b5a54a9,439915ffcd13,
England,E12000006,E06000034,Thurrock,THURR_d9474bbd7791,4dd5f2738442,
England,E12000006,E06000034,Thurrock,THURR_e67aedd6f4c7,42919a4bf8eb,
England,E12000006,E06000034,Thurrock,THURR_417512fd5156,a9fd21afc159,
England,E12000006,E06000034,Thurrock,THURR_8e15bf1eeeab,a0042d25658c,
England,E12000006,E06000034,Thurrock,THURR_176280362f7e,1f50e8fb9d68,
England,E12000006,E06000034,Thurrock,THURR_179aa901479c,f154ccda8e92,
England,E12000006,E06000034,Thurrock,THURR_97f5e6f733e7,7c5860d4d93f,
England,E12000006,E06000034,Thurrock,THURR_2ddc366b3750,623056f9e098,
England,E12000006,E06000034,Thurrock,THURR_5a2f0896b0d8,6d82b0e60101,
England,E12000006,E06000034,Thurrock,THURR_3de7aac0ddb9,24d422105d43,
England,E12000006,E06000034,Thurrock,THURR_a0d0b9c6b7c0,adacd277a8e3,
England,E12000006,E06000034,Thurrock,THURR_9d3a58a57291,0fc32e3722e5,
England,E12000006,E06000034,Thurrock,THURR_de40d90b9e5a,87ea2b6f0e2e,
England,E12000006,E06000034,Thurrock,THURR_3b2cc4e5446b,cf43490ec7ee,
England,E12000006,E06000034,Thurrock,THURR_219865060cbd,4cca67b03cd9,
England,E12000006,E06000034,Thurrock,THURR_5f8849d48cda,c6c347fb781f,
England,E12000006,E06000034,Thurrock,THURR_0c7e07f3205e,f6034ae9ab5d,
England,E12000006,E06000034,Thurrock,THURR_85bf91917639,6a6d4e13d166,
England,E12000006,E06000034,Thurrock,THURR_906b73ee21d4,8438937b0f65,
England,E12000006,E06000034,Thurrock,THURR_1c9068cea808,5a285586339f,
England,E12000006,E06000034,Thurrock,THURR_627a385aafaf,ff96cf2b72c9,
England,E12000006,E06000034,Thurrock,THURR_2653bac51712,6da9de8a493e,
England,E12000006,E06000034,Thurrock,THURR_4ba457b4e8a8,ab38072004a4,
England,E12000006,E06000034,Thurrock,THURR_11a03454149f,5bb92e88f446,
England,E12000006,E06000034,Thurrock,THURR_94e257311ec9,721a22aca435,
England,E12000006,E06000034,Thurrock,THURR_7c29c578659f,cece6f769859,
England,E12000006,E06000034,Thurrock,THURR_4f38e0f74c07,49e1e0f3ac20,
England,E12000006,E06000034,Thurrock,THURR_232043bd90b5,f4911b2790bf,
England,E12000006,E06000034,Thurrock,THURR_130913018713,1fd02e639130,
England,E12000006,E06000034,Thurrock,THURR_3429f90af9d3,e3aba344bbe8,
England,E12000006,E06000034,Thurrock,THURR_0f8ce1b6435a,57718783a8a4,
England,E12000006,E06000034,Thurrock,THURR_0b0a19270569,8ae77a06b732,
England,E12000006,E06000034,Thurrock,THURR_87cfc66763bb,80ae3cb624c4,
England,E12000006,E06000034,Thurrock,THURR_d2b44da57447,e411cfed9657,
England,E12000006,E06000034,Thurrock,THURR_09bd175c1d85,984a750197ad,
England,E12000006,E06000034,Thurrock,THURR_16cfa96370b4,09c64fa85f89,
England,E12000006,E06000034,Thurrock,THURR_56da5433e310,6e80b6e26e2b,
England,E12000006,E06000034,Thurrock,THURR_b894e8a8d775,accccabb87d0,
England,E12000006,E06000034,Thurrock,THURR_129579487fc4,52d205093353,
England,E12000006,E06000034,Thurrock,THURR_9d43894da4e1,66b54f67f536,
England,E12000006,E06000034,Thurrock,THURR_f9c491c40c93,99e45d18ccee,
England,E12000006,E06000034,Thurrock,THURR_2843b59ee490,987b92e053cc,
England,E12000006,E06000034,Thurrock,THURR_4e21396a6c93,6073e9c4ad3c,
England,E12000006,E06000034,Thurrock,THURR_b1e47571d661,383b55a06d56,
England,E12000006,E06000034,Thurrock,THURR_54b5bb12b5af,106828a6aac6,
England,E12000006,E06000034,Thurrock,THURR_6b311060b631,4ce9cdeb7521,
England,E12000006,E06000034,Thurrock,THURR_be9cef6af090,1a240ded5f10,
England,E12000006,E06000034,Thurrock,THURR_862ea7599ad6,e9e8e7ff03e7,
England,E12000006,E06000034,Thurrock,THURR_c3a359ac96a9,34e5bfaad33d,
England,E12000006,E06000034,Thurrock,THURR_c4da06a9d7c2,1a3a3add740d,
England,E12000006,E06000034,Thurrock,THURR_90d462bd8ddf,99b521cb39e0,
England,E12000006,E06000034,Thurrock,THURR_2778938a81ce,0fb7aead93e9,
England,E12000006,E06000034,Thurrock,THURR_b5ad1df7787f,1a013947d489,
England,E12000006,E06000034,Thurrock,THURR_fe28384d52f1,de9953477a50,
England,E12000006,E06000034,Thurrock,THURR_e26503b16fd9,e40401630648,
England,E12000006,E06000034,Thurrock,THURR_1daa6ea9dc7a,a91bb8da23a0,
England,E12000006,E06000034,Thurrock,THURR_2e6973e98d4e,f0ce46e91849,
England,E12000006,E06000034,Thurrock,THURR_64c7516dcdea,aed251c82515,
England,E12000006,E06000034,Thurrock,THURR_7284faf223d4,58333e5a14d3,
England,E12000006,E06000034,Thurrock,THURR_e094c5bed1ef,dc540e0b2f34,
England,E12000006,E06000034,Thurrock,THURR_5dd34fdde0e5,4d683e0b1936,
England,E12000006,E06000034,Thurrock,THURR_7fabe5466a76,45f1951ad644,
England,E12000006,E06000034,Thurrock,THURR_0361c4e30051,76a1fd5c70d6,
England,E12000006,E06000034,Thurrock,THURR_829853679662,afe7aa9b893a,
England,E12000006,E06000034,Thurrock,THURR_c223994c14df,def7b2e4b9a5,
England,E12000006,E06000034,Thurrock,THURR_fa8bd8b6cf1e,b44ab4da6ffe,
England,E12000006,E06000034,Thurrock,THURR_cfd43bad245b,af36f10e3545,
England,E12000006,E06000034,Thurrock,THURR_00f6a6ed16cc,8ecba6bca805,
England,E12000006,E06000034,Thurrock,THURR_b43d1fe3415f,80a860435844,
England,E12000006,E06000034,Thurrock,THURR_b339d1f2f5d2,e65c827643ba,
England,E12000006,E06000034,Thurrock,THURR_c24def1c2ac3,8022af346b57,
England,E12000006,E06000034,Thurrock,THURR_8a43e9914984,a18678b6d432,
England,E12000006,E06000034,Thurrock,THURR_78c410dc9bf1,7a1ab1e700da,
England,E12000006,E06000034,Thurrock,THURR_80e2d4c16f52,79018a606fa1,
England,E12000006,E06000034,Thurrock,THURR_f5b388c1aa9e,afbc330ff49c,
England,E12000006,E06000034,Thurrock,THURR_7ef4b1aea777,a84370663331,
England,E12000006,E06000034,Thurrock,THURR_9e0fabb9d2f4,ac9bb358b40d,
England,E12000006,E06000034,Thurrock,THURR_14858fb4dbb2,6d3b31badf2f,
England,E12000006,E06000034,Thurrock,THURR_ad16d778e8f1,29cafe18d157,
England,E12000006,E06000034,Thurrock,THURR_427b8dcee778,f5906326bf73,
England,E12000006,E06000034,Thurrock,THURR_ba00984d3e8f,93ab94cf71f6,
England,E12000006,E06000034,Thurrock,THURR_901f6cb93422,e7c4188f3ee9,
England,E12000006,E06000034,Thurrock,THURR_e28fb382723b,a1a5d9ea909c,
England,E12000006,E06000034,Thurrock,THURR_d5fbbae6b362,c6d8509fe9a8,
England,E12000006,E06000034,Thurrock,THURR_79bcdaa35cb7,3a736c89045e,
England,E12000006,E06000034,Thurrock,THURR_a3ba2ba262fd,b6eeea8f9f98,
England,E12000006,E06000034,Thurrock,THURR_57fc207f01fa,b6b5cf0b794b,
England,E12000006,E06000034,Thurrock,THURR_690f69e5ce8f,700a44f0a5f3,
England,E12000006,E06000034,Thurrock,THURR_8cc9fe5ac1da,d585a3e1d2ef,
England,E12000006,E06000034,Thurrock,THURR_c09e13b35e6c,06cbf7203ea3,
England,E12000006,E06000034,Thurrock,THURR_323a60a4d32c,d7952f6e4f47,
England,E12000006,E06000034,Thurrock,THURR_a2a3496df104,9d353ff8ef13,
England,E12000006,E06000034,Thurrock,THURR_5b4889daeb5e,df79b51e9c01,
England,E12000006,E06000034,Thurrock,THURR_b915495c7639,cf481d67735f,
England,E12000006,E06000034,Thurrock,THURR_079603bdab41,85653ebe12fb,
England,E12000006,E06000034,Thurrock,THURR_b1b494096a83,72ba42800f52,
England,E12000006,E06000034,Thurrock,THURR_7d670b2cf52e,fc2ba63d6053,
England,E12000006,E06000034,Thurrock,THURR_caa6616a2ba5,615b191a375a,
England,E12000006,E06000034,Thurrock,THURR_61b7b50a4d57,5c5060c7e0fd,
England,E12000006,E06000034,Thurrock,THURR_0e306085d381,1a7a1f8248b0,
England,E12000006,E06000034,Thurrock,THURR_d44ca935cf62,4d5d49ba27d6,
England,E12000006,E06000034,Thurrock,THURR_6df14c60ffc4,691a720c213d,
England,E12000006,E06000034,Thurrock,THURR_74d91301bb45,b507a3f69ca5,
England,E12000006,E06000034,Thurrock,THURR_f9875c6b581d,8d7b57b42015,
England,E12000006,E06000034,Thurrock,THURR_a4223f559afc,e93d39010253,
England,E12000006,E06000034,Thurrock,THURR_7196f8be0598,3c5adb8000a3,
England,E12000006,E06000034,Thurrock,THURR_1b9dfb8915eb,783595f09a40,
England,E12000006,E06000034,Thurrock,THURR_cecd1b62c22b,c7b99a50199a,
England,E12000006,E06000034,Thurrock,THURR_eb6f3aa25a57,3f34475a68a8,
England,E12000006,E06000034,Thurrock,THURR_3a2cc4c61534,699e6bee2f08,
England,E12000006,E06000034,Thurrock,THURR_e3b87131bbab,a2eeb50d3c23,
England,E12000006,E06000034,Thurrock,THURR_cb111b0966b6,5c7962172d05,
England,E12000006,E06000034,Thurrock,THURR_89be964cf7e6,dc8ab7fc02be,
England,E12000006,E06000034,Thurrock,THURR_4ec807211255,b2343eb442a5,
England,E12000006,E06000034,Thurrock,THURR_b916f4069cf3,96bd1259b487,
England,E12000006,E06000034,Thurrock,THURR_a51c5957f971,fcd23ab61261,
England,E12000006,E06000034,Thurrock,THURR_0af10f259f9b,b6fe089af656,
England,E12000006,E06000034,Thurrock,THURR_fe0b34b6a9ed,a9ee65ce25f8,
England,E12000006,E06000034,Thurrock,THURR_bc1d1161027b,dd5c50845fae,
England,E12000006,E06000034,Thurrock,THURR_703987eb6627,43d6e074ee80,
England,E12000006,E06000034,Thurrock,THURR_4f161c5bdc70,8b5f2af6571e,
England,E12000006,E06000034,Thurrock,THURR_2f0b110539cd,1414d1f55b05,
England,E12000006,E06000034,Thurrock,THURR_96d9c3c3fc65,c2c254ad2d9d,
England,E12000006,E06000034,Thurrock,THURR_46910e01e03b,2740d4d6766b,
England,E12000006,E06000034,Thurrock,THURR_fdeddd7108ca,378c3e29bd80,
England,E12000006,E06000034,Thurrock,THURR_27bbec59b8a8,532e3299881a,
England,E12000006,E06000034,Thurrock,THURR_2d753c517728,8d729eda79cd,
England,E12000006,E06000034,Thurrock,THURR_07efcf036dde,0ca485b1daca,
England,E12000006,E06000034,Thurrock,THURR_58566ca00350,5b26b2255499,
England,E12000006,E06000034,Thurrock,THURR_6b0bba682f3c,5537df94cea3,
England,E12000006,E06000034,Thurrock,THURR_66962a177961,3d984b0811ad,
England,E12000006,E06000034,Thurrock,THURR_3c65c23eb08d,14af4ffa74e9,
England,E12000006,E06000034,Thurrock,THURR_bae4de202322,14633d67a50e,
England,E12000006,E06000034,Thurrock,THURR_edea8ca5d3e9,8a7cc64826a2,
England,E12000006,E06000034,Thurrock,THURR_c5cacce7b3e5,47483ecf07cd,
England,E12000006,E06000034,Thurrock,THURR_763f5eaf5d3e,00256e9aa902,
England,E12000006,E06000034,Thurrock,THURR_fdffc4f50508,9c32e5c53cb4,
England,E12000006,E06000034,Thurrock,THURR_150150401971,3a25df6a022e,
England,E12000006,E06000034,Thurrock,THURR_db22f0caa483,6c273aaf558f,
England,E12000006,E06000034,Thurrock,THURR_a2076cf9e82a,b1b1a742faae,
England,E12000006,E06000034,Thurrock,THURR_8dce59a3be5e,28f1a3cedac2,
England,E12000006,E06000034,Thurrock,THURR_ed2987f5d4d1,c920d52372ff,
England,E12000006,E06000034,Thurrock,THURR_9cc724da2ae1,3e6c080ca0dc,
England,E12000006,E06000034,Thurrock,THURR_18acbb08b50e,73e3df2a5217,
England,E12000006,E06000034,Thurrock,THURR_a39da9577c9a,09f84afd0745,
England,E12000006,E06000034,Thurrock,THURR_abccb64f99a0,b3dcc85ae009,
England,E12000006,E06000034,Thurrock,THURR_7f6c71bf0d97,396584ac5922,
England,E12000006,E06000034,Thurrock,THURR_91f6fbe98f87,fe914c13ca2b,
England,E12000006,E06000034,Thurrock,THURR_4cf12591f9c9,6054a98bcf8b,
England,E12000006,E06000034,Thurrock,THURR_c6662f89ace8,3360b11d4df1,
England,E12000006,E06000034,Thurrock,THURR_ca8425ad3f1f,118dbd066cb9,
England,E12000006,E06000034,Thurrock,THURR_0c636857480a,abfd2fc2a23c,
England,E12000006,E06000034,Thurrock,THURR_fd2efcb2661b,3d2208964103,
England,E12000006,E06000034,Thurrock,THURR_215e36f83d47,7f3fef00c5e6,
England,E12000006,E06000034,Thurrock,THURR_780aad44ab5b,df581c6a0379,
England,E12000006,E06000034,Thurrock,THURR_f8efa7bac8de,52dafe68e332,
England,E12000006,E06000034,Thurrock,THURR_85c57c24935f,665d088c83c0,
England,E12000006,E06000034,Thurrock,THURR_459ff365b8c3,003ae73c3e67,
England,E12000006,E06000034,Thurrock,THURR_e9fc21363142,e34ef08c5d3a,
England,E12000006,E06000034,Thurrock,THURR_4fd05192a103,ecbcac988e64,
England,E12000006,E06000034,Thurrock,THURR_a8b4dbbe8655,a7f2b3df3c40,
England,E12000006,E06000034,Thurrock,THURR_b01911121888,1253fc8f8080,
England,E12000006,E06000034,Thurrock,THURR_253cd90bdc32,2e478699772a,
England,E12000006,E06000034,Thurrock,THURR_a9ccc19eb927,e79ad9897fd1,
England,E12000006,E06000034,Thurrock,THURR_7ee2353e02ae,b1c7551661cc,
England,E12000006,E06000034,Thurrock,THURR_681cd6ae84b3,d1becef5a5f8,
England,E12000006,E06000034,Thurrock,THURR_21081dddd969,fa928d2c7310,
England,E12000006,E06000034,Thurrock,THURR_66b163177b7c,e12ed8a41cda,
England,E12000006,E06000034,Thurrock,THURR_e774c5ea2114,c5720f906f15,
England,E12000006,E06000034,Thurrock,THURR_cb3ee8097c70,9d3f8645e45b,
England,E12000006,E06000034,Thurrock,THURR_a18c6ba2733d,dc0e2a00fb7a,
England,E12000006,E06000034,Thurrock,THURR_cfdc7b4e5278,1dbf5023de12,
England,E12000006,E06000034,Thurrock,THURR_33f83d61411b,653aa7c57266,
England,E12000006,E06000034,Thurrock,THURR_04732920ed1b,e304c10987c5,
England,E12000006,E06000034,Thurrock,THURR_94d6d6cca7cd,803140637eb0,
England,E12000006,E06000034,Thurrock,THURR_23043f7ccbf0,62fa30642fb3,
England,E12000006,E06000034,Thurrock,THURR_b0bfa133d146,61ee44d1c326,
England,E12000006,E06000034,Thurrock,THURR_511671ee6949,e4fe4d381321,
England,E12000006,E06000034,Thurrock,THURR_ba1b08214d7e,864259a54677,
England,E12000006,E06000034,Thurrock,THURR_09480c89e0e1,ed1e3573818a,
England,E12000006,E06000034,Thurrock,THURR_e0d4a8baa2d7,6aac520eff97,
England,E12000006,E06000034,Thurrock,THURR_862eaa49f0d8,0ed5495887db,
England,E12000006,E06000034,Thurrock,THURR_1d32a847e29a,9991cf700d44,
England,E12000006,E06000034,Thurrock,THURR_4d2c33a6041f,e68dbcf1c761,
England,E12000006,E06000034,Thurrock,THURR_bd1f4ad4165f,f7af8671536c,
England,E12000006,E06000034,Thurrock,THURR_2ba00fb93930,561577dbf776,
England,E12000006,E06000034,Thurrock,THURR_994e57993d8a,904fd7f890a1,
England,E12000006,E06000034,Thurrock,THURR_514c9d522206,f6b7f3ed8b4e,
England,E12000006,E06000034,Thurrock,THURR_a87dd50a5584,d821558466e3,
England,E12000006,E06000034,Thurrock,THURR_51b75b5cb1a2,a8c9a5f92edd,
England,E12000006,E06000034,Thurrock,THURR_0b550a4d66b0,99c6b8c4f493,
England,E12000006,E06000034,Thurrock,THURR_3a8162769b58,7fcdefbc596c,
England,E12000006,E06000034,Thurrock,THURR_1bfc85c28773,50c852be821d,
England,E12000006,E06000034,Thurrock,THURR_470b7e33c0ec,f28e97c72cdd,
England,E12000006,E06000034,Thurrock,THURR_c1739e1880ee,10cfb234a66b,
England,E12000006,E06000034,Thurrock,THURR_a9826c9b9908,fb522f95fc25,
England,E12000006,E06000034,Thurrock,THURR_20d07aae5e3a,269621ede7ca,
England,E12000006,E06000034,Thurrock,THURR_40767b8d07cb,0707da232519,
England,E12000006,E06000034,Thurrock,THURR_05a4958000ce,622415c200fe,
England,E12000006,E06000034,Thurrock,THURR_1dbf63492697,c7be594053ee,
England,E12000006,E06000034,Thurrock,THURR_142e10481f33,6f0fa8e643ca,
England,E12000006,E06000034,Thurrock,THURR_2b06fd092a34,03cf02ca6604,
England,E12000006,E06000034,Thurrock,THURR_33854fdc43c9,b72becfc5778,
England,E12000006,E06000034,Thurrock,THURR_cd80acb56818,c55496e89dd3,
England,E12000006,E06000034,Thurrock,THURR_07f6f8305970,19070dd6d900,
England,E12000006,E06000034,Thurrock,THURR_2e10fddae7f7,202a3a89d63b,
England,E12000006,E06000034,Thurrock,THURR_07b4e2979858,9cd5ffd75db2,
England,E12000006,E06000034,Thurrock,THURR_a1b3467c7e85,05c18b70d3a4,
England,E12000006,E06000034,Thurrock,THURR_5c4144869861,0c223ebe3e1a,
England,E12000006,E06000034,Thurrock,THURR_c86c276fcd37,2b04a1b7b7e0,
England,E12000006,E06000034,Thurrock,THURR_8d771f2f2fce,ce87cb69f985,
England,E12000006,E06000034,Thurrock,THURR_bb92832648eb,d3abb3e45f14,
England,E12000006,E06000034,Thurrock,THURR_2bf3fb41d81f,1ecced772dcb,
England,E12000006,E06000034,Thurrock,THURR_e79633c9c96b,c26f4fe276dc,
England,E12000006,E06000034,Thurrock,THURR_849e928f1c52,bf2d6f0f1403,
England,E12000006,E06000034,Thurrock,THURR_7c45829285a2,3bb9a5adee82,
England,E12000006,E06000034,Thurrock,THURR_075ed597a1f4,ae9f35853a00,
England,E12000006,E06000034,Thurrock,THURR_7f016583c828,2a5eadc1220c,
England,E12000006,E06000034,Thurrock,THURR_0c7ebba13693,819c111c260b,
England,E12000006,E06000034,Thurrock,THURR_cbcf52a778f8,bd15a77e89a2,
England,E12000006,E06000034,Thurrock,THURR_45856e4e9a77,697dccc39a18,
England,E12000006,E06000034,Thurrock,THURR_e93b45bdd836,2ab2f004d493,
England,E12000006,E06000034,Thurrock,THURR_139ce06cfdba,7d9c996e67b1,
England,E12000006,E06000034,Thurrock,THURR_7e51ab577b5f,62967de7fd8a,
England,E12000006,E06000034,Thurrock,THURR_da3463e5f838,1dc8361081aa,
England,E12000006,E06000034,Thurrock,THURR_82e81522f3f7,8a1763c90730,
England,E12000006,E06000034,Thurrock,THURR_8713369e6707,3aeef24ed3f5,
England,E12000006,E06000034,Thurrock,THURR_1be1c8dd2474,5d2c11491a3c,
England,E12000006,E06000034,Thurrock,THURR_f78fec1bd7af,9a7aad61c07e,
England,E12000006,E06000034,Thurrock,THURR_0ef71cd366c9,0c1ab3196887,
England,E12000006,E06000034,Thurrock,THURR_517961370f2d,de39c0eeee69,
England,E12000006,E06000034,Thurrock,THURR_4da991ea0320,610e4be53574,
England,E12000006,E06000034,Thurrock,THURR_0ab6aac375ef,16075669a1e2,
England,E12000006,E06000034,Thurrock,THURR_134faa78479b,3df3a06a536f,
England,E12000006,E06000034,Thurrock,THURR_af6a004dacf9,3697c0dfd33d,
England,E12000006,E06000034,Thurrock,THURR_df883f28a7c1,8736fc86d8c2,
England,E12000006,E06000034,Thurrock,THURR_f674922bc47c,a8a4cb99f267,
England,E12000006,E06000034,Thurrock,THURR_ba4f48f64497,2b89c8b5dfa3,
England,E12000006,E06000034,Thurrock,THURR_52579c0807a4,fc98244a8045,
England,E12000006,E06000034,Thurrock,THURR_ee7fca5100fd,468e905b10cb,
England,E12000006,E06000034,Thurrock,THURR_6276e7306386,35779a578ca0,
England,E12000006,E06000034,Thurrock,THURR_240d837d26aa,2ff427bde1a9,
England,E12000006,E06000034,Thurrock,THURR_c220f2c62c5e,179276eed38e,
England,E12000006,E06000034,Thurrock,THURR_58fcd5aca84c,e4b198529c7a,
England,E12000006,E06000034,Thurrock,THURR_799b24c1a954,7469c660cd7b,
England,E12000006,E06000034,Thurrock,THURR_8f824f2d9580,6aff959b4b69,
England,E12000006,E06000034,Thurrock,THURR_b352d97021af,b9d37a29456b,
England,E12000006,E06000034,Thurrock,THURR_63afb41800d4,873537cd1393,
England,E12000006,E06000034,Thurrock,THURR_f59f6cdaa7bd,8d1eb43483a8,
England,E12000006,E06000034,Thurrock,THURR_3ccdd325da33,38ed62af6020,
England,E12000006,E06000034,Thurrock,THURR_6c8ea2b1985c,e1d17cdf222d,
England,E12000006,E06000034,Thurrock,THURR_67c774d9bde7,051704dd6e44,
England,E12000006,E06000034,Thurrock,THURR_660560223f0a,6ccdafeb578f,
England,E12000006,E06000034,Thurrock,THURR_16ee75e50b60,897471c5510d,
England,E12000006,E06000034,Thurrock,THURR_3da7e67dac25,4f00a81ba63a,
England,E12000006,E06000034,Thurrock,THURR_fd27e5fed488,af93abfc7cce,
England,E12000006,E06000034,Thurrock,THURR_65e683bee607,93a0734b012a,
England,E12000006,E06000034,Thurrock,THURR_8716d1ebc43c,cda0cf2deca3,
England,E12000006,E06000034,Thurrock,THURR_aeb675330549,062a47e8a04d,
England,E12000006,E06000034,Thurrock,THURR_8791a24ddc67,c3a66d0f7c9f,
England,E12000006,E06000034,Thurrock,THURR_b472241faaf0,dc2c7fa05071,
England,E12000006,E06000034,Thurrock,THURR_1132b2cf7ef0,1a3d7ac47215,
England,E12000006,E06000034,Thurrock,THURR_3e1d3b5ef0d2,c9e795ab37c5,
England,E12000006,E06000034,Thurrock,THURR_a719ab56ce25,7100ad1a7cd6,
England,E12000006,E06000034,Thurrock,THURR_3e6cc9ea6aba,a7bfc2bcd098,
England,E12000006,E06000034,Thurrock,THURR_029ca34c42eb,95ff8aa2f665,
England,E12000006,E06000034,Thurrock,THURR_4154deb0b064,2d199a2339c7,
England,E12000006,E06000034,Thurrock,THURR_f37ab506b205,aef26c038952,
England,E12000006,E06000034,Thurrock,THURR_5ce172c705b8,422b4d852ac9,
England,E12000006,E06000034,Thurrock,THURR_4867f7d1b669,7fa6ff3804d6,
England,E12000006,E06000034,Thurrock,THURR_f1627af0d5ce,2a9bf174893e,
England,E12000006,E06000034,Thurrock,THURR_c74c67d1422d,7de2728785ef,
England,E12000006,E06000034,Thurrock,THURR_00a761599745,763cf8847c08,
England,E12000006,E06000034,Thurrock,THURR_7043234d5efa,7f665102eaa7,
England,E12000006,E06000034,Thurrock,THURR_5614b81e81cb,a4d54f1fa3d1,
England,E12000006,E06000034,Thurrock,THURR_fa228095deae,34a0c1bc7467,
England,E12000006,E06000034,Thurrock,THURR_6bdc432ea046,e3f349a3a8c6,
England,E12000006,E06000034,Thurrock,THURR_ce4caef3391b,d50e149e23e4,
England,E12000006,E06000034,Thurrock,THURR_816ba305cc33,6d7c3a5efa2f,
England,E12000006,E06000034,Thurrock,THURR_be64468777a9,419eae4c1b12,
England,E12000006,E06000034,Thurrock,THURR_c4d25000ada1,264830e6d449,
England,E12000006,E06000034,Thurrock,THURR_64d61973a5a2,e3d8ae5bc411,
England,E12000006,E06000034,Thurrock,THURR_e5f1a353edaa,bbc27f6da6f1,
England,E12000006,E06000034,Thurrock,THURR_e3f1d999dc0c,5eee376b7e0f,
England,E12000006,E06000034,Thurrock,THURR_f8cabbdb215b,33d0f872a9f5,
England,E12000006,E06000034,Thurrock,THURR_cafecd1c9e0b,75ee26bf824e,
England,E12000006,E06000034,Thurrock,THURR_1b7e8401ce22,388636687003,
England,E12000006,E06000034,Thurrock,THURR_110cc24c4fd5,f2a9ddbfef4a,
England,E12000006,E06000034,Thurrock,THURR_01aa6b3f5163,33d1f1ece286,
England,E12000006,E06000034,Thurrock,THURR_dc2c8d696a15,7b1c0c275b7e,
England,E12000006,E06000034,Thurrock,THURR_57009ab1eb3a,5cad0a2a17d0,
England,E12000006,E06000034,Thurrock,THURR_8dd77671e841,b466a202dcc7,
England,E12000006,E06000034,Thurrock,THURR_6ecde435d8fe,d134c2ee01c6,
England,E12000006,E06000034,Thurrock,THURR_50bf96aa5c3e,70ee880759ec,
England,E12000006,E06000034,Thurrock,THURR_09fb0960c8ee,592bfe519f35,
England,E12000006,E06000034,Thurrock,THURR_bf8bd34673bb,ab8efb3386cf,
England,E12000006,E06000034,Thurrock,THURR_2a27f8efce53,b78551a985e3,
England,E12000006,E06000034,Thurrock,THURR_23eee1e2fd5a,b4736f555640,
England,E12000006,E06000034,Thurrock,THURR_6b780be435eb,88fd44c99f8d,
England,E12000006,E06000034,Thurrock,THURR_dc4b5e23d11d,6eece728b10d,
England,E12000006,E06000034,Thurrock,THURR_8b7a1f0fc196,0c3a6f6f3cfc,
England,E12000006,E06000034,Thurrock,THURR_8a41b223f6d9,9044f82d11dd,
England,E12000006,E06000034,Thurrock,THURR_c9541361b3a2,1b4d80513e58,
England,E12000006,E06000034,Thurrock,THURR_9c949c4224e6,95d7db763780,
England,E12000006,E06000034,Thurrock,THURR_7f352f3a5bce,9cfa6794eb14,
England,E12000006,E06000034,Thurrock,THURR_b6f1bb60fdd1,9de9bdf167ae,
England,E12000006,E06000034,Thurrock,THURR_3b75eca92ec8,bcc3b7865056,
England,E12000006,E06000034,Thurrock,THURR_da66fc8893c6,14f26efe9d43,
England,E12000006,E06000034,Thurrock,THURR_5e6c8c25dfc6,03a1d7d5050e,
England,E12000006,E06000034,Thurrock,THURR_c520d91906d5,5793f0ea92ff,
England,E12000006,E06000034,Thurrock,THURR_e49eb7223752,5b3a15a02acc,
England,E12000006,E06000034,Thurrock,THURR_1e15bfb7a79c,9ca3a4ba9627,
England,E12000006,E06000034,Thurrock,THURR_514476aeec8a,ae6636088ada,
England,E12000006,E06000034,Thurrock,THURR_4d0532960854,ca0c859bad2b,
England,E12000006,E06000034,Thurrock,THURR_14d27dccfad0,0140cf764bb7,
England,E12000006,E06000034,Thurrock,THURR_6887c3ee713d,27a901a61d77,
England,E12000006,E06000034,Thurrock,THURR_a602f7d05779,8de870a59929,
England,E12000006,E06000034,Thurrock,THURR_11d1971cd8c5,cf4e25909dc4,
England,E12000006,E06000034,Thurrock,THURR_71dda6e3615a,80dabbb88cf9,
England,E12000006,E06000034,Thurrock,THURR_992dead3cb74,4de7f61b1919,
England,E12000006,E06000034,Thurrock,THURR_6cf73e8dab64,e6b01a74f25b,
England,E12000006,E06000034,Thurrock,THURR_2ca0590fb38d,3d68efed7d69,
England,E12000006,E06000034,Thurrock,THURR_0910eb1bea64,b4aed25ed9b9,
England,E12000006,E06000034,Thurrock,THURR_bb195d2a19dd,e7d772fb5475,
England,E12000006,E06000034,Thurrock,THURR_e25be979a70d,4ba52b503b5e,
England,E12000006,E06000034,Thurrock,THURR_ca05de9bff43,5dff8a6e227b,
England,E12000006,E06000034,Thurrock,THURR_f9e0c1739535,6a2b73af231b,
England,E12000006,E06000034,Thurrock,THURR_5df753182017,4ce1aedf43e2,
England,E12000006,E06000034,Thurrock,THURR_6a9423df11be,78f56d109a03,
England,E12000006,E06000034,Thurrock,THURR_7adcc0041586,cad078041157,
England,E12000006,E06000034,Thurrock,THURR_ee7814379594,36e0849ff276,
England,E12000006,E06000034,Thurrock,THURR_cf43ef8f822e,0a2e3990dc77,
England,E12000006,E06000034,Thurrock,THURR_443e0c1de495,162e33fb2373,
England,E12000006,E06000034,Thurrock,THURR_8b9f8bb2aa00,415554d7ba74,
England,E12000006,E06000034,Thurrock,THURR_90d138b78ddb,0465c4356c04,
England,E12000006,E06000034,Thurrock,THURR_45d54bc8a462,764fbca78fa5,
England,E12000006,E06000034,Thurrock,THURR_de2e5339a0d9,6fba914ef6f0,
England,E12000006,E06000034,Thurrock,THURR_4a0b2172759c,9de0037b50da,
England,E12000006,E06000034,Thurrock,THURR_f7db715f75d5,55a7ea5cf80a,
England,E12000006,E06000034,Thurrock,THURR_365cbfcc9c3c,201a63e27d5b,
England,E12000006,E06000034,Thurrock,THURR_e954bb118511,b32be78eb22d,
England,E12000006,E06000034,Thurrock,THURR_793732c9fb42,2eff3bfb1f61,
England,E12000006,E06000034,Thurrock,THURR_60de1e01e7ad,6a79c621c57e,
England,E12000006,E06000034,Thurrock,THURR_26a5d8a9eaba,aab80dd246ed,
England,E12000006,E06000034,Thurrock,THURR_6d9bc5cc5b25,7f3496ce7cdd,
England,E12000006,E06000034,Thurrock,THURR_e571fa115174,5e8969bbe20b,
England,E12000006,E06000034,Thurrock,THURR_35ab5b3e8b92,ad5f2f8080b1,
England,E12000006,E06000034,Thurrock,THURR_d1f23d4c88c1,cde0c56284fa,
England,E12000006,E06000034,Thurrock,THURR_337aa569c7f5,446d153e2c51,
England,E12000006,E06000034,Thurrock,THURR_efadc5e75afc,e44313845d02,
England,E12000006,E06000034,Thurrock,THURR_8d3b6d834007,81ee762a44b0,
England,E12000006,E06000034,Thurrock,THURR_f0719a22b59b,71a67d46c692,
England,E12000006,E06000034,Thurrock,THURR_f84c649977d3,fd9442d656b5,
England,E12000006,E06000034,Thurrock,THURR_9db01e16df80,a1bb2545c941,
England,E12000006,E06000034,Thurrock,THURR_21dcf737ccf6,75c786e76205,
England,E12000006,E06000034,Thurrock,THURR_400447e2b32a,1fde465a4cb4,
England,E12000006,E06000034,Thurrock,THURR_ed9d80b2aedb,0bea8a35c0ed,
England,E12000006,E06000034,Thurrock,THURR_474de2e046f6,6f6676a58b4e,
England,E12000006,E06000034,Thurrock,THURR_5967432de34a,8b46099acdc0,
England,E12000006,E06000034,Thurrock,THURR_159a5a6618bb,4726e4f217a5,
England,E12000006,E06000034,Thurrock,THURR_d7ddd6c85809,4fcef6cdfa59,
England,E12000006,E06000034,Thurrock,THURR_1726ab378502,91a39449a981,
England,E12000006,E06000034,Thurrock,THURR_3fc14d06235f,d782b7678df1,
England,E12000006,E06000034,Thurrock,THURR_efa76958c3cf,d51be27aaa52,
England,E12000006,E06000034,Thurrock,THURR_6652f618851a,754f88b49105,
England,E12000006,E06000034,Thurrock,THURR_c62b43f19c28,e8ab23fcb94a,
England,E12000006,E06000034,Thurrock,THURR_6a176797354e,2ba95df068d4,
England,E12000006,E06000034,Thurrock,THURR_86300aa8c19c,3108d553355c,
England,E12000006,E06000034,Thurrock,THURR_0ef883050247,13dba24be0f6,
England,E12000006,E06000034,Thurrock,THURR_446534bb12c0,a0d7a0b90a63,
England,E12000006,E06000034,Thurrock,THURR_76362f0eae96,74785e7705ce,
England,E12000006,E06000034,Thurrock,THURR_e08818fa5e1b,f6a898a19eff,
England,E12000006,E06000034,Thurrock,THURR_fcd40324eb0b,8047ce5ce540,
England,E12000006,E06000034,Thurrock,THURR_aca8ceac06da,ddc1f5870b2a,
England,E12000006,E06000034,Thurrock,THURR_32ca589ef1d9,171f82b198e9,
England,E12000006,E06000034,Thurrock,THURR_fdd379e5fc2e,81678a60d2ed,
England,E12000006,E06000034,Thurrock,THURR_c6b8e6993e8c,b4cec454bd73,
England,E12000006,E06000034,Thurrock,THURR_36ff78367700,6eedc59a443b,
England,E12000006,E06000034,Thurrock,THURR_a8bd93288345,2d98f97e9623,
England,E12000006,E06000034,Thurrock,THURR_a438b59d69d8,533d6f65d46c,
England,E12000006,E06000034,Thurrock,THURR_1ee8fe2f1481,fe8f58e63eb3,
England,E12000006,E06000034,Thurrock,THURR_cd8d34409afc,4541f9bcf532,
England,E12000006,E06000034,Thurrock,THURR_fbca5e7b2887,929494ca5def,
England,E12000006,E06000034,Thurrock,THURR_0eb3840ec948,f0a9fe1737fc,
England,E12000006,E06000034,Thurrock,THURR_cf75d59d54f4,012057b3c8f4,
England,E12000006,E06000034,Thurrock,THURR_49514eaaffe8,17c6eadfb0f3,
England,E12000006,E06000034,Thurrock,THURR_53f7b8e7453a,8d8eaba56f91,
England,E12000006,E06000034,Thurrock,THURR_ec26cefe6ea1,82a0613bb70a,
England,E12000006,E06000034,Thurrock,THURR_d5d69d5b45f7,35f29cee2905,
England,E12000006,E06000034,Thurrock,THURR_8615ba965922,dfb550078826,
England,E12000006,E06000034,Thurrock,THURR_b74c5e6635ec,f49022123833,
England,E12000006,E06000034,Thurrock,THURR_08aeba8dfc9e,f1795d437621,
England,E12000006,E06000034,Thurrock,THURR_f3465cd93deb,1adf71ef22d5,
England,E12000006,E06000034,Thurrock,THURR_a7df4c7c45e6,b1b762b215ea,
England,E12000006,E06000034,Thurrock,THURR_9b497274c81e,2325b591b1a1,
England,E12000006,E06000034,Thurrock,THURR_1a40f86f64f4,a30d13980d68,
England,E12000006,E06000034,Thurrock,THURR_0b63bdd72559,50e95c7b413e,
England,E12000006,E06000034,Thurrock,THURR_d99bcf2e0e86,cc6dd553327a,
England,E12000006,E06000034,Thurrock,THURR_5e7521750128,4271e88ba72e,
England,E12000006,E06000034,Thurrock,THURR_ac124ae39704,817e3aec7fa8,
England,E12000006,E06000034,Thurrock,THURR_3ef5f3608c52,2e3408de840b,
England,E12000006,E06000034,Thurrock,THURR_e2f86a82822b,0096841f591a,
England,E12000006,E06000034,Thurrock,THURR_0ffe4d368c76,1a744305a65c,
England,E12000006,E06000034,Thurrock,THURR_c530e97a0eda,317570933b4e,
England,E12000006,E06000034,Thurrock,THURR_fb40be1a91e9,76e061c4f62c,
England,E12000006,E06000034,Thurrock,THURR_11d87f4c72b1,611443f0e1c4,
England,E12000006,E06000034,Thurrock,THURR_b405ae4e4355,2865d44e2ca0,
England,E12000006,E06000034,Thurrock,THURR_25bd17472902,103866fc7616,
England,E12000006,E06000034,Thurrock,THURR_5efdcd58034f,441666aea1e7,
England,E12000006,E06000034,Thurrock,THURR_a3eb0fd9279b,d51b0922d32e,
England,E12000006,E06000034,Thurrock,THURR_15f63324602c,f34473d6455c,
England,E12000006,E06000034,Thurrock,THURR_c8d00f52cfc1,f6086c15be94,
England,E12000006,E06000034,Thurrock,THURR_7b3887637164,3ac4db1d6fae,
England,E12000006,E06000034,Thurrock,THURR_0ee8b87ed126,014a7d648df9,
England,E12000006,E06000034,Thurrock,THURR_e0e066d73d8c,40be15784e82,
England,E12000006,E06000034,Thurrock,THURR_688f8e977021,28d352d0ae40,
England,E12000006,E06000034,Thurrock,THURR_de54da5426aa,4818783ae8d2,
England,E12000006,E06000034,Thurrock,THURR_5db78e40d164,96075e55d88d,
England,E12000006,E06000034,Thurrock,THURR_7e3ab5bc6d90,08bc57a1d5d4,
England,E12000006,E06000034,Thurrock,THURR_71e86f16c18f,cd16cb388e2b,
England,E12000006,E06000034,Thurrock,THURR_8eeb8455aed5,f21c64d0da8c,
England,E12000006,E06000034,Thurrock,THURR_e07ddee3ac7a,8ce64e6979a9,
England,E12000006,E06000034,Thurrock,THURR_3f7db0134f5b,bb414c177c13,
England,E12000006,E06000034,Thurrock,THURR_404ca16a879f,c2a7dfa93413,
England,E12000006,E06000034,Thurrock,THURR_b95b4ceef1a8,c7bf63fb3285,
England,E12000006,E06000034,Thurrock,THURR_4ffddfa89b4b,6486c3a05477,
England,E12000006,E06000034,Thurrock,THURR_8e033903e425,7c53fc63e370,
England,E12000006,E06000034,Thurrock,THURR_7e19d73fb405,c68815b455dc,
England,E12000006,E06000034,Thurrock,THURR_d30f86e9ee9c,8c1002dd1878,
England,E12000006,E06000034,Thurrock,THURR_b69d16cebdac,368c35967a9f,
England,E12000006,E06000034,Thurrock,THURR_667d9f7a4439,5d3f40140c29,
England,E12000006,E06000034,Thurrock,THURR_b2ef0cf8702b,a7b1975c75f4,
England,E12000006,E06000034,Thurrock,THURR_e09016749bf8,3369fd847bbf,
England,E12000006,E06000034,Thurrock,THURR_19f5f513f4e9,8c9404d1b006,
England,E12000006,E06000034,Thurrock,THURR_117fd544389f,28586d6e2efe,
England,E12000006,E06000034,Thurrock,THURR_37fd0fbdb229,04a609e141a2,
England,E12000006,E06000034,Thurrock,THURR_07725821d9cd,c4f0c747631c,
England,E12000006,E06000034,Thurrock,THURR_70966d662527,13a78eceed65,
England,E12000006,E06000034,Thurrock,THURR_da09a8f44061,6a125d2465c1,
England,E12000006,E06000034,Thurrock,THURR_ecdbf30fefa7,c353d6c3ac76,
England,E12000006,E06000034,Thurrock,THURR_79307c0725fb,ce3dde3e2df3,
England,E12000006,E06000034,Thurrock,THURR_07eba7bfe20f,bedcce8e6e43,
England,E12000006,E06000034,Thurrock,THURR_7e70b95fe0b8,c5416e465dac,
England,E12000006,E06000034,Thurrock,THURR_82073f53d59f,1eca421df6a2,
England,E12000006,E06000034,Thurrock,THURR_ebdb147c545e,e44dfb59b058,
England,E12000006,E06000034,Thurrock,THURR_35af12d6287f,16e8abbfb74c,
England,E12000006,E06000034,Thurrock,THURR_aadc5aade68f,2e54819f65a2,
England,E12000006,E06000034,Thurrock,THURR_b0a9ef934dd3,6e210063ea75,
England,E12000006,E06000034,Thurrock,THURR_c84e817faeb8,0a3db28bf7ea,
England,E12000006,E06000034,Thurrock,THURR_7211f3e387e7,acb849f7247a,
England,E12000006,E06000034,Thurrock,THURR_010e475c3ba7,d21b45158857,
England,E12000006,E06000034,Thurrock,THURR_1b094ca525a3,fd91bfe8d4cd,
England,E12000006,E06000034,Thurrock,THURR_2a59660e09d5,3b120ba23487,
England,E12000006,E06000034,Thurrock,THURR_76b696e09331,55dc2cdbbde2,
England,E12000006,E06000034,Thurrock,THURR_2bbaace0e9ae,273674ee81bd,
England,E12000006,E06000034,Thurrock,THURR_d09ee1d8f456,a73d503cd540,
England,E12000006,E06000034,Thurrock,THURR_7305f805e429,efea763243c6,
England,E12000006,E06000034,Thurrock,THURR_53a6654f7886,4031a906e992,
England,E12000006,E06000034,Thurrock,THURR_7146a16fdfa4,e60061ef9e5b,
England,E12000006,E06000034,Thurrock,THURR_72c1d14ffda5,f916c37bbad9,
England,E12000006,E06000034,Thurrock,THURR_85726bc7eb73,5b2ce885a91c,
England,E12000006,E06000034,Thurrock,THURR_d7402f083b3b,f8b2a0645884,
England,E12000006,E06000034,Thurrock,THURR_4110a1e75af3,dbae4b7f8ab7,
England,E12000006,E06000034,Thurrock,THURR_3dcc961cdd79,edf013b64360,
England,E12000006,E06000034,Thurrock,THURR_13b87f297ca2,aaa4b99d70ad,
England,E12000006,E06000034,Thurrock,THURR_810269b15726,6416215cdfa5,
England,E12000006,E06000034,Thurrock,THURR_1d647e5b2a54,420897354aac,
England,E12000006,E06000034,Thurrock,THURR_6facb7904fb4,dd89b7162427,
England,E12000006,E06000034,Thurrock,THURR_069aae07cf17,b506f123dd7a,
England,E12000006,E06000034,Thurrock,THURR_c339b9e7cd27,0c01da3b1d58,
England,E12000006,E06000034,Thurrock,THURR_48a357516029,d6c4fff80351,
England,E12000006,E06000034,Thurrock,THURR_637916242a47,fafc01d4c178,
England,E12000006,E06000034,Thurrock,THURR_f63de3036f5d,0f207bdf7be8,
England,E12000006,E06000034,Thurrock,THURR_1bf608c7d7d1,817e99adfbd3,
England,E12000006,E06000034,Thurrock,THURR_243b280c6d88,bcf88a7759c7,
England,E12000006,E06000034,Thurrock,THURR_427714981ca7,69d2233b8feb,
England,E12000006,E06000034,Thurrock,THURR_6aa1de4779a3,619a9008cfff,
England,E12000006,E06000034,Thurrock,THURR_e79efe55ba91,89031ea88927,
England,E12000006,E06000034,Thurrock,THURR_066bbca2fe95,a437409f0cd0,
England,E12000006,E06000034,Thurrock,THURR_12b570ac8e0e,b76381d74c6d,
England,E12000006,E06000034,Thurrock,THURR_cd226cf1804a,fe59b8b53ac8,
England,E12000006,E06000034,Thurrock,THURR_32114385719f,62ddc40402fa,
England,E12000006,E06000034,Thurrock,THURR_51ef8d8a24ed,bea91c3ce65e,
England,E12000006,E06000034,Thurrock,THURR_9962668980d1,b6e5df49443d,
England,E12000006,E06000034,Thurrock,THURR_720ee38fa276,9e248dec0252,
England,E12000006,E06000034,Thurrock,THURR_a466fc2b64f9,5d800d860131,
England,E12000006,E06000034,Thurrock,THURR_394310e8284f,91bfcae3dc57,
England,E12000006,E06000034,Thurrock,THURR_65c8765edfa6,0264bdf46394,
England,E12000006,E06000034,Thurrock,THURR_62285c9f463f,5d5dd46f9eae,
England,E12000006,E06000034,Thurrock,THURR_ef36a2551070,7591187130db,
England,E12000006,E06000034,Thurrock,THURR_8dd9c640ca9e,4d8625630379,
England,E12000006,E06000034,Thurrock,THURR_169ad613d1c6,41bacda4519b,
England,E12000006,E06000034,Thurrock,THURR_3d55d27daa7a,af1653d83bfa,
England,E12000006,E06000034,Thurrock,THURR_b4c568d7f162,d1cb04e9c064,
England,E12000006,E06000034,Thurrock,THURR_d98d91598291,f1fefeffe2a2,
England,E12000006,E06000034,Thurrock,THURR_8479a381639b,05111e97bfee,
England,E12000006,E06000034,Thurrock,THURR_cbcb0c80c5b3,d32daed40b23,
England,E12000006,E06000034,Thurrock,THURR_0494fd4f3064,68181409a43c,
