{
"type": "FeatureCollection",
"name": "EPPFO_9_NACH",
"crs": { "type": "name", "properties": { "name": "urn:ogc:def:crs:OGC:1.3:CRS84" } },
"features": [
{"type":"Feature","properties":{"id":17449,"nach":0.59214554981715273},"geometry":{"type":"LineString","coordinates":[[0.095078,51.6043672],[0.0946922,51.6042765]]}},
{"type":"Feature","properties":{"id":52054,"nach":0.51529532251836618},"geometry":{"type":"LineString","coordinates":[[0.0948918,51.6039098],[0.094863,51.60398390000001],[0.0946922,51.6042765]]}},
{"type":"Feature","properties":{"id":28169,"nach":0.60205065866117591},"geometry":{"type":"LineString","coordinates":[[0.0938801,51.6040867],[0.094041,51.6041237],[0.0946922,51.6042765]]}},
{"type":"Feature","properties":{"id":53049,"nach":0.5886109760487841},"geometry":{"type":"LineString","coordinates":[[0.0955138,51.60446610000001],[0.095078,51.6043672]]}},
{"type":"Feature","properties":{"id":69712,"nach":0.39931662085930658},"geometry":{"type":"LineString","coordinates":[[0.0944103,51.6054015],[0.0943463,51.6051397],[0.0943441,51.6051102],[0.0943662,51.6050876],[0.0944055,51.6050782],[0.0945913,51.6050547],[0.0946442,51.605039600000019],[0.0946972,51.6050149],[0.0947162,51.6049887],[0.0947796,51.6048687],[0.095078,51.6043672]]}},
{"type":"Feature","properties":{"id":52052,"nach":0.46443862989380191},"geometry":{"type":"LineString","coordinates":[[0.0948918,51.6039098],[0.0950236,51.6035281]]}},
{"type":"Feature","properties":{"id":52055,"nach":0.42163625859277637},"geometry":{"type":"LineString","coordinates":[[0.0955997,51.6040622],[0.0948918,51.6039098]]}},
{"type":"Feature","properties":{"id":28168,"nach":0.39975215607121328},"geometry":{"type":"LineString","coordinates":[[0.0938801,51.6040867],[0.0939122,51.6038194],[0.093909,51.603728],[0.0938366,51.6033982],[0.0938688,51.6033291],[0.0937937,51.6030133],[0.0938523,51.6029411],[0.0941784,51.6023334],[0.0943501,51.6022641]]}},
{"type":"Feature","properties":{"id":53091,"nach":0.60874532608152165},"geometry":{"type":"LineString","coordinates":[[0.093089,51.6039057],[0.0935877,51.6040184],[0.0938801,51.6040867]]}},
{"type":"Feature","properties":{"id":8436,"nach":0.50082439761825714},"geometry":{"type":"LineString","coordinates":[[0.0818102,51.6025733],[0.082193,51.6036293]]}},
{"type":"Feature","properties":{"id":8503,"nach":0.57744422238051496},"geometry":{"type":"LineString","coordinates":[[0.0823595,51.6035873],[0.082193,51.6036293]]}},
{"type":"Feature","properties":{"id":8506,"nach":0.56531958518100422},"geometry":{"type":"LineString","coordinates":[[0.0812137,51.6037734],[0.0815249,51.6037659],[0.082193,51.6036293]]}},
{"type":"Feature","properties":{"id":8437,"nach":0.49204849682918095},"geometry":{"type":"LineString","coordinates":[[0.0818102,51.6025733],[0.0817206,51.6021808]]}},
{"type":"Feature","properties":{"id":8438,"nach":0.50949836939994075},"geometry":{"type":"LineString","coordinates":[[0.0818102,51.6025733],[0.0808562,51.602752700000011],[0.0806255,51.6027817]]}},
{"type":"Feature","properties":{"id":8504,"nach":0.46832904651291418},"geometry":{"type":"LineString","coordinates":[[0.0823595,51.6035873],[0.0823828,51.603625],[0.0824507,51.6038408],[0.082514,51.6041086],[0.0824679,51.6043698],[0.0820806,51.605354]]}},
{"type":"Feature","properties":{"id":47692,"nach":0.5740190452879359},"geometry":{"type":"LineString","coordinates":[[0.083533,51.603298500000015],[0.0823595,51.6035873]]}},
{"type":"Feature","properties":{"id":8507,"nach":0.51449253452782973},"geometry":{"type":"LineString","coordinates":[[0.0812137,51.6037734],[0.0809688,51.6037544],[0.0800363,51.603569]]}},
{"type":"Feature","properties":{"id":8510,"nach":0.53453130670226723},"geometry":{"type":"LineString","coordinates":[[0.0807786,51.605161599999988],[0.0812137,51.6037734]]}},
{"type":"Feature","properties":{"id":8597,"nach":0.59581500982873714},"geometry":{"type":"LineString","coordinates":[[0.0852169,51.6021218],[0.0845573,51.601949700000013],[0.0845342,51.601945300000011],[0.0842341,51.6018881]]}},
{"type":"Feature","properties":{"id":8419,"nach":0.61298269645506387},"geometry":{"type":"LineString","coordinates":[[0.0841844,51.602663800000016],[0.0841671,51.6024294],[0.0841694,51.6023756],[0.0842201,51.6019933],[0.0842341,51.6018881]]}},
{"type":"Feature","properties":{"id":50378,"nach":0.43892414667985546},"geometry":{"type":"LineString","coordinates":[[0.0838131,51.6018077],[0.0840739,51.6018679],[0.084124,51.60187950000001],[0.0842341,51.6018881]]}},
{"type":"Feature","properties":{"id":50383,"nach":0.57382164538250013},"geometry":{"type":"LineString","coordinates":[[0.0843359,51.601499100000012],[0.0842968,51.601747900000014],[0.0842941,51.6017652],[0.0842341,51.6018881]]}},
{"type":"Feature","properties":{"id":50385,"nach":0.58911702614998085},"geometry":{"type":"LineString","coordinates":[[0.0854654,51.6021515],[0.0852169,51.6021218]]}},
{"type":"Feature","properties":{"id":49381,"nach":0.49735358059639306},"geometry":{"type":"LineString","coordinates":[[0.0852755,51.6011215],[0.0851576,51.6013471],[0.0854409,51.60142170000001],[0.0855353,51.6014964],[0.0855353,51.6015817],[0.0852169,51.6021218]]}},
{"type":"Feature","properties":{"id":60306,"nach":0.51664945693006903},"geometry":{"type":"LineString","coordinates":[[0.0833938,51.6025577],[0.0836815,51.6026026],[0.0839855,51.6026579],[0.0841049,51.6026672],[0.0841844,51.602663800000016]]}},
{"type":"Feature","properties":{"id":76282,"nach":0.61691554103898316},"geometry":{"type":"LineString","coordinates":[[0.0843108,51.603114300000016],[0.0842918,51.603046600000013],[0.0841844,51.602663800000016]]}},
{"type":"Feature","properties":{"id":50379,"nach":0.39874332890319064},"geometry":{"type":"LineString","coordinates":[[0.0838131,51.6018077],[0.0835914,51.6017583],[0.0826694,51.601547],[0.0821421,51.6013744],[0.0816214,51.6012808],[0.0813559,51.601283199999983]]}},
{"type":"Feature","properties":{"id":50382,"nach":0.31828999567105687},"geometry":{"type":"LineString","coordinates":[[0.0843359,51.601499100000012],[0.0841192,51.6014729],[0.0840585,51.6016547],[0.0838954,51.6016468],[0.0838131,51.6018077]]}},
{"type":"Feature","properties":{"id":50381,"nach":0.57052373335656992},"geometry":{"type":"LineString","coordinates":[[0.0843359,51.601499100000012],[0.0844424,51.6010118]]}},
{"type":"Feature","properties":{"id":50991,"nach":0.61346054027514718},"geometry":{"type":"LineString","coordinates":[[0.0843571,51.6033704],[0.0843356,51.6032033]]}},
{"type":"Feature","properties":{"id":76280,"nach":0.62383342082855631},"geometry":{"type":"LineString","coordinates":[[0.0843108,51.603114300000016],[0.0843356,51.6032033]]}},
{"type":"Feature","properties":{"id":47693,"nach":0.52555990760512616},"geometry":{"type":"LineString","coordinates":[[0.083533,51.603298500000015],[0.0838001,51.60325430000001],[0.0840584,51.6032225],[0.084197,51.6032129],[0.0843356,51.6032033]]}},
{"type":"Feature","properties":{"id":50994,"nach":0.44542259524855848},"geometry":{"type":"LineString","coordinates":[[0.0844584,51.6033686],[0.0843571,51.6033704]]}},
{"type":"Feature","properties":{"id":80000,"nach":0.61450156086066554},"geometry":{"type":"LineString","coordinates":[[0.084347,51.6035747],[0.0843553,51.603473],[0.0843571,51.6033704]]}},
{"type":"Feature","properties":{"id":76281,"nach":0.50761998101496808},"geometry":{"type":"LineString","coordinates":[[0.0843108,51.603114300000016],[0.0847444,51.603118]]}},
{"type":"Feature","properties":{"id":80002,"nach":0.53461929104051553},"geometry":{"type":"LineString","coordinates":[[0.0837079,51.60358750000001],[0.0836945,51.603542100000013],[0.0836204,51.603433],[0.083533,51.603298500000015]]}},
{"type":"Feature","properties":{"id":76702,"nach":0.47536033480425904},"geometry":{"type":"LineString","coordinates":[[0.0874735,51.6124426],[0.0876992,51.6121787]]}},
{"type":"Feature","properties":{"id":8724,"nach":0.56840846251358079},"geometry":{"type":"LineString","coordinates":[[0.0881827,51.6123294],[0.0876992,51.6121787]]}},
{"type":"Feature","properties":{"id":8720,"nach":0.564592647293232},"geometry":{"type":"LineString","coordinates":[[0.0870281,51.6119946],[0.0876992,51.6121787]]}},
{"type":"Feature","properties":{"id":76703,"nach":0.38249872490974041},"geometry":{"type":"LineString","coordinates":[[0.0874735,51.6124426],[0.0872398,51.612716],[0.0868586,51.613134600000016],[0.0860606,51.6141383],[0.086073,51.6142157]]}},
{"type":"Feature","properties":{"id":76704,"nach":0.41872823145973143},"geometry":{"type":"LineString","coordinates":[[0.0874735,51.6124426],[0.0874011,51.6124205],[0.0874065,51.6123914],[0.0874333,51.6123522],[0.0874601,51.6123014],[0.08744,51.6122806],[0.0873354,51.6122423]]}},
{"type":"Feature","properties":{"id":8723,"nach":0.58578454053756734},"geometry":{"type":"LineString","coordinates":[[0.0881827,51.6123294],[0.0889311,51.6126102]]}},
{"type":"Feature","properties":{"id":28220,"nach":0.53025112738044755},"geometry":{"type":"LineString","coordinates":[[0.0888163,51.6108596],[0.088981,51.6109009],[0.0890582,51.61097560000001],[0.0881827,51.6123294]]}},
{"type":"Feature","properties":{"id":35356,"nach":0.57201412308230359},"geometry":{"type":"LineString","coordinates":[[0.0869647,51.6119785],[0.0870281,51.6119946]]}},
{"type":"Feature","properties":{"id":28221,"nach":0.41902849564124844},"geometry":{"type":"LineString","coordinates":[[0.0888163,51.6108596],[0.0881742,51.6107037],[0.0880111,51.6107677],[0.0870498,51.6119675],[0.0870281,51.6119946]]}},
{"type":"Feature","properties":{"id":17489,"nach":0.51863500746854663},"geometry":{"type":"LineString","coordinates":[[0.0887617,51.612827100000011],[0.0889311,51.6126102]]}},
{"type":"Feature","properties":{"id":8718,"nach":0.5791835463957582},"geometry":{"type":"LineString","coordinates":[[0.089217,51.6126973],[0.0889311,51.6126102]]}},
{"type":"Feature","properties":{"id":17490,"nach":0.47815909973786963},"geometry":{"type":"LineString","coordinates":[[0.0887617,51.612827100000011],[0.0874618,51.6144666],[0.0874446,51.614551900000016]]}},
{"type":"Feature","properties":{"id":66304,"nach":0.44799388965454612},"geometry":{"type":"LineString","coordinates":[[0.0898945,51.6133818],[0.0898506,51.613369100000014],[0.08979,51.613062],[0.0897234,51.6130097],[0.0895451,51.6129491],[0.0893198,51.6129021],[0.0890261,51.6128849],[0.0888746,51.6128592],[0.0887617,51.612827100000011]]}},
{"type":"Feature","properties":{"id":8719,"nach":0.33410077282088535},"geometry":{"type":"LineString","coordinates":[[0.089217,51.6126973],[0.0895617,51.6122028],[0.0899578,51.6116243],[0.09066,51.6105599],[0.0913568,51.6094921]]}},
{"type":"Feature","properties":{"id":76699,"nach":0.57671218183844586},"geometry":{"type":"LineString","coordinates":[[0.0897527,51.6128507],[0.089217,51.6126973]]}},
{"type":"Feature","properties":{"id":1553,"nach":0.53258838341605985},"geometry":{"type":"LineString","coordinates":[[0.0943342,51.614224799999988],[0.0938285,51.6140301]]}},
{"type":"Feature","properties":{"id":35328,"nach":0.59659225519449588},"geometry":{"type":"LineString","coordinates":[[0.0931472,51.6138379],[0.0938285,51.6140301]]}},
{"type":"Feature","properties":{"id":1556,"nach":0.56153699753366482},"geometry":{"type":"LineString","coordinates":[[0.0943155,51.6137926],[0.0941648,51.6138662],[0.0938912,51.613947],[0.0938285,51.6140301]]}},
{"type":"Feature","properties":{"id":10352,"nach":0.54217622277408406},"geometry":{"type":"LineString","coordinates":[[0.0947293,51.6143638],[0.0943342,51.614224799999988]]}},
{"type":"Feature","properties":{"id":1554,"nach":0.43407607423479905},"geometry":{"type":"LineString","coordinates":[[0.0943342,51.614224799999988],[0.0944062,51.6141243],[0.0943324,51.6139061],[0.0943155,51.6137926]]}},
{"type":"Feature","properties":{"id":35329,"nach":0.59855686371019745},"geometry":{"type":"LineString","coordinates":[[0.0931472,51.6138379],[0.0930167,51.613794800000015]]}},
{"type":"Feature","properties":{"id":35363,"nach":0.419543254244024},"geometry":{"type":"LineString","coordinates":[[0.0905024,51.6168231],[0.0908259,51.616479600000012],[0.0912953,51.6159867],[0.0916563,51.615541699999987],[0.0924084,51.6146326],[0.0927518,51.6142512],[0.0930976,51.613888800000012],[0.0931472,51.6138379]]}},
{"type":"Feature","properties":{"id":10351,"nach":0.52185646509567718},"geometry":{"type":"LineString","coordinates":[[0.0947293,51.6143638],[0.0956391,51.614683500000012]]}},
{"type":"Feature","properties":{"id":67231,"nach":0.4300607937161155},"geometry":{"type":"LineString","coordinates":[[0.0949733,51.6142725],[0.0947293,51.6143638]]}},
{"type":"Feature","properties":{"id":43349,"nach":0.5693510800823306},"geometry":{"type":"LineString","coordinates":[[0.0943355,51.6137639],[0.0943155,51.6137926]]}},
{"type":"Feature","properties":{"id":43350,"nach":0.54259849459896903},"geometry":{"type":"LineString","coordinates":[[0.0943355,51.6137639],[0.0962365,51.6113085],[0.0962981,51.611229]]}},
{"type":"Feature","properties":{"id":43348,"nach":0.41655011506869516},"geometry":{"type":"LineString","coordinates":[[0.0943355,51.6137639],[0.0940937,51.6136888]]}},
{"type":"Feature","properties":{"id":43352,"nach":0.54328439567994835},"geometry":{"type":"LineString","coordinates":[[0.0945875,51.613837],[0.0943355,51.6137639]]}},
{"type":"Feature","properties":{"id":8677,"nach":0.48339864752301498},"geometry":{"type":"LineString","coordinates":[[0.0831615,51.6111085],[0.0818003,51.6106105]]}},
{"type":"Feature","properties":{"id":50420,"nach":0.56705353596507291},"geometry":{"type":"LineString","coordinates":[[0.0820226,51.6100289],[0.0818003,51.6106105]]}},
{"type":"Feature","properties":{"id":43212,"nach":0.52111434683638069},"geometry":{"type":"LineString","coordinates":[[0.0817263,51.6109023],[0.0817698,51.6107716],[0.0818003,51.6106105]]}},
{"type":"Feature","properties":{"id":43216,"nach":0.50237793473884629},"geometry":{"type":"LineString","coordinates":[[0.0812582,51.610460500000016],[0.0814815,51.6105184],[0.0818003,51.6106105]]}},
{"type":"Feature","properties":{"id":26709,"nach":0.5049639213957765},"geometry":{"type":"LineString","coordinates":[[0.083398,51.6111961],[0.0831615,51.6111085]]}},
{"type":"Feature","properties":{"id":8923,"nach":0.40439135816225247},"geometry":{"type":"LineString","coordinates":[[0.0833788,51.6102827],[0.0833313,51.6104386],[0.0833724,51.610635],[0.0831615,51.6111085]]}},
{"type":"Feature","properties":{"id":50422,"nach":0.43539317097683178},"geometry":{"type":"LineString","coordinates":[[0.0820226,51.6100289],[0.0821111,51.6100552],[0.0825605,51.6101374]]}},
{"type":"Feature","properties":{"id":58017,"nach":0.57742312905748783},"geometry":{"type":"LineString","coordinates":[[0.0823218,51.6092477],[0.0820226,51.6100289]]}},
{"type":"Feature","properties":{"id":43211,"nach":0.51743932866796472},"geometry":{"type":"LineString","coordinates":[[0.0817263,51.6109023],[0.081723,51.6109426]]}},
{"type":"Feature","properties":{"id":43210,"nach":0.44680498867669283},"geometry":{"type":"LineString","coordinates":[[0.0815899,51.6108375],[0.0817263,51.6109023]]}},
{"type":"Feature","properties":{"id":43217,"nach":0.4637715237837054},"geometry":{"type":"LineString","coordinates":[[0.0812582,51.610460500000016],[0.0809876,51.6104039],[0.080022,51.610307400000011],[0.079304,51.6102227]]}},
{"type":"Feature","properties":{"id":43215,"nach":0.43620641190357368},"geometry":{"type":"LineString","coordinates":[[0.0812582,51.610460500000016],[0.0811952,51.6105692]]}},
{"type":"Feature","properties":{"id":8551,"nach":0.43341711422293777},"geometry":{"type":"LineString","coordinates":[[0.0807534,51.608903],[0.0823379,51.6091867]]}},
{"type":"Feature","properties":{"id":58018,"nach":0.5808705459747886},"geometry":{"type":"LineString","coordinates":[[0.0823218,51.6092477],[0.0823379,51.6091867]]}},
{"type":"Feature","properties":{"id":8549,"nach":0.5744946209475762},"geometry":{"type":"LineString","coordinates":[[0.0825852,51.6082648],[0.0824609,51.608767500000013],[0.0823379,51.6091867]]}},
{"type":"Feature","properties":{"id":58019,"nach":0.58711887852115241},"geometry":{"type":"LineString","coordinates":[[0.0823218,51.6092477],[0.0833734,51.6094478],[0.0835541,51.6094882]]}},
{"type":"Feature","properties":{"id":58074,"nach":0.57593098977061374},"geometry":{"type":"LineString","coordinates":[[0.082513,51.6082546],[0.0825852,51.6082648]]}},
{"type":"Feature","properties":{"id":58140,"nach":0.58729714158942714},"geometry":{"type":"LineString","coordinates":[[0.0827763,51.6075774],[0.0825852,51.6082648]]}},
{"type":"Feature","properties":{"id":67616,"nach":0.38906606781777126},"geometry":{"type":"LineString","coordinates":[[0.082765,51.6073874],[0.0828312,51.607396200000011]]}},
{"type":"Feature","properties":{"id":58141,"nach":0.56434625835474583},"geometry":{"type":"LineString","coordinates":[[0.0827763,51.6075774],[0.0828312,51.607396200000011]]}},
{"type":"Feature","properties":{"id":67614,"nach":0.5696904599193432},"geometry":{"type":"LineString","coordinates":[[0.0831763,51.6065064],[0.0831612,51.6065511],[0.0829273,51.6070925],[0.0828312,51.607396200000011]]}},
{"type":"Feature","properties":{"id":67617,"nach":0.44762824299455911},"geometry":{"type":"LineString","coordinates":[[0.082765,51.6073874],[0.0817046,51.6072674],[0.0814588,51.6072619],[0.0805309,51.6072763]]}},
{"type":"Feature","properties":{"id":67619,"nach":0.53321869859924453},"geometry":{"type":"LineString","coordinates":[[0.082765,51.6073874],[0.0827452,51.6074669],[0.0825516,51.6081434],[0.0825335,51.6081713]]}},
{"type":"Feature","properties":{"id":67618,"nach":0.56134302778754186},"geometry":{"type":"LineString","coordinates":[[0.082765,51.6073874],[0.0827885,51.6073305],[0.0828978,51.6070254],[0.0831249,51.6064966]]}},
{"type":"Feature","properties":{"id":67626,"nach":0.59425984413349975},"geometry":{"type":"LineString","coordinates":[[0.0828322,51.607585899999982],[0.0827763,51.6075774]]}},
{"type":"Feature","properties":{"id":67612,"nach":0.66903209638229388},"geometry":{"type":"LineString","coordinates":[[0.0831763,51.6065064],[0.0832782,51.606288]]}},
{"type":"Feature","properties":{"id":67613,"nach":0.6588523563935017},"geometry":{"type":"LineString","coordinates":[[0.0831763,51.6065064],[0.0831249,51.6064966]]}},
{"type":"Feature","properties":{"id":67624,"nach":0.6992324448297913},"geometry":{"type":"LineString","coordinates":[[0.0832191,51.6065663],[0.0832421,51.6065187],[0.0831763,51.6065064]]}},
{"type":"Feature","properties":{"id":80070,"nach":0.67119133052380398},"geometry":{"type":"LineString","coordinates":[[0.0835415,51.60563650000001],[0.0835639,51.6055809]]}},
{"type":"Feature","properties":{"id":22053,"nach":0.65826787349525695},"geometry":{"type":"LineString","coordinates":[[0.0836052,51.6054837],[0.0835639,51.6055809]]}},
{"type":"Feature","properties":{"id":80067,"nach":0.53707651980685112},"geometry":{"type":"LineString","coordinates":[[0.0839433,51.6056435],[0.0836962,51.605607],[0.0835639,51.6055809]]}},
{"type":"Feature","properties":{"id":80069,"nach":0.67830788754522553},"geometry":{"type":"LineString","coordinates":[[0.0835415,51.60563650000001],[0.0832782,51.606288]]}},
{"type":"Feature","properties":{"id":80074,"nach":0.49728224596101078},"geometry":{"type":"LineString","coordinates":[[0.0831303,51.6055691],[0.0835415,51.60563650000001]]}},
{"type":"Feature","properties":{"id":80064,"nach":0.65286228091821619},"geometry":{"type":"LineString","coordinates":[[0.0836815,51.6052747],[0.0836508,51.6053588],[0.0836052,51.6054837]]}},
{"type":"Feature","properties":{"id":80076,"nach":0.43200532189730612},"geometry":{"type":"LineString","coordinates":[[0.0837614,51.604458200000018],[0.0836123,51.604645],[0.0835005,51.6048228],[0.0833096,51.6053064],[0.0832947,51.6053584],[0.0833328,51.6054236],[0.0834027,51.6054525],[0.0834597,51.6054612],[0.0836052,51.6054837]]}},
{"type":"Feature","properties":{"id":80066,"nach":0.53087148559556807},"geometry":{"type":"LineString","coordinates":[[0.0839433,51.6056435],[0.0841519,51.6056753],[0.0844412,51.6057034]]}},
{"type":"Feature","properties":{"id":80068,"nach":0.44637444184767672},"geometry":{"type":"LineString","coordinates":[[0.0839433,51.6056435],[0.0840587,51.6053357],[0.0836815,51.6052747]]}},
{"type":"Feature","properties":{"id":8409,"nach":0.29109757862995717},"geometry":{"type":"LineString","coordinates":[[0.0844424,51.6010118],[0.0838699,51.6009765],[0.0815331,51.6005166],[0.0810616,51.6005859]]}},
{"type":"Feature","properties":{"id":8580,"nach":0.56709587120371974},"geometry":{"type":"LineString","coordinates":[[0.08451,51.6004416],[0.0844815,51.600682],[0.0844424,51.6010118]]}},
{"type":"Feature","properties":{"id":8415,"nach":0.45590813839527489},"geometry":{"type":"LineString","coordinates":[[0.0817206,51.6021808],[0.0813559,51.601283199999983]]}},
{"type":"Feature","properties":{"id":60307,"nach":0.48566248293080089},"geometry":{"type":"LineString","coordinates":[[0.0833938,51.6025577],[0.083133,51.6024992],[0.0828424,51.6024076],[0.0821989,51.6022444],[0.081854,51.6021817],[0.0817206,51.6021808]]}},
{"type":"Feature","properties":{"id":60308,"nach":0.41646930137971055},"geometry":{"type":"LineString","coordinates":[[0.0833938,51.6025577],[0.083462,51.6024129],[0.0834914,51.6023474],[0.0835342,51.602220400000014]]}},
{"type":"Feature","properties":{"id":66703,"nach":0.4492814111692563},"geometry":{"type":"LineString","coordinates":[[0.0804812,51.602373300000011],[0.0805096,51.602445],[0.0806255,51.6027817]]}},
{"type":"Feature","properties":{"id":8452,"nach":0.49332465186616925},"geometry":{"type":"LineString","coordinates":[[0.0792297,51.6021851],[0.0794188,51.6026494],[0.0795351,51.6027226],[0.0797679,51.602746399999987],[0.0806255,51.6027817]]}},
{"type":"Feature","properties":{"id":8490,"nach":0.55295234792708126},"geometry":{"type":"LineString","coordinates":[[0.0771871,51.6037022],[0.0767025,51.6043958]]}},
{"type":"Feature","properties":{"id":8516,"nach":0.42604462190221659},"geometry":{"type":"LineString","coordinates":[[0.0779729,51.6047421],[0.0783771,51.6040466],[0.078469,51.6038761],[0.0785811,51.6035029]]}},
{"type":"Feature","properties":{"id":80037,"nach":0.49857379382030609},"geometry":{"type":"LineString","coordinates":[[0.0769764,51.6044725],[0.0767025,51.6043958]]}},
{"type":"Feature","properties":{"id":80035,"nach":0.51047209299975682},"geometry":{"type":"LineString","coordinates":[[0.0766133,51.6046112],[0.0766215,51.6045728],[0.0766347,51.604478600000014],[0.0767025,51.6043958]]}},
{"type":"Feature","properties":{"id":80039,"nach":0.37566545065872808},"geometry":{"type":"LineString","coordinates":[[0.0769764,51.6044725],[0.076945,51.6045176],[0.0766701,51.6046048],[0.0766133,51.6046112]]}},
{"type":"Feature","properties":{"id":80044,"nach":0.50909132476347729},"geometry":{"type":"LineString","coordinates":[[0.0779064,51.6047305],[0.0777314,51.604680400000014],[0.0769764,51.6044725]]}},
{"type":"Feature","properties":{"id":80034,"nach":0.51022601703316706},"geometry":{"type":"LineString","coordinates":[[0.0766133,51.6046112],[0.0766088,51.60467040000001],[0.0766276,51.6047252],[0.0767224,51.6049041]]}},
{"type":"Feature","properties":{"id":80031,"nach":0.456765427578115},"geometry":{"type":"LineString","coordinates":[[0.0763042,51.6050667],[0.0767224,51.6049041]]}},
{"type":"Feature","properties":{"id":8539,"nach":0.50909572609837717},"geometry":{"type":"LineString","coordinates":[[0.0771982,51.6053796],[0.0767224,51.6049041]]}},
{"type":"Feature","properties":{"id":80030,"nach":0.37903985621880582},"geometry":{"type":"LineString","coordinates":[[0.0763042,51.6050667],[0.0756564,51.605318500000017]]}},
{"type":"Feature","properties":{"id":80033,"nach":0.37852522058492127},"geometry":{"type":"LineString","coordinates":[[0.0758249,51.6047359],[0.0759299,51.6048357],[0.0760813,51.6048424],[0.0763042,51.6050667]]}},
{"type":"Feature","properties":{"id":8540,"nach":0.3800846599178066},"geometry":{"type":"LineString","coordinates":[[0.0761996,51.605763],[0.0771982,51.6053796]]}},
{"type":"Feature","properties":{"id":66590,"nach":0.51962997756386564},"geometry":{"type":"LineString","coordinates":[[0.0774528,51.6056343],[0.0771982,51.6053796]]}},
{"type":"Feature","properties":{"id":8534,"nach":0.29458050953304177},"geometry":{"type":"LineString","coordinates":[[0.0786653,51.6055146],[0.0777142,51.6058854]]}},
{"type":"Feature","properties":{"id":8468,"nach":0.50787579561310181},"geometry":{"type":"LineString","coordinates":[[0.0781924,51.606359500000011],[0.0777142,51.6058854]]}},
{"type":"Feature","properties":{"id":8543,"nach":0.53289496475180786},"geometry":{"type":"LineString","coordinates":[[0.0776761,51.6058577],[0.0777142,51.6058854]]}},
{"type":"Feature","properties":{"id":58105,"nach":0.46611704756988998},"geometry":{"type":"LineString","coordinates":[[0.077804,51.6059079],[0.0777142,51.6058854]]}},
{"type":"Feature","properties":{"id":8535,"nach":0.3945585026721341},"geometry":{"type":"LineString","coordinates":[[0.0786653,51.6055146],[0.0791259,51.6059917]]}},
{"type":"Feature","properties":{"id":66592,"nach":0.52673808371099184},"geometry":{"type":"LineString","coordinates":[[0.0784113,51.60526620000001],[0.0786653,51.6055146]]}},
{"type":"Feature","properties":{"id":58120,"nach":0.51418225501628212},"geometry":{"type":"LineString","coordinates":[[0.0786507,51.6055717],[0.0786653,51.6055146]]}},
{"type":"Feature","properties":{"id":8530,"nach":0.10906965800662632},"geometry":{"type":"LineString","coordinates":[[0.0791259,51.6059917],[0.0781924,51.606359500000011]]}},
{"type":"Feature","properties":{"id":20793,"nach":0.41185117667499277},"geometry":{"type":"LineString","coordinates":[[0.077726,51.6065604],[0.0781924,51.606359500000011]]}},
{"type":"Feature","properties":{"id":58080,"nach":0.56161380149717666},"geometry":{"type":"LineString","coordinates":[[0.0782233,51.6063067],[0.0781924,51.606359500000011]]}},
{"type":"Feature","properties":{"id":57920,"nach":0.59130055827682204},"geometry":{"type":"LineString","coordinates":[[0.0785649,51.6066028],[0.0783979,51.6065227],[0.0782902,51.6064554],[0.0781924,51.606359500000011]]}},
{"type":"Feature","properties":{"id":8545,"nach":0.39560247251052144},"geometry":{"type":"LineString","coordinates":[[0.0769812,51.6061204],[0.0776761,51.6058577]]}},
{"type":"Feature","properties":{"id":66589,"nach":0.52803081107393091},"geometry":{"type":"LineString","coordinates":[[0.0774528,51.6056343],[0.0776761,51.6058577]]}},
{"type":"Feature","properties":{"id":58113,"nach":0.37147310263687949},"geometry":{"type":"LineString","coordinates":[[0.077899,51.6058491],[0.0778272,51.6058774],[0.0778058,51.6058924],[0.077804,51.6059079]]}},
{"type":"Feature","properties":{"id":58110,"nach":0.46709777451607348},"geometry":{"type":"LineString","coordinates":[[0.0778617,51.6059675],[0.0778152,51.605924],[0.077804,51.6059079]]}},
{"type":"Feature","properties":{"id":58089,"nach":0.45423716088448213},"geometry":{"type":"LineString","coordinates":[[0.0790517,51.605971499999981],[0.0791259,51.6059917]]}},
{"type":"Feature","properties":{"id":57921,"nach":0.48082742015899638},"geometry":{"type":"LineString","coordinates":[[0.0785649,51.6066028],[0.0785996,51.6065629],[0.0786426,51.606528],[0.0787793,51.606468],[0.079061,51.606353900000016],[0.0791777,51.6063022],[0.0792434,51.6062398],[0.0792662,51.6061656],[0.0792568,51.6060857],[0.079183,51.6060265],[0.0791259,51.6059917]]}},
{"type":"Feature","properties":{"id":58082,"nach":0.48848751848849525},"geometry":{"type":"LineString","coordinates":[[0.0782233,51.6063067],[0.0782041,51.6063021],[0.078188,51.6062946],[0.0781433,51.6062468]]}},
{"type":"Feature","properties":{"id":58081,"nach":0.52708991849337106},"geometry":{"type":"LineString","coordinates":[[0.0782233,51.6063067],[0.0782551,51.606301299999984],[0.0783269,51.6062725]]}},
{"type":"Feature","properties":{"id":80051,"nach":0.60621569954236165},"geometry":{"type":"LineString","coordinates":[[0.0790759,51.6067166],[0.0790202,51.6067128],[0.0788569,51.6066887],[0.0786025,51.6066209],[0.0785649,51.6066028]]}},
{"type":"Feature","properties":{"id":8523,"nach":0.49491248117666381},"geometry":{"type":"LineString","coordinates":[[0.0799916,51.606351899999986],[0.0800917,51.6066203]]}},
{"type":"Feature","properties":{"id":8477,"nach":0.62128382262803916},"geometry":{"type":"LineString","coordinates":[[0.0810566,51.6065048],[0.0806745,51.6065568],[0.0800917,51.6066203]]}},
{"type":"Feature","properties":{"id":80050,"nach":0.60541286755481849},"geometry":{"type":"LineString","coordinates":[[0.0790759,51.6067166],[0.0792024,51.6067252],[0.0800917,51.6066203]]}},
{"type":"Feature","properties":{"id":80053,"nach":0.43866996084167703},"geometry":{"type":"LineString","coordinates":[[0.079979,51.6063001],[0.0799916,51.606351899999986]]}},
{"type":"Feature","properties":{"id":80058,"nach":0.42251057548817844},"geometry":{"type":"LineString","coordinates":[[0.0793828,51.6065417],[0.079443,51.6065552],[0.0799916,51.606351899999986]]}},
{"type":"Feature","properties":{"id":8478,"nach":0.62598662103832647},"geometry":{"type":"LineString","coordinates":[[0.082055,51.6062945],[0.0810566,51.6065048]]}},
{"type":"Feature","properties":{"id":8519,"nach":0.24506313143846009},"geometry":{"type":"LineString","coordinates":[[0.0811686,51.6052189],[0.0808881,51.6059289],[0.0808693,51.6060552],[0.0808856,51.6061595],[0.0810566,51.6065048]]}},
{"type":"Feature","properties":{"id":80057,"nach":0.42459511755712903},"geometry":{"type":"LineString","coordinates":[[0.0793828,51.6065417],[0.0791068,51.6066521],[0.0790759,51.6067166]]}},
{"type":"Feature","properties":{"id":8500,"nach":0.57672230316962525},"geometry":{"type":"LineString","coordinates":[[0.0820806,51.605354],[0.0819062,51.6058251],[0.0818856,51.6059574],[0.0819212,51.6060553],[0.082055,51.6062945]]}},
{"type":"Feature","properties":{"id":8482,"nach":0.65555771524213113},"geometry":{"type":"LineString","coordinates":[[0.0827327,51.6061968],[0.0826096,51.6061873],[0.0824876,51.6062001],[0.082055,51.6062945]]}},
{"type":"Feature","properties":{"id":8517,"nach":0.56003287707959593},"geometry":{"type":"LineString","coordinates":[[0.0811686,51.6052189],[0.0820806,51.605354]]}},
{"type":"Feature","properties":{"id":8518,"nach":0.55321574597440837},"geometry":{"type":"LineString","coordinates":[[0.0811686,51.6052189],[0.0807786,51.605161599999988]]}},
{"type":"Feature","properties":{"id":80061,"nach":0.66141160493020934},"geometry":{"type":"LineString","coordinates":[[0.0831671,51.6062694],[0.0827327,51.6061968]]}},
{"type":"Feature","properties":{"id":80059,"nach":0.46191404123258734},"geometry":{"type":"LineString","coordinates":[[0.0825231,51.6057783],[0.0828295,51.6058519],[0.0827683,51.6060062],[0.0827327,51.6061968]]}},
{"type":"Feature","properties":{"id":80060,"nach":0.55637556464247773},"geometry":{"type":"LineString","coordinates":[[0.0831671,51.6062694],[0.0832782,51.606288]]}},
{"type":"Feature","properties":{"id":80062,"nach":0.64922338801329282},"geometry":{"type":"LineString","coordinates":[[0.0831671,51.6062694],[0.0831502,51.606307],[0.0831889,51.6063391],[0.0831249,51.6064966]]}},
{"type":"Feature","properties":{"id":8498,"nach":0.40597608268306523},"geometry":{"type":"LineString","coordinates":[[0.0793243,51.6049509],[0.0800363,51.603569]]}},
{"type":"Feature","properties":{"id":49867,"nach":0.49411400540916495},"geometry":{"type":"LineString","coordinates":[[0.0786764,51.603506499999988],[0.0797844,51.603547],[0.0800363,51.603569]]}},
{"type":"Feature","properties":{"id":57911,"nach":0.49405576415764074},"geometry":{"type":"LineString","coordinates":[[0.0797607,51.605012800000011],[0.0793243,51.6049509]]}},
{"type":"Feature","properties":{"id":8526,"nach":0.49888107341828641},"geometry":{"type":"LineString","coordinates":[[0.0781148,51.604766],[0.0793243,51.6049509]]}},
{"type":"Feature","properties":{"id":49869,"nach":0.3925134421224436},"geometry":{"type":"LineString","coordinates":[[0.0799373,51.6031436],[0.079731,51.6031261],[0.0794701,51.6031033],[0.0789441,51.6030835],[0.0787963,51.6030861],[0.078703,51.6031263],[0.0786764,51.603506499999988]]}},
{"type":"Feature","properties":{"id":57910,"nach":0.5664029618440054},"geometry":{"type":"LineString","coordinates":[[0.0797607,51.605012800000011],[0.0802578,51.605082]]}},
{"type":"Feature","properties":{"id":57916,"nach":0.53070466243759251},"geometry":{"type":"LineString","coordinates":[[0.079639,51.6053415],[0.0797607,51.605012800000011]]}},
{"type":"Feature","properties":{"id":8527,"nach":0.48879695581245514},"geometry":{"type":"LineString","coordinates":[[0.0781148,51.604766],[0.0779729,51.6047421]]}},
{"type":"Feature","properties":{"id":80041,"nach":0.45135308084944326},"geometry":{"type":"LineString","coordinates":[[0.0780984,51.604899],[0.0780836,51.6048601],[0.0781148,51.604766]]}},
{"type":"Feature","properties":{"id":8520,"nach":0.57598154815744329},"geometry":{"type":"LineString","coordinates":[[0.0802578,51.605082],[0.0807786,51.605161599999988]]}},
{"type":"Feature","properties":{"id":80055,"nach":0.42917608434016868},"geometry":{"type":"LineString","coordinates":[[0.079979,51.6063001],[0.0799182,51.606157],[0.0798965,51.6060696],[0.0799142,51.60598730000001],[0.0802578,51.605082]]}},
{"type":"Feature","properties":{"id":80043,"nach":0.47446596007723296},"geometry":{"type":"LineString","coordinates":[[0.0779064,51.6047305],[0.0779729,51.6047421]]}},
{"type":"Feature","properties":{"id":80045,"nach":0.46515575116623448},"geometry":{"type":"LineString","coordinates":[[0.0779064,51.6047305],[0.0778988,51.604782],[0.0780243,51.6049101],[0.0780984,51.604899]]}},
{"type":"Feature","properties":{"id":80056,"nach":0.40403173666144987},"geometry":{"type":"LineString","coordinates":[[0.0793828,51.6065417],[0.079979,51.6063001]]}},
{"type":"Feature","properties":{"id":80040,"nach":0.49409248231621111},"geometry":{"type":"LineString","coordinates":[[0.0780984,51.604899],[0.0783917,51.605247]]}},
{"type":"Feature","properties":{"id":58101,"nach":0.44072565755340765},"geometry":{"type":"LineString","coordinates":[[0.0790016,51.6059073],[0.0790476,51.6059523],[0.0790517,51.605971499999981]]}},
{"type":"Feature","properties":{"id":58098,"nach":0.31235897201756019},"geometry":{"type":"LineString","coordinates":[[0.0789639,51.6060209],[0.0790195,51.605999],[0.0790397,51.6059874],[0.0790517,51.605971499999981]]}},
{"type":"Feature","properties":{"id":66593,"nach":0.54481346371631689},"geometry":{"type":"LineString","coordinates":[[0.0784113,51.60526620000001],[0.0783917,51.605247]]}},
{"type":"Feature","properties":{"id":80046,"nach":0.43331763351120234},"geometry":{"type":"LineString","coordinates":[[0.0779558,51.6054411],[0.0784113,51.60526620000001]]}},
{"type":"Feature","properties":{"id":58125,"nach":0.41685769588216809},"geometry":{"type":"LineString","coordinates":[[0.0785393,51.6055974],[0.0785836,51.60558],[0.0786131,51.60557170000002],[0.0786341,51.605569400000014],[0.0786507,51.6055717]]}},
{"type":"Feature","properties":{"id":58128,"nach":0.49775045683552827},"geometry":{"type":"LineString","coordinates":[[0.0787134,51.6056254],[0.0786721,51.605585],[0.0786507,51.6055717]]}},
{"type":"Feature","properties":{"id":80047,"nach":0.45129351350937752},"geometry":{"type":"LineString","coordinates":[[0.0779558,51.6054411],[0.0774528,51.6056343]]}},
{"type":"Feature","properties":{"id":58073,"nach":0.56047370441938205},"geometry":{"type":"LineString","coordinates":[[0.082513,51.6082546],[0.0812887,51.6081095]]}},
{"type":"Feature","properties":{"id":58076,"nach":0.50762515753566761},"geometry":{"type":"LineString","coordinates":[[0.082513,51.6082546],[0.0824953,51.6083266]]}},
{"type":"Feature","properties":{"id":58075,"nach":0.52065061313121896},"geometry":{"type":"LineString","coordinates":[[0.082513,51.6082546],[0.0825335,51.6081713]]}},
{"type":"Feature","properties":{"id":57275,"nach":0.43568935458356017},"geometry":{"type":"LineString","coordinates":[[0.0812887,51.6081095],[0.0809622,51.6080691],[0.0808566,51.6080674],[0.0807912,51.6081041],[0.080755,51.6082498]]}},
{"type":"Feature","properties":{"id":58066,"nach":0.53101322727486},"geometry":{"type":"LineString","coordinates":[[0.0812793,51.6081389],[0.0812887,51.6081095]]}},
{"type":"Feature","properties":{"id":57853,"nach":0.38467103319063461},"geometry":{"type":"LineString","coordinates":[[0.0796054,51.6086308],[0.0794671,51.6091513],[0.079304,51.6102227]]}},
{"type":"Feature","properties":{"id":69963,"nach":0.40398813631276703},"geometry":{"type":"LineString","coordinates":[[0.0774957,51.6099795],[0.0778762,51.6100675],[0.079304,51.6102227]]}},
{"type":"Feature","properties":{"id":57852,"nach":0.2672095911043269},"geometry":{"type":"LineString","coordinates":[[0.0796054,51.6086308],[0.079613,51.6086023],[0.079673,51.60797860000001],[0.0796473,51.607872],[0.0794756,51.6077654],[0.0780074,51.607317]]}},
{"type":"Feature","properties":{"id":57854,"nach":0.30818655464498573},"geometry":{"type":"LineString","coordinates":[[0.0796054,51.6086308],[0.0790945,51.608582599999984],[0.0789523,51.608599300000016],[0.0787547,51.608644900000016],[0.0780508,51.6084584],[0.0773385,51.6082185]]}},
{"type":"Feature","properties":{"id":8559,"nach":0.0},"geometry":{"type":"LineString","coordinates":[[0.0780074,51.607317],[0.0768921,51.6069765],[0.0757849,51.6065501],[0.075536,51.6064541],[0.0752442,51.6064275],[0.0749695,51.6064808],[0.0747378,51.60663],[0.074446,51.606901900000011],[0.0742228,51.6073496]]}},
{"type":"Feature","properties":{"id":8561,"nach":0.19461195919738619},"geometry":{"type":"LineString","coordinates":[[0.0773385,51.6082185],[0.0780074,51.607317]]}},
{"type":"Feature","properties":{"id":69705,"nach":0.41606025467197716},"geometry":{"type":"LineString","coordinates":[[0.0866551,51.6006529],[0.0869834,51.6006087],[0.0874013,51.60069450000001]]}},
{"type":"Feature","properties":{"id":69713,"nach":0.36095829729613749},"geometry":{"type":"LineString","coordinates":[[0.0860971,51.6017399],[0.0862409,51.6014779],[0.086376,51.6012548],[0.0864504,51.6011452],[0.08658,51.6009117],[0.0866325,51.6008121],[0.0866569,51.6007458],[0.0866625,51.6007173],[0.0866633,51.600684],[0.0866551,51.6006529]]}},
{"type":"Feature","properties":{"id":8590,"nach":0.32441241726910114},"geometry":{"type":"LineString","coordinates":[[0.0874013,51.60069450000001],[0.0888985,51.601008100000016]]}},
{"type":"Feature","properties":{"id":51537,"nach":0.38576468545601378},"geometry":{"type":"LineString","coordinates":[[0.0887026,51.6013719],[0.0888985,51.601008100000016]]}},
{"type":"Feature","properties":{"id":8586,"nach":0.0},"geometry":{"type":"LineString","coordinates":[[0.0885909,51.6028825],[0.0887883,51.6025573],[0.0889256,51.6025146],[0.0892603,51.6025893],[0.0893376,51.6025626],[0.0900757,51.6013205],[0.09005,51.6012352],[0.0888985,51.601008100000016]]}},
{"type":"Feature","properties":{"id":51534,"nach":0.42287970142350884},"geometry":{"type":"LineString","coordinates":[[0.0871984,51.6010616],[0.0874013,51.60069450000001]]}},
{"type":"Feature","properties":{"id":51543,"nach":0.39268925272318272},"geometry":{"type":"LineString","coordinates":[[0.0881479,51.6024224],[0.0887026,51.6013719]]}},
{"type":"Feature","properties":{"id":51548,"nach":0.35556374075540448},"geometry":{"type":"LineString","coordinates":[[0.0879594,51.60121],[0.0887026,51.6013719]]}},
{"type":"Feature","properties":{"id":8865,"nach":0.59341877026443823},"geometry":{"type":"LineString","coordinates":[[0.0894125,51.6030736],[0.0885909,51.6028825]]}},
{"type":"Feature","properties":{"id":8587,"nach":0.59066597135361842},"geometry":{"type":"LineString","coordinates":[[0.087957,51.6027579],[0.0885909,51.6028825]]}},
{"type":"Feature","properties":{"id":8866,"nach":0.60454356313628943},"geometry":{"type":"LineString","coordinates":[[0.0894125,51.6030736],[0.0896994,51.6031392],[0.0906025,51.6033583]]}},
{"type":"Feature","properties":{"id":47138,"nach":0.51458954989736638},"geometry":{"type":"LineString","coordinates":[[0.0892279,51.6033975],[0.0893704,51.6031475],[0.0894125,51.6030736]]}},
{"type":"Feature","properties":{"id":8854,"nach":0.57744118074259332},"geometry":{"type":"LineString","coordinates":[[0.0877009,51.60270830000001],[0.087957,51.6027579]]}},
{"type":"Feature","properties":{"id":51542,"nach":0.47103005471085974},"geometry":{"type":"LineString","coordinates":[[0.0881479,51.6024224],[0.087957,51.6027579]]}},
{"type":"Feature","properties":{"id":8856,"nach":0.5728874538832337},"geometry":{"type":"LineString","coordinates":[[0.0877009,51.60270830000001],[0.0870601,51.6025145],[0.0866031,51.6024126]]}},
{"type":"Feature","properties":{"id":64782,"nach":0.5085440602368736},"geometry":{"type":"LineString","coordinates":[[0.0875499,51.602958399999984],[0.0877009,51.60270830000001]]}},
{"type":"Feature","properties":{"id":51545,"nach":0.43131154092543722},"geometry":{"type":"LineString","coordinates":[[0.0873972,51.6022508],[0.0881479,51.6024224]]}},
{"type":"Feature","properties":{"id":51540,"nach":0.46541939836101043},"geometry":{"type":"LineString","coordinates":[[0.0866359,51.602087],[0.0871984,51.6010616]]}},
{"type":"Feature","properties":{"id":51549,"nach":0.40129493028939967},"geometry":{"type":"LineString","coordinates":[[0.0879594,51.60121],[0.0871984,51.6010616]]}},
{"type":"Feature","properties":{"id":8851,"nach":0.57501775424501189},"geometry":{"type":"LineString","coordinates":[[0.0866031,51.6024126],[0.0864794,51.6023813]]}},
{"type":"Feature","properties":{"id":8857,"nach":0.58480583636459971},"geometry":{"type":"LineString","coordinates":[[0.0860795,51.6023006],[0.0864794,51.6023813]]}},
{"type":"Feature","properties":{"id":51539,"nach":0.50690021517722483},"geometry":{"type":"LineString","coordinates":[[0.0866359,51.602087],[0.0864794,51.6023813]]}},
{"type":"Feature","properties":{"id":56665,"nach":0.45733152450494435},"geometry":{"type":"LineString","coordinates":[[0.0864452,51.6027045],[0.0866031,51.6024126]]}},
{"type":"Feature","properties":{"id":50384,"nach":0.58653400741698036},"geometry":{"type":"LineString","coordinates":[[0.0854654,51.6021515],[0.0860795,51.6023006]]}},
{"type":"Feature","properties":{"id":8860,"nach":0.40224356056236876},"geometry":{"type":"LineString","coordinates":[[0.0856075,51.6030736],[0.0860795,51.6023006]]}},
{"type":"Feature","properties":{"id":51546,"nach":0.41242856273919209},"geometry":{"type":"LineString","coordinates":[[0.0873972,51.6022508],[0.0866359,51.602087]]}},
{"type":"Feature","properties":{"id":50387,"nach":0.40633656466032519},"geometry":{"type":"LineString","coordinates":[[0.0852269,51.6025893],[0.0854654,51.6021515]]}},
{"type":"Feature","properties":{"id":49380,"nach":0.39467743752218387},"geometry":{"type":"LineString","coordinates":[[0.0852755,51.6011215],[0.085295,51.6010912]]}},
{"type":"Feature","properties":{"id":49385,"nach":0.45967751282086194},"geometry":{"type":"LineString","coordinates":[[0.0860258,51.6012897],[0.085447,51.6011606],[0.0852755,51.6011215]]}},
{"type":"Feature","properties":{"id":8994,"nach":0.61500962448348329},"geometry":{"type":"LineString","coordinates":[[0.0912294,51.6035001],[0.0906025,51.6033583]]}},
{"type":"Feature","properties":{"id":42373,"nach":0.50256602198317268},"geometry":{"type":"LineString","coordinates":[[0.0918704,51.6012197],[0.0906025,51.6033583]]}},
{"type":"Feature","properties":{"id":8993,"nach":0.62692569650544905},"geometry":{"type":"LineString","coordinates":[[0.0912294,51.6035001],[0.0917939,51.6036217]]}},
{"type":"Feature","properties":{"id":9000,"nach":0.64053731218512677},"geometry":{"type":"LineString","coordinates":[[0.0909944,51.603874],[0.0912294,51.6035001]]}},
{"type":"Feature","properties":{"id":42375,"nach":0.47189866749015008},"geometry":{"type":"LineString","coordinates":[[0.0918704,51.6012197],[0.0919417,51.6011986],[0.0920096,51.601146300000018],[0.0920973,51.601067],[0.0921534,51.6009814],[0.0922668,51.6009236],[0.0924661,51.6008664],[0.0932314,51.6007855]]}},
{"type":"Feature","properties":{"id":42374,"nach":0.38935089626137726},"geometry":{"type":"LineString","coordinates":[[0.0918704,51.6012197],[0.0921259,51.6012796]]}},
{"type":"Feature","properties":{"id":8991,"nach":0.6167144459524202},"geometry":{"type":"LineString","coordinates":[[0.0919504,51.603654700000014],[0.0917939,51.6036217]]}},
{"type":"Feature","properties":{"id":8607,"nach":0.52031859923411072},"geometry":{"type":"LineString","coordinates":[[0.0918732,51.6034897],[0.0917939,51.6036217]]}},
{"type":"Feature","properties":{"id":50984,"nach":0.61181178740537212},"geometry":{"type":"LineString","coordinates":[[0.0922998,51.6037315],[0.0919504,51.603654700000014]]}},
{"type":"Feature","properties":{"id":69708,"nach":0.50637609207222234},"geometry":{"type":"LineString","coordinates":[[0.0917549,51.6039909],[0.0919504,51.603654700000014]]}},
{"type":"Feature","properties":{"id":28927,"nach":0.44407918357114845},"geometry":{"type":"LineString","coordinates":[[0.0921172,51.6031124],[0.0918732,51.6034897]]}},
{"type":"Feature","properties":{"id":28929,"nach":0.44214963149909348},"geometry":{"type":"LineString","coordinates":[[0.0921199,51.602999100000012],[0.091841,51.603447300000013],[0.0918732,51.6034897]]}},
{"type":"Feature","properties":{"id":28928,"nach":0.0},"geometry":{"type":"LineString","coordinates":[[0.0921199,51.602999100000012],[0.0923855,51.6030441],[0.0924472,51.6029058],[0.0923667,51.6026343],[0.0921199,51.602999100000012]]}},
{"type":"Feature","properties":{"id":8611,"nach":0.36302186175624268},"geometry":{"type":"LineString","coordinates":[[0.0943501,51.6022641],[0.0941784,51.6021681],[0.0933974,51.601992200000012]]}},
{"type":"Feature","properties":{"id":8618,"nach":0.34537777522770241},"geometry":{"type":"LineString","coordinates":[[0.0953457,51.6026159],[0.0947277,51.6024773],[0.0943501,51.6022641]]}},
{"type":"Feature","properties":{"id":8616,"nach":0.25626869071156905},"geometry":{"type":"LineString","coordinates":[[0.0953457,51.6026159],[0.0982216,51.603284300000013]]}},
{"type":"Feature","properties":{"id":8626,"nach":0.40809292086520838},"geometry":{"type":"LineString","coordinates":[[0.0950236,51.6035281],[0.0953457,51.6026159]]}},
{"type":"Feature","properties":{"id":56154,"nach":0.3541822623896041},"geometry":{"type":"LineString","coordinates":[[0.0979401,51.6037188],[0.0970008,51.6034724],[0.0958578,51.6032092]]}},
{"type":"Feature","properties":{"id":8627,"nach":0.27354406474051818},"geometry":{"type":"LineString","coordinates":[[0.0950236,51.6035281],[0.0977049,51.604155399999989]]}},
{"type":"Feature","properties":{"id":8622,"nach":0.50639414363322721},"geometry":{"type":"LineString","coordinates":[[0.0972799,51.6048718],[0.0977049,51.604155399999989]]}},
{"type":"Feature","properties":{"id":10443,"nach":0.56109024512213068},"geometry":{"type":"LineString","coordinates":[[0.0979197,51.6050241],[0.0972799,51.6048718]]}},
{"type":"Feature","properties":{"id":10446,"nach":0.553509374247804},"geometry":{"type":"LineString","coordinates":[[0.0969087,51.604786300000015],[0.0972799,51.6048718]]}},
{"type":"Feature","properties":{"id":75081,"nach":0.35450440699642277},"geometry":{"type":"LineString","coordinates":[[0.097922,51.6037525],[0.0957669,51.60322630000001]]}},
{"type":"Feature","properties":{"id":10444,"nach":0.55201320552065924},"geometry":{"type":"LineString","coordinates":[[0.0979197,51.6050241],[0.0988444,51.605231500000016],[0.0990569,51.6052779]]}},
{"type":"Feature","properties":{"id":10442,"nach":0.45690004471663065},"geometry":{"type":"LineString","coordinates":[[0.0979197,51.6050241],[0.0967978,51.6068643]]}},
{"type":"Feature","properties":{"id":10445,"nach":0.52434672488712297},"geometry":{"type":"LineString","coordinates":[[0.0969087,51.604786300000015],[0.0958365,51.6065764]]}},
{"type":"Feature","properties":{"id":51772,"nach":0.580807389494714},"geometry":{"type":"LineString","coordinates":[[0.0962622,51.6046372],[0.0969087,51.604786300000015]]}},
{"type":"Feature","properties":{"id":76735,"nach":0.54517620043406867},"geometry":{"type":"LineString","coordinates":[[0.0838694,51.6120564],[0.0838445,51.6120981]]}},
{"type":"Feature","properties":{"id":8672,"nach":0.49348824780052564},"geometry":{"type":"LineString","coordinates":[[0.0838445,51.6120981],[0.0841753,51.61216970000001],[0.0842806,51.6122005],[0.0843292,51.6122449],[0.0843308,51.612305199999987],[0.0842619,51.6124184]]}},
{"type":"Feature","properties":{"id":76728,"nach":0.48887552382944077},"geometry":{"type":"LineString","coordinates":[[0.083097,51.612149399999986],[0.0831493,51.6120735],[0.0832338,51.6120087],[0.0833574,51.6119903],[0.0838445,51.6120981]]}},
{"type":"Feature","properties":{"id":76736,"nach":0.58529234609463887},"geometry":{"type":"LineString","coordinates":[[0.0838694,51.6120564],[0.0839762,51.6118778]]}},
{"type":"Feature","properties":{"id":76715,"nach":0.48558543187069525},"geometry":{"type":"LineString","coordinates":[[0.0843638,51.6124414],[0.0844272,51.6123245],[0.0844157,51.612226],[0.0843374,51.612167600000014],[0.0842107,51.61213140000001],[0.0838694,51.6120564]]}},
{"type":"Feature","properties":{"id":76737,"nach":0.44205459272950609},"geometry":{"type":"LineString","coordinates":[[0.0838694,51.6120564],[0.0833182,51.6119313],[0.08317,51.6119509],[0.0830644,51.6120417],[0.0830019,51.6121247]]}},
{"type":"Feature","properties":{"id":76717,"nach":0.18556609632788973},"geometry":{"type":"LineString","coordinates":[[0.0842619,51.6124184],[0.0843638,51.6124414]]}},
{"type":"Feature","properties":{"id":76716,"nach":0.47270800658076012},"geometry":{"type":"LineString","coordinates":[[0.0842619,51.6124184],[0.0838592,51.6130348]]}},
{"type":"Feature","properties":{"id":69718,"nach":0.48650160574633006},"geometry":{"type":"LineString","coordinates":[[0.0822519,51.6110349],[0.081723,51.6109426]]}},
{"type":"Feature","properties":{"id":20841,"nach":0.49241129747299384},"geometry":{"type":"LineString","coordinates":[[0.0815602,51.6113716],[0.0816903,51.6110419],[0.081723,51.6109426]]}},
{"type":"Feature","properties":{"id":69719,"nach":0.47160899413838014},"geometry":{"type":"LineString","coordinates":[[0.0822519,51.6110349],[0.0830761,51.6111788],[0.083398,51.6111961]]}},
{"type":"Feature","properties":{"id":69721,"nach":0.40974841251475269},"geometry":{"type":"LineString","coordinates":[[0.0817545,51.6113656],[0.0818281,51.61119990000001],[0.081842,51.6111718],[0.0818503,51.6111552],[0.0818619,51.611143],[0.0818885,51.611134],[0.0819344,51.6111295],[0.0820189,51.6111332],[0.0821082,51.611145200000017],[0.0821613,51.611146],[0.0821862,51.61113970000001],[0.0822015,51.6111274],[0.082215,51.6111077],[0.0822519,51.6110349]]}},
{"type":"Feature","properties":{"id":20842,"nach":0.40167190965640492},"geometry":{"type":"LineString","coordinates":[[0.080582,51.611081400000018],[0.0815602,51.6113716]]}},
{"type":"Feature","properties":{"id":57963,"nach":0.4517195434116244},"geometry":{"type":"LineString","coordinates":[[0.0798405,51.613878],[0.0801088,51.613572],[0.080502,51.6130786],[0.080697,51.6127693],[0.0814274,51.6115865],[0.0815602,51.6113716]]}},
{"type":"Feature","properties":{"id":26711,"nach":0.54250103584679699},"geometry":{"type":"LineString","coordinates":[[0.0834346,51.611207],[0.083398,51.6111961]]}},
{"type":"Feature","properties":{"id":21486,"nach":0.59322235402235635},"geometry":{"type":"LineString","coordinates":[[0.0842669,51.611447400000017],[0.0842416,51.6114421]]}},
{"type":"Feature","properties":{"id":26714,"nach":0.5585280408122294},"geometry":{"type":"LineString","coordinates":[[0.0837815,51.6113083],[0.0842416,51.6114421]]}},
{"type":"Feature","properties":{"id":65651,"nach":0.55521061837341079},"geometry":{"type":"LineString","coordinates":[[0.0839762,51.6118778],[0.0841444,51.611578600000016],[0.0842416,51.6114421]]}},
{"type":"Feature","properties":{"id":21487,"nach":0.58648492420574083},"geometry":{"type":"LineString","coordinates":[[0.0842669,51.611447400000017],[0.0843326,51.6114078],[0.0844131,51.6113853],[0.0844614,51.6113487],[0.0844949,51.6112937],[0.0845365,51.611183],[0.084574,51.6110589],[0.0845834,51.610914],[0.0845995,51.610775699999984],[0.0846277,51.6106066],[0.084629,51.6104509],[0.0846009,51.610351],[0.0845687,51.6102835],[0.0844976,51.6101977],[0.084393,51.6101028],[0.084295,51.6100279],[0.0841512,51.609919]]}},
{"type":"Feature","properties":{"id":65647,"nach":0.56882652551740764},"geometry":{"type":"LineString","coordinates":[[0.0846198,51.6115208],[0.0842669,51.611447400000017]]}},
{"type":"Feature","properties":{"id":26716,"nach":0.54909865755866993},"geometry":{"type":"LineString","coordinates":[[0.0837815,51.6113083],[0.0838164,51.6112563],[0.0838456,51.6112012],[0.0838389,51.6111587],[0.0837893,51.6111088],[0.0837303,51.6110805],[0.0836525,51.6110596],[0.0835667,51.611058],[0.0835171,51.6110855],[0.0834956,51.611116300000013],[0.0834346,51.611207]]}},
{"type":"Feature","properties":{"id":65652,"nach":0.53009845931314403},"geometry":{"type":"LineString","coordinates":[[0.0839762,51.6118778],[0.0841527,51.6119185],[0.0843291,51.611943],[0.0843797,51.6119281],[0.0844628,51.6117872],[0.0845254,51.6116796],[0.0845606,51.6116187],[0.0846198,51.6115208]]}},
{"type":"Feature","properties":{"id":8684,"nach":0.44664370043969559},"geometry":{"type":"LineString","coordinates":[[0.0825596,51.614963],[0.0825632,51.6149082]]}},
{"type":"Feature","properties":{"id":76720,"nach":0.44133691746096665},"geometry":{"type":"LineString","coordinates":[[0.0832115,51.6139699],[0.0825632,51.6149082]]}},
{"type":"Feature","properties":{"id":65657,"nach":0.47901150108332885},"geometry":{"type":"LineString","coordinates":[[0.0825128,51.6149819],[0.0825596,51.614963]]}},
{"type":"Feature","properties":{"id":76722,"nach":0.40238639817738181},"geometry":{"type":"LineString","coordinates":[[0.0826536,51.614943],[0.0825596,51.614963]]}},
{"type":"Feature","properties":{"id":65658,"nach":0.46325020434305669},"geometry":{"type":"LineString","coordinates":[[0.0825128,51.6149819],[0.082435,51.6149575],[0.0814104,51.6145285]]}},
{"type":"Feature","properties":{"id":65659,"nach":0.47431439765702249},"geometry":{"type":"LineString","coordinates":[[0.0825128,51.6149819],[0.0825906,51.6150239],[0.0833904,51.615368],[0.0834645,51.6153981]]}},
{"type":"Feature","properties":{"id":76723,"nach":0.39260376357279092},"geometry":{"type":"LineString","coordinates":[[0.0826536,51.614943],[0.083297,51.6139974]]}},
{"type":"Feature","properties":{"id":76738,"nach":0.44587676962996825},"geometry":{"type":"LineString","coordinates":[[0.0822204,51.6133715],[0.0814104,51.6145285]]}},
{"type":"Feature","properties":{"id":57959,"nach":0.48269026159956452},"geometry":{"type":"LineString","coordinates":[[0.0813885,51.6145597],[0.0814104,51.6145285]]}},
{"type":"Feature","properties":{"id":76734,"nach":0.33088164822936683},"geometry":{"type":"LineString","coordinates":[[0.0826166,51.612703],[0.0822241,51.6132827],[0.0822204,51.6133715]]}},
{"type":"Feature","properties":{"id":76739,"nach":0.4454224161914162},"geometry":{"type":"LineString","coordinates":[[0.0822204,51.6133715],[0.0823277,51.6133183],[0.0827148,51.612731900000014]]}},
{"type":"Feature","properties":{"id":57960,"nach":0.42923421812637386},"geometry":{"type":"LineString","coordinates":[[0.0813885,51.6145597],[0.080481,51.6158496]]}},
{"type":"Feature","properties":{"id":57964,"nach":0.44031155283259038},"geometry":{"type":"LineString","coordinates":[[0.0798405,51.613878],[0.0801126,51.6139834],[0.0813885,51.6145597]]}},
{"type":"Feature","properties":{"id":8692,"nach":0.39361857320466165},"geometry":{"type":"LineString","coordinates":[[0.0834411,51.6154156],[0.080481,51.6158496]]}},
{"type":"Feature","properties":{"id":57956,"nach":0.48142240174236411},"geometry":{"type":"LineString","coordinates":[[0.0834645,51.6153981],[0.0834411,51.6154156]]}},
{"type":"Feature","properties":{"id":35350,"nach":0.48855017844685306},"geometry":{"type":"LineString","coordinates":[[0.0841,51.615703300000014],[0.0835203,51.6154508],[0.0834411,51.6154156]]}},
{"type":"Feature","properties":{"id":57957,"nach":0.31300198386172784},"geometry":{"type":"LineString","coordinates":[[0.0834645,51.6153981],[0.0836399,51.615303],[0.0850592,51.6133541]]}},
{"type":"Feature","properties":{"id":57955,"nach":0.45055788211252168},"geometry":{"type":"LineString","coordinates":[[0.0845966,51.6149993],[0.0842154,51.6155603],[0.0841,51.615703300000014]]}},
{"type":"Feature","properties":{"id":35354,"nach":0.46553191452252229},"geometry":{"type":"LineString","coordinates":[[0.0842972,51.6159809],[0.084231,51.615884],[0.0841298,51.615746],[0.0841,51.615703300000014]]}},
{"type":"Feature","properties":{"id":57951,"nach":0.37125727915224216},"geometry":{"type":"LineString","coordinates":[[0.0850592,51.6133541],[0.0850824,51.61336020000001],[0.0856271,51.612795399999989]]}},
{"type":"Feature","properties":{"id":76725,"nach":0.41086407258974894},"geometry":{"type":"LineString","coordinates":[[0.0839379,51.6130569],[0.0850592,51.6133541]]}},
{"type":"Feature","properties":{"id":8696,"nach":0.45203593876895992},"geometry":{"type":"LineString","coordinates":[[0.0838592,51.6130348],[0.0832115,51.6139699]]}},
{"type":"Feature","properties":{"id":76724,"nach":0.30631525177169927},"geometry":{"type":"LineString","coordinates":[[0.0839379,51.6130569],[0.0838592,51.6130348]]}},
{"type":"Feature","properties":{"id":76721,"nach":0.1333336393067657},"geometry":{"type":"LineString","coordinates":[[0.0832115,51.6139699],[0.083297,51.6139974]]}},
{"type":"Feature","properties":{"id":76719,"nach":0.41180480971155625},"geometry":{"type":"LineString","coordinates":[[0.083297,51.6139974],[0.0839379,51.6130569]]}},
{"type":"Feature","properties":{"id":76726,"nach":0.4643462522580114},"geometry":{"type":"LineString","coordinates":[[0.0839379,51.6130569],[0.0843638,51.6124414]]}},
{"type":"Feature","properties":{"id":57953,"nach":0.435303236961331},"geometry":{"type":"LineString","coordinates":[[0.0845966,51.6149993],[0.0850698,51.6148311],[0.0851982,51.6148247],[0.0855301,51.614524400000015],[0.086073,51.6142157]]}},
{"type":"Feature","properties":{"id":8701,"nach":0.4294622443506364},"geometry":{"type":"LineString","coordinates":[[0.0874446,51.614551900000016],[0.0872432,51.61459],[0.0861689,51.614270300000015],[0.086073,51.6142157]]}},
{"type":"Feature","properties":{"id":57954,"nach":0.35049345399925441},"geometry":{"type":"LineString","coordinates":[[0.0845966,51.6149993],[0.084841,51.61466750000001],[0.0851732,51.6142054],[0.085405,51.6138593],[0.0855222,51.6136978],[0.0856137,51.613597],[0.0857055,51.6135133],[0.0861335,51.6130351],[0.0864268,51.6126749],[0.0869419,51.6120362],[0.0869647,51.6119785]]}},
{"type":"Feature","properties":{"id":35325,"nach":0.44832119700360495},"geometry":{"type":"LineString","coordinates":[[0.0876169,51.6147153],[0.0875819,51.6146798],[0.0874446,51.614551900000016]]}},
{"type":"Feature","properties":{"id":35327,"nach":0.3880031056060862},"geometry":{"type":"LineString","coordinates":[[0.0876598,51.6147589],[0.0876169,51.6147153]]}},
{"type":"Feature","properties":{"id":35338,"nach":0.37188236424387033},"geometry":{"type":"LineString","coordinates":[[0.0862206,51.6162498],[0.0862876,51.61607990000001],[0.0863815,51.6158401],[0.086557,51.6155257],[0.0866871,51.6155134],[0.0869918,51.6151228],[0.0871941,51.6151813],[0.0875456,51.614770900000011],[0.0876169,51.6147153]]}},
{"type":"Feature","properties":{"id":58584,"nach":0.48750399306790426},"geometry":{"type":"LineString","coordinates":[[0.0907558,51.6126837],[0.0904857,51.6130606]]}},
{"type":"Feature","properties":{"id":17487,"nach":0.57612663224239258},"geometry":{"type":"LineString","coordinates":[[0.0906876,51.6131218],[0.0904857,51.6130606]]}},
{"type":"Feature","properties":{"id":76698,"nach":0.57418440376731661},"geometry":{"type":"LineString","coordinates":[[0.0897527,51.6128507],[0.0904857,51.6130606]]}},
{"type":"Feature","properties":{"id":58583,"nach":0.43508916597149327},"geometry":{"type":"LineString","coordinates":[[0.0907558,51.6126837],[0.0916652,51.6114149]]}},
{"type":"Feature","properties":{"id":58585,"nach":0.39474484353201572},"geometry":{"type":"LineString","coordinates":[[0.0907558,51.6126837],[0.091236,51.612821400000016],[0.0911917,51.6128834]]}},
{"type":"Feature","properties":{"id":49494,"nach":0.58422156174986017},"geometry":{"type":"LineString","coordinates":[[0.0913613,51.613319],[0.0906876,51.6131218]]}},
{"type":"Feature","properties":{"id":66305,"nach":0.4473421093900129},"geometry":{"type":"LineString","coordinates":[[0.0898945,51.6133818],[0.0899472,51.6133971],[0.0905289,51.6132709],[0.0906143,51.6132263],[0.0906876,51.6131218]]}},
{"type":"Feature","properties":{"id":76700,"nach":0.40899096778122562},"geometry":{"type":"LineString","coordinates":[[0.0897527,51.6128507],[0.0898191,51.612763600000015],[0.0898486,51.6127465],[0.0898755,51.6127332],[0.0899197,51.61267740000001],[0.0899921,51.6125742],[0.0900149,51.6125467],[0.0900599,51.612535800000011],[0.0901343,51.6125179]]}},
{"type":"Feature","properties":{"id":8712,"nach":0.35959027998920595},"geometry":{"type":"LineString","coordinates":[[0.0918234,51.6113701],[0.0918054,51.6113915],[0.0917772,51.6114081],[0.0917418,51.61141820000001],[0.0917031,51.6114205],[0.0916652,51.6114149]]}},
{"type":"Feature","properties":{"id":8715,"nach":0.35743236722436023},"geometry":{"type":"LineString","coordinates":[[0.0916918,51.6112752],[0.091656,51.6112828],[0.0916259,51.6112969],[0.0916045,51.6113163],[0.0915942,51.6113389],[0.0915958,51.611362300000017],[0.0916093,51.6113842],[0.0916332,51.6114024],[0.0916652,51.6114149]]}},
{"type":"Feature","properties":{"id":8714,"nach":0.075029324323167154},"geometry":{"type":"LineString","coordinates":[[0.0916918,51.6112752],[0.0917319,51.6112754],[0.0917696,51.61128380000001],[0.0918005,51.6112996],[0.0918212,51.611321],[0.0918291,51.6113454],[0.0918234,51.6113701]]}},
{"type":"Feature","properties":{"id":35357,"nach":0.57128656766777841},"geometry":{"type":"LineString","coordinates":[[0.0869647,51.6119785],[0.0863949,51.6118531],[0.0852135,51.6116401]]}},
{"type":"Feature","properties":{"id":28231,"nach":0.54999960328734876},"geometry":{"type":"LineString","coordinates":[[0.0892249,51.6102864],[0.0888163,51.6108596]]}},
{"type":"Feature","properties":{"id":56668,"nach":0.40677781172004673},"geometry":{"type":"LineString","coordinates":[[0.0869509,51.6028221],[0.0864452,51.6027045]]}},
{"type":"Feature","properties":{"id":64783,"nach":0.0},"geometry":{"type":"LineString","coordinates":[[0.0875499,51.602958399999984],[0.0873241,51.6033385],[0.0871653,51.6033692],[0.0862893,51.603181600000013],[0.0862035,51.603102],[0.0864452,51.6027045]]}},
{"type":"Feature","properties":{"id":64785,"nach":0.48489454403830767},"geometry":{"type":"LineString","coordinates":[[0.0880485,51.6030717],[0.0878089,51.6030161],[0.0877164,51.6029919],[0.0875499,51.602958399999984]]}},
{"type":"Feature","properties":{"id":8870,"nach":0.63434934787462782},"geometry":{"type":"LineString","coordinates":[[0.0841098,51.6041209],[0.0843175,51.6037058]]}},
{"type":"Feature","properties":{"id":64791,"nach":0.51383284984804145},"geometry":{"type":"LineString","coordinates":[[0.0857755,51.60378990000001],[0.0854147,51.60390910000001],[0.0852907,51.6039256],[0.0850455,51.6038839],[0.0844325,51.6037339],[0.0843175,51.6037058]]}},
{"type":"Feature","properties":{"id":79999,"nach":0.63321386807557689},"geometry":{"type":"LineString","coordinates":[[0.084347,51.6035747],[0.0843453,51.6035953],[0.0843175,51.6037058]]}},
{"type":"Feature","properties":{"id":22057,"nach":0.64564078431771765},"geometry":{"type":"LineString","coordinates":[[0.0840931,51.6041984],[0.0841098,51.6041209]]}},
{"type":"Feature","properties":{"id":57934,"nach":0.61317967653625916},"geometry":{"type":"LineString","coordinates":[[0.0846813,51.604212399999987],[0.0842325,51.6041405],[0.0841098,51.6041209]]}},
{"type":"Feature","properties":{"id":64790,"nach":0.47097789253125394},"geometry":{"type":"LineString","coordinates":[[0.0857755,51.60378990000001],[0.0858891,51.6037523],[0.0860184,51.603759],[0.0868236,51.6039448],[0.0869016,51.6039445]]}},
{"type":"Feature","properties":{"id":64793,"nach":0.40871300898550189},"geometry":{"type":"LineString","coordinates":[[0.0854739,51.6033917],[0.0853482,51.603556],[0.0853464,51.6035795],[0.0853543,51.603597],[0.0853772,51.6036101],[0.0856119,51.6036718],[0.0856585,51.6036838],[0.0856848,51.6036985],[0.0857755,51.60378990000001]]}},
{"type":"Feature","properties":{"id":80003,"nach":0.54182125637316969},"geometry":{"type":"LineString","coordinates":[[0.0837079,51.60358750000001],[0.083817,51.6035748],[0.0841224,51.6035709],[0.084347,51.6035747]]}},
{"type":"Feature","properties":{"id":58250,"nach":0.39333111326976389},"geometry":{"type":"LineString","coordinates":[[0.0869016,51.6039445],[0.0870133,51.603944],[0.0873,51.6039231],[0.0874112,51.6038799]]}},
{"type":"Feature","properties":{"id":58249,"nach":0.3949166804832977},"geometry":{"type":"LineString","coordinates":[[0.0869016,51.6039445],[0.0867429,51.604207]]}},
{"type":"Feature","properties":{"id":47144,"nach":0.45004987918542916},"geometry":{"type":"LineString","coordinates":[[0.08868,51.604359],[0.0892279,51.6033975]]}},
{"type":"Feature","properties":{"id":47141,"nach":0.43003074208560743},"geometry":{"type":"LineString","coordinates":[[0.0878998,51.6041732],[0.0881179,51.6037447],[0.0884294,51.6032199],[0.0892279,51.6033975]]}},
{"type":"Feature","properties":{"id":47143,"nach":0.39637774810079079},"geometry":{"type":"LineString","coordinates":[[0.08868,51.604359],[0.0884853,51.6047006]]}},
{"type":"Feature","properties":{"id":47145,"nach":0.14823426262274608},"geometry":{"type":"LineString","coordinates":[[0.08868,51.604359],[0.0880339,51.6042051],[0.0878998,51.6041732]]}},
{"type":"Feature","properties":{"id":22056,"nach":0.64596508089464333},"geometry":{"type":"LineString","coordinates":[[0.0840931,51.6041984],[0.0839468,51.604592]]}},
{"type":"Feature","properties":{"id":22058,"nach":0.52198930557061529},"geometry":{"type":"LineString","coordinates":[[0.0840931,51.6041984],[0.084021,51.6041822],[0.0838712,51.6042026]]}},
{"type":"Feature","properties":{"id":57931,"nach":0.59506315219195938},"geometry":{"type":"LineString","coordinates":[[0.0846813,51.604212399999987],[0.0850717,51.6042778]]}},
{"type":"Feature","properties":{"id":57935,"nach":0.44235380688297499},"geometry":{"type":"LineString","coordinates":[[0.0848189,51.6039156],[0.0846813,51.604212399999987]]}},
{"type":"Feature","properties":{"id":57936,"nach":0.44215704090578489},"geometry":{"type":"LineString","coordinates":[[0.0845601,51.604515799999987],[0.0846813,51.604212399999987]]}},
{"type":"Feature","properties":{"id":57937,"nach":0.41436250814042741},"geometry":{"type":"LineString","coordinates":[[0.0863204,51.6045038],[0.0864534,51.6045282]]}},
{"type":"Feature","properties":{"id":57938,"nach":0.50321229253780031},"geometry":{"type":"LineString","coordinates":[[0.0863204,51.6045038],[0.0858155,51.6044177]]}},
{"type":"Feature","properties":{"id":57939,"nach":0.40504242150251701},"geometry":{"type":"LineString","coordinates":[[0.0863204,51.6045038],[0.0861882,51.6047926]]}},
{"type":"Feature","properties":{"id":57940,"nach":0.40470844376855958},"geometry":{"type":"LineString","coordinates":[[0.0863204,51.6045038],[0.0864482,51.6042025]]}},
{"type":"Feature","properties":{"id":8878,"nach":0.64940163796239903},"geometry":{"type":"LineString","coordinates":[[0.0837859,51.6049891],[0.0839468,51.604592]]}},
{"type":"Feature","properties":{"id":8876,"nach":0.45015764376757672},"geometry":{"type":"LineString","coordinates":[[0.0848575,51.6047702],[0.0840565,51.6046135],[0.0839468,51.604592]]}},
{"type":"Feature","properties":{"id":80063,"nach":0.65320997639733269},"geometry":{"type":"LineString","coordinates":[[0.0836815,51.6052747],[0.0837859,51.6049891]]}},
{"type":"Feature","properties":{"id":51474,"nach":0.43105886212960931},"geometry":{"type":"LineString","coordinates":[[0.0859056,51.605051500000016],[0.085406,51.6049675],[0.0852958,51.60524],[0.0838982,51.60500780000001],[0.0837859,51.6049891]]}},
{"type":"Feature","properties":{"id":8884,"nach":0.45231296791463371},"geometry":{"type":"LineString","coordinates":[[0.0842524,51.6062455],[0.0844412,51.6057034]]}},
{"type":"Feature","properties":{"id":8883,"nach":0.45535563228102832},"geometry":{"type":"LineString","coordinates":[[0.0850297,51.60573440000001],[0.0846597,51.6056852],[0.0844412,51.6057034]]}},
{"type":"Feature","properties":{"id":8891,"nach":0.45564292381708427},"geometry":{"type":"LineString","coordinates":[[0.0842882,51.6080069],[0.0841331,51.6083512]]}},
{"type":"Feature","properties":{"id":8890,"nach":0.53135268188111795},"geometry":{"type":"LineString","coordinates":[[0.0847028,51.6084611],[0.0841331,51.6083512]]}},
{"type":"Feature","properties":{"id":19991,"nach":0.45427576148207038},"geometry":{"type":"LineString","coordinates":[[0.0835378,51.6084971],[0.0835855,51.6083816],[0.0836272,51.6083358],[0.0837242,51.608298],[0.0838149,51.6082954],[0.0841331,51.6083512]]}},
{"type":"Feature","properties":{"id":20837,"nach":0.65549064280246871},"geometry":{"type":"LineString","coordinates":[[0.0845431,51.6087628],[0.0847028,51.6084611]]}},
{"type":"Feature","properties":{"id":8933,"nach":0.66262606999341556},"geometry":{"type":"LineString","coordinates":[[0.085004,51.60781630000001],[0.0847028,51.6084611]]}},
{"type":"Feature","properties":{"id":20836,"nach":0.65392760153606999},"geometry":{"type":"LineString","coordinates":[[0.0845431,51.6087628],[0.0844388,51.6089849]]}},
{"type":"Feature","properties":{"id":20838,"nach":0.0},"geometry":{"type":"LineString","coordinates":[[0.0845431,51.6087628],[0.0843138,51.6087272],[0.0842056,51.6087711],[0.0840685,51.609080800000022],[0.0840878,51.6091374],[0.0841842,51.609197500000015],[0.084337,51.609222]]}},
{"type":"Feature","properties":{"id":21547,"nach":0.6858627162343911},"geometry":{"type":"LineString","coordinates":[[0.0851653,51.6074131],[0.085004,51.60781630000001]]}},
{"type":"Feature","properties":{"id":21498,"nach":0.62934975866484877},"geometry":{"type":"LineString","coordinates":[[0.0853258,51.6078757],[0.0850849,51.6078384],[0.085004,51.60781630000001]]}},
{"type":"Feature","properties":{"id":20832,"nach":0.46317716770990613},"geometry":{"type":"LineString","coordinates":[[0.0844034,51.6077558],[0.084891,51.607835],[0.085004,51.60781630000001]]}},
{"type":"Feature","properties":{"id":8895,"nach":0.46081991014653467},"geometry":{"type":"LineString","coordinates":[[0.0852217,51.6072891],[0.084653,51.6071932],[0.0844846,51.6072133],[0.0843802,51.6071977],[0.0839058,51.6071111]]}},
{"type":"Feature","properties":{"id":21548,"nach":0.67687858205227125},"geometry":{"type":"LineString","coordinates":[[0.0851653,51.6074131],[0.0852217,51.6072891]]}},
{"type":"Feature","properties":{"id":74195,"nach":0.67828235946973325},"geometry":{"type":"LineString","coordinates":[[0.0852748,51.6071823],[0.0852217,51.6072891]]}},
{"type":"Feature","properties":{"id":21869,"nach":0.65213762657850327},"geometry":{"type":"LineString","coordinates":[[0.0852697,51.6074227],[0.0851653,51.6074131]]}},
{"type":"Feature","properties":{"id":28202,"nach":0.6419302641002953},"geometry":{"type":"LineString","coordinates":[[0.0853511,51.6069508],[0.0852748,51.6071823]]}},
{"type":"Feature","properties":{"id":74196,"nach":0.62094964393289998},"geometry":{"type":"LineString","coordinates":[[0.0852748,51.6071823],[0.085419,51.60696440000001]]}},
{"type":"Feature","properties":{"id":21477,"nach":0.60369387439636191},"geometry":{"type":"LineString","coordinates":[[0.0835541,51.6094882],[0.084048,51.6096305]]}},
{"type":"Feature","properties":{"id":20834,"nach":0.61719869192501109},"geometry":{"type":"LineString","coordinates":[[0.084337,51.609222],[0.084274,51.6093678],[0.0841887,51.6094977],[0.084048,51.6096305]]}},
{"type":"Feature","properties":{"id":21482,"nach":0.61978511089769794},"geometry":{"type":"LineString","coordinates":[[0.084048,51.6096305],[0.084333581602814,51.609811761636287]]}},
{"type":"Feature","properties":{"id":21479,"nach":0.49237446005625551},"geometry":{"type":"LineString","coordinates":[[0.0835541,51.6094882],[0.0835265,51.6095319],[0.0836697,51.6095854],[0.0838109,51.609661400000014],[0.0839986,51.609793800000013],[0.0841512,51.609919]]}},
{"type":"Feature","properties":{"id":67622,"nach":0.5388177840198628},"geometry":{"type":"LineString","coordinates":[[0.0829029,51.6092874],[0.0833154,51.6093714],[0.0835944,51.6094314],[0.0835541,51.6094882]]}},
{"type":"Feature","properties":{"id":20833,"nach":0.61946779499451232},"geometry":{"type":"LineString","coordinates":[[0.084337,51.609222],[0.0844388,51.6089849]]}},
{"type":"Feature","properties":{"id":21481,"nach":0.55682238708440113},"geometry":{"type":"LineString","coordinates":[[0.0865722,51.6099395],[0.0870143,51.6100184],[0.087185,51.6100375],[0.0873664,51.6100283]]}},
{"type":"Feature","properties":{"id":21517,"nach":0.52804990061992763},"geometry":{"type":"LineString","coordinates":[[0.0846395,51.609779700000011],[0.0847309,51.6098505],[0.0847845,51.6099254],[0.084814,51.6099721],[0.0848623,51.6099937],[0.0849481,51.6099871],[0.0851708,51.6099571],[0.0854202,51.6099221],[0.0856133,51.6099038],[0.0857608,51.609883800000013],[0.0859741,51.609869699999983],[0.0862651,51.6098638],[0.0864368,51.6098755],[0.0865897,51.6098971],[0.0865722,51.6099395]]}},
{"type":"Feature","properties":{"id":28230,"nach":0.49645932448616353},"geometry":{"type":"LineString","coordinates":[[0.0866295,51.6100164],[0.0865558,51.6100023],[0.0865722,51.6099395]]}},
{"type":"Feature","properties":{"id":21482,"nach":0.61978511089769794},"geometry":{"type":"LineString","coordinates":[[0.084333581602814,51.609811761636287],[0.0865722,51.6099395]]}},
{"type":"Feature","properties":{"id":28216,"nach":0.59669433839433139},"geometry":{"type":"LineString","coordinates":[[0.0873684,51.6100929],[0.0873664,51.6100283]]}},
{"type":"Feature","properties":{"id":8904,"nach":0.62113655245211019},"geometry":{"type":"LineString","coordinates":[[0.0878291,51.6098853],[0.0877012,51.6099475],[0.0875598,51.6099948],[0.0873664,51.6100283]]}},
{"type":"Feature","properties":{"id":28217,"nach":0.53274786341161218},"geometry":{"type":"LineString","coordinates":[[0.0873684,51.6100929],[0.0873842,51.6102166],[0.0871782,51.6104443]]}},
{"type":"Feature","properties":{"id":28229,"nach":0.55087201191971358},"geometry":{"type":"LineString","coordinates":[[0.0866295,51.6100164],[0.0870533,51.6100964],[0.0872109,51.6101038],[0.0873684,51.6100929]]}},
{"type":"Feature","properties":{"id":9019,"nach":0.61742483117925107},"geometry":{"type":"LineString","coordinates":[[0.0883409,51.609391],[0.0878291,51.6098853]]}},
{"type":"Feature","properties":{"id":28233,"nach":0.46249903589354485},"geometry":{"type":"LineString","coordinates":[[0.0892249,51.6102864],[0.0884177,51.610072],[0.0879378,51.6099352],[0.0878291,51.6098853]]}},
{"type":"Feature","properties":{"id":9021,"nach":0.63165949675456645},"geometry":{"type":"LineString","coordinates":[[0.0883409,51.609391],[0.0884976,51.6091944],[0.0887185,51.6090347]]}},
{"type":"Feature","properties":{"id":28223,"nach":0.53412817340732099},"geometry":{"type":"LineString","coordinates":[[0.0895517,51.609714],[0.0888357,51.6095298],[0.0883409,51.609391]]}},
{"type":"Feature","properties":{"id":28232,"nach":0.45465283322699368},"geometry":{"type":"LineString","coordinates":[[0.0892249,51.6102864],[0.0894989,51.6103443],[0.0898046,51.6103818]]}},
{"type":"Feature","properties":{"id":28234,"nach":0.55374326826309472},"geometry":{"type":"LineString","coordinates":[[0.0892249,51.6102864],[0.0893452,51.6101146],[0.0894243,51.6098981],[0.0895517,51.609714]]}},
{"type":"Feature","properties":{"id":21684,"nach":0.56900604409575262},"geometry":{"type":"LineString","coordinates":[[0.0892457,51.6088942],[0.0890023,51.6089413],[0.0888584,51.6089846],[0.0887185,51.6090347]]}},
{"type":"Feature","properties":{"id":21663,"nach":0.59988039095618806},"geometry":{"type":"LineString","coordinates":[[0.0883706,51.6088027],[0.0885611,51.6088893],[0.0886523,51.6089893],[0.0887185,51.6090347]]}},
{"type":"Feature","properties":{"id":21683,"nach":0.57786302497371689},"geometry":{"type":"LineString","coordinates":[[0.0892457,51.6088942],[0.089314,51.6088806]]}},
{"type":"Feature","properties":{"id":21685,"nach":0.54556634016965688},"geometry":{"type":"LineString","coordinates":[[0.0892457,51.6088942],[0.0892236,51.608857700000016],[0.0892082,51.6088441]]}},
{"type":"Feature","properties":{"id":21662,"nach":0.50151534851185509},"geometry":{"type":"LineString","coordinates":[[0.0883706,51.6088027],[0.0885879,51.6088094],[0.0889768,51.608816]]}},
{"type":"Feature","properties":{"id":21711,"nach":0.61533461891889507},"geometry":{"type":"LineString","coordinates":[[0.0883339,51.6087955],[0.0883706,51.6088027]]}},
{"type":"Feature","properties":{"id":21659,"nach":0.52953067796436282},"geometry":{"type":"LineString","coordinates":[[0.0898253,51.6082675],[0.0899677,51.6082817]]}},
{"type":"Feature","properties":{"id":21612,"nach":0.60204091562341466},"geometry":{"type":"LineString","coordinates":[[0.0901174,51.6079902],[0.0899677,51.6082817]]}},
{"type":"Feature","properties":{"id":9028,"nach":0.57392877821271937},"geometry":{"type":"LineString","coordinates":[[0.089314,51.6088806],[0.0895346,51.6088059],[0.0897144,51.6086979],[0.0898269,51.6085745],[0.0899677,51.6082817]]}},
{"type":"Feature","properties":{"id":21658,"nach":0.51468208193177634},"geometry":{"type":"LineString","coordinates":[[0.0898253,51.6082675],[0.0894482,51.60823]]}},
{"type":"Feature","properties":{"id":21660,"nach":0.44975457784929318},"geometry":{"type":"LineString","coordinates":[[0.0898253,51.6082675],[0.0897976,51.608333],[0.0897439,51.6083546],[0.0896849,51.6084446],[0.0895454,51.6086261],[0.0893899,51.6087677],[0.0892638,51.608821],[0.0892082,51.6088441]]}},
{"type":"Feature","properties":{"id":21611,"nach":0.61493486563732602},"geometry":{"type":"LineString","coordinates":[[0.0901174,51.6079902],[0.0901252,51.6079751]]}},
{"type":"Feature","properties":{"id":21688,"nach":0.57095333898151812},"geometry":{"type":"LineString","coordinates":[[0.0897117,51.6079165],[0.0898432,51.6079398],[0.0901174,51.6079902]]}},
{"type":"Feature","properties":{"id":9027,"nach":0.53506959215410632},"geometry":{"type":"LineString","coordinates":[[0.089314,51.6088806],[0.0893525,51.6089672],[0.0894256,51.6090486],[0.0895347,51.6090867],[0.0903156,51.6092952]]}},
{"type":"Feature","properties":{"id":42737,"nach":0.46987916047350181},"geometry":{"type":"LineString","coordinates":[[0.0897986,51.6050867],[0.0895164,51.605571]]}},
{"type":"Feature","properties":{"id":21513,"nach":0.57472519206491879},"geometry":{"type":"LineString","coordinates":[[0.0896594,51.6056003],[0.0895164,51.605571]]}},
{"type":"Feature","properties":{"id":21607,"nach":0.55598783795881668},"geometry":{"type":"LineString","coordinates":[[0.0887575,51.6052936],[0.0889913,51.605402700000013],[0.0892611,51.6055044],[0.0895164,51.605571]]}},
{"type":"Feature","properties":{"id":42735,"nach":0.58416885982335476},"geometry":{"type":"LineString","coordinates":[[0.0897986,51.6050867],[0.0901243,51.6051585]]}},
{"type":"Feature","properties":{"id":42736,"nach":0.59376951232600028},"geometry":{"type":"LineString","coordinates":[[0.0897986,51.6050867],[0.0890747,51.6049205]]}},
{"type":"Feature","properties":{"id":42732,"nach":0.61870777167434954},"geometry":{"type":"LineString","coordinates":[[0.0898278,51.6056405],[0.0896594,51.6056003]]}},
{"type":"Feature","properties":{"id":21702,"nach":0.61629933042656637},"geometry":{"type":"LineString","coordinates":[[0.0896209,51.6056534],[0.0896594,51.6056003]]}},
{"type":"Feature","properties":{"id":21606,"nach":0.44994914727031421},"geometry":{"type":"LineString","coordinates":[[0.0887575,51.6052936],[0.0887354,51.60535620000001],[0.0887292,51.605396]]}},
{"type":"Feature","properties":{"id":21678,"nach":0.56052920610452572},"geometry":{"type":"LineString","coordinates":[[0.0887388,51.6052742],[0.0887575,51.6052936]]}},
{"type":"Feature","properties":{"id":21873,"nach":0.53345251493467039},"geometry":{"type":"LineString","coordinates":[[0.0860229,51.6055121],[0.0859232,51.6054773]]}},
{"type":"Feature","properties":{"id":21834,"nach":0.57529340604878743},"geometry":{"type":"LineString","coordinates":[[0.0861673,51.6052777],[0.0859232,51.6054773]]}},
{"type":"Feature","properties":{"id":28212,"nach":0.60111822087255462},"geometry":{"type":"LineString","coordinates":[[0.085711,51.605878],[0.0857532,51.6057765],[0.0858213,51.6056111],[0.0859232,51.6054773]]}},
{"type":"Feature","properties":{"id":78442,"nach":0.54412097845506091},"geometry":{"type":"LineString","coordinates":[[0.0860865,51.6055293],[0.0860229,51.6055121]]}},
{"type":"Feature","properties":{"id":21902,"nach":0.44929473906066708},"geometry":{"type":"LineString","coordinates":[[0.0859058,51.6057627],[0.0860229,51.6055121]]}},
{"type":"Feature","properties":{"id":21836,"nach":0.54343134234295354},"geometry":{"type":"LineString","coordinates":[[0.0861673,51.6052777],[0.0864421,51.6050298],[0.0865549,51.604920100000015]]}},
{"type":"Feature","properties":{"id":78439,"nach":0.5209382331834963},"geometry":{"type":"LineString","coordinates":[[0.0862256,51.6052891],[0.0861673,51.6052777]]}},
{"type":"Feature","properties":{"id":28210,"nach":0.52119568684555106},"geometry":{"type":"LineString","coordinates":[[0.085711,51.605878],[0.0856267,51.606081]]}},
{"type":"Feature","properties":{"id":28211,"nach":0.59782023118845395},"geometry":{"type":"LineString","coordinates":[[0.085711,51.605878],[0.0856139,51.6058614]]}},
{"type":"Feature","properties":{"id":8941,"nach":0.55706227959795396},"geometry":{"type":"LineString","coordinates":[[0.0856267,51.606081],[0.0855075,51.6065194]]}},
{"type":"Feature","properties":{"id":8918,"nach":0.57331458043610517},"geometry":{"type":"LineString","coordinates":[[0.0855075,51.6065194],[0.0854353,51.6065213],[0.0853666,51.6065353],[0.0853065,51.6065603],[0.0852595,51.6065944]]}},
{"type":"Feature","properties":{"id":8922,"nach":0.47980785706517293},"geometry":{"type":"LineString","coordinates":[[0.0857355,51.6067331],[0.0857478,51.6066849],[0.085737,51.6066366],[0.0857038,51.6065924],[0.0856512,51.6065562],[0.0855838,51.6065311],[0.0855075,51.6065194]]}},
{"type":"Feature","properties":{"id":21821,"nach":0.55044337714692382},"geometry":{"type":"LineString","coordinates":[[0.0857729,51.6061057],[0.0856267,51.606081]]}},
{"type":"Feature","properties":{"id":28195,"nach":0.57655127051978139},"geometry":{"type":"LineString","coordinates":[[0.0852,51.6065679],[0.0852595,51.6065944]]}},
{"type":"Feature","properties":{"id":20831,"nach":0.53999681704636271},"geometry":{"type":"LineString","coordinates":[[0.0852595,51.6065944],[0.0852286,51.606636300000012],[0.0852175,51.6066819],[0.0852273,51.6067276],[0.0852571,51.6067698],[0.0853045,51.6068053],[0.0853659,51.606831200000016]]}},
{"type":"Feature","properties":{"id":8919,"nach":0.39442976736404067},"geometry":{"type":"LineString","coordinates":[[0.0853659,51.606831200000016],[0.0854177,51.606843],[0.0854724,51.6068479],[0.0855274,51.6068456]]}},
{"type":"Feature","properties":{"id":8920,"nach":0.55241699786466536},"geometry":{"type":"LineString","coordinates":[[0.0853659,51.606831200000016],[0.0853678,51.60689270000001],[0.0853511,51.6069508]]}},
{"type":"Feature","properties":{"id":74199,"nach":0.4882098244777292},"geometry":{"type":"LineString","coordinates":[[0.085419,51.60696440000001],[0.0854487,51.6069085],[0.0855274,51.6068456]]}},
{"type":"Feature","properties":{"id":74200,"nach":0.49265860875808704},"geometry":{"type":"LineString","coordinates":[[0.0855274,51.6068456],[0.0855964,51.6068321],[0.0856569,51.606807500000016],[0.0857044,51.6067736],[0.0857355,51.6067331]]}},
{"type":"Feature","properties":{"id":28203,"nach":0.68694331864488234},"geometry":{"type":"LineString","coordinates":[[0.0853511,51.6069508],[0.0852924,51.6069242],[0.0852314,51.6069081],[0.0850213,51.6068661],[0.0844707,51.6067782]]}},
{"type":"Feature","properties":{"id":74197,"nach":0.65213698321404967},"geometry":{"type":"LineString","coordinates":[[0.085419,51.60696440000001],[0.0853511,51.6069508]]}},
{"type":"Feature","properties":{"id":21825,"nach":0.51511124155110688},"geometry":{"type":"LineString","coordinates":[[0.0858764,51.6067493],[0.0857355,51.6067331]]}},
{"type":"Feature","properties":{"id":48134,"nach":0.60907108958365164},"geometry":{"type":"LineString","coordinates":[[0.0861388,51.6068082],[0.0858764,51.6067493]]}},
{"type":"Feature","properties":{"id":21857,"nach":0.68419374358651508},"geometry":{"type":"LineString","coordinates":[[0.0858823,51.6067199],[0.0858764,51.6067493]]}},
{"type":"Feature","properties":{"id":28193,"nach":0.68456933076776572},"geometry":{"type":"LineString","coordinates":[[0.0854809,51.6069748],[0.085541,51.6069436],[0.0858039,51.60687380000001],[0.0858764,51.6067493]]}},
{"type":"Feature","properties":{"id":21471,"nach":0.59789476831736288},"geometry":{"type":"LineString","coordinates":[[0.0845411,51.6090034],[0.0844388,51.6089849]]}},
{"type":"Feature","properties":{"id":21470,"nach":0.56041133965046241},"geometry":{"type":"LineString","coordinates":[[0.0845411,51.6090034],[0.0851689,51.609075800000014]]}},
{"type":"Feature","properties":{"id":21489,"nach":0.55665610493605955},"geometry":{"type":"LineString","coordinates":[[0.0844761,51.6096668],[0.0843982,51.609599],[0.0844077,51.6095323],[0.0844398,51.6094083],[0.0844854,51.6092291],[0.0845411,51.6090034]]}},
{"type":"Feature","properties":{"id":8930,"nach":0.52585524219442381},"geometry":{"type":"LineString","coordinates":[[0.0852738,51.6087746],[0.0851689,51.609075800000014]]}},
{"type":"Feature","properties":{"id":21694,"nach":0.4440107248522423},"geometry":{"type":"LineString","coordinates":[[0.0854122,51.6094757],[0.0853532,51.6096072],[0.0852727,51.6096341],[0.0852057,51.6096341],[0.0851654,51.609608899999984],[0.0851735,51.6095589],[0.0852003,51.6094806],[0.0852003,51.6094072],[0.085144,51.6092358],[0.0851689,51.609075800000014]]}},
{"type":"Feature","properties":{"id":21495,"nach":0.45067602510685328},"geometry":{"type":"LineString","coordinates":[[0.0851386,51.6087477],[0.0852738,51.6087746]]}},
{"type":"Feature","properties":{"id":21501,"nach":0.45067602510685328},"geometry":{"type":"LineString","coordinates":[[0.0854202,51.6087977],[0.0852738,51.6087746]]}},
{"type":"Feature","properties":{"id":21718,"nach":0.61636929151714237},"geometry":{"type":"LineString","coordinates":[[0.0862082,51.6080267],[0.0853258,51.6078757]]}},
{"type":"Feature","properties":{"id":57064,"nach":0.46198568940332169},"geometry":{"type":"LineString","coordinates":[[0.0854686,51.6075246],[0.0853495,51.6078189],[0.0853258,51.6078757]]}},
{"type":"Feature","properties":{"id":79162,"nach":0.45416848407031946},"geometry":{"type":"LineString","coordinates":[[0.0867047,51.6081614],[0.0866304,51.608128]]}},
{"type":"Feature","properties":{"id":21465,"nach":0.58482694344058161},"geometry":{"type":"LineString","coordinates":[[0.0864131,51.6080645],[0.0866069,51.608122],[0.0866304,51.608128]]}},
{"type":"Feature","properties":{"id":21494,"nach":0.56129202329044392},"geometry":{"type":"LineString","coordinates":[[0.0866672,51.6080368],[0.0866508,51.6080718],[0.0866304,51.608128]]}},
{"type":"Feature","properties":{"id":21717,"nach":0.60215510121329141},"geometry":{"type":"LineString","coordinates":[[0.0862082,51.6080267],[0.0864131,51.6080645]]}},
{"type":"Feature","properties":{"id":21473,"nach":0.45058740568887512},"geometry":{"type":"LineString","coordinates":[[0.0862758,51.6085929],[0.0863965,51.608368],[0.0864099,51.6082914],[0.0863884,51.6082373],[0.0863778,51.6081831],[0.0863933,51.60812820000001],[0.0864131,51.6080645]]}},
{"type":"Feature","properties":{"id":21493,"nach":0.45258311453189987},"geometry":{"type":"LineString","coordinates":[[0.0866672,51.6080368],[0.0868123,51.6080589]]}},
{"type":"Feature","properties":{"id":21492,"nach":0.52608696344996941},"geometry":{"type":"LineString","coordinates":[[0.0866672,51.6080368],[0.0866841,51.607989]]}},
{"type":"Feature","properties":{"id":21913,"nach":0.52875656307074426},"geometry":{"type":"LineString","coordinates":[[0.0863755,51.6062077],[0.0857729,51.6061057]]}},
{"type":"Feature","properties":{"id":21901,"nach":0.51859033920891884},"geometry":{"type":"LineString","coordinates":[[0.0859058,51.6057627],[0.0857729,51.6061057]]}},
{"type":"Feature","properties":{"id":21859,"nach":0.48806053394432924},"geometry":{"type":"LineString","coordinates":[[0.0858823,51.6067199],[0.0857824,51.6066239],[0.0856966,51.6065107],[0.0856537,51.6064307],[0.0857729,51.6061057]]}},
{"type":"Feature","properties":{"id":21801,"nach":0.61524943678098576},"geometry":{"type":"LineString","coordinates":[[0.087073,51.6063258],[0.0873486,51.6063724]]}},
{"type":"Feature","properties":{"id":21625,"nach":0.58275464585881376},"geometry":{"type":"LineString","coordinates":[[0.0875418,51.6061408],[0.0874469,51.60615],[0.0873486,51.6063724]]}},
{"type":"Feature","properties":{"id":21668,"nach":0.56213426331681993},"geometry":{"type":"LineString","coordinates":[[0.0874383,51.6064337],[0.0873809,51.606414],[0.0873486,51.6063724]]}},
{"type":"Feature","properties":{"id":21807,"nach":0.61299198663138776},"geometry":{"type":"LineString","coordinates":[[0.0869776,51.6063096],[0.087073,51.6063258]]}},
{"type":"Feature","properties":{"id":21896,"nach":0.47166935087463241},"geometry":{"type":"LineString","coordinates":[[0.0871952,51.606029],[0.087073,51.6063258]]}},
{"type":"Feature","properties":{"id":21635,"nach":0.59492435326188209},"geometry":{"type":"LineString","coordinates":[[0.087912,51.6061941],[0.0875418,51.6061408]]}},
{"type":"Feature","properties":{"id":21878,"nach":0.56110621902642333},"geometry":{"type":"LineString","coordinates":[[0.0875646,51.606091100000015],[0.0875418,51.6061408]]}},
{"type":"Feature","properties":{"id":21669,"nach":0.56277786810253561},"geometry":{"type":"LineString","coordinates":[[0.0874383,51.6064337],[0.0874828,51.606449],[0.0877832,51.6064956]]}},
{"type":"Feature","properties":{"id":21667,"nach":0.60043287122289868},"geometry":{"type":"LineString","coordinates":[[0.0874383,51.6064337],[0.0873755,51.6065889],[0.0873273,51.6066838]]}},
{"type":"Feature","properties":{"id":21828,"nach":0.61413602235285392},"geometry":{"type":"LineString","coordinates":[[0.0874354,51.6057552],[0.0876346,51.6057871]]}},
{"type":"Feature","properties":{"id":21640,"nach":0.59686832253092381},"geometry":{"type":"LineString","coordinates":[[0.0876786,51.6058426],[0.0876346,51.6057871]]}},
{"type":"Feature","properties":{"id":8961,"nach":0.54785349231799052},"geometry":{"type":"LineString","coordinates":[[0.0879926,51.6055637],[0.0879173,51.605572700000018],[0.0878342,51.6055661],[0.0877292,51.6055906],[0.0876346,51.6057871]]}},
{"type":"Feature","properties":{"id":21891,"nach":0.57923652396180703},"geometry":{"type":"LineString","coordinates":[[0.0872301,51.6057224],[0.0874354,51.6057552]]}},
{"type":"Feature","properties":{"id":21865,"nach":0.57137978363232955},"geometry":{"type":"LineString","coordinates":[[0.0875274,51.605528200000016],[0.0874667,51.6056744],[0.0874354,51.6057552]]}},
{"type":"Feature","properties":{"id":21879,"nach":0.4956870332549097},"geometry":{"type":"LineString","coordinates":[[0.0875646,51.606091100000015],[0.0876786,51.6058426]]}},
{"type":"Feature","properties":{"id":21676,"nach":0.59376666760404639},"geometry":{"type":"LineString","coordinates":[[0.0880595,51.6059209],[0.0877511,51.6058643],[0.0876786,51.6058426]]}},
{"type":"Feature","properties":{"id":21544,"nach":0.52340443296043093},"geometry":{"type":"LineString","coordinates":[[0.0882513,51.6056294],[0.0879926,51.6055637]]}},
{"type":"Feature","properties":{"id":21811,"nach":0.52738806614669775},"geometry":{"type":"LineString","coordinates":[[0.0882407,51.6050771],[0.0881824,51.60511540000001],[0.0879926,51.6055637]]}},
{"type":"Feature","properties":{"id":21916,"nach":0.54606044849656743},"geometry":{"type":"LineString","coordinates":[[0.0866677,51.604971],[0.0865549,51.604920100000015]]}},
{"type":"Feature","properties":{"id":8957,"nach":0.0},"geometry":{"type":"LineString","coordinates":[[0.0883415,51.6050269],[0.0882425,51.6049608],[0.0879603,51.6048531],[0.0876722,51.6047753],[0.087169,51.6046866],[0.0869621,51.604705600000017],[0.0868177,51.6047422],[0.0865549,51.604920100000015]]}},
{"type":"Feature","properties":{"id":21915,"nach":0.47671632186606472},"geometry":{"type":"LineString","coordinates":[[0.0866677,51.604971],[0.0868015,51.6050313]]}},
{"type":"Feature","properties":{"id":21917,"nach":0.52044051212707287},"geometry":{"type":"LineString","coordinates":[[0.0866677,51.604971],[0.0867722,51.6048881],[0.0869626,51.6048332],[0.0871745,51.6047882],[0.0873004,51.6047998],[0.087392,51.6048083]]}},
{"type":"Feature","properties":{"id":21810,"nach":0.58623116713992784},"geometry":{"type":"LineString","coordinates":[[0.0882407,51.6050771],[0.0883415,51.6050269]]}},
{"type":"Feature","properties":{"id":8964,"nach":0.58450707180928718},"geometry":{"type":"LineString","coordinates":[[0.0885742,51.6051506],[0.0884875,51.6051176],[0.0883415,51.6050269]]}},
{"type":"Feature","properties":{"id":21817,"nach":0.41819379898896636},"geometry":{"type":"LineString","coordinates":[[0.0872777,51.6050992],[0.0868015,51.6050313]]}},
{"type":"Feature","properties":{"id":21868,"nach":0.45481484615302747},"geometry":{"type":"LineString","coordinates":[[0.0868614,51.6053406],[0.0866971,51.6053129],[0.0868015,51.6050313]]}},
{"type":"Feature","properties":{"id":21816,"nach":0.44799017011533859},"geometry":{"type":"LineString","coordinates":[[0.0872777,51.6050992],[0.0874799,51.605128]]}},
{"type":"Feature","properties":{"id":21818,"nach":0.49624293850867185},"geometry":{"type":"LineString","coordinates":[[0.0872777,51.6050992],[0.0871597,51.6053908]]}},
{"type":"Feature","properties":{"id":21860,"nach":0.48312861242922822},"geometry":{"type":"LineString","coordinates":[[0.087392,51.6048083],[0.0872777,51.6050992]]}},
{"type":"Feature","properties":{"id":21867,"nach":0.4139359488028776},"geometry":{"type":"LineString","coordinates":[[0.0868614,51.6053406],[0.0868407,51.6053969]]}},
{"type":"Feature","properties":{"id":21907,"nach":0.47701296187447617},"geometry":{"type":"LineString","coordinates":[[0.0869933,51.6053628],[0.0868614,51.6053406]]}},
{"type":"Feature","properties":{"id":21922,"nach":0.56517912601787634},"geometry":{"type":"LineString","coordinates":[[0.0878054,51.6048762],[0.0878464,51.6048981],[0.0880381,51.6049689],[0.0881521,51.605018],[0.0882407,51.6050771]]}},
{"type":"Feature","properties":{"id":21677,"nach":0.57093461149038094},"geometry":{"type":"LineString","coordinates":[[0.0887388,51.6052742],[0.0885742,51.6051506]]}},
{"type":"Feature","properties":{"id":52536,"nach":0.60166906466981973},"geometry":{"type":"LineString","coordinates":[[0.0889596,51.6049213],[0.0888772,51.6049507],[0.088637,51.6051189],[0.0885742,51.6051506]]}},
{"type":"Feature","properties":{"id":21680,"nach":0.53953059900233258},"geometry":{"type":"LineString","coordinates":[[0.0883492,51.6056561],[0.0882513,51.6056294]]}},
{"type":"Feature","properties":{"id":21679,"nach":0.58611415764939501},"geometry":{"type":"LineString","coordinates":[[0.0887388,51.6052742],[0.0884793,51.605473600000018],[0.0882513,51.6056294]]}},
{"type":"Feature","properties":{"id":21675,"nach":0.55679582484005252},"geometry":{"type":"LineString","coordinates":[[0.0880595,51.6059209],[0.0881373,51.605756],[0.0882513,51.6056294]]}},
{"type":"Feature","properties":{"id":52535,"nach":0.60021833389998203},"geometry":{"type":"LineString","coordinates":[[0.0889596,51.6049213],[0.0890747,51.6049205]]}},
{"type":"Feature","properties":{"id":52538,"nach":0.44682838285563203},"geometry":{"type":"LineString","coordinates":[[0.0890659,51.6046345],[0.0889533,51.60484120000001],[0.0889596,51.6049213]]}},
{"type":"Feature","properties":{"id":19993,"nach":0.60958203182764037},"geometry":{"type":"LineString","coordinates":[[0.0900439,51.605312],[0.0901243,51.6051585]]}},
{"type":"Feature","properties":{"id":8997,"nach":0.64175475643488655},"geometry":{"type":"LineString","coordinates":[[0.0906765,51.6044385],[0.0905919,51.604578],[0.0905294,51.6045959],[0.0903926,51.6048042],[0.0903074,51.6048736],[0.0901243,51.6051585]]}},
{"type":"Feature","properties":{"id":19994,"nach":0.44743754135214148},"geometry":{"type":"LineString","coordinates":[[0.0900439,51.605312],[0.0904003,51.605415100000016]]}},
{"type":"Feature","properties":{"id":42733,"nach":0.61489331294967398},"geometry":{"type":"LineString","coordinates":[[0.0898278,51.6056405],[0.0900439,51.605312]]}},
{"type":"Feature","properties":{"id":8999,"nach":0.64017619352524324},"geometry":{"type":"LineString","coordinates":[[0.0909944,51.603874],[0.0906765,51.6044385]]}},
{"type":"Feature","properties":{"id":28161,"nach":0.074249502488926783},"geometry":{"type":"LineString","coordinates":[[0.0894889,51.604629],[0.0895814,51.6046196],[0.0897483,51.6042645],[0.089828,51.6042424],[0.0906765,51.6044385]]}},
{"type":"Feature","properties":{"id":21744,"nach":0.57208107181291401},"geometry":{"type":"LineString","coordinates":[[0.0906836,51.6064995],[0.0907932,51.60651570000001]]}},
{"type":"Feature","properties":{"id":8984,"nach":0.58902060636833764},"geometry":{"type":"LineString","coordinates":[[0.0906335,51.6068656],[0.0907932,51.60651570000001]]}},
{"type":"Feature","properties":{"id":20828,"nach":0.62025905428484385},"geometry":{"type":"LineString","coordinates":[[0.0908695,51.6063833],[0.0907932,51.60651570000001]]}},
{"type":"Feature","properties":{"id":21746,"nach":0.41315044757999558},"geometry":{"type":"LineString","coordinates":[[0.0906836,51.6064995],[0.0905219,51.6068322],[0.0904143,51.607078500000014]]}},
{"type":"Feature","properties":{"id":21745,"nach":0.46947594276815224},"geometry":{"type":"LineString","coordinates":[[0.0906836,51.6064995],[0.0907901,51.6062641],[0.0908276,51.6061583],[0.0906815,51.6059135],[0.0904173,51.6058527],[0.0901437,51.6057827],[0.0900015,51.6057427]]}},
{"type":"Feature","properties":{"id":21767,"nach":0.57607099919581373},"geometry":{"type":"LineString","coordinates":[[0.0904065,51.6064584],[0.0906836,51.6064995]]}},
{"type":"Feature","properties":{"id":8985,"nach":0.59334822102601537},"geometry":{"type":"LineString","coordinates":[[0.0906335,51.6068656],[0.0905135,51.607095]]}},
{"type":"Feature","properties":{"id":9011,"nach":0.59290894344406886},"geometry":{"type":"LineString","coordinates":[[0.0911934,51.6070675],[0.0910259,51.6069547],[0.0908773,51.606912],[0.0906335,51.6068656]]}},
{"type":"Feature","properties":{"id":20827,"nach":0.61692233237653293},"geometry":{"type":"LineString","coordinates":[[0.0908695,51.6063833],[0.0909347,51.6062299]]}},
{"type":"Feature","properties":{"id":20829,"nach":0.44884214783968152},"geometry":{"type":"LineString","coordinates":[[0.0908695,51.6063833],[0.0911801,51.6064327]]}},
{"type":"Feature","properties":{"id":21695,"nach":0.44858357361077755},"geometry":{"type":"LineString","coordinates":[[0.0900577,51.6064004],[0.0899653,51.606385]]}},
{"type":"Feature","properties":{"id":21766,"nach":0.419214574815855},"geometry":{"type":"LineString","coordinates":[[0.0904065,51.6064584],[0.0900577,51.6064004]]}},
{"type":"Feature","properties":{"id":21733,"nach":0.46938154199709592},"geometry":{"type":"LineString","coordinates":[[0.0899247,51.6066843],[0.0900577,51.6064004]]}},
{"type":"Feature","properties":{"id":21735,"nach":0.58776724962881222},"geometry":{"type":"LineString","coordinates":[[0.0904143,51.607078500000014],[0.0905135,51.607095]]}},
{"type":"Feature","properties":{"id":8979,"nach":0.56148431152443112},"geometry":{"type":"LineString","coordinates":[[0.0902536,51.6076869],[0.0905135,51.607095]]}},
{"type":"Feature","properties":{"id":21751,"nach":0.58440134547030287},"geometry":{"type":"LineString","coordinates":[[0.0900882,51.6070242],[0.0904143,51.607078500000014]]}},
{"type":"Feature","properties":{"id":21782,"nach":0.53755148989321744},"geometry":{"type":"LineString","coordinates":[[0.089838,51.6076141],[0.0902536,51.6076869]]}},
{"type":"Feature","properties":{"id":8987,"nach":0.59176053056106048},"geometry":{"type":"LineString","coordinates":[[0.0901252,51.6079751],[0.0902536,51.6076869]]}},
{"type":"Feature","properties":{"id":21757,"nach":0.63861255449315879},"geometry":{"type":"LineString","coordinates":[[0.0893134,51.606895199999983],[0.0889875,51.606841]]}},
{"type":"Feature","properties":{"id":21541,"nach":0.65750549621085974},"geometry":{"type":"LineString","coordinates":[[0.0888454,51.6068704],[0.0889875,51.606841]]}},
{"type":"Feature","properties":{"id":21537,"nach":0.60256011176871171},"geometry":{"type":"LineString","coordinates":[[0.0891918,51.606574400000014],[0.0891243,51.6065889],[0.0890836,51.6066186],[0.0889875,51.606841]]}},
{"type":"Feature","properties":{"id":21759,"nach":0.48016792137302139},"geometry":{"type":"LineString","coordinates":[[0.0893134,51.606895199999983],[0.0891919,51.6071885]]}},
{"type":"Feature","properties":{"id":21758,"nach":0.63059926702225544},"geometry":{"type":"LineString","coordinates":[[0.0893134,51.606895199999983],[0.089769,51.6069711]]}},
{"type":"Feature","properties":{"id":21542,"nach":0.65008424584813818},"geometry":{"type":"LineString","coordinates":[[0.0888454,51.6068704],[0.0886684,51.6068388],[0.0884726,51.6068056]]}},
{"type":"Feature","properties":{"id":21728,"nach":0.59979290421635234},"geometry":{"type":"LineString","coordinates":[[0.0888212,51.6069276],[0.0888454,51.6068704]]}},
{"type":"Feature","properties":{"id":21538,"nach":0.61874661138327458},"geometry":{"type":"LineString","coordinates":[[0.0891918,51.606574400000014],[0.0893495,51.6062175],[0.0895158,51.6058677],[0.0894757,51.605821]]}},
{"type":"Feature","properties":{"id":56198,"nach":0.52504988938456731},"geometry":{"type":"LineString","coordinates":[[0.0893476,51.606548],[0.0892849,51.6065572],[0.0891918,51.606574400000014]]}},
{"type":"Feature","properties":{"id":21603,"nach":0.55691232218008069},"geometry":{"type":"LineString","coordinates":[[0.0885048,51.6064249],[0.088612,51.606459],[0.0891538,51.6065472],[0.0891918,51.606574400000014]]}},
{"type":"Feature","properties":{"id":21783,"nach":0.50322702243711903},"geometry":{"type":"LineString","coordinates":[[0.089838,51.6076141],[0.0897117,51.6079165]]}},
{"type":"Feature","properties":{"id":21781,"nach":0.57325372469956082},"geometry":{"type":"LineString","coordinates":[[0.089838,51.6076141],[0.0896451,51.6075803]]}},
{"type":"Feature","properties":{"id":9014,"nach":0.59992248143563631},"geometry":{"type":"LineString","coordinates":[[0.090751,51.6079921],[0.0905714,51.6080271],[0.0904349,51.608025100000013],[0.0901252,51.6079751]]}},
{"type":"Feature","properties":{"id":21760,"nach":0.60162917252807513},"geometry":{"type":"LineString","coordinates":[[0.0889536,51.6074591],[0.0887242,51.6074189]]}},
{"type":"Feature","properties":{"id":21664,"nach":0.59298884805975827},"geometry":{"type":"LineString","coordinates":[[0.0885906,51.6074584],[0.0887242,51.6074189]]}},
{"type":"Feature","properties":{"id":21555,"nach":0.60774432365488229},"geometry":{"type":"LineString","coordinates":[[0.088722,51.6071619],[0.088809,51.6071996],[0.0887242,51.6074189]]}},
{"type":"Feature","properties":{"id":21775,"nach":0.57919624226832755},"geometry":{"type":"LineString","coordinates":[[0.0890576,51.6074773],[0.0889536,51.6074591]]}},
{"type":"Feature","properties":{"id":21789,"nach":0.49896922474666167},"geometry":{"type":"LineString","coordinates":[[0.0890825,51.6071706],[0.0889536,51.6074591]]}},
{"type":"Feature","properties":{"id":21666,"nach":0.53926018962220101},"geometry":{"type":"LineString","coordinates":[[0.0885906,51.6074584],[0.0882768,51.6073985],[0.0882378,51.6074016]]}},
{"type":"Feature","properties":{"id":21665,"nach":0.61676412739199438},"geometry":{"type":"LineString","coordinates":[[0.0885906,51.6074584],[0.0884806,51.6076883]]}},
{"type":"Feature","properties":{"id":21723,"nach":0.5701178002259738},"geometry":{"type":"LineString","coordinates":[[0.0887419,51.6071148],[0.088722,51.6071619]]}},
{"type":"Feature","properties":{"id":21564,"nach":0.5753611926149822},"geometry":{"type":"LineString","coordinates":[[0.0883599,51.607102],[0.088722,51.6071619]]}},
{"type":"Feature","properties":{"id":69950,"nach":0.5486841244037951},"geometry":{"type":"LineString","coordinates":[[0.0915188,51.606919499999989],[0.0911934,51.6070675]]}},
{"type":"Feature","properties":{"id":69947,"nach":0.56191527351057047},"geometry":{"type":"LineString","coordinates":[[0.0912868,51.6074261],[0.091342,51.6072876],[0.0913155,51.60719730000001],[0.0911934,51.6070675]]}},
{"type":"Feature","properties":{"id":60274,"nach":0.55752632888507225},"geometry":{"type":"LineString","coordinates":[[0.0909376,51.6082482],[0.090751,51.6079921]]}},
{"type":"Feature","properties":{"id":56202,"nach":0.56091716070969133},"geometry":{"type":"LineString","coordinates":[[0.0910557,51.6078799],[0.0910234,51.6079033],[0.090751,51.6079921]]}},
{"type":"Feature","properties":{"id":50988,"nach":0.61063475302361392},"geometry":{"type":"LineString","coordinates":[[0.0927996,51.6038415],[0.0922998,51.6037315]]}},
{"type":"Feature","properties":{"id":50986,"nach":0.44756962118713445},"geometry":{"type":"LineString","coordinates":[[0.0926104,51.6034029],[0.0925176,51.6034294],[0.0924712,51.6034522],[0.0924228,51.60353030000001],[0.0922998,51.6037315]]}},
{"type":"Feature","properties":{"id":69709,"nach":0.40075183484547128},"geometry":{"type":"LineString","coordinates":[[0.0917549,51.6039909],[0.0916156,51.6042304],[0.0916328,51.6046089],[0.0910234,51.605509800000014],[0.0907357,51.605435]]}},
{"type":"Feature","properties":{"id":69711,"nach":0.43865060008885481},"geometry":{"type":"LineString","coordinates":[[0.0920923,51.6042836],[0.0921797,51.6041072],[0.092179,51.6040947],[0.0921668,51.6040828],[0.0921098,51.6040688],[0.0917549,51.6039909]]}},
{"type":"Feature","properties":{"id":58144,"nach":0.47035562166782918},"geometry":{"type":"LineString","coordinates":[[0.0901393,51.6036729],[0.0909944,51.603874]]}},
{"type":"Feature","properties":{"id":58145,"nach":0.44421433710244446},"geometry":{"type":"LineString","coordinates":[[0.0901393,51.6036729],[0.0900528,51.6037003],[0.0899299,51.6039129],[0.0898964,51.6039387],[0.0897288,51.6042281],[0.0894889,51.604629]]}},
{"type":"Feature","properties":{"id":28164,"nach":0.47398039077482718},"geometry":{"type":"LineString","coordinates":[[0.0890747,51.6049205],[0.089234,51.6046567],[0.0894472,51.6047025],[0.0894889,51.604629]]}},
{"type":"Feature","properties":{"id":76275,"nach":0.44074634595178636},"geometry":{"type":"LineString","coordinates":[[0.0899599,51.6032838],[0.0898406,51.6034958],[0.0898359,51.60351330000001],[0.089846,51.6035254],[0.090137,51.6035928],[0.0901638,51.6036045],[0.0901725,51.6036162],[0.0901393,51.6036729]]}},
{"type":"Feature","properties":{"id":50987,"nach":0.61096274977900555},"geometry":{"type":"LineString","coordinates":[[0.0927996,51.6038415],[0.0929934,51.6038841]]}},
{"type":"Feature","properties":{"id":9005,"nach":0.59561000881184212},"geometry":{"type":"LineString","coordinates":[[0.09282,51.6041919],[0.0929934,51.6038841]]}},
{"type":"Feature","properties":{"id":53090,"nach":0.62400342160090483},"geometry":{"type":"LineString","coordinates":[[0.093089,51.6039057],[0.0929934,51.6038841]]}},
{"type":"Feature","properties":{"id":50990,"nach":0.4516982495012592},"geometry":{"type":"LineString","coordinates":[[0.0929094,51.6036831],[0.0927996,51.6038415]]}},
{"type":"Feature","properties":{"id":28167,"nach":0.57502216068141399},"geometry":{"type":"LineString","coordinates":[[0.0913959,51.6062965],[0.0915674,51.60594360000001],[0.0916156,51.605904300000013],[0.0921649,51.60492880000001],[0.0924653,51.6047582],[0.09282,51.6041919]]}},
{"type":"Feature","properties":{"id":48673,"nach":0.5253532999446886},"geometry":{"type":"LineString","coordinates":[[0.0925904,51.6072754],[0.0928638,51.604398],[0.09282,51.6041919]]}},
{"type":"Feature","properties":{"id":53095,"nach":0.5244476310146603},"geometry":{"type":"LineString","coordinates":[[0.0934837,51.6038025],[0.0931681,51.6038443],[0.093089,51.6039057]]}},
{"type":"Feature","properties":{"id":28166,"nach":0.44722748358368897},"geometry":{"type":"LineString","coordinates":[[0.0913959,51.6062965],[0.0916327,51.6063307]]}},
{"type":"Feature","properties":{"id":28165,"nach":0.58784919650218459},"geometry":{"type":"LineString","coordinates":[[0.0913959,51.6062965],[0.0909347,51.6062299]]}},
{"type":"Feature","properties":{"id":48672,"nach":0.38022838705424866},"geometry":{"type":"LineString","coordinates":[[0.0925904,51.6072754],[0.0925853,51.6072985]]}},
{"type":"Feature","properties":{"id":77883,"nach":0.519832471153713},"geometry":{"type":"LineString","coordinates":[[0.0926443,51.6073439],[0.092627,51.607268400000017],[0.0925904,51.6072754]]}},
{"type":"Feature","properties":{"id":64931,"nach":0.42506817581771245},"geometry":{"type":"LineString","coordinates":[[0.0919616,51.6078422],[0.0918459,51.6074227],[0.0918781,51.6073128],[0.0919103,51.6072862],[0.0919801,51.6072695],[0.0920552,51.6072695],[0.0922322,51.6072995],[0.0925904,51.6072754]]}},
{"type":"Feature","properties":{"id":69951,"nach":0.5122068469903468},"geometry":{"type":"LineString","coordinates":[[0.0915188,51.606919499999989],[0.0916816,51.6068455],[0.0917418,51.606798900000015],[0.0918074,51.6066465]]}},
{"type":"Feature","properties":{"id":69952,"nach":0.44068469144597633},"geometry":{"type":"LineString","coordinates":[[0.0915188,51.606919499999989],[0.0916544,51.607007],[0.0918782,51.6070494]]}},
{"type":"Feature","properties":{"id":69945,"nach":0.55448042278929666},"geometry":{"type":"LineString","coordinates":[[0.0912868,51.6074261],[0.0912457,51.60752930000001]]}},
{"type":"Feature","properties":{"id":69948,"nach":0.44288173815819826},"geometry":{"type":"LineString","coordinates":[[0.0916546,51.6074937],[0.0912868,51.6074261]]}},
{"type":"Feature","properties":{"id":58159,"nach":0.4384341634249681},"geometry":{"type":"LineString","coordinates":[[0.0918074,51.6066465],[0.0917689,51.6065987],[0.0916547,51.6065714]]}},
{"type":"Feature","properties":{"id":69953,"nach":0.43520631432474804},"geometry":{"type":"LineString","coordinates":[[0.0920973,51.6063068],[0.0919309,51.6066175],[0.0918074,51.6066465]]}},
{"type":"Feature","properties":{"id":60275,"nach":0.52566816893787882},"geometry":{"type":"LineString","coordinates":[[0.0909376,51.6082482],[0.0909891,51.608319],[0.091341,51.6084096]]}},
{"type":"Feature","properties":{"id":60277,"nach":0.44078589487348985},"geometry":{"type":"LineString","coordinates":[[0.090261,51.6084556],[0.0904755,51.6085017],[0.09054,51.6085115],[0.0905867,51.608444300000016],[0.0906175,51.6084178],[0.0906923,51.6082982],[0.0907565,51.608285],[0.0908607,51.60827170000001],[0.0909376,51.6082482]]}},
{"type":"Feature","properties":{"id":58302,"nach":0.54912151182970326},"geometry":{"type":"LineString","coordinates":[[0.0912457,51.60752930000001],[0.0911264,51.6078286],[0.0910557,51.6078799]]}},
{"type":"Feature","properties":{"id":56207,"nach":0.50270967419017654},"geometry":{"type":"LineString","coordinates":[[0.0917199,51.607984],[0.0914937,51.6079823],[0.0911461,51.6079226],[0.0910557,51.6078799]]}},
{"type":"Feature","properties":{"id":48669,"nach":0.46804135675161257},"geometry":{"type":"LineString","coordinates":[[0.0917314,51.608366599999989],[0.0916978,51.608384],[0.0914794,51.608356200000017],[0.0914402,51.608358],[0.091341,51.6084096]]}},
{"type":"Feature","properties":{"id":60278,"nach":0.4403849721345639},"geometry":{"type":"LineString","coordinates":[[0.0911786,51.6087134],[0.0912532,51.6085667],[0.0912844,51.6085567],[0.0913401,51.60845170000001],[0.091341,51.6084096]]}},
{"type":"Feature","properties":{"id":56206,"nach":0.3908591217542341},"geometry":{"type":"LineString","coordinates":[[0.0917199,51.607984],[0.0917538,51.6081702],[0.0917482,51.6083127],[0.0917314,51.608366599999989]]}},
{"type":"Feature","properties":{"id":64933,"nach":0.43702128153814046},"geometry":{"type":"LineString","coordinates":[[0.0920216,51.6086957],[0.0919386,51.6085327],[0.0917314,51.608366599999989]]}},
{"type":"Feature","properties":{"id":28222,"nach":0.51248781451803693},"geometry":{"type":"LineString","coordinates":[[0.0895517,51.609714],[0.0897981,51.6097545],[0.0899419,51.6097209],[0.0900621,51.6096463],[0.0903156,51.6092952]]}},
{"type":"Feature","properties":{"id":9025,"nach":0.44851846063340439},"geometry":{"type":"LineString","coordinates":[[0.0905806,51.608924],[0.0903156,51.6092952]]}},
{"type":"Feature","properties":{"id":58154,"nach":0.49133595792895551},"geometry":{"type":"LineString","coordinates":[[0.0868494,51.610776],[0.0871782,51.6104443]]}},
{"type":"Feature","properties":{"id":9033,"nach":0.45304038014669956},"geometry":{"type":"LineString","coordinates":[[0.0867109,51.610361],[0.0868596,51.6104096],[0.0870373,51.6104414],[0.0871782,51.6104443]]}},
{"type":"Feature","properties":{"id":58153,"nach":0.49838721046690343},"geometry":{"type":"LineString","coordinates":[[0.0868494,51.610776],[0.0865755,51.6110524]]}},
{"type":"Feature","properties":{"id":58158,"nach":0.433511904153494},"geometry":{"type":"LineString","coordinates":[[0.086141,51.6105388],[0.0868494,51.610776]]}},
{"type":"Feature","properties":{"id":58131,"nach":0.45455076112473375},"geometry":{"type":"LineString","coordinates":[[0.0855987,51.6111255],[0.0861714,51.6113269],[0.0863,51.6113539],[0.0865755,51.6110524]]}},
{"type":"Feature","properties":{"id":9037,"nach":0.44781027509229637},"geometry":{"type":"LineString","coordinates":[[0.08613,51.610918400000017],[0.086307,51.6109789],[0.0864686,51.611023800000012],[0.0865755,51.6110524]]}},
{"type":"Feature","properties":{"id":58130,"nach":0.5620743293149667},"geometry":{"type":"LineString","coordinates":[[0.0855987,51.6111255],[0.0853195,51.6114303],[0.0852135,51.6116401]]}},
{"type":"Feature","properties":{"id":58156,"nach":0.55156350859622283},"geometry":{"type":"LineString","coordinates":[[0.086141,51.6105388],[0.0855987,51.6111255]]}},
{"type":"Feature","properties":{"id":67230,"nach":0.46978885009957505},"geometry":{"type":"LineString","coordinates":[[0.0949733,51.6142725],[0.0957541,51.6145483]]}},
{"type":"Feature","properties":{"id":67232,"nach":0.45062667233587456},"geometry":{"type":"LineString","coordinates":[[0.0949733,51.6142725],[0.0948329,51.6142229],[0.0950214,51.6139666]]}},
{"type":"Feature","properties":{"id":43342,"nach":0.50517643136908441},"geometry":{"type":"LineString","coordinates":[[0.0950214,51.6139666],[0.0953197,51.6135611],[0.0957864,51.6133664],[0.0959309,51.61314320000001]]}},
{"type":"Feature","properties":{"id":43351,"nach":0.52574616657852902},"geometry":{"type":"LineString","coordinates":[[0.0945875,51.613837],[0.0950214,51.6139666]]}},
{"type":"Feature","properties":{"id":16794,"nach":0.60632019870810094},"geometry":{"type":"LineString","coordinates":[[0.0930167,51.613794800000015],[0.0927552,51.6137189]]}},
{"type":"Feature","properties":{"id":39409,"nach":0.60500242202673282},"geometry":{"type":"LineString","coordinates":[[0.0923627,51.613605],[0.0927552,51.6137189]]}},
{"type":"Feature","properties":{"id":10421,"nach":0.33916180898982068},"geometry":{"type":"LineString","coordinates":[[0.0958279,51.6081703],[0.0956039,51.6090338],[0.095642,51.6090824],[0.0954741,51.6097196],[0.0953597,51.6102455],[0.0952872,51.610506],[0.0953387,51.6107234],[0.0948237,51.6114057],[0.0944804,51.6116562],[0.0942057,51.61204],[0.0940169,51.6124504],[0.0938195,51.6127222],[0.093253,51.6131965],[0.0927552,51.6137189]]}},
{"type":"Feature","properties":{"id":30221,"nach":0.54073194169575378},"geometry":{"type":"LineString","coordinates":[[0.0906291,51.6164128],[0.0909847,51.61602280000001],[0.0917983,51.615130500000021],[0.0928958,51.6139259],[0.0930167,51.613794800000015]]}},
{"type":"Feature","properties":{"id":44136,"nach":0.56879836810853479},"geometry":{"type":"LineString","coordinates":[[0.0921511,51.613863],[0.0923627,51.613605]]}},
{"type":"Feature","properties":{"id":45682,"nach":0.59330987567867877},"geometry":{"type":"LineString","coordinates":[[0.091708,51.6134085],[0.0917825,51.6134303],[0.092039,51.6135093],[0.0921638,51.6135458],[0.0923627,51.613605]]}},
{"type":"Feature","properties":{"id":10422,"nach":0.49434248840647765},"geometry":{"type":"LineString","coordinates":[[0.0958279,51.6081703],[0.0957764,51.608122300000012],[0.0955018,51.608069]]}},
{"type":"Feature","properties":{"id":51694,"nach":0.5057454009162855},"geometry":{"type":"LineString","coordinates":[[0.0961801,51.6082525],[0.0958279,51.6081703]]}},
{"type":"Feature","properties":{"id":51700,"nach":0.53766322511439846},"geometry":{"type":"LineString","coordinates":[[0.0971585,51.6084555],[0.0969019,51.60844680000001],[0.0961801,51.6082525]]}},
{"type":"Feature","properties":{"id":50108,"nach":0.40817717565130252},"geometry":{"type":"LineString","coordinates":[[0.096232,51.6074035],[0.0967308,51.6075221]]}},
{"type":"Feature","properties":{"id":10440,"nach":0.50176412635742407},"geometry":{"type":"LineString","coordinates":[[0.0967978,51.6068643],[0.0958365,51.6065764]]}},
{"type":"Feature","properties":{"id":51696,"nach":0.50487452737439398},"geometry":{"type":"LineString","coordinates":[[0.0961801,51.6082525],[0.0962142,51.6081436],[0.0964802,51.6078984]]}},
{"type":"Feature","properties":{"id":51695,"nach":0.40391398854577854},"geometry":{"type":"LineString","coordinates":[[0.0961801,51.6082525],[0.0961541,51.6083355],[0.0962742,51.6085381],[0.0961798,51.6086766]]}},
{"type":"Feature","properties":{"id":10413,"nach":0.47817024270554143},"geometry":{"type":"LineString","coordinates":[[0.0956048,51.6069123],[0.0958365,51.6065764]]}},
{"type":"Feature","properties":{"id":10417,"nach":0.46528019202031512},"geometry":{"type":"LineString","coordinates":[[0.0955018,51.608069],[0.0955275,51.6070509],[0.0956048,51.6069123]]}},
{"type":"Feature","properties":{"id":65262,"nach":0.39330087100527827},"geometry":{"type":"LineString","coordinates":[[0.0948971,51.6073395],[0.094856,51.6071972],[0.094818,51.6070733],[0.0948118,51.6070261],[0.0948159,51.6069897],[0.0948324,51.6069342],[0.094854,51.6068755],[0.0948786,51.6068328],[0.0949177,51.6067964],[0.0949696,51.60675770000001],[0.0956048,51.6069123]]}},
{"type":"Feature","properties":{"id":10419,"nach":0.40939608979100306},"geometry":{"type":"LineString","coordinates":[[0.0953129,51.608069],[0.0955018,51.608069]]}},
{"type":"Feature","properties":{"id":53059,"nach":0.36872794898206429},"geometry":{"type":"LineString","coordinates":[[0.0957802,51.604751],[0.0955704,51.6050892],[0.0951413,51.605393],[0.0949868,51.6056169],[0.0946778,51.606245900000012]]}},
{"type":"Feature","properties":{"id":53057,"nach":0.43537968893267714},"geometry":{"type":"LineString","coordinates":[[0.0957802,51.604751],[0.0959023,51.60455420000001]]}},
{"type":"Feature","properties":{"id":53058,"nach":0.44546003599188588},"geometry":{"type":"LineString","coordinates":[[0.0957802,51.604751],[0.0956684,51.604731599999987]]}},
{"type":"Feature","properties":{"id":51773,"nach":0.58072664212651282},"geometry":{"type":"LineString","coordinates":[[0.0962622,51.6046372],[0.0959023,51.60455420000001]]}},
{"type":"Feature","properties":{"id":53048,"nach":0.57344115001607932},"geometry":{"type":"LineString","coordinates":[[0.0955138,51.60446610000001],[0.0959023,51.60455420000001]]}},
{"type":"Feature","properties":{"id":51774,"nach":0.36693448926588501},"geometry":{"type":"LineString","coordinates":[[0.0962622,51.6046372],[0.0960289,51.6050246],[0.0957473,51.6054861],[0.095404,51.606055800000014],[0.095176,51.6064373]]}},
{"type":"Feature","properties":{"id":53051,"nach":0.49617938453444044},"geometry":{"type":"LineString","coordinates":[[0.0955026,51.6045489],[0.0955138,51.60446610000001]]}},
{"type":"Feature","properties":{"id":49493,"nach":0.58581780565074737},"geometry":{"type":"LineString","coordinates":[[0.0913613,51.613319],[0.091708,51.6134085]]}},
{"type":"Feature","properties":{"id":49502,"nach":0.37415552026947713},"geometry":{"type":"LineString","coordinates":[[0.0927745,51.6122236],[0.0927795,51.6123012],[0.0926706,51.6124201],[0.0920256,51.6128636],[0.0917106,51.6130452],[0.0916607,51.6130836],[0.0914675,51.6132355],[0.0913613,51.613319]]}},
{"type":"Feature","properties":{"id":66306,"nach":0.47284750259951086},"geometry":{"type":"LineString","coordinates":[[0.0897357,51.6135463],[0.0898945,51.6133818]]}},
{"type":"Feature","properties":{"id":42734,"nach":0.56326432520903835},"geometry":{"type":"LineString","coordinates":[[0.0898278,51.6056405],[0.0906254,51.605831199999983],[0.0908204,51.6058982],[0.0909232,51.6060014],[0.0909461,51.6060647],[0.0909461,51.606133500000013],[0.0909347,51.6062299]]}},
{"type":"Feature","properties":{"id":28196,"nach":0.62794637195602465},"geometry":{"type":"LineString","coordinates":[[0.0852,51.6065679],[0.0849855,51.606536700000021]]}},
{"type":"Feature","properties":{"id":28214,"nach":0.60487892589432246},"geometry":{"type":"LineString","coordinates":[[0.08543,51.6063283],[0.0853769,51.60641],[0.0852,51.6065679]]}},
{"type":"Feature","properties":{"id":21476,"nach":0.45115810921539967},"geometry":{"type":"LineString","coordinates":[[0.0866841,51.607989],[0.0868284,51.608014]]}},
{"type":"Feature","properties":{"id":21491,"nach":0.45098442807339117},"geometry":{"type":"LineString","coordinates":[[0.0867482,51.6078382],[0.0866841,51.607989]]}},
{"type":"Feature","properties":{"id":21790,"nach":0.45396585353992991},"geometry":{"type":"LineString","coordinates":[[0.0859809,51.6084513],[0.0862082,51.6080267]]}},
{"type":"Feature","properties":{"id":21506,"nach":0.59089411360795263},"geometry":{"type":"LineString","coordinates":[[0.0841512,51.609919],[0.084333581602814,51.609811761636287]]}},
{"type":"Feature","properties":{"id":21505,"nach":0.4764207078813264},"geometry":{"type":"LineString","coordinates":[[0.0845016,51.6097068],[0.0844553,51.6096751],[0.0844761,51.6096668]]}},
{"type":"Feature","properties":{"id":21519,"nach":0.41284847067148578},"geometry":{"type":"LineString","coordinates":[[0.0846395,51.609779700000011],[0.0846163,51.60978380000001],[0.0845016,51.6097068]]}},
{"type":"Feature","properties":{"id":21506,"nach":0.59089411360795263},"geometry":{"type":"LineString","coordinates":[[0.084333581602814,51.609811761636287],[0.0845016,51.6097068]]}},
{"type":"Feature","properties":{"id":21518,"nach":0.5291705803586283},"geometry":{"type":"LineString","coordinates":[[0.0846395,51.609779700000011],[0.0845914,51.6097389],[0.0844761,51.6096668]]}},
{"type":"Feature","properties":{"id":67620,"nach":0.45889242020334303},"geometry":{"type":"LineString","coordinates":[[0.0829029,51.6092874],[0.0829082,51.6092767]]}},
{"type":"Feature","properties":{"id":67629,"nach":0.50820917923106879},"geometry":{"type":"LineString","coordinates":[[0.0828322,51.607585899999982],[0.0828282,51.6076023],[0.082469,51.6089],[0.0824142,51.6091032],[0.082433,51.6091549],[0.0824705,51.6091907],[0.082555,51.6092215],[0.0829029,51.6092874]]}},
{"type":"Feature","properties":{"id":58157,"nach":0.56909917186232173},"geometry":{"type":"LineString","coordinates":[[0.086141,51.6105388],[0.0866295,51.6100164]]}},
{"type":"Feature","properties":{"id":65648,"nach":0.59958956267980534},"geometry":{"type":"LineString","coordinates":[[0.0846198,51.6115208],[0.0850645,51.6116132],[0.0852135,51.6116401]]}},
{"type":"Feature","properties":{"id":21617,"nach":0.44888738193504613},"geometry":{"type":"LineString","coordinates":[[0.0887594,51.6057496],[0.0887899,51.6057768]]}},
{"type":"Feature","properties":{"id":21619,"nach":0.53729316011366923},"geometry":{"type":"LineString","coordinates":[[0.0887594,51.6057496],[0.088679,51.6059643],[0.0885048,51.6064249]]}},
{"type":"Feature","properties":{"id":21682,"nach":0.52500616547326584},"geometry":{"type":"LineString","coordinates":[[0.0883492,51.6056561],[0.0885128,51.605701],[0.0887594,51.6057496]]}},
{"type":"Feature","properties":{"id":21779,"nach":0.4442819319295423},"geometry":{"type":"LineString","coordinates":[[0.0896126,51.6066323],[0.0895911,51.6066839],[0.0892827,51.6066323],[0.0892442,51.60663490000001]]}},
{"type":"Feature","properties":{"id":21780,"nach":0.4442819319295423},"geometry":{"type":"LineString","coordinates":[[0.0896126,51.6066323],[0.0896796,51.606484],[0.0897442,51.6063736]]}},
{"type":"Feature","properties":{"id":21778,"nach":0.51982182877263072},"geometry":{"type":"LineString","coordinates":[[0.0896126,51.6066323],[0.0899247,51.6066843]]}},
{"type":"Feature","properties":{"id":21532,"nach":0.53906294700825874},"geometry":{"type":"LineString","coordinates":[[0.0892196,51.6082072],[0.0894482,51.60823]]}},
{"type":"Feature","properties":{"id":21515,"nach":0.45327850636894584},"geometry":{"type":"LineString","coordinates":[[0.0894562,51.608195],[0.0894482,51.60823]]}},
{"type":"Feature","properties":{"id":47162,"nach":0.56052418547376048},"geometry":{"type":"LineString","coordinates":[[0.0890718,51.6082231],[0.0891982,51.6082051],[0.0892196,51.6082072]]}},
{"type":"Feature","properties":{"id":21582,"nach":0.52219332519337847},"geometry":{"type":"LineString","coordinates":[[0.0889768,51.608816],[0.0890171,51.6087011],[0.0890787,51.6085628],[0.0891673,51.6083563],[0.0892196,51.6082072]]}},
{"type":"Feature","properties":{"id":21764,"nach":0.58711244613097235},"geometry":{"type":"LineString","coordinates":[[0.0886668,51.60806310000001],[0.0886818,51.608071400000014],[0.0887247,51.6080931],[0.0890385,51.6081431],[0.0892343,51.6081681],[0.0892196,51.6082072]]}},
{"type":"Feature","properties":{"id":47157,"nach":0.52385525391055676},"geometry":{"type":"LineString","coordinates":[[0.0893168,51.605972],[0.0894118,51.6058758],[0.0894757,51.605821]]}},
{"type":"Feature","properties":{"id":21704,"nach":0.61492653816150533},"geometry":{"type":"LineString","coordinates":[[0.0896209,51.6056534],[0.0895428,51.605761],[0.0894757,51.605821]]}},
{"type":"Feature","properties":{"id":47158,"nach":0.44953117727122838},"geometry":{"type":"LineString","coordinates":[[0.0892638,51.6060992],[0.0893168,51.605972]]}},
{"type":"Feature","properties":{"id":47159,"nach":0.44828449483126925},"geometry":{"type":"LineString","coordinates":[[0.0888965,51.6059149],[0.0893168,51.605972]]}},
{"type":"Feature","properties":{"id":21738,"nach":0.50891711331259115},"geometry":{"type":"LineString","coordinates":[[0.0900015,51.6057427],[0.0896209,51.6056534]]}},
{"type":"Feature","properties":{"id":21737,"nach":0.4450741388093446},"geometry":{"type":"LineString","coordinates":[[0.0900015,51.6057427],[0.0897973,51.6062426]]}},
{"type":"Feature","properties":{"id":21687,"nach":0.45221606134927766},"geometry":{"type":"LineString","coordinates":[[0.0897117,51.6079165],[0.0896742,51.6079582]]}},
{"type":"Feature","properties":{"id":21722,"nach":0.55047427211288447},"geometry":{"type":"LineString","coordinates":[[0.089374,51.607843800000012],[0.0894167,51.60785],[0.0897117,51.6079165]]}},
{"type":"Feature","properties":{"id":21657,"nach":0.45266117079242552},"geometry":{"type":"LineString","coordinates":[[0.0874851,51.6070154],[0.0873594,51.606992],[0.0871315,51.606942],[0.0870483,51.6069953]]}},
{"type":"Feature","properties":{"id":21656,"nach":0.54769794867412025},"geometry":{"type":"LineString","coordinates":[[0.0874851,51.6070154],[0.0876196,51.6068321]]}},
{"type":"Feature","properties":{"id":21654,"nach":0.60496914376464572},"geometry":{"type":"LineString","coordinates":[[0.0874851,51.6070154],[0.0874842,51.607047]]}},
{"type":"Feature","properties":{"id":21655,"nach":0.57563058388444011},"geometry":{"type":"LineString","coordinates":[[0.0874851,51.6070154],[0.0877913,51.6068288]]}},
{"type":"Feature","properties":{"id":21602,"nach":0.63542360480063365},"geometry":{"type":"LineString","coordinates":[[0.0885048,51.6064249],[0.0884726,51.6068056]]}},
{"type":"Feature","properties":{"id":21646,"nach":0.64449044308558068},"geometry":{"type":"LineString","coordinates":[[0.0877913,51.6068288],[0.0884726,51.6068056]]}},
{"type":"Feature","properties":{"id":21565,"nach":0.62805631917301874},"geometry":{"type":"LineString","coordinates":[[0.0883599,51.607102],[0.0883492,51.6070786],[0.0884726,51.6068056]]}},
{"type":"Feature","properties":{"id":21601,"nach":0.6461001183143984},"geometry":{"type":"LineString","coordinates":[[0.0885048,51.6064249],[0.0883733,51.6064306]]}},
{"type":"Feature","properties":{"id":21644,"nach":0.42122058702834519},"geometry":{"type":"LineString","coordinates":[[0.0877913,51.6068288],[0.0883733,51.6064306]]}},
{"type":"Feature","properties":{"id":21645,"nach":0.62019337771771754},"geometry":{"type":"LineString","coordinates":[[0.0877913,51.6068288],[0.0876196,51.6068321]]}},
{"type":"Feature","properties":{"id":21563,"nach":0.59840110326254548},"geometry":{"type":"LineString","coordinates":[[0.0883599,51.607102],[0.0883116,51.607211]]}},
{"type":"Feature","properties":{"id":21720,"nach":0.55692531985865923},"geometry":{"type":"LineString","coordinates":[[0.089374,51.607843800000012],[0.0889205,51.607768299999989]]}},
{"type":"Feature","properties":{"id":21649,"nach":0.55761262250402799},"geometry":{"type":"LineString","coordinates":[[0.0884806,51.6076883],[0.0889205,51.607768299999989]]}},
{"type":"Feature","properties":{"id":21777,"nach":0.41506538173808216},"geometry":{"type":"LineString","coordinates":[[0.0890576,51.6074773],[0.0889205,51.607768299999989]]}},
{"type":"Feature","properties":{"id":21721,"nach":0.38033213203271182},"geometry":{"type":"LineString","coordinates":[[0.089374,51.607843800000012],[0.0895217,51.6075586]]}},
{"type":"Feature","properties":{"id":21648,"nach":0.59302557607008888},"geometry":{"type":"LineString","coordinates":[[0.0884806,51.6076883],[0.0880379,51.6078037]]}},
{"type":"Feature","properties":{"id":21652,"nach":0.59036662286099539},"geometry":{"type":"LineString","coordinates":[[0.0883948,51.6079898],[0.0884806,51.6076883]]}},
{"type":"Feature","properties":{"id":21776,"nach":0.56622361596068749},"geometry":{"type":"LineString","coordinates":[[0.0890576,51.6074773],[0.0895217,51.6075586]]}},
{"type":"Feature","properties":{"id":21804,"nach":0.6786978670104391},"geometry":{"type":"LineString","coordinates":[[0.0864091,51.6065275],[0.0860961,51.6064773]]}},
{"type":"Feature","properties":{"id":21566,"nach":0.46399008121522017},"geometry":{"type":"LineString","coordinates":[[0.0861396,51.6063645],[0.0860961,51.6064773]]}},
{"type":"Feature","properties":{"id":21858,"nach":0.67913892988986335},"geometry":{"type":"LineString","coordinates":[[0.0858823,51.6067199],[0.0859836,51.606457400000011],[0.0860961,51.6064773]]}},
{"type":"Feature","properties":{"id":21805,"nach":0.63916302533921654},"geometry":{"type":"LineString","coordinates":[[0.0864091,51.6065275],[0.0865628,51.6065522]]}},
{"type":"Feature","properties":{"id":21815,"nach":0.62368746553167276},"geometry":{"type":"LineString","coordinates":[[0.0865307,51.606234],[0.0864091,51.6065275]]}},
{"type":"Feature","properties":{"id":47164,"nach":0.45127367126302748},"geometry":{"type":"LineString","coordinates":[[0.0887821,51.6081879],[0.0890718,51.6082231]]}},
{"type":"Feature","properties":{"id":47167,"nach":0.52497065570304879},"geometry":{"type":"LineString","coordinates":[[0.0890439,51.6083192],[0.0890718,51.6082231]]}},
{"type":"Feature","properties":{"id":21627,"nach":0.55596445781498871},"geometry":{"type":"LineString","coordinates":[[0.0892082,51.6088441],[0.0891914,51.6088293],[0.0890975,51.6088177],[0.0889768,51.608816]]}},
{"type":"Feature","properties":{"id":21765,"nach":0.61249344420307761},"geometry":{"type":"LineString","coordinates":[[0.0886668,51.60806310000001],[0.0886094,51.6080315],[0.0883948,51.6079898]]}},
{"type":"Feature","properties":{"id":21763,"nach":0.52366389218768405},"geometry":{"type":"LineString","coordinates":[[0.0886668,51.60806310000001],[0.0883339,51.6087955]]}},
{"type":"Feature","properties":{"id":56200,"nach":0.44919352225814618},"geometry":{"type":"LineString","coordinates":[[0.0895526,51.6064417],[0.0894986,51.60656980000001],[0.0893476,51.606548]]}},
{"type":"Feature","properties":{"id":56201,"nach":0.45059803594068665},"geometry":{"type":"LineString","coordinates":[[0.0893813,51.6064224],[0.0893327,51.6065338],[0.0893476,51.606548]]}},
{"type":"Feature","properties":{"id":21727,"nach":0.58319106228695905},"geometry":{"type":"LineString","coordinates":[[0.0888212,51.6069276],[0.0887419,51.6071148]]}},
{"type":"Feature","properties":{"id":21784,"nach":0.47320471379530982},"geometry":{"type":"LineString","coordinates":[[0.0887221,51.6069804],[0.0888212,51.6069276]]}},
{"type":"Feature","properties":{"id":21681,"nach":0.38260770326157129},"geometry":{"type":"LineString","coordinates":[[0.0883492,51.6056561],[0.0882316,51.6059467]]}},
{"type":"Feature","properties":{"id":21673,"nach":0.40012345427126522},"geometry":{"type":"LineString","coordinates":[[0.0880595,51.6059209],[0.0882316,51.6059467]]}},
{"type":"Feature","properties":{"id":21674,"nach":0.62302249359782069},"geometry":{"type":"LineString","coordinates":[[0.0880595,51.6059209],[0.0879925,51.6061058],[0.087912,51.6061941]]}},
{"type":"Feature","properties":{"id":21871,"nach":0.65874962107820756},"geometry":{"type":"LineString","coordinates":[[0.0852697,51.6074227],[0.0855785,51.6074851],[0.0861981,51.6075917],[0.087054,51.6077426]]}},
{"type":"Feature","properties":{"id":28191,"nach":0.51461855758172537},"geometry":{"type":"LineString","coordinates":[[0.0854809,51.6069748],[0.0852697,51.6074227]]}},
{"type":"Feature","properties":{"id":21651,"nach":0.55809607132866512},"geometry":{"type":"LineString","coordinates":[[0.0883948,51.6079898],[0.0882043,51.6079532]]}},
{"type":"Feature","properties":{"id":21690,"nach":0.55470677540408597},"geometry":{"type":"LineString","coordinates":[[0.0878516,51.6078751],[0.0882043,51.6079532]]}},
{"type":"Feature","properties":{"id":21586,"nach":0.38384925473700499},"geometry":{"type":"LineString","coordinates":[[0.0881525,51.6083148],[0.0882714,51.6080331],[0.0882043,51.6079532]]}},
{"type":"Feature","properties":{"id":21693,"nach":0.62503276879679981},"geometry":{"type":"LineString","coordinates":[[0.0878516,51.6078751],[0.0880379,51.6078037]]}},
{"type":"Feature","properties":{"id":21691,"nach":0.64827248277451699},"geometry":{"type":"LineString","coordinates":[[0.0878516,51.6078751],[0.087054,51.6077426]]}},
{"type":"Feature","properties":{"id":21692,"nach":0.60566795775268567},"geometry":{"type":"LineString","coordinates":[[0.0878516,51.6078751],[0.0878583,51.6082713]]}},
{"type":"Feature","properties":{"id":21672,"nach":0.41440206169772797},"geometry":{"type":"LineString","coordinates":[[0.0878583,51.6082713],[0.0881525,51.6083148]]}},
{"type":"Feature","properties":{"id":21631,"nach":0.34186363602833858},"geometry":{"type":"LineString","coordinates":[[0.08792,51.6085961],[0.088038,51.6085862],[0.0881525,51.6083148]]}},
{"type":"Feature","properties":{"id":21788,"nach":0.48728074541789929},"geometry":{"type":"LineString","coordinates":[[0.0890825,51.6071706],[0.0887419,51.6071148]]}},
{"type":"Feature","properties":{"id":21786,"nach":0.42454501789348975},"geometry":{"type":"LineString","coordinates":[[0.0887221,51.6069804],[0.0887221,51.6070154],[0.0887221,51.60708540000001],[0.0887419,51.6071148]]}},
{"type":"Feature","properties":{"id":21575,"nach":0.39559174600967362},"geometry":{"type":"LineString","coordinates":[[0.0882316,51.6059467],[0.0880836,51.606294]]}},
{"type":"Feature","properties":{"id":21634,"nach":0.61888181643878704},"geometry":{"type":"LineString","coordinates":[[0.087912,51.6061941],[0.0880836,51.606294]]}},
{"type":"Feature","properties":{"id":21571,"nach":0.6207927392112742},"geometry":{"type":"LineString","coordinates":[[0.0883056,51.6064381],[0.0880836,51.606294]]}},
{"type":"Feature","properties":{"id":21633,"nach":0.41370585189108716},"geometry":{"type":"LineString","coordinates":[[0.087912,51.6061941],[0.0877832,51.6064956]]}},
{"type":"Feature","properties":{"id":21572,"nach":0.55977880572413785},"geometry":{"type":"LineString","coordinates":[[0.0883056,51.6064381],[0.0877832,51.6064956]]}},
{"type":"Feature","properties":{"id":21592,"nach":0.644913194137548},"geometry":{"type":"LineString","coordinates":[[0.0883733,51.6064306],[0.0883056,51.6064381]]}},
{"type":"Feature","properties":{"id":21562,"nach":0.45031313881311741},"geometry":{"type":"LineString","coordinates":[[0.0883116,51.607211],[0.0882084,51.6071944],[0.0881761,51.6071669],[0.0880837,51.6071561]]}},
{"type":"Feature","properties":{"id":21578,"nach":0.59381110807437787},"geometry":{"type":"LineString","coordinates":[[0.0882378,51.6074016],[0.0883116,51.607211]]}},
{"type":"Feature","properties":{"id":21589,"nach":0.55735207714572021},"geometry":{"type":"LineString","coordinates":[[0.0880379,51.6078037],[0.0882017,51.6074434],[0.0882151,51.6074035],[0.0882378,51.6074016]]}},
{"type":"Feature","properties":{"id":21599,"nach":0.4067266953576345},"geometry":{"type":"LineString","coordinates":[[0.0876196,51.6068321],[0.0877832,51.6064956]]}},
{"type":"Feature","properties":{"id":21615,"nach":0.63771911234660583},"geometry":{"type":"LineString","coordinates":[[0.0874399,51.6067871],[0.0876196,51.6068321]]}},
{"type":"Feature","properties":{"id":21670,"nach":0.59673678813349351},"geometry":{"type":"LineString","coordinates":[[0.0878583,51.6082713],[0.08792,51.6085961]]}},
{"type":"Feature","properties":{"id":21713,"nach":0.59584258229490272},"geometry":{"type":"LineString","coordinates":[[0.0883339,51.6087955],[0.0881909,51.6087677],[0.0880434,51.608727699999989],[0.087971,51.608681100000013],[0.08792,51.6085961]]}},
{"type":"Feature","properties":{"id":21610,"nach":0.5990771876393215},"geometry":{"type":"LineString","coordinates":[[0.0874842,51.607047],[0.0872589,51.6075134],[0.0871877,51.6075967],[0.087054,51.6077426]]}},
{"type":"Feature","properties":{"id":21632,"nach":0.45458377721796306},"geometry":{"type":"LineString","coordinates":[[0.0876804,51.6070746],[0.0874842,51.607047]]}},
{"type":"Feature","properties":{"id":21621,"nach":0.63755690321423375},"geometry":{"type":"LineString","coordinates":[[0.0873273,51.6066838],[0.0874399,51.6067871]]}},
{"type":"Feature","properties":{"id":21639,"nach":0.0},"geometry":{"type":"LineString","coordinates":[[0.0865628,51.6065522],[0.0865337,51.6066356],[0.0866299,51.6066539],[0.0867881,51.6066805],[0.0874399,51.6067871]]}},
{"type":"Feature","properties":{"id":21920,"nach":0.45482524228166882},"geometry":{"type":"LineString","coordinates":[[0.0862371,51.6058239],[0.086157,51.6060218]]}},
{"type":"Feature","properties":{"id":21918,"nach":0.49816622320950232},"geometry":{"type":"LineString","coordinates":[[0.0862371,51.6058239],[0.0863618,51.605847]]}},
{"type":"Feature","properties":{"id":21919,"nach":0.49211929212748146},"geometry":{"type":"LineString","coordinates":[[0.0862371,51.6058239],[0.0859058,51.6057627]]}},
{"type":"Feature","properties":{"id":21844,"nach":0.63775627662169176},"geometry":{"type":"LineString","coordinates":[[0.0868587,51.6066031],[0.0873273,51.6066838]]}},
{"type":"Feature","properties":{"id":21843,"nach":0.63847989069186362},"geometry":{"type":"LineString","coordinates":[[0.0868587,51.6066031],[0.0865628,51.6065522]]}},
{"type":"Feature","properties":{"id":21845,"nach":0.36446528875919082},"geometry":{"type":"LineString","coordinates":[[0.0868587,51.6066031],[0.0869776,51.6063096]]}},
{"type":"Feature","properties":{"id":21895,"nach":0.52602889968879285},"geometry":{"type":"LineString","coordinates":[[0.0871952,51.606029],[0.0875646,51.606091100000015]]}},
{"type":"Feature","properties":{"id":21771,"nach":0.56909840172310122},"geometry":{"type":"LineString","coordinates":[[0.0900397,51.6067049],[0.0902617,51.606740499999987],[0.0904065,51.6064584]]}},
{"type":"Feature","properties":{"id":21769,"nach":0.43715187118951609},"geometry":{"type":"LineString","coordinates":[[0.0900397,51.6067049],[0.0899247,51.6066843]]}},
{"type":"Feature","properties":{"id":21774,"nach":0.54828501431325483},"geometry":{"type":"LineString","coordinates":[[0.0897928,51.606975],[0.0899247,51.6066843]]}},
{"type":"Feature","properties":{"id":21740,"nach":0.57748347077017048},"geometry":{"type":"LineString","coordinates":[[0.0896451,51.6075803],[0.0895217,51.6075586]]}},
{"type":"Feature","properties":{"id":21756,"nach":0.49659839518708215},"geometry":{"type":"LineString","coordinates":[[0.0896424,51.6072622],[0.0895217,51.6075586]]}},
{"type":"Feature","properties":{"id":21742,"nach":0.38394824448177056},"geometry":{"type":"LineString","coordinates":[[0.0896451,51.6075803],[0.0897739,51.6072834]]}},
{"type":"Feature","properties":{"id":21754,"nach":0.54207705166939402},"geometry":{"type":"LineString","coordinates":[[0.0896424,51.6072622],[0.0891919,51.6071885]]}},
{"type":"Feature","properties":{"id":21753,"nach":0.42578705147772133},"geometry":{"type":"LineString","coordinates":[[0.0896424,51.6072622],[0.0897739,51.6072834]]}},
{"type":"Feature","properties":{"id":21755,"nach":0.502786698648094},"geometry":{"type":"LineString","coordinates":[[0.0896424,51.6072622],[0.089769,51.6069711]]}},
{"type":"Feature","properties":{"id":21787,"nach":0.52844716493023081},"geometry":{"type":"LineString","coordinates":[[0.0890825,51.6071706],[0.0891919,51.6071885]]}},
{"type":"Feature","properties":{"id":21752,"nach":0.3726960081984047},"geometry":{"type":"LineString","coordinates":[[0.0900882,51.6070242],[0.0899666,51.607315200000023],[0.0897739,51.6072834]]}},
{"type":"Feature","properties":{"id":21750,"nach":0.58460157137537239},"geometry":{"type":"LineString","coordinates":[[0.0900882,51.6070242],[0.089906,51.6069939]]}},
{"type":"Feature","properties":{"id":21772,"nach":0.63721736593048239},"geometry":{"type":"LineString","coordinates":[[0.0897928,51.606975],[0.089769,51.6069711]]}},
{"type":"Feature","properties":{"id":21773,"nach":0.62325346831661288},"geometry":{"type":"LineString","coordinates":[[0.0897928,51.606975],[0.089906,51.6069939]]}},
{"type":"Feature","properties":{"id":21794,"nach":0.45246358518072005},"geometry":{"type":"LineString","coordinates":[[0.0885852,51.6069621],[0.0887221,51.6069804]]}},
{"type":"Feature","properties":{"id":21770,"nach":0.56580351142522689},"geometry":{"type":"LineString","coordinates":[[0.0900397,51.6067049],[0.089906,51.6069939]]}},
{"type":"Feature","properties":{"id":21906,"nach":0.52466532878377881},"geometry":{"type":"LineString","coordinates":[[0.0869933,51.6053628],[0.0871597,51.6053908]]}},
{"type":"Feature","properties":{"id":21832,"nach":0.51176929132399784},"geometry":{"type":"LineString","coordinates":[[0.0875149,51.6055097],[0.0874694,51.6054429],[0.0871597,51.6053908]]}},
{"type":"Feature","properties":{"id":21908,"nach":0.49205466316112029},"geometry":{"type":"LineString","coordinates":[[0.0869933,51.6053628],[0.0869714,51.605417100000011]]}},
{"type":"Feature","properties":{"id":21863,"nach":0.55780484155639709},"geometry":{"type":"LineString","coordinates":[[0.0875274,51.605528200000016],[0.0875149,51.6055097]]}},
{"type":"Feature","properties":{"id":21852,"nach":0.50641850387077147},"geometry":{"type":"LineString","coordinates":[[0.0869714,51.605417100000011],[0.0871584,51.6054462],[0.0875149,51.6055097]]}},
{"type":"Feature","properties":{"id":21889,"nach":0.55108061376026074},"geometry":{"type":"LineString","coordinates":[[0.0867355,51.605643300000011],[0.0864639,51.6055999]]}},
{"type":"Feature","properties":{"id":21897,"nach":0.44543834076171235},"geometry":{"type":"LineString","coordinates":[[0.0863618,51.605847],[0.0864639,51.6055999]]}},
{"type":"Feature","properties":{"id":78443,"nach":0.5444033857696815},"geometry":{"type":"LineString","coordinates":[[0.0860865,51.6055293],[0.0861793,51.60555440000001],[0.0864639,51.6055999]]}},
{"type":"Feature","properties":{"id":21890,"nach":0.43162107011119411},"geometry":{"type":"LineString","coordinates":[[0.0867355,51.605643300000011],[0.0868407,51.6053969]]}},
{"type":"Feature","properties":{"id":21888,"nach":0.56286349848181316},"geometry":{"type":"LineString","coordinates":[[0.0867355,51.605643300000011],[0.0867771,51.60565]]}},
{"type":"Feature","properties":{"id":21899,"nach":0.48989237713886563},"geometry":{"type":"LineString","coordinates":[[0.0863618,51.605847],[0.0863457,51.605886],[0.0865032,51.6059125]]}},
{"type":"Feature","properties":{"id":78444,"nach":0.28866188047600927},"geometry":{"type":"LineString","coordinates":[[0.0860865,51.6055293],[0.0861914,51.6054595],[0.0862209,51.605372],[0.0861539,51.6053412],[0.0862256,51.6052891]]}},
{"type":"Feature","properties":{"id":21813,"nach":0.61227112191705435},"geometry":{"type":"LineString","coordinates":[[0.0865307,51.606234],[0.0869776,51.6063096]]}},
{"type":"Feature","properties":{"id":21894,"nach":0.53702408809368429},"geometry":{"type":"LineString","coordinates":[[0.0871952,51.606029],[0.0871117,51.6060149]]}},
{"type":"Feature","properties":{"id":21846,"nach":0.59656785270012658},"geometry":{"type":"LineString","coordinates":[[0.0865005,51.6062289],[0.0865307,51.606234]]}},
{"type":"Feature","properties":{"id":21923,"nach":0.55139342148056025},"geometry":{"type":"LineString","coordinates":[[0.0878054,51.6048762],[0.0876894,51.6048548],[0.087392,51.6048083]]}},
{"type":"Feature","properties":{"id":21921,"nach":0.44941684259627812},"geometry":{"type":"LineString","coordinates":[[0.0878054,51.6048762],[0.0876918,51.6051315]]}},
{"type":"Feature","properties":{"id":21912,"nach":0.53881704523646667},"geometry":{"type":"LineString","coordinates":[[0.0863755,51.6062077],[0.0865005,51.6062289]]}},
{"type":"Feature","properties":{"id":21887,"nach":0.55413490019271483},"geometry":{"type":"LineString","coordinates":[[0.0866305,51.6059339],[0.0865005,51.6062289]]}},
{"type":"Feature","properties":{"id":21914,"nach":0.4226538871623941},"geometry":{"type":"LineString","coordinates":[[0.0863755,51.6062077],[0.0865032,51.6059125]]}},
{"type":"Feature","properties":{"id":48135,"nach":0.46248111448258394},"geometry":{"type":"LineString","coordinates":[[0.0861388,51.6068082],[0.0859829,51.6071427]]}},
{"type":"Feature","properties":{"id":57063,"nach":0.59106065603057267},"geometry":{"type":"LineString","coordinates":[[0.0863032,51.6068509],[0.0862626,51.6068361],[0.0861388,51.6068082]]}},
{"type":"Feature","properties":{"id":74198,"nach":0.68311349563577928},"geometry":{"type":"LineString","coordinates":[[0.085419,51.60696440000001],[0.0854809,51.6069748]]}},
{"type":"Feature","properties":{"id":21892,"nach":0.58070418432789761},"geometry":{"type":"LineString","coordinates":[[0.0872301,51.6057224],[0.0868829,51.6056669]]}},
{"type":"Feature","properties":{"id":21893,"nach":0.42867257321563135},"geometry":{"type":"LineString","coordinates":[[0.0872301,51.6057224],[0.0871117,51.6060149]]}},
{"type":"Feature","properties":{"id":21904,"nach":0.48863788419328691},"geometry":{"type":"LineString","coordinates":[[0.0876918,51.6051315],[0.0875274,51.605528200000016]]}},
{"type":"Feature","properties":{"id":21849,"nach":0.4834392663547582},"geometry":{"type":"LineString","coordinates":[[0.0869714,51.605417100000011],[0.0868829,51.6056669]]}},
{"type":"Feature","properties":{"id":21853,"nach":0.51874178906836133},"geometry":{"type":"LineString","coordinates":[[0.0868407,51.6053969],[0.0869714,51.605417100000011]]}},
{"type":"Feature","properties":{"id":78440,"nach":0.51521179901693659},"geometry":{"type":"LineString","coordinates":[[0.0862256,51.6052891],[0.0865361,51.6053496],[0.0868407,51.6053969]]}},
{"type":"Feature","properties":{"id":21875,"nach":0.58687448863827141},"geometry":{"type":"LineString","coordinates":[[0.0867771,51.60565],[0.0868829,51.6056669]]}},
{"type":"Feature","properties":{"id":21909,"nach":0.54161472039696279},"geometry":{"type":"LineString","coordinates":[[0.0866582,51.6059386],[0.0867771,51.60565]]}},
{"type":"Feature","properties":{"id":21911,"nach":0.52828154942615357},"geometry":{"type":"LineString","coordinates":[[0.0866582,51.6059386],[0.0871117,51.6060149]]}},
{"type":"Feature","properties":{"id":21910,"nach":0.58027885725920048},"geometry":{"type":"LineString","coordinates":[[0.0866582,51.6059386],[0.0866305,51.6059339]]}},
{"type":"Feature","properties":{"id":21885,"nach":0.50279238640746537},"geometry":{"type":"LineString","coordinates":[[0.0866305,51.6059339],[0.0865032,51.6059125]]}},
{"type":"Feature","properties":{"id":21903,"nach":0.44835288477433516},"geometry":{"type":"LineString","coordinates":[[0.0876918,51.6051315],[0.0875773,51.6051411]]}},
{"type":"Feature","properties":{"id":22059,"nach":0.45004240307374388},"geometry":{"type":"LineString","coordinates":[[0.0835238,51.604096900000016],[0.0837397,51.604131],[0.0838712,51.6042026]]}},
{"type":"Feature","properties":{"id":80077,"nach":0.44063604741172613},"geometry":{"type":"LineString","coordinates":[[0.0837614,51.604458200000018],[0.0837812,51.6044334],[0.0838712,51.6042026]]}},
{"type":"Feature","properties":{"id":80078,"nach":0.4067829038186212},"geometry":{"type":"LineString","coordinates":[[0.0837614,51.604458200000018],[0.0837029,51.6044579],[0.0836363,51.6044712],[0.0835932,51.6044999],[0.0835297,51.6045693],[0.0831303,51.6055691]]}},
{"type":"Feature","properties":{"id":28204,"nach":0.62659587625334023},"geometry":{"type":"LineString","coordinates":[[0.0846194,51.6064673],[0.0849855,51.606536700000021]]}},
{"type":"Feature","properties":{"id":28215,"nach":0.0},"geometry":{"type":"LineString","coordinates":[[0.08543,51.6063283],[0.0851033,51.6062701],[0.0849855,51.606536700000021]]}},
{"type":"Feature","properties":{"id":28205,"nach":0.3267629340584926},"geometry":{"type":"LineString","coordinates":[[0.0846194,51.6064673],[0.0844707,51.6067782]]}},
{"type":"Feature","properties":{"id":28209,"nach":0.62451067152795503},"geometry":{"type":"LineString","coordinates":[[0.0840452,51.6067059],[0.0840967,51.6065953],[0.0841977,51.6063993],[0.0846194,51.6064673]]}},
{"type":"Feature","properties":{"id":28213,"nach":0.59974044161968731},"geometry":{"type":"LineString","coordinates":[[0.08543,51.6063283],[0.0855727,51.6059503],[0.0856139,51.6058614]]}},
{"type":"Feature","properties":{"id":28194,"nach":0.46284687799924318},"geometry":{"type":"LineString","coordinates":[[0.0853447,51.6058153],[0.0856139,51.6058614]]}},
{"type":"Feature","properties":{"id":28207,"nach":0.68724449364328344},"geometry":{"type":"LineString","coordinates":[[0.0840452,51.6067059],[0.0844707,51.6067782]]}},
{"type":"Feature","properties":{"id":67623,"nach":0.71028937509209},"geometry":{"type":"LineString","coordinates":[[0.0832191,51.6065663],[0.0840452,51.6067059]]}},
{"type":"Feature","properties":{"id":67628,"nach":0.58009745977107741},"geometry":{"type":"LineString","coordinates":[[0.0828322,51.607585899999982],[0.0828433,51.6075469],[0.0828637,51.6074621],[0.0829845,51.6070868],[0.0830964,51.6068214],[0.0832191,51.6065663]]}},
{"type":"Feature","properties":{"id":30162,"nach":0.10961808113954814},"geometry":{"type":"LineString","coordinates":[[0.0874888,51.6156799],[0.0873304,51.6156822],[0.0871271,51.6156773]]}},
{"type":"Feature","properties":{"id":30171,"nach":0.10951598563644205},"geometry":{"type":"LineString","coordinates":[[0.0867083,51.6158376],[0.0867299,51.6157739],[0.0867376,51.615765],[0.0867563,51.6157506],[0.0868932,51.6156622],[0.0869174,51.6156567],[0.0869439,51.6156574],[0.0870763,51.6156745],[0.0871271,51.6156773]]}},
{"type":"Feature","properties":{"id":30167,"nach":0.32046519961821152},"geometry":{"type":"LineString","coordinates":[[0.0872466,51.6158258],[0.0871932,51.6157444],[0.0871698,51.6156988],[0.0871271,51.6156773]]}},
{"type":"Feature","properties":{"id":30189,"nach":0.0},"geometry":{"type":"LineString","coordinates":[[0.0878346,51.6159048],[0.0879298,51.6156911],[0.0879329,51.615677499999983],[0.0879079,51.615673699999988],[0.0874888,51.6156799]]}},
{"type":"Feature","properties":{"id":30170,"nach":0.3266390943347135},"geometry":{"type":"LineString","coordinates":[[0.0874167,51.6158296],[0.0874369,51.61580270000001],[0.0874877,51.6157013],[0.0874888,51.6156799]]}},
{"type":"Feature","properties":{"id":30191,"nach":0.0},"geometry":{"type":"LineString","coordinates":[[0.0872456,51.6159428],[0.0871183,51.6160144],[0.0871028,51.6160157],[0.0866659,51.6159362],[0.0867083,51.6158376]]}},
{"type":"Feature","properties":{"id":30176,"nach":0.31508572845102006},"geometry":{"type":"LineString","coordinates":[[0.0869082,51.6158548],[0.0867503,51.6158383],[0.0867083,51.6158376]]}},
{"type":"Feature","properties":{"id":30183,"nach":0.23781410492991253},"geometry":{"type":"LineString","coordinates":[[0.0872042,51.6158746],[0.0872076,51.6158644],[0.087221,51.6158448],[0.0872466,51.6158258]]}},
{"type":"Feature","properties":{"id":30168,"nach":0.36914672311439217},"geometry":{"type":"LineString","coordinates":[[0.0874167,51.6158296],[0.0873984,51.6158202],[0.0873577,51.6158091],[0.0873126,51.6158075],[0.0872836,51.6158121],[0.0872466,51.6158258]]}},
{"type":"Feature","properties":{"id":30188,"nach":0.47234599155548773},"geometry":{"type":"LineString","coordinates":[[0.0878346,51.6159048],[0.0874524,51.6158946]]}},
{"type":"Feature","properties":{"id":30185,"nach":0.41347517397465366},"geometry":{"type":"LineString","coordinates":[[0.0874524,51.6158946],[0.0874493,51.6158649],[0.0874323,51.6158414],[0.0874167,51.6158296]]}},
{"type":"Feature","properties":{"id":30195,"nach":0.33866158879146868},"geometry":{"type":"LineString","coordinates":[[0.0882849,51.6159651],[0.0883837,51.6157273]]}},
{"type":"Feature","properties":{"id":30181,"nach":0.39064778603387301},"geometry":{"type":"LineString","coordinates":[[0.0872042,51.6158746],[0.0870253,51.6158615]]}},
{"type":"Feature","properties":{"id":30193,"nach":0.40752551974470869},"geometry":{"type":"LineString","coordinates":[[0.0872456,51.6159428],[0.087233,51.6159348],[0.08721,51.6159097],[0.0872033,51.6158834],[0.0872042,51.6158746]]}},
{"type":"Feature","properties":{"id":30192,"nach":0.42341022042534687},"geometry":{"type":"LineString","coordinates":[[0.0872456,51.6159428],[0.0872659,51.6159518],[0.0873109,51.6159615],[0.0873532,51.615960700000016],[0.0873908,51.6159519],[0.0874208,51.6159369],[0.0874389,51.6159209],[0.0874524,51.6158946]]}},
{"type":"Feature","properties":{"id":30180,"nach":0.36237292433345969},"geometry":{"type":"LineString","coordinates":[[0.0870253,51.6158615],[0.0870209,51.615875],[0.0870149,51.6158816],[0.0870016,51.61588990000002],[0.0869846,51.6158952],[0.0869654,51.6158968],[0.0869423,51.6158935],[0.0869265,51.6158869],[0.0869132,51.615875299999985],[0.0869077,51.6158626],[0.0869082,51.6158548]]}},
{"type":"Feature","properties":{"id":55782,"nach":0.40650341167789306},"geometry":{"type":"LineString","coordinates":[[0.0865039,51.616282],[0.0862206,51.6162498]]}},
{"type":"Feature","properties":{"id":35355,"nach":0.39800540799385925},"geometry":{"type":"LineString","coordinates":[[0.0842972,51.6159809],[0.0847711,51.6159215],[0.08527,51.616058],[0.0856546,51.6161699],[0.0860516,51.6162398],[0.0862206,51.6162498]]}},
{"type":"Feature","properties":{"id":35353,"nach":0.43740821534401891},"geometry":{"type":"LineString","coordinates":[[0.0842972,51.6159809],[0.0842803,51.6159831],[0.0841016,51.61607489999998],[0.0839729,51.6161482],[0.083812,51.6163164],[0.0835534,51.6165926]]}},
{"type":"Feature","properties":{"id":37654,"nach":0.39590436725945544},"geometry":{"type":"LineString","coordinates":[[0.0920884,51.6132953],[0.0921412,51.6132653],[0.0921559,51.613257],[0.0922038,51.6132296],[0.0924549,51.6130918],[0.0925117,51.6131256]]}},
{"type":"Feature","properties":{"id":45686,"nach":0.0},"geometry":{"type":"LineString","coordinates":[[0.0921442,51.61337180000001],[0.0920866,51.6133312],[0.0920572,51.6133105],[0.0920472,51.613303399999985],[0.0920769,51.6132872],[0.0920884,51.6132953]]}},
{"type":"Feature","properties":{"id":45688,"nach":0.15047727157370672},"geometry":{"type":"LineString","coordinates":[[0.0922251,51.6133917],[0.0921753,51.613356600000017],[0.0920884,51.6132953]]}},
{"type":"Feature","properties":{"id":45693,"nach":0.44575407350621243},"geometry":{"type":"LineString","coordinates":[[0.092159,51.6133636],[0.0920726,51.613304],[0.0920884,51.6132953]]}},
{"type":"Feature","properties":{"id":45690,"nach":0.39715654117381971},"geometry":{"type":"LineString","coordinates":[[0.0922251,51.6133917],[0.0922729,51.6133648],[0.0922877,51.6133571],[0.0923394,51.61332740000001],[0.0925854,51.6131779],[0.0925674,51.6131648]]}},
{"type":"Feature","properties":{"id":45689,"nach":0.0},"geometry":{"type":"LineString","coordinates":[[0.0922251,51.6133917],[0.092238,51.6134008],[0.0922394,51.613401800000013],[0.0922288,51.6134076],[0.0922097,51.613418],[0.0921778,51.6133955],[0.0921692,51.6133895],[0.0921442,51.61337180000001]]}},
{"type":"Feature","properties":{"id":45694,"nach":0.44656575893738087},"geometry":{"type":"LineString","coordinates":[[0.092159,51.6133636],[0.0922112,51.6133994],[0.0922251,51.6133917]]}},
{"type":"Feature","properties":{"id":45687,"nach":0.52288440783532852},"geometry":{"type":"LineString","coordinates":[[0.0921442,51.61337180000001],[0.0921131,51.6133892],[0.0920501,51.613399],[0.0920456,51.6134009],[0.0920356,51.6134053],[0.0920071,51.6133851],[0.0919683,51.613356300000014],[0.0919341,51.6133368],[0.0918978,51.6133301],[0.0918683,51.6133314],[0.0918382,51.6133443],[0.0917924,51.6133609],[0.0917476,51.6133822],[0.091708,51.6134085]]}},
{"type":"Feature","properties":{"id":45692,"nach":0.50964026062765455},"geometry":{"type":"LineString","coordinates":[[0.092159,51.6133636],[0.0921442,51.61337180000001]]}},
{"type":"Feature","properties":{"id":44135,"nach":0.55573842544806062},"geometry":{"type":"LineString","coordinates":[[0.0921511,51.613863],[0.0920202,51.6139823]]}},
{"type":"Feature","properties":{"id":44137,"nach":0.40540827196945567},"geometry":{"type":"LineString","coordinates":[[0.0921511,51.613863],[0.091899,51.6137867]]}},
{"type":"Feature","properties":{"id":45681,"nach":0.4154445526058696},"geometry":{"type":"LineString","coordinates":[[0.091708,51.6134085],[0.091645,51.6134519]]}},
{"type":"Feature","properties":{"id":44138,"nach":0.37616860877797342},"geometry":{"type":"LineString","coordinates":[[0.0907057,51.6147676],[0.0907597,51.6147004]]}},
{"type":"Feature","properties":{"id":39418,"nach":0.44851553612164952},"geometry":{"type":"LineString","coordinates":[[0.0909375,51.6145875],[0.0908411,51.6146387],[0.0907597,51.6147004]]}},
{"type":"Feature","properties":{"id":76247,"nach":0.3680356482405483},"geometry":{"type":"LineString","coordinates":[[0.0903712,51.614527],[0.0906076,51.6146404],[0.0906848,51.6146738],[0.0907597,51.6147004]]}},
{"type":"Feature","properties":{"id":39417,"nach":0.37373299535647841},"geometry":{"type":"LineString","coordinates":[[0.0909375,51.6145875],[0.0906532,51.614334]]}},
{"type":"Feature","properties":{"id":44132,"nach":0.48403865482307673},"geometry":{"type":"LineString","coordinates":[[0.091058,51.614558100000011],[0.0909375,51.6145875]]}},
{"type":"Feature","properties":{"id":44133,"nach":0.50620502476337548},"geometry":{"type":"LineString","coordinates":[[0.091058,51.614558100000011],[0.0915342,51.6143184]]}},
{"type":"Feature","properties":{"id":44134,"nach":0.36686878981214299},"geometry":{"type":"LineString","coordinates":[[0.091058,51.614558100000011],[0.0911152,51.6146094],[0.0912121,51.6146662],[0.0918373,51.614903400000017]]}},
{"type":"Feature","properties":{"id":39422,"nach":0.38698286784338853},"geometry":{"type":"LineString","coordinates":[[0.0915342,51.6143184],[0.0912901,51.614081]]}},
{"type":"Feature","properties":{"id":44128,"nach":0.52612325264621873},"geometry":{"type":"LineString","coordinates":[[0.0916183,51.6142882],[0.0915342,51.6143184]]}},
{"type":"Feature","properties":{"id":44130,"nach":0.54117228841515153},"geometry":{"type":"LineString","coordinates":[[0.0916183,51.6142882],[0.0917528,51.6142237],[0.0918566,51.614138],[0.0920202,51.6139823]]}},
{"type":"Feature","properties":{"id":44139,"nach":0.3849448961081578},"geometry":{"type":"LineString","coordinates":[[0.0922168,51.6144985],[0.0916183,51.6142882]]}},
{"type":"Feature","properties":{"id":42364,"nach":0.42972330325836633},"geometry":{"type":"LineString","coordinates":[[0.093245,51.6007643],[0.0932314,51.6007855]]}},
{"type":"Feature","properties":{"id":42368,"nach":0.39432057132459647},"geometry":{"type":"LineString","coordinates":[[0.0933227,51.6008464],[0.0933007,51.6008015],[0.0932314,51.6007855]]}},
{"type":"Feature","properties":{"id":42365,"nach":0.29794179115192942},"geometry":{"type":"LineString","coordinates":[[0.093245,51.6007643],[0.0932761,51.6007157],[0.0933042,51.6006713],[0.0933655,51.6006157],[0.0934779,51.600584],[0.0936031,51.6005602],[0.0937921,51.6005459],[0.0955099,51.6009834]]}},
{"type":"Feature","properties":{"id":42366,"nach":0.39080114166968127},"geometry":{"type":"LineString","coordinates":[[0.093245,51.6007643],[0.0936333,51.6007149],[0.0936761,51.6007096]]}},
{"type":"Feature","properties":{"id":42369,"nach":0.14814860552662518},"geometry":{"type":"LineString","coordinates":[[0.0933227,51.6008464],[0.0935447,51.6007998],[0.093585,51.6007915],[0.0936145,51.6007915],[0.0936413,51.6007682],[0.0936761,51.6007096]]}},
{"type":"Feature","properties":{"id":42370,"nach":0.34508242747780293},"geometry":{"type":"LineString","coordinates":[[0.0934482,51.6011014],[0.0933227,51.6008464]]}},
{"type":"Feature","properties":{"id":42371,"nach":0.34480796391095508},"geometry":{"type":"LineString","coordinates":[[0.09377,51.600698199999989],[0.0936761,51.6007096]]}},
{"type":"Feature","properties":{"id":43214,"nach":0.3712578862640013},"geometry":{"type":"LineString","coordinates":[[0.0811952,51.6105692],[0.0811483,51.6106554],[0.0815899,51.6108375]]}},
{"type":"Feature","properties":{"id":43353,"nach":0.41218096770564328},"geometry":{"type":"LineString","coordinates":[[0.0945875,51.613837],[0.0944916,51.613969]]}},
{"type":"Feature","properties":{"id":43354,"nach":0.41150347015253713},"geometry":{"type":"LineString","coordinates":[[0.0945875,51.613837],[0.0947666,51.6135843]]}},
{"type":"Feature","properties":{"id":44126,"nach":0.39670827132949721},"geometry":{"type":"LineString","coordinates":[[0.0924046,51.6141065],[0.0920202,51.6139823]]}},
{"type":"Feature","properties":{"id":60272,"nach":0.37877903361906357},"geometry":{"type":"LineString","coordinates":[[0.0876511,51.6044017],[0.0877588,51.6042229],[0.0877863,51.6042004],[0.0878189,51.6041864],[0.0878998,51.6041732]]}},
{"type":"Feature","properties":{"id":47147,"nach":0.45788923669417458},"geometry":{"type":"LineString","coordinates":[[0.0866807,51.6070022],[0.0869837,51.6070467]]}},
{"type":"Feature","properties":{"id":47152,"nach":0.5310936556614414},"geometry":{"type":"LineString","coordinates":[[0.0866272,51.6071082],[0.0866807,51.6070022]]}},
{"type":"Feature","properties":{"id":57062,"nach":0.56680729308627842},"geometry":{"type":"LineString","coordinates":[[0.0863032,51.6068509],[0.0864073,51.6068887],[0.086536,51.606981],[0.0866807,51.6070022]]}},
{"type":"Feature","properties":{"id":47151,"nach":0.45640146874613252},"geometry":{"type":"LineString","coordinates":[[0.0866272,51.6071082],[0.0865494,51.6072738]]}},
{"type":"Feature","properties":{"id":47154,"nach":0.45544333049463975},"geometry":{"type":"LineString","coordinates":[[0.086818,51.6073034],[0.0868904,51.6071473],[0.0866272,51.6071082]]}},
{"type":"Feature","properties":{"id":57061,"nach":0.46207980847752189},"geometry":{"type":"LineString","coordinates":[[0.0863032,51.6068509],[0.0863892,51.6066395]]}},
{"type":"Feature","properties":{"id":47166,"nach":0.44977016323959679},"geometry":{"type":"LineString","coordinates":[[0.0890439,51.6083192],[0.088976,51.6085049]]}},
{"type":"Feature","properties":{"id":47168,"nach":0.44903591504946905},"geometry":{"type":"LineString","coordinates":[[0.0890439,51.6083192],[0.0889579,51.6083122],[0.0887771,51.6082969],[0.0887252,51.60847]]}},
{"type":"Feature","properties":{"id":47697,"nach":0.9440913409797822},"geometry":{"type":"LineString","coordinates":[[0.0836771,51.603826],[0.0837157,51.6037082],[0.0837239,51.6036559],[0.0837097,51.6035935]]}},
{"type":"Feature","properties":{"id":80004,"nach":0.9440913409797822},"geometry":{"type":"LineString","coordinates":[[0.0834239,51.6037187],[0.0834443,51.6036444],[0.0837097,51.6035935]]}},
{"type":"Feature","properties":{"id":56205,"nach":0.44223890730471438},"geometry":{"type":"LineString","coordinates":[[0.0917199,51.607984],[0.0917146,51.6079546]]}},
{"type":"Feature","properties":{"id":77884,"nach":0.49702519674352297},"geometry":{"type":"LineString","coordinates":[[0.0926443,51.6073439],[0.0928045,51.6073303],[0.0928156,51.6073024],[0.0928477,51.6072019],[0.0928921,51.6070714],[0.0929341,51.6069366],[0.0929604,51.6068651],[0.092996,51.6067843],[0.0930316,51.6066933],[0.093038,51.6066462],[0.093076,51.606647300000013],[0.0931118,51.6066484]]}},
{"type":"Feature","properties":{"id":77902,"nach":0.49190819333808417},"geometry":{"type":"LineString","coordinates":[[0.0930002,51.6088936],[0.0926443,51.6073439]]}},
{"type":"Feature","properties":{"id":64929,"nach":0.34821758682149484},"geometry":{"type":"LineString","coordinates":[[0.0919616,51.6078422],[0.0920784,51.6082657]]}},
{"type":"Feature","properties":{"id":64932,"nach":0.35206661646243292},"geometry":{"type":"LineString","coordinates":[[0.0922331,51.6078142],[0.0919616,51.6078422]]}},
{"type":"Feature","properties":{"id":77901,"nach":0.34299846200709677},"geometry":{"type":"LineString","coordinates":[[0.0930002,51.6088936],[0.0930153,51.6089596]]}},
{"type":"Feature","properties":{"id":77903,"nach":0.48312104324373562},"geometry":{"type":"LineString","coordinates":[[0.0930002,51.6088936],[0.0932493,51.608868],[0.0933276,51.608859599999988],[0.0933672,51.6088557]]}},
{"type":"Feature","properties":{"id":77941,"nach":0.33860294423272169},"geometry":{"type":"LineString","coordinates":[[0.092689,51.6089947],[0.0927566,51.6089542],[0.092809,51.6089404],[0.0928572,51.6089221],[0.0929512,51.60891010000001],[0.0930002,51.6088936]]}},
{"type":"Feature","properties":{"id":49386,"nach":0.38315677241819879},"geometry":{"type":"LineString","coordinates":[[0.0858941,51.6015138],[0.0860258,51.6012897]]}},
{"type":"Feature","properties":{"id":57941,"nach":0.38590774561037833},"geometry":{"type":"LineString","coordinates":[[0.0860591,51.6012331],[0.0860258,51.6012897]]}},
{"type":"Feature","properties":{"id":50392,"nach":0.43429600044566347},"geometry":{"type":"LineString","coordinates":[[0.0850717,51.6042778],[0.0849347,51.6045734]]}},
{"type":"Feature","properties":{"id":50396,"nach":0.57301939325469897},"geometry":{"type":"LineString","coordinates":[[0.0854492,51.6043472],[0.0850717,51.6042778]]}},
{"type":"Feature","properties":{"id":57930,"nach":0.43451557941330704},"geometry":{"type":"LineString","coordinates":[[0.0851971,51.6039856],[0.0850717,51.6042778]]}},
{"type":"Feature","properties":{"id":50397,"nach":0.42375493731786784},"geometry":{"type":"LineString","coordinates":[[0.0854492,51.6043472],[0.0853181,51.604646]]}},
{"type":"Feature","properties":{"id":50401,"nach":0.54510733813457446},"geometry":{"type":"LineString","coordinates":[[0.0858155,51.6044177],[0.0854492,51.6043472]]}},
{"type":"Feature","properties":{"id":57929,"nach":0.42426397073704664},"geometry":{"type":"LineString","coordinates":[[0.08557,51.6040539],[0.0854492,51.6043472]]}},
{"type":"Feature","properties":{"id":50402,"nach":0.41754285335148333},"geometry":{"type":"LineString","coordinates":[[0.0858155,51.6044177],[0.085687,51.6047057]]}},
{"type":"Feature","properties":{"id":50404,"nach":0.4167023664728351},"geometry":{"type":"LineString","coordinates":[[0.0859502,51.6041059],[0.0858155,51.6044177]]}},
{"type":"Feature","properties":{"id":50995,"nach":0.0},"geometry":{"type":"LineString","coordinates":[[0.0844584,51.6033686],[0.0845226,51.603405],[0.0848458,51.6034785],[0.0850291,51.6035186],[0.0851056,51.6035071],[0.0851647,51.6034194],[0.085144,51.6033927],[0.0850973,51.6033692],[0.0847108,51.603287],[0.0846245,51.6032797],[0.0845596,51.6033359],[0.0844584,51.6033686]]}},
{"type":"Feature","properties":{"id":51550,"nach":0.3332524548026124},"geometry":{"type":"LineString","coordinates":[[0.0879594,51.60121],[0.0873972,51.6022508]]}},
{"type":"Feature","properties":{"id":53056,"nach":0.45606119456051841},"geometry":{"type":"LineString","coordinates":[[0.0956684,51.604731599999987],[0.0956637,51.604691],[0.0956404,51.6046446],[0.0955797,51.6045852],[0.0955026,51.6045489]]}},
{"type":"Feature","properties":{"id":53096,"nach":0.44992638428464388},"geometry":{"type":"LineString","coordinates":[[0.0934664,51.6037416],[0.0934837,51.6038025]]}},
{"type":"Feature","properties":{"id":53097,"nach":0.44865556995045747},"geometry":{"type":"LineString","coordinates":[[0.0935612,51.6037209],[0.093584,51.603791600000015],[0.0934837,51.6038025]]}},
{"type":"Feature","properties":{"id":58304,"nach":0.44365830663481348},"geometry":{"type":"LineString","coordinates":[[0.0908713,51.607493],[0.090951,51.6074773],[0.0912457,51.60752930000001]]}},
{"type":"Feature","properties":{"id":57270,"nach":0.43041172261879934},"geometry":{"type":"LineString","coordinates":[[0.0811462,51.6085194],[0.0808436,51.6084797]]}},
{"type":"Feature","properties":{"id":57271,"nach":0.42918358603135626},"geometry":{"type":"LineString","coordinates":[[0.0811462,51.6085194],[0.0814692,51.608563],[0.0815639,51.6085758]]}},
{"type":"Feature","properties":{"id":58067,"nach":0.50715386106988036},"geometry":{"type":"LineString","coordinates":[[0.0812793,51.6081389],[0.0811721,51.6084404],[0.0811462,51.6085194]]}},
{"type":"Feature","properties":{"id":58069,"nach":0.2194099721204123},"geometry":{"type":"LineString","coordinates":[[0.0812793,51.6081389],[0.0813095,51.6081426],[0.0823444,51.6082692],[0.0824148,51.6082792],[0.0824618,51.6082966],[0.0824953,51.6083266]]}},
{"type":"Feature","properties":{"id":58072,"nach":0.0},"geometry":{"type":"LineString","coordinates":[[0.0825335,51.6081713],[0.082498,51.6081938],[0.0824604,51.6082017],[0.0824202,51.6082067],[0.0823491,51.608199200000023],[0.0808551,51.6080155],[0.0807908,51.6080068],[0.0807613,51.608013],[0.0807492,51.608026],[0.0806694,51.6083158],[0.0808605,51.608342],[0.080943,51.608098],[0.0812421,51.6081344],[0.0812793,51.6081389]]}},
{"type":"Feature","properties":{"id":57917,"nach":0.41278539193551972},"geometry":{"type":"LineString","coordinates":[[0.079639,51.6053415],[0.079602,51.6054631],[0.0795752,51.6055364],[0.0795282,51.6055789],[0.0794438,51.60562130000001],[0.0792922,51.6056763]]}},
{"type":"Feature","properties":{"id":57918,"nach":0.51791791845094426},"geometry":{"type":"LineString","coordinates":[[0.079639,51.6053415],[0.0786042,51.60518410000001],[0.0785264,51.605194],[0.0783917,51.605247]]}},
{"type":"Feature","properties":{"id":58022,"nach":0.0},"geometry":{"type":"LineString","coordinates":[[0.0829082,51.6092767],[0.08305,51.6092711],[0.0830568,51.60925610000001],[0.0829448,51.6092037],[0.0829082,51.6092767]]}},
{"type":"Feature","properties":{"id":58078,"nach":0.36255421511314412},"geometry":{"type":"LineString","coordinates":[[0.0782413,51.6062606],[0.0781433,51.6062468]]}},
{"type":"Feature","properties":{"id":58108,"nach":0.4827512387584908},"geometry":{"type":"LineString","coordinates":[[0.0778617,51.6059675],[0.0781433,51.6062468]]}},
{"type":"Feature","properties":{"id":58077,"nach":0.50516950650823866},"geometry":{"type":"LineString","coordinates":[[0.0782413,51.6062606],[0.0783269,51.6062725]]}},
{"type":"Feature","properties":{"id":58093,"nach":0.49337024896818321},"geometry":{"type":"LineString","coordinates":[[0.0783169,51.6059839],[0.0783724,51.606042399999986],[0.0782413,51.6062606]]}},
{"type":"Feature","properties":{"id":58116,"nach":0.46475594531385361},"geometry":{"type":"LineString","coordinates":[[0.0778831,51.605906200000014],[0.0778617,51.6059675]]}},
{"type":"Feature","properties":{"id":58096,"nach":0.41865419824226674},"geometry":{"type":"LineString","coordinates":[[0.0789639,51.6060209],[0.0783269,51.6062725]]}},
{"type":"Feature","properties":{"id":58103,"nach":0.41735841797442841},"geometry":{"type":"LineString","coordinates":[[0.0789807,51.6059674],[0.0789639,51.6060209]]}},
{"type":"Feature","properties":{"id":58064,"nach":0.46080708826839306},"geometry":{"type":"LineString","coordinates":[[0.0824953,51.6083266],[0.0825087,51.6083624]]}},
{"type":"Feature","properties":{"id":58092,"nach":0.48967902065272811},"geometry":{"type":"LineString","coordinates":[[0.0783169,51.6059839],[0.0782583,51.6059221]]}},
{"type":"Feature","properties":{"id":58114,"nach":0.39778950463991131},"geometry":{"type":"LineString","coordinates":[[0.0778831,51.605906200000014],[0.0782583,51.6059221]]}},
{"type":"Feature","properties":{"id":58087,"nach":0.48887396965178159},"geometry":{"type":"LineString","coordinates":[[0.078483,51.605835899999988],[0.0782583,51.6059221]]}},
{"type":"Feature","properties":{"id":58115,"nach":0.40760680128025939},"geometry":{"type":"LineString","coordinates":[[0.0778831,51.605906200000014],[0.077899,51.6058491]]}},
{"type":"Feature","properties":{"id":58117,"nach":0.46685451333822969},"geometry":{"type":"LineString","coordinates":[[0.0786255,51.605611299999985],[0.078483,51.605835899999988]]}},
{"type":"Feature","properties":{"id":58094,"nach":0.42545027524861645},"geometry":{"type":"LineString","coordinates":[[0.0785425,51.60589490000001],[0.078483,51.605835899999988]]}},
{"type":"Feature","properties":{"id":58127,"nach":0.4550862007381854},"geometry":{"type":"LineString","coordinates":[[0.0787134,51.6056254],[0.0786255,51.605611299999985]]}},
{"type":"Feature","properties":{"id":58124,"nach":0.37227273966616048},"geometry":{"type":"LineString","coordinates":[[0.0785393,51.6055974],[0.0786255,51.605611299999985]]}},
{"type":"Feature","properties":{"id":58104,"nach":0.35125322299385459},"geometry":{"type":"LineString","coordinates":[[0.0789807,51.6059674],[0.0786037,51.605955400000013],[0.0785425,51.60589490000001]]}},
{"type":"Feature","properties":{"id":58126,"nach":0.45560946490824367},"geometry":{"type":"LineString","coordinates":[[0.0787134,51.6056254],[0.0790016,51.6059073]]}},
{"type":"Feature","properties":{"id":58102,"nach":0.38727543843711248},"geometry":{"type":"LineString","coordinates":[[0.0789807,51.6059674],[0.0790016,51.6059073]]}},
{"type":"Feature","properties":{"id":58123,"nach":0.40544683503358653},"geometry":{"type":"LineString","coordinates":[[0.0785393,51.6055974],[0.077899,51.6058491]]}},
{"type":"Feature","properties":{"id":67627,"nach":0.45895226250056143},"geometry":{"type":"LineString","coordinates":[[0.0828322,51.607585899999982],[0.0829812,51.6076118],[0.0831454,51.607643100000011],[0.0833783,51.6076853],[0.0837802,51.6077508],[0.0838662,51.6077456],[0.0839481,51.6076359]]}},
{"type":"Feature","properties":{"id":64789,"nach":0.40319789296733805},"geometry":{"type":"LineString","coordinates":[[0.0877985,51.6035092],[0.0880386,51.6031095],[0.0880485,51.6030717]]}},
{"type":"Feature","properties":{"id":64788,"nach":0.4126814395184375},"geometry":{"type":"LineString","coordinates":[[0.0881253,51.602913],[0.0880601,51.6030143],[0.0880508,51.6030443],[0.0880485,51.6030717]]}},
{"type":"Feature","properties":{"id":66309,"nach":0.39290771505351979},"geometry":{"type":"LineString","coordinates":[[0.0893522,51.6132783],[0.0892493,51.6133835],[0.0892443,51.6134123],[0.0892825,51.6134371],[0.0896793,51.6135505],[0.0897357,51.6135463]]}},
{"type":"Feature","properties":{"id":66310,"nach":0.39925765440061373},"geometry":{"type":"LineString","coordinates":[[0.0898586,51.6136154],[0.0897407,51.613569],[0.0897357,51.6135463]]}},
{"type":"Feature","properties":{"id":80049,"nach":0.37948914936232231},"geometry":{"type":"LineString","coordinates":[[0.0772835,51.6048743],[0.0774526,51.6049472],[0.0779558,51.6054411]]}},
{"type":"Feature","properties":{"id":76278,"nach":0.43587490752130359},"geometry":{"type":"LineString","coordinates":[[0.0847444,51.603118],[0.0847632,51.6031214],[0.0847873,51.603168]]}},
{"type":"Feature","properties":{"id":80005,"nach":0.42606408778001736},"geometry":{"type":"LineString","coordinates":[[0.0851776,51.6029485],[0.0852083,51.6031032],[0.0849332,51.6031054],[0.0847444,51.603118]]}},
{"type":"Feature","properties":{"id":76729,"nach":0.25737421632032376},"geometry":{"type":"LineString","coordinates":[[0.0830019,51.6121247],[0.083097,51.612149399999986]]}},
{"type":"Feature","properties":{"id":76731,"nach":0.46454570109668858},"geometry":{"type":"LineString","coordinates":[[0.0827148,51.612731900000014],[0.083097,51.612149399999986]]}},
{"type":"Feature","properties":{"id":76730,"nach":0.3988635906337904},"geometry":{"type":"LineString","coordinates":[[0.0830019,51.6121247],[0.0826166,51.612703]]}},
{"type":"Feature","properties":{"id":76733,"nach":0.075249275208790656},"geometry":{"type":"LineString","coordinates":[[0.0826166,51.612703],[0.0827148,51.612731900000014]]}},
{"type":"Feature","properties":{"id":77851,"nach":0.32344889198006649},"geometry":{"type":"LineString","coordinates":[[0.0939944,51.6064588],[0.0939977,51.6063255],[0.0939904,51.6062735],[0.0939964,51.606174],[0.0940058,51.6060207],[0.0938851,51.60591740000001]]}},
{"type":"Feature","properties":{"id":77870,"nach":0.34042568702822612},"geometry":{"type":"LineString","coordinates":[[0.0936895,51.606143100000011],[0.0937389,51.6059964],[0.0937644,51.6059293],[0.0938419,51.6057729],[0.0938755,51.6057762],[0.0939327,51.6057825],[0.0938851,51.60591740000001]]}},
{"type":"Feature","properties":{"id":77853,"nach":0.3085385665336689},"geometry":{"type":"LineString","coordinates":[[0.0939963,51.606762800000013],[0.0939635,51.6066346],[0.0939213,51.606459599999987],[0.0938891,51.6063172],[0.0938596,51.6061919],[0.0938556,51.6061169],[0.0938549,51.6060128],[0.0938851,51.60591740000001]]}},
{"type":"Feature","properties":{"id":77871,"nach":0.41134055854968177},"geometry":{"type":"LineString","coordinates":[[0.0936895,51.606143100000011],[0.0936466,51.6062725],[0.0935988,51.606403900000011]]}},
{"type":"Feature","properties":{"id":77873,"nach":0.33776066287506001},"geometry":{"type":"LineString","coordinates":[[0.0937498,51.6062525],[0.0937649,51.6061531],[0.0937444,51.6061504],[0.0937337,51.606149],[0.0936895,51.606143100000011]]}},
{"type":"Feature","properties":{"id":77856,"nach":0.41436961481960899},"geometry":{"type":"LineString","coordinates":[[0.0942361,51.606643],[0.0942117,51.6066472],[0.0941706,51.606651700000015],[0.094133,51.6066541],[0.0941568,51.6067491],[0.094131,51.60675160000001],[0.0940766,51.60675650000001],[0.0940266,51.6067601],[0.0939963,51.606762800000013]]}},
{"type":"Feature","properties":{"id":77861,"nach":0.41097706297889447},"geometry":{"type":"LineString","coordinates":[[0.0936103,51.6067902],[0.0936423,51.6067886],[0.0936841,51.6067863],[0.0937491,51.6067823],[0.0937967,51.6067785],[0.0938463,51.6067749],[0.0938974,51.6067711],[0.0939644,51.6067657],[0.0939963,51.606762800000013]]}},
{"type":"Feature","properties":{"id":77858,"nach":0.32538281204765884},"geometry":{"type":"LineString","coordinates":[[0.0941518,51.60638740000001],[0.0941975,51.6064834],[0.0942514,51.6065948],[0.0942361,51.606643]]}},
{"type":"Feature","properties":{"id":77890,"nach":0.40559164099514516},"geometry":{"type":"LineString","coordinates":[[0.0948748,51.609206],[0.0948785,51.6091431],[0.0948772,51.6090594],[0.0948638,51.608932799999984],[0.0948115,51.6087142],[0.0947397,51.6084256],[0.0946874,51.6082227],[0.0947043,51.6082204],[0.0946802,51.6081446],[0.0946587,51.6081475],[0.0945805,51.6078502],[0.0945356,51.6076719],[0.0944819,51.607458],[0.0944334,51.607256],[0.0943809,51.6070418],[0.0943353,51.606868099999986],[0.0943126,51.6067931],[0.094267,51.6066626],[0.0942361,51.606643]]}},
{"type":"Feature","properties":{"id":77863,"nach":0.42379333881112463},"geometry":{"type":"LineString","coordinates":[[0.0936156,51.6067091],[0.0936103,51.6067902]]}},
{"type":"Feature","properties":{"id":77862,"nach":0.33657639451681898},"geometry":{"type":"LineString","coordinates":[[0.0936121,51.6068885],[0.0936098,51.6068253],[0.0936103,51.6067902]]}},
{"type":"Feature","properties":{"id":77889,"nach":0.39791526323589066},"geometry":{"type":"LineString","coordinates":[[0.0948748,51.609206],[0.0948725,51.6092451],[0.0948685,51.609385],[0.0948463,51.6094983],[0.0948141,51.6096332],[0.094788,51.609734],[0.0947578,51.6098156],[0.0947256,51.6098777]]}},
{"type":"Feature","properties":{"id":77893,"nach":0.33866137611921887},"geometry":{"type":"LineString","coordinates":[[0.0940243,51.609231800000018],[0.0940641,51.6092314],[0.0941297,51.6092249],[0.0941835,51.6092193],[0.0942434,51.609213],[0.0942984,51.6092071],[0.0943583,51.6092013],[0.0944187,51.6091957],[0.0944698,51.6091903],[0.0945323,51.6091837],[0.0945872,51.6091783],[0.0946545,51.6091715],[0.0947062,51.609166300000012],[0.0947627,51.6091606],[0.0947956,51.6091576],[0.0948013,51.6092069],[0.0948304,51.609206],[0.0948434,51.609206],[0.0948748,51.609206]]}},
{"type":"Feature","properties":{"id":77866,"nach":0.33592384590446739},"geometry":{"type":"LineString","coordinates":[[0.0936501,51.6064761],[0.0936364,51.6065736],[0.0936258,51.6066432],[0.0936156,51.6067091]]}},
{"type":"Feature","properties":{"id":77868,"nach":0.43446342958119649},"geometry":{"type":"LineString","coordinates":[[0.0935988,51.606403900000011],[0.0935576,51.6065072],[0.093536,51.6065778],[0.0935222,51.6066346],[0.0935094,51.6067039],[0.0935372,51.606705],[0.0935852,51.6067058],[0.0936156,51.6067091]]}},
{"type":"Feature","properties":{"id":77876,"nach":0.47001126727896952},"geometry":{"type":"LineString","coordinates":[[0.0933338,51.6066561],[0.0933285,51.6065801],[0.0933238,51.606526],[0.0933212,51.6064542],[0.0933249,51.606392],[0.0933584,51.6063926],[0.0934362,51.6063931],[0.0934895,51.6063948],[0.0935342,51.6063972],[0.0935988,51.606403900000011]]}},
{"type":"Feature","properties":{"id":77875,"nach":0.3468337151167919},"geometry":{"type":"LineString","coordinates":[[0.0933338,51.6066561],[0.093336,51.6066873],[0.0933422,51.6067474],[0.0933918,51.6068364],[0.0934191,51.6069458],[0.0934511,51.6070714]]}},
{"type":"Feature","properties":{"id":77879,"nach":0.48481627958290352},"geometry":{"type":"LineString","coordinates":[[0.0931118,51.6066484],[0.0931475,51.6066495],[0.0932267,51.6066523],[0.0933338,51.6066561]]}},
{"type":"Feature","properties":{"id":77881,"nach":0.34870845771878189},"geometry":{"type":"LineString","coordinates":[[0.0930782,51.60705140000001],[0.0930924,51.6068685],[0.093103,51.6067349],[0.0931118,51.6066484]]}},
{"type":"Feature","properties":{"id":77888,"nach":0.30966774320846013},"geometry":{"type":"LineString","coordinates":[[0.0945508,51.6103961],[0.0945747,51.6103091],[0.0946051,51.6101978],[0.0946664,51.6100028],[0.0947256,51.6098777]]}},
{"type":"Feature","properties":{"id":77928,"nach":0.41095283752200207},"geometry":{"type":"LineString","coordinates":[[0.0945777,51.6098444],[0.0945944,51.6098581],[0.0946205,51.6098625],[0.0946412,51.60986470000001],[0.0946952,51.6098721],[0.0947256,51.6098777]]}},
{"type":"Feature","properties":{"id":77929,"nach":0.4209873291769507},"geometry":{"type":"LineString","coordinates":[[0.0945777,51.6098444],[0.0945683,51.6098348],[0.094569,51.609822299999983]]}},
{"type":"Feature","properties":{"id":77930,"nach":0.31338576886017849},"geometry":{"type":"LineString","coordinates":[[0.0945629,51.6099876],[0.0945777,51.6098444]]}},
{"type":"Feature","properties":{"id":77896,"nach":0.37642298874550134},"geometry":{"type":"LineString","coordinates":[[0.0939003,51.609004600000013],[0.0939364,51.6091321],[0.0939674,51.60922140000001],[0.0940243,51.609231800000018]]}},
{"type":"Feature","properties":{"id":77905,"nach":0.32258586852834858},"geometry":{"type":"LineString","coordinates":[[0.094139,51.609556100000013],[0.094111,51.6094919],[0.0940865,51.6094361],[0.0940654,51.609369],[0.0940392,51.60928530000001],[0.0940243,51.609231800000018]]}},
{"type":"Feature","properties":{"id":77907,"nach":0.39685088413407188},"geometry":{"type":"LineString","coordinates":[[0.0936301,51.6090373],[0.0936589,51.6090341],[0.0937361,51.609025],[0.0937988,51.6090177],[0.0938676,51.6090096],[0.0939003,51.609004600000013]]}},
{"type":"Feature","properties":{"id":77900,"nach":0.0},"geometry":{"type":"LineString","coordinates":[[0.0933672,51.6088557],[0.0934067,51.6088513],[0.0934758,51.6088445],[0.0935468,51.608837],[0.0936051,51.6088308],[0.0936839,51.6088228],[0.0937436,51.6088167],[0.0938157,51.6088098],[0.0938494,51.6088068],[0.0938794,51.6089145],[0.0939003,51.609004600000013]]}},
{"type":"Feature","properties":{"id":77906,"nach":0.48009124558499622},"geometry":{"type":"LineString","coordinates":[[0.0936301,51.6090373],[0.0936012,51.6090405],[0.093537,51.609047800000013],[0.0934634,51.609055700000013],[0.0934308,51.6090587],[0.0933982,51.608956],[0.0933672,51.6088557]]}},
{"type":"Feature","properties":{"id":77911,"nach":0.4679199450219072},"geometry":{"type":"LineString","coordinates":[[0.0938944,51.6094425],[0.093832,51.6093809],[0.0937784,51.6093197],[0.0937267,51.609251],[0.0936791,51.6091656],[0.0936523,51.6091031],[0.0936301,51.6090373]]}},
{"type":"Feature","properties":{"id":77912,"nach":0.4590794787823162},"geometry":{"type":"LineString","coordinates":[[0.0940225,51.609568700000011],[0.0938944,51.6094425]]}},
{"type":"Feature","properties":{"id":77923,"nach":0.32697743911545646},"geometry":{"type":"LineString","coordinates":[[0.0938159,51.6094633],[0.0938944,51.6094425]]}},
{"type":"Feature","properties":{"id":77922,"nach":0.32455464910059184},"geometry":{"type":"LineString","coordinates":[[0.0939621,51.6096441],[0.0940225,51.609568700000011]]}},
{"type":"Feature","properties":{"id":77916,"nach":0.45225768526667898},"geometry":{"type":"LineString","coordinates":[[0.0942344,51.60980940000001],[0.0941753,51.609739],[0.0940989,51.6096538],[0.0940225,51.609568700000011]]}},
{"type":"Feature","properties":{"id":77919,"nach":0.43942828023221253},"geometry":{"type":"LineString","coordinates":[[0.0942625,51.609841],[0.0942344,51.60980940000001]]}},
{"type":"Feature","properties":{"id":77933,"nach":0.4153490426138956},"geometry":{"type":"LineString","coordinates":[[0.0941006,51.6098719],[0.0941299,51.6098618],[0.0941608,51.6098466],[0.0941847,51.6098241],[0.0942344,51.60980940000001]]}},
{"type":"Feature","properties":{"id":77921,"nach":0.31951145310554946},"geometry":{"type":"LineString","coordinates":[[0.0943349,51.6099776],[0.0942625,51.609841]]}},
{"type":"Feature","properties":{"id":77925,"nach":0.42858606903837376},"geometry":{"type":"LineString","coordinates":[[0.094569,51.609822299999983],[0.0945294,51.6098186],[0.0945144,51.609819],[0.0944593,51.609823],[0.0944054,51.6098272],[0.0943596,51.6098308],[0.0943074,51.6098353],[0.0942881,51.6098376],[0.0942625,51.609841]]}},
{"type":"Feature","properties":{"id":77934,"nach":0.30804895813982935},"geometry":{"type":"LineString","coordinates":[[0.0941006,51.6098719],[0.0941205,51.6098966],[0.0941695,51.6099618],[0.094225,51.6100485],[0.0942728,51.6101732],[0.0942962,51.6102286],[0.094344,51.610303],[0.0943528,51.610374700000015],[0.094354,51.6104929],[0.0943447,51.610571199999988],[0.0943716,51.6105725],[0.094409,51.610574700000015],[0.0944205,51.6105226],[0.094438,51.6104063]]}},
{"type":"Feature","properties":{"id":77937,"nach":0.38248784375366318},"geometry":{"type":"LineString","coordinates":[[0.0937784,51.6096214],[0.0938893,51.6096874],[0.0939652,51.609744],[0.0940399,51.6098096],[0.0941006,51.6098719]]}},
{"type":"Feature","properties":{"id":77931,"nach":0.31565735699465086},"geometry":{"type":"LineString","coordinates":[[0.0945877,51.6097432],[0.0945763,51.609756900000015],[0.094569,51.609822299999983]]}},
{"type":"Feature","properties":{"id":77939,"nach":0.31184722409409199},"geometry":{"type":"LineString","coordinates":[[0.0937472,51.6095194],[0.0938281,51.609592],[0.093808,51.6096059],[0.0937984,51.6096109],[0.0937784,51.6096214]]}},
{"type":"Feature","properties":{"id":77940,"nach":0.30918212764615105},"geometry":{"type":"LineString","coordinates":[[0.0933574,51.609406],[0.093487,51.6094859],[0.0935764,51.6095266],[0.0936932,51.609579],[0.0937784,51.6096214]]}},
{"type":"Feature","properties":{"id":80073,"nach":0.46559212185355336},"geometry":{"type":"LineString","coordinates":[[0.0831303,51.6055691],[0.083007,51.6055489]]}}
]
}
